	sent_nr	word_pos	sent_pos	last_word	token	sent_has_unresolved	distance	subj_nr	rt_ff	rt_fp	rt_rb	rt_gp	spill_ff	spill_fp	spill_rb	spill_gp	inverse_distance	clean_token	reflexive	ana_category	multiple_drefs	word_length	num_prev_anas	resolved	target_skipped
41	3	4	18	0	his	True	-3	1	0	0	0	0	168	168	468	1720	-3	his	False	P	False	3	1	1	1
42	3	4	166	0	his	True	-3	2	152	152	152	276	316	316	316	316	-3	his	False	P	False	3	1	1	0
44	3	4	36	0	his	True	-3	4	264	264	780	916	216	216	216	216	-3	his	False	P	False	3	1	1	0
45	3	4	148	0	his	True	-3	5	0	0	0	0	244	244	244	1452	-3	his	False	P	False	3	1	1	1
46	3	4	137	0	his	True	-3	6	0	0	0	0	208	208	208	568	-3	his	False	P	False	3	1	1	1
47	3	4	48	0	his	True	-3	7	168	168	168	704	208	208	940	2716	-3	his	False	P	False	3	1	1	0
48	3	4	7	0	his	True	-3	8	276	276	428	784	148	148	148	1024	-3	his	False	P	False	3	1	1	0
49	3	4	127	0	his	True	-3	10	0	0	0	0	272	272	272	1116	-3	his	False	P	False	3	1	1	1
50	3	4	135	0	his	True	-3	11	260	260	260	260	252	252	252	252	-3	his	False	P	False	3	1	1	0
51	3	4	164	0	his	True	-3	12	192	192	192	192	200	200	432	1236	-3	his	False	P	False	3	1	1	0
52	3	4	46	0	his	True	-3	13	0	0	0	0	172	376	376	376	-3	his	False	P	False	3	1	1	1
53	3	4	48	0	his	True	-3	14	176	176	176	176	156	156	156	156	-3	his	False	P	False	3	1	1	0
54	3	4	13	0	his	True	-3	15	200	360	360	584	96	96	96	96	-3	his	False	P	False	3	1	1	0
55	3	4	22	0	his	True	-3	16	220	428	428	428	336	1232	1232	1232	-3	his	False	P	False	3	1	1	0
56	3	4	23	0	his	True	-3	17	0	0	0	0	204	204	540	1372	-3	his	False	P	False	3	1	1	1
57	3	4	181	0	his	True	-3	18	0	0	0	0	304	304	304	304	-3	his	False	P	False	3	1	1	1
59	3	4	57	0	his	True	-3	20	212	212	296	464	220	220	220	448	-3	his	False	P	False	3	1	1	0
60	3	4	123	0	his	True	-3	21	0	0	0	0	36	204	420	812	-3	his	False	P	False	3	1	1	1
61	3	4	146	0	his	True	-3	22	0	0	0	0	228	228	228	372	-3	his	False	P	False	3	1	1	1
62	3	4	50	0	his	True	-3	23	176	176	176	176	368	840	840	1020	-3	his	False	P	False	3	1	1	0
63	3	4	3	0	his	True	-3	24	0	0	0	0	140	140	336	1468	-3	his	False	P	False	3	1	1	1
64	3	4	140	0	his	True	-3	25	260	260	260	260	164	164	164	164	-3	his	False	P	False	3	1	1	0
65	3	4	45	0	his	True	-3	27	140	140	140	776	332	332	332	332	-3	his	False	P	False	3	1	1	0
66	3	4	88	0	his	True	-3	28	0	0	0	0	176	176	384	548	-3	his	False	P	False	3	1	1	1
67	3	4	176	0	his	True	-3	29	0	0	0	0	156	156	288	448	-3	his	False	P	False	3	1	1	1
68	3	4	151	0	his	True	-3	30	164	164	164	164	192	192	192	192	-3	his	False	P	False	3	1	1	0
69	3	4	57	0	his	True	-3	31	152	152	152	220	104	188	188	188	-3	his	False	P	False	3	1	1	0
70	3	4	156	0	his	True	-3	32	164	164	164	164	272	272	272	524	-3	his	False	P	False	3	1	1	0
71	3	4	43	0	his	True	-3	33	0	0	0	0	176	176	736	1784	-3	his	False	P	False	3	1	1	1
73	3	4	29	0	his	True	-3	35	188	188	188	188	476	636	636	636	-3	his	False	P	False	3	1	1	0
74	3	4	150	0	his	True	-3	36	0	0	0	0	168	168	168	452	-3	his	False	P	False	3	1	1	1
75	3	4	194	0	his	True	-3	37	88	368	576	1068	188	188	188	188	-3	his	False	P	False	3	1	1	0
76	3	4	114	0	his	True	-3	38	216	216	216	360	188	188	188	348	-3	his	False	P	False	3	1	1	0
77	3	4	38	0	his	True	-3	39	0	0	0	0	160	160	296	700	-3	his	False	P	False	3	1	1	1
79	3	4	185	0	his	True	-3	41	212	212	428	1172	148	148	148	148	-3	his	False	P	False	3	1	1	0
80	3	4	108	0	his	True	-3	42	0	0	0	0	296	296	296	768	-3	his	False	P	False	3	1	1	1
81	3	4	116	0	his	True	-3	43	0	0	0	0	188	188	312	716	-3	his	False	P	False	3	1	1	1
201	16	3	15	0	his	False	-2	1	260	260	260	260	164	164	164	164	-2	his	False	P	False	3	0	1	0
202	16	3	101	0	his	False	-2	2	136	136	136	136	128	128	128	128	-2	his	False	P	False	3	0	1	0
203	16	3	59	0	his	False	-2	3	168	168	168	168	248	248	248	248	-2	his	False	P	False	3	0	1	0
204	16	3	148	0	his	False	-2	4	148	148	148	148	332	332	332	332	-2	his	False	P	False	3	0	1	0
205	16	3	72	0	his	False	-2	5	164	164	164	164	192	192	192	192	-2	his	False	P	False	3	0	1	0
208	16	3	22	0	his	False	-2	8	196	196	196	196	140	140	140	140	-2	his	False	P	False	3	0	1	0
209	16	3	5	0	his	False	-2	9	196	196	196	196	164	164	164	164	-2	his	False	P	False	3	0	1	0
210	16	3	86	0	his	False	-2	10	156	156	156	156	68	68	68	68	-2	his	False	P	False	3	0	1	0
211	16	3	16	0	his	False	-2	11	136	136	136	136	216	216	216	216	-2	his	False	P	False	3	0	1	0
216	16	3	113	0	his	False	-2	16	212	212	212	212	164	164	164	164	-2	his	False	P	False	3	0	1	0
217	16	3	158	0	his	False	-2	17	0	0	0	0	212	212	212	516	-2	his	False	P	False	3	0	1	1
218	16	3	45	0	his	False	-2	18	252	252	252	252	136	136	136	136	-2	his	False	P	False	3	0	1	0
219	16	3	8	0	his	False	-2	19	160	160	160	160	236	236	236	236	-2	his	False	P	False	3	0	1	0
220	16	3	204	0	his	False	-2	20	0	0	0	0	192	192	192	192	-2	his	False	P	False	3	0	1	1
221	16	3	55	0	his	False	-2	21	212	212	400	708	120	120	120	120	-2	his	False	P	False	3	0	1	0
223	16	3	103	0	his	False	-2	23	132	288	288	288	264	264	264	264	-2	his	False	P	False	3	0	1	0
224	16	3	40	0	his	False	-2	24	160	160	160	160	204	204	204	204	-2	his	False	P	False	3	0	1	0
225	16	3	166	0	his	False	-2	25	136	136	136	136	148	148	148	148	-2	his	False	P	False	3	0	1	0
226	16	3	26	0	his	False	-2	27	72	72	72	552	300	300	300	300	-2	his	False	P	False	3	0	1	0
228	16	3	97	0	his	False	-2	29	180	180	180	180	188	188	188	188	-2	his	False	P	False	3	0	1	0
229	16	3	70	0	his	False	-2	30	276	276	488	744	212	212	212	212	-2	his	False	P	False	3	0	1	0
230	16	3	136	0	his	False	-2	31	144	144	144	144	120	120	120	120	-2	his	False	P	False	3	0	1	0
231	16	3	41	0	his	False	-2	32	184	184	184	184	200	200	200	200	-2	his	False	P	False	3	0	1	0
232	16	3	2	0	his	False	-2	33	188	188	188	188	136	136	136	136	-2	his	False	P	False	3	0	1	0
233	16	3	92	0	his	False	-2	34	220	220	220	432	212	424	424	424	-2	his	False	P	False	3	0	1	0
234	16	3	35	0	his	False	-2	35	0	0	0	0	164	320	320	320	-2	his	False	P	False	3	0	1	1
235	16	3	186	0	his	False	-2	36	180	180	180	180	252	252	252	656	-2	his	False	P	False	3	0	1	0
236	16	3	49	0	his	False	-2	37	212	212	212	212	128	128	128	128	-2	his	False	P	False	3	0	1	0
237	16	3	182	0	his	False	-2	38	0	0	0	0	200	200	200	448	-2	his	False	P	False	3	0	1	1
238	16	3	47	0	his	False	-2	39	0	0	0	0	312	312	312	312	-2	his	False	P	False	3	0	1	1
240	16	3	23	0	his	False	-2	41	0	0	0	0	156	316	316	316	-2	his	False	P	False	3	0	1	1
241	16	3	98	0	his	False	-2	42	0	0	0	0	264	264	264	264	-2	his	False	P	False	3	0	1	1
242	16	3	54	0	his	False	-2	43	0	0	0	0	220	220	220	220	-2	his	False	P	False	3	0	1	1
243	17	4	158	0	his	False	-3	1	188	344	344	344	136	136	136	136	-3	his	False	P	False	3	0	1	0
245	17	4	122	0	his	False	-3	3	144	144	144	312	184	184	184	184	-3	his	False	P	False	3	0	1	0
246	17	4	5	0	his	False	-3	4	88	172	172	172	288	288	476	640	-3	his	False	P	False	3	0	1	0
247	17	4	105	0	his	False	-3	5	0	0	0	0	256	256	256	256	-3	his	False	P	False	3	0	1	1
248	17	4	86	0	his	False	-3	6	184	184	184	184	444	444	444	444	-3	his	False	P	False	3	0	1	0
249	17	4	121	0	his	False	-3	7	0	0	0	0	88	88	88	88	-3	his	False	P	False	3	0	1	1
250	17	4	51	0	his	False	-3	8	196	196	196	196	248	248	248	516	-3	his	False	P	False	3	0	1	0
252	17	4	37	0	his	False	-3	11	124	124	124	124	132	132	132	132	-3	his	False	P	False	3	0	1	0
253	17	4	143	0	his	False	-3	12	224	224	224	576	116	116	116	116	-3	his	False	P	False	3	0	1	0
254	17	4	52	0	his	False	-3	13	208	208	208	208	168	168	168	168	-3	his	False	P	False	3	0	1	0
255	17	4	22	0	his	False	-3	14	208	208	208	208	216	216	216	216	-3	his	False	P	False	3	0	1	0
256	17	4	119	0	his	False	-3	15	0	0	0	0	496	496	496	496	-3	his	False	P	False	3	0	1	1
257	17	4	169	0	his	False	-3	16	240	412	412	412	216	464	464	464	-3	his	False	P	False	3	0	1	0
258	17	4	86	0	his	False	-3	17	292	292	292	292	172	308	308	308	-3	his	False	P	False	3	0	1	0
260	17	4	205	0	his	False	-3	19	244	244	244	244	168	168	344	812	-3	his	False	P	False	3	0	1	0
261	17	4	116	0	his	False	-3	20	0	0	0	0	200	200	200	200	-3	his	False	P	False	3	0	1	1
262	17	4	189	0	his	False	-3	21	0	0	0	0	272	420	420	420	-3	his	False	P	False	3	0	1	1
263	17	4	52	0	his	False	-3	22	288	288	288	288	196	196	196	196	-3	his	False	P	False	3	0	1	0
264	17	4	75	0	his	False	-3	23	184	184	184	184	200	200	200	200	-3	his	False	P	False	3	0	1	0
265	17	4	14	0	his	False	-3	24	0	0	0	0	156	156	312	708	-3	his	False	P	False	3	0	1	1
266	17	4	103	0	his	False	-3	25	164	316	316	316	192	192	192	192	-3	his	False	P	False	3	0	1	0
267	17	4	195	0	his	False	-3	27	228	228	228	228	28	28	212	428	-3	his	False	P	False	3	0	1	0
268	17	4	77	0	his	False	-3	28	140	140	268	544	160	160	160	160	-3	his	False	P	False	3	0	1	0
269	17	4	31	0	his	False	-3	29	0	0	0	0	144	144	300	1096	-3	his	False	P	False	3	0	1	1
270	17	4	133	0	his	False	-3	30	0	0	0	0	292	292	292	488	-3	his	False	P	False	3	0	1	1
271	17	4	138	0	his	False	-3	31	0	0	0	0	128	128	128	128	-3	his	False	P	False	3	0	1	1
272	17	4	138	0	his	False	-3	32	208	444	444	720	168	168	168	168	-3	his	False	P	False	3	0	1	0
273	17	4	46	0	his	False	-3	33	136	136	136	316	124	124	124	124	-3	his	False	P	False	3	0	1	0
274	17	4	69	0	his	False	-3	34	252	252	252	252	252	252	252	252	-3	his	False	P	False	3	0	1	0
275	17	4	102	0	his	False	-3	35	144	144	144	144	156	156	156	156	-3	his	False	P	False	3	0	1	0
276	17	4	124	0	his	False	-3	36	0	0	0	0	284	284	284	284	-3	his	False	P	False	3	0	1	1
277	17	4	112	0	his	False	-3	37	156	156	156	212	240	240	240	240	-3	his	False	P	False	3	0	1	0
278	17	4	82	0	his	False	-3	38	248	248	248	248	144	144	144	144	-3	his	False	P	False	3	0	1	0
280	17	4	47	0	his	False	-3	40	140	140	140	140	140	140	140	140	-3	his	False	P	False	3	0	1	0
282	17	4	109	0	his	False	-3	42	0	0	0	0	208	208	208	208	-3	his	False	P	False	3	0	1	1
283	17	4	28	0	his	False	-3	43	180	180	180	180	228	228	228	228	-3	his	False	P	False	3	0	1	0
325	18	5	33	0	his	True	-4	1	248	248	248	248	264	264	264	264	-4	his	False	P	False	3	1	1	0
329	18	5	81	0	his	True	-4	5	0	0	0	0	108	108	108	776	-4	his	False	P	False	3	1	1	1
330	18	5	46	0	his	True	-4	6	176	176	176	176	80	80	80	80	-4	his	False	P	False	3	1	1	0
333	18	5	135	0	his	True	-4	10	336	336	336	336	244	524	524	1364	-4	his	False	P	False	3	1	1	0
334	18	5	201	0	his	True	-4	11	196	196	196	308	108	108	108	108	-4	his	False	P	False	3	1	1	0
336	18	5	27	0	his	True	-4	13	0	0	0	0	604	604	604	604	-4	his	False	P	False	3	1	1	1
339	18	5	38	0	his	True	-4	16	248	248	248	248	172	580	580	580	-4	his	False	P	False	3	1	1	0
340	18	5	84	0	his	True	-4	17	172	172	172	172	116	116	116	484	-4	his	False	P	False	3	1	1	0
342	18	5	51	0	his	True	-4	19	64	64	296	1200	152	152	152	636	-4	his	False	P	False	3	1	1	0
343	18	5	7	0	his	True	-4	20	0	0	0	0	236	416	416	560	-4	his	False	P	False	3	1	1	1
344	18	5	106	0	his	True	-4	21	0	0	0	0	164	164	164	348	-4	his	False	P	False	3	1	1	1
345	18	5	38	0	his	True	-4	22	0	0	0	0	116	116	300	1460	-4	his	False	P	False	3	1	1	1
346	18	5	175	0	his	True	-4	23	172	172	172	172	176	176	1052	2192	-4	his	False	P	False	3	1	1	0
347	18	5	136	0	his	True	-4	24	440	440	440	440	276	276	276	276	-4	his	False	P	False	3	1	1	0
348	18	5	158	0	his	True	-4	25	220	220	220	336	104	104	104	104	-4	his	False	P	False	3	1	1	0
349	18	5	13	0	his	True	-4	27	308	308	308	308	280	280	280	280	-4	his	False	P	False	3	1	1	0
350	18	5	157	0	his	True	-4	28	324	324	324	324	148	148	148	840	-4	his	False	P	False	3	1	1	0
351	18	5	203	0	his	True	-4	29	196	196	196	276	348	348	348	348	-4	his	False	P	False	3	1	1	0
352	18	5	158	0	his	True	-4	30	0	0	0	0	172	172	172	2164	-4	his	False	P	False	3	1	1	1
353	18	5	119	0	his	True	-4	31	0	0	0	0	160	160	160	300	-4	his	False	P	False	3	1	1	1
355	18	5	29	0	his	True	-4	33	176	176	268	672	132	132	132	1976	-4	his	False	P	False	3	1	1	0
357	18	5	149	0	his	True	-4	35	0	0	0	0	244	244	244	668	-4	his	False	P	False	3	1	1	1
359	18	5	188	0	his	True	-4	37	176	176	176	176	140	140	140	324	-4	his	False	P	False	3	1	1	0
360	18	5	141	0	his	True	-4	38	192	192	192	192	88	88	88	88	-4	his	False	P	False	3	1	1	0
361	18	5	205	0	his	True	-4	39	0	0	0	0	160	160	160	284	-4	his	False	P	False	3	1	1	1
362	18	5	65	0	his	True	-4	40	0	0	0	0	216	328	1052	2800	-4	his	False	P	False	3	1	1	1
363	18	5	136	0	his	True	-4	41	312	312	312	312	372	372	372	372	-4	his	False	P	False	3	1	1	0
365	18	5	195	0	his	True	-4	43	148	148	148	348	188	188	188	188	-4	his	False	P	False	3	1	1	0
448	20	3	202	0	his	True	-2	2	160	160	160	320	276	276	276	276	-2	his	False	P	False	3	1	1	0
450	20	3	102	0	his	True	-2	4	196	196	196	460	220	220	220	220	-2	his	False	P	False	3	1	1	0
451	20	3	131	0	his	True	-2	5	268	268	268	744	432	432	432	432	-2	his	False	P	False	3	1	1	0
452	20	3	133	0	his	True	-2	6	0	0	0	0	240	372	372	372	-2	his	False	P	False	3	1	1	1
454	20	3	139	0	his	True	-2	8	188	188	188	188	204	204	204	204	-2	his	False	P	False	3	1	1	0
455	20	3	137	0	his	True	-2	10	0	0	0	0	56	56	184	608	-2	his	False	P	False	3	1	1	1
456	20	3	197	0	his	True	-2	11	156	156	156	156	156	156	156	156	-2	his	False	P	False	3	1	1	0
458	20	3	67	0	his	True	-2	13	200	200	200	412	236	236	236	236	-2	his	False	P	False	3	1	1	0
459	20	3	203	0	his	True	-2	14	204	204	204	204	244	244	244	244	-2	his	False	P	False	3	1	1	0
460	20	3	40	0	his	True	-2	15	44	264	264	264	164	404	508	720	-2	his	False	P	False	3	1	1	0
461	20	3	103	0	his	True	-2	16	152	152	152	152	192	192	192	192	-2	his	False	P	False	3	1	1	0
462	20	3	3	0	his	True	-2	17	0	0	0	0	192	192	356	1016	-2	his	False	P	False	3	1	1	1
463	20	3	96	0	his	True	-2	18	0	0	0	0	284	284	284	284	-2	his	False	P	False	3	1	1	1
464	20	3	72	0	his	True	-2	19	180	180	180	180	204	204	204	960	-2	his	False	P	False	3	1	1	0
465	20	3	105	0	his	True	-2	20	156	156	156	156	188	188	188	188	-2	his	False	P	False	3	1	1	0
466	20	3	48	0	his	True	-2	21	0	0	0	0	240	240	384	680	-2	his	False	P	False	3	1	1	1
467	20	3	203	0	his	True	-2	22	184	184	184	184	188	188	188	188	-2	his	False	P	False	3	1	1	0
469	20	3	90	0	his	True	-2	24	168	168	168	168	196	196	196	196	-2	his	False	P	False	3	1	1	0
470	20	3	134	0	his	True	-2	25	0	0	0	0	216	216	308	960	-2	his	False	P	False	3	1	1	1
471	20	3	173	0	his	True	-2	27	272	272	272	272	168	284	284	688	-2	his	False	P	False	3	1	1	0
472	20	3	49	0	his	True	-2	28	0	0	0	0	220	348	348	348	-2	his	False	P	False	3	1	1	1
473	20	3	153	0	his	True	-2	29	148	148	148	148	156	156	156	156	-2	his	False	P	False	3	1	1	0
475	20	3	200	0	his	True	-2	31	52	52	52	52	172	172	172	172	-2	his	False	P	False	3	1	1	0
476	20	3	14	0	his	True	-2	32	224	224	404	652	116	116	116	116	-2	his	False	P	False	3	1	1	0
477	20	3	119	0	his	True	-2	33	176	176	176	176	140	140	140	140	-2	his	False	P	False	3	1	1	0
478	20	3	127	0	his	True	-2	34	148	148	148	148	352	352	352	352	-2	his	False	P	False	3	1	1	0
479	20	3	175	0	his	True	-2	35	280	352	352	352	280	280	280	280	-2	his	False	P	False	3	1	1	0
481	20	3	78	0	his	True	-2	37	204	204	204	568	168	168	168	168	-2	his	False	P	False	3	1	1	0
484	20	3	28	0	his	True	-2	41	0	0	0	0	172	216	416	852	-2	his	False	P	False	3	1	1	1
485	20	3	5	0	his	True	-2	42	200	200	200	200	304	304	304	520	-2	his	False	P	False	3	1	1	0
486	20	3	162	0	his	True	-2	43	224	224	224	224	160	160	160	160	-2	his	False	P	False	3	1	1	0
528	21	3	114	0	his	True	-2	1	244	244	244	244	148	148	444	1140	-2	his	False	P	False	3	1	1	0
529	21	3	44	0	his	True	-2	2	92	92	92	92	80	80	264	564	-2	his	False	P	False	3	1	1	0
530	21	3	10	0	his	True	-2	3	212	380	380	380	132	132	132	132	-2	his	False	P	False	3	1	1	0
531	21	3	58	0	his	True	-2	4	0	0	0	0	232	384	384	384	-2	his	False	P	False	3	1	1	1
532	21	3	15	0	his	True	-2	5	240	240	456	1128	144	144	144	144	-2	his	False	P	False	3	1	1	0
533	21	3	116	0	his	True	-2	6	0	0	0	0	156	156	156	156	-2	his	False	P	False	3	1	1	1
535	21	3	86	0	his	True	-2	8	180	180	180	180	200	200	200	200	-2	his	False	P	False	3	1	1	0
536	21	3	146	0	his	True	-2	10	140	140	140	140	128	128	128	128	-2	his	False	P	False	3	1	1	0
537	21	3	70	0	his	True	-2	11	152	152	152	152	136	136	136	136	-2	his	False	P	False	3	1	1	0
538	21	3	36	0	his	True	-2	12	116	116	116	116	224	224	224	224	-2	his	False	P	False	3	1	1	0
539	21	3	142	0	his	True	-2	13	180	180	180	180	156	156	156	156	-2	his	False	P	False	3	1	1	0
540	21	3	101	0	his	True	-2	14	0	0	0	0	176	340	340	340	-2	his	False	P	False	3	1	1	1
541	21	3	30	0	his	True	-2	15	256	256	256	412	232	232	232	232	-2	his	False	P	False	3	1	1	0
542	21	3	48	0	his	True	-2	16	192	192	192	192	144	144	144	144	-2	his	False	P	False	3	1	1	0
543	21	3	155	0	his	True	-2	17	136	136	136	136	244	400	400	684	-2	his	False	P	False	3	1	1	0
544	21	3	152	0	his	True	-2	18	0	0	0	0	240	240	240	240	-2	his	False	P	False	3	1	1	1
545	21	3	42	0	his	True	-2	19	72	72	72	72	296	296	296	432	-2	his	False	P	False	3	1	1	0
546	21	3	18	0	his	True	-2	20	0	0	0	0	180	180	180	180	-2	his	False	P	False	3	1	1	1
547	21	3	63	0	his	True	-2	21	144	144	144	144	52	52	52	52	-2	his	False	P	False	3	1	1	0
548	21	3	51	0	his	True	-2	22	0	0	0	0	220	324	460	1544	-2	his	False	P	False	3	1	1	1
549	21	3	138	0	his	True	-2	23	120	120	120	120	220	220	220	220	-2	his	False	P	False	3	1	1	0
550	21	3	146	0	his	True	-2	24	152	152	152	152	164	164	164	164	-2	his	False	P	False	3	1	1	0
551	21	3	40	0	his	True	-2	25	0	0	0	0	160	292	292	484	-2	his	False	P	False	3	1	1	1
552	21	3	79	0	his	True	-2	27	0	0	0	0	56	56	224	1152	-2	his	False	P	False	3	1	1	1
553	21	3	87	0	his	True	-2	28	140	276	276	276	212	212	212	212	-2	his	False	P	False	3	1	1	0
554	21	3	191	0	his	True	-2	29	0	0	0	0	160	160	160	284	-2	his	False	P	False	3	1	1	1
555	21	3	95	0	his	True	-2	30	280	280	280	280	164	164	164	164	-2	his	False	P	False	3	1	1	0
556	21	3	76	0	his	True	-2	31	0	0	0	0	184	304	304	304	-2	his	False	P	False	3	1	1	1
557	21	3	154	0	his	True	-2	32	264	264	264	264	236	236	236	236	-2	his	False	P	False	3	1	1	0
558	21	3	128	0	his	True	-2	33	160	160	160	160	144	144	144	144	-2	his	False	P	False	3	1	1	0
560	21	3	95	0	his	True	-2	35	116	116	116	116	584	584	792	2312	-2	his	False	P	False	3	1	1	0
561	21	3	126	0	his	True	-2	36	0	0	0	0	208	208	208	208	-2	his	False	P	False	3	1	1	1
562	21	3	190	0	his	True	-2	37	124	124	124	124	180	180	180	180	-2	his	False	P	False	3	1	1	0
563	21	3	107	0	his	True	-2	38	0	0	0	0	352	352	352	352	-2	his	False	P	False	3	1	1	1
565	21	3	67	0	his	True	-2	40	224	224	224	224	304	304	304	304	-2	his	False	P	False	3	1	1	0
567	21	3	119	0	his	True	-2	42	0	0	0	0	296	296	296	296	-2	his	False	P	False	3	1	1	1
568	21	3	93	0	his	True	-2	43	128	128	128	128	212	212	212	212	-2	his	False	P	False	3	1	1	0
859	32	5	72	0	our	True	-4	6	312	312	312	312	248	248	248	248	-4	our	False	P	True	3	1	1	0
862	32	5	58	0	our	True	-4	10	192	192	408	940	196	196	196	1104	-4	our	False	P	True	3	1	1	0
865	32	5	23	0	our	True	-4	13	184	184	184	184	504	504	504	504	-4	our	False	P	True	3	1	1	0
866	32	5	131	0	our	True	-4	14	0	0	0	0	108	108	108	720	-4	our	False	P	True	3	1	1	1
869	32	5	135	0	our	True	-4	18	276	276	276	276	292	292	292	292	-4	our	False	P	True	3	1	1	0
870	32	5	82	0	our	True	-4	19	260	260	260	260	412	412	412	636	-4	our	False	P	True	3	1	1	0
871	32	5	43	0	our	True	-4	20	0	0	0	0	216	216	384	1220	-4	our	False	P	True	3	1	1	1
872	32	5	71	0	our	True	-4	21	124	124	124	124	232	232	232	1248	-4	our	False	P	True	3	1	1	0
873	32	5	181	0	our	True	-4	22	0	0	0	0	204	204	204	204	-4	our	False	P	True	3	1	1	1
874	32	5	186	0	our	True	-4	23	376	376	376	376	428	1520	1520	1520	-4	our	False	P	True	3	1	1	0
875	32	5	56	0	our	True	-4	24	168	168	168	168	396	396	396	396	-4	our	False	P	True	3	1	1	0
876	32	5	49	0	our	True	-4	25	200	200	200	340	180	180	180	180	-4	our	False	P	True	3	1	1	0
878	32	5	14	0	our	True	-4	28	192	192	192	192	168	168	168	292	-4	our	False	P	True	3	1	1	0
879	32	5	98	0	our	True	-4	29	180	180	180	180	152	152	152	572	-4	our	False	P	True	3	1	1	0
882	32	5	95	0	our	True	-4	32	176	176	176	176	316	316	316	316	-4	our	False	P	True	3	1	1	0
883	32	5	22	0	our	True	-4	33	236	236	236	652	200	744	744	744	-4	our	False	P	True	3	1	1	0
885	32	5	28	0	our	True	-4	35	156	156	156	156	560	560	560	560	-4	our	False	P	True	3	1	1	0
888	32	5	184	0	our	True	-4	38	212	212	212	264	320	320	320	320	-4	our	False	P	True	3	1	1	0
889	32	5	188	0	our	True	-4	39	140	140	232	452	148	148	148	320	-4	our	False	P	True	3	1	1	0
891	32	5	121	0	our	True	-4	41	100	100	300	636	148	148	148	148	-4	our	False	P	True	3	1	1	0
892	32	5	82	0	our	True	-4	42	0	0	0	0	288	288	288	1012	-4	our	False	P	True	3	1	1	1
893	32	5	153	0	our	True	-4	43	212	212	212	212	144	144	144	472	-4	our	False	P	True	3	1	1	0
1138	42	5	26	0	he	False	-4	1	216	216	216	216	412	412	412	412	-4	he	False	O	False	2	0	1	0
1139	42	5	145	0	he	False	-4	2	212	212	212	212	268	344	344	648	-4	he	False	O	False	2	0	1	0
1140	42	5	173	0	he	False	-4	3	0	0	0	0	184	564	564	564	-4	he	False	O	False	2	0	1	1
1141	42	5	94	0	he	False	-4	4	144	144	144	144	180	228	620	1296	-4	he	False	O	False	2	0	1	0
1142	42	5	3	0	he	False	-4	5	0	0	0	0	224	224	452	1988	-4	he	False	O	False	2	0	1	1
1143	42	5	53	0	he	False	-4	6	0	0	0	0	252	252	252	252	-4	he	False	O	False	2	0	1	1
1144	42	5	37	0	he	False	-4	7	0	0	0	0	176	176	1136	2848	-4	he	False	O	False	2	0	1	1
1145	42	5	56	0	he	False	-4	8	312	312	312	312	260	260	260	260	-4	he	False	O	False	2	0	1	0
1146	42	5	1	0	he	False	-4	10	120	120	120	120	144	144	1040	2336	-4	he	False	O	False	2	0	1	0
1147	42	5	4	0	he	False	-4	11	148	148	148	148	132	736	736	736	-4	he	False	O	False	2	0	1	0
1148	42	5	77	0	he	False	-4	12	0	0	0	0	224	224	224	1212	-4	he	False	O	False	2	0	1	1
1149	42	5	3	0	he	False	-4	13	0	0	0	0	240	524	524	524	-4	he	False	O	False	2	0	1	1
1150	42	5	82	0	he	False	-4	14	248	248	248	248	196	196	692	1068	-4	he	False	O	False	2	0	1	0
1152	42	5	194	0	he	False	-4	16	224	224	224	224	204	204	204	380	-4	he	False	O	False	2	0	1	0
1153	42	5	177	0	he	False	-4	18	256	256	256	256	444	444	444	444	-4	he	False	O	False	2	0	1	0
1154	42	5	56	0	he	False	-4	19	0	0	0	0	368	420	560	1868	-4	he	False	O	False	2	0	1	1
1155	42	5	205	0	he	False	-4	20	0	0	0	0	156	156	156	156	-4	he	False	O	False	2	0	1	1
1156	42	5	60	0	he	False	-4	21	200	200	200	520	308	308	308	308	-4	he	False	O	False	2	0	1	0
1157	42	5	82	0	he	False	-4	22	0	0	0	0	384	640	640	640	-4	he	False	O	False	2	0	1	1
1158	42	5	61	0	he	False	-4	23	0	0	0	0	160	324	324	324	-4	he	False	O	False	2	0	1	1
1159	42	5	39	0	he	False	-4	24	0	0	0	0	176	176	176	176	-4	he	False	O	False	2	0	1	1
1160	42	5	174	0	he	False	-4	25	0	0	0	0	296	296	296	296	-4	he	False	O	False	2	0	1	1
1161	42	5	167	0	he	False	-4	27	216	216	216	216	172	484	484	484	-4	he	False	O	False	2	0	1	0
1162	42	5	102	0	he	False	-4	28	164	164	164	164	164	164	164	164	-4	he	False	O	False	2	0	1	0
1163	42	5	113	0	he	False	-4	29	160	160	160	160	184	184	184	184	-4	he	False	O	False	2	0	1	0
1164	42	5	102	0	he	False	-4	30	160	476	476	476	220	220	220	220	-4	he	False	O	False	2	0	1	0
1165	42	5	25	0	he	False	-4	31	132	132	132	340	96	96	96	96	-4	he	False	O	False	2	0	1	0
1166	42	5	38	0	he	False	-4	32	148	148	148	148	356	356	356	356	-4	he	False	O	False	2	0	1	0
1167	42	5	144	0	he	False	-4	33	0	0	0	0	200	532	732	868	-4	he	False	O	False	2	0	1	1
1169	42	5	194	0	he	False	-4	35	184	184	184	184	136	136	136	136	-4	he	False	O	False	2	0	1	0
1170	42	5	203	0	he	False	-4	36	168	168	168	168	152	152	152	152	-4	he	False	O	False	2	0	1	0
1171	42	5	120	0	he	False	-4	37	124	124	124	124	184	184	184	184	-4	he	False	O	False	2	0	1	0
1172	42	5	63	0	he	False	-4	38	168	168	168	168	172	172	172	172	-4	he	False	O	False	2	0	1	0
1173	42	5	17	0	he	False	-4	39	0	0	0	0	120	412	412	412	-4	he	False	O	False	2	0	1	1
1174	42	5	143	0	he	False	-4	40	0	0	0	0	112	256	256	256	-4	he	False	O	False	2	0	1	1
1175	42	5	9	0	he	False	-4	41	0	0	0	0	304	576	576	576	-4	he	False	O	False	2	0	1	1
1176	42	5	145	0	he	False	-4	42	0	0	0	0	116	116	116	116	-4	he	False	O	False	2	0	1	1
1177	42	5	193	0	he	False	-4	43	0	0	0	0	252	252	252	252	-4	he	False	O	False	2	0	1	1
1178	43	6	124	0	his	False	-5	1	204	204	204	204	456	456	456	456	-5	his	False	P	False	3	0	1	0
1180	43	6	16	0	his	False	-5	3	464	464	464	464	248	248	248	600	-5	his	False	P	False	3	0	1	0
1181	43	6	178	0	his	False	-5	4	192	192	192	192	196	196	196	868	-5	his	False	P	False	3	0	1	0
1182	43	6	45	0	his	False	-5	5	0	0	0	0	236	236	236	672	-5	his	False	P	False	3	0	1	1
1186	43	6	10	0	his	False	-5	9	68	68	68	68	344	524	1032	1672	-5	his	False	P	False	3	0	1	0
1187	43	6	68	0	his	False	-5	10	0	0	0	0	260	260	260	1780	-5	his	False	P	False	3	0	1	1
1188	43	6	60	0	his	False	-5	11	224	224	224	224	188	188	188	656	-5	his	False	P	False	3	0	1	0
1191	43	6	170	0	his	False	-5	14	0	0	0	0	440	440	440	440	-5	his	False	P	False	3	0	1	1
1193	43	6	84	0	his	False	-5	16	0	0	0	0	188	188	624	880	-5	his	False	P	False	3	0	1	1
1195	43	6	25	0	his	False	-5	18	204	204	204	204	148	148	148	288	-5	his	False	P	False	3	0	1	0
1196	43	6	115	0	his	False	-5	19	220	220	220	220	184	184	184	184	-5	his	False	P	False	3	0	1	0
1197	43	6	109	0	his	False	-5	20	0	0	0	0	324	324	324	592	-5	his	False	P	False	3	0	1	1
1198	43	6	32	0	his	False	-5	21	120	120	240	396	104	104	528	1720	-5	his	False	P	False	3	0	1	0
1200	43	6	160	0	his	False	-5	23	172	172	172	172	396	656	656	656	-5	his	False	P	False	3	0	1	0
1203	43	6	138	0	his	False	-5	27	196	196	196	196	124	668	668	668	-5	his	False	P	False	3	0	1	0
1204	43	6	8	0	his	False	-5	28	156	324	324	324	440	440	440	792	-5	his	False	P	False	3	0	1	0
1205	43	6	64	0	his	False	-5	29	136	136	136	136	160	160	160	508	-5	his	False	P	False	3	0	1	0
1208	43	6	132	0	his	False	-5	32	216	216	216	216	312	312	312	312	-5	his	False	P	False	3	0	1	0
1209	43	6	17	0	his	False	-5	33	172	172	344	836	260	260	260	836	-5	his	False	P	False	3	0	1	0
1210	43	6	5	0	his	False	-5	34	156	156	156	156	176	176	176	176	-5	his	False	P	False	3	0	1	0
1215	43	6	45	0	his	False	-5	39	0	0	0	0	232	232	772	1528	-5	his	False	P	False	3	0	1	1
1217	43	6	17	0	his	False	-5	41	164	164	164	164	428	428	428	428	-5	his	False	P	False	3	0	1	0
1218	43	6	131	0	his	False	-5	42	0	0	0	0	220	220	1120	2484	-5	his	False	P	False	3	0	1	1
1219	43	6	161	0	his	False	-5	43	152	300	300	300	260	260	260	504	-5	his	False	P	False	3	0	1	0
1220	45	6	96	0	his	False	-5	1	380	380	380	380	1032	1032	1032	1032	-5	his	False	P	False	3	0	1	0
1222	45	6	196	0	his	False	-5	3	148	380	380	380	100	100	100	376	-5	his	False	P	False	3	0	1	0
1223	45	6	152	0	his	False	-5	4	120	120	120	120	396	592	592	592	-5	his	False	P	False	3	0	1	0
1226	45	6	119	0	his	False	-5	7	160	160	160	1076	160	396	1720	2660	-5	his	False	P	False	3	0	1	0
1228	45	6	35	0	his	False	-5	10	300	300	300	300	136	136	136	716	-5	his	False	P	False	3	0	1	0
1232	45	6	6	0	his	False	-5	14	0	0	0	0	232	232	388	2160	-5	his	False	P	False	3	0	1	1
1234	45	6	187	0	his	False	-5	16	264	540	540	540	448	448	448	448	-5	his	False	P	False	3	0	1	0
1235	45	6	47	0	his	False	-5	17	0	0	0	0	224	224	224	480	-5	his	False	P	False	3	0	1	1
1236	45	6	71	0	his	False	-5	18	0	0	0	0	168	168	168	1384	-5	his	False	P	False	3	0	1	1
1238	45	6	9	0	his	False	-5	20	244	244	436	740	108	108	108	808	-5	his	False	P	False	3	0	1	0
1239	45	6	161	0	his	False	-5	21	200	200	200	200	212	212	212	212	-5	his	False	P	False	3	0	1	0
1240	45	6	34	0	his	False	-5	22	0	0	0	0	232	232	232	1476	-5	his	False	P	False	3	0	1	1
1242	45	6	144	0	his	False	-5	24	0	0	0	0	296	296	296	296	-5	his	False	P	False	3	0	1	1
1244	45	6	57	0	his	False	-5	27	236	236	236	236	300	792	792	792	-5	his	False	P	False	3	0	1	0
1245	45	6	35	0	his	False	-5	28	0	0	0	0	332	332	332	332	-5	his	False	P	False	3	0	1	1
1246	45	6	100	0	his	False	-5	29	240	240	240	240	144	144	144	144	-5	his	False	P	False	3	0	1	0
1247	45	6	164	0	his	False	-5	30	268	268	268	268	204	536	536	536	-5	his	False	P	False	3	0	1	0
1248	45	6	125	0	his	False	-5	31	204	204	204	204	92	92	92	92	-5	his	False	P	False	3	0	1	0
1249	45	6	81	0	his	False	-5	32	152	368	368	368	224	224	224	224	-5	his	False	P	False	3	0	1	0
1250	45	6	152	0	his	False	-5	33	176	176	316	576	116	116	116	116	-5	his	False	P	False	3	0	1	0
1252	45	6	99	0	his	False	-5	35	0	0	0	0	156	340	340	340	-5	his	False	P	False	3	0	1	1
1257	45	6	15	0	his	False	-5	40	128	128	128	488	420	760	760	760	-5	his	False	P	False	3	0	1	0
1259	45	6	160	0	his	False	-5	42	0	0	0	0	164	164	164	260	-5	his	False	P	False	3	0	1	1
1260	45	6	172	0	his	False	-5	43	260	260	260	260	340	572	572	572	-5	his	False	P	False	3	0	1	0
1261	46	5	28	0	his	False	-4	1	296	296	296	296	148	148	296	1484	-4	his	False	P	False	3	0	1	0
1262	46	5	87	0	his	False	-4	2	252	252	252	252	24	24	136	236	-4	his	False	P	False	3	0	1	0
1263	46	5	157	0	his	False	-4	3	212	316	316	316	212	212	212	212	-4	his	False	P	False	3	0	1	0
1264	46	5	92	0	his	False	-4	4	176	176	176	176	152	152	572	900	-4	his	False	P	False	3	0	1	0
1265	46	5	161	0	his	False	-4	5	208	208	208	208	164	396	396	396	-4	his	False	P	False	3	0	1	0
1266	46	5	107	0	his	False	-4	6	0	0	0	0	192	192	192	340	-4	his	False	P	False	3	0	1	1
1267	46	5	145	0	his	False	-4	7	160	160	160	160	80	80	80	1164	-4	his	False	P	False	3	0	1	0
1268	46	5	93	0	his	False	-4	8	224	224	224	224	152	152	152	152	-4	his	False	P	False	3	0	1	0
1269	46	5	81	0	his	False	-4	10	244	244	244	244	180	180	180	180	-4	his	False	P	False	3	0	1	0
1270	46	5	41	0	his	False	-4	11	164	164	164	164	168	344	344	344	-4	his	False	P	False	3	0	1	0
1273	46	5	199	0	his	False	-4	14	272	272	272	272	176	176	176	176	-4	his	False	P	False	3	0	1	0
1274	46	5	135	0	his	False	-4	15	0	0	0	0	228	536	608	760	-4	his	False	P	False	3	0	1	1
1275	46	5	200	0	his	False	-4	16	148	352	352	352	236	452	452	452	-4	his	False	P	False	3	0	1	0
1276	46	5	57	0	his	False	-4	17	0	0	0	0	192	192	192	192	-4	his	False	P	False	3	0	1	1
1277	46	5	168	0	his	False	-4	18	0	0	0	0	328	328	328	328	-4	his	False	P	False	3	0	1	1
1278	46	5	184	0	his	False	-4	19	136	328	328	328	132	132	132	132	-4	his	False	P	False	3	0	1	0
1279	46	5	160	0	his	False	-4	20	248	248	248	248	208	208	208	208	-4	his	False	P	False	3	0	1	0
1280	46	5	13	0	his	False	-4	21	0	0	0	0	376	376	376	376	-4	his	False	P	False	3	0	1	1
1281	46	5	27	0	his	False	-4	22	0	0	0	0	184	184	496	636	-4	his	False	P	False	3	0	1	1
1282	46	5	153	0	his	False	-4	23	272	272	272	272	64	64	536	1696	-4	his	False	P	False	3	0	1	0
1283	46	5	179	0	his	False	-4	24	280	280	344	564	520	520	520	520	-4	his	False	P	False	3	0	1	0
1284	46	5	89	0	his	False	-4	25	120	120	120	120	228	228	228	368	-4	his	False	P	False	3	0	1	0
1285	46	5	107	0	his	False	-4	27	232	420	420	420	420	420	420	420	-4	his	False	P	False	3	0	1	0
1286	46	5	194	0	his	False	-4	28	0	0	0	0	176	176	416	1052	-4	his	False	P	False	3	0	1	1
1287	46	5	147	0	his	False	-4	29	132	132	132	288	148	148	148	148	-4	his	False	P	False	3	0	1	0
1288	46	5	22	0	his	False	-4	30	256	256	256	256	300	300	300	300	-4	his	False	P	False	3	0	1	0
1289	46	5	12	0	his	False	-4	31	180	180	180	180	168	168	168	168	-4	his	False	P	False	3	0	1	0
1290	46	5	90	0	his	False	-4	32	212	212	212	212	136	136	136	136	-4	his	False	P	False	3	0	1	0
1291	46	5	74	0	his	False	-4	33	116	116	256	628	200	200	200	200	-4	his	False	P	False	3	0	1	0
1292	46	5	115	0	his	False	-4	34	0	0	0	0	352	352	352	564	-4	his	False	P	False	3	0	1	1
1293	46	5	76	0	his	False	-4	35	0	0	0	0	180	332	332	332	-4	his	False	P	False	3	0	1	1
1295	46	5	26	0	his	False	-4	37	0	0	0	0	188	188	188	448	-4	his	False	P	False	3	0	1	1
1296	46	5	193	0	his	False	-4	38	0	0	0	0	152	152	152	152	-4	his	False	P	False	3	0	1	1
1297	46	5	134	0	his	False	-4	39	204	204	204	204	232	232	232	232	-4	his	False	P	False	3	0	1	0
1298	46	5	22	0	his	False	-4	40	188	324	456	556	132	132	132	132	-4	his	False	P	False	3	0	1	0
1300	46	5	171	0	his	False	-4	42	0	0	0	0	276	276	276	380	-4	his	False	P	False	3	0	1	1
1301	46	5	32	0	his	False	-4	43	152	152	152	152	172	172	308	856	-4	his	False	P	False	3	0	1	0
1302	47	6	44	0	his	False	-5	1	524	524	524	524	1040	1040	1040	1040	-5	his	False	P	False	3	0	1	0
1303	47	6	190	0	his	False	-5	2	168	168	168	168	268	268	268	268	-5	his	False	P	False	3	0	1	0
1306	47	6	95	0	his	False	-5	5	0	0	0	0	220	220	220	620	-5	his	False	P	False	3	0	1	1
1308	47	6	38	0	his	False	-5	7	136	136	136	592	196	196	340	1040	-5	his	False	P	False	3	0	1	0
1313	47	6	26	0	his	False	-5	13	336	336	336	336	396	656	656	656	-5	his	False	P	False	3	0	1	0
1314	47	6	61	0	his	False	-5	14	176	176	176	176	608	608	608	780	-5	his	False	P	False	3	0	1	0
1316	47	6	162	0	his	False	-5	16	280	532	532	532	332	812	812	812	-5	his	False	P	False	3	0	1	0
1317	47	6	8	0	his	False	-5	17	0	0	0	0	172	172	272	796	-5	his	False	P	False	3	0	1	1
1318	47	6	68	0	his	False	-5	18	0	0	0	0	676	676	676	676	-5	his	False	P	False	3	0	1	1
1319	47	6	67	0	his	False	-5	19	176	176	176	176	136	136	136	724	-5	his	False	P	False	3	0	1	0
1320	47	6	137	0	his	False	-5	20	152	152	152	152	140	208	348	1980	-5	his	False	P	False	3	0	1	0
1321	47	6	177	0	his	False	-5	21	0	0	0	0	224	224	364	1324	-5	his	False	P	False	3	0	1	1
1322	47	6	179	0	his	False	-5	22	324	324	324	324	308	308	308	308	-5	his	False	P	False	3	0	1	0
1323	47	6	9	0	his	False	-5	23	244	244	408	660	356	1060	1060	3016	-5	his	False	P	False	3	0	1	0
1325	47	6	36	0	his	False	-5	25	0	0	0	0	164	304	304	304	-5	his	False	P	False	3	0	1	1
1326	47	6	71	0	his	False	-5	27	0	0	0	0	248	248	248	896	-5	his	False	P	False	3	0	1	1
1327	47	6	7	0	his	False	-5	28	184	440	440	440	196	196	196	196	-5	his	False	P	False	3	0	1	0
1328	47	6	172	0	his	False	-5	29	388	388	388	388	316	316	316	636	-5	his	False	P	False	3	0	1	0
1331	47	6	125	0	his	False	-5	32	164	164	164	164	356	356	356	356	-5	his	False	P	False	3	0	1	0
1332	47	6	19	0	his	False	-5	33	0	0	0	0	232	232	232	3000	-5	his	False	P	False	3	0	1	1
1334	47	6	30	0	his	False	-5	35	200	200	200	200	416	416	416	416	-5	his	False	P	False	3	0	1	0
1336	47	6	108	0	his	False	-5	37	536	536	680	896	292	292	292	292	-5	his	False	P	False	3	0	1	0
1337	47	6	95	0	his	False	-5	38	0	0	0	0	200	200	200	200	-5	his	False	P	False	3	0	1	1
1339	47	6	75	0	his	False	-5	40	264	264	264	264	260	484	484	756	-5	his	False	P	False	3	0	1	0
1340	47	6	150	0	his	False	-5	41	160	160	160	160	132	428	428	428	-5	his	False	P	False	3	0	1	0
1341	47	6	21	0	his	False	-5	42	288	288	288	288	376	720	720	720	-5	his	False	P	False	3	0	1	0
1342	47	6	171	0	his	False	-5	43	292	292	292	292	200	200	200	200	-5	his	False	P	False	3	0	1	0
1343	48	6	56	0	his	False	-5	1	248	248	248	248	728	728	728	728	-5	his	False	P	False	3	0	1	0
1346	48	6	131	0	his	False	-5	4	172	172	172	288	264	264	264	264	-5	his	False	P	False	3	0	1	0
1348	48	6	143	0	his	False	-5	6	0	0	0	0	244	244	244	516	-5	his	False	P	False	3	0	1	1
1349	48	6	46	0	his	False	-5	7	136	136	136	608	52	52	748	1232	-5	his	False	P	False	3	0	1	0
1350	48	6	88	0	his	False	-5	8	288	288	288	480	316	316	316	316	-5	his	False	P	False	3	0	1	0
1351	48	6	23	0	his	False	-5	10	268	268	268	268	184	184	184	1100	-5	his	False	P	False	3	0	1	0
1352	48	6	1	0	his	False	-5	11	176	320	320	320	296	296	296	704	-5	his	False	P	False	3	0	1	0
1354	48	6	190	0	his	False	-5	13	0	0	0	0	284	796	796	796	-5	his	False	P	False	3	0	1	1
1355	48	6	110	0	his	False	-5	14	204	204	204	204	336	336	336	336	-5	his	False	P	False	3	0	1	0
1356	48	6	20	0	his	False	-5	15	92	92	320	544	340	340	340	340	-5	his	False	P	False	3	0	1	0
1357	48	6	79	0	his	False	-5	16	192	192	192	192	292	2100	2100	2100	-5	his	False	P	False	3	0	1	0
1358	48	6	75	0	his	False	-5	17	0	0	0	0	176	816	816	816	-5	his	False	P	False	3	0	1	1
1359	48	6	39	0	his	False	-5	18	0	0	0	0	248	248	248	628	-5	his	False	P	False	3	0	1	1
1361	48	6	78	0	his	False	-5	20	0	0	0	0	188	280	280	496	-5	his	False	P	False	3	0	1	1
1362	48	6	34	0	his	False	-5	21	0	0	0	0	320	320	320	640	-5	his	False	P	False	3	0	1	1
1363	48	6	11	0	his	False	-5	22	284	284	284	284	660	660	660	660	-5	his	False	P	False	3	0	1	0
1364	48	6	83	0	his	False	-5	23	0	0	0	0	200	376	376	1680	-5	his	False	P	False	3	0	1	1
1365	48	6	76	0	his	False	-5	24	460	460	460	460	364	364	364	364	-5	his	False	P	False	3	0	1	0
1367	48	6	60	0	his	False	-5	27	320	320	320	320	456	456	456	456	-5	his	False	P	False	3	0	1	0
1368	48	6	67	0	his	False	-5	28	364	364	364	364	432	432	432	432	-5	his	False	P	False	3	0	1	0
1369	48	6	1	0	his	False	-5	29	0	0	0	0	232	340	1100	4700	-5	his	False	P	False	3	0	1	1
1371	48	6	149	0	his	False	-5	31	0	0	0	0	76	316	316	316	-5	his	False	P	False	3	0	1	1
1373	48	6	98	0	his	False	-5	33	184	184	184	184	204	204	204	204	-5	his	False	P	False	3	0	1	0
1375	48	6	25	0	his	False	-5	35	0	0	0	0	180	720	720	1276	-5	his	False	P	False	3	0	1	1
1381	48	6	61	0	his	False	-5	41	0	0	0	0	292	668	668	668	-5	his	False	P	False	3	0	1	1
1382	48	6	88	0	his	False	-5	42	160	160	160	160	228	228	228	652	-5	his	False	P	False	3	0	1	0
1383	48	6	167	0	his	False	-5	43	244	244	244	244	336	564	564	564	-5	his	False	P	False	3	0	1	0
1384	49	5	21	0	his	False	-4	1	0	0	0	0	144	144	144	144	-4	his	False	P	False	3	0	1	1
1385	49	5	71	0	his	False	-4	2	184	184	184	184	140	140	140	140	-4	his	False	P	False	3	0	1	0
1386	49	5	97	0	his	False	-4	3	152	152	152	152	204	356	356	356	-4	his	False	P	False	3	0	1	0
1387	49	5	192	0	his	False	-4	4	0	0	0	0	304	304	304	304	-4	his	False	P	False	3	0	1	1
1388	49	5	56	0	his	False	-4	5	0	0	0	0	204	388	388	388	-4	his	False	P	False	3	0	1	1
1389	49	5	114	0	his	False	-4	6	0	0	0	0	268	268	268	268	-4	his	False	P	False	3	0	1	1
1391	49	5	55	0	his	False	-4	8	172	172	172	172	232	232	232	452	-4	his	False	P	False	3	0	1	0
1392	49	5	101	0	his	False	-4	10	140	140	140	140	152	152	152	152	-4	his	False	P	False	3	0	1	0
1393	49	5	45	0	his	False	-4	11	140	140	140	140	168	168	168	168	-4	his	False	P	False	3	0	1	0
1394	49	5	60	0	his	False	-4	12	0	0	0	0	284	284	284	284	-4	his	False	P	False	3	0	1	1
1395	49	5	90	0	his	False	-4	13	216	216	216	216	284	284	284	284	-4	his	False	P	False	3	0	1	0
1396	49	5	91	0	his	False	-4	14	192	520	520	520	240	240	240	240	-4	his	False	P	False	3	0	1	0
1397	49	5	150	0	his	False	-4	15	0	0	0	0	156	156	156	156	-4	his	False	P	False	3	0	1	1
1398	49	5	9	0	his	False	-4	16	160	160	160	160	208	208	208	496	-4	his	False	P	False	3	0	1	0
1400	49	5	104	0	his	False	-4	18	180	180	180	180	188	188	188	320	-4	his	False	P	False	3	0	1	0
1401	49	5	34	0	his	False	-4	19	0	0	0	0	168	168	168	168	-4	his	False	P	False	3	0	1	1
1402	49	5	61	0	his	False	-4	20	0	0	0	0	148	148	148	148	-4	his	False	P	False	3	0	1	1
1403	49	5	16	0	his	False	-4	21	152	152	152	152	192	192	192	192	-4	his	False	P	False	3	0	1	0
1404	49	5	85	0	his	False	-4	22	192	192	192	192	228	228	228	228	-4	his	False	P	False	3	0	1	0
1405	49	5	94	0	his	False	-4	23	164	164	164	164	260	260	260	260	-4	his	False	P	False	3	0	1	0
1406	49	5	160	0	his	False	-4	24	472	472	472	472	252	252	252	396	-4	his	False	P	False	3	0	1	0
1408	49	5	4	0	his	False	-4	27	0	0	0	0	276	276	276	276	-4	his	False	P	False	3	0	1	1
1409	49	5	187	0	his	False	-4	28	184	184	532	884	208	208	208	208	-4	his	False	P	False	3	0	1	0
1410	49	5	4	0	his	False	-4	29	132	132	132	132	184	184	184	184	-4	his	False	P	False	3	0	1	0
1413	49	5	70	0	his	False	-4	32	156	156	156	156	220	220	220	220	-4	his	False	P	False	3	0	1	0
1415	49	5	91	0	his	False	-4	34	0	0	0	0	192	404	404	404	-4	his	False	P	False	3	0	1	1
1416	49	5	90	0	his	False	-4	35	172	172	172	172	184	184	184	184	-4	his	False	P	False	3	0	1	0
1418	49	5	59	0	his	False	-4	37	236	236	236	236	152	152	152	152	-4	his	False	P	False	3	0	1	0
1419	49	5	158	0	his	False	-4	38	0	0	0	0	244	244	244	772	-4	his	False	P	False	3	0	1	1
1420	49	5	197	0	his	False	-4	39	0	0	0	0	148	148	148	148	-4	his	False	P	False	3	0	1	1
1421	49	5	7	0	his	False	-4	40	192	192	372	764	188	188	188	188	-4	his	False	P	False	3	0	1	0
1423	49	5	42	0	his	False	-4	42	160	160	160	160	136	136	136	300	-4	his	False	P	False	3	0	1	0
1424	49	5	136	0	his	False	-4	43	0	0	0	0	216	496	496	496	-4	his	False	P	False	3	0	1	1
1548	52	6	50	0	her	True	-5	1	200	344	344	344	340	340	600	1892	-5	her	False	O	False	3	1	1	0
1549	52	6	167	0	her	True	-5	2	220	220	220	220	224	224	224	420	-5	her	False	O	False	3	1	1	0
1551	52	6	35	0	her	True	-5	4	228	228	460	1400	396	396	396	396	-5	her	False	O	False	3	1	1	0
1552	52	6	85	0	her	True	-5	5	0	0	0	0	220	220	220	1600	-5	her	False	O	False	3	1	1	1
1554	52	6	14	0	her	True	-5	7	176	176	176	368	180	180	944	2532	-5	her	False	O	False	3	1	1	0
1556	52	6	198	0	her	True	-5	10	144	408	408	408	24	24	24	1284	-5	her	False	O	False	3	1	1	0
1557	52	6	48	0	her	True	-5	11	264	264	264	264	232	232	232	696	-5	her	False	O	False	3	1	1	0
1559	52	6	14	0	her	True	-5	13	224	224	224	224	384	384	384	384	-5	her	False	O	False	3	1	1	0
1561	52	6	200	0	her	True	-5	15	332	332	332	332	164	164	164	680	-5	her	False	O	False	3	1	1	0
1562	52	6	195	0	her	True	-5	16	288	288	288	288	264	484	484	484	-5	her	False	O	False	3	1	1	0
1564	52	6	89	0	her	True	-5	18	0	0	0	0	52	52	52	1872	-5	her	False	O	False	3	1	1	1
1566	52	6	149	0	her	True	-5	20	0	0	0	0	212	212	504	1016	-5	her	False	O	False	3	1	1	1
1567	52	6	30	0	her	True	-5	21	0	0	0	0	140	140	228	1168	-5	her	False	O	False	3	1	1	1
1569	52	6	20	0	her	True	-5	23	172	172	172	172	280	440	440	836	-5	her	False	O	False	3	1	1	0
1570	52	6	138	0	her	True	-5	24	0	0	0	0	136	136	628	1096	-5	her	False	O	False	3	1	1	1
1573	52	6	72	0	her	True	-5	28	172	172	172	172	368	368	368	368	-5	her	False	O	False	3	1	1	0
1574	52	6	131	0	her	True	-5	29	108	108	108	108	304	304	304	304	-5	her	False	O	False	3	1	1	0
1575	52	6	188	0	her	True	-5	30	256	256	256	256	408	408	408	408	-5	her	False	O	False	3	1	1	0
1576	52	6	68	0	her	True	-5	31	0	0	0	0	116	624	624	624	-5	her	False	O	False	3	1	1	1
1577	52	6	13	0	her	True	-5	32	232	232	232	232	268	268	268	268	-5	her	False	O	False	3	1	1	0
1579	52	6	131	0	her	True	-5	34	268	268	268	268	344	344	344	344	-5	her	False	O	False	3	1	1	0
1580	52	6	166	0	her	True	-5	35	0	0	0	0	524	524	524	524	-5	her	False	O	False	3	1	1	1
1582	52	6	178	0	her	True	-5	37	176	176	176	176	368	368	368	604	-5	her	False	O	False	3	1	1	0
1583	52	6	164	0	her	True	-5	38	0	0	0	0	480	480	480	480	-5	her	False	O	False	3	1	1	1
1585	52	6	17	0	her	True	-5	40	268	268	268	268	232	232	324	532	-5	her	False	O	False	3	1	1	0
1586	52	6	66	0	her	True	-5	41	212	212	212	452	368	368	368	368	-5	her	False	O	False	3	1	1	0
1587	52	6	61	0	her	True	-5	42	232	232	232	232	512	512	512	512	-5	her	False	O	False	3	1	1	0
1713	59	6	198	0	he	True	-3	1	0	0	0	0	188	188	188	296	-3	he	False	O	False	2	1	1	1
1714	59	6	32	0	he	True	-3	2	168	284	284	408	156	156	156	156	-3	he	False	O	False	2	1	1	0
1715	59	6	33	0	he	True	-3	3	172	172	172	172	168	348	348	348	-3	he	False	O	False	2	1	1	0
1716	59	6	156	0	he	True	-3	4	0	0	0	0	388	388	388	388	-3	he	False	O	False	2	1	1	1
1720	59	6	167	0	he	True	-3	8	0	0	0	0	308	308	308	308	-3	he	False	O	False	2	1	1	1
1721	59	6	63	0	he	True	-3	10	0	0	0	0	200	200	200	200	-3	he	False	O	False	2	1	1	1
1722	59	6	139	0	he	True	-3	11	0	0	0	0	180	304	304	304	-3	he	False	O	False	2	1	1	1
1723	59	6	165	0	he	True	-3	12	0	0	0	0	244	244	244	244	-3	he	False	O	False	2	1	1	1
1724	59	6	120	0	he	True	-3	13	0	0	0	0	412	412	412	412	-3	he	False	O	False	2	1	1	1
1725	59	6	38	0	he	True	-3	14	0	0	0	0	212	212	212	212	-3	he	False	O	False	2	1	1	1
1727	59	6	73	0	he	True	-3	16	0	0	0	0	148	148	148	148	-3	he	False	O	False	2	1	1	1
1728	59	6	108	0	he	True	-3	17	0	0	0	0	232	392	392	392	-3	he	False	O	False	2	1	1	1
1730	59	6	121	0	he	True	-3	19	0	0	0	0	272	400	400	400	-3	he	False	O	False	2	1	1	1
1732	59	6	187	0	he	True	-3	21	0	0	0	0	144	144	144	144	-3	he	False	O	False	2	1	1	1
1733	59	6	42	0	he	True	-3	22	144	144	144	1908	600	600	600	600	-3	he	False	O	False	2	1	1	0
1734	59	6	193	0	he	True	-3	23	0	0	0	0	332	332	332	332	-3	he	False	O	False	2	1	1	1
1735	59	6	79	0	he	True	-3	24	0	0	0	0	308	308	308	744	-3	he	False	O	False	2	1	1	1
1736	59	6	73	0	he	True	-3	25	0	0	0	0	208	208	336	528	-3	he	False	O	False	2	1	1	1
1737	59	6	192	0	he	True	-3	27	0	0	0	0	188	188	188	188	-3	he	False	O	False	2	1	1	1
1738	59	6	113	0	he	True	-3	28	0	0	0	0	208	208	372	540	-3	he	False	O	False	2	1	1	1
1739	59	6	164	0	he	True	-3	29	0	0	0	0	180	180	180	360	-3	he	False	O	False	2	1	1	1
1740	59	6	187	0	he	True	-3	30	244	244	244	244	216	216	216	216	-3	he	False	O	False	2	1	1	0
1741	59	6	32	0	he	True	-3	31	0	0	0	0	176	176	176	176	-3	he	False	O	False	2	1	1	1
1743	59	6	156	0	he	True	-3	33	264	264	264	264	128	128	128	128	-3	he	False	O	False	2	1	1	0
1744	59	6	20	0	he	True	-3	34	0	0	0	0	208	208	208	208	-3	he	False	O	False	2	1	1	1
1747	59	6	94	0	he	True	-3	37	136	136	136	136	180	180	180	180	-3	he	False	O	False	2	1	1	0
1748	59	6	188	0	he	True	-3	38	0	0	0	0	152	152	152	152	-3	he	False	O	False	2	1	1	1
1751	59	6	29	0	he	True	-3	41	0	0	0	0	220	220	396	1164	-3	he	False	O	False	2	1	1	1
1752	59	6	6	0	he	True	-3	42	0	0	0	0	224	224	224	364	-3	he	False	O	False	2	1	1	1
1753	59	6	39	0	he	True	-3	43	92	92	92	92	396	396	396	396	-3	he	False	O	False	2	1	1	0
2002	66	7	100	0	his	True	-6	1	160	160	360	700	80	80	80	244	-6	his	False	P	False	3	1	1	0
2003	66	7	141	0	his	True	-6	2	108	108	108	108	108	108	108	688	-6	his	False	P	False	3	1	1	0
2004	66	7	44	0	his	True	-6	3	372	372	372	372	700	700	700	700	-6	his	False	P	False	3	1	1	0
2005	66	7	3	0	his	True	-6	4	172	328	328	328	156	156	156	912	-6	his	False	P	False	3	1	1	0
2006	66	7	158	0	his	True	-6	5	0	0	0	0	224	224	224	312	-6	his	False	P	False	3	1	1	1
2007	66	7	154	0	his	True	-6	6	0	0	0	0	272	272	272	272	-6	his	False	P	False	3	1	1	1
2008	66	7	17	0	his	True	-6	7	188	188	464	1060	320	320	476	636	-6	his	False	P	False	3	1	1	0
2009	66	7	105	0	his	True	-6	8	316	792	792	792	268	268	268	1076	-6	his	False	P	False	3	1	1	0
2010	66	7	157	0	his	True	-6	10	248	248	404	640	36	384	384	1080	-6	his	False	P	False	3	1	1	0
2011	66	7	148	0	his	True	-6	11	356	356	356	356	108	108	108	108	-6	his	False	P	False	3	1	1	0
2013	66	7	43	0	his	True	-6	13	384	384	384	592	216	216	216	216	-6	his	False	P	False	3	1	1	0
2015	66	7	45	0	his	True	-6	15	140	280	280	384	152	152	152	152	-6	his	False	P	False	3	1	1	0
2016	66	7	201	0	his	True	-6	16	208	208	208	208	204	204	204	660	-6	his	False	P	False	3	1	1	0
2019	66	7	174	0	his	True	-6	19	168	168	168	168	100	100	100	284	-6	his	False	P	False	3	1	1	0
2020	66	7	107	0	his	True	-6	20	0	0	0	0	168	168	168	1068	-6	his	False	P	False	3	1	1	1
2021	66	7	160	0	his	True	-6	21	0	0	0	0	160	160	160	324	-6	his	False	P	False	3	1	1	1
2022	66	7	144	0	his	True	-6	22	612	612	884	1096	292	292	292	1472	-6	his	False	P	False	3	1	1	0
2023	66	7	27	0	his	True	-6	23	132	132	132	132	224	344	344	1348	-6	his	False	P	False	3	1	1	0
2025	66	7	116	0	his	True	-6	25	168	168	168	168	268	268	660	1204	-6	his	False	P	False	3	1	1	0
2026	66	7	25	0	his	True	-6	27	216	504	504	504	228	228	228	228	-6	his	False	P	False	3	1	1	0
2027	66	7	52	0	his	True	-6	28	172	172	172	344	240	240	240	240	-6	his	False	P	False	3	1	1	0
2028	66	7	132	0	his	True	-6	29	324	324	324	424	284	284	284	284	-6	his	False	P	False	3	1	1	0
2030	66	7	155	0	his	True	-6	31	0	0	0	0	116	116	116	116	-6	his	False	P	False	3	1	1	1
2031	66	7	114	0	his	True	-6	32	300	300	300	472	96	96	96	96	-6	his	False	P	False	3	1	1	0
2032	66	7	92	0	his	True	-6	33	112	112	112	112	140	140	296	904	-6	his	False	P	False	3	1	1	0
2034	66	7	52	0	his	True	-6	35	156	156	156	156	120	120	120	656	-6	his	False	P	False	3	1	1	0
2036	66	7	143	0	his	True	-6	37	172	172	172	172	248	248	248	248	-6	his	False	P	False	3	1	1	0
2038	66	7	171	0	his	True	-6	39	0	0	0	0	168	168	168	168	-6	his	False	P	False	3	1	1	1
2039	66	7	36	0	his	True	-6	40	0	0	0	0	232	232	392	928	-6	his	False	P	False	3	1	1	1
2040	66	7	173	0	his	True	-6	41	208	208	208	208	268	268	268	268	-6	his	False	P	False	3	1	1	0
2041	66	7	151	0	his	True	-6	42	236	236	236	1140	404	404	404	404	-6	his	False	P	False	3	1	1	0
2042	66	7	156	0	his	True	-6	43	120	804	804	804	196	196	196	196	-6	his	False	P	False	3	1	1	0
2084	71	7	11	0	his	False	-6	1	280	280	280	280	680	680	680	1044	-6	his	False	P	False	3	0	1	0
2085	71	7	19	0	his	False	-6	2	208	208	208	428	220	220	220	844	-6	his	False	P	False	3	0	1	0
2086	71	7	53	0	his	False	-6	3	332	332	332	484	156	156	156	156	-6	his	False	P	False	3	0	1	0
2088	71	7	204	0	his	False	-6	5	0	0	0	0	236	236	236	956	-6	his	False	P	False	3	0	1	1
2090	71	7	9	0	his	False	-6	7	132	132	132	132	100	100	492	1916	-6	his	False	P	False	3	0	1	0
2091	71	7	120	0	his	False	-6	8	0	0	0	0	508	508	508	508	-6	his	False	P	False	3	0	1	1
2092	71	7	56	0	his	False	-6	10	184	184	184	184	140	140	312	880	-6	his	False	P	False	3	0	1	0
2093	71	7	182	0	his	False	-6	11	204	204	204	392	128	292	292	292	-6	his	False	P	False	3	0	1	0
2094	71	7	156	0	his	False	-6	12	0	0	0	0	208	208	208	1160	-6	his	False	P	False	3	0	1	1
2095	71	7	64	0	his	False	-6	13	196	196	196	196	240	240	240	724	-6	his	False	P	False	3	0	1	0
2096	71	7	109	0	his	False	-6	14	0	0	0	0	172	172	172	756	-6	his	False	P	False	3	0	1	1
2097	71	7	46	0	his	False	-6	15	0	0	0	0	272	544	544	988	-6	his	False	P	False	3	0	1	1
2098	71	7	164	0	his	False	-6	16	228	228	228	228	152	760	1116	1236	-6	his	False	P	False	3	0	1	0
2099	71	7	36	0	his	False	-6	18	216	216	216	216	156	156	360	896	-6	his	False	P	False	3	0	1	0
2100	71	7	97	0	his	False	-6	19	232	232	232	232	64	64	64	452	-6	his	False	P	False	3	0	1	0
2101	71	7	138	0	his	False	-6	20	0	0	0	0	204	204	524	1468	-6	his	False	P	False	3	0	1	1
2102	71	7	118	0	his	False	-6	21	0	0	0	0	196	196	196	612	-6	his	False	P	False	3	0	1	1
2103	71	7	17	0	his	False	-6	22	0	0	0	0	400	400	400	884	-6	his	False	P	False	3	0	1	1
2104	71	7	23	0	his	False	-6	23	184	184	184	184	232	436	932	2888	-6	his	False	P	False	3	0	1	0
2105	71	7	57	0	his	False	-6	24	0	0	0	0	160	252	252	592	-6	his	False	P	False	3	0	1	1
2106	71	7	130	0	his	False	-6	25	212	212	212	324	216	216	508	816	-6	his	False	P	False	3	0	1	0
2107	71	7	118	0	his	False	-6	27	0	0	0	0	172	476	828	1068	-6	his	False	P	False	3	0	1	1
2108	71	7	197	0	his	False	-6	28	0	0	0	0	196	196	672	1096	-6	his	False	P	False	3	0	1	1
2109	71	7	205	0	his	False	-6	29	0	0	0	0	232	456	456	456	-6	his	False	P	False	3	0	1	1
2110	71	7	26	0	his	False	-6	30	0	0	0	0	132	132	132	840	-6	his	False	P	False	3	0	1	1
2111	71	7	160	0	his	False	-6	31	140	268	268	268	60	252	252	604	-6	his	False	P	False	3	0	1	0
2112	71	7	73	0	his	False	-6	32	0	0	0	0	212	380	380	532	-6	his	False	P	False	3	0	1	1
2113	71	7	126	0	his	False	-6	33	212	212	368	700	216	216	216	216	-6	his	False	P	False	3	0	1	0
2114	71	7	59	0	his	False	-6	34	0	0	0	0	188	188	188	400	-6	his	False	P	False	3	0	1	1
2115	71	7	139	0	his	False	-6	35	224	224	224	224	164	308	308	1580	-6	his	False	P	False	3	0	1	0
2116	71	7	89	0	his	False	-6	36	184	184	184	184	116	116	116	596	-6	his	False	P	False	3	0	1	0
2117	71	7	172	0	his	False	-6	37	0	0	0	0	92	92	92	704	-6	his	False	P	False	3	0	1	1
2118	71	7	103	0	his	False	-6	38	264	264	264	264	140	140	140	1976	-6	his	False	P	False	3	0	1	0
2119	71	7	103	0	his	False	-6	39	248	248	248	248	164	164	288	460	-6	his	False	P	False	3	0	1	0
2120	71	7	3	0	his	False	-6	40	0	0	0	0	180	180	368	1296	-6	his	False	P	False	3	0	1	1
2121	71	7	170	0	his	False	-6	41	184	184	184	316	168	168	168	168	-6	his	False	P	False	3	0	1	0
2122	71	7	29	0	his	False	-6	42	156	156	156	156	280	280	372	1440	-6	his	False	P	False	3	0	1	0
2123	71	7	44	0	his	False	-6	43	0	0	0	0	172	172	568	764	-6	his	False	P	False	3	0	1	1
2453	84	7	112	0	him	True	-5	1	0	0	0	0	208	208	208	332	-5	him	False	O	False	3	1	1	1
2454	84	7	84	0	him	True	-5	2	0	0	0	0	240	240	240	1704	-5	him	False	O	False	3	1	1	1
2456	84	7	81	0	him	True	-5	4	140	140	140	140	160	160	160	160	-5	him	False	O	False	3	1	1	0
2458	84	7	150	0	him	True	-5	6	304	304	304	616	204	204	204	824	-5	him	False	O	False	3	1	1	0
2460	84	7	50	0	him	True	-5	8	0	0	0	0	216	216	216	216	-5	him	False	O	False	3	1	1	1
2461	84	7	55	0	him	True	-5	10	76	76	76	76	152	152	152	152	-5	him	False	O	False	3	1	1	0
2463	84	7	30	0	him	True	-5	12	0	0	0	0	148	148	148	148	-5	him	False	O	False	3	1	1	1
2466	84	7	162	0	him	True	-5	15	0	0	0	0	208	384	384	680	-5	him	False	O	False	3	1	1	1
2467	84	7	134	0	him	True	-5	16	92	92	92	92	236	236	236	236	-5	him	False	O	False	3	1	1	0
2472	84	7	50	0	him	True	-5	21	0	0	0	0	180	180	180	180	-5	him	False	O	False	3	1	1	1
2473	84	7	145	0	him	True	-5	22	0	0	0	0	164	164	164	164	-5	him	False	O	False	3	1	1	1
2477	84	7	105	0	him	True	-5	27	292	292	292	292	216	216	216	756	-5	him	False	O	False	3	1	1	0
2485	84	7	161	0	him	True	-5	35	160	160	160	160	148	148	148	148	-5	him	False	O	False	3	1	1	0
2487	84	7	55	0	him	True	-5	37	128	128	128	128	136	136	136	136	-5	him	False	O	False	3	1	1	0
2488	84	7	99	0	him	True	-5	38	0	0	0	0	292	292	292	292	-5	him	False	O	False	3	1	1	1
2489	84	7	144	0	him	True	-5	39	0	0	0	0	156	156	156	156	-5	him	False	O	False	3	1	1	1
2490	84	7	186	0	him	True	-5	40	0	0	0	0	116	116	116	116	-5	him	False	O	False	3	1	1	1
2492	84	7	87	0	him	True	-5	42	144	144	144	144	328	328	328	468	-5	him	False	O	False	3	1	1	0
2536	87	3	63	0	his	True	-2	1	216	216	216	216	288	288	288	288	-2	his	False	P	False	3	1	1	0
2537	87	3	49	0	his	True	-2	2	0	0	0	0	236	236	236	236	-2	his	False	P	False	3	1	1	1
2538	87	3	161	0	his	True	-2	3	144	144	528	808	128	128	128	128	-2	his	False	P	False	3	1	1	0
2539	87	3	23	0	his	True	-2	4	248	248	248	248	200	200	200	200	-2	his	False	P	False	3	1	1	0
2540	87	3	192	0	his	True	-2	5	0	0	0	0	304	504	504	504	-2	his	False	P	False	3	1	1	1
2541	87	3	183	0	his	True	-2	6	0	0	0	0	144	144	144	144	-2	his	False	P	False	3	1	1	1
2542	87	3	2	0	his	True	-2	7	0	0	0	0	104	208	272	376	-2	his	False	P	False	3	1	1	1
2544	87	3	19	0	his	True	-2	9	200	200	200	200	136	136	136	136	-2	his	False	P	False	3	1	1	0
2545	87	3	115	0	his	True	-2	10	292	292	476	820	136	136	136	136	-2	his	False	P	False	3	1	1	0
2546	87	3	128	0	his	True	-2	11	144	144	144	144	160	160	160	160	-2	his	False	P	False	3	1	1	0
2547	87	3	49	0	his	True	-2	12	0	0	0	0	188	188	348	576	-2	his	False	P	False	3	1	1	1
2548	87	3	141	0	his	True	-2	13	216	216	216	216	160	160	160	160	-2	his	False	P	False	3	1	1	0
2549	87	3	54	0	his	True	-2	14	0	0	0	0	168	304	304	304	-2	his	False	P	False	3	1	1	1
2551	87	3	177	0	his	True	-2	16	160	160	160	160	176	312	312	312	-2	his	False	P	False	3	1	1	0
2552	87	3	29	0	his	True	-2	17	0	0	0	0	312	312	716	1288	-2	his	False	P	False	3	1	1	1
2553	87	3	7	0	his	True	-2	18	0	0	0	0	228	228	228	228	-2	his	False	P	False	3	1	1	1
2554	87	3	86	0	his	True	-2	19	300	300	300	300	384	384	384	384	-2	his	False	P	False	3	1	1	0
2555	87	3	162	0	his	True	-2	20	0	0	0	0	160	160	160	160	-2	his	False	P	False	3	1	1	1
2557	87	3	188	0	his	True	-2	22	204	204	204	204	212	356	356	356	-2	his	False	P	False	3	1	1	0
2558	87	3	112	0	his	True	-2	23	280	280	448	1204	284	532	532	532	-2	his	False	P	False	3	1	1	0
2559	87	3	10	0	his	True	-2	24	232	232	408	692	192	192	364	688	-2	his	False	P	False	3	1	1	0
2560	87	3	159	0	his	True	-2	25	164	164	164	164	168	380	380	676	-2	his	False	P	False	3	1	1	0
2561	87	3	187	0	his	True	-2	27	268	268	268	268	180	180	180	180	-2	his	False	P	False	3	1	1	0
2562	87	3	150	0	his	True	-2	28	312	312	312	312	200	200	200	200	-2	his	False	P	False	3	1	1	0
2564	87	3	149	0	his	True	-2	30	244	244	244	244	184	184	384	976	-2	his	False	P	False	3	1	1	0
2565	87	3	42	0	his	True	-2	31	0	0	0	0	132	212	212	212	-2	his	False	P	False	3	1	1	1
2566	87	3	64	0	his	True	-2	32	268	268	268	268	168	288	288	288	-2	his	False	P	False	3	1	1	0
2567	87	3	4	0	his	True	-2	33	64	168	284	564	96	96	96	96	-2	his	False	P	False	3	1	1	0
2568	87	3	169	0	his	True	-2	34	200	200	200	200	188	188	188	188	-2	his	False	P	False	3	1	1	0
2569	87	3	112	0	his	True	-2	35	232	232	232	232	188	188	188	188	-2	his	False	P	False	3	1	1	0
2570	87	3	84	0	his	True	-2	36	0	0	0	0	304	304	388	656	-2	his	False	P	False	3	1	1	1
2571	87	3	65	0	his	True	-2	37	180	180	180	312	184	316	316	316	-2	his	False	P	False	3	1	1	0
2572	87	3	145	0	his	True	-2	38	0	0	0	0	248	248	476	628	-2	his	False	P	False	3	1	1	1
2573	87	3	163	0	his	True	-2	39	0	0	0	0	316	316	460	652	-2	his	False	P	False	3	1	1	1
2574	87	3	69	0	his	True	-2	40	184	184	388	604	148	148	148	148	-2	his	False	P	False	3	1	1	0
2576	87	3	89	0	his	True	-2	42	140	140	140	140	128	128	128	128	-2	his	False	P	False	3	1	1	0
2577	87	3	50	0	his	True	-2	43	168	168	168	168	160	160	160	160	-2	his	False	P	False	3	1	1	0
2618	88	8	74	0	his	True	-7	1	0	0	0	0	140	140	368	648	-7	his	False	P	False	3	1	1	1
2619	88	8	52	0	his	True	-7	2	0	0	0	0	216	216	484	816	-7	his	False	P	False	3	1	1	1
2620	88	8	54	0	his	True	-7	3	224	224	224	224	240	240	240	240	-7	his	False	P	False	3	1	1	0
2621	88	8	205	0	his	True	-7	4	372	372	372	372	136	284	440	616	-7	his	False	P	False	3	1	1	0
2622	88	8	118	0	his	True	-7	5	236	236	408	2096	168	168	168	540	-7	his	False	P	False	3	1	1	0
2624	88	8	150	0	his	True	-7	7	188	188	540	1488	196	196	196	332	-7	his	False	P	False	3	1	1	0
2626	88	8	141	0	his	True	-7	10	152	152	152	152	152	400	400	1980	-7	his	False	P	False	3	1	1	0
2627	88	8	178	0	his	True	-7	11	220	220	220	220	160	492	492	808	-7	his	False	P	False	3	1	1	0
2628	88	8	145	0	his	True	-7	12	108	108	108	108	140	140	140	468	-7	his	False	P	False	3	1	1	0
2629	88	8	144	0	his	True	-7	13	0	0	0	0	404	404	404	792	-7	his	False	P	False	3	1	1	1
2630	88	8	137	0	his	True	-7	14	472	472	760	852	152	152	152	496	-7	his	False	P	False	3	1	1	0
2631	88	8	159	0	his	True	-7	15	0	0	0	0	492	1032	1248	1356	-7	his	False	P	False	3	1	1	1
2632	88	8	61	0	his	True	-7	16	192	192	192	192	252	356	356	1364	-7	his	False	P	False	3	1	1	0
2633	88	8	131	0	his	True	-7	18	240	240	240	240	204	204	204	204	-7	his	False	P	False	3	1	1	0
2634	88	8	6	0	his	True	-7	19	136	136	136	136	204	204	1028	2440	-7	his	False	P	False	3	1	1	0
2635	88	8	76	0	his	True	-7	20	320	320	320	320	164	164	352	1108	-7	his	False	P	False	3	1	1	0
2636	88	8	131	0	his	True	-7	21	0	0	0	0	176	176	176	176	-7	his	False	P	False	3	1	1	1
2637	88	8	168	0	his	True	-7	22	176	176	176	176	144	144	144	144	-7	his	False	P	False	3	1	1	0
2638	88	8	126	0	his	True	-7	23	304	304	304	304	228	228	904	3200	-7	his	False	P	False	3	1	1	0
2639	88	8	198	0	his	True	-7	24	140	140	140	140	272	272	272	472	-7	his	False	P	False	3	1	1	0
2640	88	8	75	0	his	True	-7	25	212	212	212	340	204	204	204	1248	-7	his	False	P	False	3	1	1	0
2641	88	8	10	0	his	True	-7	27	128	128	128	128	260	260	260	408	-7	his	False	P	False	3	1	1	0
2642	88	8	188	0	his	True	-7	28	116	116	308	816	172	172	172	172	-7	his	False	P	False	3	1	1	0
2643	88	8	15	0	his	True	-7	29	172	172	172	172	108	272	272	272	-7	his	False	P	False	3	1	1	0
2644	88	8	31	0	his	True	-7	30	216	216	216	216	392	392	392	620	-7	his	False	P	False	3	1	1	0
2645	88	8	122	0	his	True	-7	31	0	0	0	0	96	96	96	96	-7	his	False	P	False	3	1	1	1
2647	88	8	109	0	his	True	-7	33	188	188	188	188	76	76	140	1844	-7	his	False	P	False	3	1	1	0
2648	88	8	128	0	his	True	-7	34	0	0	0	0	316	316	316	436	-7	his	False	P	False	3	1	1	1
2649	88	8	199	0	his	True	-7	35	168	168	168	168	124	124	124	124	-7	his	False	P	False	3	1	1	0
2650	88	8	3	0	his	True	-7	36	0	0	0	0	212	212	568	1644	-7	his	False	P	False	3	1	1	1
2652	88	8	91	0	his	True	-7	38	184	184	184	416	236	236	428	768	-7	his	False	P	False	3	1	1	0
2653	88	8	150	0	his	True	-7	39	184	184	184	184	360	360	360	360	-7	his	False	P	False	3	1	1	0
2655	88	8	176	0	his	True	-7	41	240	240	240	240	140	312	312	964	-7	his	False	P	False	3	1	1	0
2656	88	8	62	0	his	True	-7	42	220	220	864	2740	488	488	488	1588	-7	his	False	P	False	3	1	1	0
2657	88	8	17	0	his	True	-7	43	356	356	356	356	152	152	152	152	-7	his	False	P	False	3	1	1	0
2698	89	4	67	0	he	True	-3	1	228	228	228	228	180	180	180	180	-3	he	False	O	False	2	1	1	0
2699	89	4	163	0	he	True	-3	2	0	0	0	0	188	188	188	188	-3	he	False	O	False	2	1	1	1
2700	89	4	148	0	he	True	-3	3	288	288	288	436	152	276	276	276	-3	he	False	O	False	2	1	1	0
2702	89	4	188	0	he	True	-3	5	160	160	160	160	180	180	180	180	-3	he	False	O	False	2	1	1	0
2703	89	4	81	0	he	True	-3	6	0	0	0	0	148	148	148	148	-3	he	False	O	False	2	1	1	1
2705	89	4	164	0	he	True	-3	8	0	0	0	0	184	184	184	184	-3	he	False	O	False	2	1	1	1
2706	89	4	130	0	he	True	-3	10	0	0	0	0	164	164	164	164	-3	he	False	O	False	2	1	1	1
2709	89	4	193	0	he	True	-3	13	0	0	0	0	204	204	204	204	-3	he	False	O	False	2	1	1	1
2710	89	4	150	0	he	True	-3	14	0	0	0	0	200	200	200	200	-3	he	False	O	False	2	1	1	1
2711	89	4	175	0	he	True	-3	15	0	0	0	0	176	176	176	176	-3	he	False	O	False	2	1	1	1
2712	89	4	204	0	he	True	-3	16	208	208	208	208	152	152	152	152	-3	he	False	O	False	2	1	1	0
2713	89	4	72	0	he	True	-3	18	0	0	0	0	212	212	212	212	-3	he	False	O	False	2	1	1	1
2714	89	4	63	0	he	True	-3	19	0	0	0	0	156	156	156	156	-3	he	False	O	False	2	1	1	1
2715	89	4	123	0	he	True	-3	20	0	0	0	0	148	148	148	148	-3	he	False	O	False	2	1	1	1
2716	89	4	93	0	he	True	-3	21	0	0	0	0	224	224	224	744	-3	he	False	O	False	2	1	1	1
2717	89	4	9	0	he	True	-3	22	164	164	164	2644	252	252	252	252	-3	he	False	O	False	2	1	1	0
2718	89	4	48	0	he	True	-3	23	0	0	0	0	292	292	292	292	-3	he	False	O	False	2	1	1	1
2719	89	4	176	0	he	True	-3	24	196	196	196	196	188	188	188	188	-3	he	False	O	False	2	1	1	0
2720	89	4	30	0	he	True	-3	25	0	0	0	0	252	252	252	252	-3	he	False	O	False	2	1	1	1
2721	89	4	18	0	he	True	-3	27	124	124	124	124	184	184	184	184	-3	he	False	O	False	2	1	1	0
2722	89	4	184	0	he	True	-3	28	0	0	0	0	212	476	476	476	-3	he	False	O	False	2	1	1	1
2723	89	4	174	0	he	True	-3	29	0	0	0	0	224	224	224	224	-3	he	False	O	False	2	1	1	1
2724	89	4	99	0	he	True	-3	30	500	500	500	500	200	200	200	200	-3	he	False	O	False	2	1	1	0
2725	89	4	166	0	he	True	-3	31	0	0	0	0	152	152	152	152	-3	he	False	O	False	2	1	1	1
2726	89	4	116	0	he	True	-3	32	0	0	0	0	312	504	504	504	-3	he	False	O	False	2	1	1	1
2727	89	4	113	0	he	True	-3	33	220	220	220	372	176	176	176	176	-3	he	False	O	False	2	1	1	0
2728	89	4	18	0	he	True	-3	34	0	0	0	0	256	256	256	256	-3	he	False	O	False	2	1	1	1
2729	89	4	65	0	he	True	-3	35	0	0	0	0	244	244	244	244	-3	he	False	O	False	2	1	1	1
2730	89	4	17	0	he	True	-3	36	0	0	0	0	232	232	232	400	-3	he	False	O	False	2	1	1	1
2731	89	4	83	0	he	True	-3	37	172	172	172	172	88	88	88	88	-3	he	False	O	False	2	1	1	0
2732	89	4	169	0	he	True	-3	38	0	0	0	0	312	312	312	312	-3	he	False	O	False	2	1	1	1
2734	89	4	68	0	he	True	-3	40	0	0	0	0	252	432	432	432	-3	he	False	O	False	2	1	1	1
2735	89	4	100	0	he	True	-3	41	0	0	0	0	220	220	368	832	-3	he	False	O	False	2	1	1	1
2736	89	4	33	0	he	True	-3	42	0	0	0	0	216	296	296	296	-3	he	False	O	False	2	1	1	1
2737	89	4	38	0	he	True	-3	43	140	140	140	140	148	148	148	148	-3	he	False	O	False	2	1	1	0
2740	89	8	148	0	his	True	-4	3	0	0	0	0	80	80	80	80	-4	his	False	P	False	3	2	1	1
2741	89	8	137	0	his	True	-4	4	244	244	376	1648	472	472	472	472	-4	his	False	P	False	3	2	1	0
2742	89	8	188	0	his	True	-4	5	228	228	228	504	160	160	160	160	-4	his	False	P	False	3	2	1	0
2744	89	8	50	0	his	True	-4	7	160	160	576	1652	288	288	288	288	-4	his	False	P	False	3	2	1	0
2746	89	8	130	0	his	True	-4	10	216	216	216	216	208	208	208	1784	-4	his	False	P	False	3	2	1	0
2747	89	8	101	0	his	True	-4	11	268	528	528	528	152	152	152	152	-4	his	False	P	False	3	2	1	0
2749	89	8	193	0	his	True	-4	13	240	240	240	240	520	520	520	616	-4	his	False	P	False	3	2	1	0
2750	89	8	150	0	his	True	-4	14	240	240	240	240	172	424	424	424	-4	his	False	P	False	3	2	1	0
2752	89	8	204	0	his	True	-4	16	232	232	232	232	212	476	476	476	-4	his	False	P	False	3	2	1	0
2753	89	8	72	0	his	True	-4	18	0	0	0	0	112	112	112	224	-4	his	False	P	False	3	2	1	1
2754	89	8	63	0	his	True	-4	19	164	164	164	164	164	164	164	732	-4	his	False	P	False	3	2	1	0
2755	89	8	123	0	his	True	-4	20	0	0	0	0	168	248	248	796	-4	his	False	P	False	3	2	1	1
2756	89	8	93	0	his	True	-4	21	0	0	0	0	144	144	144	144	-4	his	False	P	False	3	2	1	1
2757	89	8	9	0	his	True	-4	22	356	356	356	356	340	780	1112	10432	-4	his	False	P	False	3	2	1	0
2758	89	8	48	0	his	True	-4	23	180	180	180	180	188	188	188	476	-4	his	False	P	False	3	2	1	0
2760	89	8	30	0	his	True	-4	25	216	216	348	544	236	236	236	504	-4	his	False	P	False	3	2	1	0
2761	89	8	18	0	his	True	-4	27	300	300	300	300	244	244	244	244	-4	his	False	P	False	3	2	1	0
2762	89	8	184	0	his	True	-4	28	216	252	588	824	260	260	260	260	-4	his	False	P	False	3	2	1	0
2763	89	8	174	0	his	True	-4	29	148	148	148	148	120	332	332	332	-4	his	False	P	False	3	2	1	0
2764	89	8	99	0	his	True	-4	30	168	168	168	168	380	380	380	836	-4	his	False	P	False	3	2	1	0
2766	89	8	116	0	his	True	-4	32	420	420	420	420	172	228	228	228	-4	his	False	P	False	3	2	1	0
2767	89	8	113	0	his	True	-4	33	128	128	128	128	288	372	372	372	-4	his	False	P	False	3	2	1	0
2769	89	8	65	0	his	True	-4	35	112	112	112	112	236	236	236	236	-4	his	False	P	False	3	2	1	0
2770	89	8	17	0	his	True	-4	36	0	0	0	0	184	184	184	740	-4	his	False	P	False	3	2	1	1
2771	89	8	83	0	his	True	-4	37	216	216	216	216	224	356	356	356	-4	his	False	P	False	3	2	1	0
2773	89	8	131	0	his	True	-4	39	0	0	0	0	168	168	168	376	-4	his	False	P	False	3	2	1	1
2774	89	8	68	0	his	True	-4	40	204	204	204	204	140	252	440	988	-4	his	False	P	False	3	2	1	0
2775	89	8	100	0	his	True	-4	41	0	0	0	0	160	160	160	480	-4	his	False	P	False	3	2	1	1
2777	89	8	38	0	his	True	-4	43	236	236	236	236	120	120	120	420	-4	his	False	P	False	3	2	1	0
2819	90	3	13	0	his	True	-2	1	256	256	256	256	244	244	244	244	-2	his	False	P	False	3	1	1	0
2820	90	3	170	0	his	True	-2	2	172	172	172	172	156	156	156	156	-2	his	False	P	False	3	1	1	0
2821	90	3	72	0	his	True	-2	3	160	160	160	160	216	296	368	568	-2	his	False	P	False	3	1	1	0
2822	90	3	143	0	his	True	-2	4	0	0	0	0	204	204	204	204	-2	his	False	P	False	3	1	1	1
2823	90	3	169	0	his	True	-2	5	304	304	304	560	228	228	228	228	-2	his	False	P	False	3	1	1	0
2824	90	3	172	0	his	True	-2	6	232	232	232	232	148	276	276	276	-2	his	False	P	False	3	1	1	0
2825	90	3	190	0	his	True	-2	7	0	0	0	0	144	144	144	268	-2	his	False	P	False	3	1	1	1
2827	90	3	71	0	his	True	-2	10	0	0	0	0	264	264	264	744	-2	his	False	P	False	3	1	1	1
2829	90	3	203	0	his	True	-2	12	0	0	0	0	152	152	152	152	-2	his	False	P	False	3	1	1	1
2830	90	3	140	0	his	True	-2	13	232	232	232	232	164	164	164	164	-2	his	False	P	False	3	1	1	0
2831	90	3	132	0	his	True	-2	14	128	128	128	128	220	220	220	220	-2	his	False	P	False	3	1	1	0
2833	90	3	119	0	his	True	-2	16	172	444	444	444	152	152	152	152	-2	his	False	P	False	3	1	1	0
2834	90	3	69	0	his	True	-2	17	132	132	132	132	180	180	180	180	-2	his	False	P	False	3	1	1	0
2835	90	3	102	0	his	True	-2	18	0	0	0	0	184	184	184	184	-2	his	False	P	False	3	1	1	1
2836	90	3	187	0	his	True	-2	19	108	108	108	108	116	304	304	304	-2	his	False	P	False	3	1	1	0
2837	90	3	175	0	his	True	-2	20	152	152	152	152	148	148	148	148	-2	his	False	P	False	3	1	1	0
2839	90	3	165	0	his	True	-2	22	248	248	248	840	468	468	468	468	-2	his	False	P	False	3	1	1	0
2842	90	3	117	0	his	True	-2	25	0	0	0	0	216	216	488	832	-2	his	False	P	False	3	1	1	1
2843	90	3	123	0	his	True	-2	27	232	432	432	432	248	248	248	248	-2	his	False	P	False	3	1	1	0
2844	90	3	96	0	his	True	-2	28	464	464	464	464	152	152	152	152	-2	his	False	P	False	3	1	1	0
2846	90	3	4	0	his	True	-2	30	100	100	428	916	224	412	412	412	-2	his	False	P	False	3	1	1	0
2847	90	3	154	0	his	True	-2	31	0	0	0	0	156	156	156	156	-2	his	False	P	False	3	1	1	1
2848	90	3	62	0	his	True	-2	32	176	176	176	176	284	284	284	284	-2	his	False	P	False	3	1	1	0
2849	90	3	157	0	his	True	-2	33	116	116	116	116	204	204	204	204	-2	his	False	P	False	3	1	1	0
2851	90	3	101	0	his	True	-2	35	0	0	0	0	204	352	352	352	-2	his	False	P	False	3	1	1	1
2852	90	3	114	0	his	True	-2	36	0	0	0	0	188	188	188	188	-2	his	False	P	False	3	1	1	1
2853	90	3	125	0	his	True	-2	37	120	120	120	120	144	480	480	480	-2	his	False	P	False	3	1	1	0
2854	90	3	46	0	his	True	-2	38	0	0	0	0	320	320	320	320	-2	his	False	P	False	3	1	1	1
2855	90	3	116	0	his	True	-2	39	0	0	0	0	152	152	152	152	-2	his	False	P	False	3	1	1	1
2859	90	3	203	0	his	True	-2	43	0	0	0	0	180	180	180	180	-2	his	False	P	False	3	1	1	1
2860	90	8	13	0	his	True	-5	1	284	284	284	284	596	752	752	1020	-5	his	False	P	False	3	2	1	0
2862	90	8	72	0	his	True	-5	3	364	364	364	364	144	144	144	144	-5	his	False	P	False	3	2	1	0
2863	90	8	143	0	his	True	-5	4	0	0	0	0	560	560	560	560	-5	his	False	P	False	3	2	1	1
2866	90	8	190	0	his	True	-5	7	0	0	0	0	136	136	388	872	-5	his	False	P	False	3	2	1	1
2868	90	8	71	0	his	True	-5	10	172	172	172	172	116	116	116	1664	-5	his	False	P	False	3	2	1	0
2869	90	8	21	0	his	True	-5	11	256	256	256	424	404	404	404	404	-5	his	False	P	False	3	2	1	0
2871	90	8	140	0	his	True	-5	13	156	156	156	156	372	372	372	912	-5	his	False	P	False	3	2	1	0
2872	90	8	132	0	his	True	-5	14	356	356	356	356	136	136	136	136	-5	his	False	P	False	3	2	1	0
2873	90	8	131	0	his	True	-5	15	424	424	424	872	200	200	536	860	-5	his	False	P	False	3	2	1	0
2874	90	8	119	0	his	True	-5	16	0	0	0	0	188	996	996	996	-5	his	False	P	False	3	2	1	1
2875	90	8	69	0	his	True	-5	17	0	0	0	0	212	212	212	748	-5	his	False	P	False	3	2	1	1
2876	90	8	102	0	his	True	-5	18	0	0	0	0	308	308	308	776	-5	his	False	P	False	3	2	1	1
2878	90	8	175	0	his	True	-5	20	0	0	0	0	176	176	1032	2116	-5	his	False	P	False	3	2	1	1
2879	90	8	182	0	his	True	-5	21	0	0	0	0	236	236	236	780	-5	his	False	P	False	3	2	1	1
2880	90	8	165	0	his	True	-5	22	0	0	0	0	248	660	660	660	-5	his	False	P	False	3	2	1	1
2881	90	8	197	0	his	True	-5	23	88	272	272	272	604	604	604	604	-5	his	False	P	False	3	2	1	0
2882	90	8	8	0	his	True	-5	24	0	0	0	0	180	180	180	516	-5	his	False	P	False	3	2	1	1
2883	90	8	117	0	his	True	-5	25	0	0	0	0	216	216	880	1668	-5	his	False	P	False	3	2	1	1
2884	90	8	123	0	his	True	-5	27	292	292	292	292	148	148	148	856	-5	his	False	P	False	3	2	1	0
2885	90	8	96	0	his	True	-5	28	364	364	364	364	512	512	512	512	-5	his	False	P	False	3	2	1	0
2886	90	8	10	0	his	True	-5	29	0	0	0	0	268	620	620	620	-5	his	False	P	False	3	2	1	1
2887	90	8	4	0	his	True	-5	30	0	0	0	0	264	388	388	988	-5	his	False	P	False	3	2	1	1
2888	90	8	154	0	his	True	-5	31	160	160	160	160	280	280	280	280	-5	his	False	P	False	3	2	1	0
2889	90	8	62	0	his	True	-5	32	196	196	196	196	236	236	236	488	-5	his	False	P	False	3	2	1	0
2890	90	8	157	0	his	True	-5	33	0	0	0	0	392	392	392	548	-5	his	False	P	False	3	2	1	1
2891	90	8	143	0	his	True	-5	34	0	0	0	0	452	452	452	452	-5	his	False	P	False	3	2	1	1
2892	90	8	101	0	his	True	-5	35	0	0	0	0	332	428	428	428	-5	his	False	P	False	3	2	1	1
2893	90	8	114	0	his	True	-5	36	0	0	0	0	180	180	180	1076	-5	his	False	P	False	3	2	1	1
2894	90	8	125	0	his	True	-5	37	304	304	304	304	144	144	144	384	-5	his	False	P	False	3	2	1	0
2895	90	8	46	0	his	True	-5	38	0	0	0	0	220	220	220	220	-5	his	False	P	False	3	2	1	1
2898	90	8	45	0	his	True	-5	41	0	0	0	0	300	300	300	676	-5	his	False	P	False	3	2	1	1
2899	90	8	94	0	his	True	-5	42	0	0	0	0	244	244	432	1040	-5	his	False	P	False	3	2	1	1
2900	90	8	203	0	his	True	-5	43	208	208	208	208	100	100	100	1128	-5	his	False	P	False	3	2	1	0
3067	93	5	193	0	his	True	-4	1	132	132	132	132	204	204	204	204	-4	his	False	P	False	3	1	1	0
3069	93	5	28	0	his	True	-4	3	212	212	212	212	308	308	308	308	-4	his	False	P	False	3	1	1	0
3070	93	5	146	0	his	True	-4	4	0	0	0	0	216	216	216	216	-4	his	False	P	False	3	1	1	1
3071	93	5	163	0	his	True	-4	5	232	232	232	232	272	272	272	272	-4	his	False	P	False	3	1	1	0
3072	93	5	25	0	his	True	-4	6	0	0	0	0	256	256	256	256	-4	his	False	P	False	3	1	1	1
3073	93	5	124	0	his	True	-4	7	0	0	0	0	156	156	156	156	-4	his	False	P	False	3	1	1	1
3074	93	5	144	0	his	True	-4	8	0	0	0	0	148	308	308	308	-4	his	False	P	False	3	1	1	1
3075	93	5	1	0	his	True	-4	9	192	192	192	192	108	108	108	108	-4	his	False	P	False	3	1	1	0
3077	93	5	25	0	his	True	-4	11	192	192	192	192	148	148	148	148	-4	his	False	P	False	3	1	1	0
3078	93	5	185	0	his	True	-4	12	0	0	0	0	264	264	584	1516	-4	his	False	P	False	3	1	1	1
3079	93	5	205	0	his	True	-4	13	152	152	152	152	120	120	120	120	-4	his	False	P	False	3	1	1	0
3080	93	5	167	0	his	True	-4	14	0	0	0	0	180	180	180	180	-4	his	False	P	False	3	1	1	1
3081	93	5	41	0	his	True	-4	15	0	0	0	0	212	212	212	212	-4	his	False	P	False	3	1	1	1
3082	93	5	2	0	his	True	-4	16	224	224	224	224	136	136	136	136	-4	his	False	P	False	3	1	1	0
3083	93	5	172	0	his	True	-4	17	0	0	0	0	164	164	164	164	-4	his	False	P	False	3	1	1	1
3084	93	5	92	0	his	True	-4	18	0	0	0	0	164	164	164	164	-4	his	False	P	False	3	1	1	1
3085	93	5	110	0	his	True	-4	19	36	36	36	36	228	300	300	300	-4	his	False	P	False	3	1	1	0
3086	93	5	62	0	his	True	-4	20	0	0	0	0	200	200	200	200	-4	his	False	P	False	3	1	1	1
3087	93	5	112	0	his	True	-4	21	0	0	0	0	124	124	124	124	-4	his	False	P	False	3	1	1	1
3089	93	5	32	0	his	True	-4	23	176	176	176	176	152	512	512	512	-4	his	False	P	False	3	1	1	0
3090	93	5	177	0	his	True	-4	24	0	0	0	0	296	296	512	1016	-4	his	False	P	False	3	1	1	1
3091	93	5	135	0	his	True	-4	25	0	0	0	0	248	332	332	332	-4	his	False	P	False	3	1	1	1
3092	93	5	3	0	his	True	-4	27	0	0	0	0	348	348	348	348	-4	his	False	P	False	3	1	1	1
3093	93	5	90	0	his	True	-4	28	0	0	0	0	148	148	376	592	-4	his	False	P	False	3	1	1	1
3094	93	5	95	0	his	True	-4	29	0	0	0	0	236	236	236	236	-4	his	False	P	False	3	1	1	1
3095	93	5	1	0	his	True	-4	30	0	0	0	0	280	496	496	496	-4	his	False	P	False	3	1	1	1
3096	93	5	94	0	his	True	-4	31	0	0	0	0	132	188	188	188	-4	his	False	P	False	3	1	1	1
3098	93	5	201	0	his	True	-4	33	152	152	152	152	224	224	224	224	-4	his	False	P	False	3	1	1	0
3099	93	5	12	0	his	True	-4	34	0	0	0	0	164	164	164	164	-4	his	False	P	False	3	1	1	1
3100	93	5	109	0	his	True	-4	35	192	192	192	192	200	200	200	200	-4	his	False	P	False	3	1	1	0
3101	93	5	148	0	his	True	-4	36	0	0	0	0	244	244	244	244	-4	his	False	P	False	3	1	1	1
3103	93	5	62	0	his	True	-4	38	0	0	0	0	180	296	296	296	-4	his	False	P	False	3	1	1	1
3104	93	5	127	0	his	True	-4	39	0	0	0	0	428	428	428	584	-4	his	False	P	False	3	1	1	1
3105	93	5	88	0	his	True	-4	40	0	0	0	0	140	140	140	140	-4	his	False	P	False	3	1	1	1
3106	93	5	165	0	his	True	-4	41	140	140	140	140	244	244	244	244	-4	his	False	P	False	3	1	1	0
3107	93	5	124	0	his	True	-4	42	0	0	0	0	200	200	200	200	-4	his	False	P	False	3	1	1	1
3108	93	5	74	0	his	True	-4	43	0	0	0	0	216	216	216	216	-4	his	False	P	False	3	1	1	1
3234	101	8	133	0	his	False	-7	2	0	0	0	0	220	220	220	304	-7	his	False	P	False	3	0	1	1
3235	101	8	192	0	his	False	-7	3	0	0	0	0	124	124	124	532	-7	his	False	P	False	3	0	1	1
3236	101	8	189	0	his	False	-7	4	0	0	0	0	164	164	164	164	-7	his	False	P	False	3	0	1	1
3237	101	8	66	0	his	False	-7	5	0	0	0	0	180	180	180	1856	-7	his	False	P	False	3	0	1	1
3238	101	8	184	0	his	False	-7	6	0	0	0	0	324	324	324	324	-7	his	False	P	False	3	0	1	1
3239	101	8	77	0	his	False	-7	7	132	132	352	2220	188	188	188	504	-7	his	False	P	False	3	0	1	0
3241	101	8	178	0	his	False	-7	10	272	272	584	1480	160	160	160	1072	-7	his	False	P	False	3	0	1	0
3242	101	8	156	0	his	False	-7	11	276	276	276	276	164	164	164	164	-7	his	False	P	False	3	0	1	0
3244	101	8	91	0	his	False	-7	13	212	212	212	212	284	284	284	284	-7	his	False	P	False	3	0	1	0
3245	101	8	4	0	his	False	-7	14	140	140	140	140	428	428	428	428	-7	his	False	P	False	3	0	1	0
3246	101	8	143	0	his	False	-7	15	0	0	0	0	236	236	236	656	-7	his	False	P	False	3	0	1	1
3247	101	8	148	0	his	False	-7	16	232	500	500	500	308	308	308	308	-7	his	False	P	False	3	0	1	0
3248	101	8	53	0	his	False	-7	17	0	0	0	0	424	424	424	620	-7	his	False	P	False	3	0	1	1
3249	101	8	35	0	his	False	-7	18	248	248	248	384	412	412	412	412	-7	his	False	P	False	3	0	1	0
3251	101	8	124	0	his	False	-7	20	0	0	0	0	292	292	292	716	-7	his	False	P	False	3	0	1	1
3252	101	8	35	0	his	False	-7	21	0	0	0	0	280	280	280	460	-7	his	False	P	False	3	0	1	1
3253	101	8	1	0	his	False	-7	22	0	0	0	0	156	668	1184	9172	-7	his	False	P	False	3	0	1	1
3254	101	8	26	0	his	False	-7	23	168	168	168	168	236	388	388	1056	-7	his	False	P	False	3	0	1	0
3255	101	8	66	0	his	False	-7	24	152	152	152	152	200	200	200	652	-7	his	False	P	False	3	0	1	0
3256	101	8	169	0	his	False	-7	25	220	220	220	220	136	136	136	316	-7	his	False	P	False	3	0	1	0
3259	101	8	123	0	his	False	-7	29	0	0	0	0	244	368	368	368	-7	his	False	P	False	3	0	1	1
3260	101	8	42	0	his	False	-7	30	196	296	296	296	148	148	148	1388	-7	his	False	P	False	3	0	1	0
3261	101	8	53	0	his	False	-7	31	0	0	0	0	180	180	180	180	-7	his	False	P	False	3	0	1	1
3262	101	8	127	0	his	False	-7	32	324	324	324	496	284	596	596	596	-7	his	False	P	False	3	0	1	0
3263	101	8	54	0	his	False	-7	33	260	260	260	260	396	692	692	692	-7	his	False	P	False	3	0	1	0
3264	101	8	172	0	his	False	-7	34	0	0	0	0	160	160	160	896	-7	his	False	P	False	3	0	1	1
3265	101	8	22	0	his	False	-7	35	0	0	0	0	192	460	460	460	-7	his	False	P	False	3	0	1	1
3266	101	8	173	0	his	False	-7	36	0	0	0	0	236	236	236	608	-7	his	False	P	False	3	0	1	1
3267	101	8	71	0	his	False	-7	37	240	240	240	240	220	600	600	600	-7	his	False	P	False	3	0	1	0
3268	101	8	4	0	his	False	-7	38	140	140	140	140	324	488	488	808	-7	his	False	P	False	3	0	1	0
3269	101	8	53	0	his	False	-7	39	136	136	136	136	132	132	132	1108	-7	his	False	P	False	3	0	1	0
3272	101	8	140	0	his	False	-7	42	0	0	0	0	252	252	252	692	-7	his	False	P	False	3	0	1	1
3273	101	8	134	0	his	False	-7	43	220	220	220	296	288	288	288	920	-7	his	False	P	False	3	0	1	0
3274	102	5	122	0	his	False	-4	1	0	0	0	0	172	172	172	384	-4	his	False	P	False	3	0	1	1
3275	102	5	18	0	his	False	-4	2	0	0	0	0	208	208	208	208	-4	his	False	P	False	3	0	1	1
3276	102	5	167	0	his	False	-4	3	160	320	320	320	148	148	148	148	-4	his	False	P	False	3	0	1	0
3277	102	5	19	0	his	False	-4	4	0	0	0	0	244	244	392	1632	-4	his	False	P	False	3	0	1	1
3279	102	5	179	0	his	False	-4	6	0	0	0	0	180	180	180	180	-4	his	False	P	False	3	0	1	1
3282	102	5	12	0	his	False	-4	10	0	0	0	0	144	144	144	144	-4	his	False	P	False	3	0	1	1
3283	102	5	179	0	his	False	-4	11	0	0	0	0	176	176	176	176	-4	his	False	P	False	3	0	1	1
3285	102	5	102	0	his	False	-4	13	0	0	0	0	156	156	156	156	-4	his	False	P	False	3	0	1	1
3286	102	5	125	0	his	False	-4	14	196	196	196	196	184	184	184	184	-4	his	False	P	False	3	0	1	0
3287	102	5	194	0	his	False	-4	15	0	0	0	0	144	144	144	144	-4	his	False	P	False	3	0	1	1
3288	102	5	7	0	his	False	-4	16	164	164	164	164	140	140	140	140	-4	his	False	P	False	3	0	1	0
3289	102	5	123	0	his	False	-4	17	0	0	0	0	56	56	228	1768	-4	his	False	P	False	3	0	1	1
3290	102	5	138	0	his	False	-4	18	0	0	0	0	140	140	140	140	-4	his	False	P	False	3	0	1	1
3291	102	5	157	0	his	False	-4	19	188	188	188	188	112	112	112	112	-4	his	False	P	False	3	0	1	0
3292	102	5	159	0	his	False	-4	20	256	256	256	256	200	200	384	788	-4	his	False	P	False	3	0	1	0
3293	102	5	109	0	his	False	-4	21	0	0	0	0	144	144	144	144	-4	his	False	P	False	3	0	1	1
3294	102	5	26	0	his	False	-4	22	0	0	0	0	140	140	376	1968	-4	his	False	P	False	3	0	1	1
3295	102	5	202	0	his	False	-4	23	176	176	176	176	360	360	360	360	-4	his	False	P	False	3	0	1	0
3296	102	5	83	0	his	False	-4	24	168	168	168	168	140	140	140	140	-4	his	False	P	False	3	0	1	0
3297	102	5	138	0	his	False	-4	25	120	120	120	120	176	176	176	176	-4	his	False	P	False	3	0	1	0
3298	102	5	38	0	his	False	-4	27	240	240	240	240	160	292	292	292	-4	his	False	P	False	3	0	1	0
3299	102	5	92	0	his	False	-4	28	372	564	852	1072	292	292	292	292	-4	his	False	P	False	3	0	1	0
3300	102	5	90	0	his	False	-4	29	184	184	184	184	160	160	160	160	-4	his	False	P	False	3	0	1	0
3301	102	5	12	0	his	False	-4	30	440	440	664	1400	180	180	180	180	-4	his	False	P	False	3	0	1	0
3302	102	5	164	0	his	False	-4	31	144	144	144	256	196	196	196	196	-4	his	False	P	False	3	0	1	0
3303	102	5	179	0	his	False	-4	32	0	0	0	0	140	332	332	332	-4	his	False	P	False	3	0	1	1
3304	102	5	189	0	his	False	-4	33	192	192	192	192	168	168	168	168	-4	his	False	P	False	3	0	1	0
3306	102	5	191	0	his	False	-4	35	0	0	0	0	188	188	188	188	-4	his	False	P	False	3	0	1	1
3307	102	5	47	0	his	False	-4	36	0	0	0	0	180	180	180	180	-4	his	False	P	False	3	0	1	1
3308	102	5	189	0	his	False	-4	37	284	284	284	284	196	284	284	284	-4	his	False	P	False	3	0	1	0
3309	102	5	144	0	his	False	-4	38	296	296	296	404	164	164	164	164	-4	his	False	P	False	3	0	1	0
3310	102	5	16	0	his	False	-4	39	0	0	0	0	40	220	380	1160	-4	his	False	P	False	3	0	1	1
3311	102	5	150	0	his	False	-4	40	148	148	148	148	128	128	128	388	-4	his	False	P	False	3	0	1	0
3312	102	5	77	0	his	False	-4	41	0	0	0	0	132	132	300	1416	-4	his	False	P	False	3	0	1	1
3314	102	5	80	0	his	False	-4	43	0	0	0	0	176	176	176	176	-4	his	False	P	False	3	0	1	1
3315	102	8	122	0	his	False	-3	1	0	0	0	0	276	456	456	456	-3	his	False	P	False	3	1	1	1
3317	102	8	167	0	his	False	-3	3	0	0	0	0	176	260	260	556	-3	his	False	P	False	3	1	1	1
3318	102	8	19	0	his	False	-3	4	152	152	152	152	144	472	472	756	-3	his	False	P	False	3	1	1	0
3319	102	8	57	0	his	False	-3	5	0	0	0	0	296	296	472	1880	-3	his	False	P	False	3	1	1	1
3320	102	8	179	0	his	False	-3	6	152	152	152	152	140	140	140	280	-3	his	False	P	False	3	1	1	0
3321	102	8	116	0	his	False	-3	7	36	36	36	36	180	180	384	2592	-3	his	False	P	False	3	1	1	0
3322	102	8	34	0	his	False	-3	8	0	0	0	0	192	392	392	392	-3	his	False	P	False	3	1	1	1
3323	102	8	12	0	his	False	-3	10	248	248	248	248	252	252	252	1164	-3	his	False	P	False	3	1	1	0
3324	102	8	179	0	his	False	-3	11	0	0	0	0	272	272	272	444	-3	his	False	P	False	3	1	1	1
3325	102	8	113	0	his	False	-3	12	0	0	0	0	168	168	168	1108	-3	his	False	P	False	3	1	1	1
3326	102	8	102	0	his	False	-3	13	264	264	264	264	272	508	508	708	-3	his	False	P	False	3	1	1	0
3327	102	8	125	0	his	False	-3	14	0	0	0	0	356	356	356	356	-3	his	False	P	False	3	1	1	1
3328	102	8	194	0	his	False	-3	15	220	220	220	220	172	172	172	172	-3	his	False	P	False	3	1	1	0
3329	102	8	7	0	his	False	-3	16	0	0	0	0	352	1036	1908	2120	-3	his	False	P	False	3	1	1	1
3330	102	8	123	0	his	False	-3	17	0	0	0	0	128	128	128	128	-3	his	False	P	False	3	1	1	1
3331	102	8	138	0	his	False	-3	18	0	0	0	0	184	184	184	184	-3	his	False	P	False	3	1	1	1
3332	102	8	157	0	his	False	-3	19	0	0	0	0	152	152	152	896	-3	his	False	P	False	3	1	1	1
3333	102	8	159	0	his	False	-3	20	164	164	164	164	192	192	192	700	-3	his	False	P	False	3	1	1	0
3334	102	8	109	0	his	False	-3	21	136	136	136	136	184	184	184	184	-3	his	False	P	False	3	1	1	0
3335	102	8	26	0	his	False	-3	22	0	0	0	0	304	476	476	1552	-3	his	False	P	False	3	1	1	1
3336	102	8	202	0	his	False	-3	23	144	144	144	144	368	368	524	1484	-3	his	False	P	False	3	1	1	0
3337	102	8	83	0	his	False	-3	24	0	0	0	0	204	204	204	204	-3	his	False	P	False	3	1	1	1
3338	102	8	138	0	his	False	-3	25	0	0	0	0	212	212	212	656	-3	his	False	P	False	3	1	1	1
3339	102	8	38	0	his	False	-3	27	0	0	0	0	332	608	608	608	-3	his	False	P	False	3	1	1	1
3340	102	8	92	0	his	False	-3	28	0	0	0	0	156	156	316	528	-3	his	False	P	False	3	1	1	1
3341	102	8	90	0	his	False	-3	29	276	276	276	276	152	152	152	288	-3	his	False	P	False	3	1	1	0
3342	102	8	12	0	his	False	-3	30	0	0	0	0	264	424	424	1472	-3	his	False	P	False	3	1	1	1
3343	102	8	164	0	his	False	-3	31	92	92	228	1044	168	168	168	168	-3	his	False	P	False	3	1	1	0
3344	102	8	179	0	his	False	-3	32	0	0	0	0	292	292	292	416	-3	his	False	P	False	3	1	1	1
3345	102	8	189	0	his	False	-3	33	180	180	180	368	144	308	308	904	-3	his	False	P	False	3	1	1	0
3348	102	8	47	0	his	False	-3	36	264	408	408	408	132	132	132	392	-3	his	False	P	False	3	1	1	0
3349	102	8	189	0	his	False	-3	37	128	128	128	128	116	116	116	412	-3	his	False	P	False	3	1	1	0
3350	102	8	144	0	his	False	-3	38	0	0	0	0	144	144	144	144	-3	his	False	P	False	3	1	1	1
3351	102	8	16	0	his	False	-3	39	240	240	240	240	104	104	104	104	-3	his	False	P	False	3	1	1	0
3353	102	8	77	0	his	False	-3	41	188	324	324	324	156	328	328	508	-3	his	False	P	False	3	1	1	0
3354	102	8	128	0	his	False	-3	42	0	0	0	0	192	192	396	1324	-3	his	False	P	False	3	1	1	1
3355	102	8	80	0	his	False	-3	43	0	0	0	0	284	500	500	652	-3	his	False	P	False	3	1	1	1
3397	104	3	95	0	his	False	-2	1	224	224	224	224	192	192	192	192	-2	his	False	P	False	3	0	1	0
3398	104	3	175	0	his	False	-2	2	0	0	0	0	152	152	152	152	-2	his	False	P	False	3	0	1	1
3399	104	3	184	0	his	False	-2	3	200	200	200	200	232	232	232	232	-2	his	False	P	False	3	0	1	0
3401	104	3	196	0	his	False	-2	5	0	0	0	0	228	228	228	228	-2	his	False	P	False	3	0	1	1
3402	104	3	17	0	his	False	-2	6	0	0	0	0	136	136	136	136	-2	his	False	P	False	3	0	1	1
3405	104	3	201	0	his	False	-2	10	184	184	184	184	152	152	152	152	-2	his	False	P	False	3	0	1	0
3406	104	3	124	0	his	False	-2	11	180	180	180	180	128	128	128	128	-2	his	False	P	False	3	0	1	0
3407	104	3	5	0	his	False	-2	12	160	160	160	160	124	124	124	124	-2	his	False	P	False	3	0	1	0
3408	104	3	101	0	his	False	-2	13	232	232	232	232	164	164	164	164	-2	his	False	P	False	3	0	1	0
3412	104	3	134	0	his	False	-2	17	0	0	0	0	192	192	192	192	-2	his	False	P	False	3	0	1	1
3413	104	3	67	0	his	False	-2	18	0	0	0	0	144	144	144	144	-2	his	False	P	False	3	0	1	1
3414	104	3	113	0	his	False	-2	19	156	156	156	156	112	112	112	112	-2	his	False	P	False	3	0	1	0
3415	104	3	15	0	his	False	-2	20	0	0	0	0	188	188	188	188	-2	his	False	P	False	3	0	1	1
3416	104	3	133	0	his	False	-2	21	0	0	0	0	132	132	132	132	-2	his	False	P	False	3	0	1	1
3417	104	3	185	0	his	False	-2	22	0	0	0	0	168	344	344	344	-2	his	False	P	False	3	0	1	1
3418	104	3	93	0	his	False	-2	23	204	204	204	204	156	156	156	464	-2	his	False	P	False	3	0	1	0
3419	104	3	78	0	his	False	-2	24	152	152	152	152	168	168	168	168	-2	his	False	P	False	3	0	1	0
3420	104	3	35	0	his	False	-2	25	240	240	240	240	80	80	224	600	-2	his	False	P	False	3	0	1	0
3421	104	3	76	0	his	False	-2	27	0	0	0	0	224	444	444	444	-2	his	False	P	False	3	0	1	1
3422	104	3	2	0	his	False	-2	28	0	0	0	0	84	552	752	948	-2	his	False	P	False	3	0	1	1
3423	104	3	27	0	his	False	-2	29	0	0	0	0	144	224	384	980	-2	his	False	P	False	3	0	1	1
3424	104	3	27	0	his	False	-2	30	288	288	288	288	212	212	212	212	-2	his	False	P	False	3	0	1	0
3425	104	3	139	0	his	False	-2	31	0	0	0	0	148	148	148	148	-2	his	False	P	False	3	0	1	1
3426	104	3	192	0	his	False	-2	32	188	188	188	188	204	204	204	204	-2	his	False	P	False	3	0	1	0
3427	104	3	76	0	his	False	-2	33	0	0	0	0	80	244	244	288	-2	his	False	P	False	3	0	1	1
3428	104	3	33	0	his	False	-2	34	0	0	0	0	288	392	392	392	-2	his	False	P	False	3	0	1	1
3429	104	3	27	0	his	False	-2	35	164	164	164	164	168	168	168	168	-2	his	False	P	False	3	0	1	0
3431	104	3	9	0	his	False	-2	37	272	272	272	272	192	192	192	192	-2	his	False	P	False	3	0	1	0
3432	104	3	93	0	his	False	-2	38	0	0	0	0	228	228	228	228	-2	his	False	P	False	3	0	1	1
3433	104	3	22	0	his	False	-2	39	292	292	292	1456	432	432	644	940	-2	his	False	P	False	3	0	1	0
3435	104	3	204	0	his	False	-2	41	208	208	208	208	116	116	116	116	-2	his	False	P	False	3	0	1	0
3436	104	3	138	0	his	False	-2	42	0	0	0	0	204	204	204	204	-2	his	False	P	False	3	0	1	1
3437	104	3	110	0	his	False	-2	43	0	0	0	0	160	160	160	160	-2	his	False	P	False	3	0	1	1
3438	106	3	108	0	his	False	-2	1	164	212	212	212	124	124	124	124	-2	his	False	P	False	3	0	1	0
3439	106	3	154	0	his	False	-2	2	164	164	164	164	116	116	116	116	-2	his	False	P	False	3	0	1	0
3440	106	3	177	0	his	False	-2	3	132	248	248	248	180	180	180	180	-2	his	False	P	False	3	0	1	0
3441	106	3	77	0	his	False	-2	4	0	0	0	0	32	208	208	208	-2	his	False	P	False	3	0	1	1
3442	106	3	108	0	his	False	-2	5	216	216	216	904	204	204	204	204	-2	his	False	P	False	3	0	1	0
3444	106	3	16	0	his	False	-2	7	116	116	116	116	124	124	124	124	-2	his	False	P	False	3	0	1	0
3446	106	3	76	0	his	False	-2	10	0	0	0	0	272	272	272	272	-2	his	False	P	False	3	0	1	1
3447	106	3	187	0	his	False	-2	11	164	164	164	164	148	148	148	148	-2	his	False	P	False	3	0	1	0
3448	106	3	194	0	his	False	-2	12	0	0	0	0	188	188	188	188	-2	his	False	P	False	3	0	1	1
3449	106	3	196	0	his	False	-2	13	184	184	184	184	128	128	128	128	-2	his	False	P	False	3	0	1	0
3451	106	3	15	0	his	False	-2	15	0	0	0	0	260	260	260	260	-2	his	False	P	False	3	0	1	1
3452	106	3	16	0	his	False	-2	16	188	188	188	188	148	148	148	148	-2	his	False	P	False	3	0	1	0
3453	106	3	74	0	his	False	-2	17	0	0	0	0	192	192	192	192	-2	his	False	P	False	3	0	1	1
3454	106	3	97	0	his	False	-2	18	0	0	0	0	188	188	188	188	-2	his	False	P	False	3	0	1	1
3455	106	3	2	0	his	False	-2	19	200	200	200	200	104	104	104	104	-2	his	False	P	False	3	0	1	0
3457	106	3	179	0	his	False	-2	21	128	128	128	128	128	128	128	128	-2	his	False	P	False	3	0	1	0
3458	106	3	23	0	his	False	-2	22	0	0	0	0	168	168	316	448	-2	his	False	P	False	3	0	1	1
3459	106	3	52	0	his	False	-2	23	176	176	176	176	268	268	268	268	-2	his	False	P	False	3	0	1	0
3460	106	3	137	0	his	False	-2	24	128	128	128	128	112	112	112	112	-2	his	False	P	False	3	0	1	0
3461	106	3	129	0	his	False	-2	25	264	264	264	828	192	316	316	316	-2	his	False	P	False	3	0	1	0
3463	106	3	20	0	his	False	-2	28	120	228	228	228	192	704	704	704	-2	his	False	P	False	3	0	1	0
3464	106	3	116	0	his	False	-2	29	0	0	0	0	160	160	160	160	-2	his	False	P	False	3	0	1	1
3466	106	3	143	0	his	False	-2	31	0	0	0	0	236	236	236	236	-2	his	False	P	False	3	0	1	1
3467	106	3	133	0	his	False	-2	32	244	244	244	244	228	228	228	228	-2	his	False	P	False	3	0	1	0
3468	106	3	52	0	his	False	-2	33	0	0	0	0	144	144	144	280	-2	his	False	P	False	3	0	1	1
3469	106	3	16	0	his	False	-2	34	0	0	0	0	180	180	180	180	-2	his	False	P	False	3	0	1	1
3470	106	3	159	0	his	False	-2	35	0	0	0	0	180	332	332	332	-2	his	False	P	False	3	0	1	1
3471	106	3	77	0	his	False	-2	36	0	0	0	0	248	248	248	248	-2	his	False	P	False	3	0	1	1
3472	106	3	18	0	his	False	-2	37	0	0	0	0	200	200	200	200	-2	his	False	P	False	3	0	1	1
3473	106	3	20	0	his	False	-2	38	0	0	0	0	224	224	224	292	-2	his	False	P	False	3	0	1	1
3477	106	3	110	0	his	False	-2	42	0	0	0	0	140	140	140	140	-2	his	False	P	False	3	0	1	1
3478	106	3	85	0	his	False	-2	43	224	224	224	224	104	104	104	104	-2	his	False	P	False	3	0	1	0
3561	107	8	94	0	her	True	-7	1	148	148	148	148	220	508	508	508	-7	her	False	O	False	3	2	1	0
3562	107	8	104	0	her	True	-7	2	156	156	156	156	172	172	172	548	-7	her	False	O	False	3	2	1	0
3563	107	8	94	0	her	True	-7	3	232	444	444	444	116	196	196	196	-7	her	False	O	False	3	2	1	0
3564	107	8	6	0	her	True	-7	4	172	172	172	172	92	92	92	768	-7	her	False	O	False	3	2	1	0
3567	107	8	115	0	her	True	-7	7	180	180	352	588	312	312	448	1076	-7	her	False	O	False	3	2	1	0
3568	107	8	71	0	her	True	-7	8	192	192	192	192	140	140	140	400	-7	her	False	O	False	3	2	1	0
3569	107	8	183	0	her	True	-7	10	232	232	232	232	316	316	316	1128	-7	her	False	O	False	3	2	1	0
3570	107	8	154	0	her	True	-7	11	292	292	292	292	248	444	444	444	-7	her	False	O	False	3	2	1	0
3573	107	8	193	0	her	True	-7	14	220	220	392	596	348	348	348	348	-7	her	False	O	False	3	2	1	0
3575	107	8	189	0	her	True	-7	16	200	484	484	484	456	456	612	1204	-7	her	False	O	False	3	2	1	0
3578	107	8	120	0	her	True	-7	19	120	120	120	120	312	312	312	1240	-7	her	False	O	False	3	2	1	0
3579	107	8	151	0	her	True	-7	20	0	0	0	0	304	304	416	976	-7	her	False	O	False	3	2	1	1
3580	107	8	124	0	her	True	-7	21	0	0	0	0	216	216	216	216	-7	her	False	O	False	3	2	1	1
3581	107	8	3	0	her	True	-7	22	264	264	704	1964	160	364	364	364	-7	her	False	O	False	3	2	1	0
3582	107	8	128	0	her	True	-7	23	172	172	172	172	468	468	468	752	-7	her	False	O	False	3	2	1	0
3584	107	8	64	0	her	True	-7	25	168	168	168	168	212	212	400	508	-7	her	False	O	False	3	2	1	0
3585	107	8	17	0	her	True	-7	27	296	296	296	296	192	192	192	192	-7	her	False	O	False	3	2	1	0
3586	107	8	117	0	her	True	-7	28	232	368	368	368	100	100	100	100	-7	her	False	O	False	3	2	1	0
3587	107	8	151	0	her	True	-7	29	216	216	216	216	236	236	236	236	-7	her	False	O	False	3	2	1	0
3588	107	8	142	0	her	True	-7	30	196	196	196	676	232	232	444	636	-7	her	False	O	False	3	2	1	0
3589	107	8	130	0	her	True	-7	31	0	0	0	0	108	108	108	108	-7	her	False	O	False	3	2	1	1
3590	107	8	104	0	her	True	-7	32	164	164	164	164	212	212	212	212	-7	her	False	O	False	3	2	1	0
3591	107	8	96	0	her	True	-7	33	272	272	272	272	188	188	188	1144	-7	her	False	O	False	3	2	1	0
3592	107	8	129	0	her	True	-7	34	0	0	0	0	204	204	204	324	-7	her	False	O	False	3	2	1	1
3593	107	8	116	0	her	True	-7	35	148	148	148	148	164	164	164	164	-7	her	False	O	False	3	2	1	0
3596	107	8	12	0	her	True	-7	38	220	220	220	220	124	124	124	124	-7	her	False	O	False	3	2	1	0
3598	107	8	129	0	her	True	-7	40	0	0	0	0	140	140	140	308	-7	her	False	O	False	3	2	1	1
3599	107	8	13	0	her	True	-7	41	220	220	220	220	108	280	280	280	-7	her	False	O	False	3	2	1	0
3601	107	8	27	0	her	True	-7	43	260	556	556	556	172	172	172	172	-7	her	False	O	False	3	2	1	0
3850	113	8	148	0	his	True	-7	1	0	0	0	0	156	156	156	156	-7	his	False	P	False	3	1	1	1
3851	113	8	146	0	his	True	-7	2	0	0	0	0	168	524	524	524	-7	his	False	P	False	3	1	1	1
3852	113	8	162	0	his	True	-7	3	0	0	0	0	248	248	248	248	-7	his	False	P	False	3	1	1	1
3853	113	8	54	0	his	True	-7	4	0	0	0	0	216	368	368	368	-7	his	False	P	False	3	1	1	1
3854	113	8	5	0	his	True	-7	5	0	0	0	0	280	280	280	1036	-7	his	False	P	False	3	1	1	1
3855	113	8	131	0	his	True	-7	6	0	0	0	0	612	612	612	612	-7	his	False	P	False	3	1	1	1
3857	113	8	181	0	his	True	-7	8	200	200	200	200	200	200	404	1712	-7	his	False	P	False	3	1	1	0
3858	113	8	57	0	his	True	-7	10	0	0	0	0	184	184	184	184	-7	his	False	P	False	3	1	1	1
3859	113	8	23	0	his	True	-7	11	136	136	136	136	236	544	544	544	-7	his	False	P	False	3	1	1	0
3860	113	8	135	0	his	True	-7	12	0	0	0	0	180	440	440	440	-7	his	False	P	False	3	1	1	1
3862	113	8	32	0	his	True	-7	14	0	0	0	0	312	312	312	312	-7	his	False	P	False	3	1	1	1
3863	113	8	179	0	his	True	-7	15	0	0	0	0	104	440	796	1088	-7	his	False	P	False	3	1	1	1
3864	113	8	68	0	his	True	-7	16	180	180	180	180	256	396	396	396	-7	his	False	P	False	3	1	1	0
3865	113	8	131	0	his	True	-7	17	0	0	0	0	152	344	344	344	-7	his	False	P	False	3	1	1	1
3866	113	8	193	0	his	True	-7	18	0	0	0	0	204	204	204	204	-7	his	False	P	False	3	1	1	1
3867	113	8	177	0	his	True	-7	19	0	0	0	0	120	452	452	452	-7	his	False	P	False	3	1	1	1
3869	113	8	155	0	his	True	-7	21	180	180	180	180	416	416	416	416	-7	his	False	P	False	3	1	1	0
3870	113	8	195	0	his	True	-7	22	0	0	0	0	356	356	356	356	-7	his	False	P	False	3	1	1	1
3871	113	8	25	0	his	True	-7	23	0	0	0	0	152	432	432	432	-7	his	False	P	False	3	1	1	1
3872	113	8	173	0	his	True	-7	24	0	0	0	0	256	256	484	860	-7	his	False	P	False	3	1	1	1
3873	113	8	72	0	his	True	-7	25	0	0	0	0	260	260	260	260	-7	his	False	P	False	3	1	1	1
3874	113	8	104	0	his	True	-7	27	0	0	0	0	276	508	508	508	-7	his	False	P	False	3	1	1	1
3875	113	8	195	0	his	True	-7	28	0	0	0	0	348	484	484	484	-7	his	False	P	False	3	1	1	1
3876	113	8	173	0	his	True	-7	29	0	0	0	0	124	124	124	124	-7	his	False	P	False	3	1	1	1
3877	113	8	16	0	his	True	-7	30	0	0	0	0	316	376	740	1912	-7	his	False	P	False	3	1	1	1
3879	113	8	205	0	his	True	-7	32	0	0	0	0	176	176	176	176	-7	his	False	P	False	3	1	1	1
3880	113	8	28	0	his	True	-7	33	168	168	168	168	160	160	160	160	-7	his	False	P	False	3	1	1	0
3881	113	8	117	0	his	True	-7	34	140	140	140	140	304	304	304	304	-7	his	False	P	False	3	1	1	0
3882	113	8	33	0	his	True	-7	35	0	0	0	0	128	128	128	128	-7	his	False	P	False	3	1	1	1
3884	113	8	165	0	his	True	-7	37	0	0	0	0	172	436	436	436	-7	his	False	P	False	3	1	1	1
3885	113	8	73	0	his	True	-7	38	0	0	0	0	304	304	304	304	-7	his	False	P	False	3	1	1	1
3886	113	8	91	0	his	True	-7	39	0	0	0	0	152	152	152	152	-7	his	False	P	False	3	1	1	1
3888	113	8	32	0	his	True	-7	41	176	176	176	176	248	248	248	248	-7	his	False	P	False	3	1	1	0
3889	113	8	174	0	his	True	-7	42	264	264	264	264	268	268	268	528	-7	his	False	P	False	3	1	1	0
3890	113	8	177	0	his	True	-7	43	0	0	0	0	184	184	184	184	-7	his	False	P	False	3	1	1	1
3932	114	6	79	0	him	True	-5	1	236	236	236	236	360	360	360	360	-5	him	False	O	False	3	1	1	0
3937	114	6	75	0	him	True	-5	6	0	0	0	0	256	256	256	256	-5	him	False	O	False	3	1	1	1
3939	114	6	195	0	him	True	-5	8	0	0	0	0	296	296	296	296	-5	him	False	O	False	3	1	1	1
3944	114	6	76	0	him	True	-5	14	0	0	0	0	244	244	244	244	-5	him	False	O	False	3	1	1	1
3946	114	6	135	0	him	True	-5	16	208	348	348	348	172	172	172	172	-5	him	False	O	False	3	1	1	0
3947	114	6	6	0	him	True	-5	17	0	0	0	0	316	316	316	316	-5	him	False	O	False	3	1	1	1
3948	114	6	158	0	him	True	-5	18	0	0	0	0	224	224	224	224	-5	him	False	O	False	3	1	1	1
3949	114	6	12	0	him	True	-5	19	120	120	120	120	208	208	208	208	-5	him	False	O	False	3	1	1	0
3951	114	6	33	0	him	True	-5	21	0	0	0	0	184	184	184	184	-5	him	False	O	False	3	1	1	1
3953	114	6	205	0	him	True	-5	23	220	220	220	220	232	232	232	232	-5	him	False	O	False	3	1	1	0
3955	114	6	101	0	him	True	-5	25	0	0	0	0	208	208	208	208	-5	him	False	O	False	3	1	1	1
3956	114	6	67	0	him	True	-5	27	240	240	240	548	304	304	304	304	-5	him	False	O	False	3	1	1	0
3957	114	6	170	0	him	True	-5	28	268	268	268	268	136	136	136	136	-5	him	False	O	False	3	1	1	0
3958	114	6	167	0	him	True	-5	29	0	0	0	0	164	164	164	164	-5	him	False	O	False	3	1	1	1
3959	114	6	170	0	him	True	-5	30	320	320	320	320	256	256	256	256	-5	him	False	O	False	3	1	1	0
3963	114	6	11	0	him	True	-5	34	0	0	0	0	204	204	204	204	-5	him	False	O	False	3	1	1	1
3964	114	6	23	0	him	True	-5	35	0	0	0	0	140	140	140	140	-5	him	False	O	False	3	1	1	1
3967	114	6	100	0	him	True	-5	38	0	0	0	0	272	272	272	364	-5	him	False	O	False	3	1	1	1
3970	114	6	103	0	him	True	-5	41	0	0	0	0	16	16	296	1460	-5	him	False	O	False	3	1	1	1
3971	114	6	52	0	him	True	-5	42	0	0	0	0	340	340	340	340	-5	him	False	O	False	3	1	1	1
3972	114	6	147	0	him	True	-5	43	232	232	232	232	180	180	180	180	-5	him	False	O	False	3	1	1	0
3973	114	8	79	0	they	True	-6	1	0	0	0	0	236	236	236	236	-6	they	False	O	True	4	2	1	1
3975	114	8	127	0	they	True	-6	3	168	168	336	564	196	196	196	196	-6	they	False	O	True	4	2	1	0
3976	114	8	74	0	they	True	-6	4	132	132	132	132	168	168	168	168	-6	they	False	O	True	4	2	1	0
3977	114	8	121	0	they	True	-6	5	156	216	216	216	216	216	216	216	-6	they	False	O	True	4	2	1	0
3978	114	8	75	0	they	True	-6	6	0	0	0	0	412	412	620	828	-6	they	False	O	True	4	2	1	1
3979	114	8	52	0	they	True	-6	7	0	0	0	0	220	220	220	272	-6	they	False	O	True	4	2	1	1
3980	114	8	195	0	they	True	-6	8	276	276	276	276	204	204	204	328	-6	they	False	O	True	4	2	1	0
3981	114	8	48	0	they	True	-6	10	160	160	160	160	132	132	132	132	-6	they	False	O	True	4	2	1	0
3982	114	8	121	0	they	True	-6	11	168	168	168	168	288	288	288	288	-6	they	False	O	True	4	2	1	0
3984	114	8	161	0	they	True	-6	13	236	236	236	236	180	180	180	560	-6	they	False	O	True	4	2	1	0
3986	114	8	127	0	they	True	-6	15	0	0	0	0	272	272	272	580	-6	they	False	O	True	4	2	1	1
3987	114	8	135	0	they	True	-6	16	216	216	216	216	268	268	268	268	-6	they	False	O	True	4	2	1	0
3989	114	8	158	0	they	True	-6	18	212	212	212	212	196	348	348	348	-6	they	False	O	True	4	2	1	0
3991	114	8	147	0	they	True	-6	20	200	200	200	200	140	140	140	140	-6	they	False	O	True	4	2	1	0
3993	114	8	132	0	they	True	-6	22	252	252	252	252	212	212	212	212	-6	they	False	O	True	4	2	1	0
3995	114	8	147	0	they	True	-6	24	136	136	136	136	184	184	720	948	-6	they	False	O	True	4	2	1	0
3996	114	8	101	0	they	True	-6	25	204	204	204	204	152	152	152	152	-6	they	False	O	True	4	2	1	0
3997	114	8	67	0	they	True	-6	27	208	208	208	208	212	212	212	212	-6	they	False	O	True	4	2	1	0
3998	114	8	170	0	they	True	-6	28	0	0	0	0	172	172	172	172	-6	they	False	O	True	4	2	1	1
4000	114	8	170	0	they	True	-6	30	132	132	132	132	324	324	324	324	-6	they	False	O	True	4	2	1	0
4001	114	8	150	0	they	True	-6	31	0	0	0	0	124	124	124	240	-6	they	False	O	True	4	2	1	1
4002	114	8	135	0	they	True	-6	32	256	256	256	256	352	352	352	352	-6	they	False	O	True	4	2	1	0
4003	114	8	51	0	they	True	-6	33	92	288	288	288	60	200	344	1524	-6	they	False	O	True	4	2	1	0
4004	114	8	11	0	they	True	-6	34	316	316	316	480	224	224	224	224	-6	they	False	O	True	4	2	1	0
4005	114	8	23	0	they	True	-6	35	180	180	180	180	172	172	172	172	-6	they	False	O	True	4	2	1	0
4006	114	8	178	0	they	True	-6	36	0	0	0	0	176	176	176	176	-6	they	False	O	True	4	2	1	1
4007	114	8	180	0	they	True	-6	37	136	320	320	320	144	144	144	144	-6	they	False	O	True	4	2	1	0
4011	114	8	103	0	they	True	-6	41	192	192	192	192	252	252	252	252	-6	they	False	O	True	4	2	1	0
4012	114	8	52	0	they	True	-6	42	0	0	0	0	428	428	428	428	-6	they	False	O	True	4	2	1	1
4013	114	8	147	0	they	True	-6	43	0	0	0	0	184	420	420	992	-6	they	False	O	True	4	2	1	1
4055	116	8	71	0	his	False	-5	1	168	168	168	168	496	496	496	496	-5	his	False	P	False	3	0	1	0
4056	116	8	183	0	his	False	-5	2	0	0	0	0	188	188	188	188	-5	his	False	P	False	3	0	1	1
4057	116	8	146	0	his	False	-5	3	0	0	0	0	224	256	256	256	-5	his	False	P	False	3	0	1	1
4058	116	8	136	0	his	False	-5	4	0	0	0	0	160	160	160	160	-5	his	False	P	False	3	0	1	1
4059	116	8	116	0	his	False	-5	5	0	0	0	0	268	268	268	268	-5	his	False	P	False	3	0	1	1
4061	116	8	39	0	his	False	-5	7	0	0	0	0	192	192	192	192	-5	his	False	P	False	3	0	1	1
4062	116	8	184	0	his	False	-5	8	144	144	144	144	352	352	352	352	-5	his	False	P	False	3	0	1	0
4063	116	8	121	0	his	False	-5	10	76	76	76	76	204	204	204	204	-5	his	False	P	False	3	0	1	0
4064	116	8	84	0	his	False	-5	11	0	0	0	0	180	644	644	644	-5	his	False	P	False	3	0	1	1
4065	116	8	98	0	his	False	-5	12	0	0	0	0	176	648	648	1288	-5	his	False	P	False	3	0	1	1
4066	116	8	118	0	his	False	-5	13	0	0	0	0	232	232	232	324	-5	his	False	P	False	3	0	1	1
4067	116	8	119	0	his	False	-5	14	0	0	0	0	528	528	528	528	-5	his	False	P	False	3	0	1	1
4068	116	8	43	0	his	False	-5	15	184	184	184	184	320	320	320	1132	-5	his	False	P	False	3	0	1	0
4069	116	8	145	0	his	False	-5	16	140	140	140	140	184	184	184	184	-5	his	False	P	False	3	0	1	0
4070	116	8	147	0	his	False	-5	17	0	0	0	0	316	316	316	1252	-5	his	False	P	False	3	0	1	1
4071	116	8	56	0	his	False	-5	18	0	0	0	0	260	604	604	604	-5	his	False	P	False	3	0	1	1
4072	116	8	149	0	his	False	-5	19	0	0	0	0	220	748	748	2064	-5	his	False	P	False	3	0	1	1
4073	116	8	93	0	his	False	-5	20	0	0	0	0	460	460	460	1876	-5	his	False	P	False	3	0	1	1
4074	116	8	114	0	his	False	-5	21	0	0	0	0	216	216	216	216	-5	his	False	P	False	3	0	1	1
4075	116	8	45	0	his	False	-5	22	0	0	0	0	268	568	760	972	-5	his	False	P	False	3	0	1	1
4076	116	8	45	0	his	False	-5	23	0	0	0	0	188	388	388	388	-5	his	False	P	False	3	0	1	1
4077	116	8	53	0	his	False	-5	24	0	0	0	0	208	208	208	208	-5	his	False	P	False	3	0	1	1
4078	116	8	55	0	his	False	-5	25	0	0	0	0	284	436	436	436	-5	his	False	P	False	3	0	1	1
4079	116	8	74	0	his	False	-5	27	0	0	0	0	312	724	724	724	-5	his	False	P	False	3	0	1	1
4080	116	8	132	0	his	False	-5	28	0	0	0	0	200	328	328	468	-5	his	False	P	False	3	0	1	1
4081	116	8	170	0	his	False	-5	29	0	0	0	0	156	368	368	368	-5	his	False	P	False	3	0	1	1
4082	116	8	49	0	his	False	-5	30	164	164	164	164	216	216	216	216	-5	his	False	P	False	3	0	1	0
4084	116	8	100	0	his	False	-5	32	0	0	0	0	140	140	140	140	-5	his	False	P	False	3	0	1	1
4085	116	8	87	0	his	False	-5	33	0	0	0	0	188	380	484	664	-5	his	False	P	False	3	0	1	1
4086	116	8	42	0	his	False	-5	34	0	0	0	0	188	188	188	188	-5	his	False	P	False	3	0	1	1
4087	116	8	79	0	his	False	-5	35	164	164	164	164	164	164	164	164	-5	his	False	P	False	3	0	1	0
4089	116	8	19	0	his	False	-5	37	0	0	0	0	196	384	384	384	-5	his	False	P	False	3	0	1	1
4090	116	8	119	0	his	False	-5	38	0	0	0	0	176	176	176	176	-5	his	False	P	False	3	0	1	1
4091	116	8	59	0	his	False	-5	39	116	116	116	116	196	196	196	196	-5	his	False	P	False	3	0	1	0
4092	116	8	13	0	his	False	-5	40	0	0	0	0	132	328	328	328	-5	his	False	P	False	3	0	1	1
4093	116	8	89	0	his	False	-5	41	148	148	148	148	196	196	196	196	-5	his	False	P	False	3	0	1	0
4094	116	8	114	0	his	False	-5	42	0	0	0	0	108	108	108	108	-5	his	False	P	False	3	0	1	1
4095	116	8	155	0	his	False	-5	43	0	0	0	0	176	176	176	176	-5	his	False	P	False	3	0	1	1
4096	117	5	48	0	his	False	-4	1	0	0	0	0	184	184	184	184	-4	his	False	P	False	3	0	1	1
4097	117	5	46	0	his	False	-4	2	144	144	144	144	56	56	56	56	-4	his	False	P	False	3	0	1	0
4098	117	5	178	0	his	False	-4	3	200	200	200	200	168	280	280	280	-4	his	False	P	False	3	0	1	0
4100	117	5	187	0	his	False	-4	5	228	228	228	228	184	184	184	184	-4	his	False	P	False	3	0	1	0
4101	117	5	110	0	his	False	-4	6	0	0	0	0	120	120	120	120	-4	his	False	P	False	3	0	1	1
4102	117	5	21	0	his	False	-4	7	0	0	0	0	164	164	164	164	-4	his	False	P	False	3	0	1	1
4103	117	5	168	0	his	False	-4	8	200	200	200	200	128	128	128	128	-4	his	False	P	False	3	0	1	0
4104	117	5	143	0	his	False	-4	10	128	128	128	128	152	152	152	152	-4	his	False	P	False	3	0	1	0
4105	117	5	117	0	his	False	-4	11	140	140	140	140	140	140	140	140	-4	his	False	P	False	3	0	1	0
4107	117	5	36	0	his	False	-4	13	240	240	240	240	188	188	188	188	-4	his	False	P	False	3	0	1	0
4110	117	5	205	0	his	False	-4	16	236	236	236	236	192	192	192	192	-4	his	False	P	False	3	0	1	0
4111	117	5	74	0	his	False	-4	18	0	0	0	0	268	268	268	268	-4	his	False	P	False	3	0	1	1
4112	117	5	159	0	his	False	-4	19	236	236	236	236	144	144	144	144	-4	his	False	P	False	3	0	1	0
4113	117	5	100	0	his	False	-4	20	0	0	0	0	208	208	208	208	-4	his	False	P	False	3	0	1	1
4114	117	5	24	0	his	False	-4	21	0	0	0	0	176	176	176	176	-4	his	False	P	False	3	0	1	1
4115	117	5	135	0	his	False	-4	22	156	156	156	156	148	148	148	148	-4	his	False	P	False	3	0	1	0
4116	117	5	183	0	his	False	-4	23	144	144	144	144	224	224	224	224	-4	his	False	P	False	3	0	1	0
4118	117	5	47	0	his	False	-4	25	212	212	212	212	156	156	156	156	-4	his	False	P	False	3	0	1	0
4121	117	5	85	0	his	False	-4	29	0	0	0	0	180	180	180	180	-4	his	False	P	False	3	0	1	1
4122	117	5	71	0	his	False	-4	30	44	384	384	416	40	40	40	484	-4	his	False	P	False	3	0	1	0
4123	117	5	134	0	his	False	-4	31	0	0	0	0	188	188	188	188	-4	his	False	P	False	3	0	1	1
4125	117	5	26	0	his	False	-4	33	0	0	0	0	184	336	336	336	-4	his	False	P	False	3	0	1	1
4127	117	5	190	0	his	False	-4	35	0	0	0	0	212	212	212	212	-4	his	False	P	False	3	0	1	1
4129	117	5	107	0	his	False	-4	37	152	152	152	152	192	192	192	192	-4	his	False	P	False	3	0	1	0
4130	117	5	176	0	his	False	-4	38	0	0	0	0	188	188	188	188	-4	his	False	P	False	3	0	1	1
4133	117	5	108	0	his	False	-4	41	172	320	320	320	112	112	112	112	-4	his	False	P	False	3	0	1	0
4136	117	8	48	0	she	False	-1	1	164	164	164	164	180	180	180	336	-1	she	False	O	False	3	1	1	0
4137	117	8	46	0	she	False	-1	2	0	0	0	0	212	284	284	284	-1	she	False	O	False	3	1	1	1
4138	117	8	178	0	she	False	-1	3	208	208	208	208	108	108	108	108	-1	she	False	O	False	3	1	1	0
4139	117	8	154	0	she	False	-1	4	0	0	0	0	152	152	152	152	-1	she	False	O	False	3	1	1	1
4143	117	8	168	0	she	False	-1	8	0	0	0	0	384	384	384	384	-1	she	False	O	False	3	1	1	1
4144	117	8	143	0	she	False	-1	10	56	56	56	56	180	180	180	180	-1	she	False	O	False	3	1	1	0
4145	117	8	117	0	she	False	-1	11	0	0	0	0	156	156	156	156	-1	she	False	O	False	3	1	1	1
4146	117	8	110	0	she	False	-1	12	0	0	0	0	152	152	152	152	-1	she	False	O	False	3	1	1	1
4147	117	8	36	0	she	False	-1	13	0	0	0	0	396	396	396	588	-1	she	False	O	False	3	1	1	1
4149	117	8	168	0	she	False	-1	15	0	0	0	0	160	160	160	160	-1	she	False	O	False	3	1	1	1
4150	117	8	205	0	she	False	-1	16	128	128	128	128	92	92	92	92	-1	she	False	O	False	3	1	1	0
4151	117	8	74	0	she	False	-1	18	0	0	0	0	204	204	204	204	-1	she	False	O	False	3	1	1	1
4153	117	8	100	0	she	False	-1	20	256	256	256	256	168	168	168	168	-1	she	False	O	False	3	1	1	0
4154	117	8	24	0	she	False	-1	21	0	0	0	0	252	252	252	252	-1	she	False	O	False	3	1	1	1
4155	117	8	135	0	she	False	-1	22	0	0	0	0	252	252	252	252	-1	she	False	O	False	3	1	1	1
4156	117	8	183	0	she	False	-1	23	0	0	0	0	180	180	180	180	-1	she	False	O	False	3	1	1	1
4157	117	8	5	0	she	False	-1	24	0	0	0	0	312	312	312	312	-1	she	False	O	False	3	1	1	1
4158	117	8	47	0	she	False	-1	25	0	0	0	0	184	184	184	184	-1	she	False	O	False	3	1	1	1
4159	117	8	78	0	she	False	-1	27	0	0	0	0	168	364	364	364	-1	she	False	O	False	3	1	1	1
4160	117	8	37	0	she	False	-1	28	0	0	0	0	188	188	188	332	-1	she	False	O	False	3	1	1	1
4161	117	8	85	0	she	False	-1	29	0	0	0	0	184	184	184	184	-1	she	False	O	False	3	1	1	1
4163	117	8	134	0	she	False	-1	31	0	0	0	0	152	152	152	152	-1	she	False	O	False	3	1	1	1
4164	117	8	80	0	she	False	-1	32	0	0	0	0	200	200	200	200	-1	she	False	O	False	3	1	1	1
4165	117	8	26	0	she	False	-1	33	76	76	76	76	212	212	212	212	-1	she	False	O	False	3	1	1	0
4166	117	8	8	0	she	False	-1	34	0	0	0	0	276	276	276	276	-1	she	False	O	False	3	1	1	1
4167	117	8	190	0	she	False	-1	35	0	0	0	0	148	148	148	148	-1	she	False	O	False	3	1	1	1
4169	117	8	107	0	she	False	-1	37	204	204	204	204	168	168	168	168	-1	she	False	O	False	3	1	1	0
4172	117	8	92	0	she	False	-1	40	0	0	0	0	208	208	208	208	-1	she	False	O	False	3	1	1	1
4174	117	8	65	0	she	False	-1	42	0	0	0	0	204	204	204	204	-1	she	False	O	False	3	1	1	1
4175	117	8	66	0	she	False	-1	43	0	0	0	0	160	160	160	160	-1	she	False	O	False	3	1	1	1
4217	118	8	121	0	him	True	-7	2	0	0	0	0	460	460	460	460	-7	him	False	O	False	3	1	1	1
4218	118	8	144	0	him	True	-7	3	0	0	0	0	428	428	428	428	-7	him	False	O	False	3	1	1	1
4219	118	8	65	0	him	True	-7	4	196	196	196	196	132	132	280	856	-7	him	False	O	False	3	1	1	0
4220	118	8	191	0	him	True	-7	5	0	0	0	0	224	224	224	572	-7	him	False	O	False	3	1	1	1
4221	118	8	125	0	him	True	-7	6	176	176	176	176	164	164	164	164	-7	him	False	O	False	3	1	1	0
4222	118	8	180	0	him	True	-7	7	176	244	244	1016	196	356	356	356	-7	him	False	O	False	3	1	1	0
4223	118	8	198	0	him	True	-7	8	0	0	0	0	244	244	244	244	-7	him	False	O	False	3	1	1	1
4224	118	8	165	0	him	True	-7	10	116	116	116	116	316	316	316	1268	-7	him	False	O	False	3	1	1	0
4225	118	8	151	0	him	True	-7	11	0	0	0	0	284	568	568	568	-7	him	False	O	False	3	1	1	1
4226	118	8	22	0	him	True	-7	12	0	0	0	0	344	344	344	656	-7	him	False	O	False	3	1	1	1
4227	118	8	7	0	him	True	-7	13	0	0	0	0	240	596	596	596	-7	him	False	O	False	3	1	1	1
4228	118	8	43	0	him	True	-7	14	0	0	0	0	164	164	308	500	-7	him	False	O	False	3	1	1	1
4229	118	8	164	0	him	True	-7	15	144	144	144	380	108	108	108	488	-7	him	False	O	False	3	1	1	0
4230	118	8	142	0	him	True	-7	16	0	0	0	0	304	996	996	996	-7	him	False	O	False	3	1	1	1
4231	118	8	75	0	him	True	-7	18	248	248	248	248	124	124	124	124	-7	him	False	O	False	3	1	1	0
4232	118	8	194	0	him	True	-7	19	212	212	212	344	176	176	260	1424	-7	him	False	O	False	3	1	1	0
4233	118	8	11	0	him	True	-7	20	264	264	264	264	60	60	500	1100	-7	him	False	O	False	3	1	1	0
4234	118	8	4	0	him	True	-7	21	0	0	0	0	180	180	180	408	-7	him	False	O	False	3	1	1	1
4235	118	8	77	0	him	True	-7	22	0	0	0	0	284	284	284	284	-7	him	False	O	False	3	1	1	1
4236	118	8	179	0	him	True	-7	23	60	60	60	60	236	420	972	3016	-7	him	False	O	False	3	1	1	0
4237	118	8	161	0	him	True	-7	24	0	0	0	0	204	204	204	536	-7	him	False	O	False	3	1	1	1
4238	118	8	59	0	him	True	-7	25	0	0	0	0	152	292	292	884	-7	him	False	O	False	3	1	1	1
4239	118	8	200	0	him	True	-7	27	184	184	184	184	100	100	100	360	-7	him	False	O	False	3	1	1	0
4240	118	8	100	0	him	True	-7	28	0	0	0	0	324	324	324	324	-7	him	False	O	False	3	1	1	1
4241	118	8	134	0	him	True	-7	29	0	0	0	0	252	472	472	472	-7	him	False	O	False	3	1	1	1
4242	118	8	162	0	him	True	-7	30	252	252	252	252	304	568	568	568	-7	him	False	O	False	3	1	1	0
4243	118	8	123	0	him	True	-7	31	0	0	0	0	136	136	136	136	-7	him	False	O	False	3	1	1	1
4244	118	8	155	0	him	True	-7	32	0	0	0	0	88	88	88	88	-7	him	False	O	False	3	1	1	1
4245	118	8	84	0	him	True	-7	33	0	0	0	0	240	240	336	1084	-7	him	False	O	False	3	1	1	1
4246	118	8	194	0	him	True	-7	34	148	148	148	148	192	192	192	636	-7	him	False	O	False	3	1	1	0
4248	118	8	21	0	him	True	-7	36	0	0	0	0	252	252	252	1244	-7	him	False	O	False	3	1	1	1
4249	118	8	7	0	him	True	-7	37	216	216	216	216	88	88	88	488	-7	him	False	O	False	3	1	1	0
4250	118	8	195	0	him	True	-7	38	0	0	0	0	172	172	172	172	-7	him	False	O	False	3	1	1	1
4253	118	8	33	0	him	True	-7	41	0	0	0	0	232	232	232	756	-7	him	False	O	False	3	1	1	1
4254	118	8	180	0	him	True	-7	42	232	232	232	232	104	104	196	400	-7	him	False	O	False	3	1	1	0
4255	118	8	182	0	him	True	-7	43	0	0	0	0	196	344	344	344	-7	him	False	O	False	3	1	1	1
4256	119	5	139	0	his	False	-4	1	196	196	196	196	196	196	196	196	-4	his	False	P	False	3	0	1	0
4257	119	5	203	0	his	False	-4	2	0	0	0	0	156	276	276	276	-4	his	False	P	False	3	0	1	1
4258	119	5	139	0	his	False	-4	3	156	156	156	156	308	308	308	308	-4	his	False	P	False	3	0	1	0
4259	119	5	196	0	his	False	-4	4	180	180	180	180	272	272	272	272	-4	his	False	P	False	3	0	1	0
4260	119	5	44	0	his	False	-4	5	344	344	344	344	232	232	232	232	-4	his	False	P	False	3	0	1	0
4262	119	5	79	0	his	False	-4	7	32	32	32	32	248	248	248	248	-4	his	False	P	False	3	0	1	0
4263	119	5	122	0	his	False	-4	8	152	152	152	152	140	140	140	140	-4	his	False	P	False	3	0	1	0
4264	119	5	62	0	his	False	-4	10	0	0	0	0	176	308	308	308	-4	his	False	P	False	3	0	1	1
4265	119	5	89	0	his	False	-4	11	140	140	140	140	200	200	200	200	-4	his	False	P	False	3	0	1	0
4266	119	5	140	0	his	False	-4	12	136	136	136	136	188	188	188	188	-4	his	False	P	False	3	0	1	0
4267	119	5	137	0	his	False	-4	13	164	164	164	164	240	240	240	240	-4	his	False	P	False	3	0	1	0
4268	119	5	175	0	his	False	-4	14	148	148	148	148	444	444	444	444	-4	his	False	P	False	3	0	1	0
4269	119	5	64	0	his	False	-4	15	168	168	168	168	220	220	220	220	-4	his	False	P	False	3	0	1	0
4270	119	5	3	0	his	False	-4	16	208	208	208	208	156	156	156	156	-4	his	False	P	False	3	0	1	0
4271	119	5	91	0	his	False	-4	17	0	0	0	0	256	256	256	256	-4	his	False	P	False	3	0	1	1
4272	119	5	16	0	his	False	-4	18	0	0	0	0	176	176	176	176	-4	his	False	P	False	3	0	1	1
4273	119	5	201	0	his	False	-4	19	172	172	172	172	96	96	96	96	-4	his	False	P	False	3	0	1	0
4274	119	5	41	0	his	False	-4	20	0	0	0	0	216	216	216	216	-4	his	False	P	False	3	0	1	1
4275	119	5	126	0	his	False	-4	21	0	0	0	0	208	208	208	208	-4	his	False	P	False	3	0	1	1
4276	119	5	170	0	his	False	-4	22	0	0	0	0	288	496	496	496	-4	his	False	P	False	3	0	1	1
4277	119	5	140	0	his	False	-4	23	160	160	160	160	180	292	796	984	-4	his	False	P	False	3	0	1	0
4278	119	5	47	0	his	False	-4	24	172	172	172	172	288	288	288	288	-4	his	False	P	False	3	0	1	0
4279	119	5	156	0	his	False	-4	25	0	0	0	0	172	476	476	476	-4	his	False	P	False	3	0	1	1
4280	119	5	111	0	his	False	-4	27	240	240	240	240	168	168	168	168	-4	his	False	P	False	3	0	1	0
4281	119	5	58	0	his	False	-4	28	296	296	296	296	152	152	556	692	-4	his	False	P	False	3	0	1	0
4282	119	5	181	0	his	False	-4	29	0	0	0	0	152	256	256	256	-4	his	False	P	False	3	0	1	1
4283	119	5	178	0	his	False	-4	30	280	280	280	280	164	472	472	472	-4	his	False	P	False	3	0	1	0
4284	119	5	8	0	his	False	-4	31	0	0	0	0	188	188	188	276	-4	his	False	P	False	3	0	1	1
4285	119	5	98	0	his	False	-4	32	0	0	0	0	164	512	512	512	-4	his	False	P	False	3	0	1	1
4286	119	5	73	0	his	False	-4	33	0	0	0	0	192	192	192	192	-4	his	False	P	False	3	0	1	1
4287	119	5	70	0	his	False	-4	34	0	0	0	0	244	412	412	412	-4	his	False	P	False	3	0	1	1
4288	119	5	19	0	his	False	-4	35	184	184	184	184	268	268	268	268	-4	his	False	P	False	3	0	1	0
4289	119	5	7	0	his	False	-4	36	0	0	0	0	268	268	268	268	-4	his	False	P	False	3	0	1	1
4290	119	5	53	0	his	False	-4	37	180	180	180	180	220	220	220	220	-4	his	False	P	False	3	0	1	0
4291	119	5	18	0	his	False	-4	38	184	184	184	184	188	188	188	188	-4	his	False	P	False	3	0	1	0
4293	119	5	180	0	his	False	-4	40	0	0	0	0	220	364	364	948	-4	his	False	P	False	3	0	1	1
4294	119	5	143	0	his	False	-4	41	220	220	220	1084	188	188	416	604	-4	his	False	P	False	3	0	1	0
4295	119	5	95	0	his	False	-4	42	0	0	0	0	232	232	232	344	-4	his	False	P	False	3	0	1	1
4296	119	5	96	0	his	False	-4	43	172	172	172	172	156	156	156	156	-4	his	False	P	False	3	0	1	0
4297	119	9	139	0	his	False	-4	1	132	132	132	132	260	260	260	632	-4	his	False	P	False	3	1	1	0
4298	119	9	203	0	his	False	-4	2	0	0	0	0	88	88	88	88	-4	his	False	P	False	3	1	1	1
4299	119	9	139	0	his	False	-4	3	0	0	0	0	164	344	344	416	-4	his	False	P	False	3	1	1	1
4300	119	9	196	0	his	False	-4	4	0	0	0	0	132	132	132	376	-4	his	False	P	False	3	1	1	1
4301	119	9	44	0	his	False	-4	5	0	0	0	0	184	344	344	504	-4	his	False	P	False	3	1	1	1
4302	119	9	128	0	his	False	-4	6	0	0	0	0	132	132	132	132	-4	his	False	P	False	3	1	1	1
4304	119	9	122	0	his	False	-4	8	0	0	0	0	328	328	328	328	-4	his	False	P	False	3	1	1	1
4305	119	9	62	0	his	False	-4	10	116	116	116	116	132	132	484	1588	-4	his	False	P	False	3	1	1	0
4306	119	9	89	0	his	False	-4	11	0	0	0	0	580	580	580	672	-4	his	False	P	False	3	1	1	1
4307	119	9	140	0	his	False	-4	12	0	0	0	0	136	136	136	1068	-4	his	False	P	False	3	1	1	1
4308	119	9	137	0	his	False	-4	13	0	0	0	0	228	764	764	1332	-4	his	False	P	False	3	1	1	1
4309	119	9	175	0	his	False	-4	14	0	0	0	0	188	188	188	188	-4	his	False	P	False	3	1	1	1
4310	119	9	64	0	his	False	-4	15	0	0	0	0	124	124	124	552	-4	his	False	P	False	3	1	1	1
4311	119	9	3	0	his	False	-4	16	0	0	0	0	260	260	260	1832	-4	his	False	P	False	3	1	1	1
4312	119	9	91	0	his	False	-4	17	0	0	0	0	220	476	476	916	-4	his	False	P	False	3	1	1	1
4314	119	9	201	0	his	False	-4	19	0	0	0	0	184	184	184	528	-4	his	False	P	False	3	1	1	1
4315	119	9	41	0	his	False	-4	20	144	144	144	144	228	228	444	1764	-4	his	False	P	False	3	1	1	0
4316	119	9	126	0	his	False	-4	21	216	216	216	216	136	136	136	136	-4	his	False	P	False	3	1	1	0
4317	119	9	170	0	his	False	-4	22	0	0	0	0	176	176	176	176	-4	his	False	P	False	3	1	1	1
4318	119	9	140	0	his	False	-4	23	0	0	0	0	204	364	552	4480	-4	his	False	P	False	3	1	1	1
4319	119	9	47	0	his	False	-4	24	0	0	0	0	132	132	132	308	-4	his	False	P	False	3	1	1	1
4320	119	9	156	0	his	False	-4	25	0	0	0	0	260	504	504	1256	-4	his	False	P	False	3	1	1	1
4321	119	9	111	0	his	False	-4	27	0	0	0	0	184	496	496	1548	-4	his	False	P	False	3	1	1	1
4322	119	9	58	0	his	False	-4	28	0	0	0	0	228	228	228	284	-4	his	False	P	False	3	1	1	1
4323	119	9	181	0	his	False	-4	29	0	0	0	0	164	164	164	164	-4	his	False	P	False	3	1	1	1
4324	119	9	178	0	his	False	-4	30	244	244	244	244	276	504	504	504	-4	his	False	P	False	3	1	1	0
4325	119	9	8	0	his	False	-4	31	184	184	184	184	156	156	312	808	-4	his	False	P	False	3	1	1	0
4326	119	9	98	0	his	False	-4	32	184	184	184	184	172	172	172	172	-4	his	False	P	False	3	1	1	0
4327	119	9	73	0	his	False	-4	33	180	180	180	180	212	212	212	896	-4	his	False	P	False	3	1	1	0
4328	119	9	70	0	his	False	-4	34	0	0	0	0	212	212	212	296	-4	his	False	P	False	3	1	1	1
4329	119	9	19	0	his	False	-4	35	0	0	0	0	168	168	168	168	-4	his	False	P	False	3	1	1	1
4330	119	9	7	0	his	False	-4	36	148	148	148	148	292	292	292	292	-4	his	False	P	False	3	1	1	0
4331	119	9	53	0	his	False	-4	37	0	0	0	0	140	140	140	216	-4	his	False	P	False	3	1	1	1
4332	119	9	18	0	his	False	-4	38	164	164	164	164	232	232	232	232	-4	his	False	P	False	3	1	1	0
4333	119	9	18	0	his	False	-4	39	0	0	0	0	148	148	148	604	-4	his	False	P	False	3	1	1	1
4335	119	9	143	0	his	False	-4	41	0	0	0	0	228	364	364	364	-4	his	False	P	False	3	1	1	1
4336	119	9	95	0	his	False	-4	42	0	0	0	0	224	380	380	1056	-4	his	False	P	False	3	1	1	1
4337	119	9	96	0	his	False	-4	43	0	0	0	0	244	244	244	544	-4	his	False	P	False	3	1	1	1
4420	123	6	90	0	he	False	-5	1	0	0	0	0	172	172	172	172	-5	he	False	O	False	2	0	1	1
4421	123	6	108	0	he	False	-5	2	164	164	164	164	148	148	148	148	-5	he	False	O	False	2	0	1	0
4422	123	6	199	0	he	False	-5	3	0	0	0	0	128	300	300	300	-5	he	False	O	False	2	0	1	1
4423	123	6	103	0	he	False	-5	4	0	0	0	0	236	236	384	1608	-5	he	False	O	False	2	0	1	1
4424	123	6	182	0	he	False	-5	5	0	0	0	0	252	252	252	428	-5	he	False	O	False	2	0	1	1
4425	123	6	58	0	he	False	-5	6	0	0	0	0	148	148	148	148	-5	he	False	O	False	2	0	1	1
4426	123	6	162	0	he	False	-5	7	0	0	0	0	80	80	80	80	-5	he	False	O	False	2	0	1	1
4428	123	6	24	0	he	False	-5	9	112	112	112	252	160	208	208	208	-5	he	False	O	False	2	0	1	0
4430	123	6	131	0	he	False	-5	11	220	220	220	304	224	224	224	224	-5	he	False	O	False	2	0	1	0
4431	123	6	170	0	he	False	-5	12	0	0	0	0	196	196	196	196	-5	he	False	O	False	2	0	1	1
4432	123	6	119	0	he	False	-5	13	0	0	0	0	188	188	188	188	-5	he	False	O	False	2	0	1	1
4433	123	6	99	0	he	False	-5	14	236	236	236	360	160	160	160	160	-5	he	False	O	False	2	0	1	0
4435	123	6	25	0	he	False	-5	16	152	152	152	152	200	200	200	200	-5	he	False	O	False	2	0	1	0
4436	123	6	51	0	he	False	-5	17	0	0	0	0	64	280	280	556	-5	he	False	O	False	2	0	1	1
4438	123	6	164	0	he	False	-5	19	172	172	172	172	160	160	160	160	-5	he	False	O	False	2	0	1	0
4441	123	6	72	0	he	False	-5	22	288	288	288	540	128	284	284	284	-5	he	False	O	False	2	0	1	0
4442	123	6	198	0	he	False	-5	23	0	0	0	0	200	200	200	200	-5	he	False	O	False	2	0	1	1
4443	123	6	189	0	he	False	-5	24	0	0	0	0	140	140	140	140	-5	he	False	O	False	2	0	1	1
4444	123	6	107	0	he	False	-5	25	0	0	0	0	140	140	284	412	-5	he	False	O	False	2	0	1	1
4445	123	6	15	0	he	False	-5	27	0	0	0	0	228	228	228	228	-5	he	False	O	False	2	0	1	1
4446	123	6	159	0	he	False	-5	28	208	208	208	408	140	140	140	140	-5	he	False	O	False	2	0	1	0
4448	123	6	44	0	he	False	-5	30	92	92	92	92	192	192	192	192	-5	he	False	O	False	2	0	1	0
4449	123	6	113	0	he	False	-5	31	0	0	0	0	192	192	192	192	-5	he	False	O	False	2	0	1	1
4450	123	6	24	0	he	False	-5	32	0	0	0	0	176	176	176	176	-5	he	False	O	False	2	0	1	1
4451	123	6	24	0	he	False	-5	33	140	140	312	408	136	136	136	136	-5	he	False	O	False	2	0	1	0
4452	123	6	201	0	he	False	-5	34	0	0	0	0	56	56	56	56	-5	he	False	O	False	2	0	1	1
4453	123	6	48	0	he	False	-5	35	172	172	172	172	224	224	224	224	-5	he	False	O	False	2	0	1	0
4454	123	6	55	0	he	False	-5	36	0	0	0	0	96	96	96	1048	-5	he	False	O	False	2	0	1	1
4455	123	6	123	0	he	False	-5	37	0	0	0	0	208	208	208	208	-5	he	False	O	False	2	0	1	1
4456	123	6	23	0	he	False	-5	38	280	280	280	280	192	192	192	192	-5	he	False	O	False	2	0	1	0
4457	123	6	162	0	he	False	-5	39	0	0	0	0	172	172	172	172	-5	he	False	O	False	2	0	1	1
4459	123	6	138	0	he	False	-5	41	0	0	0	0	212	212	584	1552	-5	he	False	O	False	2	0	1	1
4460	123	6	74	0	he	False	-5	42	0	0	0	0	296	296	296	296	-5	he	False	O	False	2	0	1	1
4461	123	6	12	0	he	False	-5	43	80	80	80	80	160	160	160	160	-5	he	False	O	False	2	0	1	0
4462	123	9	90	0	his	False	-3	1	108	108	108	488	288	288	288	288	-3	his	False	P	False	3	1	1	0
4464	123	9	199	0	his	False	-3	3	0	0	0	0	176	176	176	476	-3	his	False	P	False	3	1	1	1
4465	123	9	103	0	his	False	-3	4	0	0	0	0	404	404	404	404	-3	his	False	P	False	3	1	1	1
4466	123	9	182	0	his	False	-3	5	0	0	0	0	352	352	352	672	-3	his	False	P	False	3	1	1	1
4468	123	9	162	0	his	False	-3	7	164	164	164	296	228	228	228	1812	-3	his	False	P	False	3	1	1	0
4469	123	9	91	0	his	False	-3	8	132	132	132	132	308	308	308	308	-3	his	False	P	False	3	1	1	0
4470	123	9	24	0	his	False	-3	9	0	0	0	0	228	468	468	1184	-3	his	False	P	False	3	1	1	1
4471	123	9	128	0	his	False	-3	10	0	0	0	0	280	280	280	1496	-3	his	False	P	False	3	1	1	1
4472	123	9	131	0	his	False	-3	11	0	0	0	0	252	428	428	428	-3	his	False	P	False	3	1	1	1
4473	123	9	170	0	his	False	-3	12	92	92	92	208	120	228	228	648	-3	his	False	P	False	3	1	1	0
4474	123	9	119	0	his	False	-3	13	0	0	0	0	316	316	316	1072	-3	his	False	P	False	3	1	1	1
4475	123	9	99	0	his	False	-3	14	0	0	0	0	204	204	708	916	-3	his	False	P	False	3	1	1	1
4476	123	9	25	0	his	False	-3	15	152	152	152	152	116	116	116	892	-3	his	False	P	False	3	1	1	0
4478	123	9	51	0	his	False	-3	17	0	0	0	0	236	236	372	1660	-3	his	False	P	False	3	1	1	1
4481	123	9	170	0	his	False	-3	20	188	188	188	188	164	164	164	1668	-3	his	False	P	False	3	1	1	0
4482	123	9	94	0	his	False	-3	21	0	0	0	0	252	252	252	408	-3	his	False	P	False	3	1	1	1
4483	123	9	72	0	his	False	-3	22	312	312	312	312	204	204	204	508	-3	his	False	P	False	3	1	1	0
4484	123	9	198	0	his	False	-3	23	0	0	0	0	160	336	956	2344	-3	his	False	P	False	3	1	1	1
4485	123	9	189	0	his	False	-3	24	0	0	0	0	160	160	160	260	-3	his	False	P	False	3	1	1	1
4486	123	9	107	0	his	False	-3	25	0	0	0	0	184	252	252	768	-3	his	False	P	False	3	1	1	1
4487	123	9	15	0	his	False	-3	27	0	0	0	0	288	288	288	856	-3	his	False	P	False	3	1	1	1
4488	123	9	159	0	his	False	-3	28	0	0	0	0	148	148	148	924	-3	his	False	P	False	3	1	1	1
4489	123	9	117	0	his	False	-3	29	0	0	0	0	168	504	504	504	-3	his	False	P	False	3	1	1	1
4490	123	9	44	0	his	False	-3	30	0	0	0	0	256	524	524	2312	-3	his	False	P	False	3	1	1	1
4491	123	9	113	0	his	False	-3	31	140	140	140	140	208	208	208	208	-3	his	False	P	False	3	1	1	0
4493	123	9	24	0	his	False	-3	33	364	364	1008	2844	224	224	224	532	-3	his	False	P	False	3	1	1	0
4495	123	9	48	0	his	False	-3	35	0	0	0	0	212	348	348	676	-3	his	False	P	False	3	1	1	1
4496	123	9	55	0	his	False	-3	36	292	292	292	480	224	224	224	452	-3	his	False	P	False	3	1	1	0
4497	123	9	123	0	his	False	-3	37	68	68	68	580	188	188	512	716	-3	his	False	P	False	3	1	1	0
4498	123	9	23	0	his	False	-3	38	240	240	240	240	188	188	188	944	-3	his	False	P	False	3	1	1	0
4499	123	9	162	0	his	False	-3	39	0	0	0	0	184	472	472	472	-3	his	False	P	False	3	1	1	1
4501	123	9	138	0	his	False	-3	41	0	0	0	0	180	180	180	180	-3	his	False	P	False	3	1	1	1
4502	123	9	74	0	his	False	-3	42	92	92	376	1552	180	180	180	180	-3	his	False	P	False	3	1	1	0
4503	123	9	12	0	his	False	-3	43	340	340	340	340	240	240	240	240	-3	his	False	P	False	3	1	1	0
4505	125	8	42	0	him	False	-7	2	172	172	172	292	144	144	144	144	-7	him	False	O	False	3	0	1	0
4507	125	8	11	0	him	False	-7	4	0	0	0	0	164	164	164	164	-7	him	False	O	False	3	0	1	1
4509	125	8	124	0	him	False	-7	6	0	0	0	0	460	460	460	460	-7	him	False	O	False	3	0	1	1
4511	125	8	20	0	him	False	-7	8	0	0	0	0	192	192	192	192	-7	him	False	O	False	3	0	1	1
4512	125	8	21	0	him	False	-7	10	140	140	140	140	148	148	148	148	-7	him	False	O	False	3	0	1	0
4513	125	8	183	0	him	False	-7	11	0	0	0	0	212	212	212	212	-7	him	False	O	False	3	0	1	1
4516	125	8	130	0	him	False	-7	14	0	0	0	0	600	600	600	600	-7	him	False	O	False	3	0	1	1
4519	125	8	136	0	him	False	-7	17	0	0	0	0	236	236	236	236	-7	him	False	O	False	3	0	1	1
4524	125	8	141	0	him	False	-7	22	224	224	224	224	168	168	168	168	-7	him	False	O	False	3	0	1	0
4529	125	8	142	0	him	False	-7	28	0	0	0	0	180	180	180	372	-7	him	False	O	False	3	0	1	1
4533	125	8	43	0	him	False	-7	32	0	0	0	0	192	192	192	192	-7	him	False	O	False	3	0	1	1
4536	125	8	66	0	him	False	-7	35	0	0	0	0	152	152	152	152	-7	him	False	O	False	3	0	1	1
4538	125	8	5	0	him	False	-7	37	0	0	0	0	140	140	140	140	-7	him	False	O	False	3	0	1	1
4541	125	8	18	0	him	False	-7	40	0	0	0	0	124	124	124	1160	-7	him	False	O	False	3	0	1	1
4542	125	8	71	0	him	False	-7	41	0	0	0	0	152	152	152	152	-7	him	False	O	False	3	0	1	1
4544	125	8	154	0	him	False	-7	43	0	0	0	0	268	268	268	268	-7	him	False	O	False	3	0	1	1
4545	126	8	105	0	his	False	-7	1	0	0	0	0	192	192	192	496	-7	his	False	P	False	3	0	1	1
4546	126	8	184	0	his	False	-7	2	0	0	0	0	96	304	304	304	-7	his	False	P	False	3	0	1	1
4547	126	8	189	0	his	False	-7	3	0	0	0	0	312	540	540	540	-7	his	False	P	False	3	0	1	1
4548	126	8	155	0	his	False	-7	4	0	0	0	0	180	180	180	180	-7	his	False	P	False	3	0	1	1
4549	126	8	97	0	his	False	-7	5	0	0	0	0	260	260	260	484	-7	his	False	P	False	3	0	1	1
4551	126	8	110	0	his	False	-7	7	0	0	0	0	96	96	96	96	-7	his	False	P	False	3	0	1	1
4552	126	8	21	0	his	False	-7	8	0	0	0	0	172	764	764	764	-7	his	False	P	False	3	0	1	1
4553	126	8	186	0	his	False	-7	10	0	0	0	0	208	208	208	208	-7	his	False	P	False	3	0	1	1
4554	126	8	180	0	his	False	-7	11	0	0	0	0	180	324	324	324	-7	his	False	P	False	3	0	1	1
4555	126	8	142	0	his	False	-7	12	0	0	0	0	196	828	828	828	-7	his	False	P	False	3	0	1	1
4556	126	8	87	0	his	False	-7	13	248	248	248	248	88	88	88	256	-7	his	False	P	False	3	0	1	0
4557	126	8	50	0	his	False	-7	14	156	156	156	156	312	312	312	312	-7	his	False	P	False	3	0	1	0
4558	126	8	61	0	his	False	-7	15	0	0	0	0	292	292	292	292	-7	his	False	P	False	3	0	1	1
4559	126	8	185	0	his	False	-7	16	256	256	256	256	208	792	792	792	-7	his	False	P	False	3	0	1	0
4561	126	8	95	0	his	False	-7	18	0	0	0	0	236	236	236	236	-7	his	False	P	False	3	0	1	1
4562	126	8	11	0	his	False	-7	19	0	0	0	0	220	340	340	340	-7	his	False	P	False	3	0	1	1
4564	126	8	192	0	his	False	-7	21	0	0	0	0	244	244	244	580	-7	his	False	P	False	3	0	1	1
4565	126	8	113	0	his	False	-7	22	0	0	0	0	212	428	428	428	-7	his	False	P	False	3	0	1	1
4566	126	8	40	0	his	False	-7	23	0	0	0	0	244	528	528	528	-7	his	False	P	False	3	0	1	1
4567	126	8	180	0	his	False	-7	24	0	0	0	0	192	192	192	192	-7	his	False	P	False	3	0	1	1
4568	126	8	197	0	his	False	-7	25	0	0	0	0	184	264	264	264	-7	his	False	P	False	3	0	1	1
4569	126	8	106	0	his	False	-7	27	0	0	0	0	264	496	496	496	-7	his	False	P	False	3	0	1	1
4570	126	8	17	0	his	False	-7	28	148	148	148	148	284	284	284	284	-7	his	False	P	False	3	0	1	0
4571	126	8	128	0	his	False	-7	29	0	0	0	0	180	260	260	260	-7	his	False	P	False	3	0	1	1
4572	126	8	51	0	his	False	-7	30	0	0	0	0	204	204	516	960	-7	his	False	P	False	3	0	1	1
4574	126	8	2	0	his	False	-7	32	220	220	220	220	424	424	424	424	-7	his	False	P	False	3	0	1	0
4575	126	8	114	0	his	False	-7	33	184	184	184	184	244	436	436	436	-7	his	False	P	False	3	0	1	0
4576	126	8	182	0	his	False	-7	34	0	0	0	0	256	256	256	256	-7	his	False	P	False	3	0	1	1
4577	126	8	120	0	his	False	-7	35	0	0	0	0	148	148	148	148	-7	his	False	P	False	3	0	1	1
4579	126	8	56	0	his	False	-7	37	0	0	0	0	196	640	640	640	-7	his	False	P	False	3	0	1	1
4580	126	8	152	0	his	False	-7	38	0	0	0	0	208	208	208	328	-7	his	False	P	False	3	0	1	1
4582	126	8	56	0	his	False	-7	40	0	0	0	0	296	296	296	296	-7	his	False	P	False	3	0	1	1
4583	126	8	5	0	his	False	-7	41	0	0	0	0	268	536	536	708	-7	his	False	P	False	3	0	1	1
4584	126	8	175	0	his	False	-7	42	148	148	148	148	304	304	304	1292	-7	his	False	P	False	3	0	1	0
4585	126	8	70	0	his	False	-7	43	0	0	0	0	156	156	156	156	-7	his	False	P	False	3	0	1	1
4627	127	7	204	0	she	True	-6	1	196	196	488	960	180	180	180	180	-6	she	False	O	False	3	1	1	0
4628	127	7	21	0	she	True	-6	2	0	0	0	0	152	152	408	660	-6	she	False	O	False	3	1	1	1
4629	127	7	116	0	she	True	-6	3	156	304	304	304	168	252	252	252	-6	she	False	O	False	3	1	1	0
4630	127	7	117	0	she	True	-6	4	188	188	188	188	280	280	280	280	-6	she	False	O	False	3	1	1	0
4631	127	7	83	0	she	True	-6	5	196	196	196	196	176	176	176	176	-6	she	False	O	False	3	1	1	0
4632	127	7	97	0	she	True	-6	6	0	0	0	0	172	172	172	172	-6	she	False	O	False	3	1	1	1
4634	127	7	192	0	she	True	-6	8	264	456	456	456	200	200	200	200	-6	she	False	O	False	3	1	1	0
4635	127	7	16	0	she	True	-6	10	0	0	0	0	132	132	132	132	-6	she	False	O	False	3	1	1	1
4636	127	7	72	0	she	True	-6	11	180	244	244	396	168	168	168	168	-6	she	False	O	False	3	1	1	0
4637	127	7	129	0	she	True	-6	12	144	144	144	144	140	140	140	140	-6	she	False	O	False	3	1	1	0
4638	127	7	150	0	she	True	-6	13	196	196	196	196	260	260	260	260	-6	she	False	O	False	3	1	1	0
4639	127	7	24	0	she	True	-6	14	212	212	212	212	232	416	416	416	-6	she	False	O	False	3	1	1	0
4640	127	7	96	0	she	True	-6	15	0	0	0	0	132	132	132	132	-6	she	False	O	False	3	1	1	1
4641	127	7	12	0	she	True	-6	16	160	160	160	160	148	148	148	148	-6	she	False	O	False	3	1	1	0
4642	127	7	151	0	she	True	-6	17	268	268	268	268	244	244	244	244	-6	she	False	O	False	3	1	1	0
4644	127	7	138	0	she	True	-6	19	308	308	308	412	116	248	248	248	-6	she	False	O	False	3	1	1	0
4645	127	7	153	0	she	True	-6	20	0	0	0	0	224	224	224	224	-6	she	False	O	False	3	1	1	1
4646	127	7	14	0	she	True	-6	21	0	0	0	0	268	268	268	268	-6	she	False	O	False	3	1	1	1
4647	127	7	80	0	she	True	-6	22	0	0	0	0	200	496	496	496	-6	she	False	O	False	3	1	1	1
4648	127	7	191	0	she	True	-6	23	172	172	172	172	84	84	300	1060	-6	she	False	O	False	3	1	1	0
4649	127	7	201	0	she	True	-6	24	236	236	236	236	136	136	136	136	-6	she	False	O	False	3	1	1	0
4650	127	7	6	0	she	True	-6	25	0	0	0	0	128	128	128	128	-6	she	False	O	False	3	1	1	1
4651	127	7	84	0	she	True	-6	27	240	508	508	508	140	140	140	140	-6	she	False	O	False	3	1	1	0
4652	127	7	15	0	she	True	-6	28	188	632	632	632	156	156	156	156	-6	she	False	O	False	3	1	1	0
4653	127	7	109	0	she	True	-6	29	0	0	0	0	156	404	404	404	-6	she	False	O	False	3	1	1	1
4654	127	7	179	0	she	True	-6	30	252	428	536	788	176	316	316	316	-6	she	False	O	False	3	1	1	0
4655	127	7	21	0	she	True	-6	31	0	0	0	0	156	156	156	248	-6	she	False	O	False	3	1	1	1
4656	127	7	33	0	she	True	-6	32	116	116	116	328	248	248	248	248	-6	she	False	O	False	3	1	1	0
4657	127	7	39	0	she	True	-6	33	236	236	236	236	184	184	184	444	-6	she	False	O	False	3	1	1	0
4658	127	7	180	0	she	True	-6	34	0	0	0	0	312	312	312	312	-6	she	False	O	False	3	1	1	1
4659	127	7	171	0	she	True	-6	35	168	168	168	168	196	196	196	196	-6	she	False	O	False	3	1	1	0
4661	127	7	164	0	she	True	-6	37	152	152	152	264	160	160	160	160	-6	she	False	O	False	3	1	1	0
4662	127	7	191	0	she	True	-6	38	0	0	0	0	176	348	348	348	-6	she	False	O	False	3	1	1	1
4663	127	7	1	0	she	True	-6	39	0	0	0	0	96	96	96	96	-6	she	False	O	False	3	1	1	1
4664	127	7	125	0	she	True	-6	40	0	0	0	0	156	156	156	156	-6	she	False	O	False	3	1	1	1
4665	127	7	175	0	she	True	-6	41	312	312	504	684	164	164	164	164	-6	she	False	O	False	3	1	1	0
4666	127	7	169	0	she	True	-6	42	288	288	288	288	184	184	184	184	-6	she	False	O	False	3	1	1	0
4667	127	7	99	0	she	True	-6	43	208	208	208	208	188	188	188	188	-6	she	False	O	False	3	1	1	0
4668	129	6	168	0	he	False	-5	1	0	0	0	0	140	140	140	312	-5	he	False	O	False	2	0	1	1
4671	129	6	168	0	he	False	-5	4	0	0	0	0	176	176	176	176	-5	he	False	O	False	2	0	1	1
4673	129	6	26	0	he	False	-5	6	0	0	0	0	144	144	144	144	-5	he	False	O	False	2	0	1	1
4675	129	6	85	0	he	False	-5	8	228	228	228	228	200	200	200	200	-5	he	False	O	False	2	0	1	0
4676	129	6	134	0	he	False	-5	10	0	0	0	0	160	160	160	160	-5	he	False	O	False	2	0	1	1
4677	129	6	142	0	he	False	-5	11	204	204	204	204	72	72	72	72	-5	he	False	O	False	2	0	1	0
4679	129	6	109	0	he	False	-5	13	0	0	0	0	212	212	212	212	-5	he	False	O	False	2	0	1	1
4683	129	6	118	0	he	False	-5	17	0	0	0	0	116	116	116	116	-5	he	False	O	False	2	0	1	1
4687	129	6	25	0	he	False	-5	21	0	0	0	0	216	216	216	216	-5	he	False	O	False	2	0	1	1
4688	129	6	94	0	he	False	-5	22	0	0	0	0	180	180	180	180	-5	he	False	O	False	2	0	1	1
4689	129	6	172	0	he	False	-5	23	148	148	148	148	160	160	160	160	-5	he	False	O	False	2	0	1	0
4691	129	6	105	0	he	False	-5	25	0	0	0	0	216	216	216	216	-5	he	False	O	False	2	0	1	1
4693	129	6	120	0	he	False	-5	28	0	0	0	0	176	176	176	176	-5	he	False	O	False	2	0	1	1
4694	129	6	150	0	he	False	-5	29	188	188	188	188	124	124	124	124	-5	he	False	O	False	2	0	1	0
4696	129	6	153	0	he	False	-5	31	0	0	0	0	128	128	128	128	-5	he	False	O	False	2	0	1	1
4697	129	6	11	0	he	False	-5	32	264	264	264	264	116	300	300	300	-5	he	False	O	False	2	0	1	0
4698	129	6	93	0	he	False	-5	33	0	0	0	0	196	196	196	196	-5	he	False	O	False	2	0	1	1
4699	129	6	10	0	he	False	-5	34	0	0	0	0	160	160	160	160	-5	he	False	O	False	2	0	1	1
4702	129	6	46	0	he	False	-5	37	136	136	136	136	188	188	188	188	-5	he	False	O	False	2	0	1	0
4707	129	6	41	0	he	False	-5	42	0	0	0	0	244	244	476	1360	-5	he	False	O	False	2	0	1	1
4708	129	6	185	0	he	False	-5	43	0	0	0	0	136	136	136	136	-5	he	False	O	False	2	0	1	1
4830	132	3	130	0	his	True	-2	1	152	152	152	152	192	192	192	192	-2	his	False	P	False	3	1	1	0
4831	132	3	129	0	his	True	-2	2	96	96	96	96	168	168	168	168	-2	his	False	P	False	3	1	1	0
4834	132	3	145	0	his	True	-2	5	0	0	0	0	268	268	300	680	-2	his	False	P	False	3	1	1	1
4835	132	3	63	0	his	True	-2	6	0	0	0	0	120	120	120	120	-2	his	False	P	False	3	1	1	1
4836	132	3	182	0	his	True	-2	7	0	0	0	0	132	132	156	224	-2	his	False	P	False	3	1	1	1
4837	132	3	161	0	his	True	-2	8	200	200	200	200	144	144	144	144	-2	his	False	P	False	3	1	1	0
4838	132	3	132	0	his	True	-2	10	0	0	0	0	212	212	212	212	-2	his	False	P	False	3	1	1	1
4839	132	3	8	0	his	True	-2	11	156	156	156	156	232	232	232	232	-2	his	False	P	False	3	1	1	0
4840	132	3	29	0	his	True	-2	12	332	332	332	332	248	248	248	248	-2	his	False	P	False	3	1	1	0
4842	132	3	18	0	his	True	-2	14	0	0	0	0	212	328	328	328	-2	his	False	P	False	3	1	1	1
4844	132	3	69	0	his	True	-2	16	204	204	204	204	188	188	188	188	-2	his	False	P	False	3	1	1	0
4845	132	3	200	0	his	True	-2	18	0	0	0	0	212	212	212	212	-2	his	False	P	False	3	1	1	1
4846	132	3	134	0	his	True	-2	19	184	184	184	380	156	156	156	156	-2	his	False	P	False	3	1	1	0
4847	132	3	190	0	his	True	-2	20	172	172	172	172	168	168	168	168	-2	his	False	P	False	3	1	1	0
4849	132	3	143	0	his	True	-2	22	308	308	308	308	140	140	140	140	-2	his	False	P	False	3	1	1	0
4850	132	3	6	0	his	True	-2	23	140	308	308	308	200	364	364	364	-2	his	False	P	False	3	1	1	0
4851	132	3	84	0	his	True	-2	24	180	180	180	180	180	180	180	180	-2	his	False	P	False	3	1	1	0
4852	132	3	48	0	his	True	-2	25	152	152	152	152	260	260	260	260	-2	his	False	P	False	3	1	1	0
4853	132	3	75	0	his	True	-2	27	0	0	0	0	324	436	436	436	-2	his	False	P	False	3	1	1	1
4854	132	3	85	0	his	True	-2	28	424	424	424	424	336	336	336	336	-2	his	False	P	False	3	1	1	0
4856	132	3	136	0	his	True	-2	30	296	296	296	296	68	68	68	68	-2	his	False	P	False	3	1	1	0
4857	132	3	59	0	his	True	-2	31	0	0	0	0	192	192	192	192	-2	his	False	P	False	3	1	1	1
4858	132	3	190	0	his	True	-2	32	208	208	208	208	160	160	160	160	-2	his	False	P	False	3	1	1	0
4859	132	3	48	0	his	True	-2	33	0	0	0	0	172	172	172	312	-2	his	False	P	False	3	1	1	1
4860	132	3	24	0	his	True	-2	34	196	196	196	196	192	192	192	192	-2	his	False	P	False	3	1	1	0
4861	132	3	134	0	his	True	-2	35	172	172	172	172	208	208	208	208	-2	his	False	P	False	3	1	1	0
4863	132	3	47	0	his	True	-2	37	144	144	144	144	164	164	164	164	-2	his	False	P	False	3	1	1	0
4864	132	3	94	0	his	True	-2	38	0	0	0	0	216	216	216	216	-2	his	False	P	False	3	1	1	1
4865	132	3	147	0	his	True	-2	39	0	0	0	0	192	192	192	192	-2	his	False	P	False	3	1	1	1
4868	132	3	17	0	his	True	-2	42	0	0	0	0	216	216	216	216	-2	his	False	P	False	3	1	1	1
4910	133	3	175	0	his	True	-2	1	172	172	172	172	160	160	160	160	-2	his	False	P	False	3	1	1	0
4911	133	3	156	0	his	True	-2	2	0	0	0	0	120	120	436	788	-2	his	False	P	False	3	1	1	1
4912	133	3	69	0	his	True	-2	3	180	180	356	460	244	244	244	244	-2	his	False	P	False	3	1	1	0
4913	133	3	202	0	his	True	-2	4	160	160	160	160	156	156	156	156	-2	his	False	P	False	3	1	1	0
4914	133	3	149	0	his	True	-2	5	264	264	264	264	76	272	272	272	-2	his	False	P	False	3	1	1	0
4915	133	3	167	0	his	True	-2	6	240	240	240	240	120	120	120	120	-2	his	False	P	False	3	1	1	0
4916	133	3	171	0	his	True	-2	7	164	164	164	164	188	188	188	188	-2	his	False	P	False	3	1	1	0
4917	133	3	29	0	his	True	-2	8	204	204	204	204	128	128	128	448	-2	his	False	P	False	3	1	1	0
4918	133	3	192	0	his	True	-2	10	124	124	124	124	136	136	136	136	-2	his	False	P	False	3	1	1	0
4919	133	3	107	0	his	True	-2	11	144	144	144	144	288	288	288	288	-2	his	False	P	False	3	1	1	0
4921	133	3	194	0	his	True	-2	13	0	0	0	0	208	208	208	208	-2	his	False	P	False	3	1	1	1
4922	133	3	89	0	his	True	-2	14	248	248	248	504	192	192	192	220	-2	his	False	P	False	3	1	1	0
4923	133	3	165	0	his	True	-2	15	0	0	0	0	172	172	172	172	-2	his	False	P	False	3	1	1	1
4924	133	3	108	0	his	True	-2	16	192	192	192	192	168	168	168	168	-2	his	False	P	False	3	1	1	0
4925	133	3	51	0	his	True	-2	18	0	0	0	0	164	164	164	164	-2	his	False	P	False	3	1	1	1
4926	133	3	203	0	his	True	-2	19	212	280	280	280	152	152	152	152	-2	his	False	P	False	3	1	1	0
4927	133	3	40	0	his	True	-2	20	96	96	228	568	148	148	148	148	-2	his	False	P	False	3	1	1	0
4928	133	3	97	0	his	True	-2	21	216	216	216	348	144	264	264	264	-2	his	False	P	False	3	1	1	0
4929	133	3	130	0	his	True	-2	22	0	0	0	0	212	368	368	368	-2	his	False	P	False	3	1	1	1
4930	133	3	166	0	his	True	-2	23	184	184	184	184	284	284	284	284	-2	his	False	P	False	3	1	1	0
4931	133	3	37	0	his	True	-2	24	184	184	184	184	180	180	180	180	-2	his	False	P	False	3	1	1	0
4932	133	3	203	0	his	True	-2	25	156	156	156	156	168	244	244	244	-2	his	False	P	False	3	1	1	0
4933	133	3	130	0	his	True	-2	27	0	0	0	0	200	200	200	200	-2	his	False	P	False	3	1	1	1
4935	133	3	66	0	his	True	-2	29	0	0	0	0	268	268	268	628	-2	his	False	P	False	3	1	1	1
4936	133	3	137	0	his	True	-2	30	188	480	480	480	72	72	72	72	-2	his	False	P	False	3	1	1	0
4937	133	3	44	0	his	True	-2	31	0	0	0	0	160	160	160	160	-2	his	False	P	False	3	1	1	1
4938	133	3	130	0	his	True	-2	32	220	220	220	220	208	208	208	208	-2	his	False	P	False	3	1	1	0
4939	133	3	112	0	his	True	-2	33	184	184	184	184	148	148	148	148	-2	his	False	P	False	3	1	1	0
4941	133	3	32	0	his	True	-2	35	188	188	188	188	208	208	208	208	-2	his	False	P	False	3	1	1	0
4943	133	3	29	0	his	True	-2	37	220	220	220	220	112	256	256	256	-2	his	False	P	False	3	1	1	0
4944	133	3	204	0	his	True	-2	38	0	0	0	0	260	260	260	260	-2	his	False	P	False	3	1	1	1
4945	133	3	37	0	his	True	-2	39	0	0	0	0	144	144	144	1004	-2	his	False	P	False	3	1	1	1
4946	133	3	59	0	his	True	-2	40	44	44	184	372	56	56	56	56	-2	his	False	P	False	3	1	1	0
4948	133	3	20	0	his	True	-2	42	0	0	0	0	196	196	196	196	-2	his	False	P	False	3	1	1	1
4949	133	3	88	0	his	True	-2	43	160	160	160	160	152	152	152	152	-2	his	False	P	False	3	1	1	0
4950	133	7	175	0	she	True	-3	1	220	220	220	220	404	404	404	404	-3	she	False	O	False	3	2	1	0
4951	133	7	156	0	she	True	-3	2	208	208	208	208	152	152	152	152	-3	she	False	O	False	3	2	1	0
4952	133	7	69	0	she	True	-3	3	200	200	200	200	192	332	332	332	-3	she	False	O	False	3	2	1	0
4953	133	7	202	0	she	True	-3	4	180	180	180	180	208	208	208	208	-3	she	False	O	False	3	2	1	0
4954	133	7	149	0	she	True	-3	5	280	280	280	280	324	324	324	480	-3	she	False	O	False	3	2	1	0
4956	133	7	171	0	she	True	-3	7	0	0	0	0	196	196	196	196	-3	she	False	O	False	3	2	1	1
4957	133	7	29	0	she	True	-3	8	248	248	248	248	160	160	160	160	-3	she	False	O	False	3	2	1	0
4958	133	7	192	0	she	True	-3	10	0	0	0	0	280	280	280	280	-3	she	False	O	False	3	2	1	1
4959	133	7	107	0	she	True	-3	11	124	124	124	124	76	76	76	76	-3	she	False	O	False	3	2	1	0
4960	133	7	187	0	she	True	-3	12	148	148	148	148	140	140	140	140	-3	she	False	O	False	3	2	1	0
4961	133	7	194	0	she	True	-3	13	0	0	0	0	312	312	312	312	-3	she	False	O	False	3	2	1	1
4962	133	7	89	0	she	True	-3	14	132	132	132	132	212	212	212	212	-3	she	False	O	False	3	2	1	0
4964	133	7	108	0	she	True	-3	16	160	360	360	360	228	228	228	228	-3	she	False	O	False	3	2	1	0
4965	133	7	51	0	she	True	-3	18	0	0	0	0	224	224	224	224	-3	she	False	O	False	3	2	1	1
4966	133	7	203	0	she	True	-3	19	172	172	172	172	132	132	132	132	-3	she	False	O	False	3	2	1	0
4968	133	7	97	0	she	True	-3	21	160	160	160	160	156	156	156	156	-3	she	False	O	False	3	2	1	0
4969	133	7	130	0	she	True	-3	22	184	184	184	184	208	208	208	208	-3	she	False	O	False	3	2	1	0
4970	133	7	166	0	she	True	-3	23	196	348	348	348	396	464	604	776	-3	she	False	O	False	3	2	1	0
4971	133	7	37	0	she	True	-3	24	172	172	172	172	232	232	324	476	-3	she	False	O	False	3	2	1	0
4972	133	7	203	0	she	True	-3	25	200	200	200	200	204	204	204	204	-3	she	False	O	False	3	2	1	0
4973	133	7	130	0	she	True	-3	27	168	304	304	304	280	364	364	364	-3	she	False	O	False	3	2	1	0
4974	133	7	80	0	she	True	-3	28	316	316	316	316	236	236	236	236	-3	she	False	O	False	3	2	1	0
4975	133	7	66	0	she	True	-3	29	184	184	184	184	204	204	204	204	-3	she	False	O	False	3	2	1	0
4976	133	7	137	0	she	True	-3	30	0	0	0	0	436	600	600	600	-3	she	False	O	False	3	2	1	1
4977	133	7	44	0	she	True	-3	31	0	0	0	0	164	164	164	164	-3	she	False	O	False	3	2	1	1
4978	133	7	130	0	she	True	-3	32	184	332	332	332	184	184	184	184	-3	she	False	O	False	3	2	1	0
4979	133	7	112	0	she	True	-3	33	180	180	180	180	200	200	200	200	-3	she	False	O	False	3	2	1	0
4981	133	7	32	0	she	True	-3	35	280	280	280	280	228	228	228	228	-3	she	False	O	False	3	2	1	0
4983	133	7	29	0	she	True	-3	37	160	288	288	288	104	104	104	104	-3	she	False	O	False	3	2	1	0
4984	133	7	204	0	she	True	-3	38	0	0	0	0	216	216	216	216	-3	she	False	O	False	3	2	1	1
4986	133	7	59	0	she	True	-3	40	0	0	0	0	156	156	156	156	-3	she	False	O	False	3	2	1	1
4987	133	7	178	0	she	True	-3	41	232	232	372	1220	200	200	200	200	-3	she	False	O	False	3	2	1	0
4988	133	7	20	0	she	True	-3	42	88	88	88	400	156	156	156	188	-3	she	False	O	False	3	2	1	0
4989	133	7	88	0	she	True	-3	43	132	132	132	132	196	196	196	196	-3	she	False	O	False	3	2	1	0
4990	133	10	175	0	his	True	-7	1	284	284	284	284	200	364	364	1072	-7	his	False	P	False	3	3	1	0
4992	133	10	69	0	his	True	-7	3	176	176	176	176	144	360	360	360	-7	his	False	P	False	3	3	1	0
4993	133	10	202	0	his	True	-7	4	188	188	188	188	544	544	544	544	-7	his	False	P	False	3	3	1	0
4994	133	10	149	0	his	True	-7	5	328	328	328	328	212	376	376	376	-7	his	False	P	False	3	3	1	0
4995	133	10	167	0	his	True	-7	6	0	0	0	0	280	280	280	280	-7	his	False	P	False	3	3	1	1
4996	133	10	171	0	his	True	-7	7	188	188	188	516	64	64	64	1436	-7	his	False	P	False	3	3	1	0
4997	133	10	29	0	his	True	-7	8	388	388	388	2752	192	192	192	192	-7	his	False	P	False	3	3	1	0
4998	133	10	192	0	his	True	-7	10	168	168	168	168	208	208	444	1528	-7	his	False	P	False	3	3	1	0
4999	133	10	107	0	his	True	-7	11	200	200	200	428	324	324	324	456	-7	his	False	P	False	3	3	1	0
5000	133	10	187	0	his	True	-7	12	0	0	0	0	192	192	192	1524	-7	his	False	P	False	3	3	1	1
5001	133	10	194	0	his	True	-7	13	248	248	248	248	428	428	428	820	-7	his	False	P	False	3	3	1	0
5002	133	10	89	0	his	True	-7	14	336	336	336	336	204	204	204	204	-7	his	False	P	False	3	3	1	0
5003	133	10	165	0	his	True	-7	15	0	0	0	0	184	184	304	1032	-7	his	False	P	False	3	3	1	1
5004	133	10	108	0	his	True	-7	16	284	284	284	284	268	604	604	1212	-7	his	False	P	False	3	3	1	0
5007	133	10	40	0	his	True	-7	20	0	0	0	0	232	232	428	1568	-7	his	False	P	False	3	3	1	1
5008	133	10	97	0	his	True	-7	21	0	0	0	0	144	144	144	320	-7	his	False	P	False	3	3	1	1
5010	133	10	166	0	his	True	-7	23	160	160	160	160	132	444	444	444	-7	his	False	P	False	3	3	1	0
5011	133	10	37	0	his	True	-7	24	0	0	0	0	208	208	388	1436	-7	his	False	P	False	3	3	1	1
5012	133	10	203	0	his	True	-7	25	140	140	140	420	212	212	212	448	-7	his	False	P	False	3	3	1	0
5013	133	10	130	0	his	True	-7	27	0	0	0	0	240	552	552	1136	-7	his	False	P	False	3	3	1	1
5014	133	10	80	0	his	True	-7	28	192	192	192	376	432	644	644	644	-7	his	False	P	False	3	3	1	0
5015	133	10	66	0	his	True	-7	29	0	0	0	0	140	292	292	504	-7	his	False	P	False	3	3	1	1
5016	133	10	137	0	his	True	-7	30	0	0	0	0	240	240	784	1808	-7	his	False	P	False	3	3	1	1
5018	133	10	130	0	his	True	-7	32	256	256	256	256	152	152	152	152	-7	his	False	P	False	3	3	1	0
5019	133	10	112	0	his	True	-7	33	0	0	0	0	212	212	212	212	-7	his	False	P	False	3	3	1	1
5021	133	10	32	0	his	True	-7	35	0	0	0	0	364	364	364	676	-7	his	False	P	False	3	3	1	1
5022	133	10	201	0	his	True	-7	36	0	0	0	0	220	220	220	220	-7	his	False	P	False	3	3	1	1
5023	133	10	29	0	his	True	-7	37	176	176	176	176	132	368	368	1688	-7	his	False	P	False	3	3	1	0
5024	133	10	204	0	his	True	-7	38	204	204	204	204	376	376	376	376	-7	his	False	P	False	3	3	1	0
5026	133	10	59	0	his	True	-7	40	156	156	156	156	68	100	100	812	-7	his	False	P	False	3	3	1	0
5027	133	10	178	0	his	True	-7	41	168	256	256	256	184	184	184	184	-7	his	False	P	False	3	3	1	0
5028	133	10	20	0	his	True	-7	42	48	48	48	48	232	232	332	1220	-7	his	False	P	False	3	3	1	0
5029	133	10	88	0	his	True	-7	43	0	0	0	0	156	156	156	580	-7	his	False	P	False	3	3	1	1
5111	135	6	107	0	he	True	-5	1	0	0	0	0	152	152	152	256	-5	he	False	O	False	2	1	1	1
5112	135	6	176	0	he	True	-5	2	224	224	224	224	156	156	156	156	-5	he	False	O	False	2	1	1	0
5113	135	6	176	0	he	True	-5	3	160	160	160	160	76	76	76	76	-5	he	False	O	False	2	1	1	0
5114	135	6	186	0	he	True	-5	4	0	0	0	0	156	156	156	156	-5	he	False	O	False	2	1	1	1
5117	135	6	139	0	he	True	-5	7	204	204	332	516	104	104	104	104	-5	he	False	O	False	2	1	1	0
5118	135	6	178	0	he	True	-5	8	0	0	0	0	204	592	592	592	-5	he	False	O	False	2	1	1	1
5119	135	6	4	0	he	True	-5	10	0	0	0	0	108	108	108	108	-5	he	False	O	False	2	1	1	1
5120	135	6	29	0	he	True	-5	11	132	132	132	132	144	144	144	144	-5	he	False	O	False	2	1	1	0
5121	135	6	193	0	he	True	-5	12	236	236	236	236	272	272	272	272	-5	he	False	O	False	2	1	1	0
5122	135	6	107	0	he	True	-5	13	0	0	0	0	192	192	192	192	-5	he	False	O	False	2	1	1	1
5123	135	6	164	0	he	True	-5	14	168	168	272	428	320	320	320	320	-5	he	False	O	False	2	1	1	0
5124	135	6	4	0	he	True	-5	15	0	0	0	0	124	124	124	124	-5	he	False	O	False	2	1	1	1
5125	135	6	72	0	he	True	-5	16	0	0	0	0	132	132	132	132	-5	he	False	O	False	2	1	1	1
5126	135	6	125	0	he	True	-5	17	168	168	168	168	112	112	112	112	-5	he	False	O	False	2	1	1	0
5127	135	6	31	0	he	True	-5	18	0	0	0	0	124	124	280	1044	-5	he	False	O	False	2	1	1	1
5128	135	6	195	0	he	True	-5	19	0	0	0	0	132	132	132	132	-5	he	False	O	False	2	1	1	1
5130	135	6	11	0	he	True	-5	21	120	120	120	120	136	136	136	136	-5	he	False	O	False	2	1	1	0
5131	135	6	60	0	he	True	-5	22	0	0	0	0	252	252	252	252	-5	he	False	O	False	2	1	1	1
5132	135	6	17	0	he	True	-5	23	224	224	224	224	120	280	280	280	-5	he	False	O	False	2	1	1	0
5133	135	6	77	0	he	True	-5	24	0	0	0	0	268	268	268	268	-5	he	False	O	False	2	1	1	1
5134	135	6	164	0	he	True	-5	25	176	176	176	176	184	184	184	184	-5	he	False	O	False	2	1	1	0
5135	135	6	205	0	he	True	-5	27	0	0	0	0	212	212	212	212	-5	he	False	O	False	2	1	1	1
5136	135	6	84	0	he	True	-5	28	0	0	0	0	224	224	392	1840	-5	he	False	O	False	2	1	1	1
5137	135	6	127	0	he	True	-5	29	0	0	0	0	224	224	224	224	-5	he	False	O	False	2	1	1	1
5138	135	6	130	0	he	True	-5	30	312	312	312	312	264	264	264	264	-5	he	False	O	False	2	1	1	0
5139	135	6	162	0	he	True	-5	31	0	0	0	0	152	152	152	152	-5	he	False	O	False	2	1	1	1
5140	135	6	93	0	he	True	-5	32	0	0	0	0	228	228	228	228	-5	he	False	O	False	2	1	1	1
5141	135	6	40	0	he	True	-5	33	0	0	0	0	192	192	192	192	-5	he	False	O	False	2	1	1	1
5142	135	6	154	0	he	True	-5	34	0	0	0	0	204	204	204	204	-5	he	False	O	False	2	1	1	1
5143	135	6	172	0	he	True	-5	35	296	296	532	1536	184	184	184	184	-5	he	False	O	False	2	1	1	0
5144	135	6	158	0	he	True	-5	36	160	160	160	160	136	136	136	136	-5	he	False	O	False	2	1	1	0
5145	135	6	145	0	he	True	-5	37	124	124	124	124	116	116	116	116	-5	he	False	O	False	2	1	1	0
5147	135	6	86	0	he	True	-5	39	0	0	0	0	152	152	152	152	-5	he	False	O	False	2	1	1	1
5148	135	6	50	0	he	True	-5	40	144	208	340	600	260	260	260	260	-5	he	False	O	False	2	1	1	0
5150	135	6	178	0	he	True	-5	42	164	164	164	164	184	184	184	184	-5	he	False	O	False	2	1	1	0
5151	135	6	128	0	he	True	-5	43	0	0	0	0	104	252	252	252	-5	he	False	O	False	2	1	1	1
5152	136	4	25	0	he	False	-3	1	172	172	172	172	200	200	472	632	-3	he	False	O	False	2	0	1	0
5153	136	4	140	0	he	False	-3	2	0	0	0	0	144	144	144	144	-3	he	False	O	False	2	0	1	1
5154	136	4	73	0	he	False	-3	3	288	556	556	556	148	332	644	892	-3	he	False	O	False	2	0	1	0
5156	136	4	124	0	he	False	-3	5	0	0	0	0	184	184	184	184	-3	he	False	O	False	2	0	1	1
5157	136	4	87	0	he	False	-3	6	0	0	0	0	136	136	136	136	-3	he	False	O	False	2	0	1	1
5158	136	4	114	0	he	False	-3	7	0	0	0	0	268	268	268	268	-3	he	False	O	False	2	0	1	1
5159	136	4	64	0	he	False	-3	8	0	0	0	0	224	224	224	224	-3	he	False	O	False	2	0	1	1
5160	136	4	168	0	he	False	-3	10	0	0	0	0	176	292	292	292	-3	he	False	O	False	2	0	1	1
5161	136	4	62	0	he	False	-3	11	148	148	148	148	124	124	124	124	-3	he	False	O	False	2	0	1	0
5162	136	4	82	0	he	False	-3	12	0	0	0	0	184	184	184	184	-3	he	False	O	False	2	0	1	1
5163	136	4	130	0	he	False	-3	13	196	196	196	196	216	216	216	216	-3	he	False	O	False	2	0	1	0
5164	136	4	35	0	he	False	-3	14	0	0	0	0	260	336	336	336	-3	he	False	O	False	2	0	1	1
5165	136	4	50	0	he	False	-3	15	0	0	0	0	260	260	400	612	-3	he	False	O	False	2	0	1	1
5166	136	4	171	0	he	False	-3	16	232	232	232	232	192	192	192	192	-3	he	False	O	False	2	0	1	0
5167	136	4	15	0	he	False	-3	17	0	0	0	0	288	288	288	288	-3	he	False	O	False	2	0	1	1
5168	136	4	42	0	he	False	-3	18	0	0	0	0	200	200	200	200	-3	he	False	O	False	2	0	1	1
5169	136	4	141	0	he	False	-3	19	92	92	92	92	168	168	168	168	-3	he	False	O	False	2	0	1	0
5170	136	4	48	0	he	False	-3	20	0	0	0	0	124	252	252	252	-3	he	False	O	False	2	0	1	1
5171	136	4	58	0	he	False	-3	21	144	144	144	144	136	136	136	136	-3	he	False	O	False	2	0	1	0
5172	136	4	123	0	he	False	-3	22	0	0	0	0	256	504	504	504	-3	he	False	O	False	2	0	1	1
5173	136	4	21	0	he	False	-3	23	160	304	444	624	24	24	24	24	-3	he	False	O	False	2	0	1	0
5174	136	4	124	0	he	False	-3	24	268	268	268	268	124	124	124	124	-3	he	False	O	False	2	0	1	0
5175	136	4	185	0	he	False	-3	25	192	192	192	192	168	168	168	168	-3	he	False	O	False	2	0	1	0
5177	136	4	144	0	he	False	-3	28	0	0	0	0	188	188	188	332	-3	he	False	O	False	2	0	1	1
5178	136	4	186	0	he	False	-3	29	0	0	0	0	296	296	296	296	-3	he	False	O	False	2	0	1	1
5179	136	4	25	0	he	False	-3	30	252	252	252	252	164	164	164	164	-3	he	False	O	False	2	0	1	0
5180	136	4	199	0	he	False	-3	31	0	0	0	0	172	172	172	172	-3	he	False	O	False	2	0	1	1
5181	136	4	112	0	he	False	-3	32	0	0	0	0	184	384	384	384	-3	he	False	O	False	2	0	1	1
5182	136	4	190	0	he	False	-3	33	176	176	368	836	180	180	180	180	-3	he	False	O	False	2	0	1	0
5183	136	4	199	0	he	False	-3	34	232	232	232	232	156	156	156	156	-3	he	False	O	False	2	0	1	0
5184	136	4	24	0	he	False	-3	35	0	0	0	0	216	216	216	216	-3	he	False	O	False	2	0	1	1
5185	136	4	154	0	he	False	-3	36	0	0	0	0	192	192	192	192	-3	he	False	O	False	2	0	1	1
5186	136	4	117	0	he	False	-3	37	0	0	0	0	184	248	248	248	-3	he	False	O	False	2	0	1	1
5187	136	4	34	0	he	False	-3	38	0	0	0	0	192	340	340	340	-3	he	False	O	False	2	0	1	1
5188	136	4	60	0	he	False	-3	39	184	184	184	184	412	412	536	1104	-3	he	False	O	False	2	0	1	0
5189	136	4	132	0	he	False	-3	40	0	0	0	0	36	104	104	104	-3	he	False	O	False	2	0	1	1
5190	136	4	169	0	he	False	-3	41	0	0	0	0	224	224	360	1192	-3	he	False	O	False	2	0	1	1
5191	136	4	16	0	he	False	-3	42	0	0	0	0	176	176	176	176	-3	he	False	O	False	2	0	1	1
5192	136	4	72	0	he	False	-3	43	92	92	92	92	208	208	208	208	-3	he	False	O	False	2	0	1	0
5193	136	7	25	0	his	False	-3	1	252	252	252	252	420	420	420	420	-3	his	False	P	False	3	1	1	0
5194	136	7	140	0	his	False	-3	2	0	0	0	0	204	204	204	204	-3	his	False	P	False	3	1	1	1
5195	136	7	73	0	his	False	-3	3	204	204	204	204	220	220	220	220	-3	his	False	P	False	3	1	1	0
5196	136	7	27	0	his	False	-3	4	200	200	200	200	180	180	180	180	-3	his	False	P	False	3	1	1	0
5197	136	7	124	0	his	False	-3	5	96	96	96	412	204	204	204	204	-3	his	False	P	False	3	1	1	0
5198	136	7	87	0	his	False	-3	6	0	0	0	0	184	184	184	184	-3	his	False	P	False	3	1	1	1
5199	136	7	114	0	his	False	-3	7	0	0	0	0	144	144	144	144	-3	his	False	P	False	3	1	1	1
5200	136	7	64	0	his	False	-3	8	184	184	364	564	140	140	140	140	-3	his	False	P	False	3	1	1	0
5201	136	7	168	0	his	False	-3	10	0	0	0	0	236	236	236	236	-3	his	False	P	False	3	1	1	1
5202	136	7	62	0	his	False	-3	11	0	0	0	0	160	160	160	160	-3	his	False	P	False	3	1	1	1
5203	136	7	82	0	his	False	-3	12	0	0	0	0	168	356	356	356	-3	his	False	P	False	3	1	1	1
5204	136	7	130	0	his	False	-3	13	0	0	0	0	264	264	264	264	-3	his	False	P	False	3	1	1	1
5205	136	7	35	0	his	False	-3	14	0	0	0	0	268	268	268	380	-3	his	False	P	False	3	1	1	1
5206	136	7	50	0	his	False	-3	15	0	0	0	0	160	160	160	160	-3	his	False	P	False	3	1	1	1
5207	136	7	171	0	his	False	-3	16	0	0	0	0	156	444	444	444	-3	his	False	P	False	3	1	1	1
5208	136	7	15	0	his	False	-3	17	0	0	0	0	332	332	332	332	-3	his	False	P	False	3	1	1	1
5209	136	7	42	0	his	False	-3	18	0	0	0	0	368	368	368	508	-3	his	False	P	False	3	1	1	1
5210	136	7	141	0	his	False	-3	19	180	180	180	180	112	196	196	196	-3	his	False	P	False	3	1	1	0
5211	136	7	48	0	his	False	-3	20	148	148	148	148	168	168	168	168	-3	his	False	P	False	3	1	1	0
5212	136	7	58	0	his	False	-3	21	0	0	0	0	304	476	476	476	-3	his	False	P	False	3	1	1	1
5213	136	7	123	0	his	False	-3	22	0	0	0	0	356	356	356	356	-3	his	False	P	False	3	1	1	1
5214	136	7	21	0	his	False	-3	23	180	180	180	180	444	444	624	1312	-3	his	False	P	False	3	1	1	0
5215	136	7	124	0	his	False	-3	24	0	0	0	0	248	248	248	540	-3	his	False	P	False	3	1	1	1
5216	136	7	185	0	his	False	-3	25	0	0	0	0	184	260	260	260	-3	his	False	P	False	3	1	1	1
5217	136	7	44	0	his	False	-3	27	152	152	152	152	160	160	160	160	-3	his	False	P	False	3	1	1	0
5218	136	7	144	0	his	False	-3	28	0	0	0	0	208	208	208	576	-3	his	False	P	False	3	1	1	1
5219	136	7	186	0	his	False	-3	29	0	0	0	0	192	192	192	456	-3	his	False	P	False	3	1	1	1
5220	136	7	25	0	his	False	-3	30	316	316	316	316	376	376	520	736	-3	his	False	P	False	3	1	1	0
5221	136	7	199	0	his	False	-3	31	152	152	152	152	288	288	288	288	-3	his	False	P	False	3	1	1	0
5222	136	7	112	0	his	False	-3	32	0	0	0	0	208	208	428	664	-3	his	False	P	False	3	1	1	1
5223	136	7	190	0	his	False	-3	33	156	284	284	284	92	92	92	92	-3	his	False	P	False	3	1	1	0
5224	136	7	199	0	his	False	-3	34	0	0	0	0	112	324	324	324	-3	his	False	P	False	3	1	1	1
5225	136	7	24	0	his	False	-3	35	160	160	160	160	248	248	248	248	-3	his	False	P	False	3	1	1	0
5227	136	7	117	0	his	False	-3	37	136	136	312	776	136	136	136	136	-3	his	False	P	False	3	1	1	0
5228	136	7	34	0	his	False	-3	38	0	0	0	0	248	416	416	416	-3	his	False	P	False	3	1	1	1
5229	136	7	60	0	his	False	-3	39	152	152	152	152	72	72	72	72	-3	his	False	P	False	3	1	1	0
5230	136	7	132	0	his	False	-3	40	0	0	0	0	176	268	268	268	-3	his	False	P	False	3	1	1	1
5231	136	7	169	0	his	False	-3	41	0	0	0	0	344	344	344	344	-3	his	False	P	False	3	1	1	1
5232	136	7	16	0	his	False	-3	42	0	0	0	0	220	220	220	220	-3	his	False	P	False	3	1	1	1
5233	136	7	72	0	his	False	-3	43	0	0	0	0	184	184	184	184	-3	his	False	P	False	3	1	1	1
5234	137	6	192	0	his	False	-5	1	132	132	132	132	240	240	240	240	-5	his	False	P	False	3	0	1	0
5236	137	6	6	0	his	False	-5	3	200	200	200	200	440	440	440	440	-5	his	False	P	False	3	0	1	0
5237	137	6	171	0	his	False	-5	4	0	0	0	0	212	212	212	212	-5	his	False	P	False	3	0	1	1
5238	137	6	198	0	his	False	-5	5	260	260	260	260	296	296	296	296	-5	his	False	P	False	3	0	1	0
5240	137	6	109	0	his	False	-5	7	0	0	0	0	196	196	196	196	-5	his	False	P	False	3	0	1	1
5242	137	6	120	0	his	False	-5	10	172	172	172	172	132	132	132	132	-5	his	False	P	False	3	0	1	0
5243	137	6	22	0	his	False	-5	11	188	188	188	188	112	112	112	112	-5	his	False	P	False	3	0	1	0
5246	137	6	103	0	his	False	-5	14	256	256	256	256	132	132	132	132	-5	his	False	P	False	3	0	1	0
5247	137	6	140	0	his	False	-5	15	176	176	176	176	84	84	84	84	-5	his	False	P	False	3	0	1	0
5248	137	6	129	0	his	False	-5	16	216	216	216	216	192	192	192	192	-5	his	False	P	False	3	0	1	0
5249	137	6	32	0	his	False	-5	17	260	260	260	260	124	124	124	124	-5	his	False	P	False	3	0	1	0
5251	137	6	107	0	his	False	-5	19	132	132	132	132	164	164	164	164	-5	his	False	P	False	3	0	1	0
5252	137	6	199	0	his	False	-5	20	0	0	0	0	172	172	172	172	-5	his	False	P	False	3	0	1	1
5254	137	6	149	0	his	False	-5	22	184	184	184	184	172	172	172	172	-5	his	False	P	False	3	0	1	0
5255	137	6	136	0	his	False	-5	23	468	468	468	468	208	208	208	208	-5	his	False	P	False	3	0	1	0
5256	137	6	163	0	his	False	-5	24	264	396	396	396	140	140	140	140	-5	his	False	P	False	3	0	1	0
5257	137	6	66	0	his	False	-5	25	200	200	200	200	268	268	268	268	-5	his	False	P	False	3	0	1	0
5258	137	6	88	0	his	False	-5	27	192	264	264	612	64	64	64	64	-5	his	False	P	False	3	0	1	0
5259	137	6	38	0	his	False	-5	28	240	396	396	396	168	168	168	168	-5	his	False	P	False	3	0	1	0
5260	137	6	197	0	his	False	-5	29	0	0	0	0	176	176	176	176	-5	his	False	P	False	3	0	1	1
5261	137	6	73	0	his	False	-5	30	192	192	192	192	300	608	608	608	-5	his	False	P	False	3	0	1	0
5262	137	6	47	0	his	False	-5	31	0	0	0	0	196	196	196	196	-5	his	False	P	False	3	0	1	1
5263	137	6	65	0	his	False	-5	32	212	212	212	212	200	200	200	200	-5	his	False	P	False	3	0	1	0
5265	137	6	130	0	his	False	-5	34	164	164	164	164	172	172	172	172	-5	his	False	P	False	3	0	1	0
5266	137	6	43	0	his	False	-5	35	184	184	184	184	156	156	156	156	-5	his	False	P	False	3	0	1	0
5267	137	6	140	0	his	False	-5	36	0	0	0	0	176	176	176	176	-5	his	False	P	False	3	0	1	1
5268	137	6	149	0	his	False	-5	37	192	320	320	320	172	172	172	172	-5	his	False	P	False	3	0	1	0
5269	137	6	72	0	his	False	-5	38	0	0	0	0	160	160	160	160	-5	his	False	P	False	3	0	1	1
5271	137	6	66	0	his	False	-5	40	0	0	0	0	192	192	192	436	-5	his	False	P	False	3	0	1	1
5275	137	10	192	0	his	False	-4	1	680	680	680	1692	312	444	444	444	-4	his	False	P	False	3	1	1	0
5276	137	10	17	0	his	False	-4	2	160	160	160	356	128	128	128	708	-4	his	False	P	False	3	1	1	0
5277	137	10	6	0	his	False	-4	3	236	444	444	444	232	232	408	2072	-4	his	False	P	False	3	1	1	0
5278	137	10	171	0	his	False	-4	4	172	172	172	172	144	284	284	532	-4	his	False	P	False	3	1	1	0
5279	137	10	198	0	his	False	-4	5	0	0	0	0	232	232	232	896	-4	his	False	P	False	3	1	1	1
5281	137	10	109	0	his	False	-4	7	96	96	256	800	164	164	164	476	-4	his	False	P	False	3	1	1	0
5283	137	10	120	0	his	False	-4	10	92	92	92	92	200	232	232	1252	-4	his	False	P	False	3	1	1	0
5284	137	10	22	0	his	False	-4	11	0	0	0	0	332	664	664	752	-4	his	False	P	False	3	1	1	1
5285	137	10	96	0	his	False	-4	12	292	292	292	292	252	536	536	2212	-4	his	False	P	False	3	1	1	0
5286	137	10	25	0	his	False	-4	13	0	0	0	0	416	416	416	416	-4	his	False	P	False	3	1	1	1
5289	137	10	129	0	his	False	-4	16	180	424	424	424	428	428	428	540	-4	his	False	P	False	3	1	1	0
5290	137	10	32	0	his	False	-4	17	0	0	0	0	264	264	264	968	-4	his	False	P	False	3	1	1	1
5291	137	10	149	0	his	False	-4	18	0	0	0	0	76	76	76	76	-4	his	False	P	False	3	1	1	1
5292	137	10	107	0	his	False	-4	19	188	188	188	188	52	52	52	1212	-4	his	False	P	False	3	1	1	0
5293	137	10	199	0	his	False	-4	20	236	236	236	236	132	132	132	1068	-4	his	False	P	False	3	1	1	0
5294	137	10	87	0	his	False	-4	21	0	0	0	0	212	424	424	424	-4	his	False	P	False	3	1	1	1
5295	137	10	149	0	his	False	-4	22	0	0	0	0	328	564	564	564	-4	his	False	P	False	3	1	1	1
5296	137	10	136	0	his	False	-4	23	0	0	0	0	236	556	556	556	-4	his	False	P	False	3	1	1	1
5297	137	10	163	0	his	False	-4	24	0	0	0	0	244	244	244	1192	-4	his	False	P	False	3	1	1	1
5298	137	10	66	0	his	False	-4	25	0	0	0	0	228	532	532	1056	-4	his	False	P	False	3	1	1	1
5299	137	10	88	0	his	False	-4	27	316	316	316	316	212	212	212	212	-4	his	False	P	False	3	1	1	0
5300	137	10	38	0	his	False	-4	28	152	152	560	748	232	232	232	232	-4	his	False	P	False	3	1	1	0
5301	137	10	197	0	his	False	-4	29	220	220	220	220	132	256	256	256	-4	his	False	P	False	3	1	1	0
5302	137	10	73	0	his	False	-4	30	0	0	0	0	276	276	276	276	-4	his	False	P	False	3	1	1	1
5303	137	10	47	0	his	False	-4	31	156	156	156	156	160	160	160	160	-4	his	False	P	False	3	1	1	0
5304	137	10	65	0	his	False	-4	32	252	252	252	252	224	224	224	320	-4	his	False	P	False	3	1	1	0
5306	137	10	130	0	his	False	-4	34	260	260	260	260	464	464	464	464	-4	his	False	P	False	3	1	1	0
5307	137	10	43	0	his	False	-4	35	0	0	0	0	172	252	252	252	-4	his	False	P	False	3	1	1	1
5308	137	10	140	0	his	False	-4	36	0	0	0	0	300	300	520	4256	-4	his	False	P	False	3	1	1	1
5309	137	10	149	0	his	False	-4	37	516	516	516	640	104	104	104	104	-4	his	False	P	False	3	1	1	0
5310	137	10	72	0	his	False	-4	38	248	248	248	248	204	204	204	204	-4	his	False	P	False	3	1	1	0
5311	137	10	81	0	his	False	-4	39	232	232	232	232	160	160	316	3160	-4	his	False	P	False	3	1	1	0
5312	137	10	66	0	his	False	-4	40	132	132	132	132	172	820	820	1652	-4	his	False	P	False	3	1	1	0
5313	137	10	184	0	his	False	-4	41	148	148	148	148	204	204	204	388	-4	his	False	P	False	3	1	1	0
5315	137	10	41	0	his	False	-4	43	0	0	0	0	380	380	380	380	-4	his	False	P	False	3	1	1	1
5316	138	7	120	0	her	False	-2	1	224	224	224	224	292	548	548	548	-2	her	False	O	False	3	0	1	0
5317	138	7	157	0	her	False	-2	2	0	0	0	0	160	160	160	280	-2	her	False	O	False	3	0	1	1
5318	138	7	107	0	her	False	-2	3	196	196	196	196	168	168	168	168	-2	her	False	O	False	3	0	1	0
5319	138	7	165	0	her	False	-2	4	224	224	224	224	256	256	256	256	-2	her	False	O	False	3	0	1	0
5320	138	7	53	0	her	False	-2	5	0	0	0	0	204	204	204	204	-2	her	False	O	False	3	0	1	1
5321	138	7	74	0	her	False	-2	6	216	216	216	456	136	136	136	136	-2	her	False	O	False	3	0	1	0
5322	138	7	166	0	her	False	-2	7	0	0	0	0	108	108	108	108	-2	her	False	O	False	3	0	1	1
5323	138	7	77	0	her	False	-2	8	0	0	0	0	296	296	296	296	-2	her	False	O	False	3	0	1	1
5324	138	7	46	0	her	False	-2	10	0	0	0	0	180	180	180	180	-2	her	False	O	False	3	0	1	1
5325	138	7	59	0	her	False	-2	11	160	160	160	160	124	124	124	124	-2	her	False	O	False	3	0	1	0
5326	138	7	118	0	her	False	-2	12	448	448	448	448	336	540	540	540	-2	her	False	O	False	3	0	1	0
5327	138	7	73	0	her	False	-2	13	0	0	0	0	148	148	148	148	-2	her	False	O	False	3	0	1	1
5328	138	7	77	0	her	False	-2	14	0	0	0	0	228	228	228	228	-2	her	False	O	False	3	0	1	1
5330	138	7	80	0	her	False	-2	16	208	208	208	208	344	460	460	460	-2	her	False	O	False	3	0	1	0
5332	138	7	157	0	her	False	-2	18	204	204	204	204	244	244	244	244	-2	her	False	O	False	3	0	1	0
5333	138	7	24	0	her	False	-2	19	224	224	224	1428	228	312	312	312	-2	her	False	O	False	3	0	1	0
5335	138	7	159	0	her	False	-2	21	168	168	168	268	124	124	124	124	-2	her	False	O	False	3	0	1	0
5336	138	7	25	0	her	False	-2	22	248	248	248	2024	280	280	280	280	-2	her	False	O	False	3	0	1	0
5337	138	7	89	0	her	False	-2	23	252	252	252	252	208	384	384	384	-2	her	False	O	False	3	0	1	0
5338	138	7	36	0	her	False	-2	24	0	0	0	0	168	168	168	168	-2	her	False	O	False	3	0	1	1
5339	138	7	21	0	her	False	-2	25	0	0	0	0	168	168	396	604	-2	her	False	O	False	3	0	1	1
5340	138	7	16	0	her	False	-2	27	180	180	180	180	152	152	152	152	-2	her	False	O	False	3	0	1	0
5341	138	7	19	0	her	False	-2	28	268	268	268	268	156	156	156	156	-2	her	False	O	False	3	0	1	0
5342	138	7	54	0	her	False	-2	29	0	0	0	0	412	412	412	412	-2	her	False	O	False	3	0	1	1
5343	138	7	33	0	her	False	-2	30	212	212	212	212	308	308	308	308	-2	her	False	O	False	3	0	1	0
5345	138	7	164	0	her	False	-2	32	168	168	168	168	220	220	220	220	-2	her	False	O	False	3	0	1	0
5346	138	7	173	0	her	False	-2	33	156	336	336	336	172	172	172	172	-2	her	False	O	False	3	0	1	0
5349	138	7	82	0	her	False	-2	36	0	0	0	0	292	324	324	324	-2	her	False	O	False	3	0	1	1
5350	138	7	14	0	her	False	-2	37	216	216	216	216	140	140	140	220	-2	her	False	O	False	3	0	1	0
5351	138	7	27	0	her	False	-2	38	0	0	0	0	220	388	388	388	-2	her	False	O	False	3	0	1	1
5352	138	7	100	0	her	False	-2	39	76	76	76	76	232	232	232	232	-2	her	False	O	False	3	0	1	0
5353	138	7	128	0	her	False	-2	40	0	0	0	0	68	68	264	508	-2	her	False	O	False	3	0	1	1
5354	138	7	86	0	her	False	-2	41	0	0	0	0	24	24	440	2452	-2	her	False	O	False	3	0	1	1
5355	138	7	187	0	her	False	-2	42	136	136	136	300	164	164	164	164	-2	her	False	O	False	3	0	1	0
5356	138	7	124	0	her	False	-2	43	0	0	0	0	184	184	184	184	-2	her	False	O	False	3	0	1	1
5357	138	10	120	0	his	False	-9	1	264	264	264	264	396	396	396	1696	-9	his	False	P	False	3	1	1	0
5358	138	10	157	0	his	False	-9	2	0	0	0	0	192	192	192	484	-9	his	False	P	False	3	1	1	1
5361	138	10	53	0	his	False	-9	5	168	168	168	168	76	76	76	2072	-9	his	False	P	False	3	1	1	0
5362	138	10	74	0	his	False	-9	6	216	216	216	216	192	192	192	192	-9	his	False	P	False	3	1	1	0
5366	138	10	59	0	his	False	-9	11	272	596	596	596	292	292	292	292	-9	his	False	P	False	3	1	1	0
5367	138	10	118	0	his	False	-9	12	116	116	116	116	272	272	272	2912	-9	his	False	P	False	3	1	1	0
5368	138	10	73	0	his	False	-9	13	196	196	196	416	200	400	400	524	-9	his	False	P	False	3	1	1	0
5369	138	10	77	0	his	False	-9	14	316	316	316	316	216	216	520	1084	-9	his	False	P	False	3	1	1	0
5370	138	10	201	0	his	False	-9	15	188	188	188	576	124	124	124	464	-9	his	False	P	False	3	1	1	0
5372	138	10	37	0	his	False	-9	17	0	0	0	0	324	324	324	1032	-9	his	False	P	False	3	1	1	1
5373	138	10	157	0	his	False	-9	18	392	392	392	392	288	288	288	288	-9	his	False	P	False	3	1	1	0
5374	138	10	24	0	his	False	-9	19	188	188	188	188	256	256	256	1880	-9	his	False	P	False	3	1	1	0
5375	138	10	39	0	his	False	-9	20	0	0	0	0	248	248	576	2892	-9	his	False	P	False	3	1	1	1
5376	138	10	159	0	his	False	-9	21	136	136	136	136	304	304	304	304	-9	his	False	P	False	3	1	1	0
5377	138	10	25	0	his	False	-9	22	0	0	0	0	300	632	632	632	-9	his	False	P	False	3	1	1	1
5378	138	10	89	0	his	False	-9	23	328	328	328	328	192	508	1496	7004	-9	his	False	P	False	3	1	1	0
5379	138	10	36	0	his	False	-9	24	0	0	0	0	200	200	320	3760	-9	his	False	P	False	3	1	1	1
5380	138	10	21	0	his	False	-9	25	168	168	168	168	156	280	708	1308	-9	his	False	P	False	3	1	1	0
5381	138	10	16	0	his	False	-9	27	348	348	348	348	164	444	444	704	-9	his	False	P	False	3	1	1	0
5382	138	10	19	0	his	False	-9	28	196	196	352	496	372	372	372	372	-9	his	False	P	False	3	1	1	0
5383	138	10	54	0	his	False	-9	29	0	0	0	0	168	352	352	352	-9	his	False	P	False	3	1	1	1
5384	138	10	33	0	his	False	-9	30	0	0	0	0	296	296	296	1068	-9	his	False	P	False	3	1	1	1
5385	138	10	99	0	his	False	-9	31	0	0	0	0	216	216	216	216	-9	his	False	P	False	3	1	1	1
5386	138	10	164	0	his	False	-9	32	140	140	140	140	196	196	196	196	-9	his	False	P	False	3	1	1	0
5387	138	10	173	0	his	False	-9	33	164	164	164	164	232	232	232	232	-9	his	False	P	False	3	1	1	0
5388	138	10	106	0	his	False	-9	34	0	0	0	0	176	176	176	364	-9	his	False	P	False	3	1	1	1
5389	138	10	138	0	his	False	-9	35	0	0	0	0	172	280	280	636	-9	his	False	P	False	3	1	1	1
5390	138	10	82	0	his	False	-9	36	0	0	0	0	224	224	424	660	-9	his	False	P	False	3	1	1	1
5391	138	10	14	0	his	False	-9	37	196	196	196	196	120	316	316	992	-9	his	False	P	False	3	1	1	0
5393	138	10	100	0	his	False	-9	39	0	0	0	0	316	360	360	1488	-9	his	False	P	False	3	1	1	1
5395	138	10	86	0	his	False	-9	41	236	236	236	236	156	156	156	952	-9	his	False	P	False	3	1	1	0
5397	138	10	124	0	his	False	-9	43	372	372	372	372	252	252	252	252	-9	his	False	P	False	3	1	1	0
5398	139	7	197	0	his	False	-6	1	172	172	172	328	240	240	240	240	-6	his	False	P	False	3	0	1	0
5399	139	7	195	0	his	False	-6	2	184	184	184	184	164	164	164	164	-6	his	False	P	False	3	0	1	0
5400	139	7	15	0	his	False	-6	3	0	0	0	0	224	488	488	488	-6	his	False	P	False	3	0	1	1
5401	139	7	29	0	his	False	-6	4	136	284	284	284	180	180	180	180	-6	his	False	P	False	3	0	1	0
5402	139	7	142	0	his	False	-6	5	0	0	0	0	220	220	220	220	-6	his	False	P	False	3	0	1	1
5403	139	7	16	0	his	False	-6	6	0	0	0	0	232	232	232	232	-6	his	False	P	False	3	0	1	1
5406	139	7	17	0	his	False	-6	9	120	120	120	120	108	108	108	108	-6	his	False	P	False	3	0	1	0
5407	139	7	95	0	his	False	-6	10	0	0	0	0	140	140	140	140	-6	his	False	P	False	3	0	1	1
5408	139	7	82	0	his	False	-6	11	0	0	0	0	140	140	140	140	-6	his	False	P	False	3	0	1	1
5409	139	7	20	0	his	False	-6	12	0	0	0	0	180	344	344	344	-6	his	False	P	False	3	0	1	1
5410	139	7	129	0	his	False	-6	13	0	0	0	0	200	200	200	200	-6	his	False	P	False	3	0	1	1
5411	139	7	176	0	his	False	-6	14	192	192	192	192	156	156	156	156	-6	his	False	P	False	3	0	1	0
5412	139	7	123	0	his	False	-6	15	0	0	0	0	184	184	184	184	-6	his	False	P	False	3	0	1	1
5413	139	7	196	0	his	False	-6	16	196	196	196	196	184	460	460	460	-6	his	False	P	False	3	0	1	0
5415	139	7	48	0	his	False	-6	18	0	0	0	0	180	180	180	180	-6	his	False	P	False	3	0	1	1
5416	139	7	175	0	his	False	-6	19	128	128	128	128	100	100	100	100	-6	his	False	P	False	3	0	1	0
5417	139	7	128	0	his	False	-6	20	0	0	0	0	132	132	132	132	-6	his	False	P	False	3	0	1	1
5418	139	7	36	0	his	False	-6	21	0	0	0	0	132	132	132	132	-6	his	False	P	False	3	0	1	1
5419	139	7	196	0	his	False	-6	22	0	0	0	0	208	208	208	208	-6	his	False	P	False	3	0	1	1
5420	139	7	185	0	his	False	-6	23	124	124	124	124	280	280	280	280	-6	his	False	P	False	3	0	1	0
5421	139	7	166	0	his	False	-6	24	320	320	320	320	128	128	128	128	-6	his	False	P	False	3	0	1	0
5422	139	7	118	0	his	False	-6	25	240	240	240	240	144	144	144	144	-6	his	False	P	False	3	0	1	0
5423	139	7	102	0	his	False	-6	27	152	152	152	152	196	196	196	196	-6	his	False	P	False	3	0	1	0
5424	139	7	123	0	his	False	-6	28	260	260	260	260	228	228	228	228	-6	his	False	P	False	3	0	1	0
5425	139	7	51	0	his	False	-6	29	0	0	0	0	216	372	372	372	-6	his	False	P	False	3	0	1	1
5426	139	7	41	0	his	False	-6	30	0	0	0	0	184	804	804	804	-6	his	False	P	False	3	0	1	1
5427	139	7	86	0	his	False	-6	31	0	0	0	0	140	140	140	140	-6	his	False	P	False	3	0	1	1
5428	139	7	5	0	his	False	-6	32	0	0	0	0	160	372	372	372	-6	his	False	P	False	3	0	1	1
5429	139	7	47	0	his	False	-6	33	136	300	300	300	116	116	116	116	-6	his	False	P	False	3	0	1	0
5430	139	7	43	0	his	False	-6	34	0	0	0	0	152	152	152	152	-6	his	False	P	False	3	0	1	1
5431	139	7	21	0	his	False	-6	35	0	0	0	0	172	172	172	172	-6	his	False	P	False	3	0	1	1
5433	139	7	37	0	his	False	-6	37	156	156	156	156	176	176	176	176	-6	his	False	P	False	3	0	1	0
5434	139	7	77	0	his	False	-6	38	148	148	148	148	252	252	252	252	-6	his	False	P	False	3	0	1	0
5435	139	7	178	0	his	False	-6	39	0	0	0	0	180	180	180	180	-6	his	False	P	False	3	0	1	1
5436	139	7	42	0	his	False	-6	40	272	272	272	272	132	132	132	132	-6	his	False	P	False	3	0	1	0
5437	139	7	105	0	his	False	-6	41	0	0	0	0	172	172	256	400	-6	his	False	P	False	3	0	1	1
5439	139	7	204	0	his	False	-6	43	0	0	0	0	172	172	172	172	-6	his	False	P	False	3	0	1	1
5440	139	10	197	0	his	False	-3	1	0	0	0	0	348	820	820	2336	-3	his	False	P	False	3	1	1	1
5441	139	10	195	0	his	False	-3	2	0	0	0	0	212	212	212	1344	-3	his	False	P	False	3	1	1	1
5442	139	10	15	0	his	False	-3	3	0	0	0	0	268	268	856	1088	-3	his	False	P	False	3	1	1	1
5443	139	10	29	0	his	False	-3	4	0	0	0	0	136	136	136	1676	-3	his	False	P	False	3	1	1	1
5444	139	10	142	0	his	False	-3	5	0	0	0	0	276	276	276	276	-3	his	False	P	False	3	1	1	1
5446	139	10	174	0	his	False	-3	7	180	180	180	180	124	124	448	2232	-3	his	False	P	False	3	1	1	0
5447	139	10	78	0	his	False	-3	8	0	0	0	0	392	392	392	392	-3	his	False	P	False	3	1	1	1
5448	139	10	17	0	his	False	-3	9	180	180	180	180	200	500	500	968	-3	his	False	P	False	3	1	1	0
5449	139	10	95	0	his	False	-3	10	0	0	0	0	288	288	288	1060	-3	his	False	P	False	3	1	1	1
5450	139	10	82	0	his	False	-3	11	244	244	244	244	184	296	296	296	-3	his	False	P	False	3	1	1	0
5451	139	10	20	0	his	False	-3	12	244	244	244	244	132	308	308	1492	-3	his	False	P	False	3	1	1	0
5452	139	10	129	0	his	False	-3	13	0	0	0	0	240	776	776	776	-3	his	False	P	False	3	1	1	1
5453	139	10	176	0	his	False	-3	14	0	0	0	0	204	204	204	612	-3	his	False	P	False	3	1	1	1
5456	139	10	83	0	his	False	-3	17	0	0	0	0	288	288	288	1152	-3	his	False	P	False	3	1	1	1
5457	139	10	48	0	his	False	-3	18	0	0	0	0	212	212	212	564	-3	his	False	P	False	3	1	1	1
5458	139	10	175	0	his	False	-3	19	0	0	0	0	304	456	456	900	-3	his	False	P	False	3	1	1	1
5459	139	10	128	0	his	False	-3	20	0	0	0	0	156	156	324	2224	-3	his	False	P	False	3	1	1	1
5460	139	10	36	0	his	False	-3	21	0	0	0	0	228	228	228	228	-3	his	False	P	False	3	1	1	1
5461	139	10	196	0	his	False	-3	22	0	0	0	0	296	456	456	872	-3	his	False	P	False	3	1	1	1
5462	139	10	185	0	his	False	-3	23	0	0	0	0	228	780	780	1556	-3	his	False	P	False	3	1	1	1
5464	139	10	118	0	his	False	-3	25	164	164	164	348	260	372	372	716	-3	his	False	P	False	3	1	1	0
5465	139	10	102	0	his	False	-3	27	0	0	0	0	332	332	332	604	-3	his	False	P	False	3	1	1	1
5466	139	10	123	0	his	False	-3	28	0	0	0	0	216	216	216	436	-3	his	False	P	False	3	1	1	1
5467	139	10	51	0	his	False	-3	29	0	0	0	0	252	252	252	1004	-3	his	False	P	False	3	1	1	1
5468	139	10	41	0	his	False	-3	30	0	0	0	0	188	440	440	816	-3	his	False	P	False	3	1	1	1
5469	139	10	86	0	his	False	-3	31	0	0	0	0	216	216	216	216	-3	his	False	P	False	3	1	1	1
5470	139	10	5	0	his	False	-3	32	0	0	0	0	244	244	520	736	-3	his	False	P	False	3	1	1	1
5471	139	10	47	0	his	False	-3	33	0	0	0	0	256	436	620	1524	-3	his	False	P	False	3	1	1	1
5473	139	10	21	0	his	False	-3	35	168	168	168	168	232	232	232	232	-3	his	False	P	False	3	1	1	0
5474	139	10	129	0	his	False	-3	36	0	0	0	0	160	352	352	1384	-3	his	False	P	False	3	1	1	1
5475	139	10	37	0	his	False	-3	37	164	164	164	164	80	80	80	300	-3	his	False	P	False	3	1	1	0
5476	139	10	77	0	his	False	-3	38	0	0	0	0	180	180	180	392	-3	his	False	P	False	3	1	1	1
5477	139	10	178	0	his	False	-3	39	248	248	248	248	308	308	308	308	-3	his	False	P	False	3	1	1	0
5478	139	10	42	0	his	False	-3	40	132	132	132	132	152	364	364	1468	-3	his	False	P	False	3	1	1	0
5479	139	10	105	0	his	False	-3	41	0	0	0	0	164	164	164	164	-3	his	False	P	False	3	1	1	1
5480	139	10	158	0	his	False	-3	42	268	268	268	268	184	184	184	1272	-3	his	False	P	False	3	1	1	0
5481	139	10	204	0	his	False	-3	43	0	0	0	0	216	920	920	920	-3	his	False	P	False	3	1	1	1
5565	141	5	85	0	herself	True	-4	1	244	244	244	244	216	216	216	216	-4	herself	True	R	False	7	1	1	0
5567	141	5	83	0	herself	True	-4	3	244	244	244	244	188	188	188	188	-4	herself	True	R	False	7	1	1	0
5571	141	5	141	0	herself	True	-4	7	188	188	216	588	116	116	116	116	-4	herself	True	R	False	7	1	1	0
5574	141	5	139	0	herself	True	-4	10	156	156	156	156	148	148	148	148	-4	herself	True	R	False	7	1	1	0
5579	141	5	82	0	herself	True	-4	15	0	0	0	0	132	132	132	132	-4	herself	True	R	False	7	1	1	1
5581	141	5	140	0	herself	True	-4	17	0	0	0	0	156	156	156	156	-4	herself	True	R	False	7	1	1	1
5583	141	5	68	0	herself	True	-4	19	140	140	140	140	184	184	184	184	-4	herself	True	R	False	7	1	1	0
5585	141	5	156	0	herself	True	-4	21	140	140	140	140	136	136	136	136	-4	herself	True	R	False	7	1	1	0
5587	141	5	73	0	herself	True	-4	23	264	264	264	264	240	240	240	240	-4	herself	True	R	False	7	1	1	0
5590	141	5	168	0	herself	True	-4	27	184	184	184	184	344	344	344	344	-4	herself	True	R	False	7	1	1	0
5591	141	5	69	0	herself	True	-4	28	236	236	236	236	196	448	448	448	-4	herself	True	R	False	7	1	1	0
5593	141	5	106	0	herself	True	-4	30	84	84	84	84	316	424	424	424	-4	herself	True	R	False	7	1	1	0
5600	141	5	186	0	herself	True	-4	37	132	132	132	132	172	172	172	172	-4	herself	True	R	False	7	1	1	0
5604	141	5	10	0	herself	True	-4	41	156	156	156	156	176	176	176	176	-4	herself	True	R	False	7	1	1	0
5605	141	5	200	0	herself	True	-4	42	152	152	152	152	132	132	132	132	-4	herself	True	R	False	7	1	1	0
5690	142	8	191	0	her	True	-7	1	0	0	0	0	264	264	264	264	-7	her	False	O	False	3	1	1	1
5691	142	8	27	0	her	True	-7	2	0	0	0	0	140	140	140	140	-7	her	False	O	False	3	1	1	1
5692	142	8	32	0	her	True	-7	3	244	244	244	244	244	244	244	244	-7	her	False	O	False	3	1	1	0
5693	142	8	167	0	her	True	-7	4	212	212	212	212	144	144	144	144	-7	her	False	O	False	3	1	1	0
5696	142	8	192	0	her	True	-7	7	0	0	0	0	128	128	128	128	-7	her	False	O	False	3	1	1	1
5697	142	8	92	0	her	True	-7	8	0	0	0	0	296	496	496	496	-7	her	False	O	False	3	1	1	1
5698	142	8	167	0	her	True	-7	10	0	0	0	0	140	140	140	140	-7	her	False	O	False	3	1	1	1
5699	142	8	129	0	her	True	-7	11	136	136	136	136	140	140	140	140	-7	her	False	O	False	3	1	1	0
5700	142	8	141	0	her	True	-7	12	172	172	172	172	256	256	256	256	-7	her	False	O	False	3	1	1	0
5701	142	8	178	0	her	True	-7	13	0	0	0	0	152	152	152	152	-7	her	False	O	False	3	1	1	1
5702	142	8	70	0	her	True	-7	14	0	0	0	0	256	256	256	256	-7	her	False	O	False	3	1	1	1
5703	142	8	156	0	her	True	-7	15	0	0	0	0	140	140	140	140	-7	her	False	O	False	3	1	1	1
5704	142	8	109	0	her	True	-7	16	192	192	192	192	176	316	316	316	-7	her	False	O	False	3	1	1	0
5705	142	8	145	0	her	True	-7	17	0	0	0	0	200	200	200	200	-7	her	False	O	False	3	1	1	1
5706	142	8	134	0	her	True	-7	18	0	0	0	0	172	172	172	172	-7	her	False	O	False	3	1	1	1
5707	142	8	155	0	her	True	-7	19	0	0	0	0	180	180	180	180	-7	her	False	O	False	3	1	1	1
5709	142	8	198	0	her	True	-7	21	0	0	0	0	264	572	572	572	-7	her	False	O	False	3	1	1	1
5710	142	8	177	0	her	True	-7	22	0	0	0	0	256	392	392	392	-7	her	False	O	False	3	1	1	1
5711	142	8	131	0	her	True	-7	23	296	296	296	296	136	316	316	316	-7	her	False	O	False	3	1	1	0
5712	142	8	59	0	her	True	-7	24	0	0	0	0	320	320	320	320	-7	her	False	O	False	3	1	1	1
5713	142	8	168	0	her	True	-7	25	0	0	0	0	132	132	132	392	-7	her	False	O	False	3	1	1	1
5714	142	8	113	0	her	True	-7	27	212	212	212	212	256	256	256	256	-7	her	False	O	False	3	1	1	0
5716	142	8	38	0	her	True	-7	29	188	188	188	188	280	280	280	520	-7	her	False	O	False	3	1	1	0
5717	142	8	157	0	her	True	-7	30	220	220	220	220	312	312	312	312	-7	her	False	O	False	3	1	1	0
5718	142	8	38	0	her	True	-7	31	156	156	156	288	148	148	148	148	-7	her	False	O	False	3	1	1	0
5720	142	8	65	0	her	True	-7	33	0	0	0	0	180	180	180	180	-7	her	False	O	False	3	1	1	1
5721	142	8	30	0	her	True	-7	34	0	0	0	0	188	188	188	188	-7	her	False	O	False	3	1	1	1
5722	142	8	137	0	her	True	-7	35	192	192	192	192	224	224	224	224	-7	her	False	O	False	3	1	1	0
5724	142	8	16	0	her	True	-7	37	144	144	144	144	188	188	188	188	-7	her	False	O	False	3	1	1	0
5725	142	8	52	0	her	True	-7	38	264	264	264	428	240	240	240	240	-7	her	False	O	False	3	1	1	0
5726	142	8	125	0	her	True	-7	39	0	0	0	0	216	216	216	216	-7	her	False	O	False	3	1	1	1
5728	142	8	64	0	her	True	-7	41	160	160	160	160	96	96	96	96	-7	her	False	O	False	3	1	1	0
5730	142	8	86	0	her	True	-7	43	0	0	0	0	232	232	232	232	-7	her	False	O	False	3	1	1	1
5854	146	5	131	0	their	True	-3	1	132	132	132	132	232	232	232	232	-3	their	False	P	True	5	1	1	0
5855	146	5	100	0	their	True	-3	2	140	140	140	140	132	132	132	132	-3	their	False	P	True	5	1	1	0
5856	146	5	19	0	their	True	-3	3	24	224	492	1424	156	156	156	156	-3	their	False	P	True	5	1	1	0
5857	146	5	176	0	their	True	-3	4	152	152	152	152	148	148	148	148	-3	their	False	P	True	5	1	1	0
5858	146	5	190	0	their	True	-3	5	208	208	208	208	164	164	164	164	-3	their	False	P	True	5	1	1	0
5859	146	5	108	0	their	True	-3	6	176	176	176	176	136	136	136	856	-3	their	False	P	True	5	1	1	0
5861	146	5	110	0	their	True	-3	8	172	172	172	172	212	212	212	212	-3	their	False	P	True	5	1	1	0
5862	146	5	75	0	their	True	-3	10	152	152	152	152	252	252	252	252	-3	their	False	P	True	5	1	1	0
5863	146	5	163	0	their	True	-3	11	184	184	184	184	128	128	128	128	-3	their	False	P	True	5	1	1	0
5864	146	5	18	0	their	True	-3	12	148	148	148	148	128	128	128	128	-3	their	False	P	True	5	1	1	0
5865	146	5	123	0	their	True	-3	13	156	156	156	156	372	372	372	372	-3	their	False	P	True	5	1	1	0
5867	146	5	14	0	their	True	-3	15	172	172	172	172	120	120	120	120	-3	their	False	P	True	5	1	1	0
5868	146	5	13	0	their	True	-3	16	184	184	184	184	176	176	176	176	-3	their	False	P	True	5	1	1	0
5869	146	5	48	0	their	True	-3	17	0	0	0	0	140	140	140	140	-3	their	False	P	True	5	1	1	1
5871	146	5	70	0	their	True	-3	19	176	176	176	176	116	116	116	116	-3	their	False	P	True	5	1	1	0
5872	146	5	36	0	their	True	-3	20	0	0	0	0	300	300	300	300	-3	their	False	P	True	5	1	1	1
5873	146	5	90	0	their	True	-3	21	0	0	0	0	140	140	140	140	-3	their	False	P	True	5	1	1	1
5874	146	5	133	0	their	True	-3	22	264	264	264	264	196	196	196	196	-3	their	False	P	True	5	1	1	0
5875	146	5	30	0	their	True	-3	23	260	432	432	432	308	308	308	308	-3	their	False	P	True	5	1	1	0
5876	146	5	149	0	their	True	-3	24	252	252	252	252	224	224	224	224	-3	their	False	P	True	5	1	1	0
5877	146	5	145	0	their	True	-3	25	300	300	300	300	124	124	124	124	-3	their	False	P	True	5	1	1	0
5878	146	5	11	0	their	True	-3	27	216	216	216	216	156	156	156	156	-3	their	False	P	True	5	1	1	0
5881	146	5	59	0	their	True	-3	30	308	308	308	308	168	168	168	168	-3	their	False	P	True	5	1	1	0
5883	146	5	39	0	their	True	-3	32	236	236	236	236	184	184	184	184	-3	their	False	P	True	5	1	1	0
5884	146	5	204	0	their	True	-3	33	112	112	112	112	332	332	332	332	-3	their	False	P	True	5	1	1	0
5885	146	5	32	0	their	True	-3	34	152	152	152	152	216	404	404	404	-3	their	False	P	True	5	1	1	0
5886	146	5	188	0	their	True	-3	35	180	180	180	180	176	176	176	176	-3	their	False	P	True	5	1	1	0
5887	146	5	185	0	their	True	-3	36	0	0	0	0	244	244	244	244	-3	their	False	P	True	5	1	1	1
5889	146	5	57	0	their	True	-3	38	224	224	224	224	136	136	136	136	-3	their	False	P	True	5	1	1	0
5891	146	5	105	0	their	True	-3	40	0	0	0	0	164	164	164	164	-3	their	False	P	True	5	1	1	1
5892	146	5	114	0	their	True	-3	41	244	244	404	1084	80	80	80	80	-3	their	False	P	True	5	1	1	0
5894	146	5	133	0	their	True	-3	43	124	124	124	124	180	180	180	180	-3	their	False	P	True	5	1	1	0
5895	146	9	131	0	them	True	-4	1	252	252	252	252	236	236	236	236	-4	them	False	O	True	4	2	1	0
5896	146	9	100	0	them	True	-4	2	312	312	312	312	168	168	168	168	-4	them	False	O	True	4	2	1	0
5898	146	9	176	0	them	True	-4	4	172	172	172	172	184	184	368	692	-4	them	False	O	True	4	2	1	0
5902	146	9	110	0	them	True	-4	8	0	0	0	0	276	276	276	276	-4	them	False	O	True	4	2	1	1
5906	146	9	123	0	them	True	-4	13	0	0	0	0	436	436	436	436	-4	them	False	O	True	4	2	1	1
5907	146	9	64	0	them	True	-4	14	0	0	0	0	256	256	256	1196	-4	them	False	O	True	4	2	1	1
5916	146	9	30	0	them	True	-4	23	300	616	616	616	164	164	308	464	-4	them	False	O	True	4	2	1	0
5920	146	9	146	0	them	True	-4	28	216	216	488	644	256	256	256	256	-4	them	False	O	True	4	2	1	0
5922	146	9	59	0	them	True	-4	30	148	272	272	272	520	520	520	520	-4	them	False	O	True	4	2	1	0
5927	146	9	188	0	them	True	-4	35	0	0	0	0	232	232	232	232	-4	them	False	O	True	4	2	1	1
5928	146	9	185	0	them	True	-4	36	0	0	0	0	276	276	276	276	-4	them	False	O	True	4	2	1	1
5929	146	9	129	0	them	True	-4	37	160	160	836	1032	176	176	176	176	-4	them	False	O	True	4	2	1	0
5932	146	9	105	0	them	True	-4	40	168	168	168	168	108	252	252	252	-4	them	False	O	True	4	2	1	0
5935	146	9	133	0	them	True	-4	43	152	152	152	152	208	208	208	208	-4	them	False	O	True	4	2	1	0
6020	150	8	28	0	he	True	-3	2	0	0	0	0	180	180	180	384	-3	he	False	O	False	2	1	1	1
6021	150	8	181	0	he	True	-3	3	96	96	96	96	176	176	176	412	-3	he	False	O	False	2	1	1	0
6022	150	8	39	0	he	True	-3	4	84	136	136	136	164	164	164	164	-3	he	False	O	False	2	1	1	0
6023	150	8	38	0	he	True	-3	5	176	176	176	176	140	140	140	140	-3	he	False	O	False	2	1	1	0
6025	150	8	58	0	he	True	-3	7	0	0	0	0	156	156	156	156	-3	he	False	O	False	2	1	1	1
6026	150	8	197	0	he	True	-3	8	0	0	0	0	188	340	340	340	-3	he	False	O	False	2	1	1	1
6027	150	8	32	0	he	True	-3	9	168	304	304	304	120	120	120	120	-3	he	False	O	False	2	1	1	0
6028	150	8	15	0	he	True	-3	10	72	72	176	212	32	172	328	1104	-3	he	False	O	False	2	1	1	0
6030	150	8	137	0	he	True	-3	12	288	288	288	288	144	144	144	144	-3	he	False	O	False	2	1	1	0
6031	150	8	167	0	he	True	-3	13	0	0	0	0	304	428	428	428	-3	he	False	O	False	2	1	1	1
6032	150	8	121	0	he	True	-3	14	196	196	196	196	220	220	220	220	-3	he	False	O	False	2	1	1	0
6033	150	8	38	0	he	True	-3	15	52	52	52	52	144	144	144	144	-3	he	False	O	False	2	1	1	0
6034	150	8	11	0	he	True	-3	16	316	316	316	316	172	172	172	172	-3	he	False	O	False	2	1	1	0
6035	150	8	101	0	he	True	-3	17	148	148	148	148	152	152	152	152	-3	he	False	O	False	2	1	1	0
6036	150	8	4	0	he	True	-3	18	240	240	240	240	228	228	228	228	-3	he	False	O	False	2	1	1	0
6037	150	8	131	0	he	True	-3	19	224	224	224	224	88	88	88	188	-3	he	False	O	False	2	1	1	0
6038	150	8	83	0	he	True	-3	20	0	0	0	0	164	164	164	164	-3	he	False	O	False	2	1	1	1
6039	150	8	168	0	he	True	-3	21	0	0	0	0	188	188	188	188	-3	he	False	O	False	2	1	1	1
6040	150	8	103	0	he	True	-3	22	0	0	0	0	184	404	404	404	-3	he	False	O	False	2	1	1	1
6041	150	8	72	0	he	True	-3	23	328	328	328	328	124	336	336	336	-3	he	False	O	False	2	1	1	0
6042	150	8	110	0	he	True	-3	24	0	0	0	0	272	444	444	444	-3	he	False	O	False	2	1	1	1
6043	150	8	92	0	he	True	-3	25	0	0	0	0	152	152	152	308	-3	he	False	O	False	2	1	1	1
6044	150	8	204	0	he	True	-3	27	0	0	0	0	260	260	260	260	-3	he	False	O	False	2	1	1	1
6046	150	8	184	0	he	True	-3	29	0	0	0	0	136	136	244	480	-3	he	False	O	False	2	1	1	1
6047	150	8	193	0	he	True	-3	30	304	304	304	860	200	388	388	388	-3	he	False	O	False	2	1	1	0
6048	150	8	51	0	he	True	-3	31	0	0	0	0	168	168	168	168	-3	he	False	O	False	2	1	1	1
6049	150	8	48	0	he	True	-3	32	184	184	184	336	160	160	160	160	-3	he	False	O	False	2	1	1	0
6050	150	8	133	0	he	True	-3	33	196	196	196	196	144	144	144	144	-3	he	False	O	False	2	1	1	0
6051	150	8	72	0	he	True	-3	34	0	0	0	0	152	152	152	152	-3	he	False	O	False	2	1	1	1
6052	150	8	68	0	he	True	-3	35	188	188	188	188	212	212	212	212	-3	he	False	O	False	2	1	1	0
6053	150	8	167	0	he	True	-3	36	0	0	0	0	224	224	224	224	-3	he	False	O	False	2	1	1	1
6054	150	8	75	0	he	True	-3	37	156	316	316	316	92	92	92	92	-3	he	False	O	False	2	1	1	0
6055	150	8	30	0	he	True	-3	38	224	224	224	224	32	160	160	160	-3	he	False	O	False	2	1	1	0
6056	150	8	121	0	he	True	-3	39	0	0	0	0	168	168	168	168	-3	he	False	O	False	2	1	1	1
6057	150	8	28	0	he	True	-3	40	152	152	152	1348	172	172	172	172	-3	he	False	O	False	2	1	1	0
6058	150	8	155	0	he	True	-3	41	0	0	0	0	184	184	184	244	-3	he	False	O	False	2	1	1	1
6059	150	8	104	0	he	True	-3	42	0	0	0	0	172	172	172	172	-3	he	False	O	False	2	1	1	1
6060	150	8	14	0	he	True	-3	43	120	120	120	120	188	188	188	188	-3	he	False	O	False	2	1	1	0
6143	154	11	68	0	his	True	-10	1	208	208	208	208	164	164	420	728	-10	his	False	P	False	3	2	1	0
6144	154	11	174	0	his	True	-10	2	0	0	0	0	192	192	192	492	-10	his	False	P	False	3	2	1	1
6145	154	11	106	0	his	True	-10	3	128	280	280	280	232	232	232	232	-10	his	False	P	False	3	2	1	0
6146	154	11	132	0	his	True	-10	4	0	0	0	0	508	508	508	508	-10	his	False	P	False	3	2	1	1
6147	154	11	43	0	his	True	-10	5	0	0	0	0	136	136	944	1236	-10	his	False	P	False	3	2	1	1
6148	154	11	138	0	his	True	-10	6	0	0	0	0	188	188	188	1424	-10	his	False	P	False	3	2	1	1
6149	154	11	70	0	his	True	-10	7	124	124	124	124	108	108	108	1296	-10	his	False	P	False	3	2	1	0
6152	154	11	38	0	his	True	-10	11	188	748	748	828	168	168	168	168	-10	his	False	P	False	3	2	1	0
6154	154	11	173	0	his	True	-10	13	260	260	260	260	472	472	472	708	-10	his	False	P	False	3	2	1	0
6155	154	11	145	0	his	True	-10	14	0	0	0	0	204	204	204	496	-10	his	False	P	False	3	2	1	1
6157	154	11	161	0	his	True	-10	16	240	536	536	536	140	708	708	708	-10	his	False	P	False	3	2	1	0
6158	154	11	40	0	his	True	-10	17	0	0	0	0	280	280	280	724	-10	his	False	P	False	3	2	1	1
6159	154	11	195	0	his	True	-10	18	164	164	164	260	252	252	252	252	-10	his	False	P	False	3	2	1	0
6161	154	11	183	0	his	True	-10	20	0	0	0	0	324	372	1012	1836	-10	his	False	P	False	3	2	1	1
6162	154	11	61	0	his	True	-10	21	0	0	0	0	416	416	416	416	-10	his	False	P	False	3	2	1	1
6164	154	11	154	0	his	True	-10	23	164	164	164	164	188	188	620	4196	-10	his	False	P	False	3	2	1	0
6165	154	11	88	0	his	True	-10	24	0	0	0	0	200	200	200	368	-10	his	False	P	False	3	2	1	1
6166	154	11	179	0	his	True	-10	25	0	0	0	0	212	212	212	620	-10	his	False	P	False	3	2	1	1
6168	154	11	32	0	his	True	-10	28	324	324	324	324	296	296	296	296	-10	his	False	P	False	3	2	1	0
6169	154	11	175	0	his	True	-10	29	164	164	164	164	152	252	252	532	-10	his	False	P	False	3	2	1	0
6170	154	11	129	0	his	True	-10	30	0	0	0	0	252	252	440	996	-10	his	False	P	False	3	2	1	1
6171	154	11	185	0	his	True	-10	31	0	0	0	0	376	376	376	376	-10	his	False	P	False	3	2	1	1
6172	154	11	37	0	his	True	-10	32	192	192	192	192	216	216	432	612	-10	his	False	P	False	3	2	1	0
6174	154	11	4	0	his	True	-10	34	192	192	192	192	168	280	280	280	-10	his	False	P	False	3	2	1	0
6175	154	11	60	0	his	True	-10	35	164	164	164	164	176	176	176	620	-10	his	False	P	False	3	2	1	0
6176	154	11	28	0	his	True	-10	36	232	232	232	232	164	164	164	832	-10	his	False	P	False	3	2	1	0
6177	154	11	193	0	his	True	-10	37	144	144	144	144	184	184	184	544	-10	his	False	P	False	3	2	1	0
6178	154	11	74	0	his	True	-10	38	276	276	276	276	72	72	72	440	-10	his	False	P	False	3	2	1	0
6179	154	11	194	0	his	True	-10	39	0	0	0	0	172	172	172	376	-10	his	False	P	False	3	2	1	1
6180	154	11	40	0	his	True	-10	40	216	216	216	216	236	328	328	2696	-10	his	False	P	False	3	2	1	0
6182	154	11	26	0	his	True	-10	42	412	412	412	412	292	424	424	2152	-10	his	False	P	False	3	2	1	0
6266	156	3	116	0	his	True	-2	1	220	220	220	220	228	228	228	228	-2	his	False	P	False	3	1	1	0
6268	156	3	149	0	his	True	-2	3	204	204	204	204	148	148	148	148	-2	his	False	P	False	3	1	1	0
6270	156	3	125	0	his	True	-2	5	0	0	0	0	196	196	196	676	-2	his	False	P	False	3	1	1	1
6272	156	3	81	0	his	True	-2	7	0	0	0	0	160	160	160	160	-2	his	False	P	False	3	1	1	1
6273	156	3	76	0	his	True	-2	8	148	276	276	276	128	128	128	128	-2	his	False	P	False	3	1	1	0
6274	156	3	158	0	his	True	-2	10	80	80	80	80	144	144	144	144	-2	his	False	P	False	3	1	1	0
6275	156	3	152	0	his	True	-2	11	224	224	356	500	140	140	140	140	-2	his	False	P	False	3	1	1	0
6278	156	3	98	0	his	True	-2	14	152	152	152	152	272	272	272	272	-2	his	False	P	False	3	1	1	0
6279	156	3	107	0	his	True	-2	15	0	0	0	0	136	264	264	264	-2	his	False	P	False	3	1	1	1
6280	156	3	154	0	his	True	-2	16	184	184	184	184	156	156	156	156	-2	his	False	P	False	3	1	1	0
6282	156	3	17	0	his	True	-2	18	0	0	0	0	244	244	244	244	-2	his	False	P	False	3	1	1	1
6285	156	3	1	0	his	True	-2	21	0	0	0	0	192	192	192	192	-2	his	False	P	False	3	1	1	1
6286	156	3	201	0	his	True	-2	22	0	0	0	0	180	324	324	324	-2	his	False	P	False	3	1	1	1
6287	156	3	152	0	his	True	-2	23	212	212	212	212	284	284	284	284	-2	his	False	P	False	3	1	1	0
6289	156	3	39	0	his	True	-2	25	148	148	148	228	268	328	328	328	-2	his	False	P	False	3	1	1	0
6291	156	3	12	0	his	True	-2	28	0	0	0	0	104	104	348	656	-2	his	False	P	False	3	1	1	1
6292	156	3	92	0	his	True	-2	29	0	0	0	0	204	360	360	360	-2	his	False	P	False	3	1	1	1
6293	156	3	105	0	his	True	-2	30	264	264	264	264	176	176	176	176	-2	his	False	P	False	3	1	1	0
6296	156	3	31	0	his	True	-2	33	204	204	204	204	120	120	120	120	-2	his	False	P	False	3	1	1	0
6298	156	3	133	0	his	True	-2	35	176	176	176	176	164	164	164	164	-2	his	False	P	False	3	1	1	0
6299	156	3	149	0	his	True	-2	36	0	0	0	0	120	120	120	120	-2	his	False	P	False	3	1	1	1
6301	156	3	153	0	his	True	-2	38	0	0	0	0	188	344	344	344	-2	his	False	P	False	3	1	1	1
6302	156	3	179	0	his	True	-2	39	236	236	236	236	232	232	232	232	-2	his	False	P	False	3	1	1	0
6304	156	3	182	0	his	True	-2	41	0	0	0	0	232	232	388	732	-2	his	False	P	False	3	1	1	1
6305	156	3	77	0	his	True	-2	42	116	116	116	116	124	124	124	124	-2	his	False	P	False	3	1	1	0
6307	156	6	116	0	his	True	-3	1	268	268	268	268	156	156	156	312	-3	his	False	P	False	3	2	1	0
6308	156	6	39	0	his	True	-3	2	0	0	0	0	148	284	284	284	-3	his	False	P	False	3	2	1	1
6309	156	6	149	0	his	True	-3	3	128	128	128	128	268	268	268	268	-3	his	False	P	False	3	2	1	0
6310	156	6	61	0	his	True	-3	4	0	0	0	0	280	280	280	280	-3	his	False	P	False	3	2	1	1
6311	156	6	125	0	his	True	-3	5	220	220	220	220	192	192	192	192	-3	his	False	P	False	3	2	1	0
6313	156	6	81	0	his	True	-3	7	0	0	0	0	208	208	208	276	-3	his	False	P	False	3	2	1	1
6314	156	6	76	0	his	True	-3	8	0	0	0	0	148	148	148	148	-3	his	False	P	False	3	2	1	1
6315	156	6	158	0	his	True	-3	10	0	0	0	0	184	276	276	276	-3	his	False	P	False	3	2	1	1
6317	156	6	191	0	his	True	-3	12	0	0	0	0	108	108	108	108	-3	his	False	P	False	3	2	1	1
6318	156	6	40	0	his	True	-3	13	0	0	0	0	276	276	276	276	-3	his	False	P	False	3	2	1	1
6319	156	6	98	0	his	True	-3	14	0	0	0	0	256	256	256	324	-3	his	False	P	False	3	2	1	1
6320	156	6	107	0	his	True	-3	15	0	0	0	0	140	140	140	140	-3	his	False	P	False	3	2	1	1
6321	156	6	154	0	his	True	-3	16	232	232	232	232	188	336	336	336	-3	his	False	P	False	3	2	1	0
6322	156	6	18	0	his	True	-3	17	0	0	0	0	276	276	276	276	-3	his	False	P	False	3	2	1	1
6323	156	6	17	0	his	True	-3	18	0	0	0	0	184	184	184	184	-3	his	False	P	False	3	2	1	1
6324	156	6	127	0	his	True	-3	19	156	156	156	156	132	132	132	132	-3	his	False	P	False	3	2	1	0
6325	156	6	161	0	his	True	-3	20	0	0	0	0	140	140	140	140	-3	his	False	P	False	3	2	1	1
6326	156	6	1	0	his	True	-3	21	192	192	192	192	164	164	164	164	-3	his	False	P	False	3	2	1	0
6327	156	6	201	0	his	True	-3	22	0	0	0	0	184	184	184	184	-3	his	False	P	False	3	2	1	1
6328	156	6	152	0	his	True	-3	23	108	108	108	108	204	504	504	504	-3	his	False	P	False	3	2	1	0
6329	156	6	109	0	his	True	-3	24	232	232	232	232	128	128	128	128	-3	his	False	P	False	3	2	1	0
6330	156	6	39	0	his	True	-3	25	0	0	0	0	216	340	340	340	-3	his	False	P	False	3	2	1	1
6331	156	6	122	0	his	True	-3	27	172	172	172	172	228	228	228	228	-3	his	False	P	False	3	2	1	0
6332	156	6	12	0	his	True	-3	28	0	0	0	0	152	152	152	332	-3	his	False	P	False	3	2	1	1
6333	156	6	92	0	his	True	-3	29	0	0	0	0	196	196	196	196	-3	his	False	P	False	3	2	1	1
6334	156	6	105	0	his	True	-3	30	448	448	448	868	120	120	372	884	-3	his	False	P	False	3	2	1	0
6335	156	6	133	0	his	True	-3	31	0	0	0	0	256	256	256	256	-3	his	False	P	False	3	2	1	1
6336	156	6	6	0	his	True	-3	32	0	0	0	0	236	236	476	2152	-3	his	False	P	False	3	2	1	1
6337	156	6	31	0	his	True	-3	33	0	0	0	0	220	392	392	392	-3	his	False	P	False	3	2	1	1
6338	156	6	133	0	his	True	-3	34	208	208	208	208	172	172	172	172	-3	his	False	P	False	3	2	1	0
6340	156	6	149	0	his	True	-3	36	0	0	0	0	188	188	188	188	-3	his	False	P	False	3	2	1	1
6341	156	6	80	0	his	True	-3	37	156	156	156	156	188	188	188	188	-3	his	False	P	False	3	2	1	0
6342	156	6	153	0	his	True	-3	38	0	0	0	0	244	244	244	244	-3	his	False	P	False	3	2	1	1
6343	156	6	179	0	his	True	-3	39	0	0	0	0	136	136	136	136	-3	his	False	P	False	3	2	1	1
6344	156	6	194	0	his	True	-3	40	0	0	0	0	140	140	140	524	-3	his	False	P	False	3	2	1	1
6345	156	6	182	0	his	True	-3	41	152	152	152	152	168	168	168	168	-3	his	False	P	False	3	2	1	0
6346	156	6	77	0	his	True	-3	42	0	0	0	0	196	196	196	196	-3	his	False	P	False	3	2	1	1
6347	156	6	22	0	his	True	-3	43	200	200	200	200	68	68	68	68	-3	his	False	P	False	3	2	1	0
6348	156	11	116	0	his	True	-5	1	252	252	492	624	240	388	564	1936	-5	his	False	P	False	3	3	1	0
6349	156	11	39	0	his	True	-5	2	0	0	0	0	204	204	660	824	-5	his	False	P	False	3	3	1	1
6350	156	11	149	0	his	True	-5	3	188	344	344	344	148	148	148	148	-5	his	False	P	False	3	3	1	0
6351	156	11	61	0	his	True	-5	4	300	300	300	300	388	388	388	584	-5	his	False	P	False	3	3	1	0
6352	156	11	125	0	his	True	-5	5	0	0	0	0	212	212	212	720	-5	his	False	P	False	3	3	1	1
6354	156	11	81	0	his	True	-5	7	0	0	0	0	96	96	324	1200	-5	his	False	P	False	3	3	1	1
6355	156	11	76	0	his	True	-5	8	336	336	336	336	276	276	276	276	-5	his	False	P	False	3	3	1	0
6356	156	11	158	0	his	True	-5	10	272	272	508	548	192	192	528	2196	-5	his	False	P	False	3	3	1	0
6357	156	11	152	0	his	True	-5	11	208	208	208	208	216	216	216	388	-5	his	False	P	False	3	3	1	0
6358	156	11	191	0	his	True	-5	12	0	0	0	0	168	168	688	2068	-5	his	False	P	False	3	3	1	1
6359	156	11	40	0	his	True	-5	13	204	204	204	204	312	312	312	692	-5	his	False	P	False	3	3	1	0
6360	156	11	98	0	his	True	-5	14	324	324	660	1072	132	132	132	268	-5	his	False	P	False	3	3	1	0
6362	156	11	154	0	his	True	-5	16	124	124	124	124	336	712	712	912	-5	his	False	P	False	3	3	1	0
6363	156	11	18	0	his	True	-5	17	0	0	0	0	224	224	360	868	-5	his	False	P	False	3	3	1	1
6365	156	11	127	0	his	True	-5	19	512	640	640	640	192	192	192	1320	-5	his	False	P	False	3	3	1	0
6366	156	11	161	0	his	True	-5	20	164	164	164	164	180	180	444	1264	-5	his	False	P	False	3	3	1	0
6367	156	11	1	0	his	True	-5	21	144	144	144	144	180	180	520	968	-5	his	False	P	False	3	3	1	0
6368	156	11	201	0	his	True	-5	22	0	0	0	0	164	164	164	164	-5	his	False	P	False	3	3	1	1
6369	156	11	152	0	his	True	-5	23	200	200	200	200	204	204	204	392	-5	his	False	P	False	3	3	1	0
6370	156	11	109	0	his	True	-5	24	312	312	312	764	104	104	104	280	-5	his	False	P	False	3	3	1	0
6371	156	11	39	0	his	True	-5	25	284	284	284	284	312	312	696	960	-5	his	False	P	False	3	3	1	0
6372	156	11	122	0	his	True	-5	27	332	332	332	548	180	248	248	884	-5	his	False	P	False	3	3	1	0
6373	156	11	12	0	his	True	-5	28	164	328	328	328	240	240	240	240	-5	his	False	P	False	3	3	1	0
6374	156	11	92	0	his	True	-5	29	180	180	180	180	152	268	268	468	-5	his	False	P	False	3	3	1	0
6375	156	11	105	0	his	True	-5	30	284	284	284	284	368	368	368	1080	-5	his	False	P	False	3	3	1	0
6377	156	11	6	0	his	True	-5	32	196	356	748	1436	264	264	748	1880	-5	his	False	P	False	3	3	1	0
6378	156	11	31	0	his	True	-5	33	180	180	924	2556	72	72	72	344	-5	his	False	P	False	3	3	1	0
6379	156	11	133	0	his	True	-5	34	336	336	336	336	188	188	280	460	-5	his	False	P	False	3	3	1	0
6380	156	11	133	0	his	True	-5	35	164	164	164	164	128	128	128	128	-5	his	False	P	False	3	3	1	0
6381	156	11	149	0	his	True	-5	36	0	0	0	0	392	392	392	392	-5	his	False	P	False	3	3	1	1
6382	156	11	80	0	his	True	-5	37	180	292	292	292	148	148	284	1516	-5	his	False	P	False	3	3	1	0
6383	156	11	153	0	his	True	-5	38	188	188	188	188	224	224	224	464	-5	his	False	P	False	3	3	1	0
6387	156	11	77	0	his	True	-5	42	144	144	144	144	168	168	168	1400	-5	his	False	P	False	3	3	1	0
6474	157	8	71	0	him	True	-7	4	0	0	0	0	164	164	164	164	-7	him	False	O	False	3	2	1	1
6478	157	8	108	0	him	True	-7	8	0	0	0	0	148	148	148	148	-7	him	False	O	False	3	2	1	1
6479	157	8	129	0	him	True	-7	10	0	0	0	0	172	172	172	172	-7	him	False	O	False	3	2	1	1
6480	157	8	53	0	him	True	-7	11	0	0	0	0	148	148	148	148	-7	him	False	O	False	3	2	1	1
6482	157	8	174	0	him	True	-7	13	0	0	0	0	240	240	240	240	-7	him	False	O	False	3	2	1	1
6483	157	8	23	0	him	True	-7	14	0	0	0	0	188	188	188	188	-7	him	False	O	False	3	2	1	1
6488	157	8	3	0	him	True	-7	19	0	0	0	0	216	216	216	216	-7	him	False	O	False	3	2	1	1
6496	157	8	18	0	him	True	-7	28	184	184	184	184	180	180	180	180	-7	him	False	O	False	3	2	1	0
6498	157	8	176	0	him	True	-7	30	0	0	0	0	116	116	116	116	-7	him	False	O	False	3	2	1	1
6502	157	8	171	0	him	True	-7	34	0	0	0	0	108	108	108	108	-7	him	False	O	False	3	2	1	1
6505	157	8	40	0	him	True	-7	37	152	152	152	152	176	176	176	176	-7	him	False	O	False	3	2	1	0
6506	157	8	64	0	him	True	-7	38	0	0	0	0	228	228	228	228	-7	him	False	O	False	3	2	1	1
6508	157	8	45	0	him	True	-7	40	0	0	0	0	136	136	136	136	-7	him	False	O	False	3	2	1	1
6509	157	8	73	0	him	True	-7	41	144	144	144	144	204	204	204	204	-7	him	False	O	False	3	2	1	0
6510	157	8	117	0	him	True	-7	42	0	0	0	0	168	168	168	168	-7	him	False	O	False	3	2	1	1
6512	157	9	91	0	he	True	-1	1	0	0	0	0	300	300	300	476	-1	he	False	O	False	2	3	1	1
6513	157	9	22	0	he	True	-1	2	0	0	0	0	128	128	128	128	-1	he	False	O	False	2	3	1	1
6514	157	9	169	0	he	True	-1	3	0	0	0	0	216	216	216	216	-1	he	False	O	False	2	3	1	1
6515	157	9	71	0	he	True	-1	4	164	164	164	164	252	252	252	252	-1	he	False	O	False	2	3	1	0
6519	157	9	108	0	he	True	-1	8	148	148	148	148	240	240	240	240	-1	he	False	O	False	2	3	1	0
6521	157	9	53	0	he	True	-1	11	148	148	148	148	148	148	148	148	-1	he	False	O	False	2	3	1	0
6522	157	9	116	0	he	True	-1	12	0	0	0	0	256	256	256	256	-1	he	False	O	False	2	3	1	1
6525	157	9	47	0	he	True	-1	15	0	0	0	0	148	148	148	148	-1	he	False	O	False	2	3	1	1
6526	157	9	149	0	he	True	-1	16	0	0	0	0	212	212	212	212	-1	he	False	O	False	2	3	1	1
6527	157	9	82	0	he	True	-1	17	0	0	0	0	256	256	256	256	-1	he	False	O	False	2	3	1	1
6528	157	9	164	0	he	True	-1	18	0	0	0	0	236	236	236	236	-1	he	False	O	False	2	3	1	1
6530	157	9	121	0	he	True	-1	20	0	0	0	0	140	140	140	140	-1	he	False	O	False	2	3	1	1
6532	157	9	57	0	he	True	-1	22	0	0	0	0	164	164	164	164	-1	he	False	O	False	2	3	1	1
6533	157	9	8	0	he	True	-1	23	0	0	0	0	176	348	348	348	-1	he	False	O	False	2	3	1	1
6535	157	9	180	0	he	True	-1	25	0	0	0	0	200	200	200	200	-1	he	False	O	False	2	3	1	1
6536	157	9	7	0	he	True	-1	27	0	0	0	0	268	268	268	268	-1	he	False	O	False	2	3	1	1
6538	157	9	73	0	he	True	-1	29	0	0	0	0	216	216	216	216	-1	he	False	O	False	2	3	1	1
6539	157	9	176	0	he	True	-1	30	116	116	116	116	236	236	236	236	-1	he	False	O	False	2	3	1	0
6541	157	9	58	0	he	True	-1	32	0	0	0	0	200	392	392	392	-1	he	False	O	False	2	3	1	1
6542	157	9	5	0	he	True	-1	33	0	0	0	0	184	184	184	184	-1	he	False	O	False	2	3	1	1
6544	157	9	56	0	he	True	-1	35	0	0	0	0	172	172	172	172	-1	he	False	O	False	2	3	1	1
6546	157	9	40	0	he	True	-1	37	176	176	176	176	108	108	108	108	-1	he	False	O	False	2	3	1	0
6550	157	9	73	0	he	True	-1	41	204	204	204	204	108	108	108	108	-1	he	False	O	False	2	3	1	0
6552	157	9	189	0	he	True	-1	43	0	0	0	0	100	100	100	100	-1	he	False	O	False	2	3	1	1
6595	158	3	198	0	his	True	-2	3	200	200	200	200	112	112	112	112	-2	his	False	P	False	3	1	1	0
6598	158	3	69	0	his	True	-2	6	124	124	124	124	120	120	120	120	-2	his	False	P	False	3	1	1	0
6599	158	3	31	0	his	True	-2	7	128	128	128	128	104	104	104	104	-2	his	False	P	False	3	1	1	0
6601	158	3	83	0	his	True	-2	10	184	184	184	184	108	108	108	108	-2	his	False	P	False	3	1	1	0
6602	158	3	110	0	his	True	-2	11	160	160	160	160	132	132	132	132	-2	his	False	P	False	3	1	1	0
6603	158	3	175	0	his	True	-2	12	184	184	184	184	140	140	140	140	-2	his	False	P	False	3	1	1	0
6604	158	3	94	0	his	True	-2	13	220	220	220	220	176	176	176	176	-2	his	False	P	False	3	1	1	0
6606	158	3	16	0	his	True	-2	15	0	0	0	0	188	188	188	188	-2	his	False	P	False	3	1	1	1
6607	158	3	137	0	his	True	-2	16	324	324	324	324	188	188	188	188	-2	his	False	P	False	3	1	1	0
6608	158	3	175	0	his	True	-2	18	0	0	0	0	184	184	184	184	-2	his	False	P	False	3	1	1	1
6609	158	3	152	0	his	True	-2	19	192	192	192	192	104	104	104	104	-2	his	False	P	False	3	1	1	0
6610	158	3	17	0	his	True	-2	20	0	0	0	0	176	176	176	332	-2	his	False	P	False	3	1	1	1
6611	158	3	158	0	his	True	-2	21	124	124	124	124	140	140	140	140	-2	his	False	P	False	3	1	1	0
6612	158	3	184	0	his	True	-2	22	156	156	156	156	224	224	224	224	-2	his	False	P	False	3	1	1	0
6613	158	3	60	0	his	True	-2	23	172	172	172	172	228	228	228	228	-2	his	False	P	False	3	1	1	0
6614	158	3	82	0	his	True	-2	24	240	240	240	240	176	176	176	176	-2	his	False	P	False	3	1	1	0
6615	158	3	189	0	his	True	-2	25	128	128	128	128	148	148	148	148	-2	his	False	P	False	3	1	1	0
6616	158	3	27	0	his	True	-2	27	0	0	0	0	148	148	148	148	-2	his	False	P	False	3	1	1	1
6617	158	3	125	0	his	True	-2	28	348	348	348	348	424	424	424	424	-2	his	False	P	False	3	1	1	0
6619	158	3	125	0	his	True	-2	30	340	340	340	340	264	264	264	264	-2	his	False	P	False	3	1	1	0
6621	158	3	17	0	his	True	-2	32	200	200	200	200	124	124	124	124	-2	his	False	P	False	3	1	1	0
6622	158	3	182	0	his	True	-2	33	144	144	144	144	168	168	168	168	-2	his	False	P	False	3	1	1	0
6623	158	3	156	0	his	True	-2	34	0	0	0	0	216	216	216	216	-2	his	False	P	False	3	1	1	1
6624	158	3	167	0	his	True	-2	35	164	164	164	164	200	200	200	200	-2	his	False	P	False	3	1	1	0
6626	158	3	141	0	his	True	-2	37	140	140	140	140	148	148	148	148	-2	his	False	P	False	3	1	1	0
6627	158	3	55	0	his	True	-2	38	0	0	0	0	260	260	472	780	-2	his	False	P	False	3	1	1	1
6628	158	3	25	0	his	True	-2	39	0	0	0	0	292	292	292	480	-2	his	False	P	False	3	1	1	1
6629	158	3	49	0	his	True	-2	40	0	0	0	0	184	184	184	184	-2	his	False	P	False	3	1	1	1
6632	158	3	151	0	his	True	-2	43	0	0	0	0	256	256	256	256	-2	his	False	P	False	3	1	1	1
6633	158	6	12	0	his	True	-3	1	0	0	0	0	28	28	28	260	-3	his	False	P	False	3	2	1	1
6634	158	6	138	0	his	True	-3	2	0	0	0	0	208	208	208	208	-3	his	False	P	False	3	2	1	1
6635	158	6	198	0	his	True	-3	3	0	0	0	0	136	136	136	136	-3	his	False	P	False	3	2	1	1
6636	158	6	40	0	his	True	-3	4	156	156	156	156	212	212	212	212	-3	his	False	P	False	3	2	1	0
6637	158	6	20	0	his	True	-3	5	0	0	0	0	200	200	372	792	-3	his	False	P	False	3	2	1	1
6638	158	6	69	0	his	True	-3	6	0	0	0	0	128	128	128	128	-3	his	False	P	False	3	2	1	1
6639	158	6	31	0	his	True	-3	7	0	0	0	0	168	168	168	208	-3	his	False	P	False	3	2	1	1
6641	158	6	83	0	his	True	-3	10	212	324	324	324	60	60	60	60	-3	his	False	P	False	3	2	1	0
6642	158	6	110	0	his	True	-3	11	0	0	0	0	180	180	180	180	-3	his	False	P	False	3	2	1	1
6643	158	6	175	0	his	True	-3	12	288	288	288	288	124	124	124	124	-3	his	False	P	False	3	2	1	0
6644	158	6	94	0	his	True	-3	13	168	168	168	168	340	340	340	340	-3	his	False	P	False	3	2	1	0
6645	158	6	74	0	his	True	-3	14	236	236	236	236	112	112	112	112	-3	his	False	P	False	3	2	1	0
6646	158	6	16	0	his	True	-3	15	0	0	0	0	132	132	132	132	-3	his	False	P	False	3	2	1	1
6647	158	6	137	0	his	True	-3	16	200	200	200	200	208	368	368	368	-3	his	False	P	False	3	2	1	0
6649	158	6	152	0	his	True	-3	19	140	140	140	140	88	196	196	196	-3	his	False	P	False	3	2	1	0
6650	158	6	17	0	his	True	-3	20	0	0	0	0	152	152	152	152	-3	his	False	P	False	3	2	1	1
6651	158	6	158	0	his	True	-3	21	132	132	132	132	136	136	136	136	-3	his	False	P	False	3	2	1	0
6652	158	6	184	0	his	True	-3	22	204	204	204	204	200	200	200	256	-3	his	False	P	False	3	2	1	0
6653	158	6	60	0	his	True	-3	23	228	228	228	228	264	408	408	408	-3	his	False	P	False	3	2	1	0
6654	158	6	82	0	his	True	-3	24	304	304	304	304	144	144	144	372	-3	his	False	P	False	3	2	1	0
6657	158	6	125	0	his	True	-3	28	180	180	396	524	396	396	396	396	-3	his	False	P	False	3	2	1	0
6658	158	6	33	0	his	True	-3	29	160	160	160	160	136	136	136	136	-3	his	False	P	False	3	2	1	0
6659	158	6	125	0	his	True	-3	30	160	160	160	160	352	352	352	516	-3	his	False	P	False	3	2	1	0
6660	158	6	72	0	his	True	-3	31	148	148	148	148	140	140	140	140	-3	his	False	P	False	3	2	1	0
6661	158	6	17	0	his	True	-3	32	280	280	280	280	156	156	156	156	-3	his	False	P	False	3	2	1	0
6662	158	6	182	0	his	True	-3	33	172	172	172	172	32	32	32	32	-3	his	False	P	False	3	2	1	0
6663	158	6	156	0	his	True	-3	34	212	212	212	212	180	180	180	180	-3	his	False	P	False	3	2	1	0
6664	158	6	167	0	his	True	-3	35	160	160	160	160	160	160	160	160	-3	his	False	P	False	3	2	1	0
6666	158	6	141	0	his	True	-3	37	172	172	172	172	144	144	144	144	-3	his	False	P	False	3	2	1	0
6667	158	6	55	0	his	True	-3	38	204	204	204	204	264	264	264	264	-3	his	False	P	False	3	2	1	0
6668	158	6	25	0	his	True	-3	39	0	0	0	0	216	216	216	216	-3	his	False	P	False	3	2	1	1
6669	158	6	49	0	his	True	-3	40	0	0	0	0	176	176	176	176	-3	his	False	P	False	3	2	1	1
6670	158	6	60	0	his	True	-3	41	0	0	0	0	252	252	252	984	-3	his	False	P	False	3	2	1	1
6672	158	6	151	0	his	True	-3	43	120	120	120	120	156	156	156	156	-3	his	False	P	False	3	2	1	0
6715	159	10	5	0	his	True	-9	1	136	136	136	136	236	236	236	236	-9	his	False	P	False	3	1	1	0
6716	159	10	117	0	his	True	-9	2	96	96	96	96	164	164	164	164	-9	his	False	P	False	3	1	1	0
6717	159	10	78	0	his	True	-9	3	160	160	160	160	172	172	172	172	-9	his	False	P	False	3	1	1	0
6718	159	10	174	0	his	True	-9	4	96	96	96	96	148	316	316	316	-9	his	False	P	False	3	1	1	0
6719	159	10	111	0	his	True	-9	5	188	188	188	188	436	436	436	2108	-9	his	False	P	False	3	1	1	0
6721	159	10	203	0	his	True	-9	7	160	160	160	160	160	160	160	160	-9	his	False	P	False	3	1	1	0
6722	159	10	30	0	his	True	-9	8	0	0	0	0	228	228	228	228	-9	his	False	P	False	3	1	1	1
6723	159	10	30	0	his	True	-9	9	0	0	0	0	188	188	188	188	-9	his	False	P	False	3	1	1	1
6724	159	10	175	0	his	True	-9	10	168	168	168	168	148	148	148	148	-9	his	False	P	False	3	1	1	0
6725	159	10	190	0	his	True	-9	11	156	156	156	156	136	272	272	272	-9	his	False	P	False	3	1	1	0
6726	159	10	148	0	his	True	-9	12	0	0	0	0	176	176	176	176	-9	his	False	P	False	3	1	1	1
6727	159	10	93	0	his	True	-9	13	0	0	0	0	264	264	264	264	-9	his	False	P	False	3	1	1	1
6728	159	10	105	0	his	True	-9	14	0	0	0	0	328	328	328	328	-9	his	False	P	False	3	1	1	1
6730	159	10	97	0	his	True	-9	16	0	0	0	0	240	436	436	436	-9	his	False	P	False	3	1	1	1
6731	159	10	36	0	his	True	-9	17	192	192	192	192	224	320	320	320	-9	his	False	P	False	3	1	1	0
6732	159	10	58	0	his	True	-9	18	0	0	0	0	172	172	172	172	-9	his	False	P	False	3	1	1	1
6733	159	10	150	0	his	True	-9	19	0	0	0	0	156	300	300	300	-9	his	False	P	False	3	1	1	1
6735	159	10	194	0	his	True	-9	21	228	228	228	228	232	232	232	592	-9	his	False	P	False	3	1	1	0
6736	159	10	151	0	his	True	-9	22	0	0	0	0	288	464	464	464	-9	his	False	P	False	3	1	1	1
6737	159	10	121	0	his	True	-9	23	0	0	0	0	168	544	544	544	-9	his	False	P	False	3	1	1	1
6738	159	10	182	0	his	True	-9	24	0	0	0	0	312	312	312	456	-9	his	False	P	False	3	1	1	1
6739	159	10	96	0	his	True	-9	25	124	124	124	340	188	316	316	316	-9	his	False	P	False	3	1	1	0
6740	159	10	72	0	his	True	-9	27	148	148	148	148	172	432	432	684	-9	his	False	P	False	3	1	1	0
6741	159	10	110	0	his	True	-9	28	0	0	0	0	296	440	440	440	-9	his	False	P	False	3	1	1	1
6742	159	10	5	0	his	True	-9	29	0	0	0	0	128	244	244	244	-9	his	False	P	False	3	1	1	1
6743	159	10	201	0	his	True	-9	30	0	0	0	0	404	404	404	404	-9	his	False	P	False	3	1	1	1
6744	159	10	168	0	his	True	-9	31	172	172	172	172	120	120	120	120	-9	his	False	P	False	3	1	1	0
6745	159	10	68	0	his	True	-9	32	0	0	0	0	208	364	364	364	-9	his	False	P	False	3	1	1	1
6746	159	10	123	0	his	True	-9	33	0	0	0	0	140	264	264	264	-9	his	False	P	False	3	1	1	1
6747	159	10	168	0	his	True	-9	34	176	176	176	176	240	240	240	1264	-9	his	False	P	False	3	1	1	0
6748	159	10	97	0	his	True	-9	35	208	208	208	208	160	160	160	160	-9	his	False	P	False	3	1	1	0
6750	159	10	142	0	his	True	-9	37	164	164	164	164	152	152	152	152	-9	his	False	P	False	3	1	1	0
6751	159	10	84	0	his	True	-9	38	0	0	0	0	204	372	372	372	-9	his	False	P	False	3	1	1	1
6753	159	10	108	0	his	True	-9	40	0	0	0	0	152	332	332	332	-9	his	False	P	False	3	1	1	1
6754	159	10	159	0	his	True	-9	41	244	244	244	244	236	236	236	236	-9	his	False	P	False	3	1	1	0
6755	159	10	79	0	his	True	-9	42	212	212	212	528	240	240	240	240	-9	his	False	P	False	3	1	1	0
6756	159	10	140	0	his	True	-9	43	176	176	176	176	120	120	120	120	-9	his	False	P	False	3	1	1	0
6757	161	9	29	0	it	False	-4	1	0	0	0	0	216	216	216	216	-4	it	False	O	False	2	0	1	1
6760	161	9	51	0	it	False	-4	4	0	0	0	0	288	288	288	288	-4	it	False	O	False	2	0	1	1
6764	161	9	66	0	it	False	-4	8	0	0	0	0	188	188	188	188	-4	it	False	O	False	2	0	1	1
6767	161	9	95	0	it	False	-4	11	256	256	256	256	76	76	76	236	-4	it	False	O	False	2	0	1	0
6769	161	9	89	0	it	False	-4	13	0	0	0	0	216	216	216	216	-4	it	False	O	False	2	0	1	1
6770	161	9	73	0	it	False	-4	14	0	0	0	0	160	160	160	160	-4	it	False	O	False	2	0	1	1
6773	161	9	15	0	it	False	-4	18	0	0	0	0	288	288	288	288	-4	it	False	O	False	2	0	1	1
6774	161	9	169	0	it	False	-4	19	0	0	0	0	256	256	256	256	-4	it	False	O	False	2	0	1	1
6778	161	9	127	0	it	False	-4	23	168	168	168	168	360	360	360	360	-4	it	False	O	False	2	0	1	0
6781	161	9	147	0	it	False	-4	27	0	0	0	0	256	256	256	256	-4	it	False	O	False	2	0	1	1
6783	161	9	102	0	it	False	-4	29	0	0	0	0	164	164	164	164	-4	it	False	O	False	2	0	1	1
6786	161	9	145	0	it	False	-4	32	0	0	0	0	200	200	200	200	-4	it	False	O	False	2	0	1	1
6787	161	9	166	0	it	False	-4	33	0	0	0	0	168	168	168	168	-4	it	False	O	False	2	0	1	1
6791	161	9	176	0	it	False	-4	37	0	0	0	0	156	156	156	156	-4	it	False	O	False	2	0	1	1
6795	161	9	194	0	it	False	-4	41	220	220	220	220	284	284	284	284	-4	it	False	O	False	2	0	1	0
6796	161	9	45	0	it	False	-4	42	0	0	0	0	132	132	132	132	-4	it	False	O	False	2	0	1	1
6798	162	8	52	0	his	False	-4	1	248	248	248	408	216	216	216	216	-4	his	False	P	False	3	0	1	0
6799	162	8	171	0	his	False	-4	2	0	0	0	0	140	140	140	140	-4	his	False	P	False	3	0	1	1
6800	162	8	90	0	his	False	-4	3	224	224	224	224	164	164	164	164	-4	his	False	P	False	3	0	1	0
6801	162	8	175	0	his	False	-4	4	260	260	260	260	132	132	132	132	-4	his	False	P	False	3	0	1	0
6802	162	8	99	0	his	False	-4	5	300	300	300	300	168	168	168	168	-4	his	False	P	False	3	0	1	0
6805	162	8	183	0	his	False	-4	8	192	192	192	192	156	156	156	156	-4	his	False	P	False	3	0	1	0
6806	162	8	91	0	his	False	-4	10	0	0	0	0	144	144	144	144	-4	his	False	P	False	3	0	1	1
6807	162	8	158	0	his	False	-4	11	196	196	196	196	148	148	148	148	-4	his	False	P	False	3	0	1	0
6808	162	8	42	0	his	False	-4	12	0	0	0	0	184	292	292	292	-4	his	False	P	False	3	0	1	1
6809	162	8	51	0	his	False	-4	13	200	200	200	200	208	208	208	208	-4	his	False	P	False	3	0	1	0
6810	162	8	188	0	his	False	-4	14	140	140	140	140	156	156	156	156	-4	his	False	P	False	3	0	1	0
6811	162	8	187	0	his	False	-4	15	0	0	0	0	156	156	156	156	-4	his	False	P	False	3	0	1	1
6812	162	8	183	0	his	False	-4	16	148	148	148	148	160	160	160	160	-4	his	False	P	False	3	0	1	0
6813	162	8	162	0	his	False	-4	17	204	204	204	204	248	248	248	248	-4	his	False	P	False	3	0	1	0
6815	162	8	197	0	his	False	-4	19	220	220	220	220	152	152	152	152	-4	his	False	P	False	3	0	1	0
6816	162	8	172	0	his	False	-4	20	0	0	0	0	236	236	236	236	-4	his	False	P	False	3	0	1	1
6817	162	8	128	0	his	False	-4	21	164	164	164	164	320	320	320	1040	-4	his	False	P	False	3	0	1	0
6818	162	8	22	0	his	False	-4	22	316	316	316	316	208	208	208	208	-4	his	False	P	False	3	0	1	0
6819	162	8	115	0	his	False	-4	23	272	272	272	272	220	220	220	220	-4	his	False	P	False	3	0	1	0
6820	162	8	38	0	his	False	-4	24	0	0	0	0	192	192	192	192	-4	his	False	P	False	3	0	1	1
6821	162	8	196	0	his	False	-4	25	184	184	184	184	168	168	168	168	-4	his	False	P	False	3	0	1	0
6822	162	8	150	0	his	False	-4	27	296	296	296	648	296	424	424	540	-4	his	False	P	False	3	0	1	0
6823	162	8	162	0	his	False	-4	28	0	0	0	0	240	240	240	240	-4	his	False	P	False	3	0	1	1
6825	162	8	205	0	his	False	-4	30	696	696	696	696	268	268	268	268	-4	his	False	P	False	3	0	1	0
6827	162	8	124	0	his	False	-4	32	200	200	200	200	248	248	248	248	-4	his	False	P	False	3	0	1	0
6828	162	8	155	0	his	False	-4	33	56	56	56	660	132	280	280	280	-4	his	False	P	False	3	0	1	0
6829	162	8	88	0	his	False	-4	34	200	200	200	200	144	144	144	144	-4	his	False	P	False	3	0	1	0
6830	162	8	75	0	his	False	-4	35	0	0	0	0	160	160	160	160	-4	his	False	P	False	3	0	1	1
6832	162	8	3	0	his	False	-4	37	148	148	148	148	276	276	276	276	-4	his	False	P	False	3	0	1	0
6834	162	8	31	0	his	False	-4	39	0	0	0	0	236	236	236	236	-4	his	False	P	False	3	0	1	1
6835	162	8	130	0	his	False	-4	40	0	0	0	0	144	144	144	280	-4	his	False	P	False	3	0	1	1
6836	162	8	126	0	his	False	-4	41	168	284	284	284	176	176	176	176	-4	his	False	P	False	3	0	1	0
6837	162	8	126	0	his	False	-4	42	188	188	188	188	176	176	176	176	-4	his	False	P	False	3	0	1	0
6838	162	8	188	0	his	False	-4	43	0	0	0	0	136	136	136	136	-4	his	False	P	False	3	0	1	1
6839	162	11	52	0	his	False	-3	1	396	396	396	396	628	628	628	1968	-3	his	False	P	False	3	1	1	0
6840	162	11	171	0	his	False	-3	2	0	0	0	0	464	464	464	464	-3	his	False	P	False	3	1	1	1
6842	162	11	175	0	his	False	-3	4	192	192	384	652	136	136	264	3060	-3	his	False	P	False	3	1	1	0
6843	162	11	99	0	his	False	-3	5	0	0	0	0	168	168	168	820	-3	his	False	P	False	3	1	1	1
6845	162	11	4	0	his	False	-3	7	212	212	212	1224	172	172	460	620	-3	his	False	P	False	3	1	1	0
6846	162	11	183	0	his	False	-3	8	0	0	0	0	188	188	188	188	-3	his	False	P	False	3	1	1	1
6847	162	11	91	0	his	False	-3	10	0	0	0	0	264	264	264	1536	-3	his	False	P	False	3	1	1	1
6848	162	11	158	0	his	False	-3	11	188	188	188	364	168	168	168	168	-3	his	False	P	False	3	1	1	0
6850	162	11	51	0	his	False	-3	13	0	0	0	0	288	600	600	904	-3	his	False	P	False	3	1	1	1
6851	162	11	188	0	his	False	-3	14	0	0	0	0	156	156	156	832	-3	his	False	P	False	3	1	1	1
6852	162	11	187	0	his	False	-3	15	256	256	560	880	172	172	172	536	-3	his	False	P	False	3	1	1	0
6854	162	11	162	0	his	False	-3	17	0	0	0	0	232	232	232	852	-3	his	False	P	False	3	1	1	1
6855	162	11	110	0	his	False	-3	18	212	212	212	212	316	316	316	316	-3	his	False	P	False	3	1	1	0
6856	162	11	197	0	his	False	-3	19	0	0	0	0	220	220	220	1464	-3	his	False	P	False	3	1	1	1
6857	162	11	172	0	his	False	-3	20	0	0	0	0	200	200	432	2568	-3	his	False	P	False	3	1	1	1
6858	162	11	128	0	his	False	-3	21	196	196	196	196	184	184	304	596	-3	his	False	P	False	3	1	1	0
6859	162	11	22	0	his	False	-3	22	0	0	0	0	232	232	824	1204	-3	his	False	P	False	3	1	1	1
6860	162	11	115	0	his	False	-3	23	0	0	0	0	244	244	1064	1804	-3	his	False	P	False	3	1	1	1
6861	162	11	38	0	his	False	-3	24	0	0	0	0	100	100	296	1868	-3	his	False	P	False	3	1	1	1
6862	162	11	196	0	his	False	-3	25	196	196	384	724	292	292	472	804	-3	his	False	P	False	3	1	1	0
6864	162	11	162	0	his	False	-3	28	0	0	0	0	160	160	160	328	-3	his	False	P	False	3	1	1	1
6865	162	11	11	0	his	False	-3	29	156	156	156	156	100	100	100	792	-3	his	False	P	False	3	1	1	0
6866	162	11	205	0	his	False	-3	30	0	0	0	0	292	720	720	720	-3	his	False	P	False	3	1	1	1
6867	162	11	180	0	his	False	-3	31	148	148	148	148	268	268	268	268	-3	his	False	P	False	3	1	1	0
6868	162	11	124	0	his	False	-3	32	248	248	248	248	244	244	244	244	-3	his	False	P	False	3	1	1	0
6870	162	11	88	0	his	False	-3	34	0	0	0	0	196	400	400	400	-3	his	False	P	False	3	1	1	1
6871	162	11	75	0	his	False	-3	35	188	188	188	188	172	172	172	172	-3	his	False	P	False	3	1	1	0
6873	162	11	3	0	his	False	-3	37	0	0	0	0	316	316	412	2440	-3	his	False	P	False	3	1	1	1
6874	162	11	85	0	his	False	-3	38	180	180	180	180	292	292	532	2784	-3	his	False	P	False	3	1	1	0
6876	162	11	130	0	his	False	-3	40	0	0	0	0	200	200	200	676	-3	his	False	P	False	3	1	1	1
6877	162	11	126	0	his	False	-3	41	0	0	0	0	112	112	112	436	-3	his	False	P	False	3	1	1	1
6878	162	11	126	0	his	False	-3	42	0	0	0	0	252	252	252	1352	-3	his	False	P	False	3	1	1	1
6880	163	11	38	0	he	False	-5	1	0	0	0	0	180	180	180	632	-5	he	False	O	False	2	0	1	1
6881	163	11	177	0	he	False	-5	2	0	0	0	0	172	616	616	940	-5	he	False	O	False	2	0	1	1
6882	163	11	201	0	he	False	-5	3	0	0	0	0	428	428	428	428	-5	he	False	O	False	2	0	1	1
6883	163	11	197	0	he	False	-5	4	0	0	0	0	208	208	208	804	-5	he	False	O	False	2	0	1	1
6884	163	11	10	0	he	False	-5	5	0	0	0	0	184	184	660	1876	-5	he	False	O	False	2	0	1	1
6885	163	11	8	0	he	False	-5	6	0	0	0	0	332	332	332	904	-5	he	False	O	False	2	0	1	1
6886	163	11	45	0	he	False	-5	7	0	0	0	0	168	168	844	2276	-5	he	False	O	False	2	0	1	1
6887	163	11	138	0	he	False	-5	8	0	0	0	0	316	316	316	316	-5	he	False	O	False	2	0	1	1
6888	163	11	173	0	he	False	-5	10	0	0	0	0	276	376	632	1696	-5	he	False	O	False	2	0	1	1
6889	163	11	157	0	he	False	-5	11	0	0	0	0	228	312	312	476	-5	he	False	O	False	2	0	1	1
6890	163	11	24	0	he	False	-5	12	204	204	204	204	312	312	312	756	-5	he	False	O	False	2	0	1	0
6891	163	11	201	0	he	False	-5	13	0	0	0	0	208	556	556	556	-5	he	False	O	False	2	0	1	1
6892	163	11	7	0	he	False	-5	14	0	0	0	0	376	460	460	460	-5	he	False	O	False	2	0	1	1
6893	163	11	99	0	he	False	-5	15	204	204	204	204	236	236	236	236	-5	he	False	O	False	2	0	1	0
6894	163	11	31	0	he	False	-5	16	0	0	0	0	268	268	268	1704	-5	he	False	O	False	2	0	1	1
6895	163	11	38	0	he	False	-5	17	0	0	0	0	164	164	212	760	-5	he	False	O	False	2	0	1	1
6896	163	11	62	0	he	False	-5	18	0	0	0	0	284	332	332	484	-5	he	False	O	False	2	0	1	1
6897	163	11	76	0	he	False	-5	19	0	0	0	0	352	352	352	748	-5	he	False	O	False	2	0	1	1
6898	163	11	25	0	he	False	-5	20	196	196	196	196	188	188	388	2012	-5	he	False	O	False	2	0	1	0
6899	163	11	115	0	he	False	-5	21	440	564	564	564	200	200	200	200	-5	he	False	O	False	2	0	1	0
6900	163	11	197	0	he	False	-5	22	0	0	0	0	212	212	456	1000	-5	he	False	O	False	2	0	1	1
6901	163	11	111	0	he	False	-5	23	160	160	160	160	212	520	520	2520	-5	he	False	O	False	2	0	1	0
6902	163	11	45	0	he	False	-5	24	0	0	0	0	152	152	504	744	-5	he	False	O	False	2	0	1	1
6903	163	11	50	0	he	False	-5	25	0	0	0	0	224	224	224	328	-5	he	False	O	False	2	0	1	1
6904	163	11	62	0	he	False	-5	27	0	0	0	0	328	328	328	1012	-5	he	False	O	False	2	0	1	1
6905	163	11	205	0	he	False	-5	28	0	0	0	0	260	656	656	656	-5	he	False	O	False	2	0	1	1
6906	163	11	162	0	he	False	-5	29	124	124	124	124	272	272	272	604	-5	he	False	O	False	2	0	1	0
6907	163	11	169	0	he	False	-5	30	0	0	0	0	316	752	752	752	-5	he	False	O	False	2	0	1	1
6908	163	11	161	0	he	False	-5	31	0	0	0	0	288	288	288	288	-5	he	False	O	False	2	0	1	1
6909	163	11	151	0	he	False	-5	32	0	0	0	0	244	244	244	244	-5	he	False	O	False	2	0	1	1
6910	163	11	59	0	he	False	-5	33	0	0	0	0	204	300	392	1124	-5	he	False	O	False	2	0	1	1
6912	163	11	9	0	he	False	-5	35	200	200	200	200	344	576	576	752	-5	he	False	O	False	2	0	1	0
6914	163	11	181	0	he	False	-5	37	0	0	0	0	80	80	288	676	-5	he	False	O	False	2	0	1	1
6915	163	11	90	0	he	False	-5	38	0	0	0	0	280	280	280	660	-5	he	False	O	False	2	0	1	1
6916	163	11	142	0	he	False	-5	39	0	0	0	0	216	216	216	500	-5	he	False	O	False	2	0	1	1
6918	163	11	186	0	he	False	-5	41	272	272	272	272	116	268	268	584	-5	he	False	O	False	2	0	1	0
6919	163	11	57	0	he	False	-5	42	0	0	0	0	268	484	484	484	-5	he	False	O	False	2	0	1	1
6920	163	11	141	0	he	False	-5	43	0	0	0	0	220	376	376	708	-5	he	False	O	False	2	0	1	1
7126	172	6	111	0	him	True	-5	3	168	168	168	168	180	180	180	180	-5	him	False	O	False	3	1	1	0
7128	172	6	179	0	him	True	-5	5	0	0	0	0	212	212	212	212	-5	him	False	O	False	3	1	1	1
7129	172	6	169	0	him	True	-5	6	0	0	0	0	116	116	116	116	-5	him	False	O	False	3	1	1	1
7130	172	6	128	0	him	True	-5	7	0	0	0	0	144	144	144	144	-5	him	False	O	False	3	1	1	1
7135	172	6	168	0	him	True	-5	13	0	0	0	0	248	248	248	248	-5	him	False	O	False	3	1	1	1
7136	172	6	5	0	him	True	-5	14	0	0	0	0	112	112	288	508	-5	him	False	O	False	3	1	1	1
7140	172	6	1	0	him	True	-5	18	0	0	0	0	176	176	176	176	-5	him	False	O	False	3	1	1	1
7142	172	6	182	0	him	True	-5	20	140	140	140	140	172	172	172	172	-5	him	False	O	False	3	1	1	0
7143	172	6	197	0	him	True	-5	21	140	140	140	140	148	148	148	148	-5	him	False	O	False	3	1	1	0
7145	172	6	163	0	him	True	-5	23	380	380	380	380	372	372	372	372	-5	him	False	O	False	3	1	1	0
7146	172	6	130	0	him	True	-5	24	224	224	224	224	152	152	152	152	-5	him	False	O	False	3	1	1	0
7151	172	6	121	0	him	True	-5	30	0	0	0	0	228	436	436	436	-5	him	False	O	False	3	1	1	1
7154	172	6	58	0	him	True	-5	33	0	0	0	0	328	328	328	328	-5	him	False	O	False	3	1	1	1
7156	172	6	47	0	him	True	-5	35	212	212	212	212	208	208	208	208	-5	him	False	O	False	3	1	1	0
7159	172	6	7	0	him	True	-5	38	188	188	188	188	208	208	376	1116	-5	him	False	O	False	3	1	1	0
7162	172	6	93	0	him	True	-5	41	136	136	356	668	148	148	148	148	-5	him	False	O	False	3	1	1	0
7163	172	6	27	0	him	True	-5	42	0	0	0	0	232	232	232	1500	-5	him	False	O	False	3	1	1	1
7164	172	6	152	0	him	True	-5	43	148	148	148	148	188	188	188	188	-5	him	False	O	False	3	1	1	0
7165	172	8	185	0	that	True	-3	1	184	184	184	184	140	140	140	140	-3	that	False	O	False	4	2	1	0
7167	172	8	111	0	that	True	-3	3	184	184	184	184	104	272	272	272	-3	that	False	O	False	4	2	1	0
7168	172	8	99	0	that	True	-3	4	228	228	228	228	200	200	200	200	-3	that	False	O	False	4	2	1	0
7169	172	8	179	0	that	True	-3	5	0	0	0	0	272	272	272	272	-3	that	False	O	False	4	2	1	1
7172	172	8	186	0	that	True	-3	8	212	212	212	212	160	160	160	160	-3	that	False	O	False	4	2	1	0
7174	172	8	47	0	that	True	-3	11	116	116	116	116	184	184	184	184	-3	that	False	O	False	4	2	1	0
7176	172	8	168	0	that	True	-3	13	348	348	348	348	208	208	208	208	-3	that	False	O	False	4	2	1	0
7177	172	8	5	0	that	True	-3	14	0	0	0	0	208	208	208	208	-3	that	False	O	False	4	2	1	1
7178	172	8	81	0	that	True	-3	15	0	0	0	0	144	144	144	144	-3	that	False	O	False	4	2	1	1
7179	172	8	153	0	that	True	-3	16	212	420	420	420	172	172	172	172	-3	that	False	O	False	4	2	1	0
7181	172	8	1	0	that	True	-3	18	0	0	0	0	236	236	236	236	-3	that	False	O	False	4	2	1	1
7183	172	8	182	0	that	True	-3	20	0	0	0	0	152	152	152	152	-3	that	False	O	False	4	2	1	1
7184	172	8	197	0	that	True	-3	21	380	380	380	380	52	52	200	732	-3	that	False	O	False	4	2	1	0
7186	172	8	163	0	that	True	-3	23	408	408	408	408	144	428	568	2388	-3	that	False	O	False	4	2	1	0
7188	172	8	143	0	that	True	-3	25	172	172	172	172	216	216	216	216	-3	that	False	O	False	4	2	1	0
7189	172	8	109	0	that	True	-3	27	200	200	200	200	148	148	148	148	-3	that	False	O	False	4	2	1	0
7190	172	8	198	0	that	True	-3	28	292	292	292	292	224	412	840	1208	-3	that	False	O	False	4	2	1	0
7193	172	8	77	0	that	True	-3	31	192	192	192	192	128	128	128	128	-3	that	False	O	False	4	2	1	0
7194	172	8	46	0	that	True	-3	32	188	188	188	188	256	256	256	256	-3	that	False	O	False	4	2	1	0
7195	172	8	58	0	that	True	-3	33	168	168	168	168	168	168	168	168	-3	that	False	O	False	4	2	1	0
7197	172	8	47	0	that	True	-3	35	0	0	0	0	192	192	192	192	-3	that	False	O	False	4	2	1	1
7198	172	8	64	0	that	True	-3	36	0	0	0	0	232	232	232	232	-3	that	False	O	False	4	2	1	1
7199	172	8	6	0	that	True	-3	37	176	320	320	320	136	136	136	136	-3	that	False	O	False	4	2	1	0
7202	172	8	93	0	that	True	-3	40	200	200	200	200	88	88	88	628	-3	that	False	O	False	4	2	1	0
7203	172	8	93	0	that	True	-3	41	208	208	208	208	160	160	160	160	-3	that	False	O	False	4	2	1	0
7204	172	8	27	0	that	True	-3	42	176	176	176	176	208	208	208	208	-3	that	False	O	False	4	2	1	0
7205	172	8	152	0	that	True	-3	43	164	164	164	164	148	148	148	148	-3	that	False	O	False	4	2	1	0
7206	173	4	202	0	he	False	-3	1	0	0	0	0	232	588	588	588	-3	he	False	O	False	2	0	1	1
7207	173	4	9	0	he	False	-3	2	0	0	0	0	152	152	152	152	-3	he	False	O	False	2	0	1	1
7208	173	4	164	0	he	False	-3	3	304	304	304	304	188	188	188	188	-3	he	False	O	False	2	0	1	0
7209	173	4	185	0	he	False	-3	4	0	0	0	0	312	312	312	312	-3	he	False	O	False	2	0	1	1
7210	173	4	199	0	he	False	-3	5	0	0	0	0	212	212	212	212	-3	he	False	O	False	2	0	1	1
7211	173	4	20	0	he	False	-3	6	0	0	0	0	188	188	188	188	-3	he	False	O	False	2	0	1	1
7212	173	4	140	0	he	False	-3	7	136	136	136	136	132	132	132	132	-3	he	False	O	False	2	0	1	0
7213	173	4	154	0	he	False	-3	8	164	164	164	164	140	140	140	140	-3	he	False	O	False	2	0	1	0
7214	173	4	199	0	he	False	-3	10	0	0	0	0	92	244	244	244	-3	he	False	O	False	2	0	1	1
7215	173	4	78	0	he	False	-3	11	144	144	144	144	136	136	136	136	-3	he	False	O	False	2	0	1	0
7216	173	4	101	0	he	False	-3	12	0	0	0	0	444	444	444	444	-3	he	False	O	False	2	0	1	1
7218	173	4	189	0	he	False	-3	14	0	0	0	0	248	248	248	248	-3	he	False	O	False	2	0	1	1
7219	173	4	98	0	he	False	-3	15	232	232	232	232	56	56	56	56	-3	he	False	O	False	2	0	1	0
7220	173	4	51	0	he	False	-3	16	216	216	216	216	304	812	812	812	-3	he	False	O	False	2	0	1	0
7221	173	4	149	0	he	False	-3	17	0	0	0	0	212	212	212	212	-3	he	False	O	False	2	0	1	1
7222	173	4	159	0	he	False	-3	18	0	0	0	0	200	200	200	200	-3	he	False	O	False	2	0	1	1
7223	173	4	108	0	he	False	-3	19	0	0	0	0	124	124	124	124	-3	he	False	O	False	2	0	1	1
7224	173	4	177	0	he	False	-3	20	136	136	136	136	144	144	144	144	-3	he	False	O	False	2	0	1	0
7225	173	4	148	0	he	False	-3	21	152	152	152	152	272	400	400	400	-3	he	False	O	False	2	0	1	0
7226	173	4	83	0	he	False	-3	22	0	0	0	0	252	252	252	252	-3	he	False	O	False	2	0	1	1
7227	173	4	157	0	he	False	-3	23	220	220	220	220	260	600	600	748	-3	he	False	O	False	2	0	1	0
7228	173	4	121	0	he	False	-3	24	160	412	412	412	292	452	452	452	-3	he	False	O	False	2	0	1	0
7230	173	4	143	0	he	False	-3	27	0	0	0	0	316	316	316	316	-3	he	False	O	False	2	0	1	1
7231	173	4	6	0	he	False	-3	28	28	28	28	280	92	128	128	128	-3	he	False	O	False	2	0	1	0
7232	173	4	196	0	he	False	-3	29	0	0	0	0	232	232	232	232	-3	he	False	O	False	2	0	1	1
7233	173	4	76	0	he	False	-3	30	264	264	264	264	308	308	308	308	-3	he	False	O	False	2	0	1	0
7234	173	4	202	0	he	False	-3	31	0	0	0	0	172	172	172	172	-3	he	False	O	False	2	0	1	1
7235	173	4	101	0	he	False	-3	32	184	184	184	184	224	224	224	224	-3	he	False	O	False	2	0	1	0
7236	173	4	203	0	he	False	-3	33	0	0	0	0	212	212	212	212	-3	he	False	O	False	2	0	1	1
7237	173	4	203	0	he	False	-3	34	0	0	0	0	208	208	208	208	-3	he	False	O	False	2	0	1	1
7238	173	4	53	0	he	False	-3	35	0	0	0	0	204	204	204	204	-3	he	False	O	False	2	0	1	1
7239	173	4	42	0	he	False	-3	36	0	0	0	0	228	228	228	428	-3	he	False	O	False	2	0	1	1
7240	173	4	192	0	he	False	-3	37	232	232	232	232	328	732	732	732	-3	he	False	O	False	2	0	1	0
7241	173	4	13	0	he	False	-3	38	0	0	0	0	224	224	224	224	-3	he	False	O	False	2	0	1	1
7242	173	4	159	0	he	False	-3	39	0	0	0	0	152	152	152	152	-3	he	False	O	False	2	0	1	1
7243	173	4	14	0	he	False	-3	40	216	216	216	216	168	484	484	484	-3	he	False	O	False	2	0	1	0
7245	173	4	164	0	he	False	-3	42	0	0	0	0	240	240	240	240	-3	he	False	O	False	2	0	1	1
7246	173	4	3	0	he	False	-3	43	124	124	124	124	224	224	224	224	-3	he	False	O	False	2	0	1	0
7247	173	11	202	0	his	False	-7	1	0	0	0	0	368	368	368	1008	-7	his	False	P	False	3	1	1	1
7248	173	11	9	0	his	False	-7	2	0	0	0	0	144	144	488	712	-7	his	False	P	False	3	1	1	1
7250	173	11	185	0	his	False	-7	4	0	0	0	0	248	248	248	468	-7	his	False	P	False	3	1	1	1
7251	173	11	199	0	his	False	-7	5	0	0	0	0	204	204	204	808	-7	his	False	P	False	3	1	1	1
7254	173	11	154	0	his	False	-7	8	0	0	0	0	124	124	124	124	-7	his	False	P	False	3	1	1	1
7255	173	11	199	0	his	False	-7	10	200	200	200	200	224	224	500	1320	-7	his	False	P	False	3	1	1	0
7256	173	11	78	0	his	False	-7	11	0	0	0	0	316	316	316	752	-7	his	False	P	False	3	1	1	1
7257	173	11	101	0	his	False	-7	12	256	256	256	256	84	84	84	1116	-7	his	False	P	False	3	1	1	0
7258	173	11	6	0	his	False	-7	13	0	0	0	0	496	772	772	772	-7	his	False	P	False	3	1	1	1
7259	173	11	189	0	his	False	-7	14	0	0	0	0	380	380	380	504	-7	his	False	P	False	3	1	1	1
7261	173	11	51	0	his	False	-7	16	184	476	476	476	416	416	416	416	-7	his	False	P	False	3	1	1	0
7262	173	11	149	0	his	False	-7	17	336	336	336	428	232	232	232	828	-7	his	False	P	False	3	1	1	0
7263	173	11	159	0	his	False	-7	18	0	0	0	0	344	344	344	344	-7	his	False	P	False	3	1	1	1
7264	173	11	108	0	his	False	-7	19	92	92	92	156	76	164	164	988	-7	his	False	P	False	3	1	1	0
7265	173	11	177	0	his	False	-7	20	0	0	0	0	256	256	256	2240	-7	his	False	P	False	3	1	1	1
7266	173	11	148	0	his	False	-7	21	304	304	304	476	172	172	172	172	-7	his	False	P	False	3	1	1	0
7267	173	11	83	0	his	False	-7	22	284	284	284	284	232	232	232	708	-7	his	False	P	False	3	1	1	0
7268	173	11	157	0	his	False	-7	23	0	0	0	0	204	568	840	5064	-7	his	False	P	False	3	1	1	1
7269	173	11	121	0	his	False	-7	24	0	0	0	0	172	172	172	1184	-7	his	False	P	False	3	1	1	1
7270	173	11	52	0	his	False	-7	25	0	0	0	0	184	184	376	956	-7	his	False	P	False	3	1	1	1
7271	173	11	143	0	his	False	-7	27	244	244	244	244	172	172	172	972	-7	his	False	P	False	3	1	1	0
7272	173	11	6	0	his	False	-7	28	88	88	88	244	196	620	888	1504	-7	his	False	P	False	3	1	1	0
7273	173	11	196	0	his	False	-7	29	256	256	256	256	196	196	196	348	-7	his	False	P	False	3	1	1	0
7274	173	11	76	0	his	False	-7	30	0	0	0	0	264	664	664	664	-7	his	False	P	False	3	1	1	1
7275	173	11	202	0	his	False	-7	31	0	0	0	0	112	112	112	112	-7	his	False	P	False	3	1	1	1
7276	173	11	101	0	his	False	-7	32	160	160	160	160	104	104	104	104	-7	his	False	P	False	3	1	1	0
7277	173	11	203	0	his	False	-7	33	0	0	0	0	208	344	344	1236	-7	his	False	P	False	3	1	1	1
7278	173	11	203	0	his	False	-7	34	500	500	500	632	120	120	120	120	-7	his	False	P	False	3	1	1	0
7279	173	11	53	0	his	False	-7	35	0	0	0	0	312	312	312	424	-7	his	False	P	False	3	1	1	1
7280	173	11	42	0	his	False	-7	36	232	448	604	860	80	80	80	80	-7	his	False	P	False	3	1	1	0
7281	173	11	192	0	his	False	-7	37	0	0	0	0	200	200	200	200	-7	his	False	P	False	3	1	1	1
7282	173	11	13	0	his	False	-7	38	0	0	0	0	212	212	212	440	-7	his	False	P	False	3	1	1	1
7283	173	11	159	0	his	False	-7	39	0	0	0	0	152	152	152	968	-7	his	False	P	False	3	1	1	1
7284	173	11	14	0	his	False	-7	40	132	132	240	468	172	360	360	788	-7	his	False	P	False	3	1	1	0
7285	173	11	62	0	his	False	-7	41	272	272	272	272	180	180	180	556	-7	his	False	P	False	3	1	1	0
7286	173	11	164	0	his	False	-7	42	0	0	0	0	204	204	204	1064	-7	his	False	P	False	3	1	1	1
7287	173	11	3	0	his	False	-7	43	288	288	288	288	108	108	108	272	-7	his	False	P	False	3	1	1	0
7412	175	9	177	0	she	True	-8	1	136	136	136	136	260	260	260	260	-8	she	False	O	False	3	2	1	0
7414	175	9	110	0	she	True	-8	3	232	232	232	232	108	108	108	108	-8	she	False	O	False	3	2	1	0
7415	175	9	115	0	she	True	-8	4	0	0	0	0	252	252	252	252	-8	she	False	O	False	3	2	1	1
7416	175	9	119	0	she	True	-8	5	0	0	0	0	236	372	372	372	-8	she	False	O	False	3	2	1	1
7419	175	9	171	0	she	True	-8	8	92	92	92	92	264	264	264	264	-8	she	False	O	False	3	2	1	0
7421	175	9	83	0	she	True	-8	11	0	0	0	0	140	140	140	140	-8	she	False	O	False	3	2	1	1
7422	175	9	7	0	she	True	-8	12	228	228	228	228	152	152	152	152	-8	she	False	O	False	3	2	1	0
7423	175	9	22	0	she	True	-8	13	0	0	0	0	232	232	232	232	-8	she	False	O	False	3	2	1	1
7428	175	9	128	0	she	True	-8	18	208	208	208	208	172	172	172	172	-8	she	False	O	False	3	2	1	0
7429	175	9	163	0	she	True	-8	19	88	88	88	88	184	184	184	184	-8	she	False	O	False	3	2	1	0
7430	175	9	10	0	she	True	-8	20	0	0	0	0	136	136	136	136	-8	she	False	O	False	3	2	1	1
7431	175	9	54	0	she	True	-8	21	216	216	216	216	148	148	148	148	-8	she	False	O	False	3	2	1	0
7432	175	9	163	0	she	True	-8	22	0	0	0	0	404	568	568	568	-8	she	False	O	False	3	2	1	1
7433	175	9	19	0	she	True	-8	23	0	0	0	0	128	128	340	508	-8	she	False	O	False	3	2	1	1
7434	175	9	192	0	she	True	-8	24	192	192	192	192	136	136	136	136	-8	she	False	O	False	3	2	1	0
7435	175	9	153	0	she	True	-8	25	0	0	0	0	160	160	160	280	-8	she	False	O	False	3	2	1	1
7436	175	9	124	0	she	True	-8	27	0	0	0	0	376	376	376	376	-8	she	False	O	False	3	2	1	1
7437	175	9	71	0	she	True	-8	28	280	280	280	280	160	160	160	300	-8	she	False	O	False	3	2	1	0
7438	175	9	88	0	she	True	-8	29	0	0	0	0	112	112	112	112	-8	she	False	O	False	3	2	1	1
7439	175	9	52	0	she	True	-8	30	264	264	368	2280	540	540	540	540	-8	she	False	O	False	3	2	1	0
7441	175	9	137	0	she	True	-8	32	0	0	0	0	172	172	172	172	-8	she	False	O	False	3	2	1	1
7442	175	9	124	0	she	True	-8	33	0	0	0	0	156	312	312	312	-8	she	False	O	False	3	2	1	1
7443	175	9	84	0	she	True	-8	34	0	0	0	0	360	360	360	572	-8	she	False	O	False	3	2	1	1
7444	175	9	84	0	she	True	-8	35	188	188	188	188	208	208	208	208	-8	she	False	O	False	3	2	1	0
7446	175	9	136	0	she	True	-8	37	172	364	364	364	144	144	144	144	-8	she	False	O	False	3	2	1	0
7447	175	9	71	0	she	True	-8	38	212	212	212	212	240	240	240	240	-8	she	False	O	False	3	2	1	0
7448	175	9	118	0	she	True	-8	39	0	0	0	0	164	164	164	164	-8	she	False	O	False	3	2	1	1
7449	175	9	24	0	she	True	-8	40	132	132	132	132	136	136	136	136	-8	she	False	O	False	3	2	1	0
7450	175	9	42	0	she	True	-8	41	204	204	204	204	148	148	148	148	-8	she	False	O	False	3	2	1	0
7451	175	9	142	0	she	True	-8	42	240	240	240	240	148	148	148	148	-8	she	False	O	False	3	2	1	0
7452	175	9	58	0	she	True	-8	43	0	0	0	0	148	148	148	148	-8	she	False	O	False	3	2	1	1
7495	176	9	7	0	she	True	-3	1	288	288	288	288	348	348	348	348	-3	she	False	O	False	3	1	1	0
7496	176	9	151	0	she	True	-3	2	228	228	228	228	172	172	172	172	-3	she	False	O	False	3	1	1	0
7497	176	9	51	0	she	True	-3	3	148	356	356	356	156	156	156	156	-3	she	False	O	False	3	1	1	0
7498	176	9	15	0	she	True	-3	4	172	172	172	172	200	200	200	200	-3	she	False	O	False	3	1	1	0
7499	176	9	63	0	she	True	-3	5	216	216	216	216	208	208	208	208	-3	she	False	O	False	3	1	1	0
7500	176	9	28	0	she	True	-3	6	0	0	0	0	284	284	284	284	-3	she	False	O	False	3	1	1	1
7501	176	9	117	0	she	True	-3	7	0	0	0	0	136	136	136	136	-3	she	False	O	False	3	1	1	1
7502	176	9	87	0	she	True	-3	8	224	224	224	224	196	196	196	196	-3	she	False	O	False	3	1	1	0
7503	176	9	13	0	she	True	-3	9	0	0	0	0	184	276	276	276	-3	she	False	O	False	3	1	1	1
7504	176	9	85	0	she	True	-3	10	128	128	128	128	132	132	132	132	-3	she	False	O	False	3	1	1	0
7505	176	9	127	0	she	True	-3	11	0	0	0	0	152	152	152	152	-3	she	False	O	False	3	1	1	1
7507	176	9	203	0	she	True	-3	13	164	164	164	164	168	168	168	168	-3	she	False	O	False	3	1	1	0
7509	176	9	69	0	she	True	-3	15	0	0	0	0	176	176	176	176	-3	she	False	O	False	3	1	1	1
7510	176	9	92	0	she	True	-3	16	212	360	360	360	300	300	300	300	-3	she	False	O	False	3	1	1	0
7512	176	9	199	0	she	True	-3	18	0	0	0	0	376	376	376	376	-3	she	False	O	False	3	1	1	1
7513	176	9	84	0	she	True	-3	19	176	176	176	176	156	156	156	156	-3	she	False	O	False	3	1	1	0
7514	176	9	126	0	she	True	-3	20	0	0	0	0	172	172	172	172	-3	she	False	O	False	3	1	1	1
7515	176	9	22	0	she	True	-3	21	152	152	152	268	208	352	560	1684	-3	she	False	O	False	3	1	1	0
7516	176	9	7	0	she	True	-3	22	196	196	196	196	340	608	608	608	-3	she	False	O	False	3	1	1	0
7517	176	9	35	0	she	True	-3	23	176	1276	1276	1276	192	192	192	192	-3	she	False	O	False	3	1	1	0
7518	176	9	11	0	she	True	-3	24	0	0	0	0	176	176	176	176	-3	she	False	O	False	3	1	1	1
7519	176	9	137	0	she	True	-3	25	172	172	172	172	224	224	224	224	-3	she	False	O	False	3	1	1	0
7520	176	9	46	0	she	True	-3	27	0	0	0	0	248	504	504	504	-3	she	False	O	False	3	1	1	1
7521	176	9	74	0	she	True	-3	28	268	408	408	408	152	152	152	152	-3	she	False	O	False	3	1	1	0
7522	176	9	68	0	she	True	-3	29	0	0	0	0	372	372	648	1568	-3	she	False	O	False	3	1	1	1
7524	176	9	115	0	she	True	-3	31	184	184	184	184	176	176	176	176	-3	she	False	O	False	3	1	1	0
7525	176	9	108	0	she	True	-3	32	172	172	172	172	116	508	508	508	-3	she	False	O	False	3	1	1	0
7526	176	9	141	0	she	True	-3	33	80	80	284	2208	116	116	116	116	-3	she	False	O	False	3	1	1	0
7527	176	9	45	0	she	True	-3	34	0	0	0	0	192	192	192	192	-3	she	False	O	False	3	1	1	1
7528	176	9	96	0	she	True	-3	35	168	168	168	168	128	128	128	128	-3	she	False	O	False	3	1	1	0
7529	176	9	6	0	she	True	-3	36	0	0	0	0	196	196	196	196	-3	she	False	O	False	3	1	1	1
7530	176	9	182	0	she	True	-3	37	172	172	172	172	148	324	324	324	-3	she	False	O	False	3	1	1	0
7531	176	9	203	0	she	True	-3	38	0	0	0	0	272	272	272	272	-3	she	False	O	False	3	1	1	1
7532	176	9	200	0	she	True	-3	39	0	0	0	0	216	216	216	216	-3	she	False	O	False	3	1	1	1
7533	176	9	31	0	she	True	-3	40	140	272	272	272	184	184	184	184	-3	she	False	O	False	3	1	1	0
7536	176	9	75	0	she	True	-3	43	88	88	88	88	156	156	156	156	-3	she	False	O	False	3	1	1	0
7537	176	11	7	0	it	True	-8	1	0	0	0	0	188	188	432	3240	-8	it	False	O	False	2	2	1	1
7538	176	11	151	0	it	True	-8	2	0	0	0	0	200	588	588	856	-8	it	False	O	False	2	2	1	1
7539	176	11	51	0	it	True	-8	3	212	212	212	212	204	204	628	1100	-8	it	False	O	False	2	2	1	0
7540	176	11	15	0	it	True	-8	4	0	0	0	0	152	268	268	1780	-8	it	False	O	False	2	2	1	1
7541	176	11	63	0	it	True	-8	5	0	0	0	0	204	204	616	1972	-8	it	False	O	False	2	2	1	1
7542	176	11	28	0	it	True	-8	6	200	200	200	200	216	216	216	1324	-8	it	False	O	False	2	2	1	0
7543	176	11	117	0	it	True	-8	7	0	0	0	0	112	112	112	1596	-8	it	False	O	False	2	2	1	1
7544	176	11	87	0	it	True	-8	8	184	184	184	184	476	476	476	476	-8	it	False	O	False	2	2	1	0
7545	176	11	13	0	it	True	-8	9	0	0	0	0	284	284	880	1964	-8	it	False	O	False	2	2	1	1
7546	176	11	85	0	it	True	-8	10	0	0	0	0	212	212	212	1352	-8	it	False	O	False	2	2	1	1
7547	176	11	127	0	it	True	-8	11	0	0	0	0	184	576	576	576	-8	it	False	O	False	2	2	1	1
7548	176	11	173	0	it	True	-8	12	148	148	148	148	192	192	476	1700	-8	it	False	O	False	2	2	1	0
7549	176	11	203	0	it	True	-8	13	0	0	0	0	152	1036	1036	1036	-8	it	False	O	False	2	2	1	1
7550	176	11	148	0	it	True	-8	14	324	324	608	844	124	124	392	1244	-8	it	False	O	False	2	2	1	0
7551	176	11	69	0	it	True	-8	15	0	0	0	0	280	280	280	1528	-8	it	False	O	False	2	2	1	1
7552	176	11	92	0	it	True	-8	16	140	140	140	140	276	276	276	1212	-8	it	False	O	False	2	2	1	0
7553	176	11	156	0	it	True	-8	17	188	188	188	188	148	148	368	2340	-8	it	False	O	False	2	2	1	0
7554	176	11	199	0	it	True	-8	18	0	0	0	0	420	420	540	1176	-8	it	False	O	False	2	2	1	1
7555	176	11	84	0	it	True	-8	19	0	0	0	0	240	240	240	1108	-8	it	False	O	False	2	2	1	1
7556	176	11	126	0	it	True	-8	20	0	0	0	0	232	232	416	1472	-8	it	False	O	False	2	2	1	1
7558	176	11	7	0	it	True	-8	22	0	0	0	0	204	204	972	1552	-8	it	False	O	False	2	2	1	1
7559	176	11	35	0	it	True	-8	23	0	0	0	0	208	432	1044	2900	-8	it	False	O	False	2	2	1	1
7560	176	11	11	0	it	True	-8	24	0	0	0	0	208	208	208	432	-8	it	False	O	False	2	2	1	1
7561	176	11	137	0	it	True	-8	25	0	0	0	0	212	212	880	1692	-8	it	False	O	False	2	2	1	1
7562	176	11	46	0	it	True	-8	27	0	0	0	0	240	240	240	920	-8	it	False	O	False	2	2	1	1
7563	176	11	74	0	it	True	-8	28	172	172	172	172	232	232	1384	1868	-8	it	False	O	False	2	2	1	0
7566	176	11	115	0	it	True	-8	31	0	0	0	0	284	284	284	284	-8	it	False	O	False	2	2	1	1
7567	176	11	108	0	it	True	-8	32	236	236	236	236	184	384	712	1028	-8	it	False	O	False	2	2	1	0
7568	176	11	141	0	it	True	-8	33	0	0	0	0	204	388	388	712	-8	it	False	O	False	2	2	1	1
7569	176	11	45	0	it	True	-8	34	320	320	1120	1556	180	180	180	484	-8	it	False	O	False	2	2	1	0
7570	176	11	96	0	it	True	-8	35	168	168	168	168	192	192	192	192	-8	it	False	O	False	2	2	1	0
7571	176	11	6	0	it	True	-8	36	0	0	0	0	236	236	424	1936	-8	it	False	O	False	2	2	1	1
7572	176	11	182	0	it	True	-8	37	148	148	148	148	256	256	256	2232	-8	it	False	O	False	2	2	1	0
7573	176	11	203	0	it	True	-8	38	0	0	0	0	216	216	216	416	-8	it	False	O	False	2	2	1	1
7574	176	11	200	0	it	True	-8	39	0	0	0	0	80	80	280	1128	-8	it	False	O	False	2	2	1	1
7575	176	11	31	0	it	True	-8	40	0	0	0	0	176	176	652	1660	-8	it	False	O	False	2	2	1	1
7576	176	11	102	0	it	True	-8	41	132	132	132	132	172	172	372	2176	-8	it	False	O	False	2	2	1	0
7577	176	11	153	0	it	True	-8	42	160	160	160	160	200	200	644	1508	-8	it	False	O	False	2	2	1	0
7578	176	11	75	0	it	True	-8	43	0	0	0	0	400	400	400	400	-8	it	False	O	False	2	2	1	1
7620	179	9	51	0	this	True	-7	1	232	232	232	232	152	152	428	524	-7	this	False	O	False	4	1	1	0
7621	179	9	68	0	this	True	-7	2	224	292	292	292	112	112	112	112	-7	this	False	O	False	4	1	1	0
7622	179	9	126	0	this	True	-7	3	236	236	236	236	156	156	156	156	-7	this	False	O	False	4	1	1	0
7623	179	9	184	0	this	True	-7	4	224	224	224	224	500	748	748	748	-7	this	False	O	False	4	1	1	0
7624	179	9	175	0	this	True	-7	5	216	216	216	216	348	620	620	620	-7	this	False	O	False	4	1	1	0
7625	179	9	57	0	this	True	-7	6	0	0	0	0	268	268	268	268	-7	this	False	O	False	4	1	1	1
7626	179	9	123	0	this	True	-7	7	0	0	0	0	108	108	108	108	-7	this	False	O	False	4	1	1	1
7627	179	9	158	0	this	True	-7	8	148	372	372	372	92	92	428	716	-7	this	False	O	False	4	1	1	0
7628	179	9	66	0	this	True	-7	10	172	172	172	172	152	316	316	316	-7	this	False	O	False	4	1	1	0
7629	179	9	168	0	this	True	-7	11	164	164	164	164	232	232	232	232	-7	this	False	O	False	4	1	1	0
7630	179	9	183	0	this	True	-7	12	0	0	0	0	312	548	644	920	-7	this	False	O	False	4	1	1	1
7631	179	9	187	0	this	True	-7	13	0	0	0	0	216	216	216	216	-7	this	False	O	False	4	1	1	1
7632	179	9	135	0	this	True	-7	14	0	0	0	0	216	348	348	348	-7	this	False	O	False	4	1	1	1
7633	179	9	57	0	this	True	-7	15	0	0	0	0	184	184	184	184	-7	this	False	O	False	4	1	1	1
7634	179	9	76	0	this	True	-7	16	164	164	164	164	148	296	296	296	-7	this	False	O	False	4	1	1	0
7635	179	9	73	0	this	True	-7	17	0	0	0	0	336	336	336	336	-7	this	False	O	False	4	1	1	1
7636	179	9	22	0	this	True	-7	18	0	0	0	0	216	216	216	312	-7	this	False	O	False	4	1	1	1
7637	179	9	186	0	this	True	-7	19	180	180	180	180	100	100	232	564	-7	this	False	O	False	4	1	1	0
7638	179	9	194	0	this	True	-7	20	172	172	172	172	212	212	212	432	-7	this	False	O	False	4	1	1	0
7639	179	9	169	0	this	True	-7	21	156	156	156	156	128	128	128	128	-7	this	False	O	False	4	1	1	0
7640	179	9	70	0	this	True	-7	22	268	268	268	268	252	252	252	432	-7	this	False	O	False	4	1	1	0
7641	179	9	134	0	this	True	-7	23	200	200	200	200	172	360	360	360	-7	this	False	O	False	4	1	1	0
7642	179	9	67	0	this	True	-7	24	160	160	432	764	220	220	220	220	-7	this	False	O	False	4	1	1	0
7643	179	9	33	0	this	True	-7	25	148	148	148	148	260	260	260	260	-7	this	False	O	False	4	1	1	0
7644	179	9	99	0	this	True	-7	27	148	148	148	148	292	424	424	424	-7	this	False	O	False	4	1	1	0
7645	179	9	24	0	this	True	-7	28	0	0	0	0	160	160	160	316	-7	this	False	O	False	4	1	1	1
7646	179	9	106	0	this	True	-7	29	196	340	340	340	192	192	192	192	-7	this	False	O	False	4	1	1	0
7647	179	9	37	0	this	True	-7	30	252	252	252	252	192	984	984	984	-7	this	False	O	False	4	1	1	0
7648	179	9	43	0	this	True	-7	31	160	160	160	820	160	160	160	160	-7	this	False	O	False	4	1	1	0
7649	179	9	107	0	this	True	-7	32	124	124	124	124	148	384	384	580	-7	this	False	O	False	4	1	1	0
7650	179	9	56	0	this	True	-7	33	0	0	0	0	220	296	516	828	-7	this	False	O	False	4	1	1	1
7651	179	9	112	0	this	True	-7	34	0	0	0	0	164	164	164	164	-7	this	False	O	False	4	1	1	1
7652	179	9	186	0	this	True	-7	35	168	168	168	168	272	272	272	272	-7	this	False	O	False	4	1	1	0
7653	179	9	66	0	this	True	-7	36	0	0	0	0	416	416	732	2168	-7	this	False	O	False	4	1	1	1
7654	179	9	21	0	this	True	-7	37	100	100	100	100	132	416	416	416	-7	this	False	O	False	4	1	1	0
7655	179	9	15	0	this	True	-7	38	0	0	0	0	280	280	280	280	-7	this	False	O	False	4	1	1	1
7656	179	9	181	0	this	True	-7	39	0	0	0	0	156	156	156	156	-7	this	False	O	False	4	1	1	1
7657	179	9	121	0	this	True	-7	40	204	204	204	204	188	188	188	188	-7	this	False	O	False	4	1	1	0
7658	179	9	1	0	this	True	-7	41	140	140	436	996	264	264	264	264	-7	this	False	O	False	4	1	1	0
7659	179	9	70	0	this	True	-7	42	308	308	308	308	152	152	152	152	-7	this	False	O	False	4	1	1	0
7660	179	9	29	0	this	True	-7	43	88	88	88	88	192	192	192	192	-7	this	False	O	False	4	1	1	0
7702	183	3	43	0	her	False	-2	1	132	300	300	300	148	148	148	148	-2	her	False	O	False	3	0	1	0
7704	183	3	194	0	her	False	-2	3	136	136	136	136	156	300	300	300	-2	her	False	O	False	3	0	1	0
7705	183	3	89	0	her	False	-2	4	160	160	160	160	188	188	188	188	-2	her	False	O	False	3	0	1	0
7707	183	3	106	0	her	False	-2	6	0	0	0	0	120	120	120	120	-2	her	False	O	False	3	0	1	1
7708	183	3	204	0	her	False	-2	7	0	0	0	0	164	164	164	276	-2	her	False	O	False	3	0	1	1
7709	183	3	83	0	her	False	-2	8	164	164	336	536	140	140	140	140	-2	her	False	O	False	3	0	1	0
7711	183	3	56	0	her	False	-2	11	156	156	156	156	156	156	156	156	-2	her	False	O	False	3	0	1	0
7714	183	3	57	0	her	False	-2	14	132	132	132	132	280	280	280	280	-2	her	False	O	False	3	0	1	0
7716	183	3	138	0	her	False	-2	16	200	352	352	352	172	172	172	172	-2	her	False	O	False	3	0	1	0
7718	183	3	47	0	her	False	-2	18	200	200	200	200	136	136	136	136	-2	her	False	O	False	3	0	1	0
7719	183	3	87	0	her	False	-2	19	196	196	196	196	104	104	104	104	-2	her	False	O	False	3	0	1	0
7720	183	3	167	0	her	False	-2	20	0	0	0	0	140	140	140	140	-2	her	False	O	False	3	0	1	1
7722	183	3	172	0	her	False	-2	22	568	568	568	568	148	148	148	148	-2	her	False	O	False	3	0	1	0
7723	183	3	71	0	her	False	-2	23	160	160	160	160	340	340	340	340	-2	her	False	O	False	3	0	1	0
7724	183	3	154	0	her	False	-2	24	236	236	236	236	152	152	152	152	-2	her	False	O	False	3	0	1	0
7725	183	3	152	0	her	False	-2	25	152	152	152	152	252	252	252	252	-2	her	False	O	False	3	0	1	0
7727	183	3	109	0	her	False	-2	28	364	364	364	364	292	292	292	524	-2	her	False	O	False	3	0	1	0
7729	183	3	202	0	her	False	-2	30	312	312	312	312	156	156	340	588	-2	her	False	O	False	3	0	1	0
7731	183	3	204	0	her	False	-2	32	180	180	180	180	180	180	180	180	-2	her	False	O	False	3	0	1	0
7733	183	3	173	0	her	False	-2	34	176	176	176	176	208	208	208	208	-2	her	False	O	False	3	0	1	0
7734	183	3	145	0	her	False	-2	35	0	0	0	0	192	192	192	192	-2	her	False	O	False	3	0	1	1
7735	183	3	123	0	her	False	-2	36	0	0	0	0	180	180	180	180	-2	her	False	O	False	3	0	1	1
7736	183	3	42	0	her	False	-2	37	132	132	132	132	148	148	148	148	-2	her	False	O	False	3	0	1	0
7737	183	3	111	0	her	False	-2	38	176	176	176	176	244	244	244	244	-2	her	False	O	False	3	0	1	0
7739	183	3	61	0	her	False	-2	40	152	152	152	152	136	136	344	532	-2	her	False	O	False	3	0	1	0
7741	183	3	85	0	her	False	-2	42	236	236	236	236	268	268	268	268	-2	her	False	O	False	3	0	1	0
7742	183	3	179	0	her	False	-2	43	144	144	144	144	168	168	168	168	-2	her	False	O	False	3	0	1	0
7743	185	12	36	0	his	False	-11	1	148	420	752	2752	284	616	616	616	-11	his	False	P	False	3	0	1	0
7746	185	12	10	0	his	False	-11	4	204	204	204	372	228	228	228	564	-11	his	False	P	False	3	0	1	0
7749	185	12	66	0	his	False	-11	7	220	220	220	740	276	276	276	1080	-11	his	False	P	False	3	0	1	0
7751	185	12	200	0	his	False	-11	10	220	220	220	220	212	212	476	1860	-11	his	False	P	False	3	0	1	0
7752	185	12	34	0	his	False	-11	11	256	256	256	256	196	196	196	196	-11	his	False	P	False	3	0	1	0
7753	185	12	28	0	his	False	-11	12	0	0	0	0	140	140	140	452	-11	his	False	P	False	3	0	1	1
7754	185	12	188	0	his	False	-11	13	184	184	184	184	456	456	456	776	-11	his	False	P	False	3	0	1	0
7755	185	12	92	0	his	False	-11	14	232	232	232	232	244	244	244	244	-11	his	False	P	False	3	0	1	0
7758	185	12	80	0	his	False	-11	17	0	0	0	0	192	372	372	464	-11	his	False	P	False	3	0	1	1
7759	185	12	52	0	his	False	-11	18	224	224	224	224	168	168	168	524	-11	his	False	P	False	3	0	1	0
7760	185	12	198	0	his	False	-11	19	208	208	208	208	152	228	228	1264	-11	his	False	P	False	3	0	1	0
7761	185	12	71	0	his	False	-11	20	0	0	0	0	160	160	160	2760	-11	his	False	P	False	3	0	1	1
7762	185	12	81	0	his	False	-11	21	0	0	0	0	444	444	444	444	-11	his	False	P	False	3	0	1	1
7763	185	12	98	0	his	False	-11	22	0	0	0	0	360	360	360	1048	-11	his	False	P	False	3	0	1	1
7764	185	12	181	0	his	False	-11	23	144	144	144	144	164	472	472	648	-11	his	False	P	False	3	0	1	0
7765	185	12	52	0	his	False	-11	24	0	0	0	0	156	156	156	776	-11	his	False	P	False	3	0	1	1
7766	185	12	16	0	his	False	-11	25	168	168	168	168	244	244	244	356	-11	his	False	P	False	3	0	1	0
7767	185	12	160	0	his	False	-11	27	224	224	224	224	192	192	192	192	-11	his	False	P	False	3	0	1	0
7768	185	12	176	0	his	False	-11	28	0	0	0	0	200	200	200	352	-11	his	False	P	False	3	0	1	1
7769	185	12	180	0	his	False	-11	29	216	216	216	216	208	208	208	344	-11	his	False	P	False	3	0	1	0
7770	185	12	103	0	his	False	-11	30	496	496	496	496	584	584	584	584	-11	his	False	P	False	3	0	1	0
7771	185	12	13	0	his	False	-11	31	204	204	204	204	204	560	560	560	-11	his	False	P	False	3	0	1	0
7772	185	12	126	0	his	False	-11	32	208	208	208	208	136	136	136	136	-11	his	False	P	False	3	0	1	0
7773	185	12	1	0	his	False	-11	33	188	188	188	188	232	232	232	436	-11	his	False	P	False	3	0	1	0
7774	185	12	184	0	his	False	-11	34	0	0	0	0	160	160	372	1116	-11	his	False	P	False	3	0	1	1
7775	185	12	184	0	his	False	-11	35	0	0	0	0	244	244	244	244	-11	his	False	P	False	3	0	1	1
7777	185	12	137	0	his	False	-11	37	208	208	208	208	156	156	156	156	-11	his	False	P	False	3	0	1	0
7778	185	12	190	0	his	False	-11	38	0	0	0	0	172	172	172	172	-11	his	False	P	False	3	0	1	1
7779	185	12	138	0	his	False	-11	39	172	172	172	172	148	148	148	880	-11	his	False	P	False	3	0	1	0
7781	185	12	181	0	his	False	-11	41	192	192	192	192	256	372	372	372	-11	his	False	P	False	3	0	1	0
7782	185	12	55	0	his	False	-11	42	0	0	0	0	316	696	696	1148	-11	his	False	P	False	3	0	1	1
7907	187	9	20	0	he	True	-8	1	0	0	0	0	176	176	176	292	-8	he	False	O	False	2	1	1	1
7908	187	9	143	0	he	True	-8	2	0	0	0	0	168	288	288	288	-8	he	False	O	False	2	1	1	1
7909	187	9	117	0	he	True	-8	3	0	0	0	0	352	352	352	352	-8	he	False	O	False	2	1	1	1
7910	187	9	133	0	he	True	-8	4	32	132	132	132	56	288	288	288	-8	he	False	O	False	2	1	1	0
7911	187	9	103	0	he	True	-8	5	0	0	0	0	248	248	248	248	-8	he	False	O	False	2	1	1	1
7912	187	9	12	0	he	True	-8	6	0	0	0	0	276	276	276	564	-8	he	False	O	False	2	1	1	1
7913	187	9	205	0	he	True	-8	7	148	148	148	148	116	116	116	116	-8	he	False	O	False	2	1	1	0
7914	187	9	115	0	he	True	-8	8	176	176	176	176	152	152	152	152	-8	he	False	O	False	2	1	1	0
7915	187	9	190	0	he	True	-8	10	0	0	0	0	108	224	224	224	-8	he	False	O	False	2	1	1	1
7916	187	9	181	0	he	True	-8	11	0	0	0	0	188	188	188	188	-8	he	False	O	False	2	1	1	1
7917	187	9	181	0	he	True	-8	12	0	0	0	0	244	244	244	244	-8	he	False	O	False	2	1	1	1
7918	187	9	182	0	he	True	-8	13	196	196	196	196	176	176	176	176	-8	he	False	O	False	2	1	1	0
7919	187	9	63	0	he	True	-8	14	176	176	176	176	208	208	208	208	-8	he	False	O	False	2	1	1	0
7920	187	9	90	0	he	True	-8	15	0	0	0	0	176	176	176	176	-8	he	False	O	False	2	1	1	1
7921	187	9	112	0	he	True	-8	16	252	252	252	252	160	160	160	160	-8	he	False	O	False	2	1	1	0
7922	187	9	10	0	he	True	-8	17	0	0	0	0	132	132	132	132	-8	he	False	O	False	2	1	1	1
7923	187	9	37	0	he	True	-8	18	0	0	0	0	216	216	216	216	-8	he	False	O	False	2	1	1	1
7924	187	9	60	0	he	True	-8	19	0	0	0	0	116	116	116	116	-8	he	False	O	False	2	1	1	1
7926	187	9	154	0	he	True	-8	21	0	0	0	0	188	188	188	188	-8	he	False	O	False	2	1	1	1
7927	187	9	190	0	he	True	-8	22	0	0	0	0	200	200	200	200	-8	he	False	O	False	2	1	1	1
7928	187	9	189	0	he	True	-8	23	216	216	216	216	72	312	312	312	-8	he	False	O	False	2	1	1	0
7929	187	9	91	0	he	True	-8	24	0	0	0	0	192	192	192	192	-8	he	False	O	False	2	1	1	1
7930	187	9	132	0	he	True	-8	25	0	0	0	0	288	288	444	584	-8	he	False	O	False	2	1	1	1
7931	187	9	70	0	he	True	-8	27	0	0	0	0	264	264	264	264	-8	he	False	O	False	2	1	1	1
7932	187	9	108	0	he	True	-8	28	0	0	0	0	160	160	160	804	-8	he	False	O	False	2	1	1	1
7933	187	9	108	0	he	True	-8	29	0	0	0	0	212	212	212	212	-8	he	False	O	False	2	1	1	1
7934	187	9	58	0	he	True	-8	30	0	0	0	0	252	420	420	420	-8	he	False	O	False	2	1	1	1
7935	187	9	83	0	he	True	-8	31	0	0	0	0	156	156	156	156	-8	he	False	O	False	2	1	1	1
7936	187	9	49	0	he	True	-8	32	240	240	240	240	176	420	420	420	-8	he	False	O	False	2	1	1	0
7937	187	9	117	0	he	True	-8	33	0	0	0	0	204	204	284	416	-8	he	False	O	False	2	1	1	1
7938	187	9	205	0	he	True	-8	34	0	0	0	0	128	128	128	128	-8	he	False	O	False	2	1	1	1
7939	187	9	177	0	he	True	-8	35	0	0	0	0	204	204	204	204	-8	he	False	O	False	2	1	1	1
7940	187	9	182	0	he	True	-8	36	0	0	0	0	208	208	208	208	-8	he	False	O	False	2	1	1	1
7941	187	9	202	0	he	True	-8	37	148	148	148	148	140	140	140	140	-8	he	False	O	False	2	1	1	0
7942	187	9	88	0	he	True	-8	38	0	0	0	0	168	324	324	324	-8	he	False	O	False	2	1	1	1
7943	187	9	73	0	he	True	-8	39	0	0	0	0	168	168	168	168	-8	he	False	O	False	2	1	1	1
7945	187	9	94	0	he	True	-8	41	180	180	180	180	252	252	252	252	-8	he	False	O	False	2	1	1	0
7947	187	9	103	0	he	True	-8	43	0	0	0	0	196	284	284	284	-8	he	False	O	False	2	1	1	1
7948	187	12	20	0	it	True	-7	1	0	0	0	0	384	384	384	384	-7	it	False	O	False	2	2	1	1
7949	187	12	143	0	it	True	-7	2	0	0	0	0	192	684	684	684	-7	it	False	O	False	2	2	1	1
7950	187	12	117	0	it	True	-7	3	0	0	0	0	416	416	416	416	-7	it	False	O	False	2	2	1	1
7951	187	12	133	0	it	True	-7	4	0	0	0	0	196	196	196	196	-7	it	False	O	False	2	2	1	1
7952	187	12	103	0	it	True	-7	5	0	0	0	0	188	188	188	1088	-7	it	False	O	False	2	2	1	1
7954	187	12	205	0	it	True	-7	7	0	0	0	0	168	168	308	756	-7	it	False	O	False	2	2	1	1
7955	187	12	115	0	it	True	-7	8	0	0	0	0	256	256	256	256	-7	it	False	O	False	2	2	1	1
7956	187	12	190	0	it	True	-7	10	192	192	192	192	360	580	580	1232	-7	it	False	O	False	2	2	1	0
7957	187	12	181	0	it	True	-7	11	0	0	0	0	224	224	224	224	-7	it	False	O	False	2	2	1	1
7958	187	12	181	0	it	True	-7	12	0	0	0	0	128	128	128	476	-7	it	False	O	False	2	2	1	1
7959	187	12	182	0	it	True	-7	13	0	0	0	0	164	752	752	752	-7	it	False	O	False	2	2	1	1
7960	187	12	63	0	it	True	-7	14	0	0	0	0	316	316	316	316	-7	it	False	O	False	2	2	1	1
7962	187	12	112	0	it	True	-7	16	172	172	172	172	320	544	544	544	-7	it	False	O	False	2	2	1	0
7963	187	12	10	0	it	True	-7	17	0	0	0	0	196	196	196	524	-7	it	False	O	False	2	2	1	1
7964	187	12	37	0	it	True	-7	18	0	0	0	0	192	192	192	572	-7	it	False	O	False	2	2	1	1
7965	187	12	60	0	it	True	-7	19	0	0	0	0	160	160	160	304	-7	it	False	O	False	2	2	1	1
7966	187	12	8	0	it	True	-7	20	152	152	152	152	252	252	380	1388	-7	it	False	O	False	2	2	1	0
7967	187	12	154	0	it	True	-7	21	0	0	0	0	168	168	168	540	-7	it	False	O	False	2	2	1	1
7968	187	12	190	0	it	True	-7	22	0	0	0	0	284	284	284	284	-7	it	False	O	False	2	2	1	1
7969	187	12	189	0	it	True	-7	23	344	344	344	344	408	408	408	876	-7	it	False	O	False	2	2	1	0
7970	187	12	91	0	it	True	-7	24	0	0	0	0	176	176	176	1292	-7	it	False	O	False	2	2	1	1
7971	187	12	132	0	it	True	-7	25	252	252	252	368	72	72	72	664	-7	it	False	O	False	2	2	1	0
7972	187	12	70	0	it	True	-7	27	0	0	0	0	148	240	240	592	-7	it	False	O	False	2	2	1	1
7974	187	12	108	0	it	True	-7	29	0	0	0	0	232	412	412	688	-7	it	False	O	False	2	2	1	1
7975	187	12	58	0	it	True	-7	30	0	0	0	0	268	268	928	1996	-7	it	False	O	False	2	2	1	1
7976	187	12	83	0	it	True	-7	31	0	0	0	0	180	180	180	180	-7	it	False	O	False	2	2	1	1
7977	187	12	49	0	it	True	-7	32	0	0	0	0	196	196	196	196	-7	it	False	O	False	2	2	1	1
7978	187	12	117	0	it	True	-7	33	0	0	0	0	404	404	404	404	-7	it	False	O	False	2	2	1	1
7979	187	12	205	0	it	True	-7	34	0	0	0	0	240	240	240	480	-7	it	False	O	False	2	2	1	1
7980	187	12	177	0	it	True	-7	35	0	0	0	0	148	148	148	148	-7	it	False	O	False	2	2	1	1
7981	187	12	182	0	it	True	-7	36	0	0	0	0	296	296	296	296	-7	it	False	O	False	2	2	1	1
7982	187	12	202	0	it	True	-7	37	0	0	0	0	332	332	332	332	-7	it	False	O	False	2	2	1	1
7983	187	12	88	0	it	True	-7	38	0	0	0	0	204	204	204	204	-7	it	False	O	False	2	2	1	1
7986	187	12	94	0	it	True	-7	41	0	0	0	0	200	200	200	992	-7	it	False	O	False	2	2	1	1
7988	187	12	103	0	it	True	-7	43	0	0	0	0	328	328	328	328	-7	it	False	O	False	2	2	1	1
8030	188	6	84	0	he	True	-5	1	276	276	276	276	196	304	304	304	-5	he	False	O	False	2	1	1	0
8031	188	6	153	0	he	True	-5	2	140	140	140	140	152	152	152	152	-5	he	False	O	False	2	1	1	0
8032	188	6	205	0	he	True	-5	3	172	172	172	172	280	280	280	280	-5	he	False	O	False	2	1	1	0
8033	188	6	122	0	he	True	-5	4	0	0	0	0	260	260	260	260	-5	he	False	O	False	2	1	1	1
8035	188	6	3	0	he	True	-5	6	0	0	0	0	220	220	220	396	-5	he	False	O	False	2	1	1	1
8036	188	6	59	0	he	True	-5	7	0	0	0	0	172	172	172	172	-5	he	False	O	False	2	1	1	1
8038	188	6	89	0	he	True	-5	10	0	0	0	0	168	168	300	460	-5	he	False	O	False	2	1	1	1
8039	188	6	92	0	he	True	-5	11	0	0	0	0	160	160	160	160	-5	he	False	O	False	2	1	1	1
8040	188	6	100	0	he	True	-5	12	172	172	172	172	172	172	172	172	-5	he	False	O	False	2	1	1	0
8041	188	6	18	0	he	True	-5	13	0	0	0	0	232	232	232	232	-5	he	False	O	False	2	1	1	1
8042	188	6	3	0	he	True	-5	14	172	172	172	172	228	228	228	228	-5	he	False	O	False	2	1	1	0
8045	188	6	152	0	he	True	-5	17	264	264	264	264	160	160	160	160	-5	he	False	O	False	2	1	1	0
8046	188	6	188	0	he	True	-5	18	0	0	0	0	232	232	232	232	-5	he	False	O	False	2	1	1	1
8047	188	6	38	0	he	True	-5	19	0	0	0	0	156	156	156	156	-5	he	False	O	False	2	1	1	1
8048	188	6	56	0	he	True	-5	20	0	0	0	0	248	248	248	248	-5	he	False	O	False	2	1	1	1
8049	188	6	80	0	he	True	-5	21	0	0	0	0	156	156	156	156	-5	he	False	O	False	2	1	1	1
8050	188	6	147	0	he	True	-5	22	216	216	216	216	148	148	148	148	-5	he	False	O	False	2	1	1	0
8051	188	6	192	0	he	True	-5	23	0	0	0	0	612	612	612	612	-5	he	False	O	False	2	1	1	1
8053	188	6	90	0	he	True	-5	25	0	0	0	0	152	152	304	1260	-5	he	False	O	False	2	1	1	1
8054	188	6	202	0	he	True	-5	27	232	232	232	232	184	184	184	184	-5	he	False	O	False	2	1	1	0
8055	188	6	25	0	he	True	-5	28	0	0	0	0	196	196	196	196	-5	he	False	O	False	2	1	1	1
8059	188	6	111	0	he	True	-5	32	184	184	184	184	188	188	188	188	-5	he	False	O	False	2	1	1	0
8060	188	6	161	0	he	True	-5	33	172	172	172	172	96	96	96	96	-5	he	False	O	False	2	1	1	0
8061	188	6	95	0	he	True	-5	34	0	0	0	0	172	172	172	172	-5	he	False	O	False	2	1	1	1
8062	188	6	127	0	he	True	-5	35	0	0	0	0	192	192	192	192	-5	he	False	O	False	2	1	1	1
8064	188	6	199	0	he	True	-5	37	152	268	268	268	200	200	200	200	-5	he	False	O	False	2	1	1	0
8065	188	6	51	0	he	True	-5	38	0	0	0	0	224	224	224	224	-5	he	False	O	False	2	1	1	1
8066	188	6	195	0	he	True	-5	39	0	0	0	0	368	688	688	688	-5	he	False	O	False	2	1	1	1
8067	188	6	57	0	he	True	-5	40	140	140	140	140	228	228	228	228	-5	he	False	O	False	2	1	1	0
8069	188	6	67	0	he	True	-5	42	164	164	164	164	148	148	148	148	-5	he	False	O	False	2	1	1	0
8070	188	6	9	0	he	True	-5	43	168	168	168	168	132	132	132	132	-5	he	False	O	False	2	1	1	0
8153	190	8	184	0	he	True	-7	1	180	180	180	264	192	412	412	412	-7	he	False	O	False	2	1	1	0
8154	190	8	152	0	he	True	-7	2	0	0	0	0	160	160	160	160	-7	he	False	O	False	2	1	1	1
8155	190	8	60	0	he	True	-7	3	164	164	164	164	272	504	504	504	-7	he	False	O	False	2	1	1	0
8156	190	8	109	0	he	True	-7	4	144	144	144	144	164	164	164	164	-7	he	False	O	False	2	1	1	0
8157	190	8	71	0	he	True	-7	5	0	0	0	0	280	280	280	280	-7	he	False	O	False	2	1	1	1
8159	190	8	152	0	he	True	-7	7	0	0	0	0	232	232	232	232	-7	he	False	O	False	2	1	1	1
8160	190	8	73	0	he	True	-7	8	0	0	0	0	172	396	396	396	-7	he	False	O	False	2	1	1	1
8161	190	8	26	0	he	True	-7	10	184	184	184	184	64	64	64	64	-7	he	False	O	False	2	1	1	0
8162	190	8	33	0	he	True	-7	11	196	196	196	196	172	172	172	172	-7	he	False	O	False	2	1	1	0
8164	190	8	71	0	he	True	-7	13	0	0	0	0	172	172	172	172	-7	he	False	O	False	2	1	1	1
8165	190	8	15	0	he	True	-7	14	144	144	144	144	160	628	628	628	-7	he	False	O	False	2	1	1	0
8166	190	8	176	0	he	True	-7	15	0	0	0	0	176	176	176	176	-7	he	False	O	False	2	1	1	1
8167	190	8	190	0	he	True	-7	16	212	212	212	212	196	196	196	196	-7	he	False	O	False	2	1	1	0
8170	190	8	146	0	he	True	-7	19	116	116	116	116	152	152	152	152	-7	he	False	O	False	2	1	1	0
8173	190	8	176	0	he	True	-7	22	0	0	0	0	220	220	220	220	-7	he	False	O	False	2	1	1	1
8174	190	8	55	0	he	True	-7	23	424	424	424	424	116	116	116	260	-7	he	False	O	False	2	1	1	0
8175	190	8	172	0	he	True	-7	24	0	0	0	0	292	452	452	452	-7	he	False	O	False	2	1	1	1
8176	190	8	165	0	he	True	-7	25	0	0	0	0	204	204	204	204	-7	he	False	O	False	2	1	1	1
8177	190	8	115	0	he	True	-7	27	152	220	220	220	204	204	204	204	-7	he	False	O	False	2	1	1	0
8178	190	8	54	0	he	True	-7	28	0	0	0	0	208	208	208	208	-7	he	False	O	False	2	1	1	1
8179	190	8	156	0	he	True	-7	29	176	176	176	176	164	164	164	164	-7	he	False	O	False	2	1	1	0
8180	190	8	119	0	he	True	-7	30	504	504	504	504	212	212	212	212	-7	he	False	O	False	2	1	1	0
8181	190	8	157	0	he	True	-7	31	0	0	0	0	140	140	140	140	-7	he	False	O	False	2	1	1	1
8182	190	8	53	0	he	True	-7	32	0	0	0	0	172	464	464	464	-7	he	False	O	False	2	1	1	1
8183	190	8	205	0	he	True	-7	33	0	0	0	0	144	144	144	144	-7	he	False	O	False	2	1	1	1
8185	190	8	181	0	he	True	-7	35	0	0	0	0	200	200	200	200	-7	he	False	O	False	2	1	1	1
8186	190	8	172	0	he	True	-7	36	0	0	0	0	232	232	232	232	-7	he	False	O	False	2	1	1	1
8187	190	8	131	0	he	True	-7	37	0	0	0	0	192	356	356	356	-7	he	False	O	False	2	1	1	1
8188	190	8	147	0	he	True	-7	38	196	196	196	196	172	172	172	172	-7	he	False	O	False	2	1	1	0
8189	190	8	204	0	he	True	-7	39	0	0	0	0	252	252	252	252	-7	he	False	O	False	2	1	1	1
8190	190	8	181	0	he	True	-7	40	0	0	0	0	152	152	152	500	-7	he	False	O	False	2	1	1	1
8191	190	8	125	0	he	True	-7	41	0	0	0	0	168	168	276	536	-7	he	False	O	False	2	1	1	1
8192	190	8	155	0	he	True	-7	42	204	204	204	204	244	244	244	244	-7	he	False	O	False	2	1	1	0
8193	190	8	52	0	he	True	-7	43	0	0	0	0	156	156	156	156	-7	he	False	O	False	2	1	1	1
8277	194	10	157	0	it	False	-3	1	0	0	0	0	128	128	128	128	-3	it	False	O	False	2	0	1	1
8278	194	10	78	0	it	False	-3	2	0	0	0	0	156	156	156	860	-3	it	False	O	False	2	0	1	1
8279	194	10	172	0	it	False	-3	3	324	324	324	324	224	224	224	224	-3	it	False	O	False	2	0	1	0
8284	194	10	111	0	it	False	-3	8	0	0	0	0	232	232	232	232	-3	it	False	O	False	2	0	1	1
8285	194	10	9	0	it	False	-3	9	0	0	0	0	116	116	116	116	-3	it	False	O	False	2	0	1	1
8286	194	10	189	0	it	False	-3	10	0	0	0	0	164	164	164	164	-3	it	False	O	False	2	0	1	1
8287	194	10	116	0	it	False	-3	11	0	0	0	0	204	204	204	204	-3	it	False	O	False	2	0	1	1
8289	194	10	204	0	it	False	-3	13	0	0	0	0	428	428	428	428	-3	it	False	O	False	2	0	1	1
8290	194	10	27	0	it	False	-3	14	0	0	0	0	312	312	312	312	-3	it	False	O	False	2	0	1	1
8298	194	10	69	0	it	False	-3	23	100	100	100	100	508	508	860	2400	-3	it	False	O	False	2	0	1	0
8306	194	10	161	0	it	False	-3	32	0	0	0	0	156	156	156	156	-3	it	False	O	False	2	0	1	1
8311	194	10	64	0	it	False	-3	37	124	124	124	1100	176	176	176	176	-3	it	False	O	False	2	0	1	0
8314	194	10	21	0	it	False	-3	40	200	200	200	612	136	136	136	136	-3	it	False	O	False	2	0	1	0
8317	194	10	123	0	it	False	-3	43	0	0	0	0	180	180	180	180	-3	it	False	O	False	2	0	1	1
8318	195	5	97	0	he	False	-4	1	0	0	0	0	228	228	228	228	-4	he	False	O	False	2	0	1	1
8320	195	5	159	0	he	False	-4	3	0	0	0	0	156	156	156	156	-4	he	False	O	False	2	0	1	1
8321	195	5	164	0	he	False	-4	4	160	160	160	160	160	160	160	160	-4	he	False	O	False	2	0	1	0
8322	195	5	138	0	he	False	-4	5	0	0	0	0	252	252	252	252	-4	he	False	O	False	2	0	1	1
8323	195	5	43	0	he	False	-4	6	156	156	156	156	128	128	128	128	-4	he	False	O	False	2	0	1	0
8325	195	5	41	0	he	False	-4	8	196	196	196	196	132	132	132	132	-4	he	False	O	False	2	0	1	0
8327	195	5	24	0	he	False	-4	11	0	0	0	0	140	140	140	140	-4	he	False	O	False	2	0	1	1
8328	195	5	182	0	he	False	-4	12	0	0	0	0	224	224	224	224	-4	he	False	O	False	2	0	1	1
8329	195	5	98	0	he	False	-4	13	192	192	192	192	224	224	224	224	-4	he	False	O	False	2	0	1	0
8330	195	5	169	0	he	False	-4	14	172	172	172	172	208	208	208	208	-4	he	False	O	False	2	0	1	0
8332	195	5	74	0	he	False	-4	16	0	0	0	0	176	176	176	176	-4	he	False	O	False	2	0	1	1
8334	195	5	186	0	he	False	-4	18	0	0	0	0	236	236	236	236	-4	he	False	O	False	2	0	1	1
8335	195	5	145	0	he	False	-4	19	0	0	0	0	108	108	108	108	-4	he	False	O	False	2	0	1	1
8336	195	5	150	0	he	False	-4	20	0	0	0	0	148	148	148	148	-4	he	False	O	False	2	0	1	1
8337	195	5	193	0	he	False	-4	21	0	0	0	0	208	208	372	1096	-4	he	False	O	False	2	0	1	1
8339	195	5	101	0	he	False	-4	23	0	0	0	0	652	652	652	652	-4	he	False	O	False	2	0	1	1
8341	195	5	28	0	he	False	-4	25	144	144	144	144	172	172	172	172	-4	he	False	O	False	2	0	1	0
8342	195	5	41	0	he	False	-4	27	0	0	0	0	144	144	144	744	-4	he	False	O	False	2	0	1	1
8343	195	5	152	0	he	False	-4	28	160	392	392	520	164	164	164	164	-4	he	False	O	False	2	0	1	0
8345	195	5	117	0	he	False	-4	30	0	0	0	0	272	272	272	272	-4	he	False	O	False	2	0	1	1
8347	195	5	74	0	he	False	-4	32	164	164	164	164	208	208	208	208	-4	he	False	O	False	2	0	1	0
8348	195	5	41	0	he	False	-4	33	148	148	148	148	168	168	168	168	-4	he	False	O	False	2	0	1	0
8350	195	5	85	0	he	False	-4	35	196	196	196	196	144	144	144	144	-4	he	False	O	False	2	0	1	0
8352	195	5	160	0	he	False	-4	37	0	0	0	0	136	248	248	248	-4	he	False	O	False	2	0	1	1
8353	195	5	198	0	he	False	-4	38	0	0	0	0	136	136	136	136	-4	he	False	O	False	2	0	1	1
8355	195	5	74	0	he	False	-4	40	0	0	0	0	60	156	156	156	-4	he	False	O	False	2	0	1	1
8358	195	5	129	0	he	False	-4	43	0	0	0	0	228	228	228	228	-4	he	False	O	False	2	0	1	1
8359	197	9	104	0	he	False	-8	1	0	0	0	0	252	252	252	252	-8	he	False	O	False	2	0	1	1
8360	197	9	37	0	he	False	-8	2	108	108	108	108	116	116	116	116	-8	he	False	O	False	2	0	1	0
8361	197	9	195	0	he	False	-8	3	168	168	168	168	196	196	196	196	-8	he	False	O	False	2	0	1	0
8363	197	9	93	0	he	False	-8	5	96	96	96	96	300	300	300	572	-8	he	False	O	False	2	0	1	0
8365	197	9	22	0	he	False	-8	7	0	0	0	0	236	236	236	236	-8	he	False	O	False	2	0	1	1
8366	197	9	24	0	he	False	-8	8	176	176	176	176	140	140	140	140	-8	he	False	O	False	2	0	1	0
8367	197	9	8	0	he	False	-8	10	168	168	168	168	88	88	88	88	-8	he	False	O	False	2	0	1	0
8368	197	9	31	0	he	False	-8	11	168	168	168	168	168	168	168	168	-8	he	False	O	False	2	0	1	0
8369	197	9	61	0	he	False	-8	12	272	272	272	272	244	244	244	244	-8	he	False	O	False	2	0	1	0
8373	197	9	152	0	he	False	-8	16	0	0	0	0	252	252	252	252	-8	he	False	O	False	2	0	1	1
8375	197	9	75	0	he	False	-8	19	0	0	0	0	172	172	172	172	-8	he	False	O	False	2	0	1	1
8376	197	9	132	0	he	False	-8	20	0	0	0	0	160	160	160	160	-8	he	False	O	False	2	0	1	1
8378	197	9	32	0	he	False	-8	22	0	0	0	0	248	248	248	248	-8	he	False	O	False	2	0	1	1
8379	197	9	110	0	he	False	-8	23	0	0	0	0	204	408	408	408	-8	he	False	O	False	2	0	1	1
8380	197	9	104	0	he	False	-8	24	0	0	0	0	236	236	432	560	-8	he	False	O	False	2	0	1	1
8382	197	9	83	0	he	False	-8	27	0	0	0	0	252	252	252	252	-8	he	False	O	False	2	0	1	1
8383	197	9	101	0	he	False	-8	28	144	144	144	144	244	420	420	420	-8	he	False	O	False	2	0	1	0
8385	197	9	118	0	he	False	-8	30	0	0	0	0	340	340	340	340	-8	he	False	O	False	2	0	1	1
8387	197	9	118	0	he	False	-8	32	0	0	0	0	208	208	208	208	-8	he	False	O	False	2	0	1	1
8388	197	9	62	0	he	False	-8	33	0	0	0	0	216	216	216	216	-8	he	False	O	False	2	0	1	1
8390	197	9	193	0	he	False	-8	35	0	0	0	0	208	208	208	208	-8	he	False	O	False	2	0	1	1
8396	197	9	65	0	he	False	-8	41	0	0	0	0	140	140	140	140	-8	he	False	O	False	2	0	1	1
8397	197	9	198	0	he	False	-8	42	0	0	0	0	340	340	492	1020	-8	he	False	O	False	2	0	1	1
8399	199	12	153	0	his	False	-11	1	0	0	0	0	176	540	540	1244	-11	his	False	P	False	3	0	1	1
8400	199	12	58	0	his	False	-11	2	80	80	80	80	228	400	400	580	-11	his	False	P	False	3	0	1	0
8401	199	12	82	0	his	False	-11	3	204	204	204	204	264	264	264	788	-11	his	False	P	False	3	0	1	0
8402	199	12	42	0	his	False	-11	4	0	0	0	0	312	312	312	908	-11	his	False	P	False	3	0	1	1
8403	199	12	34	0	his	False	-11	5	164	164	164	164	128	128	128	2200	-11	his	False	P	False	3	0	1	0
8405	199	12	173	0	his	False	-11	7	140	140	140	140	88	88	460	1708	-11	his	False	P	False	3	0	1	0
8406	199	12	121	0	his	False	-11	8	164	164	164	164	452	452	452	452	-11	his	False	P	False	3	0	1	0
8407	199	12	8	0	his	False	-11	9	160	160	160	160	216	528	664	1568	-11	his	False	P	False	3	0	1	0
8408	199	12	9	0	his	False	-11	10	0	0	0	0	252	252	392	1392	-11	his	False	P	False	3	0	1	1
8409	199	12	6	0	his	False	-11	11	264	264	264	264	164	164	564	888	-11	his	False	P	False	3	0	1	0
8410	199	12	71	0	his	False	-11	12	0	0	0	0	172	332	332	1172	-11	his	False	P	False	3	0	1	1
8411	199	12	34	0	his	False	-11	13	0	0	0	0	256	940	940	940	-11	his	False	P	False	3	0	1	1
8412	199	12	198	0	his	False	-11	14	0	0	0	0	388	488	488	896	-11	his	False	P	False	3	0	1	1
8413	199	12	2	0	his	False	-11	15	0	0	0	0	200	200	280	1340	-11	his	False	P	False	3	0	1	1
8414	199	12	141	0	his	False	-11	16	204	204	204	204	180	468	468	700	-11	his	False	P	False	3	0	1	0
8415	199	12	98	0	his	False	-11	17	0	0	0	0	164	428	428	428	-11	his	False	P	False	3	0	1	1
8416	199	12	117	0	his	False	-11	18	204	204	204	204	196	196	196	196	-11	his	False	P	False	3	0	1	0
8417	199	12	46	0	his	False	-11	19	164	164	164	164	148	148	148	532	-11	his	False	P	False	3	0	1	0
8418	199	12	49	0	his	False	-11	20	252	252	252	252	156	156	512	2456	-11	his	False	P	False	3	0	1	0
8419	199	12	67	0	his	False	-11	21	0	0	0	0	160	160	264	392	-11	his	False	P	False	3	0	1	1
8420	199	12	107	0	his	False	-11	22	248	448	448	448	336	336	336	336	-11	his	False	P	False	3	0	1	0
8421	199	12	177	0	his	False	-11	23	496	496	496	496	196	716	1564	17508	-11	his	False	P	False	3	0	1	0
8422	199	12	194	0	his	False	-11	24	164	164	164	164	160	160	160	436	-11	his	False	P	False	3	0	1	0
8423	199	12	53	0	his	False	-11	25	228	228	228	228	160	160	160	1852	-11	his	False	P	False	3	0	1	0
8424	199	12	186	0	his	False	-11	27	0	0	0	0	200	200	200	772	-11	his	False	P	False	3	0	1	1
8425	199	12	201	0	his	False	-11	28	180	180	180	180	180	180	180	180	-11	his	False	P	False	3	0	1	0
8426	199	12	136	0	his	False	-11	29	0	0	0	0	168	788	788	788	-11	his	False	P	False	3	0	1	1
8427	199	12	21	0	his	False	-11	30	92	92	92	92	224	440	440	1700	-11	his	False	P	False	3	0	1	0
8428	199	12	16	0	his	False	-11	31	152	152	152	152	152	152	152	152	-11	his	False	P	False	3	0	1	0
8429	199	12	42	0	his	False	-11	32	84	84	84	84	236	292	292	292	-11	his	False	P	False	3	0	1	0
8430	199	12	100	0	his	False	-11	33	232	232	232	232	220	220	220	220	-11	his	False	P	False	3	0	1	0
8431	199	12	26	0	his	False	-11	34	0	0	0	0	228	228	228	1088	-11	his	False	P	False	3	0	1	1
8432	199	12	45	0	his	False	-11	35	0	0	0	0	152	260	260	260	-11	his	False	P	False	3	0	1	1
8433	199	12	46	0	his	False	-11	36	148	148	148	148	216	216	216	632	-11	his	False	P	False	3	0	1	0
8434	199	12	82	0	his	False	-11	37	148	148	148	148	140	140	140	660	-11	his	False	P	False	3	0	1	0
8435	199	12	143	0	his	False	-11	38	220	220	220	220	220	220	220	220	-11	his	False	P	False	3	0	1	0
8436	199	12	161	0	his	False	-11	39	0	0	0	0	204	204	204	204	-11	his	False	P	False	3	0	1	1
8437	199	12	4	0	his	False	-11	40	136	136	136	232	40	260	260	1232	-11	his	False	P	False	3	0	1	0
8438	199	12	96	0	his	False	-11	41	228	228	228	228	152	512	512	1032	-11	his	False	P	False	3	0	1	0
8439	199	12	71	0	his	False	-11	42	148	148	148	148	248	248	248	968	-11	his	False	P	False	3	0	1	0
8440	199	12	157	0	his	False	-11	43	128	128	128	128	236	236	236	1024	-11	his	False	P	False	3	0	1	0
8482	201	6	69	0	her	True	-2	1	220	220	220	220	148	148	148	148	-2	her	False	O	False	3	1	1	0
8483	201	6	77	0	her	True	-2	2	160	160	160	160	140	140	140	140	-2	her	False	O	False	3	1	1	0
8484	201	6	203	0	her	True	-2	3	164	300	300	300	144	144	144	144	-2	her	False	O	False	3	1	1	0
8485	201	6	113	0	her	True	-2	4	0	0	0	0	176	176	176	176	-2	her	False	O	False	3	1	1	1
8486	201	6	150	0	her	True	-2	5	216	216	216	216	152	152	152	152	-2	her	False	O	False	3	1	1	0
8487	201	6	7	0	her	True	-2	6	0	0	0	0	164	164	164	164	-2	her	False	O	False	3	1	1	1
8488	201	6	193	0	her	True	-2	7	0	0	0	0	132	132	132	132	-2	her	False	O	False	3	1	1	1
8489	201	6	72	0	her	True	-2	8	156	156	156	156	132	132	132	132	-2	her	False	O	False	3	1	1	0
8490	201	6	13	0	her	True	-2	10	68	244	428	1196	116	116	116	116	-2	her	False	O	False	3	1	1	0
8491	201	6	204	0	her	True	-2	11	140	140	140	140	128	128	128	128	-2	her	False	O	False	3	1	1	0
8492	201	6	167	0	her	True	-2	12	128	128	128	128	228	228	228	228	-2	her	False	O	False	3	1	1	0
8494	201	6	108	0	her	True	-2	14	0	0	0	0	208	208	332	452	-2	her	False	O	False	3	1	1	1
8496	201	6	85	0	her	True	-2	16	228	368	368	368	224	224	224	224	-2	her	False	O	False	3	1	1	0
8497	201	6	11	0	her	True	-2	17	0	0	0	0	136	136	136	136	-2	her	False	O	False	3	1	1	1
8498	201	6	13	0	her	True	-2	18	0	0	0	0	172	172	172	172	-2	her	False	O	False	3	1	1	1
8499	201	6	179	0	her	True	-2	19	192	192	192	192	84	84	84	84	-2	her	False	O	False	3	1	1	0
8500	201	6	148	0	her	True	-2	20	0	0	0	0	364	364	364	364	-2	her	False	O	False	3	1	1	1
8501	201	6	135	0	her	True	-2	21	0	0	0	0	140	140	140	300	-2	her	False	O	False	3	1	1	1
8502	201	6	8	0	her	True	-2	22	288	288	288	288	256	256	256	256	-2	her	False	O	False	3	1	1	0
8503	201	6	203	0	her	True	-2	23	164	164	164	164	324	324	324	324	-2	her	False	O	False	3	1	1	0
8504	201	6	48	0	her	True	-2	24	0	0	0	0	128	360	360	360	-2	her	False	O	False	3	1	1	1
8505	201	6	139	0	her	True	-2	25	168	168	168	168	152	152	152	152	-2	her	False	O	False	3	1	1	0
8506	201	6	58	0	her	True	-2	27	0	0	0	0	188	188	188	288	-2	her	False	O	False	3	1	1	1
8507	201	6	199	0	her	True	-2	28	0	0	0	0	188	188	188	348	-2	her	False	O	False	3	1	1	1
8508	201	6	107	0	her	True	-2	29	0	0	0	0	156	300	300	504	-2	her	False	O	False	3	1	1	1
8509	201	6	96	0	her	True	-2	30	264	264	264	264	208	208	208	208	-2	her	False	O	False	3	1	1	0
8510	201	6	31	0	her	True	-2	31	0	0	0	0	156	156	156	156	-2	her	False	O	False	3	1	1	1
8511	201	6	32	0	her	True	-2	32	208	208	208	208	164	164	164	164	-2	her	False	O	False	3	1	1	0
8512	201	6	32	0	her	True	-2	33	280	280	280	280	100	100	100	100	-2	her	False	O	False	3	1	1	0
8513	201	6	61	0	her	True	-2	34	0	0	0	0	404	404	404	404	-2	her	False	O	False	3	1	1	1
8515	201	6	58	0	her	True	-2	36	0	0	0	0	156	156	156	156	-2	her	False	O	False	3	1	1	1
8516	201	6	68	0	her	True	-2	37	96	96	96	96	132	316	316	316	-2	her	False	O	False	3	1	1	0
8517	201	6	43	0	her	True	-2	38	0	0	0	0	204	344	344	344	-2	her	False	O	False	3	1	1	1
8518	201	6	102	0	her	True	-2	39	148	148	148	148	128	128	128	128	-2	her	False	O	False	3	1	1	0
8520	201	6	190	0	her	True	-2	41	0	0	0	0	96	240	420	1164	-2	her	False	O	False	3	1	1	1
8521	201	6	102	0	her	True	-2	42	0	0	0	0	208	208	208	300	-2	her	False	O	False	3	1	1	1
8522	201	6	82	0	her	True	-2	43	0	0	0	0	128	128	128	128	-2	her	False	O	False	3	1	1	1
8646	202	8	19	0	he	True	-4	1	196	196	196	196	288	288	288	568	-4	he	False	O	False	2	1	1	0
8647	202	8	93	0	he	True	-4	2	164	164	164	164	196	196	196	196	-4	he	False	O	False	2	1	1	0
8648	202	8	74	0	he	True	-4	3	0	0	0	0	240	372	372	372	-4	he	False	O	False	2	1	1	1
8649	202	8	76	0	he	True	-4	4	0	0	0	0	144	144	144	144	-4	he	False	O	False	2	1	1	1
8650	202	8	129	0	he	True	-4	5	0	0	0	0	308	308	308	308	-4	he	False	O	False	2	1	1	1
8653	202	8	201	0	he	True	-4	8	0	0	0	0	180	180	180	180	-4	he	False	O	False	2	1	1	1
8654	202	8	51	0	he	True	-4	10	0	0	0	0	156	156	156	156	-4	he	False	O	False	2	1	1	1
8655	202	8	69	0	he	True	-4	11	0	0	0	0	136	136	136	136	-4	he	False	O	False	2	1	1	1
8657	202	8	191	0	he	True	-4	13	0	0	0	0	236	236	236	236	-4	he	False	O	False	2	1	1	1
8658	202	8	16	0	he	True	-4	14	160	160	160	160	300	300	300	300	-4	he	False	O	False	2	1	1	0
8659	202	8	76	0	he	True	-4	15	0	0	0	0	120	120	120	120	-4	he	False	O	False	2	1	1	1
8660	202	8	130	0	he	True	-4	16	0	0	0	0	144	144	144	144	-4	he	False	O	False	2	1	1	1
8661	202	8	146	0	he	True	-4	17	0	0	0	0	152	152	152	152	-4	he	False	O	False	2	1	1	1
8663	202	8	49	0	he	True	-4	19	164	164	164	164	116	116	116	116	-4	he	False	O	False	2	1	1	0
8664	202	8	77	0	he	True	-4	20	0	0	0	0	236	236	236	236	-4	he	False	O	False	2	1	1	1
8666	202	8	138	0	he	True	-4	22	188	188	188	188	248	248	248	248	-4	he	False	O	False	2	1	1	0
8667	202	8	151	0	he	True	-4	23	80	80	520	1096	212	212	212	212	-4	he	False	O	False	2	1	1	0
8668	202	8	122	0	he	True	-4	24	0	0	0	0	152	152	152	152	-4	he	False	O	False	2	1	1	1
8669	202	8	5	0	he	True	-4	25	0	0	0	0	252	252	252	252	-4	he	False	O	False	2	1	1	1
8671	202	8	39	0	he	True	-4	28	184	184	184	184	376	492	492	492	-4	he	False	O	False	2	1	1	0
8672	202	8	77	0	he	True	-4	29	0	0	0	0	220	220	220	220	-4	he	False	O	False	2	1	1	1
8673	202	8	11	0	he	True	-4	30	196	196	408	1940	124	124	124	124	-4	he	False	O	False	2	1	1	0
8674	202	8	55	0	he	True	-4	31	0	0	0	0	172	172	172	172	-4	he	False	O	False	2	1	1	1
8675	202	8	188	0	he	True	-4	32	188	188	188	188	168	168	168	168	-4	he	False	O	False	2	1	1	0
8676	202	8	55	0	he	True	-4	33	148	148	148	148	180	180	180	180	-4	he	False	O	False	2	1	1	0
8677	202	8	147	0	he	True	-4	34	0	0	0	0	156	156	156	156	-4	he	False	O	False	2	1	1	1
8678	202	8	89	0	he	True	-4	35	0	0	0	0	256	256	256	256	-4	he	False	O	False	2	1	1	1
8679	202	8	48	0	he	True	-4	36	0	0	0	0	212	212	212	1088	-4	he	False	O	False	2	1	1	1
8680	202	8	140	0	he	True	-4	37	168	288	288	288	192	192	192	192	-4	he	False	O	False	2	1	1	0
8681	202	8	76	0	he	True	-4	38	196	196	196	196	176	176	176	176	-4	he	False	O	False	2	1	1	0
8682	202	8	7	0	he	True	-4	39	0	0	0	0	204	204	204	204	-4	he	False	O	False	2	1	1	1
8683	202	8	101	0	he	True	-4	40	136	136	136	136	148	148	148	148	-4	he	False	O	False	2	1	1	0
8684	202	8	82	0	he	True	-4	41	0	0	0	0	240	240	240	240	-4	he	False	O	False	2	1	1	1
8685	202	8	185	0	he	True	-4	42	0	0	0	0	152	152	152	244	-4	he	False	O	False	2	1	1	1
8729	209	4	56	0	his	True	-3	2	132	132	132	132	136	136	136	136	-3	his	False	P	False	3	1	1	0
8730	209	4	183	0	his	True	-3	3	156	156	156	156	160	160	160	160	-3	his	False	P	False	3	1	1	0
8731	209	4	160	0	his	True	-3	4	160	160	160	160	160	160	160	160	-3	his	False	P	False	3	1	1	0
8732	209	4	78	0	his	True	-3	5	0	0	0	0	176	176	176	176	-3	his	False	P	False	3	1	1	1
8733	209	4	94	0	his	True	-3	6	0	0	0	0	100	100	100	100	-3	his	False	P	False	3	1	1	1
8734	209	4	172	0	his	True	-3	7	184	184	184	304	140	140	140	140	-3	his	False	P	False	3	1	1	0
8736	209	4	43	0	his	True	-3	10	132	132	132	132	100	100	100	100	-3	his	False	P	False	3	1	1	0
8737	209	4	147	0	his	True	-3	11	224	224	224	224	132	132	132	132	-3	his	False	P	False	3	1	1	0
8738	209	4	204	0	his	True	-3	12	0	0	0	0	128	128	128	128	-3	his	False	P	False	3	1	1	1
8740	209	4	19	0	his	True	-3	14	0	0	0	0	332	332	332	332	-3	his	False	P	False	3	1	1	1
8741	209	4	77	0	his	True	-3	15	0	0	0	0	272	272	272	508	-3	his	False	P	False	3	1	1	1
8743	209	4	1	0	his	True	-3	17	164	164	164	164	180	180	180	180	-3	his	False	P	False	3	1	1	0
8744	209	4	34	0	his	True	-3	18	0	0	0	0	236	236	236	236	-3	his	False	P	False	3	1	1	1
8745	209	4	47	0	his	True	-3	19	172	172	172	172	504	504	504	504	-3	his	False	P	False	3	1	1	0
8746	209	4	143	0	his	True	-3	20	0	0	0	0	144	144	144	144	-3	his	False	P	False	3	1	1	1
8747	209	4	45	0	his	True	-3	21	84	84	384	584	152	152	152	152	-3	his	False	P	False	3	1	1	0
8749	209	4	113	0	his	True	-3	23	172	172	172	172	288	356	356	356	-3	his	False	P	False	3	1	1	0
8750	209	4	55	0	his	True	-3	24	0	0	0	0	168	168	168	168	-3	his	False	P	False	3	1	1	1
8751	209	4	122	0	his	True	-3	25	148	148	276	656	192	192	192	192	-3	his	False	P	False	3	1	1	0
8754	209	4	202	0	his	True	-3	29	176	176	176	176	140	140	140	140	-3	his	False	P	False	3	1	1	0
8757	209	4	94	0	his	True	-3	32	152	152	152	152	168	168	168	168	-3	his	False	P	False	3	1	1	0
8758	209	4	104	0	his	True	-3	33	184	184	184	184	200	200	200	200	-3	his	False	P	False	3	1	1	0
8759	209	4	151	0	his	True	-3	34	0	0	0	0	200	200	200	200	-3	his	False	P	False	3	1	1	1
8760	209	4	64	0	his	True	-3	35	0	0	0	0	236	236	236	236	-3	his	False	P	False	3	1	1	1
8761	209	4	33	0	his	True	-3	36	0	0	0	0	132	132	172	432	-3	his	False	P	False	3	1	1	1
8762	209	4	45	0	his	True	-3	37	128	128	128	128	192	192	192	192	-3	his	False	P	False	3	1	1	0
8763	209	4	110	0	his	True	-3	38	0	0	0	0	216	216	216	216	-3	his	False	P	False	3	1	1	1
8764	209	4	128	0	his	True	-3	39	0	0	0	0	224	224	224	368	-3	his	False	P	False	3	1	1	1
8765	209	4	34	0	his	True	-3	40	188	188	188	188	116	116	116	116	-3	his	False	P	False	3	1	1	0
8766	209	4	202	0	his	True	-3	41	0	0	0	0	124	124	276	884	-3	his	False	P	False	3	1	1	1
8767	209	4	177	0	his	True	-3	42	0	0	0	0	144	144	144	144	-3	his	False	P	False	3	1	1	1
8768	209	4	13	0	his	True	-3	43	144	144	144	144	100	100	100	100	-3	his	False	P	False	3	1	1	0
8851	210	3	99	0	his	True	-2	1	120	120	120	120	140	252	396	640	-2	his	False	P	False	3	1	1	0
8852	210	3	86	0	his	True	-2	2	48	220	220	220	52	52	192	676	-2	his	False	P	False	3	1	1	0
8853	210	3	138	0	his	True	-2	3	140	140	140	140	160	160	160	160	-2	his	False	P	False	3	1	1	0
8854	210	3	46	0	his	True	-2	4	124	124	124	124	156	156	156	156	-2	his	False	P	False	3	1	1	0
8855	210	3	18	0	his	True	-2	5	0	0	0	0	276	276	276	624	-2	his	False	P	False	3	1	1	1
8856	210	3	31	0	his	True	-2	6	0	0	0	0	140	140	140	140	-2	his	False	P	False	3	1	1	1
8857	210	3	149	0	his	True	-2	7	216	216	216	216	156	156	156	156	-2	his	False	P	False	3	1	1	0
8858	210	3	69	0	his	True	-2	8	276	276	276	276	212	212	212	556	-2	his	False	P	False	3	1	1	0
8859	210	3	59	0	his	True	-2	10	124	124	124	124	176	176	176	176	-2	his	False	P	False	3	1	1	0
8860	210	3	144	0	his	True	-2	11	144	144	144	144	172	172	172	172	-2	his	False	P	False	3	1	1	0
8861	210	3	95	0	his	True	-2	12	224	224	224	224	88	88	88	144	-2	his	False	P	False	3	1	1	0
8862	210	3	59	0	his	True	-2	13	208	208	208	208	132	132	132	384	-2	his	False	P	False	3	1	1	0
8863	210	3	88	0	his	True	-2	14	152	152	152	152	216	316	316	516	-2	his	False	P	False	3	1	1	0
8865	210	3	133	0	his	True	-2	16	216	428	428	428	132	132	132	132	-2	his	False	P	False	3	1	1	0
8867	210	3	116	0	his	True	-2	18	0	0	0	0	288	288	288	288	-2	his	False	P	False	3	1	1	1
8868	210	3	123	0	his	True	-2	19	184	184	184	184	208	208	208	408	-2	his	False	P	False	3	1	1	0
8869	210	3	174	0	his	True	-2	20	220	220	220	220	188	188	188	364	-2	his	False	P	False	3	1	1	0
8871	210	3	192	0	his	True	-2	22	168	168	168	168	196	196	196	196	-2	his	False	P	False	3	1	1	0
8872	210	3	37	0	his	True	-2	23	240	240	240	240	268	268	268	268	-2	his	False	P	False	3	1	1	0
8873	210	3	41	0	his	True	-2	24	248	248	480	648	124	124	124	392	-2	his	False	P	False	3	1	1	0
8875	210	3	176	0	his	True	-2	27	300	300	300	300	260	260	260	260	-2	his	False	P	False	3	1	1	0
8876	210	3	111	0	his	True	-2	28	248	248	248	248	204	204	204	204	-2	his	False	P	False	3	1	1	0
8878	210	3	182	0	his	True	-2	30	332	332	332	332	156	156	380	744	-2	his	False	P	False	3	1	1	0
8880	210	3	173	0	his	True	-2	32	164	164	164	164	180	180	180	180	-2	his	False	P	False	3	1	1	0
8881	210	3	125	0	his	True	-2	33	172	172	172	172	152	152	152	152	-2	his	False	P	False	3	1	1	0
8882	210	3	54	0	his	True	-2	34	212	212	212	212	260	260	516	744	-2	his	False	P	False	3	1	1	0
8883	210	3	130	0	his	True	-2	35	0	0	0	0	180	180	180	180	-2	his	False	P	False	3	1	1	1
8884	210	3	161	0	his	True	-2	36	0	0	0	0	208	208	208	208	-2	his	False	P	False	3	1	1	1
8885	210	3	76	0	his	True	-2	37	184	184	184	184	172	172	172	312	-2	his	False	P	False	3	1	1	0
8886	210	3	120	0	his	True	-2	38	0	0	0	0	172	172	172	172	-2	his	False	P	False	3	1	1	1
8887	210	3	50	0	his	True	-2	39	164	164	164	164	248	384	384	384	-2	his	False	P	False	3	1	1	0
8890	210	3	115	0	his	True	-2	42	320	320	320	320	360	360	360	360	-2	his	False	P	False	3	1	1	0
8892	210	11	99	0	his	True	-8	1	156	156	156	156	224	352	352	352	-8	his	False	P	False	3	2	1	0
8893	210	11	86	0	his	True	-8	2	156	156	156	156	112	112	112	112	-8	his	False	P	False	3	2	1	0
8894	210	11	138	0	his	True	-8	3	0	0	0	0	352	352	352	352	-8	his	False	P	False	3	2	1	1
8895	210	11	46	0	his	True	-8	4	0	0	0	0	160	348	348	348	-8	his	False	P	False	3	2	1	1
8898	210	11	149	0	his	True	-8	7	0	0	0	0	152	152	152	152	-8	his	False	P	False	3	2	1	1
8899	210	11	69	0	his	True	-8	8	236	236	236	236	116	116	256	512	-8	his	False	P	False	3	2	1	0
8900	210	11	59	0	his	True	-8	10	148	148	148	148	128	128	128	128	-8	his	False	P	False	3	2	1	0
8901	210	11	144	0	his	True	-8	11	0	0	0	0	148	280	280	280	-8	his	False	P	False	3	2	1	1
8902	210	11	95	0	his	True	-8	12	292	292	292	292	140	140	140	140	-8	his	False	P	False	3	2	1	0
8903	210	11	59	0	his	True	-8	13	0	0	0	0	220	220	220	220	-8	his	False	P	False	3	2	1	1
8904	210	11	88	0	his	True	-8	14	0	0	0	0	296	296	296	296	-8	his	False	P	False	3	2	1	1
8906	210	11	133	0	his	True	-8	16	204	204	204	204	180	320	320	320	-8	his	False	P	False	3	2	1	0
8907	210	11	163	0	his	True	-8	17	0	0	0	0	136	280	424	720	-8	his	False	P	False	3	2	1	1
8908	210	11	116	0	his	True	-8	18	0	0	0	0	236	236	236	236	-8	his	False	P	False	3	2	1	1
8909	210	11	123	0	his	True	-8	19	176	176	176	176	264	264	264	264	-8	his	False	P	False	3	2	1	0
8912	210	11	192	0	his	True	-8	22	0	0	0	0	160	160	160	160	-8	his	False	P	False	3	2	1	1
8913	210	11	37	0	his	True	-8	23	316	316	316	316	360	360	360	360	-8	his	False	P	False	3	2	1	0
8914	210	11	41	0	his	True	-8	24	0	0	0	0	200	200	200	200	-8	his	False	P	False	3	2	1	1
8915	210	11	61	0	his	True	-8	25	0	0	0	0	248	444	444	488	-8	his	False	P	False	3	2	1	1
8916	210	11	176	0	his	True	-8	27	0	0	0	0	208	208	208	208	-8	his	False	P	False	3	2	1	1
8917	210	11	111	0	his	True	-8	28	384	384	384	384	236	236	236	236	-8	his	False	P	False	3	2	1	0
8918	210	11	37	0	his	True	-8	29	0	0	0	0	196	196	196	196	-8	his	False	P	False	3	2	1	1
8919	210	11	182	0	his	True	-8	30	248	248	248	248	176	176	176	176	-8	his	False	P	False	3	2	1	0
8921	210	11	173	0	his	True	-8	32	0	0	0	0	180	180	180	180	-8	his	False	P	False	3	2	1	1
8922	210	11	125	0	his	True	-8	33	252	252	252	252	180	180	180	180	-8	his	False	P	False	3	2	1	0
8926	210	11	76	0	his	True	-8	37	148	148	148	148	264	264	264	264	-8	his	False	P	False	3	2	1	0
8927	210	11	120	0	his	True	-8	38	0	0	0	0	308	308	308	308	-8	his	False	P	False	3	2	1	1
8929	210	11	10	0	his	True	-8	40	0	0	0	0	132	132	372	588	-8	his	False	P	False	3	2	1	1
8930	210	11	205	0	his	True	-8	41	0	0	0	0	284	284	284	284	-8	his	False	P	False	3	2	1	1
8931	210	11	115	0	his	True	-8	42	184	184	184	280	220	220	220	220	-8	his	False	P	False	3	2	1	0
8974	221	3	16	0	his	False	-2	1	0	0	0	0	296	296	296	296	-2	his	False	P	False	3	0	1	1
8975	221	3	164	0	his	False	-2	2	0	0	0	0	176	176	176	176	-2	his	False	P	False	3	0	1	1
8979	221	3	176	0	his	False	-2	6	124	124	124	124	116	116	116	116	-2	his	False	P	False	3	0	1	0
8980	221	3	113	0	his	False	-2	7	0	0	0	0	160	160	160	160	-2	his	False	P	False	3	0	1	1
8982	221	3	65	0	his	False	-2	10	176	176	176	176	80	80	80	80	-2	his	False	P	False	3	0	1	0
8983	221	3	113	0	his	False	-2	11	0	0	0	0	136	136	136	136	-2	his	False	P	False	3	0	1	1
8984	221	3	197	0	his	False	-2	12	0	0	0	0	132	132	132	132	-2	his	False	P	False	3	0	1	1
8986	221	3	146	0	his	False	-2	14	164	496	496	692	104	104	104	104	-2	his	False	P	False	3	0	1	0
8987	221	3	18	0	his	False	-2	15	0	0	0	0	240	240	240	240	-2	his	False	P	False	3	0	1	1
8988	221	3	30	0	his	False	-2	16	216	216	216	216	164	164	164	164	-2	his	False	P	False	3	0	1	0
8989	221	3	25	0	his	False	-2	17	0	0	0	0	188	188	188	188	-2	his	False	P	False	3	0	1	1
8990	221	3	65	0	his	False	-2	18	0	0	0	0	104	104	104	104	-2	his	False	P	False	3	0	1	1
8991	221	3	33	0	his	False	-2	19	0	0	0	0	212	212	212	212	-2	his	False	P	False	3	0	1	1
8992	221	3	79	0	his	False	-2	20	0	0	0	0	172	172	424	976	-2	his	False	P	False	3	0	1	1
8993	221	3	85	0	his	False	-2	21	132	132	132	132	136	136	136	136	-2	his	False	P	False	3	0	1	0
8994	221	3	18	0	his	False	-2	22	116	116	116	696	208	208	208	376	-2	his	False	P	False	3	0	1	0
8995	221	3	49	0	his	False	-2	23	96	220	220	220	320	320	320	320	-2	his	False	P	False	3	0	1	0
8996	221	3	169	0	his	False	-2	24	172	172	172	172	168	168	168	168	-2	his	False	P	False	3	0	1	0
8997	221	3	177	0	his	False	-2	25	132	132	132	132	204	204	204	204	-2	his	False	P	False	3	0	1	0
8998	221	3	50	0	his	False	-2	27	0	0	0	0	216	356	356	356	-2	his	False	P	False	3	0	1	1
8999	221	3	175	0	his	False	-2	28	260	260	260	260	152	152	152	152	-2	his	False	P	False	3	0	1	0
9000	221	3	72	0	his	False	-2	29	0	0	0	0	192	192	192	192	-2	his	False	P	False	3	0	1	1
9001	221	3	36	0	his	False	-2	30	228	228	228	228	60	60	60	60	-2	his	False	P	False	3	0	1	0
9002	221	3	101	0	his	False	-2	31	0	0	0	0	224	224	224	224	-2	his	False	P	False	3	0	1	1
9004	221	3	49	0	his	False	-2	33	164	340	340	340	152	152	152	152	-2	his	False	P	False	3	0	1	0
9005	221	3	175	0	his	False	-2	34	0	0	0	0	3352	3352	3352	3352	-2	his	False	P	False	3	0	1	1
9006	221	3	46	0	his	False	-2	35	180	180	180	180	188	188	188	188	-2	his	False	P	False	3	0	1	0
9007	221	3	162	0	his	False	-2	36	0	0	0	0	144	144	144	144	-2	his	False	P	False	3	0	1	1
9008	221	3	105	0	his	False	-2	37	128	128	128	128	144	144	144	144	-2	his	False	P	False	3	0	1	0
9009	221	3	138	0	his	False	-2	38	0	0	0	0	248	248	248	248	-2	his	False	P	False	3	0	1	1
9012	221	3	151	0	his	False	-2	41	0	0	0	0	140	140	140	140	-2	his	False	P	False	3	0	1	1
9013	221	3	122	0	his	False	-2	42	0	0	0	0	132	132	132	132	-2	his	False	P	False	3	0	1	1
9014	221	3	45	0	his	False	-2	43	88	88	88	88	128	128	128	128	-2	his	False	P	False	3	0	1	0
9056	227	13	170	0	his	True	-11	1	456	456	456	456	508	508	508	508	-11	his	False	P	False	3	1	1	0
9057	227	13	88	0	his	True	-11	2	236	236	236	236	136	136	136	256	-11	his	False	P	False	3	1	1	0
9058	227	13	56	0	his	True	-11	3	208	364	364	364	256	256	256	340	-11	his	False	P	False	3	1	1	0
9059	227	13	169	0	his	True	-11	4	0	0	0	0	172	280	280	280	-11	his	False	P	False	3	1	1	1
9060	227	13	6	0	his	True	-11	5	0	0	0	0	228	228	228	3000	-11	his	False	P	False	3	1	1	1
9064	227	13	152	0	his	True	-11	10	324	324	324	324	232	232	232	1540	-11	his	False	P	False	3	1	1	0
9065	227	13	164	0	his	True	-11	11	172	304	304	304	376	720	720	720	-11	his	False	P	False	3	1	1	0
9066	227	13	102	0	his	True	-11	12	268	268	268	1188	176	176	176	276	-11	his	False	P	False	3	1	1	0
9067	227	13	82	0	his	True	-11	13	256	256	256	256	776	776	776	776	-11	his	False	P	False	3	1	1	0
9070	227	13	29	0	his	True	-11	16	220	220	220	220	268	336	336	672	-11	his	False	P	False	3	1	1	0
9071	227	13	64	0	his	True	-11	17	0	0	0	0	152	264	264	1252	-11	his	False	P	False	3	1	1	1
9073	227	13	29	0	his	True	-11	19	0	0	0	0	436	536	536	1260	-11	his	False	P	False	3	1	1	1
9074	227	13	188	0	his	True	-11	20	284	284	284	284	136	136	384	1160	-11	his	False	P	False	3	1	1	0
9075	227	13	130	0	his	True	-11	21	0	0	0	0	164	164	164	164	-11	his	False	P	False	3	1	1	1
9077	227	13	18	0	his	True	-11	23	0	0	0	0	276	276	1200	7868	-11	his	False	P	False	3	1	1	1
9078	227	13	171	0	his	True	-11	24	0	0	0	0	248	248	248	768	-11	his	False	P	False	3	1	1	1
9079	227	13	141	0	his	True	-11	25	0	0	0	0	252	424	920	1448	-11	his	False	P	False	3	1	1	1
9081	227	13	70	0	his	True	-11	28	476	824	824	824	328	328	328	540	-11	his	False	P	False	3	1	1	0
9082	227	13	16	0	his	True	-11	29	0	0	0	0	216	216	512	768	-11	his	False	P	False	3	1	1	1
9083	227	13	138	0	his	True	-11	30	124	124	124	124	368	368	928	1684	-11	his	False	P	False	3	1	1	0
9086	227	13	33	0	his	True	-11	33	96	96	360	612	164	164	480	3376	-11	his	False	P	False	3	1	1	0
9087	227	13	188	0	his	True	-11	34	0	0	0	0	284	632	632	632	-11	his	False	P	False	3	1	1	1
9088	227	13	157	0	his	True	-11	35	0	0	0	0	216	216	216	216	-11	his	False	P	False	3	1	1	1
9089	227	13	12	0	his	True	-11	36	216	216	216	216	164	164	164	436	-11	his	False	P	False	3	1	1	0
9090	227	13	57	0	his	True	-11	37	124	124	124	124	284	284	284	676	-11	his	False	P	False	3	1	1	0
9091	227	13	200	0	his	True	-11	38	0	0	0	0	192	192	192	192	-11	his	False	P	False	3	1	1	1
9092	227	13	13	0	his	True	-11	39	152	152	152	152	152	152	152	428	-11	his	False	P	False	3	1	1	0
9093	227	13	64	0	his	True	-11	40	148	268	268	268	96	96	96	1392	-11	his	False	P	False	3	1	1	0
9094	227	13	140	0	his	True	-11	41	216	216	216	216	164	164	164	256	-11	his	False	P	False	3	1	1	0
9095	227	13	136	0	his	True	-11	42	0	0	0	0	160	160	292	1128	-11	his	False	P	False	3	1	1	1
9096	227	13	40	0	his	True	-11	43	192	404	404	404	148	148	148	148	-11	his	False	P	False	3	1	1	0
9220	230	5	101	0	his	True	-4	1	248	248	248	248	224	224	448	608	-4	his	False	P	False	3	1	1	0
9221	230	5	102	0	his	True	-4	2	0	0	0	0	256	256	256	548	-4	his	False	P	False	3	1	1	1
9222	230	5	47	0	his	True	-4	3	164	164	164	324	208	208	208	208	-4	his	False	P	False	3	1	1	0
9223	230	5	7	0	his	True	-4	4	276	276	276	276	200	200	200	200	-4	his	False	P	False	3	1	1	0
9224	230	5	174	0	his	True	-4	5	312	312	312	312	200	200	200	200	-4	his	False	P	False	3	1	1	0
9225	230	5	105	0	his	True	-4	6	0	0	0	0	112	112	112	112	-4	his	False	P	False	3	1	1	1
9226	230	5	54	0	his	True	-4	7	0	0	0	0	184	184	184	356	-4	his	False	P	False	3	1	1	1
9227	230	5	141	0	his	True	-4	8	196	196	196	196	252	252	252	252	-4	his	False	P	False	3	1	1	0
9229	230	5	50	0	his	True	-4	11	128	128	128	128	276	276	276	276	-4	his	False	P	False	3	1	1	0
9230	230	5	150	0	his	True	-4	12	0	0	0	0	264	264	264	264	-4	his	False	P	False	3	1	1	1
9231	230	5	88	0	his	True	-4	13	0	0	0	0	200	200	200	200	-4	his	False	P	False	3	1	1	1
9232	230	5	200	0	his	True	-4	14	340	612	612	612	200	464	464	464	-4	his	False	P	False	3	1	1	0
9233	230	5	195	0	his	True	-4	15	164	164	164	164	120	120	120	120	-4	his	False	P	False	3	1	1	0
9234	230	5	157	0	his	True	-4	16	152	152	152	152	196	196	196	196	-4	his	False	P	False	3	1	1	0
9235	230	5	21	0	his	True	-4	17	144	144	144	144	132	132	132	132	-4	his	False	P	False	3	1	1	0
9237	230	5	188	0	his	True	-4	19	152	152	152	152	204	204	204	204	-4	his	False	P	False	3	1	1	0
9238	230	5	33	0	his	True	-4	20	100	100	100	100	144	144	144	728	-4	his	False	P	False	3	1	1	0
9239	230	5	125	0	his	True	-4	21	140	140	140	140	232	232	232	232	-4	his	False	P	False	3	1	1	0
9240	230	5	95	0	his	True	-4	22	184	184	184	184	336	336	336	336	-4	his	False	P	False	3	1	1	0
9241	230	5	156	0	his	True	-4	23	176	176	176	176	340	512	512	512	-4	his	False	P	False	3	1	1	0
9242	230	5	107	0	his	True	-4	24	156	156	156	156	148	148	148	348	-4	his	False	P	False	3	1	1	0
9243	230	5	170	0	his	True	-4	25	216	216	216	216	212	212	212	212	-4	his	False	P	False	3	1	1	0
9244	230	5	52	0	his	True	-4	27	260	260	260	260	172	372	372	372	-4	his	False	P	False	3	1	1	0
9245	230	5	160	0	his	True	-4	28	328	328	328	328	232	232	232	232	-4	his	False	P	False	3	1	1	0
9246	230	5	17	0	his	True	-4	29	100	100	100	100	124	124	344	932	-4	his	False	P	False	3	1	1	0
9247	230	5	177	0	his	True	-4	30	188	188	188	188	164	280	280	280	-4	his	False	P	False	3	1	1	0
9248	230	5	124	0	his	True	-4	31	0	0	0	0	164	164	164	164	-4	his	False	P	False	3	1	1	1
9249	230	5	83	0	his	True	-4	32	132	132	132	132	228	228	228	228	-4	his	False	P	False	3	1	1	0
9250	230	5	181	0	his	True	-4	33	168	168	168	168	88	88	88	88	-4	his	False	P	False	3	1	1	0
9251	230	5	75	0	his	True	-4	34	164	164	164	164	216	216	216	216	-4	his	False	P	False	3	1	1	0
9252	230	5	128	0	his	True	-4	35	200	200	200	200	192	192	192	192	-4	his	False	P	False	3	1	1	0
9253	230	5	188	0	his	True	-4	36	0	0	0	0	180	180	180	180	-4	his	False	P	False	3	1	1	1
9254	230	5	77	0	his	True	-4	37	0	0	0	0	192	280	280	280	-4	his	False	P	False	3	1	1	1
9255	230	5	186	0	his	True	-4	38	0	0	0	0	268	268	268	268	-4	his	False	P	False	3	1	1	1
9256	230	5	2	0	his	True	-4	39	108	108	108	108	36	36	36	36	-4	his	False	P	False	3	1	1	0
9259	230	5	9	0	his	True	-4	42	220	220	220	220	132	132	196	348	-4	his	False	P	False	3	1	1	0
9260	230	5	158	0	his	True	-4	43	232	232	232	232	232	232	232	232	-4	his	False	P	False	3	1	1	0
9261	230	8	101	0	he	True	-3	1	0	0	0	0	276	276	276	276	-3	he	False	O	False	2	2	1	1
9262	230	8	102	0	he	True	-3	2	156	156	156	156	188	188	188	188	-3	he	False	O	False	2	2	1	0
9263	230	8	47	0	he	True	-3	3	0	0	0	0	156	320	320	320	-3	he	False	O	False	2	2	1	1
9264	230	8	7	0	he	True	-3	4	244	244	244	244	288	288	288	288	-3	he	False	O	False	2	2	1	0
9265	230	8	174	0	he	True	-3	5	364	364	672	1320	220	220	220	220	-3	he	False	O	False	2	2	1	0
9267	230	8	54	0	he	True	-3	7	148	148	148	148	96	96	96	96	-3	he	False	O	False	2	2	1	0
9268	230	8	141	0	he	True	-3	8	0	0	0	0	196	196	196	196	-3	he	False	O	False	2	2	1	1
9269	230	8	118	0	he	True	-3	10	0	0	0	0	280	280	280	280	-3	he	False	O	False	2	2	1	1
9270	230	8	50	0	he	True	-3	11	0	0	0	0	136	136	136	136	-3	he	False	O	False	2	2	1	1
9271	230	8	150	0	he	True	-3	12	0	0	0	0	392	392	392	392	-3	he	False	O	False	2	2	1	1
9272	230	8	88	0	he	True	-3	13	0	0	0	0	116	116	116	116	-3	he	False	O	False	2	2	1	1
9273	230	8	200	0	he	True	-3	14	0	0	0	0	160	364	364	364	-3	he	False	O	False	2	2	1	1
9274	230	8	195	0	he	True	-3	15	0	0	0	0	144	144	144	144	-3	he	False	O	False	2	2	1	1
9275	230	8	157	0	he	True	-3	16	0	0	0	0	188	188	188	188	-3	he	False	O	False	2	2	1	1
9276	230	8	21	0	he	True	-3	17	168	168	168	168	176	176	176	176	-3	he	False	O	False	2	2	1	0
9277	230	8	24	0	he	True	-3	18	200	200	200	200	156	156	156	156	-3	he	False	O	False	2	2	1	0
9278	230	8	188	0	he	True	-3	19	84	84	84	84	184	184	184	184	-3	he	False	O	False	2	2	1	0
9279	230	8	33	0	he	True	-3	20	0	0	0	0	128	128	128	128	-3	he	False	O	False	2	2	1	1
9280	230	8	125	0	he	True	-3	21	0	0	0	0	300	300	300	300	-3	he	False	O	False	2	2	1	1
9281	230	8	95	0	he	True	-3	22	0	0	0	0	368	368	368	368	-3	he	False	O	False	2	2	1	1
9282	230	8	156	0	he	True	-3	23	180	180	180	180	168	440	440	440	-3	he	False	O	False	2	2	1	0
9283	230	8	107	0	he	True	-3	24	0	0	0	0	188	188	188	188	-3	he	False	O	False	2	2	1	1
9284	230	8	170	0	he	True	-3	25	140	140	140	404	164	404	404	404	-3	he	False	O	False	2	2	1	0
9285	230	8	52	0	he	True	-3	27	0	0	0	0	156	156	156	156	-3	he	False	O	False	2	2	1	1
9286	230	8	160	0	he	True	-3	28	140	140	140	432	180	180	180	180	-3	he	False	O	False	2	2	1	0
9287	230	8	17	0	he	True	-3	29	192	192	192	192	200	200	200	200	-3	he	False	O	False	2	2	1	0
9288	230	8	177	0	he	True	-3	30	248	248	248	248	120	120	120	120	-3	he	False	O	False	2	2	1	0
9289	230	8	124	0	he	True	-3	31	0	0	0	0	156	156	156	156	-3	he	False	O	False	2	2	1	1
9290	230	8	83	0	he	True	-3	32	0	0	0	0	176	444	444	444	-3	he	False	O	False	2	2	1	1
9291	230	8	181	0	he	True	-3	33	0	0	0	0	204	204	204	204	-3	he	False	O	False	2	2	1	1
9292	230	8	75	0	he	True	-3	34	0	0	0	0	132	132	132	132	-3	he	False	O	False	2	2	1	1
9293	230	8	128	0	he	True	-3	35	192	192	192	192	168	168	168	168	-3	he	False	O	False	2	2	1	0
9294	230	8	188	0	he	True	-3	36	0	0	0	0	232	232	232	232	-3	he	False	O	False	2	2	1	1
9295	230	8	77	0	he	True	-3	37	0	0	0	0	240	240	240	240	-3	he	False	O	False	2	2	1	1
9296	230	8	186	0	he	True	-3	38	176	176	176	176	252	252	252	252	-3	he	False	O	False	2	2	1	0
9297	230	8	2	0	he	True	-3	39	0	0	0	0	144	144	144	144	-3	he	False	O	False	2	2	1	1
9298	230	8	191	0	he	True	-3	40	152	152	152	152	148	148	148	368	-3	he	False	O	False	2	2	1	0
9300	230	8	9	0	he	True	-3	42	220	220	220	220	164	164	164	164	-3	he	False	O	False	2	2	1	0
9301	230	8	158	0	he	True	-3	43	0	0	0	0	248	248	248	248	-3	he	False	O	False	2	2	1	1
9302	230	10	101	0	his	True	-2	1	0	0	0	0	236	336	336	336	-2	his	False	P	False	3	3	1	1
9303	230	10	102	0	his	True	-2	2	0	0	0	0	188	188	188	188	-2	his	False	P	False	3	3	1	1
9304	230	10	47	0	his	True	-2	3	0	0	0	0	208	208	208	208	-2	his	False	P	False	3	3	1	1
9305	230	10	7	0	his	True	-2	4	0	0	0	0	164	164	164	164	-2	his	False	P	False	3	3	1	1
9306	230	10	174	0	his	True	-2	5	228	228	228	228	432	432	432	432	-2	his	False	P	False	3	3	1	0
9308	230	10	54	0	his	True	-2	7	0	0	0	0	108	108	108	108	-2	his	False	P	False	3	3	1	1
9309	230	10	141	0	his	True	-2	8	244	244	244	388	252	252	252	252	-2	his	False	P	False	3	3	1	0
9310	230	10	118	0	his	True	-2	10	260	260	260	260	128	128	128	128	-2	his	False	P	False	3	3	1	0
9312	230	10	150	0	his	True	-2	12	0	0	0	0	220	220	220	220	-2	his	False	P	False	3	3	1	1
9314	230	10	200	0	his	True	-2	14	0	0	0	0	204	204	696	2680	-2	his	False	P	False	3	3	1	1
9316	230	10	157	0	his	True	-2	16	164	164	164	164	152	152	152	152	-2	his	False	P	False	3	3	1	0
9317	230	10	21	0	his	True	-2	17	0	0	0	0	240	240	240	240	-2	his	False	P	False	3	3	1	1
9318	230	10	24	0	his	True	-2	18	0	0	0	0	228	228	228	228	-2	his	False	P	False	3	3	1	1
9319	230	10	188	0	his	True	-2	19	0	0	0	0	132	224	224	224	-2	his	False	P	False	3	3	1	1
9322	230	10	95	0	his	True	-2	22	0	0	0	0	200	200	200	200	-2	his	False	P	False	3	3	1	1
9323	230	10	156	0	his	True	-2	23	0	0	0	0	184	380	380	380	-2	his	False	P	False	3	3	1	1
9324	230	10	107	0	his	True	-2	24	0	0	0	0	196	196	196	196	-2	his	False	P	False	3	3	1	1
9325	230	10	170	0	his	True	-2	25	0	0	0	0	156	156	156	156	-2	his	False	P	False	3	3	1	1
9326	230	10	52	0	his	True	-2	27	216	364	364	364	148	148	148	148	-2	his	False	P	False	3	3	1	0
9327	230	10	160	0	his	True	-2	28	156	156	156	156	192	344	344	344	-2	his	False	P	False	3	3	1	0
9328	230	10	17	0	his	True	-2	29	0	0	0	0	168	168	168	168	-2	his	False	P	False	3	3	1	1
9329	230	10	177	0	his	True	-2	30	0	0	0	0	356	356	356	356	-2	his	False	P	False	3	3	1	1
9331	230	10	83	0	his	True	-2	32	0	0	0	0	232	344	344	536	-2	his	False	P	False	3	3	1	1
9332	230	10	181	0	his	True	-2	33	0	0	0	0	160	160	360	408	-2	his	False	P	False	3	3	1	1
9334	230	10	128	0	his	True	-2	35	0	0	0	0	168	168	168	168	-2	his	False	P	False	3	3	1	1
9336	230	10	77	0	his	True	-2	37	216	216	216	288	176	176	176	176	-2	his	False	P	False	3	3	1	0
9340	230	10	112	0	his	True	-2	41	160	160	160	160	240	240	240	240	-2	his	False	P	False	3	3	1	0
9341	230	10	9	0	his	True	-2	42	0	0	0	0	176	176	176	176	-2	his	False	P	False	3	3	1	1
9342	230	10	158	0	his	True	-2	43	128	128	128	128	168	168	168	168	-2	his	False	P	False	3	3	1	0
9546	246	11	9	0	it	False	-9	1	0	0	0	0	292	292	292	292	-9	it	False	O	False	2	0	1	1
9547	246	11	14	0	it	False	-9	2	0	0	0	0	164	164	164	348	-9	it	False	O	False	2	0	1	1
9548	246	11	108	0	it	False	-9	3	192	316	316	316	176	176	176	176	-9	it	False	O	False	2	0	1	0
9549	246	11	127	0	it	False	-9	4	176	176	176	176	176	176	176	176	-9	it	False	O	False	2	0	1	0
9551	246	11	15	0	it	False	-9	6	0	0	0	0	244	244	244	244	-9	it	False	O	False	2	0	1	1
9553	246	11	118	0	it	False	-9	8	244	244	244	244	136	136	136	136	-9	it	False	O	False	2	0	1	0
9554	246	11	2	0	it	False	-9	10	136	136	136	136	108	108	108	108	-9	it	False	O	False	2	0	1	0
9555	246	11	165	0	it	False	-9	11	148	148	148	148	156	156	156	156	-9	it	False	O	False	2	0	1	0
9558	246	11	49	0	it	False	-9	14	192	192	192	192	212	212	212	212	-9	it	False	O	False	2	0	1	0
9559	246	11	88	0	it	False	-9	15	0	0	0	0	228	228	228	228	-9	it	False	O	False	2	0	1	1
9560	246	11	47	0	it	False	-9	16	0	0	0	0	160	160	160	160	-9	it	False	O	False	2	0	1	1
9561	246	11	46	0	it	False	-9	17	0	0	0	0	320	320	320	320	-9	it	False	O	False	2	0	1	1
9562	246	11	55	0	it	False	-9	18	0	0	0	0	300	300	300	300	-9	it	False	O	False	2	0	1	1
9563	246	11	80	0	it	False	-9	19	0	0	0	0	164	164	164	164	-9	it	False	O	False	2	0	1	1
9565	246	11	113	0	it	False	-9	21	212	376	376	376	124	124	124	124	-9	it	False	O	False	2	0	1	0
9566	246	11	58	0	it	False	-9	22	176	176	176	176	276	276	276	276	-9	it	False	O	False	2	0	1	0
9567	246	11	28	0	it	False	-9	23	0	0	0	0	148	348	348	348	-9	it	False	O	False	2	0	1	1
9568	246	11	116	0	it	False	-9	24	216	216	216	216	164	164	164	164	-9	it	False	O	False	2	0	1	0
9570	246	11	103	0	it	False	-9	27	0	0	0	0	220	220	220	220	-9	it	False	O	False	2	0	1	1
9571	246	11	116	0	it	False	-9	28	316	316	316	316	200	200	200	200	-9	it	False	O	False	2	0	1	0
9572	246	11	185	0	it	False	-9	29	180	180	180	180	216	216	216	216	-9	it	False	O	False	2	0	1	0
9573	246	11	72	0	it	False	-9	30	160	160	160	160	168	168	168	168	-9	it	False	O	False	2	0	1	0
9575	246	11	45	0	it	False	-9	32	0	0	0	0	168	312	312	312	-9	it	False	O	False	2	0	1	1
9576	246	11	95	0	it	False	-9	33	0	0	0	0	208	340	340	340	-9	it	False	O	False	2	0	1	1
9577	246	11	145	0	it	False	-9	34	0	0	0	0	164	164	164	164	-9	it	False	O	False	2	0	1	1
9578	246	11	62	0	it	False	-9	35	0	0	0	0	192	192	192	192	-9	it	False	O	False	2	0	1	1
9580	246	11	60	0	it	False	-9	37	200	200	200	476	148	148	148	148	-9	it	False	O	False	2	0	1	0
9583	246	11	133	0	it	False	-9	40	0	0	0	0	164	164	164	164	-9	it	False	O	False	2	0	1	1
9584	246	11	95	0	it	False	-9	41	0	0	0	0	296	296	296	296	-9	it	False	O	False	2	0	1	1
9586	246	11	23	0	it	False	-9	43	140	140	140	140	156	156	156	156	-9	it	False	O	False	2	0	1	0
