	sent_nr	word_pos	sent_pos	last_word	token	sent_has_unresolved	distance	subj_nr	rt_ff	rt_fp	rt_rb	rt_gp	spill_ff	spill_fp	spill_rb	spill_gp	inverse_distance	clean_token	reflexive	ana_category	multiple_drefs	word_length	num_prev_anas	resolved	target_skipped
42	3	4	166	0	his	True	-3	2	152	152	152	276	316	316	316	316	-3	his	False	P	False	3	1	1	0
43	3	4	142	0	his	True	-3	3	116	116	116	688	0	0	0	0	-3	his	False	P	False	3	1	1	0
44	3	4	36	0	his	True	-3	4	264	264	780	916	216	216	216	216	-3	his	False	P	False	3	1	1	0
47	3	4	48	0	his	True	-3	7	168	168	168	704	208	208	940	2716	-3	his	False	P	False	3	1	1	0
48	3	4	7	0	his	True	-3	8	276	276	428	784	148	148	148	1024	-3	his	False	P	False	3	1	1	0
50	3	4	135	0	his	True	-3	11	260	260	260	260	252	252	252	252	-3	his	False	P	False	3	1	1	0
51	3	4	164	0	his	True	-3	12	192	192	192	192	200	200	432	1236	-3	his	False	P	False	3	1	1	0
53	3	4	48	0	his	True	-3	14	176	176	176	176	156	156	156	156	-3	his	False	P	False	3	1	1	0
54	3	4	13	0	his	True	-3	15	200	360	360	584	96	96	96	96	-3	his	False	P	False	3	1	1	0
55	3	4	22	0	his	True	-3	16	220	428	428	428	336	1232	1232	1232	-3	his	False	P	False	3	1	1	0
58	3	4	89	0	his	True	-3	19	204	204	204	384	0	0	0	0	-3	his	False	P	False	3	1	1	0
59	3	4	57	0	his	True	-3	20	212	212	296	464	220	220	220	448	-3	his	False	P	False	3	1	1	0
62	3	4	50	0	his	True	-3	23	176	176	176	176	368	840	840	1020	-3	his	False	P	False	3	1	1	0
64	3	4	140	0	his	True	-3	25	260	260	260	260	164	164	164	164	-3	his	False	P	False	3	1	1	0
65	3	4	45	0	his	True	-3	27	140	140	140	776	332	332	332	332	-3	his	False	P	False	3	1	1	0
68	3	4	151	0	his	True	-3	30	164	164	164	164	192	192	192	192	-3	his	False	P	False	3	1	1	0
69	3	4	57	0	his	True	-3	31	152	152	152	220	104	188	188	188	-3	his	False	P	False	3	1	1	0
70	3	4	156	0	his	True	-3	32	164	164	164	164	272	272	272	524	-3	his	False	P	False	3	1	1	0
73	3	4	29	0	his	True	-3	35	188	188	188	188	476	636	636	636	-3	his	False	P	False	3	1	1	0
75	3	4	194	0	his	True	-3	37	88	368	576	1068	188	188	188	188	-3	his	False	P	False	3	1	1	0
76	3	4	114	0	his	True	-3	38	216	216	216	360	188	188	188	348	-3	his	False	P	False	3	1	1	0
78	3	4	20	0	his	True	-3	40	292	476	604	1336	0	0	0	0	-3	his	False	P	False	3	1	1	0
79	3	4	185	0	his	True	-3	41	212	212	428	1172	148	148	148	148	-3	his	False	P	False	3	1	1	0
161	14	5	53	0	his	True	?	1	220	220	220	220	160	160	160	328	?	his	False	P	False	3	0	0	0
162	14	5	29	0	his	True	?	2	88	88	88	980	0	0	0	0	?	his	False	P	False	3	0	0	0
163	14	5	193	0	his	True	?	3	168	576	576	740	0	0	0	0	?	his	False	P	False	3	0	0	0
164	14	5	177	0	his	True	?	4	548	548	548	856	0	0	0	0	?	his	False	P	False	3	0	0	0
165	14	5	4	0	his	True	?	5	236	236	480	2868	712	712	712	712	?	his	False	P	False	3	0	0	0
166	14	5	5	0	his	True	?	6	368	368	368	368	0	0	0	0	?	his	False	P	False	3	0	0	0
168	14	5	4	0	his	True	?	8	340	340	340	340	184	184	184	924	?	his	False	P	False	3	0	0	0
169	14	5	60	0	his	True	?	10	192	192	192	192	156	156	156	1536	?	his	False	P	False	3	0	0	0
170	14	5	10	0	his	True	?	11	148	148	148	148	396	396	396	676	?	his	False	P	False	3	0	0	0
171	14	5	201	0	his	True	?	12	288	288	288	1480	0	0	0	0	?	his	False	P	False	3	0	0	0
174	14	5	155	0	his	True	?	15	132	132	352	768	0	0	0	0	?	his	False	P	False	3	0	0	0
175	14	5	181	0	his	True	?	16	196	556	556	556	248	1024	1024	1024	?	his	False	P	False	3	0	0	0
176	14	5	17	0	his	True	?	17	296	296	296	296	128	128	128	520	?	his	False	P	False	3	0	0	0
177	14	5	108	0	his	True	?	18	240	240	240	424	0	0	0	0	?	his	False	P	False	3	0	0	0
178	14	5	200	0	his	True	?	19	220	220	220	220	68	68	68	1012	?	his	False	P	False	3	0	0	0
179	14	5	54	0	his	True	?	20	248	248	248	248	192	192	192	468	?	his	False	P	False	3	0	0	0
182	14	5	92	0	his	True	?	23	192	192	192	192	256	256	1528	4404	?	his	False	P	False	3	0	0	0
183	14	5	175	0	his	True	?	24	144	272	272	272	0	0	0	0	?	his	False	P	False	3	0	0	0
184	14	5	154	0	his	True	?	25	148	148	148	148	104	104	876	2012	?	his	False	P	False	3	0	0	0
185	14	5	166	0	his	True	?	27	128	128	128	640	528	528	528	528	?	his	False	P	False	3	0	0	0
186	14	5	127	0	his	True	?	28	820	820	820	820	188	188	188	404	?	his	False	P	False	3	0	0	0
187	14	5	74	0	his	True	?	29	172	284	284	284	728	728	728	728	?	his	False	P	False	3	0	0	0
188	14	5	173	0	his	True	?	30	248	248	248	248	312	312	312	712	?	his	False	P	False	3	0	0	0
190	14	5	78	0	his	True	?	32	280	280	280	464	0	0	0	0	?	his	False	P	False	3	0	0	0
191	14	5	142	0	his	True	?	33	132	132	232	400	196	196	796	1564	?	his	False	P	False	3	0	0	0
192	14	5	1	0	his	True	?	34	296	296	296	296	0	0	0	0	?	his	False	P	False	3	0	0	0
193	14	5	1	0	his	True	?	35	144	144	144	144	632	632	632	632	?	his	False	P	False	3	0	0	0
194	14	5	115	0	his	True	?	36	152	152	520	816	0	0	0	0	?	his	False	P	False	3	0	0	0
195	14	5	126	0	his	True	?	37	156	456	604	1372	256	256	256	708	?	his	False	P	False	3	0	0	0
196	14	5	108	0	his	True	?	38	188	188	188	304	296	296	640	996	?	his	False	P	False	3	0	0	0
197	14	5	96	0	his	True	?	39	196	224	224	416	180	180	180	180	?	his	False	P	False	3	0	0	0
198	14	5	160	0	his	True	?	41	232	232	232	232	100	100	296	992	?	his	False	P	False	3	0	0	0
200	14	5	163	0	his	True	?	43	164	164	308	592	0	0	0	0	?	his	False	P	False	3	0	0	0
201	16	3	15	0	his	False	-2	1	260	260	260	260	164	164	164	164	-2	his	False	P	False	3	0	1	0
202	16	3	101	0	his	False	-2	2	136	136	136	136	128	128	128	128	-2	his	False	P	False	3	0	1	0
203	16	3	59	0	his	False	-2	3	168	168	168	168	248	248	248	248	-2	his	False	P	False	3	0	1	0
204	16	3	148	0	his	False	-2	4	148	148	148	148	332	332	332	332	-2	his	False	P	False	3	0	1	0
205	16	3	72	0	his	False	-2	5	164	164	164	164	192	192	192	192	-2	his	False	P	False	3	0	1	0
206	16	3	192	0	his	False	-2	6	124	124	124	124	0	0	0	0	-2	his	False	P	False	3	0	1	0
207	16	3	195	0	his	False	-2	7	160	160	160	160	0	0	0	0	-2	his	False	P	False	3	0	1	0
208	16	3	22	0	his	False	-2	8	196	196	196	196	140	140	140	140	-2	his	False	P	False	3	0	1	0
209	16	3	5	0	his	False	-2	9	196	196	196	196	164	164	164	164	-2	his	False	P	False	3	0	1	0
210	16	3	86	0	his	False	-2	10	156	156	156	156	68	68	68	68	-2	his	False	P	False	3	0	1	0
211	16	3	16	0	his	False	-2	11	136	136	136	136	216	216	216	216	-2	his	False	P	False	3	0	1	0
213	16	3	139	0	his	False	-2	13	184	184	184	184	0	0	0	0	-2	his	False	P	False	3	0	1	0
214	16	3	177	0	his	False	-2	14	256	256	256	256	0	0	0	0	-2	his	False	P	False	3	0	1	0
215	16	3	142	0	his	False	-2	15	196	196	196	196	0	0	0	0	-2	his	False	P	False	3	0	1	0
216	16	3	113	0	his	False	-2	16	212	212	212	212	164	164	164	164	-2	his	False	P	False	3	0	1	0
218	16	3	45	0	his	False	-2	18	252	252	252	252	136	136	136	136	-2	his	False	P	False	3	0	1	0
219	16	3	8	0	his	False	-2	19	160	160	160	160	236	236	236	236	-2	his	False	P	False	3	0	1	0
221	16	3	55	0	his	False	-2	21	212	212	400	708	120	120	120	120	-2	his	False	P	False	3	0	1	0
222	16	3	101	0	his	False	-2	22	168	388	388	388	0	0	0	0	-2	his	False	P	False	3	0	1	0
223	16	3	103	0	his	False	-2	23	132	288	288	288	264	264	264	264	-2	his	False	P	False	3	0	1	0
224	16	3	40	0	his	False	-2	24	160	160	160	160	204	204	204	204	-2	his	False	P	False	3	0	1	0
225	16	3	166	0	his	False	-2	25	136	136	136	136	148	148	148	148	-2	his	False	P	False	3	0	1	0
226	16	3	26	0	his	False	-2	27	72	72	72	552	300	300	300	300	-2	his	False	P	False	3	0	1	0
228	16	3	97	0	his	False	-2	29	180	180	180	180	188	188	188	188	-2	his	False	P	False	3	0	1	0
229	16	3	70	0	his	False	-2	30	276	276	488	744	212	212	212	212	-2	his	False	P	False	3	0	1	0
230	16	3	136	0	his	False	-2	31	144	144	144	144	120	120	120	120	-2	his	False	P	False	3	0	1	0
231	16	3	41	0	his	False	-2	32	184	184	184	184	200	200	200	200	-2	his	False	P	False	3	0	1	0
232	16	3	2	0	his	False	-2	33	188	188	188	188	136	136	136	136	-2	his	False	P	False	3	0	1	0
233	16	3	92	0	his	False	-2	34	220	220	220	432	212	424	424	424	-2	his	False	P	False	3	0	1	0
235	16	3	186	0	his	False	-2	36	180	180	180	180	252	252	252	656	-2	his	False	P	False	3	0	1	0
236	16	3	49	0	his	False	-2	37	212	212	212	212	128	128	128	128	-2	his	False	P	False	3	0	1	0
243	17	4	158	0	his	False	-3	1	188	344	344	344	136	136	136	136	-3	his	False	P	False	3	0	1	0
244	17	4	197	0	his	False	-3	2	168	168	168	168	0	0	0	0	-3	his	False	P	False	3	0	1	0
245	17	4	122	0	his	False	-3	3	144	144	144	312	184	184	184	184	-3	his	False	P	False	3	0	1	0
246	17	4	5	0	his	False	-3	4	88	172	172	172	288	288	476	640	-3	his	False	P	False	3	0	1	0
248	17	4	86	0	his	False	-3	6	184	184	184	184	444	444	444	444	-3	his	False	P	False	3	0	1	0
250	17	4	51	0	his	False	-3	8	196	196	196	196	248	248	248	516	-3	his	False	P	False	3	0	1	0
252	17	4	37	0	his	False	-3	11	124	124	124	124	132	132	132	132	-3	his	False	P	False	3	0	1	0
253	17	4	143	0	his	False	-3	12	224	224	224	576	116	116	116	116	-3	his	False	P	False	3	0	1	0
254	17	4	52	0	his	False	-3	13	208	208	208	208	168	168	168	168	-3	his	False	P	False	3	0	1	0
255	17	4	22	0	his	False	-3	14	208	208	208	208	216	216	216	216	-3	his	False	P	False	3	0	1	0
257	17	4	169	0	his	False	-3	16	240	412	412	412	216	464	464	464	-3	his	False	P	False	3	0	1	0
258	17	4	86	0	his	False	-3	17	292	292	292	292	172	308	308	308	-3	his	False	P	False	3	0	1	0
259	17	4	115	0	his	False	-3	18	208	208	208	208	0	0	0	0	-3	his	False	P	False	3	0	1	0
260	17	4	205	0	his	False	-3	19	244	244	244	244	168	168	344	812	-3	his	False	P	False	3	0	1	0
263	17	4	52	0	his	False	-3	22	288	288	288	288	196	196	196	196	-3	his	False	P	False	3	0	1	0
264	17	4	75	0	his	False	-3	23	184	184	184	184	200	200	200	200	-3	his	False	P	False	3	0	1	0
266	17	4	103	0	his	False	-3	25	164	316	316	316	192	192	192	192	-3	his	False	P	False	3	0	1	0
267	17	4	195	0	his	False	-3	27	228	228	228	228	28	28	212	428	-3	his	False	P	False	3	0	1	0
268	17	4	77	0	his	False	-3	28	140	140	268	544	160	160	160	160	-3	his	False	P	False	3	0	1	0
272	17	4	138	0	his	False	-3	32	208	444	444	720	168	168	168	168	-3	his	False	P	False	3	0	1	0
273	17	4	46	0	his	False	-3	33	136	136	136	316	124	124	124	124	-3	his	False	P	False	3	0	1	0
274	17	4	69	0	his	False	-3	34	252	252	252	252	252	252	252	252	-3	his	False	P	False	3	0	1	0
275	17	4	102	0	his	False	-3	35	144	144	144	144	156	156	156	156	-3	his	False	P	False	3	0	1	0
277	17	4	112	0	his	False	-3	37	156	156	156	212	240	240	240	240	-3	his	False	P	False	3	0	1	0
278	17	4	82	0	his	False	-3	38	248	248	248	248	144	144	144	144	-3	his	False	P	False	3	0	1	0
280	17	4	47	0	his	False	-3	40	140	140	140	140	140	140	140	140	-3	his	False	P	False	3	0	1	0
283	17	4	28	0	his	False	-3	43	180	180	180	180	228	228	228	228	-3	his	False	P	False	3	0	1	0
325	18	5	33	0	his	True	-4	1	248	248	248	248	264	264	264	264	-4	his	False	P	False	3	1	1	0
326	18	5	120	0	his	True	-4	2	156	156	344	568	0	0	0	0	-4	his	False	P	False	3	1	1	0
327	18	5	75	0	his	True	-4	3	144	336	336	336	0	0	0	0	-4	his	False	P	False	3	1	1	0
328	18	5	105	0	his	True	-4	4	644	644	644	644	0	0	0	0	-4	his	False	P	False	3	1	1	0
330	18	5	46	0	his	True	-4	6	176	176	176	176	80	80	80	80	-4	his	False	P	False	3	1	1	0
331	18	5	107	0	his	True	-4	7	80	80	572	1660	0	0	0	0	-4	his	False	P	False	3	1	1	0
332	18	5	153	0	his	True	-4	8	212	212	212	212	0	0	0	0	-4	his	False	P	False	3	1	1	0
333	18	5	135	0	his	True	-4	10	336	336	336	336	244	524	524	1364	-4	his	False	P	False	3	1	1	0
334	18	5	201	0	his	True	-4	11	196	196	196	308	108	108	108	108	-4	his	False	P	False	3	1	1	0
335	18	5	177	0	his	True	-4	12	128	128	128	996	0	0	0	0	-4	his	False	P	False	3	1	1	0
337	18	5	149	0	his	True	-4	14	288	288	288	500	0	0	0	0	-4	his	False	P	False	3	1	1	0
338	18	5	36	0	his	True	-4	15	232	232	336	720	0	0	0	0	-4	his	False	P	False	3	1	1	0
339	18	5	38	0	his	True	-4	16	248	248	248	248	172	580	580	580	-4	his	False	P	False	3	1	1	0
340	18	5	84	0	his	True	-4	17	172	172	172	172	116	116	116	484	-4	his	False	P	False	3	1	1	0
341	18	5	147	0	his	True	-4	18	204	292	292	292	0	0	0	0	-4	his	False	P	False	3	1	1	0
342	18	5	51	0	his	True	-4	19	64	64	296	1200	152	152	152	636	-4	his	False	P	False	3	1	1	0
346	18	5	175	0	his	True	-4	23	172	172	172	172	176	176	1052	2192	-4	his	False	P	False	3	1	1	0
347	18	5	136	0	his	True	-4	24	440	440	440	440	276	276	276	276	-4	his	False	P	False	3	1	1	0
348	18	5	158	0	his	True	-4	25	220	220	220	336	104	104	104	104	-4	his	False	P	False	3	1	1	0
349	18	5	13	0	his	True	-4	27	308	308	308	308	280	280	280	280	-4	his	False	P	False	3	1	1	0
350	18	5	157	0	his	True	-4	28	324	324	324	324	148	148	148	840	-4	his	False	P	False	3	1	1	0
351	18	5	203	0	his	True	-4	29	196	196	196	276	348	348	348	348	-4	his	False	P	False	3	1	1	0
354	18	5	203	0	his	True	-4	32	164	164	164	164	0	0	0	0	-4	his	False	P	False	3	1	1	0
355	18	5	29	0	his	True	-4	33	176	176	268	672	132	132	132	1976	-4	his	False	P	False	3	1	1	0
356	18	5	58	0	his	True	-4	34	168	168	168	1280	0	0	0	0	-4	his	False	P	False	3	1	1	0
358	18	5	22	0	his	True	-4	36	236	236	236	904	0	0	0	0	-4	his	False	P	False	3	1	1	0
359	18	5	188	0	his	True	-4	37	176	176	176	176	140	140	140	324	-4	his	False	P	False	3	1	1	0
360	18	5	141	0	his	True	-4	38	192	192	192	192	88	88	88	88	-4	his	False	P	False	3	1	1	0
363	18	5	136	0	his	True	-4	41	312	312	312	312	372	372	372	372	-4	his	False	P	False	3	1	1	0
364	18	5	184	0	his	True	-4	42	204	204	204	812	0	0	0	0	-4	his	False	P	False	3	1	1	0
365	18	5	195	0	his	True	-4	43	148	148	148	348	188	188	188	188	-4	his	False	P	False	3	1	1	0
447	20	3	106	0	his	True	-2	1	168	296	296	296	0	0	0	0	-2	his	False	P	False	3	1	1	0
448	20	3	202	0	his	True	-2	2	160	160	160	320	276	276	276	276	-2	his	False	P	False	3	1	1	0
449	20	3	120	0	his	True	-2	3	204	340	340	340	0	0	0	0	-2	his	False	P	False	3	1	1	0
450	20	3	102	0	his	True	-2	4	196	196	196	460	220	220	220	220	-2	his	False	P	False	3	1	1	0
451	20	3	131	0	his	True	-2	5	268	268	268	744	432	432	432	432	-2	his	False	P	False	3	1	1	0
453	20	3	63	0	his	True	-2	7	72	172	172	172	0	0	0	0	-2	his	False	P	False	3	1	1	0
454	20	3	139	0	his	True	-2	8	188	188	188	188	204	204	204	204	-2	his	False	P	False	3	1	1	0
456	20	3	197	0	his	True	-2	11	156	156	156	156	156	156	156	156	-2	his	False	P	False	3	1	1	0
458	20	3	67	0	his	True	-2	13	200	200	200	412	236	236	236	236	-2	his	False	P	False	3	1	1	0
459	20	3	203	0	his	True	-2	14	204	204	204	204	244	244	244	244	-2	his	False	P	False	3	1	1	0
460	20	3	40	0	his	True	-2	15	44	264	264	264	164	404	508	720	-2	his	False	P	False	3	1	1	0
461	20	3	103	0	his	True	-2	16	152	152	152	152	192	192	192	192	-2	his	False	P	False	3	1	1	0
464	20	3	72	0	his	True	-2	19	180	180	180	180	204	204	204	960	-2	his	False	P	False	3	1	1	0
465	20	3	105	0	his	True	-2	20	156	156	156	156	188	188	188	188	-2	his	False	P	False	3	1	1	0
467	20	3	203	0	his	True	-2	22	184	184	184	184	188	188	188	188	-2	his	False	P	False	3	1	1	0
468	20	3	200	0	his	True	-2	23	192	192	192	852	0	0	0	0	-2	his	False	P	False	3	1	1	0
469	20	3	90	0	his	True	-2	24	168	168	168	168	196	196	196	196	-2	his	False	P	False	3	1	1	0
471	20	3	173	0	his	True	-2	27	272	272	272	272	168	284	284	688	-2	his	False	P	False	3	1	1	0
473	20	3	153	0	his	True	-2	29	148	148	148	148	156	156	156	156	-2	his	False	P	False	3	1	1	0
474	20	3	199	0	his	True	-2	30	172	172	552	836	0	0	0	0	-2	his	False	P	False	3	1	1	0
475	20	3	200	0	his	True	-2	31	52	52	52	52	172	172	172	172	-2	his	False	P	False	3	1	1	0
476	20	3	14	0	his	True	-2	32	224	224	404	652	116	116	116	116	-2	his	False	P	False	3	1	1	0
477	20	3	119	0	his	True	-2	33	176	176	176	176	140	140	140	140	-2	his	False	P	False	3	1	1	0
478	20	3	127	0	his	True	-2	34	148	148	148	148	352	352	352	352	-2	his	False	P	False	3	1	1	0
479	20	3	175	0	his	True	-2	35	280	352	352	352	280	280	280	280	-2	his	False	P	False	3	1	1	0
480	20	3	143	0	his	True	-2	36	360	360	360	360	0	0	0	0	-2	his	False	P	False	3	1	1	0
481	20	3	78	0	his	True	-2	37	204	204	204	568	168	168	168	168	-2	his	False	P	False	3	1	1	0
482	20	3	113	0	his	True	-2	38	232	280	280	280	0	0	0	0	-2	his	False	P	False	3	1	1	0
485	20	3	5	0	his	True	-2	42	200	200	200	200	304	304	304	520	-2	his	False	P	False	3	1	1	0
486	20	3	162	0	his	True	-2	43	224	224	224	224	160	160	160	160	-2	his	False	P	False	3	1	1	0
528	21	3	114	0	his	True	-2	1	244	244	244	244	148	148	444	1140	-2	his	False	P	False	3	1	1	0
529	21	3	44	0	his	True	-2	2	92	92	92	92	80	80	264	564	-2	his	False	P	False	3	1	1	0
530	21	3	10	0	his	True	-2	3	212	380	380	380	132	132	132	132	-2	his	False	P	False	3	1	1	0
532	21	3	15	0	his	True	-2	5	240	240	456	1128	144	144	144	144	-2	his	False	P	False	3	1	1	0
534	21	3	86	0	his	True	-2	7	156	156	156	156	0	0	0	0	-2	his	False	P	False	3	1	1	0
535	21	3	86	0	his	True	-2	8	180	180	180	180	200	200	200	200	-2	his	False	P	False	3	1	1	0
536	21	3	146	0	his	True	-2	10	140	140	140	140	128	128	128	128	-2	his	False	P	False	3	1	1	0
537	21	3	70	0	his	True	-2	11	152	152	152	152	136	136	136	136	-2	his	False	P	False	3	1	1	0
538	21	3	36	0	his	True	-2	12	116	116	116	116	224	224	224	224	-2	his	False	P	False	3	1	1	0
539	21	3	142	0	his	True	-2	13	180	180	180	180	156	156	156	156	-2	his	False	P	False	3	1	1	0
541	21	3	30	0	his	True	-2	15	256	256	256	412	232	232	232	232	-2	his	False	P	False	3	1	1	0
542	21	3	48	0	his	True	-2	16	192	192	192	192	144	144	144	144	-2	his	False	P	False	3	1	1	0
543	21	3	155	0	his	True	-2	17	136	136	136	136	244	400	400	684	-2	his	False	P	False	3	1	1	0
545	21	3	42	0	his	True	-2	19	72	72	72	72	296	296	296	432	-2	his	False	P	False	3	1	1	0
547	21	3	63	0	his	True	-2	21	144	144	144	144	52	52	52	52	-2	his	False	P	False	3	1	1	0
549	21	3	138	0	his	True	-2	23	120	120	120	120	220	220	220	220	-2	his	False	P	False	3	1	1	0
550	21	3	146	0	his	True	-2	24	152	152	152	152	164	164	164	164	-2	his	False	P	False	3	1	1	0
553	21	3	87	0	his	True	-2	28	140	276	276	276	212	212	212	212	-2	his	False	P	False	3	1	1	0
555	21	3	95	0	his	True	-2	30	280	280	280	280	164	164	164	164	-2	his	False	P	False	3	1	1	0
557	21	3	154	0	his	True	-2	32	264	264	264	264	236	236	236	236	-2	his	False	P	False	3	1	1	0
558	21	3	128	0	his	True	-2	33	160	160	160	160	144	144	144	144	-2	his	False	P	False	3	1	1	0
559	21	3	152	0	his	True	-2	34	164	164	164	164	0	0	0	0	-2	his	False	P	False	3	1	1	0
560	21	3	95	0	his	True	-2	35	116	116	116	116	584	584	792	2312	-2	his	False	P	False	3	1	1	0
562	21	3	190	0	his	True	-2	37	124	124	124	124	180	180	180	180	-2	his	False	P	False	3	1	1	0
565	21	3	67	0	his	True	-2	40	224	224	224	224	304	304	304	304	-2	his	False	P	False	3	1	1	0
568	21	3	93	0	his	True	-2	43	128	128	128	128	212	212	212	212	-2	his	False	P	False	3	1	1	0
854	32	5	138	0	our	True	-4	1	256	256	256	764	0	0	0	0	-4	our	False	P	True	3	1	1	0
855	32	5	70	0	our	True	-4	2	176	176	700	864	0	0	0	0	-4	our	False	P	True	3	1	1	0
856	32	5	87	0	our	True	-4	3	156	348	348	348	0	0	0	0	-4	our	False	P	True	3	1	1	0
857	32	5	26	0	our	True	-4	4	132	132	1100	1220	0	0	0	0	-4	our	False	P	True	3	1	1	0
858	32	5	115	0	our	True	-4	5	304	304	304	1544	0	0	0	0	-4	our	False	P	True	3	1	1	0
859	32	5	72	0	our	True	-4	6	312	312	312	312	248	248	248	248	-4	our	False	P	True	3	1	1	0
860	32	5	73	0	our	True	-4	7	140	140	304	664	0	0	0	0	-4	our	False	P	True	3	1	1	0
861	32	5	31	0	our	True	-4	8	180	180	180	660	0	0	0	0	-4	our	False	P	True	3	1	1	0
862	32	5	58	0	our	True	-4	10	192	192	408	940	196	196	196	1104	-4	our	False	P	True	3	1	1	0
863	32	5	188	0	our	True	-4	11	280	280	280	680	0	0	0	0	-4	our	False	P	True	3	1	1	0
864	32	5	23	0	our	True	-4	12	192	192	192	772	0	0	0	0	-4	our	False	P	True	3	1	1	0
865	32	5	23	0	our	True	-4	13	184	184	184	184	504	504	504	504	-4	our	False	P	True	3	1	1	0
867	32	5	117	0	our	True	-4	15	640	640	640	640	0	0	0	0	-4	our	False	P	True	3	1	1	0
868	32	5	43	0	our	True	-4	16	216	744	1336	1556	0	0	0	0	-4	our	False	P	True	3	1	1	0
869	32	5	135	0	our	True	-4	18	276	276	276	276	292	292	292	292	-4	our	False	P	True	3	1	1	0
870	32	5	82	0	our	True	-4	19	260	260	260	260	412	412	412	636	-4	our	False	P	True	3	1	1	0
872	32	5	71	0	our	True	-4	21	124	124	124	124	232	232	232	1248	-4	our	False	P	True	3	1	1	0
874	32	5	186	0	our	True	-4	23	376	376	376	376	428	1520	1520	1520	-4	our	False	P	True	3	1	1	0
875	32	5	56	0	our	True	-4	24	168	168	168	168	396	396	396	396	-4	our	False	P	True	3	1	1	0
876	32	5	49	0	our	True	-4	25	200	200	200	340	180	180	180	180	-4	our	False	P	True	3	1	1	0
877	32	5	144	0	our	True	-4	27	260	828	828	828	0	0	0	0	-4	our	False	P	True	3	1	1	0
878	32	5	14	0	our	True	-4	28	192	192	192	192	168	168	168	292	-4	our	False	P	True	3	1	1	0
879	32	5	98	0	our	True	-4	29	180	180	180	180	152	152	152	572	-4	our	False	P	True	3	1	1	0
880	32	5	172	0	our	True	-4	30	248	248	248	864	0	0	0	0	-4	our	False	P	True	3	1	1	0
881	32	5	169	0	our	True	-4	31	140	140	140	140	0	0	0	0	-4	our	False	P	True	3	1	1	0
882	32	5	95	0	our	True	-4	32	176	176	176	176	316	316	316	316	-4	our	False	P	True	3	1	1	0
883	32	5	22	0	our	True	-4	33	236	236	236	652	200	744	744	744	-4	our	False	P	True	3	1	1	0
884	32	5	74	0	our	True	-4	34	996	996	996	996	0	0	0	0	-4	our	False	P	True	3	1	1	0
885	32	5	28	0	our	True	-4	35	156	156	156	156	560	560	560	560	-4	our	False	P	True	3	1	1	0
886	32	5	164	0	our	True	-4	36	204	204	204	616	0	0	0	0	-4	our	False	P	True	3	1	1	0
887	32	5	118	0	our	True	-4	37	184	184	468	668	0	0	0	0	-4	our	False	P	True	3	1	1	0
888	32	5	184	0	our	True	-4	38	212	212	212	264	320	320	320	320	-4	our	False	P	True	3	1	1	0
889	32	5	188	0	our	True	-4	39	140	140	232	452	148	148	148	320	-4	our	False	P	True	3	1	1	0
891	32	5	121	0	our	True	-4	41	100	100	300	636	148	148	148	148	-4	our	False	P	True	3	1	1	0
893	32	5	153	0	our	True	-4	43	212	212	212	212	144	144	144	472	-4	our	False	P	True	3	1	1	0
935	35	6	107	0	this	True	?	2	148	148	148	148	636	636	636	636	?	this	False	O	False	4	0	0	0
936	35	6	92	0	this	True	?	3	200	200	200	200	404	404	404	404	?	this	False	O	False	4	0	0	0
937	35	6	199	0	this	True	?	4	156	304	304	756	0	0	0	0	?	this	False	O	False	4	0	0	0
938	35	6	88	0	this	True	?	5	140	140	140	140	140	140	140	1548	?	this	False	O	False	4	0	0	0
940	35	6	15	0	this	True	?	7	124	124	124	124	132	132	560	2832	?	this	False	O	False	4	0	0	0
941	35	6	38	0	this	True	?	8	220	220	220	220	348	348	348	348	?	this	False	O	False	4	0	0	0
942	35	6	159	0	this	True	?	10	152	152	152	152	180	180	268	1556	?	this	False	O	False	4	0	0	0
943	35	6	18	0	this	True	?	11	276	732	732	732	0	0	0	0	?	this	False	O	False	4	0	0	0
944	35	6	195	0	this	True	?	12	152	244	244	996	0	0	0	0	?	this	False	O	False	4	0	0	0
945	35	6	80	0	this	True	?	13	248	248	248	248	68	68	68	68	?	this	False	O	False	4	0	0	0
946	35	6	62	0	this	True	?	14	196	196	916	1108	0	0	0	0	?	this	False	O	False	4	0	0	0
948	35	6	34	0	this	True	?	16	236	236	236	376	256	768	768	768	?	this	False	O	False	4	0	0	0
951	35	6	153	0	this	True	?	19	228	228	228	528	0	0	0	0	?	this	False	O	False	4	0	0	0
954	35	6	198	0	this	True	?	22	192	192	192	192	296	296	296	296	?	this	False	O	False	4	0	0	0
955	35	6	168	0	this	True	?	23	208	208	208	208	428	576	576	1084	?	this	False	O	False	4	0	0	0
957	35	6	186	0	this	True	?	25	192	192	192	192	240	240	240	480	?	this	False	O	False	4	0	0	0
958	35	6	81	0	this	True	?	27	216	216	1152	2500	0	0	0	0	?	this	False	O	False	4	0	0	0
959	35	6	203	0	this	True	?	28	1328	1724	1724	1724	32	340	340	340	?	this	False	O	False	4	0	0	0
961	35	6	144	0	this	True	?	30	244	244	568	996	368	400	400	752	?	this	False	O	False	4	0	0	0
964	35	6	115	0	this	True	?	33	192	192	192	192	172	288	288	604	?	this	False	O	False	4	0	0	0
966	35	6	14	0	this	True	?	35	172	172	172	172	232	232	232	628	?	this	False	O	False	4	0	0	0
968	35	6	175	0	this	True	?	37	236	540	540	540	0	0	0	0	?	this	False	O	False	4	0	0	0
972	35	6	200	0	this	True	?	41	192	608	608	608	0	0	0	0	?	this	False	O	False	4	0	0	0
974	35	6	166	0	this	True	?	43	312	312	312	312	252	252	252	620	?	this	False	O	False	4	0	0	0
978	36	6	151	0	us	True	?	4	192	192	192	192	144	944	944	944	?	us	False	O	False	2	0	0	0
979	36	6	159	0	us	True	?	5	252	252	252	848	0	0	0	0	?	us	False	O	False	2	0	0	0
982	36	6	112	0	us	True	?	8	180	180	180	180	344	344	344	344	?	us	False	O	False	2	0	0	0
983	36	6	191	0	us	True	?	10	208	208	208	208	148	1300	1300	1300	?	us	False	O	False	2	0	0	0
984	36	6	173	0	us	True	?	11	284	284	284	716	276	276	276	276	?	us	False	O	False	2	0	0	0
988	36	6	144	0	us	True	?	15	180	180	180	180	748	748	748	748	?	us	False	O	False	2	0	0	0
989	36	6	55	0	us	True	?	16	404	548	548	548	552	552	552	552	?	us	False	O	False	2	0	0	0
992	36	6	4	0	us	True	?	19	228	228	228	1032	60	60	780	832	?	us	False	O	False	2	0	0	0
996	36	6	33	0	us	True	?	23	176	176	176	176	216	216	1472	4416	?	us	False	O	False	2	0	0	0
999	36	6	188	0	us	True	?	27	300	300	300	300	436	436	436	436	?	us	False	O	False	2	0	0	0
1002	36	6	5	0	us	True	?	30	144	144	144	144	168	168	328	1348	?	us	False	O	False	2	0	0	0
1003	36	6	104	0	us	True	?	31	140	140	140	140	208	208	208	208	?	us	False	O	False	2	0	0	0
1005	36	6	198	0	us	True	?	33	148	148	148	148	108	108	108	1112	?	us	False	O	False	2	0	0	0
1008	36	6	78	0	us	True	?	36	256	256	256	256	160	160	160	440	?	us	False	O	False	2	0	0	0
1009	36	6	134	0	us	True	?	37	112	112	112	112	536	536	536	536	?	us	False	O	False	2	0	0	0
1012	36	6	200	0	us	True	?	40	140	140	140	140	88	88	88	88	?	us	False	O	False	2	0	0	0
1014	36	6	176	0	us	True	?	42	256	256	256	256	312	312	312	312	?	us	False	O	False	2	0	0	0
1015	36	6	49	0	us	True	?	43	248	248	248	248	608	608	608	608	?	us	False	O	False	2	0	0	0
1097	39	3	118	0	him	True	?	1	144	144	144	144	192	192	192	192	?	him	False	O	False	3	0	0	0
1099	39	3	71	0	him	True	?	3	144	144	144	144	152	332	332	332	?	him	False	O	False	3	0	0	0
1103	39	3	106	0	him	True	?	7	72	72	72	72	132	132	132	132	?	him	False	O	False	3	0	0	0
1104	39	3	65	0	him	True	?	8	204	204	204	204	276	276	276	276	?	him	False	O	False	3	0	0	0
1105	39	3	3	0	him	True	?	10	92	92	248	656	124	124	124	124	?	him	False	O	False	3	0	0	0
1106	39	3	44	0	him	True	?	11	152	152	152	152	112	112	112	112	?	him	False	O	False	3	0	0	0
1108	39	3	113	0	him	True	?	13	244	244	244	244	152	152	152	152	?	him	False	O	False	3	0	0	0
1111	39	3	96	0	him	True	?	16	184	184	184	184	356	356	356	356	?	him	False	O	False	3	0	0	0
1112	39	3	122	0	him	True	?	17	260	260	260	260	0	0	0	0	?	him	False	O	False	3	0	0	0
1114	39	3	66	0	him	True	?	19	168	168	168	168	120	120	120	120	?	him	False	O	False	3	0	0	0
1117	39	3	140	0	him	True	?	22	176	176	176	176	292	292	292	292	?	him	False	O	False	3	0	0	0
1118	39	3	150	0	him	True	?	23	192	192	192	192	244	244	244	244	?	him	False	O	False	3	0	0	0
1119	39	3	64	0	him	True	?	24	296	296	296	296	160	160	160	160	?	him	False	O	False	3	0	0	0
1121	39	3	190	0	him	True	?	27	232	232	232	232	296	296	296	296	?	him	False	O	False	3	0	0	0
1122	39	3	78	0	him	True	?	28	184	356	356	356	216	216	216	216	?	him	False	O	False	3	0	0	0
1125	39	3	127	0	him	True	?	31	208	208	208	208	68	68	68	68	?	him	False	O	False	3	0	0	0
1126	39	3	82	0	him	True	?	32	188	188	188	188	244	244	244	244	?	him	False	O	False	3	0	0	0
1127	39	3	82	0	him	True	?	33	180	180	180	180	252	252	252	252	?	him	False	O	False	3	0	0	0
1128	39	3	22	0	him	True	?	34	228	456	456	456	248	248	248	248	?	him	False	O	False	3	0	0	0
1129	39	3	86	0	him	True	?	35	156	156	156	156	168	168	168	168	?	him	False	O	False	3	0	0	0
1130	39	3	9	0	him	True	?	36	248	248	248	384	0	0	0	0	?	him	False	O	False	3	0	0	0
1131	39	3	103	0	him	True	?	37	132	132	132	132	180	180	180	180	?	him	False	O	False	3	0	0	0
1137	39	3	131	0	him	True	?	43	172	172	172	172	188	188	188	188	?	him	False	O	False	3	0	0	0
1138	42	5	26	0	he	False	-4	1	216	216	216	216	412	412	412	412	-4	he	False	O	False	2	0	1	0
1139	42	5	145	0	he	False	-4	2	212	212	212	212	268	344	344	648	-4	he	False	O	False	2	0	1	0
1141	42	5	94	0	he	False	-4	4	144	144	144	144	180	228	620	1296	-4	he	False	O	False	2	0	1	0
1145	42	5	56	0	he	False	-4	8	312	312	312	312	260	260	260	260	-4	he	False	O	False	2	0	1	0
1146	42	5	1	0	he	False	-4	10	120	120	120	120	144	144	1040	2336	-4	he	False	O	False	2	0	1	0
1147	42	5	4	0	he	False	-4	11	148	148	148	148	132	736	736	736	-4	he	False	O	False	2	0	1	0
1150	42	5	82	0	he	False	-4	14	248	248	248	248	196	196	692	1068	-4	he	False	O	False	2	0	1	0
1151	42	5	124	0	he	False	-4	15	224	224	804	976	0	0	0	0	-4	he	False	O	False	2	0	1	0
1152	42	5	194	0	he	False	-4	16	224	224	224	224	204	204	204	380	-4	he	False	O	False	2	0	1	0
1153	42	5	177	0	he	False	-4	18	256	256	256	256	444	444	444	444	-4	he	False	O	False	2	0	1	0
1156	42	5	60	0	he	False	-4	21	200	200	200	520	308	308	308	308	-4	he	False	O	False	2	0	1	0
1161	42	5	167	0	he	False	-4	27	216	216	216	216	172	484	484	484	-4	he	False	O	False	2	0	1	0
1162	42	5	102	0	he	False	-4	28	164	164	164	164	164	164	164	164	-4	he	False	O	False	2	0	1	0
1163	42	5	113	0	he	False	-4	29	160	160	160	160	184	184	184	184	-4	he	False	O	False	2	0	1	0
1164	42	5	102	0	he	False	-4	30	160	476	476	476	220	220	220	220	-4	he	False	O	False	2	0	1	0
1165	42	5	25	0	he	False	-4	31	132	132	132	340	96	96	96	96	-4	he	False	O	False	2	0	1	0
1166	42	5	38	0	he	False	-4	32	148	148	148	148	356	356	356	356	-4	he	False	O	False	2	0	1	0
1168	42	5	204	0	he	False	-4	34	156	156	156	392	0	0	0	0	-4	he	False	O	False	2	0	1	0
1169	42	5	194	0	he	False	-4	35	184	184	184	184	136	136	136	136	-4	he	False	O	False	2	0	1	0
1170	42	5	203	0	he	False	-4	36	168	168	168	168	152	152	152	152	-4	he	False	O	False	2	0	1	0
1171	42	5	120	0	he	False	-4	37	124	124	124	124	184	184	184	184	-4	he	False	O	False	2	0	1	0
1172	42	5	63	0	he	False	-4	38	168	168	168	168	172	172	172	172	-4	he	False	O	False	2	0	1	0
1178	43	6	124	0	his	False	-5	1	204	204	204	204	456	456	456	456	-5	his	False	P	False	3	0	1	0
1179	43	6	41	0	his	False	-5	2	152	360	360	360	0	0	0	0	-5	his	False	P	False	3	0	1	0
1180	43	6	16	0	his	False	-5	3	464	464	464	464	248	248	248	600	-5	his	False	P	False	3	0	1	0
1181	43	6	178	0	his	False	-5	4	192	192	192	192	196	196	196	868	-5	his	False	P	False	3	0	1	0
1184	43	6	6	0	his	False	-5	7	164	164	320	668	0	0	0	0	-5	his	False	P	False	3	0	1	0
1185	43	6	173	0	his	False	-5	8	272	272	272	272	0	0	0	0	-5	his	False	P	False	3	0	1	0
1186	43	6	10	0	his	False	-5	9	68	68	68	68	344	524	1032	1672	-5	his	False	P	False	3	0	1	0
1188	43	6	60	0	his	False	-5	11	224	224	224	224	188	188	188	656	-5	his	False	P	False	3	0	1	0
1189	43	6	202	0	his	False	-5	12	148	148	284	800	0	0	0	0	-5	his	False	P	False	3	0	1	0
1190	43	6	11	0	his	False	-5	13	260	260	260	260	0	0	0	0	-5	his	False	P	False	3	0	1	0
1192	43	6	28	0	his	False	-5	15	252	252	252	252	0	0	0	0	-5	his	False	P	False	3	0	1	0
1194	43	6	114	0	his	False	-5	17	360	360	360	2920	0	0	0	0	-5	his	False	P	False	3	0	1	0
1195	43	6	25	0	his	False	-5	18	204	204	204	204	148	148	148	288	-5	his	False	P	False	3	0	1	0
1196	43	6	115	0	his	False	-5	19	220	220	220	220	184	184	184	184	-5	his	False	P	False	3	0	1	0
1198	43	6	32	0	his	False	-5	21	120	120	240	396	104	104	528	1720	-5	his	False	P	False	3	0	1	0
1199	43	6	120	0	his	False	-5	22	216	216	216	216	0	0	0	0	-5	his	False	P	False	3	0	1	0
1200	43	6	160	0	his	False	-5	23	172	172	172	172	396	656	656	656	-5	his	False	P	False	3	0	1	0
1201	43	6	68	0	his	False	-5	24	264	264	264	588	0	0	0	0	-5	his	False	P	False	3	0	1	0
1203	43	6	138	0	his	False	-5	27	196	196	196	196	124	668	668	668	-5	his	False	P	False	3	0	1	0
1204	43	6	8	0	his	False	-5	28	156	324	324	324	440	440	440	792	-5	his	False	P	False	3	0	1	0
1205	43	6	64	0	his	False	-5	29	136	136	136	136	160	160	160	508	-5	his	False	P	False	3	0	1	0
1206	43	6	98	0	his	False	-5	30	492	492	492	492	0	0	0	0	-5	his	False	P	False	3	0	1	0
1208	43	6	132	0	his	False	-5	32	216	216	216	216	312	312	312	312	-5	his	False	P	False	3	0	1	0
1209	43	6	17	0	his	False	-5	33	172	172	344	836	260	260	260	836	-5	his	False	P	False	3	0	1	0
1210	43	6	5	0	his	False	-5	34	156	156	156	156	176	176	176	176	-5	his	False	P	False	3	0	1	0
1211	43	6	91	0	his	False	-5	35	324	324	324	736	0	0	0	0	-5	his	False	P	False	3	0	1	0
1212	43	6	153	0	his	False	-5	36	164	164	164	164	0	0	0	0	-5	his	False	P	False	3	0	1	0
1213	43	6	34	0	his	False	-5	37	300	396	396	580	0	0	0	0	-5	his	False	P	False	3	0	1	0
1214	43	6	192	0	his	False	-5	38	192	192	192	192	0	0	0	0	-5	his	False	P	False	3	0	1	0
1216	43	6	184	0	his	False	-5	40	208	368	368	368	0	0	0	0	-5	his	False	P	False	3	0	1	0
1217	43	6	17	0	his	False	-5	41	164	164	164	164	428	428	428	428	-5	his	False	P	False	3	0	1	0
1219	43	6	161	0	his	False	-5	43	152	300	300	300	260	260	260	504	-5	his	False	P	False	3	0	1	0
1220	45	6	96	0	his	False	-5	1	380	380	380	380	1032	1032	1032	1032	-5	his	False	P	False	3	0	1	0
1221	45	6	168	0	his	False	-5	2	208	208	208	208	0	0	0	0	-5	his	False	P	False	3	0	1	0
1222	45	6	196	0	his	False	-5	3	148	380	380	380	100	100	100	376	-5	his	False	P	False	3	0	1	0
1223	45	6	152	0	his	False	-5	4	120	120	120	120	396	592	592	592	-5	his	False	P	False	3	0	1	0
1225	45	6	37	0	his	False	-5	6	220	220	220	220	0	0	0	0	-5	his	False	P	False	3	0	1	0
1226	45	6	119	0	his	False	-5	7	160	160	160	1076	160	396	1720	2660	-5	his	False	P	False	3	0	1	0
1227	45	6	127	0	his	False	-5	8	208	208	208	208	0	0	0	0	-5	his	False	P	False	3	0	1	0
1228	45	6	35	0	his	False	-5	10	300	300	300	300	136	136	136	716	-5	his	False	P	False	3	0	1	0
1229	45	6	119	0	his	False	-5	11	196	196	196	196	0	0	0	0	-5	his	False	P	False	3	0	1	0
1231	45	6	28	0	his	False	-5	13	72	72	72	72	0	0	0	0	-5	his	False	P	False	3	0	1	0
1233	45	6	173	0	his	False	-5	15	164	164	328	932	0	0	0	0	-5	his	False	P	False	3	0	1	0
1234	45	6	187	0	his	False	-5	16	264	540	540	540	448	448	448	448	-5	his	False	P	False	3	0	1	0
1237	45	6	165	0	his	False	-5	19	172	196	196	1168	0	0	0	0	-5	his	False	P	False	3	0	1	0
1238	45	6	9	0	his	False	-5	20	244	244	436	740	108	108	108	808	-5	his	False	P	False	3	0	1	0
1239	45	6	161	0	his	False	-5	21	200	200	200	200	212	212	212	212	-5	his	False	P	False	3	0	1	0
1243	45	6	82	0	his	False	-5	25	212	212	212	448	0	0	0	0	-5	his	False	P	False	3	0	1	0
1244	45	6	57	0	his	False	-5	27	236	236	236	236	300	792	792	792	-5	his	False	P	False	3	0	1	0
1246	45	6	100	0	his	False	-5	29	240	240	240	240	144	144	144	144	-5	his	False	P	False	3	0	1	0
1247	45	6	164	0	his	False	-5	30	268	268	268	268	204	536	536	536	-5	his	False	P	False	3	0	1	0
1248	45	6	125	0	his	False	-5	31	204	204	204	204	92	92	92	92	-5	his	False	P	False	3	0	1	0
1249	45	6	81	0	his	False	-5	32	152	368	368	368	224	224	224	224	-5	his	False	P	False	3	0	1	0
1250	45	6	152	0	his	False	-5	33	176	176	316	576	116	116	116	116	-5	his	False	P	False	3	0	1	0
1251	45	6	141	0	his	False	-5	34	200	200	200	640	0	0	0	0	-5	his	False	P	False	3	0	1	0
1253	45	6	113	0	his	False	-5	36	244	244	244	452	0	0	0	0	-5	his	False	P	False	3	0	1	0
1254	45	6	32	0	his	False	-5	37	144	144	264	580	0	0	0	0	-5	his	False	P	False	3	0	1	0
1255	45	6	161	0	his	False	-5	38	104	104	104	104	0	0	0	0	-5	his	False	P	False	3	0	1	0
1257	45	6	15	0	his	False	-5	40	128	128	128	488	420	760	760	760	-5	his	False	P	False	3	0	1	0
1258	45	6	2	0	his	False	-5	41	188	672	672	672	0	0	0	0	-5	his	False	P	False	3	0	1	0
1260	45	6	172	0	his	False	-5	43	260	260	260	260	340	572	572	572	-5	his	False	P	False	3	0	1	0
1261	46	5	28	0	his	False	-4	1	296	296	296	296	148	148	296	1484	-4	his	False	P	False	3	0	1	0
1262	46	5	87	0	his	False	-4	2	252	252	252	252	24	24	136	236	-4	his	False	P	False	3	0	1	0
1263	46	5	157	0	his	False	-4	3	212	316	316	316	212	212	212	212	-4	his	False	P	False	3	0	1	0
1264	46	5	92	0	his	False	-4	4	176	176	176	176	152	152	572	900	-4	his	False	P	False	3	0	1	0
1265	46	5	161	0	his	False	-4	5	208	208	208	208	164	396	396	396	-4	his	False	P	False	3	0	1	0
1267	46	5	145	0	his	False	-4	7	160	160	160	160	80	80	80	1164	-4	his	False	P	False	3	0	1	0
1268	46	5	93	0	his	False	-4	8	224	224	224	224	152	152	152	152	-4	his	False	P	False	3	0	1	0
1269	46	5	81	0	his	False	-4	10	244	244	244	244	180	180	180	180	-4	his	False	P	False	3	0	1	0
1270	46	5	41	0	his	False	-4	11	164	164	164	164	168	344	344	344	-4	his	False	P	False	3	0	1	0
1272	46	5	15	0	his	False	-4	13	240	240	240	240	0	0	0	0	-4	his	False	P	False	3	0	1	0
1273	46	5	199	0	his	False	-4	14	272	272	272	272	176	176	176	176	-4	his	False	P	False	3	0	1	0
1275	46	5	200	0	his	False	-4	16	148	352	352	352	236	452	452	452	-4	his	False	P	False	3	0	1	0
1278	46	5	184	0	his	False	-4	19	136	328	328	328	132	132	132	132	-4	his	False	P	False	3	0	1	0
1279	46	5	160	0	his	False	-4	20	248	248	248	248	208	208	208	208	-4	his	False	P	False	3	0	1	0
1282	46	5	153	0	his	False	-4	23	272	272	272	272	64	64	536	1696	-4	his	False	P	False	3	0	1	0
1283	46	5	179	0	his	False	-4	24	280	280	344	564	520	520	520	520	-4	his	False	P	False	3	0	1	0
1284	46	5	89	0	his	False	-4	25	120	120	120	120	228	228	228	368	-4	his	False	P	False	3	0	1	0
1285	46	5	107	0	his	False	-4	27	232	420	420	420	420	420	420	420	-4	his	False	P	False	3	0	1	0
1287	46	5	147	0	his	False	-4	29	132	132	132	288	148	148	148	148	-4	his	False	P	False	3	0	1	0
1288	46	5	22	0	his	False	-4	30	256	256	256	256	300	300	300	300	-4	his	False	P	False	3	0	1	0
1289	46	5	12	0	his	False	-4	31	180	180	180	180	168	168	168	168	-4	his	False	P	False	3	0	1	0
1290	46	5	90	0	his	False	-4	32	212	212	212	212	136	136	136	136	-4	his	False	P	False	3	0	1	0
1291	46	5	74	0	his	False	-4	33	116	116	256	628	200	200	200	200	-4	his	False	P	False	3	0	1	0
1294	46	5	117	0	his	False	-4	36	276	276	276	500	0	0	0	0	-4	his	False	P	False	3	0	1	0
1297	46	5	134	0	his	False	-4	39	204	204	204	204	232	232	232	232	-4	his	False	P	False	3	0	1	0
1298	46	5	22	0	his	False	-4	40	188	324	456	556	132	132	132	132	-4	his	False	P	False	3	0	1	0
1301	46	5	32	0	his	False	-4	43	152	152	152	152	172	172	308	856	-4	his	False	P	False	3	0	1	0
1302	47	6	44	0	his	False	-5	1	524	524	524	524	1040	1040	1040	1040	-5	his	False	P	False	3	0	1	0
1303	47	6	190	0	his	False	-5	2	168	168	168	168	268	268	268	268	-5	his	False	P	False	3	0	1	0
1304	47	6	166	0	his	False	-5	3	260	260	260	260	0	0	0	0	-5	his	False	P	False	3	0	1	0
1307	47	6	50	0	his	False	-5	6	732	732	732	732	0	0	0	0	-5	his	False	P	False	3	0	1	0
1308	47	6	38	0	his	False	-5	7	136	136	136	592	196	196	340	1040	-5	his	False	P	False	3	0	1	0
1309	47	6	82	0	his	False	-5	8	392	392	392	392	0	0	0	0	-5	his	False	P	False	3	0	1	0
1310	47	6	61	0	his	False	-5	10	296	296	296	1808	0	0	0	0	-5	his	False	P	False	3	0	1	0
1311	47	6	169	0	his	False	-5	11	312	312	312	312	0	0	0	0	-5	his	False	P	False	3	0	1	0
1312	47	6	86	0	his	False	-5	12	320	320	320	1024	0	0	0	0	-5	his	False	P	False	3	0	1	0
1313	47	6	26	0	his	False	-5	13	336	336	336	336	396	656	656	656	-5	his	False	P	False	3	0	1	0
1314	47	6	61	0	his	False	-5	14	176	176	176	176	608	608	608	780	-5	his	False	P	False	3	0	1	0
1315	47	6	37	0	his	False	-5	15	356	356	356	356	0	0	0	0	-5	his	False	P	False	3	0	1	0
1316	47	6	162	0	his	False	-5	16	280	532	532	532	332	812	812	812	-5	his	False	P	False	3	0	1	0
1319	47	6	67	0	his	False	-5	19	176	176	176	176	136	136	136	724	-5	his	False	P	False	3	0	1	0
1320	47	6	137	0	his	False	-5	20	152	152	152	152	140	208	348	1980	-5	his	False	P	False	3	0	1	0
1322	47	6	179	0	his	False	-5	22	324	324	324	324	308	308	308	308	-5	his	False	P	False	3	0	1	0
1323	47	6	9	0	his	False	-5	23	244	244	408	660	356	1060	1060	3016	-5	his	False	P	False	3	0	1	0
1324	47	6	43	0	his	False	-5	24	520	520	520	520	0	0	0	0	-5	his	False	P	False	3	0	1	0
1327	47	6	7	0	his	False	-5	28	184	440	440	440	196	196	196	196	-5	his	False	P	False	3	0	1	0
1328	47	6	172	0	his	False	-5	29	388	388	388	388	316	316	316	636	-5	his	False	P	False	3	0	1	0
1329	47	6	64	0	his	False	-5	30	200	200	200	708	0	0	0	0	-5	his	False	P	False	3	0	1	0
1330	47	6	98	0	his	False	-5	31	144	144	144	144	0	0	0	0	-5	his	False	P	False	3	0	1	0
1331	47	6	125	0	his	False	-5	32	164	164	164	164	356	356	356	356	-5	his	False	P	False	3	0	1	0
1333	47	6	163	0	his	False	-5	34	728	1196	1196	1196	0	0	0	0	-5	his	False	P	False	3	0	1	0
1334	47	6	30	0	his	False	-5	35	200	200	200	200	416	416	416	416	-5	his	False	P	False	3	0	1	0
1336	47	6	108	0	his	False	-5	37	536	536	680	896	292	292	292	292	-5	his	False	P	False	3	0	1	0
1338	47	6	64	0	his	False	-5	39	256	256	444	1232	0	0	0	0	-5	his	False	P	False	3	0	1	0
1339	47	6	75	0	his	False	-5	40	264	264	264	264	260	484	484	756	-5	his	False	P	False	3	0	1	0
1340	47	6	150	0	his	False	-5	41	160	160	160	160	132	428	428	428	-5	his	False	P	False	3	0	1	0
1341	47	6	21	0	his	False	-5	42	288	288	288	288	376	720	720	720	-5	his	False	P	False	3	0	1	0
1342	47	6	171	0	his	False	-5	43	292	292	292	292	200	200	200	200	-5	his	False	P	False	3	0	1	0
1343	48	6	56	0	his	False	-5	1	248	248	248	248	728	728	728	728	-5	his	False	P	False	3	0	1	0
1344	48	6	136	0	his	False	-5	2	184	600	600	600	0	0	0	0	-5	his	False	P	False	3	0	1	0
1345	48	6	9	0	his	False	-5	3	184	340	340	1148	0	0	0	0	-5	his	False	P	False	3	0	1	0
1346	48	6	131	0	his	False	-5	4	172	172	172	288	264	264	264	264	-5	his	False	P	False	3	0	1	0
1347	48	6	114	0	his	False	-5	5	252	252	252	1188	0	0	0	0	-5	his	False	P	False	3	0	1	0
1349	48	6	46	0	his	False	-5	7	136	136	136	608	52	52	748	1232	-5	his	False	P	False	3	0	1	0
1350	48	6	88	0	his	False	-5	8	288	288	288	480	316	316	316	316	-5	his	False	P	False	3	0	1	0
1351	48	6	23	0	his	False	-5	10	268	268	268	268	184	184	184	1100	-5	his	False	P	False	3	0	1	0
1352	48	6	1	0	his	False	-5	11	176	320	320	320	296	296	296	704	-5	his	False	P	False	3	0	1	0
1353	48	6	154	0	his	False	-5	12	440	440	440	440	0	0	0	0	-5	his	False	P	False	3	0	1	0
1355	48	6	110	0	his	False	-5	14	204	204	204	204	336	336	336	336	-5	his	False	P	False	3	0	1	0
1356	48	6	20	0	his	False	-5	15	92	92	320	544	340	340	340	340	-5	his	False	P	False	3	0	1	0
1357	48	6	79	0	his	False	-5	16	192	192	192	192	292	2100	2100	2100	-5	his	False	P	False	3	0	1	0
1360	48	6	204	0	his	False	-5	19	260	260	260	924	0	0	0	0	-5	his	False	P	False	3	0	1	0
1363	48	6	11	0	his	False	-5	22	284	284	284	284	660	660	660	660	-5	his	False	P	False	3	0	1	0
1365	48	6	76	0	his	False	-5	24	460	460	460	460	364	364	364	364	-5	his	False	P	False	3	0	1	0
1367	48	6	60	0	his	False	-5	27	320	320	320	320	456	456	456	456	-5	his	False	P	False	3	0	1	0
1368	48	6	67	0	his	False	-5	28	364	364	364	364	432	432	432	432	-5	his	False	P	False	3	0	1	0
1370	48	6	146	0	his	False	-5	30	420	420	420	1372	0	0	0	0	-5	his	False	P	False	3	0	1	0
1372	48	6	191	0	his	False	-5	32	160	160	160	160	0	0	0	0	-5	his	False	P	False	3	0	1	0
1373	48	6	98	0	his	False	-5	33	184	184	184	184	204	204	204	204	-5	his	False	P	False	3	0	1	0
1374	48	6	183	0	his	False	-5	34	688	688	688	688	0	0	0	0	-5	his	False	P	False	3	0	1	0
1376	48	6	60	0	his	False	-5	36	256	256	256	520	0	0	0	0	-5	his	False	P	False	3	0	1	0
1377	48	6	168	0	his	False	-5	37	148	544	544	544	0	0	0	0	-5	his	False	P	False	3	0	1	0
1378	48	6	170	0	his	False	-5	38	400	868	868	868	0	0	0	0	-5	his	False	P	False	3	0	1	0
1379	48	6	89	0	his	False	-5	39	192	192	192	664	0	0	0	0	-5	his	False	P	False	3	0	1	0
1382	48	6	88	0	his	False	-5	42	160	160	160	160	228	228	228	652	-5	his	False	P	False	3	0	1	0
1383	48	6	167	0	his	False	-5	43	244	244	244	244	336	564	564	564	-5	his	False	P	False	3	0	1	0
1385	49	5	71	0	his	False	-4	2	184	184	184	184	140	140	140	140	-4	his	False	P	False	3	0	1	0
1386	49	5	97	0	his	False	-4	3	152	152	152	152	204	356	356	356	-4	his	False	P	False	3	0	1	0
1390	49	5	26	0	his	False	-4	7	84	84	84	84	0	0	0	0	-4	his	False	P	False	3	0	1	0
1391	49	5	55	0	his	False	-4	8	172	172	172	172	232	232	232	452	-4	his	False	P	False	3	0	1	0
1392	49	5	101	0	his	False	-4	10	140	140	140	140	152	152	152	152	-4	his	False	P	False	3	0	1	0
1393	49	5	45	0	his	False	-4	11	140	140	140	140	168	168	168	168	-4	his	False	P	False	3	0	1	0
1395	49	5	90	0	his	False	-4	13	216	216	216	216	284	284	284	284	-4	his	False	P	False	3	0	1	0
1396	49	5	91	0	his	False	-4	14	192	520	520	520	240	240	240	240	-4	his	False	P	False	3	0	1	0
1398	49	5	9	0	his	False	-4	16	160	160	160	160	208	208	208	496	-4	his	False	P	False	3	0	1	0
1399	49	5	175	0	his	False	-4	17	272	272	272	272	0	0	0	0	-4	his	False	P	False	3	0	1	0
1400	49	5	104	0	his	False	-4	18	180	180	180	180	188	188	188	320	-4	his	False	P	False	3	0	1	0
1403	49	5	16	0	his	False	-4	21	152	152	152	152	192	192	192	192	-4	his	False	P	False	3	0	1	0
1404	49	5	85	0	his	False	-4	22	192	192	192	192	228	228	228	228	-4	his	False	P	False	3	0	1	0
1405	49	5	94	0	his	False	-4	23	164	164	164	164	260	260	260	260	-4	his	False	P	False	3	0	1	0
1406	49	5	160	0	his	False	-4	24	472	472	472	472	252	252	252	396	-4	his	False	P	False	3	0	1	0
1409	49	5	187	0	his	False	-4	28	184	184	532	884	208	208	208	208	-4	his	False	P	False	3	0	1	0
1410	49	5	4	0	his	False	-4	29	132	132	132	132	184	184	184	184	-4	his	False	P	False	3	0	1	0
1411	49	5	6	0	his	False	-4	30	280	280	280	280	0	0	0	0	-4	his	False	P	False	3	0	1	0
1412	49	5	48	0	his	False	-4	31	148	148	148	148	0	0	0	0	-4	his	False	P	False	3	0	1	0
1413	49	5	70	0	his	False	-4	32	156	156	156	156	220	220	220	220	-4	his	False	P	False	3	0	1	0
1416	49	5	90	0	his	False	-4	35	172	172	172	172	184	184	184	184	-4	his	False	P	False	3	0	1	0
1418	49	5	59	0	his	False	-4	37	236	236	236	236	152	152	152	152	-4	his	False	P	False	3	0	1	0
1421	49	5	7	0	his	False	-4	40	192	192	372	764	188	188	188	188	-4	his	False	P	False	3	0	1	0
1423	49	5	42	0	his	False	-4	42	160	160	160	160	136	136	136	300	-4	his	False	P	False	3	0	1	0
1425	50	2	146	0	they	True	?	1	192	192	192	192	124	124	124	124	?	they	False	O	True	4	0	0	0
1426	50	2	53	0	they	True	?	2	204	204	204	204	172	308	368	492	?	they	False	O	True	4	0	0	0
1427	50	2	86	0	they	True	?	3	184	184	184	184	132	296	296	296	?	they	False	O	True	4	0	0	0
1431	50	2	159	0	they	True	?	7	140	140	140	140	180	180	180	180	?	they	False	O	True	4	0	0	0
1432	50	2	196	0	they	True	?	8	156	156	156	156	164	164	164	164	?	they	False	O	True	4	0	0	0
1433	50	2	93	0	they	True	?	10	272	272	272	476	180	304	304	304	?	they	False	O	True	4	0	0	0
1434	50	2	19	0	they	True	?	11	140	140	140	140	160	160	160	160	?	they	False	O	True	4	0	0	0
1435	50	2	162	0	they	True	?	12	156	156	156	156	132	132	132	132	?	they	False	O	True	4	0	0	0
1436	50	2	35	0	they	True	?	13	248	248	248	248	256	256	256	256	?	they	False	O	True	4	0	0	0
1437	50	2	102	0	they	True	?	14	172	172	172	172	0	0	0	0	?	they	False	O	True	4	0	0	0
1438	50	2	106	0	they	True	?	15	156	156	156	156	0	0	0	0	?	they	False	O	True	4	0	0	0
1439	50	2	118	0	they	True	?	16	168	384	384	384	184	184	184	184	?	they	False	O	True	4	0	0	0
1440	50	2	144	0	they	True	?	17	180	180	180	180	160	160	160	160	?	they	False	O	True	4	0	0	0
1442	50	2	199	0	they	True	?	19	176	176	176	176	180	180	180	180	?	they	False	O	True	4	0	0	0
1443	50	2	179	0	they	True	?	20	136	136	136	136	140	140	140	140	?	they	False	O	True	4	0	0	0
1445	50	2	118	0	they	True	?	22	148	292	292	292	148	148	148	148	?	they	False	O	True	4	0	0	0
1446	50	2	82	0	they	True	?	23	140	140	140	140	284	284	284	284	?	they	False	O	True	4	0	0	0
1448	50	2	163	0	they	True	?	25	244	244	412	680	156	156	156	156	?	they	False	O	True	4	0	0	0
1449	50	2	42	0	they	True	?	27	256	256	256	256	276	276	276	276	?	they	False	O	True	4	0	0	0
1450	50	2	61	0	they	True	?	28	264	264	264	264	360	524	524	524	?	they	False	O	True	4	0	0	0
1451	50	2	118	0	they	True	?	29	188	188	188	188	188	188	188	188	?	they	False	O	True	4	0	0	0
1452	50	2	108	0	they	True	?	30	256	256	256	256	520	580	580	580	?	they	False	O	True	4	0	0	0
1454	50	2	158	0	they	True	?	32	232	232	232	232	260	260	260	260	?	they	False	O	True	4	0	0	0
1455	50	2	148	0	they	True	?	33	192	364	364	364	172	172	172	172	?	they	False	O	True	4	0	0	0
1457	50	2	152	0	they	True	?	35	164	164	164	164	156	156	156	156	?	they	False	O	True	4	0	0	0
1458	50	2	141	0	they	True	?	36	196	196	196	196	124	124	124	124	?	they	False	O	True	4	0	0	0
1459	50	2	135	0	they	True	?	37	104	104	104	104	144	144	144	144	?	they	False	O	True	4	0	0	0
1460	50	2	142	0	they	True	?	38	308	308	308	308	0	0	0	0	?	they	False	O	True	4	0	0	0
1461	50	2	174	0	they	True	?	39	176	176	176	176	0	0	0	0	?	they	False	O	True	4	0	0	0
1464	50	2	37	0	they	True	?	42	172	172	172	172	148	148	148	148	?	they	False	O	True	4	0	0	0
1465	50	2	169	0	they	True	?	43	192	192	192	192	184	184	184	184	?	they	False	O	True	4	0	0	0
1548	52	6	50	0	her	True	-5	1	200	344	344	344	340	340	600	1892	-5	her	False	O	False	3	1	1	0
1549	52	6	167	0	her	True	-5	2	220	220	220	220	224	224	224	420	-5	her	False	O	False	3	1	1	0
1550	52	6	68	0	her	True	-5	3	200	200	200	408	0	0	0	0	-5	her	False	O	False	3	1	1	0
1551	52	6	35	0	her	True	-5	4	228	228	460	1400	396	396	396	396	-5	her	False	O	False	3	1	1	0
1553	52	6	122	0	her	True	-5	6	504	504	504	504	0	0	0	0	-5	her	False	O	False	3	1	1	0
1554	52	6	14	0	her	True	-5	7	176	176	176	368	180	180	944	2532	-5	her	False	O	False	3	1	1	0
1555	52	6	159	0	her	True	-5	8	1292	1292	1292	1292	0	0	0	0	-5	her	False	O	False	3	1	1	0
1556	52	6	198	0	her	True	-5	10	144	408	408	408	24	24	24	1284	-5	her	False	O	False	3	1	1	0
1557	52	6	48	0	her	True	-5	11	264	264	264	264	232	232	232	696	-5	her	False	O	False	3	1	1	0
1558	52	6	78	0	her	True	-5	12	688	688	688	688	0	0	0	0	-5	her	False	O	False	3	1	1	0
1559	52	6	14	0	her	True	-5	13	224	224	224	224	384	384	384	384	-5	her	False	O	False	3	1	1	0
1560	52	6	168	0	her	True	-5	14	208	208	536	724	0	0	0	0	-5	her	False	O	False	3	1	1	0
1561	52	6	200	0	her	True	-5	15	332	332	332	332	164	164	164	680	-5	her	False	O	False	3	1	1	0
1562	52	6	195	0	her	True	-5	16	288	288	288	288	264	484	484	484	-5	her	False	O	False	3	1	1	0
1563	52	6	105	0	her	True	-5	17	560	1068	1068	1068	0	0	0	0	-5	her	False	O	False	3	1	1	0
1565	52	6	142	0	her	True	-5	19	200	200	656	856	0	0	0	0	-5	her	False	O	False	3	1	1	0
1568	52	6	157	0	her	True	-5	22	256	256	256	408	0	0	0	0	-5	her	False	O	False	3	1	1	0
1569	52	6	20	0	her	True	-5	23	172	172	172	172	280	440	440	836	-5	her	False	O	False	3	1	1	0
1572	52	6	47	0	her	True	-5	27	232	232	580	1208	0	0	0	0	-5	her	False	O	False	3	1	1	0
1573	52	6	72	0	her	True	-5	28	172	172	172	172	368	368	368	368	-5	her	False	O	False	3	1	1	0
1574	52	6	131	0	her	True	-5	29	108	108	108	108	304	304	304	304	-5	her	False	O	False	3	1	1	0
1575	52	6	188	0	her	True	-5	30	256	256	256	256	408	408	408	408	-5	her	False	O	False	3	1	1	0
1577	52	6	13	0	her	True	-5	32	232	232	232	232	268	268	268	268	-5	her	False	O	False	3	1	1	0
1578	52	6	171	0	her	True	-5	33	328	328	328	328	0	0	0	0	-5	her	False	O	False	3	1	1	0
1579	52	6	131	0	her	True	-5	34	268	268	268	268	344	344	344	344	-5	her	False	O	False	3	1	1	0
1582	52	6	178	0	her	True	-5	37	176	176	176	176	368	368	368	604	-5	her	False	O	False	3	1	1	0
1584	52	6	201	0	her	True	-5	39	148	148	148	320	0	0	0	0	-5	her	False	O	False	3	1	1	0
1585	52	6	17	0	her	True	-5	40	268	268	268	268	232	232	324	532	-5	her	False	O	False	3	1	1	0
1586	52	6	66	0	her	True	-5	41	212	212	212	452	368	368	368	368	-5	her	False	O	False	3	1	1	0
1587	52	6	61	0	her	True	-5	42	232	232	232	232	512	512	512	512	-5	her	False	O	False	3	1	1	0
1588	52	6	94	0	her	True	-5	43	232	232	428	812	0	0	0	0	-5	her	False	O	False	3	1	1	0
1672	59	3	198	0	he	True	?	1	204	204	204	204	224	224	224	224	?	he	False	O	False	2	0	0	0
1673	59	3	32	0	he	True	?	2	132	132	132	132	0	0	0	0	?	he	False	O	False	2	0	0	0
1674	59	3	33	0	he	True	?	3	428	428	428	428	176	176	176	176	?	he	False	O	False	2	0	0	0
1675	59	3	156	0	he	True	?	4	180	180	180	180	0	0	0	0	?	he	False	O	False	2	0	0	0
1678	59	3	3	0	he	True	?	7	136	136	136	136	100	100	100	100	?	he	False	O	False	2	0	0	0
1682	59	3	165	0	he	True	?	12	240	240	240	240	0	0	0	0	?	he	False	O	False	2	0	0	0
1686	59	3	73	0	he	True	?	16	132	132	132	132	172	172	172	172	?	he	False	O	False	2	0	0	0
1690	59	3	125	0	he	True	?	20	228	228	228	228	0	0	0	0	?	he	False	O	False	2	0	0	0
1693	59	3	193	0	he	True	?	23	276	276	276	276	236	236	236	236	?	he	False	O	False	2	0	0	0
1697	59	3	113	0	he	True	?	28	144	284	284	284	296	296	296	296	?	he	False	O	False	2	0	0	0
1699	59	3	187	0	he	True	?	30	316	316	316	316	300	300	300	300	?	he	False	O	False	2	0	0	0
1703	59	3	20	0	he	True	?	34	124	124	124	540	188	188	188	188	?	he	False	O	False	2	0	0	0
1704	59	3	38	0	he	True	?	35	168	168	168	168	0	0	0	0	?	he	False	O	False	2	0	0	0
1706	59	3	94	0	he	True	?	37	288	288	288	288	152	248	248	248	?	he	False	O	False	2	0	0	0
1707	59	3	188	0	he	True	?	38	248	248	248	248	0	0	0	0	?	he	False	O	False	2	0	0	0
1714	59	6	32	0	he	True	-3	2	168	284	284	408	156	156	156	156	-3	he	False	O	False	2	1	1	0
1715	59	6	33	0	he	True	-3	3	172	172	172	172	168	348	348	348	-3	he	False	O	False	2	1	1	0
1718	59	6	100	0	he	True	-3	6	144	144	144	144	0	0	0	0	-3	he	False	O	False	2	1	1	0
1729	59	6	103	0	he	True	-3	18	164	164	164	164	0	0	0	0	-3	he	False	O	False	2	1	1	0
1731	59	6	125	0	he	True	-3	20	124	124	124	124	0	0	0	0	-3	he	False	O	False	2	1	1	0
1733	59	6	42	0	he	True	-3	22	144	144	144	1908	600	600	600	600	-3	he	False	O	False	2	1	1	0
1740	59	6	187	0	he	True	-3	30	244	244	244	244	216	216	216	216	-3	he	False	O	False	2	1	1	0
1743	59	6	156	0	he	True	-3	33	264	264	264	264	128	128	128	128	-3	he	False	O	False	2	1	1	0
1745	59	6	38	0	he	True	-3	35	168	168	168	168	0	0	0	0	-3	he	False	O	False	2	1	1	0
1747	59	6	94	0	he	True	-3	37	136	136	136	136	180	180	180	180	-3	he	False	O	False	2	1	1	0
1753	59	6	39	0	he	True	-3	43	92	92	92	92	396	396	396	396	-3	he	False	O	False	2	1	1	0
1754	62	7	190	0	their	True	?	1	228	228	228	228	116	324	324	584	?	their	False	P	True	5	0	0	0
1755	62	7	2	0	their	True	?	2	152	152	152	152	96	96	96	548	?	their	False	P	True	5	0	0	0
1756	62	7	24	0	their	True	?	3	244	376	376	376	180	180	180	1324	?	their	False	P	True	5	0	0	0
1757	62	7	24	0	their	True	?	4	188	348	348	348	176	176	176	1176	?	their	False	P	True	5	0	0	0
1758	62	7	130	0	their	True	?	5	276	276	276	572	172	296	296	296	?	their	False	P	True	5	0	0	0
1761	62	7	26	0	their	True	?	8	412	412	412	412	340	636	636	636	?	their	False	P	True	5	0	0	0
1762	62	7	2	0	their	True	?	9	196	196	196	196	124	252	372	1376	?	their	False	P	True	5	0	0	0
1763	62	7	169	0	their	True	?	10	184	184	184	184	172	172	172	1320	?	their	False	P	True	5	0	0	0
1764	62	7	195	0	their	True	?	11	152	152	152	152	452	452	452	532	?	their	False	P	True	5	0	0	0
1765	62	7	44	0	their	True	?	12	300	616	616	616	156	156	156	156	?	their	False	P	True	5	0	0	0
1766	62	7	111	0	their	True	?	13	248	248	248	248	284	284	284	916	?	their	False	P	True	5	0	0	0
1768	62	7	121	0	their	True	?	15	192	192	192	192	172	172	172	172	?	their	False	P	True	5	0	0	0
1769	62	7	123	0	their	True	?	16	296	504	504	504	204	920	920	920	?	their	False	P	True	5	0	0	0
1770	62	7	14	0	their	True	?	17	252	252	252	252	240	240	240	240	?	their	False	P	True	5	0	0	0
1771	62	7	105	0	their	True	?	18	184	184	184	184	308	308	308	308	?	their	False	P	True	5	0	0	0
1772	62	7	99	0	their	True	?	19	160	160	160	160	212	212	212	748	?	their	False	P	True	5	0	0	0
1773	62	7	52	0	their	True	?	20	296	296	296	296	148	148	224	1392	?	their	False	P	True	5	0	0	0
1774	62	7	77	0	their	True	?	21	124	124	124	124	196	196	196	696	?	their	False	P	True	5	0	0	0
1775	62	7	91	0	their	True	?	22	240	240	408	592	432	432	432	432	?	their	False	P	True	5	0	0	0
1776	62	7	65	0	their	True	?	23	248	248	248	248	408	408	684	2000	?	their	False	P	True	5	0	0	0
1777	62	7	155	0	their	True	?	24	260	260	260	392	108	108	108	108	?	their	False	P	True	5	0	0	0
1778	62	7	25	0	their	True	?	25	216	216	216	388	200	264	264	1272	?	their	False	P	True	5	0	0	0
1779	62	7	162	0	their	True	?	27	264	388	388	388	228	228	228	792	?	their	False	P	True	5	0	0	0
1780	62	7	119	0	their	True	?	28	268	472	652	836	436	436	436	756	?	their	False	P	True	5	0	0	0
1781	62	7	182	0	their	True	?	29	144	144	144	144	216	216	216	216	?	their	False	P	True	5	0	0	0
1782	62	7	13	0	their	True	?	30	244	244	244	608	348	584	584	1484	?	their	False	P	True	5	0	0	0
1783	62	7	175	0	their	True	?	31	144	144	144	144	0	0	0	0	?	their	False	P	True	5	0	0	0
1784	62	7	51	0	their	True	?	32	256	256	256	256	288	288	288	624	?	their	False	P	True	5	0	0	0
1785	62	7	159	0	their	True	?	33	188	188	368	536	184	252	252	636	?	their	False	P	True	5	0	0	0
1786	62	7	124	0	their	True	?	34	296	296	296	392	0	0	0	0	?	their	False	P	True	5	0	0	0
1787	62	7	148	0	their	True	?	35	152	152	152	152	144	264	264	264	?	their	False	P	True	5	0	0	0
1788	62	7	92	0	their	True	?	36	192	192	192	192	200	200	200	936	?	their	False	P	True	5	0	0	0
1789	62	7	115	0	their	True	?	37	100	100	532	720	124	340	340	340	?	their	False	P	True	5	0	0	0
1790	62	7	159	0	their	True	?	38	172	316	316	316	0	0	0	0	?	their	False	P	True	5	0	0	0
1792	62	7	164	0	their	True	?	40	144	204	204	204	148	148	148	148	?	their	False	P	True	5	0	0	0
1793	62	7	12	0	their	True	?	41	172	352	352	352	420	420	680	868	?	their	False	P	True	5	0	0	0
1794	62	7	24	0	their	True	?	42	212	212	212	924	156	156	156	912	?	their	False	P	True	5	0	0	0
1795	62	7	196	0	their	True	?	43	196	196	196	196	224	396	396	688	?	their	False	P	True	5	0	0	0
1838	63	5	85	0	she	True	?	2	128	128	128	128	176	176	176	176	?	she	False	O	False	3	1	0	0
1839	63	5	85	0	she	True	?	3	316	316	316	316	340	340	340	340	?	she	False	O	False	3	1	0	0
1840	63	5	47	0	she	True	?	4	164	164	164	164	168	168	168	168	?	she	False	O	False	3	1	0	0
1841	63	5	117	0	she	True	?	5	228	368	368	660	0	0	0	0	?	she	False	O	False	3	1	0	0
1844	63	5	16	0	she	True	?	8	232	380	380	380	196	196	196	196	?	she	False	O	False	3	1	0	0
1845	63	5	22	0	she	True	?	10	192	192	192	192	76	76	76	76	?	she	False	O	False	3	1	0	0
1846	63	5	32	0	she	True	?	11	120	120	120	120	136	136	136	136	?	she	False	O	False	3	1	0	0
1848	63	5	105	0	she	True	?	13	268	268	268	268	172	172	172	172	?	she	False	O	False	3	1	0	0
1850	63	5	158	0	she	True	?	15	156	156	156	380	340	340	340	340	?	she	False	O	False	3	1	0	0
1851	63	5	99	0	she	True	?	16	188	188	188	188	192	360	360	360	?	she	False	O	False	3	1	0	0
1852	63	5	111	0	she	True	?	17	152	152	152	152	200	200	200	200	?	she	False	O	False	3	1	0	0
1854	63	5	103	0	she	True	?	19	172	172	172	172	0	0	0	0	?	she	False	O	False	3	1	0	0
1855	63	5	97	0	she	True	?	20	76	76	76	108	0	0	0	0	?	she	False	O	False	3	1	0	0
1856	63	5	107	0	she	True	?	21	40	40	40	40	148	148	148	148	?	she	False	O	False	3	1	0	0
1857	63	5	69	0	she	True	?	22	180	180	180	180	164	164	164	164	?	she	False	O	False	3	1	0	0
1858	63	5	2	0	she	True	?	23	280	280	280	280	260	260	260	260	?	she	False	O	False	3	1	0	0
1859	63	5	118	0	she	True	?	24	212	212	212	212	168	168	168	168	?	she	False	O	False	3	1	0	0
1860	63	5	106	0	she	True	?	25	136	136	136	136	124	124	124	124	?	she	False	O	False	3	1	0	0
1861	63	5	149	0	she	True	?	27	416	416	416	416	0	0	0	0	?	she	False	O	False	3	1	0	0
1862	63	5	97	0	she	True	?	28	200	200	200	200	204	204	204	204	?	she	False	O	False	3	1	0	0
1863	63	5	35	0	she	True	?	29	220	220	412	1176	220	220	220	220	?	she	False	O	False	3	1	0	0
1864	63	5	135	0	she	True	?	30	244	632	632	632	284	284	284	284	?	she	False	O	False	3	1	0	0
1866	63	5	77	0	she	True	?	32	152	152	152	152	128	128	128	128	?	she	False	O	False	3	1	0	0
1867	63	5	160	0	she	True	?	33	188	188	188	188	132	132	132	132	?	she	False	O	False	3	1	0	0
1868	63	5	126	0	she	True	?	34	184	184	184	184	0	0	0	0	?	she	False	O	False	3	1	0	0
1870	63	5	122	0	she	True	?	36	180	180	180	180	0	0	0	0	?	she	False	O	False	3	1	0	0
1875	63	5	124	0	she	True	?	41	292	292	292	292	188	188	188	188	?	she	False	O	False	3	1	0	0
1877	63	5	135	0	she	True	?	43	220	220	220	220	176	176	176	176	?	she	False	O	False	3	1	0	0
2002	66	7	100	0	his	True	-6	1	160	160	360	700	80	80	80	244	-6	his	False	P	False	3	1	1	0
2003	66	7	141	0	his	True	-6	2	108	108	108	108	108	108	108	688	-6	his	False	P	False	3	1	1	0
2004	66	7	44	0	his	True	-6	3	372	372	372	372	700	700	700	700	-6	his	False	P	False	3	1	1	0
2005	66	7	3	0	his	True	-6	4	172	328	328	328	156	156	156	912	-6	his	False	P	False	3	1	1	0
2008	66	7	17	0	his	True	-6	7	188	188	464	1060	320	320	476	636	-6	his	False	P	False	3	1	1	0
2009	66	7	105	0	his	True	-6	8	316	792	792	792	268	268	268	1076	-6	his	False	P	False	3	1	1	0
2010	66	7	157	0	his	True	-6	10	248	248	404	640	36	384	384	1080	-6	his	False	P	False	3	1	1	0
2011	66	7	148	0	his	True	-6	11	356	356	356	356	108	108	108	108	-6	his	False	P	False	3	1	1	0
2012	66	7	66	0	his	True	-6	12	176	320	548	1236	0	0	0	0	-6	his	False	P	False	3	1	1	0
2013	66	7	43	0	his	True	-6	13	384	384	384	592	216	216	216	216	-6	his	False	P	False	3	1	1	0
2014	66	7	17	0	his	True	-6	14	144	576	576	792	0	0	0	0	-6	his	False	P	False	3	1	1	0
2015	66	7	45	0	his	True	-6	15	140	280	280	384	152	152	152	152	-6	his	False	P	False	3	1	1	0
2016	66	7	201	0	his	True	-6	16	208	208	208	208	204	204	204	660	-6	his	False	P	False	3	1	1	0
2017	66	7	157	0	his	True	-6	17	184	520	520	520	0	0	0	0	-6	his	False	P	False	3	1	1	0
2018	66	7	205	0	his	True	-6	18	376	376	376	376	0	0	0	0	-6	his	False	P	False	3	1	1	0
2019	66	7	174	0	his	True	-6	19	168	168	168	168	100	100	100	284	-6	his	False	P	False	3	1	1	0
2022	66	7	144	0	his	True	-6	22	612	612	884	1096	292	292	292	1472	-6	his	False	P	False	3	1	1	0
2023	66	7	27	0	his	True	-6	23	132	132	132	132	224	344	344	1348	-6	his	False	P	False	3	1	1	0
2024	66	7	127	0	his	True	-6	24	440	440	440	440	0	0	0	0	-6	his	False	P	False	3	1	1	0
2025	66	7	116	0	his	True	-6	25	168	168	168	168	268	268	660	1204	-6	his	False	P	False	3	1	1	0
2026	66	7	25	0	his	True	-6	27	216	504	504	504	228	228	228	228	-6	his	False	P	False	3	1	1	0
2027	66	7	52	0	his	True	-6	28	172	172	172	344	240	240	240	240	-6	his	False	P	False	3	1	1	0
2028	66	7	132	0	his	True	-6	29	324	324	324	424	284	284	284	284	-6	his	False	P	False	3	1	1	0
2029	66	7	101	0	his	True	-6	30	280	896	896	896	0	0	0	0	-6	his	False	P	False	3	1	1	0
2031	66	7	114	0	his	True	-6	32	300	300	300	472	96	96	96	96	-6	his	False	P	False	3	1	1	0
2032	66	7	92	0	his	True	-6	33	112	112	112	112	140	140	296	904	-6	his	False	P	False	3	1	1	0
2033	66	7	155	0	his	True	-6	34	240	240	496	732	0	0	0	0	-6	his	False	P	False	3	1	1	0
2034	66	7	52	0	his	True	-6	35	156	156	156	156	120	120	120	656	-6	his	False	P	False	3	1	1	0
2035	66	7	111	0	his	True	-6	36	212	212	212	212	0	0	0	0	-6	his	False	P	False	3	1	1	0
2036	66	7	143	0	his	True	-6	37	172	172	172	172	248	248	248	248	-6	his	False	P	False	3	1	1	0
2037	66	7	131	0	his	True	-6	38	112	360	360	488	0	0	0	0	-6	his	False	P	False	3	1	1	0
2040	66	7	173	0	his	True	-6	41	208	208	208	208	268	268	268	268	-6	his	False	P	False	3	1	1	0
2041	66	7	151	0	his	True	-6	42	236	236	236	1140	404	404	404	404	-6	his	False	P	False	3	1	1	0
2042	66	7	156	0	his	True	-6	43	120	804	804	804	196	196	196	196	-6	his	False	P	False	3	1	1	0
2043	69	2	181	0	us	True	?	1	172	172	172	428	172	172	172	172	?	us	False	O	False	2	0	0	0
2046	69	2	4	0	us	True	?	4	240	396	396	396	160	160	160	160	?	us	False	O	False	2	0	0	0
2052	69	2	46	0	us	True	?	11	176	176	176	176	148	148	148	148	?	us	False	O	False	2	0	0	0
2055	69	2	141	0	us	True	?	14	240	240	240	240	220	220	220	220	?	us	False	O	False	2	0	0	0
2057	69	2	32	0	us	True	?	16	192	192	192	192	228	356	356	356	?	us	False	O	False	2	0	0	0
2058	69	2	139	0	us	True	?	17	132	132	132	324	136	136	136	136	?	us	False	O	False	2	0	0	0
2059	69	2	66	0	us	True	?	18	332	332	332	332	144	144	144	144	?	us	False	O	False	2	0	0	0
2062	69	2	68	0	us	True	?	21	176	176	176	176	196	276	276	276	?	us	False	O	False	2	0	0	0
2064	69	2	139	0	us	True	?	23	152	152	152	152	168	168	168	168	?	us	False	O	False	2	0	0	0
2065	69	2	33	0	us	True	?	24	136	136	136	136	0	0	0	0	?	us	False	O	False	2	0	0	0
2067	69	2	159	0	us	True	?	27	252	252	412	592	0	0	0	0	?	us	False	O	False	2	0	0	0
2070	69	2	7	0	us	True	?	30	28	28	28	276	196	196	380	988	?	us	False	O	False	2	0	0	0
2072	69	2	47	0	us	True	?	32	52	52	196	532	200	200	200	200	?	us	False	O	False	2	0	0	0
2073	69	2	176	0	us	True	?	33	140	140	140	140	60	204	400	628	?	us	False	O	False	2	0	0	0
2077	69	2	95	0	us	True	?	37	216	216	428	540	136	136	136	136	?	us	False	O	False	2	0	0	0
2078	69	2	185	0	us	True	?	38	324	324	324	324	116	116	116	116	?	us	False	O	False	2	0	0	0
2082	69	2	92	0	us	True	?	42	260	260	260	260	152	152	152	152	?	us	False	O	False	2	0	0	0
2083	69	2	198	0	us	True	?	43	112	112	112	112	176	176	176	176	?	us	False	O	False	2	0	0	0
2084	71	7	11	0	his	False	-6	1	280	280	280	280	680	680	680	1044	-6	his	False	P	False	3	0	1	0
2085	71	7	19	0	his	False	-6	2	208	208	208	428	220	220	220	844	-6	his	False	P	False	3	0	1	0
2086	71	7	53	0	his	False	-6	3	332	332	332	484	156	156	156	156	-6	his	False	P	False	3	0	1	0
2089	71	7	45	0	his	False	-6	6	224	224	224	488	0	0	0	0	-6	his	False	P	False	3	0	1	0
2090	71	7	9	0	his	False	-6	7	132	132	132	132	100	100	492	1916	-6	his	False	P	False	3	0	1	0
2092	71	7	56	0	his	False	-6	10	184	184	184	184	140	140	312	880	-6	his	False	P	False	3	0	1	0
2093	71	7	182	0	his	False	-6	11	204	204	204	392	128	292	292	292	-6	his	False	P	False	3	0	1	0
2095	71	7	64	0	his	False	-6	13	196	196	196	196	240	240	240	724	-6	his	False	P	False	3	0	1	0
2098	71	7	164	0	his	False	-6	16	228	228	228	228	152	760	1116	1236	-6	his	False	P	False	3	0	1	0
2099	71	7	36	0	his	False	-6	18	216	216	216	216	156	156	360	896	-6	his	False	P	False	3	0	1	0
2100	71	7	97	0	his	False	-6	19	232	232	232	232	64	64	64	452	-6	his	False	P	False	3	0	1	0
2104	71	7	23	0	his	False	-6	23	184	184	184	184	232	436	932	2888	-6	his	False	P	False	3	0	1	0
2106	71	7	130	0	his	False	-6	25	212	212	212	324	216	216	508	816	-6	his	False	P	False	3	0	1	0
2111	71	7	160	0	his	False	-6	31	140	268	268	268	60	252	252	604	-6	his	False	P	False	3	0	1	0
2113	71	7	126	0	his	False	-6	33	212	212	368	700	216	216	216	216	-6	his	False	P	False	3	0	1	0
2115	71	7	139	0	his	False	-6	35	224	224	224	224	164	308	308	1580	-6	his	False	P	False	3	0	1	0
2116	71	7	89	0	his	False	-6	36	184	184	184	184	116	116	116	596	-6	his	False	P	False	3	0	1	0
2118	71	7	103	0	his	False	-6	38	264	264	264	264	140	140	140	1976	-6	his	False	P	False	3	0	1	0
2119	71	7	103	0	his	False	-6	39	248	248	248	248	164	164	288	460	-6	his	False	P	False	3	0	1	0
2121	71	7	170	0	his	False	-6	41	184	184	184	316	168	168	168	168	-6	his	False	P	False	3	0	1	0
2122	71	7	29	0	his	False	-6	42	156	156	156	156	280	280	372	1440	-6	his	False	P	False	3	0	1	0
2249	75	7	119	0	his	True	?	2	204	204	204	692	0	0	0	0	?	his	False	P	False	3	1	0	0
2250	75	7	153	0	his	True	?	3	144	144	424	620	0	0	0	0	?	his	False	P	False	3	1	0	0
2251	75	7	130	0	his	True	?	4	184	184	184	184	312	312	312	1000	?	his	False	P	False	3	1	0	0
2252	75	7	48	0	his	True	?	5	216	216	808	1580	0	0	0	0	?	his	False	P	False	3	1	0	0
2253	75	7	165	0	his	True	?	6	352	352	352	352	0	0	0	0	?	his	False	P	False	3	1	0	0
2254	75	7	154	0	his	True	?	7	184	236	236	1168	320	320	320	556	?	his	False	P	False	3	1	0	0
2255	75	7	175	0	his	True	?	8	160	704	704	704	0	0	0	0	?	his	False	P	False	3	1	0	0
2256	75	7	126	0	his	True	?	10	612	612	612	612	288	784	784	784	?	his	False	P	False	3	1	0	0
2257	75	7	85	0	his	True	?	11	124	340	340	508	0	0	0	0	?	his	False	P	False	3	1	0	0
2258	75	7	58	0	his	True	?	12	196	500	500	500	0	0	0	0	?	his	False	P	False	3	1	0	0
2259	75	7	69	0	his	True	?	13	272	272	584	828	0	0	0	0	?	his	False	P	False	3	1	0	0
2260	75	7	30	0	his	True	?	14	296	296	296	1044	0	0	0	0	?	his	False	P	False	3	1	0	0
2261	75	7	89	0	his	True	?	15	136	136	644	1036	0	0	0	0	?	his	False	P	False	3	1	0	0
2262	75	7	63	0	his	True	?	16	264	716	924	1548	0	0	0	0	?	his	False	P	False	3	1	0	0
2263	75	7	159	0	his	True	?	17	284	860	860	860	0	0	0	0	?	his	False	P	False	3	1	0	0
2264	75	7	176	0	his	True	?	18	376	376	376	652	0	0	0	0	?	his	False	P	False	3	1	0	0
2265	75	7	162	0	his	True	?	19	272	272	272	444	0	0	0	0	?	his	False	P	False	3	1	0	0
2268	75	7	105	0	his	True	?	22	340	340	340	568	0	0	0	0	?	his	False	P	False	3	1	0	0
2269	75	7	187	0	his	True	?	23	200	356	356	356	568	568	568	568	?	his	False	P	False	3	1	0	0
2270	75	7	190	0	his	True	?	24	192	348	348	348	0	0	0	0	?	his	False	P	False	3	1	0	0
2271	75	7	120	0	his	True	?	25	224	364	364	364	384	384	384	384	?	his	False	P	False	3	1	0	0
2272	75	7	1	0	his	True	?	27	436	436	436	436	0	0	0	0	?	his	False	P	False	3	1	0	0
2273	75	7	148	0	his	True	?	28	156	324	324	324	380	380	380	380	?	his	False	P	False	3	1	0	0
2274	75	7	171	0	his	True	?	29	276	276	276	276	148	148	836	948	?	his	False	P	False	3	1	0	0
2275	75	7	14	0	his	True	?	30	324	324	324	324	0	0	0	0	?	his	False	P	False	3	1	0	0
2277	75	7	9	0	his	True	?	32	208	436	436	436	148	148	148	1176	?	his	False	P	False	3	1	0	0
2278	75	7	120	0	his	True	?	33	204	204	204	204	200	200	200	200	?	his	False	P	False	3	1	0	0
2279	75	7	37	0	his	True	?	34	180	316	316	624	0	0	0	0	?	his	False	P	False	3	1	0	0
2280	75	7	59	0	his	True	?	35	188	188	188	188	204	204	204	204	?	his	False	P	False	3	1	0	0
2282	75	7	122	0	his	True	?	37	176	176	404	1600	144	144	144	144	?	his	False	P	False	3	1	0	0
2283	75	7	10	0	his	True	?	38	360	360	360	360	164	164	164	900	?	his	False	P	False	3	1	0	0
2284	75	7	23	0	his	True	?	39	244	244	744	1624	0	0	0	0	?	his	False	P	False	3	1	0	0
2286	75	7	57	0	his	True	?	41	164	244	244	1004	152	152	152	152	?	his	False	P	False	3	1	0	0
2287	75	7	168	0	his	True	?	42	400	588	760	1636	0	0	0	0	?	his	False	P	False	3	1	0	0
2288	75	7	186	0	his	True	?	43	264	264	264	416	336	336	336	336	?	his	False	P	False	3	1	0	0
2412	84	2	112	0	him	True	?	1	240	420	420	420	112	112	112	112	?	him	False	O	False	3	0	0	0
2415	84	2	81	0	him	True	?	4	352	352	352	352	236	236	236	572	?	him	False	O	False	3	0	0	0
2418	84	2	40	0	him	True	?	7	208	372	372	404	88	88	88	88	?	him	False	O	False	3	0	0	0
2419	84	2	50	0	him	True	?	8	252	252	404	576	136	136	136	136	?	him	False	O	False	3	0	0	0
2420	84	2	55	0	him	True	?	10	268	268	268	268	132	132	260	416	?	him	False	O	False	3	0	0	0
2421	84	2	205	0	him	True	?	11	164	312	312	312	0	0	0	0	?	him	False	O	False	3	0	0	0
2423	84	2	32	0	him	True	?	13	272	272	272	272	156	156	156	156	?	him	False	O	False	3	0	0	0
2425	84	2	162	0	him	True	?	15	176	176	176	176	0	0	0	0	?	him	False	O	False	3	0	0	0
2426	84	2	134	0	him	True	?	16	176	176	176	176	188	188	188	188	?	him	False	O	False	3	0	0	0
2427	84	2	165	0	him	True	?	17	220	220	220	220	0	0	0	0	?	him	False	O	False	3	0	0	0
2429	84	2	133	0	him	True	?	19	236	236	236	236	224	224	224	224	?	him	False	O	False	3	0	0	0
2432	84	2	145	0	him	True	?	22	480	480	480	480	152	152	152	152	?	him	False	O	False	3	0	0	0
2433	84	2	14	0	him	True	?	23	140	476	476	476	208	208	208	208	?	him	False	O	False	3	0	0	0
2434	84	2	98	0	him	True	?	24	248	248	248	248	264	264	264	264	?	him	False	O	False	3	0	0	0
2437	84	2	151	0	him	True	?	28	148	312	312	312	188	188	388	560	?	him	False	O	False	3	0	0	0
2439	84	2	18	0	him	True	?	30	296	296	296	296	84	84	84	84	?	him	False	O	False	3	0	0	0
2440	84	2	140	0	him	True	?	31	260	260	260	260	144	144	300	512	?	him	False	O	False	3	0	0	0
2441	84	2	146	0	him	True	?	32	184	184	184	184	200	200	200	200	?	him	False	O	False	3	0	0	0
2442	84	2	175	0	him	True	?	33	180	180	180	180	136	136	388	684	?	him	False	O	False	3	0	0	0
2444	84	2	161	0	him	True	?	35	144	144	144	144	176	176	176	176	?	him	False	O	False	3	0	0	0
2445	84	2	102	0	him	True	?	36	100	272	272	272	248	248	248	500	?	him	False	O	False	3	0	0	0
2446	84	2	55	0	him	True	?	37	248	248	436	624	128	128	128	128	?	him	False	O	False	3	0	0	0
2447	84	2	99	0	him	True	?	38	216	216	408	576	0	0	0	0	?	him	False	O	False	3	0	0	0
2455	84	7	95	0	him	True	-5	3	220	220	220	220	0	0	0	0	-5	him	False	O	False	3	1	1	0
2456	84	7	81	0	him	True	-5	4	140	140	140	140	160	160	160	160	-5	him	False	O	False	3	1	1	0
2457	84	7	27	0	him	True	-5	5	172	172	172	172	0	0	0	0	-5	him	False	O	False	3	1	1	0
2458	84	7	150	0	him	True	-5	6	304	304	304	616	204	204	204	824	-5	him	False	O	False	3	1	1	0
2459	84	7	40	0	him	True	-5	7	116	116	116	116	0	0	0	0	-5	him	False	O	False	3	1	1	0
2461	84	7	55	0	him	True	-5	10	76	76	76	76	152	152	152	152	-5	him	False	O	False	3	1	1	0
2462	84	7	205	0	him	True	-5	11	128	248	248	248	0	0	0	0	-5	him	False	O	False	3	1	1	0
2464	84	7	32	0	him	True	-5	13	184	184	184	184	0	0	0	0	-5	him	False	O	False	3	1	1	0
2465	84	7	115	0	him	True	-5	14	164	164	164	164	0	0	0	0	-5	him	False	O	False	3	1	1	0
2467	84	7	134	0	him	True	-5	16	92	92	92	92	236	236	236	236	-5	him	False	O	False	3	1	1	0
2468	84	7	165	0	him	True	-5	17	188	188	188	188	0	0	0	0	-5	him	False	O	False	3	1	1	0
2469	84	7	137	0	him	True	-5	18	188	188	188	188	0	0	0	0	-5	him	False	O	False	3	1	1	0
2470	84	7	133	0	him	True	-5	19	172	172	172	172	0	0	0	0	-5	him	False	O	False	3	1	1	0
2474	84	7	14	0	him	True	-5	23	180	180	180	180	0	0	0	0	-5	him	False	O	False	3	1	1	0
2477	84	7	105	0	him	True	-5	27	292	292	292	292	216	216	216	756	-5	him	False	O	False	3	1	1	0
2478	84	7	151	0	him	True	-5	28	316	316	316	316	0	0	0	0	-5	him	False	O	False	3	1	1	0
2479	84	7	122	0	him	True	-5	29	180	180	180	180	0	0	0	0	-5	him	False	O	False	3	1	1	0
2481	84	7	140	0	him	True	-5	31	144	144	144	144	0	0	0	0	-5	him	False	O	False	3	1	1	0
2482	84	7	146	0	him	True	-5	32	184	184	184	184	0	0	0	0	-5	him	False	O	False	3	1	1	0
2483	84	7	175	0	him	True	-5	33	180	180	180	180	0	0	0	0	-5	him	False	O	False	3	1	1	0
2485	84	7	161	0	him	True	-5	35	160	160	160	160	148	148	148	148	-5	him	False	O	False	3	1	1	0
2487	84	7	55	0	him	True	-5	37	128	128	128	128	136	136	136	136	-5	him	False	O	False	3	1	1	0
2491	84	7	41	0	him	True	-5	41	240	240	240	240	0	0	0	0	-5	him	False	O	False	3	1	1	0
2492	84	7	87	0	him	True	-5	42	144	144	144	144	328	328	328	468	-5	him	False	O	False	3	1	1	0
2493	84	7	184	0	him	True	-5	43	208	208	208	208	0	0	0	0	-5	him	False	O	False	3	1	1	0
2536	87	3	63	0	his	True	-2	1	216	216	216	216	288	288	288	288	-2	his	False	P	False	3	1	1	0
2538	87	3	161	0	his	True	-2	3	144	144	528	808	128	128	128	128	-2	his	False	P	False	3	1	1	0
2539	87	3	23	0	his	True	-2	4	248	248	248	248	200	200	200	200	-2	his	False	P	False	3	1	1	0
2543	87	3	203	0	his	True	-2	8	200	200	200	200	0	0	0	0	-2	his	False	P	False	3	1	1	0
2544	87	3	19	0	his	True	-2	9	200	200	200	200	136	136	136	136	-2	his	False	P	False	3	1	1	0
2545	87	3	115	0	his	True	-2	10	292	292	476	820	136	136	136	136	-2	his	False	P	False	3	1	1	0
2546	87	3	128	0	his	True	-2	11	144	144	144	144	160	160	160	160	-2	his	False	P	False	3	1	1	0
2548	87	3	141	0	his	True	-2	13	216	216	216	216	160	160	160	160	-2	his	False	P	False	3	1	1	0
2550	87	3	153	0	his	True	-2	15	300	300	300	300	0	0	0	0	-2	his	False	P	False	3	1	1	0
2551	87	3	177	0	his	True	-2	16	160	160	160	160	176	312	312	312	-2	his	False	P	False	3	1	1	0
2554	87	3	86	0	his	True	-2	19	300	300	300	300	384	384	384	384	-2	his	False	P	False	3	1	1	0
2557	87	3	188	0	his	True	-2	22	204	204	204	204	212	356	356	356	-2	his	False	P	False	3	1	1	0
2558	87	3	112	0	his	True	-2	23	280	280	448	1204	284	532	532	532	-2	his	False	P	False	3	1	1	0
2559	87	3	10	0	his	True	-2	24	232	232	408	692	192	192	364	688	-2	his	False	P	False	3	1	1	0
2560	87	3	159	0	his	True	-2	25	164	164	164	164	168	380	380	676	-2	his	False	P	False	3	1	1	0
2561	87	3	187	0	his	True	-2	27	268	268	268	268	180	180	180	180	-2	his	False	P	False	3	1	1	0
2562	87	3	150	0	his	True	-2	28	312	312	312	312	200	200	200	200	-2	his	False	P	False	3	1	1	0
2564	87	3	149	0	his	True	-2	30	244	244	244	244	184	184	384	976	-2	his	False	P	False	3	1	1	0
2566	87	3	64	0	his	True	-2	32	268	268	268	268	168	288	288	288	-2	his	False	P	False	3	1	1	0
2567	87	3	4	0	his	True	-2	33	64	168	284	564	96	96	96	96	-2	his	False	P	False	3	1	1	0
2568	87	3	169	0	his	True	-2	34	200	200	200	200	188	188	188	188	-2	his	False	P	False	3	1	1	0
2569	87	3	112	0	his	True	-2	35	232	232	232	232	188	188	188	188	-2	his	False	P	False	3	1	1	0
2571	87	3	65	0	his	True	-2	37	180	180	180	312	184	316	316	316	-2	his	False	P	False	3	1	1	0
2574	87	3	69	0	his	True	-2	40	184	184	388	604	148	148	148	148	-2	his	False	P	False	3	1	1	0
2576	87	3	89	0	his	True	-2	42	140	140	140	140	128	128	128	128	-2	his	False	P	False	3	1	1	0
2577	87	3	50	0	his	True	-2	43	168	168	168	168	160	160	160	160	-2	his	False	P	False	3	1	1	0
2620	88	8	54	0	his	True	-7	3	224	224	224	224	240	240	240	240	-7	his	False	P	False	3	1	1	0
2621	88	8	205	0	his	True	-7	4	372	372	372	372	136	284	440	616	-7	his	False	P	False	3	1	1	0
2622	88	8	118	0	his	True	-7	5	236	236	408	2096	168	168	168	540	-7	his	False	P	False	3	1	1	0
2623	88	8	68	0	his	True	-7	6	128	128	128	128	0	0	0	0	-7	his	False	P	False	3	1	1	0
2624	88	8	150	0	his	True	-7	7	188	188	540	1488	196	196	196	332	-7	his	False	P	False	3	1	1	0
2625	88	8	107	0	his	True	-7	8	240	240	1008	2572	0	0	0	0	-7	his	False	P	False	3	1	1	0
2626	88	8	141	0	his	True	-7	10	152	152	152	152	152	400	400	1980	-7	his	False	P	False	3	1	1	0
2627	88	8	178	0	his	True	-7	11	220	220	220	220	160	492	492	808	-7	his	False	P	False	3	1	1	0
2628	88	8	145	0	his	True	-7	12	108	108	108	108	140	140	140	468	-7	his	False	P	False	3	1	1	0
2630	88	8	137	0	his	True	-7	14	472	472	760	852	152	152	152	496	-7	his	False	P	False	3	1	1	0
2632	88	8	61	0	his	True	-7	16	192	192	192	192	252	356	356	1364	-7	his	False	P	False	3	1	1	0
2633	88	8	131	0	his	True	-7	18	240	240	240	240	204	204	204	204	-7	his	False	P	False	3	1	1	0
2634	88	8	6	0	his	True	-7	19	136	136	136	136	204	204	1028	2440	-7	his	False	P	False	3	1	1	0
2635	88	8	76	0	his	True	-7	20	320	320	320	320	164	164	352	1108	-7	his	False	P	False	3	1	1	0
2637	88	8	168	0	his	True	-7	22	176	176	176	176	144	144	144	144	-7	his	False	P	False	3	1	1	0
2638	88	8	126	0	his	True	-7	23	304	304	304	304	228	228	904	3200	-7	his	False	P	False	3	1	1	0
2639	88	8	198	0	his	True	-7	24	140	140	140	140	272	272	272	472	-7	his	False	P	False	3	1	1	0
2640	88	8	75	0	his	True	-7	25	212	212	212	340	204	204	204	1248	-7	his	False	P	False	3	1	1	0
2641	88	8	10	0	his	True	-7	27	128	128	128	128	260	260	260	408	-7	his	False	P	False	3	1	1	0
2642	88	8	188	0	his	True	-7	28	116	116	308	816	172	172	172	172	-7	his	False	P	False	3	1	1	0
2643	88	8	15	0	his	True	-7	29	172	172	172	172	108	272	272	272	-7	his	False	P	False	3	1	1	0
2644	88	8	31	0	his	True	-7	30	216	216	216	216	392	392	392	620	-7	his	False	P	False	3	1	1	0
2646	88	8	153	0	his	True	-7	32	260	260	260	260	0	0	0	0	-7	his	False	P	False	3	1	1	0
2647	88	8	109	0	his	True	-7	33	188	188	188	188	76	76	140	1844	-7	his	False	P	False	3	1	1	0
2649	88	8	199	0	his	True	-7	35	168	168	168	168	124	124	124	124	-7	his	False	P	False	3	1	1	0
2651	88	8	205	0	his	True	-7	37	68	68	68	504	0	0	0	0	-7	his	False	P	False	3	1	1	0
2652	88	8	91	0	his	True	-7	38	184	184	184	416	236	236	428	768	-7	his	False	P	False	3	1	1	0
2653	88	8	150	0	his	True	-7	39	184	184	184	184	360	360	360	360	-7	his	False	P	False	3	1	1	0
2654	88	8	79	0	his	True	-7	40	140	140	308	580	0	0	0	0	-7	his	False	P	False	3	1	1	0
2655	88	8	176	0	his	True	-7	41	240	240	240	240	140	312	312	964	-7	his	False	P	False	3	1	1	0
2656	88	8	62	0	his	True	-7	42	220	220	864	2740	488	488	488	1588	-7	his	False	P	False	3	1	1	0
2657	88	8	17	0	his	True	-7	43	356	356	356	356	152	152	152	152	-7	his	False	P	False	3	1	1	0
2698	89	4	67	0	he	True	-3	1	228	228	228	228	180	180	180	180	-3	he	False	O	False	2	1	1	0
2700	89	4	148	0	he	True	-3	3	288	288	288	436	152	276	276	276	-3	he	False	O	False	2	1	1	0
2702	89	4	188	0	he	True	-3	5	160	160	160	160	180	180	180	180	-3	he	False	O	False	2	1	1	0
2707	89	4	101	0	he	True	-3	11	172	172	172	172	0	0	0	0	-3	he	False	O	False	2	1	1	0
2708	89	4	126	0	he	True	-3	12	212	212	212	212	0	0	0	0	-3	he	False	O	False	2	1	1	0
2712	89	4	204	0	he	True	-3	16	208	208	208	208	152	152	152	152	-3	he	False	O	False	2	1	1	0
2717	89	4	9	0	he	True	-3	22	164	164	164	2644	252	252	252	252	-3	he	False	O	False	2	1	1	0
2719	89	4	176	0	he	True	-3	24	196	196	196	196	188	188	188	188	-3	he	False	O	False	2	1	1	0
2721	89	4	18	0	he	True	-3	27	124	124	124	124	184	184	184	184	-3	he	False	O	False	2	1	1	0
2724	89	4	99	0	he	True	-3	30	500	500	500	500	200	200	200	200	-3	he	False	O	False	2	1	1	0
2727	89	4	113	0	he	True	-3	33	220	220	220	372	176	176	176	176	-3	he	False	O	False	2	1	1	0
2731	89	4	83	0	he	True	-3	37	172	172	172	172	88	88	88	88	-3	he	False	O	False	2	1	1	0
2737	89	4	38	0	he	True	-3	43	140	140	140	140	148	148	148	148	-3	he	False	O	False	2	1	1	0
2738	89	8	67	0	his	True	-4	1	832	832	832	832	0	0	0	0	-4	his	False	P	False	3	2	1	0
2739	89	8	163	0	his	True	-4	2	228	228	420	640	0	0	0	0	-4	his	False	P	False	3	2	1	0
2741	89	8	137	0	his	True	-4	4	244	244	376	1648	472	472	472	472	-4	his	False	P	False	3	2	1	0
2742	89	8	188	0	his	True	-4	5	228	228	228	504	160	160	160	160	-4	his	False	P	False	3	2	1	0
2744	89	8	50	0	his	True	-4	7	160	160	576	1652	288	288	288	288	-4	his	False	P	False	3	2	1	0
2745	89	8	164	0	his	True	-4	8	212	312	312	312	0	0	0	0	-4	his	False	P	False	3	2	1	0
2746	89	8	130	0	his	True	-4	10	216	216	216	216	208	208	208	1784	-4	his	False	P	False	3	2	1	0
2747	89	8	101	0	his	True	-4	11	268	528	528	528	152	152	152	152	-4	his	False	P	False	3	2	1	0
2748	89	8	126	0	his	True	-4	12	120	120	500	628	0	0	0	0	-4	his	False	P	False	3	2	1	0
2749	89	8	193	0	his	True	-4	13	240	240	240	240	520	520	520	616	-4	his	False	P	False	3	2	1	0
2750	89	8	150	0	his	True	-4	14	240	240	240	240	172	424	424	424	-4	his	False	P	False	3	2	1	0
2751	89	8	175	0	his	True	-4	15	368	448	448	448	0	0	0	0	-4	his	False	P	False	3	2	1	0
2752	89	8	204	0	his	True	-4	16	232	232	232	232	212	476	476	476	-4	his	False	P	False	3	2	1	0
2754	89	8	63	0	his	True	-4	19	164	164	164	164	164	164	164	732	-4	his	False	P	False	3	2	1	0
2757	89	8	9	0	his	True	-4	22	356	356	356	356	340	780	1112	10432	-4	his	False	P	False	3	2	1	0
2758	89	8	48	0	his	True	-4	23	180	180	180	180	188	188	188	476	-4	his	False	P	False	3	2	1	0
2759	89	8	176	0	his	True	-4	24	156	156	836	1220	0	0	0	0	-4	his	False	P	False	3	2	1	0
2760	89	8	30	0	his	True	-4	25	216	216	348	544	236	236	236	504	-4	his	False	P	False	3	2	1	0
2761	89	8	18	0	his	True	-4	27	300	300	300	300	244	244	244	244	-4	his	False	P	False	3	2	1	0
2762	89	8	184	0	his	True	-4	28	216	252	588	824	260	260	260	260	-4	his	False	P	False	3	2	1	0
2763	89	8	174	0	his	True	-4	29	148	148	148	148	120	332	332	332	-4	his	False	P	False	3	2	1	0
2764	89	8	99	0	his	True	-4	30	168	168	168	168	380	380	380	836	-4	his	False	P	False	3	2	1	0
2765	89	8	166	0	his	True	-4	31	144	144	144	144	0	0	0	0	-4	his	False	P	False	3	2	1	0
2766	89	8	116	0	his	True	-4	32	420	420	420	420	172	228	228	228	-4	his	False	P	False	3	2	1	0
2767	89	8	113	0	his	True	-4	33	128	128	128	128	288	372	372	372	-4	his	False	P	False	3	2	1	0
2768	89	8	18	0	his	True	-4	34	204	204	648	832	0	0	0	0	-4	his	False	P	False	3	2	1	0
2769	89	8	65	0	his	True	-4	35	112	112	112	112	236	236	236	236	-4	his	False	P	False	3	2	1	0
2771	89	8	83	0	his	True	-4	37	216	216	216	216	224	356	356	356	-4	his	False	P	False	3	2	1	0
2772	89	8	169	0	his	True	-4	38	424	424	424	500	0	0	0	0	-4	his	False	P	False	3	2	1	0
2774	89	8	68	0	his	True	-4	40	204	204	204	204	140	252	440	988	-4	his	False	P	False	3	2	1	0
2776	89	8	33	0	his	True	-4	42	508	508	508	860	0	0	0	0	-4	his	False	P	False	3	2	1	0
2777	89	8	38	0	his	True	-4	43	236	236	236	236	120	120	120	420	-4	his	False	P	False	3	2	1	0
2819	90	3	13	0	his	True	-2	1	256	256	256	256	244	244	244	244	-2	his	False	P	False	3	1	1	0
2820	90	3	170	0	his	True	-2	2	172	172	172	172	156	156	156	156	-2	his	False	P	False	3	1	1	0
2821	90	3	72	0	his	True	-2	3	160	160	160	160	216	296	368	568	-2	his	False	P	False	3	1	1	0
2823	90	3	169	0	his	True	-2	5	304	304	304	560	228	228	228	228	-2	his	False	P	False	3	1	1	0
2824	90	3	172	0	his	True	-2	6	232	232	232	232	148	276	276	276	-2	his	False	P	False	3	1	1	0
2826	90	3	36	0	his	True	-2	8	448	448	448	448	0	0	0	0	-2	his	False	P	False	3	1	1	0
2828	90	3	21	0	his	True	-2	11	236	236	404	564	0	0	0	0	-2	his	False	P	False	3	1	1	0
2830	90	3	140	0	his	True	-2	13	232	232	232	232	164	164	164	164	-2	his	False	P	False	3	1	1	0
2831	90	3	132	0	his	True	-2	14	128	128	128	128	220	220	220	220	-2	his	False	P	False	3	1	1	0
2832	90	3	131	0	his	True	-2	15	220	220	220	320	0	0	0	0	-2	his	False	P	False	3	1	1	0
2833	90	3	119	0	his	True	-2	16	172	444	444	444	152	152	152	152	-2	his	False	P	False	3	1	1	0
2834	90	3	69	0	his	True	-2	17	132	132	132	132	180	180	180	180	-2	his	False	P	False	3	1	1	0
2836	90	3	187	0	his	True	-2	19	108	108	108	108	116	304	304	304	-2	his	False	P	False	3	1	1	0
2837	90	3	175	0	his	True	-2	20	152	152	152	152	148	148	148	148	-2	his	False	P	False	3	1	1	0
2839	90	3	165	0	his	True	-2	22	248	248	248	840	468	468	468	468	-2	his	False	P	False	3	1	1	0
2840	90	3	197	0	his	True	-2	23	240	240	240	908	0	0	0	0	-2	his	False	P	False	3	1	1	0
2841	90	3	8	0	his	True	-2	24	316	316	316	316	0	0	0	0	-2	his	False	P	False	3	1	1	0
2843	90	3	123	0	his	True	-2	27	232	432	432	432	248	248	248	248	-2	his	False	P	False	3	1	1	0
2844	90	3	96	0	his	True	-2	28	464	464	464	464	152	152	152	152	-2	his	False	P	False	3	1	1	0
2846	90	3	4	0	his	True	-2	30	100	100	428	916	224	412	412	412	-2	his	False	P	False	3	1	1	0
2848	90	3	62	0	his	True	-2	32	176	176	176	176	284	284	284	284	-2	his	False	P	False	3	1	1	0
2849	90	3	157	0	his	True	-2	33	116	116	116	116	204	204	204	204	-2	his	False	P	False	3	1	1	0
2850	90	3	143	0	his	True	-2	34	404	404	404	404	0	0	0	0	-2	his	False	P	False	3	1	1	0
2853	90	3	125	0	his	True	-2	37	120	120	120	120	144	480	480	480	-2	his	False	P	False	3	1	1	0
2858	90	3	94	0	his	True	-2	42	244	244	244	244	0	0	0	0	-2	his	False	P	False	3	1	1	0
2860	90	8	13	0	his	True	-5	1	284	284	284	284	596	752	752	1020	-5	his	False	P	False	3	2	1	0
2861	90	8	170	0	his	True	-5	2	104	304	304	420	0	0	0	0	-5	his	False	P	False	3	2	1	0
2862	90	8	72	0	his	True	-5	3	364	364	364	364	144	144	144	144	-5	his	False	P	False	3	2	1	0
2864	90	8	169	0	his	True	-5	5	572	572	572	936	0	0	0	0	-5	his	False	P	False	3	2	1	0
2867	90	8	36	0	his	True	-5	8	412	412	412	696	0	0	0	0	-5	his	False	P	False	3	2	1	0
2868	90	8	71	0	his	True	-5	10	172	172	172	172	116	116	116	1664	-5	his	False	P	False	3	2	1	0
2869	90	8	21	0	his	True	-5	11	256	256	256	424	404	404	404	404	-5	his	False	P	False	3	2	1	0
2870	90	8	203	0	his	True	-5	12	232	232	232	736	0	0	0	0	-5	his	False	P	False	3	2	1	0
2871	90	8	140	0	his	True	-5	13	156	156	156	156	372	372	372	912	-5	his	False	P	False	3	2	1	0
2872	90	8	132	0	his	True	-5	14	356	356	356	356	136	136	136	136	-5	his	False	P	False	3	2	1	0
2873	90	8	131	0	his	True	-5	15	424	424	424	872	200	200	536	860	-5	his	False	P	False	3	2	1	0
2877	90	8	187	0	his	True	-5	19	220	220	220	564	0	0	0	0	-5	his	False	P	False	3	2	1	0
2881	90	8	197	0	his	True	-5	23	88	272	272	272	604	604	604	604	-5	his	False	P	False	3	2	1	0
2884	90	8	123	0	his	True	-5	27	292	292	292	292	148	148	148	856	-5	his	False	P	False	3	2	1	0
2885	90	8	96	0	his	True	-5	28	364	364	364	364	512	512	512	512	-5	his	False	P	False	3	2	1	0
2888	90	8	154	0	his	True	-5	31	160	160	160	160	280	280	280	280	-5	his	False	P	False	3	2	1	0
2889	90	8	62	0	his	True	-5	32	196	196	196	196	236	236	236	488	-5	his	False	P	False	3	2	1	0
2894	90	8	125	0	his	True	-5	37	304	304	304	304	144	144	144	384	-5	his	False	P	False	3	2	1	0
2896	90	8	116	0	his	True	-5	39	284	520	520	520	0	0	0	0	-5	his	False	P	False	3	2	1	0
2900	90	8	203	0	his	True	-5	43	208	208	208	208	100	100	100	1128	-5	his	False	P	False	3	2	1	0
2984	92	4	126	0	she	True	?	1	160	160	160	160	168	168	168	168	?	she	False	O	False	3	1	0	0
2985	92	4	38	0	she	True	?	2	148	148	148	148	156	156	156	156	?	she	False	O	False	3	1	0	0
2986	92	4	62	0	she	True	?	3	220	220	220	220	36	204	204	204	?	she	False	O	False	3	1	0	0
2987	92	4	21	0	she	True	?	4	200	200	200	200	140	140	140	140	?	she	False	O	False	3	1	0	0
2989	92	4	35	0	she	True	?	6	292	292	292	292	0	0	0	0	?	she	False	O	False	3	1	0	0
2991	92	4	11	0	she	True	?	8	220	220	220	220	268	268	268	268	?	she	False	O	False	3	1	0	0
2992	92	4	156	0	she	True	?	10	144	144	144	144	0	0	0	0	?	she	False	O	False	3	1	0	0
2993	92	4	193	0	she	True	?	11	168	168	168	168	0	0	0	0	?	she	False	O	False	3	1	0	0
2995	92	4	50	0	she	True	?	13	228	228	228	228	0	0	0	0	?	she	False	O	False	3	1	0	0
2998	92	4	146	0	she	True	?	16	248	248	248	248	220	220	220	220	?	she	False	O	False	3	1	0	0
3001	92	4	58	0	she	True	?	19	192	192	192	192	228	228	228	228	?	she	False	O	False	3	1	0	0
3003	92	4	65	0	she	True	?	21	160	160	160	160	152	152	152	152	?	she	False	O	False	3	1	0	0
3006	92	4	106	0	she	True	?	24	184	184	184	184	212	212	212	212	?	she	False	O	False	3	1	0	0
3009	92	4	104	0	she	True	?	28	224	224	224	224	232	232	232	232	?	she	False	O	False	3	1	0	0
3011	92	4	9	0	she	True	?	30	108	108	108	108	436	436	436	436	?	she	False	O	False	3	1	0	0
3013	92	4	201	0	she	True	?	32	176	176	176	176	152	152	152	152	?	she	False	O	False	3	1	0	0
3014	92	4	23	0	she	True	?	33	196	196	196	196	176	176	176	176	?	she	False	O	False	3	1	0	0
3015	92	4	136	0	she	True	?	34	240	240	240	452	0	0	0	0	?	she	False	O	False	3	1	0	0
3016	92	4	170	0	she	True	?	35	200	200	200	200	172	172	172	172	?	she	False	O	False	3	1	0	0
3017	92	4	40	0	she	True	?	36	232	232	420	568	0	0	0	0	?	she	False	O	False	3	1	0	0
3018	92	4	25	0	she	True	?	37	124	252	252	252	156	156	156	156	?	she	False	O	False	3	1	0	0
3022	92	4	18	0	she	True	?	41	248	248	248	248	0	0	0	0	?	she	False	O	False	3	1	0	0
3023	92	4	111	0	she	True	?	42	300	300	300	300	0	0	0	0	?	she	False	O	False	3	1	0	0
3067	93	5	193	0	his	True	-4	1	132	132	132	132	204	204	204	204	-4	his	False	P	False	3	1	1	0
3068	93	5	34	0	his	True	-4	2	224	224	224	288	0	0	0	0	-4	his	False	P	False	3	1	1	0
3069	93	5	28	0	his	True	-4	3	212	212	212	212	308	308	308	308	-4	his	False	P	False	3	1	1	0
3071	93	5	163	0	his	True	-4	5	232	232	232	232	272	272	272	272	-4	his	False	P	False	3	1	1	0
3075	93	5	1	0	his	True	-4	9	192	192	192	192	108	108	108	108	-4	his	False	P	False	3	1	1	0
3077	93	5	25	0	his	True	-4	11	192	192	192	192	148	148	148	148	-4	his	False	P	False	3	1	1	0
3079	93	5	205	0	his	True	-4	13	152	152	152	152	120	120	120	120	-4	his	False	P	False	3	1	1	0
3082	93	5	2	0	his	True	-4	16	224	224	224	224	136	136	136	136	-4	his	False	P	False	3	1	1	0
3085	93	5	110	0	his	True	-4	19	36	36	36	36	228	300	300	300	-4	his	False	P	False	3	1	1	0
3089	93	5	32	0	his	True	-4	23	176	176	176	176	152	512	512	512	-4	his	False	P	False	3	1	1	0
3097	93	5	29	0	his	True	-4	32	244	244	244	244	0	0	0	0	-4	his	False	P	False	3	1	1	0
3098	93	5	201	0	his	True	-4	33	152	152	152	152	224	224	224	224	-4	his	False	P	False	3	1	1	0
3100	93	5	109	0	his	True	-4	35	192	192	192	192	200	200	200	200	-4	his	False	P	False	3	1	1	0
3102	93	5	97	0	his	True	-4	37	188	188	188	188	0	0	0	0	-4	his	False	P	False	3	1	1	0
3106	93	5	165	0	his	True	-4	41	140	140	140	140	244	244	244	244	-4	his	False	P	False	3	1	1	0
3233	101	8	82	0	his	False	-7	1	140	140	264	892	0	0	0	0	-7	his	False	P	False	3	0	1	0
3239	101	8	77	0	his	False	-7	7	132	132	352	2220	188	188	188	504	-7	his	False	P	False	3	0	1	0
3240	101	8	49	0	his	False	-7	8	236	236	552	836	0	0	0	0	-7	his	False	P	False	3	0	1	0
3241	101	8	178	0	his	False	-7	10	272	272	584	1480	160	160	160	1072	-7	his	False	P	False	3	0	1	0
3242	101	8	156	0	his	False	-7	11	276	276	276	276	164	164	164	164	-7	his	False	P	False	3	0	1	0
3243	101	8	155	0	his	False	-7	12	264	832	832	832	0	0	0	0	-7	his	False	P	False	3	0	1	0
3244	101	8	91	0	his	False	-7	13	212	212	212	212	284	284	284	284	-7	his	False	P	False	3	0	1	0
3245	101	8	4	0	his	False	-7	14	140	140	140	140	428	428	428	428	-7	his	False	P	False	3	0	1	0
3247	101	8	148	0	his	False	-7	16	232	500	500	500	308	308	308	308	-7	his	False	P	False	3	0	1	0
3249	101	8	35	0	his	False	-7	18	248	248	248	384	412	412	412	412	-7	his	False	P	False	3	0	1	0
3250	101	8	73	0	his	False	-7	19	280	280	280	1128	0	0	0	0	-7	his	False	P	False	3	0	1	0
3254	101	8	26	0	his	False	-7	23	168	168	168	168	236	388	388	1056	-7	his	False	P	False	3	0	1	0
3255	101	8	66	0	his	False	-7	24	152	152	152	152	200	200	200	652	-7	his	False	P	False	3	0	1	0
3256	101	8	169	0	his	False	-7	25	220	220	220	220	136	136	136	316	-7	his	False	P	False	3	0	1	0
3257	101	8	172	0	his	False	-7	27	272	724	724	1136	0	0	0	0	-7	his	False	P	False	3	0	1	0
3258	101	8	182	0	his	False	-7	28	304	304	304	304	0	0	0	0	-7	his	False	P	False	3	0	1	0
3260	101	8	42	0	his	False	-7	30	196	296	296	296	148	148	148	1388	-7	his	False	P	False	3	0	1	0
3262	101	8	127	0	his	False	-7	32	324	324	324	496	284	596	596	596	-7	his	False	P	False	3	0	1	0
3263	101	8	54	0	his	False	-7	33	260	260	260	260	396	692	692	692	-7	his	False	P	False	3	0	1	0
3267	101	8	71	0	his	False	-7	37	240	240	240	240	220	600	600	600	-7	his	False	P	False	3	0	1	0
3268	101	8	4	0	his	False	-7	38	140	140	140	140	324	488	488	808	-7	his	False	P	False	3	0	1	0
3269	101	8	53	0	his	False	-7	39	136	136	136	136	132	132	132	1108	-7	his	False	P	False	3	0	1	0
3271	101	8	188	0	his	False	-7	41	228	228	228	228	0	0	0	0	-7	his	False	P	False	3	0	1	0
3273	101	8	134	0	his	False	-7	43	220	220	220	296	288	288	288	920	-7	his	False	P	False	3	0	1	0
3276	102	5	167	0	his	False	-4	3	160	320	320	320	148	148	148	148	-4	his	False	P	False	3	0	1	0
3278	102	5	57	0	his	False	-4	5	368	368	368	368	0	0	0	0	-4	his	False	P	False	3	0	1	0
3280	102	5	116	0	his	False	-4	7	96	96	96	96	0	0	0	0	-4	his	False	P	False	3	0	1	0
3281	102	5	34	0	his	False	-4	8	464	464	464	464	0	0	0	0	-4	his	False	P	False	3	0	1	0
3284	102	5	113	0	his	False	-4	12	128	128	128	128	0	0	0	0	-4	his	False	P	False	3	0	1	0
3286	102	5	125	0	his	False	-4	14	196	196	196	196	184	184	184	184	-4	his	False	P	False	3	0	1	0
3288	102	5	7	0	his	False	-4	16	164	164	164	164	140	140	140	140	-4	his	False	P	False	3	0	1	0
3291	102	5	157	0	his	False	-4	19	188	188	188	188	112	112	112	112	-4	his	False	P	False	3	0	1	0
3292	102	5	159	0	his	False	-4	20	256	256	256	256	200	200	384	788	-4	his	False	P	False	3	0	1	0
3295	102	5	202	0	his	False	-4	23	176	176	176	176	360	360	360	360	-4	his	False	P	False	3	0	1	0
3296	102	5	83	0	his	False	-4	24	168	168	168	168	140	140	140	140	-4	his	False	P	False	3	0	1	0
3297	102	5	138	0	his	False	-4	25	120	120	120	120	176	176	176	176	-4	his	False	P	False	3	0	1	0
3298	102	5	38	0	his	False	-4	27	240	240	240	240	160	292	292	292	-4	his	False	P	False	3	0	1	0
3299	102	5	92	0	his	False	-4	28	372	564	852	1072	292	292	292	292	-4	his	False	P	False	3	0	1	0
3300	102	5	90	0	his	False	-4	29	184	184	184	184	160	160	160	160	-4	his	False	P	False	3	0	1	0
3301	102	5	12	0	his	False	-4	30	440	440	664	1400	180	180	180	180	-4	his	False	P	False	3	0	1	0
3302	102	5	164	0	his	False	-4	31	144	144	144	256	196	196	196	196	-4	his	False	P	False	3	0	1	0
3304	102	5	189	0	his	False	-4	33	192	192	192	192	168	168	168	168	-4	his	False	P	False	3	0	1	0
3305	102	5	63	0	his	False	-4	34	164	164	164	164	0	0	0	0	-4	his	False	P	False	3	0	1	0
3308	102	5	189	0	his	False	-4	37	284	284	284	284	196	284	284	284	-4	his	False	P	False	3	0	1	0
3309	102	5	144	0	his	False	-4	38	296	296	296	404	164	164	164	164	-4	his	False	P	False	3	0	1	0
3311	102	5	150	0	his	False	-4	40	148	148	148	148	128	128	128	388	-4	his	False	P	False	3	0	1	0
3313	102	5	128	0	his	False	-4	42	144	144	144	144	0	0	0	0	-4	his	False	P	False	3	0	1	0
3316	102	8	18	0	his	False	-3	2	148	148	148	648	0	0	0	0	-3	his	False	P	False	3	1	1	0
3318	102	8	19	0	his	False	-3	4	152	152	152	152	144	472	472	756	-3	his	False	P	False	3	1	1	0
3320	102	8	179	0	his	False	-3	6	152	152	152	152	140	140	140	280	-3	his	False	P	False	3	1	1	0
3321	102	8	116	0	his	False	-3	7	36	36	36	36	180	180	384	2592	-3	his	False	P	False	3	1	1	0
3323	102	8	12	0	his	False	-3	10	248	248	248	248	252	252	252	1164	-3	his	False	P	False	3	1	1	0
3326	102	8	102	0	his	False	-3	13	264	264	264	264	272	508	508	708	-3	his	False	P	False	3	1	1	0
3328	102	8	194	0	his	False	-3	15	220	220	220	220	172	172	172	172	-3	his	False	P	False	3	1	1	0
3333	102	8	159	0	his	False	-3	20	164	164	164	164	192	192	192	700	-3	his	False	P	False	3	1	1	0
3334	102	8	109	0	his	False	-3	21	136	136	136	136	184	184	184	184	-3	his	False	P	False	3	1	1	0
3336	102	8	202	0	his	False	-3	23	144	144	144	144	368	368	524	1484	-3	his	False	P	False	3	1	1	0
3341	102	8	90	0	his	False	-3	29	276	276	276	276	152	152	152	288	-3	his	False	P	False	3	1	1	0
3343	102	8	164	0	his	False	-3	31	92	92	228	1044	168	168	168	168	-3	his	False	P	False	3	1	1	0
3345	102	8	189	0	his	False	-3	33	180	180	180	368	144	308	308	904	-3	his	False	P	False	3	1	1	0
3346	102	8	63	0	his	False	-3	34	220	220	220	408	0	0	0	0	-3	his	False	P	False	3	1	1	0
3347	102	8	191	0	his	False	-3	35	124	124	124	124	0	0	0	0	-3	his	False	P	False	3	1	1	0
3348	102	8	47	0	his	False	-3	36	264	408	408	408	132	132	132	392	-3	his	False	P	False	3	1	1	0
3349	102	8	189	0	his	False	-3	37	128	128	128	128	116	116	116	412	-3	his	False	P	False	3	1	1	0
3351	102	8	16	0	his	False	-3	39	240	240	240	240	104	104	104	104	-3	his	False	P	False	3	1	1	0
3353	102	8	77	0	his	False	-3	41	188	324	324	324	156	328	328	508	-3	his	False	P	False	3	1	1	0
3397	104	3	95	0	his	False	-2	1	224	224	224	224	192	192	192	192	-2	his	False	P	False	3	0	1	0
3399	104	3	184	0	his	False	-2	3	200	200	200	200	232	232	232	232	-2	his	False	P	False	3	0	1	0
3403	104	3	147	0	his	False	-2	7	184	288	288	288	0	0	0	0	-2	his	False	P	False	3	0	1	0
3404	104	3	98	0	his	False	-2	8	208	208	208	208	0	0	0	0	-2	his	False	P	False	3	0	1	0
3405	104	3	201	0	his	False	-2	10	184	184	184	184	152	152	152	152	-2	his	False	P	False	3	0	1	0
3406	104	3	124	0	his	False	-2	11	180	180	180	180	128	128	128	128	-2	his	False	P	False	3	0	1	0
3407	104	3	5	0	his	False	-2	12	160	160	160	160	124	124	124	124	-2	his	False	P	False	3	0	1	0
3408	104	3	101	0	his	False	-2	13	232	232	232	232	164	164	164	164	-2	his	False	P	False	3	0	1	0
3409	104	3	142	0	his	False	-2	14	212	212	212	212	0	0	0	0	-2	his	False	P	False	3	0	1	0
3410	104	3	149	0	his	False	-2	15	132	132	132	132	0	0	0	0	-2	his	False	P	False	3	0	1	0
3411	104	3	49	0	his	False	-2	16	220	220	220	220	0	0	0	0	-2	his	False	P	False	3	0	1	0
3414	104	3	113	0	his	False	-2	19	156	156	156	156	112	112	112	112	-2	his	False	P	False	3	0	1	0
3418	104	3	93	0	his	False	-2	23	204	204	204	204	156	156	156	464	-2	his	False	P	False	3	0	1	0
3419	104	3	78	0	his	False	-2	24	152	152	152	152	168	168	168	168	-2	his	False	P	False	3	0	1	0
3420	104	3	35	0	his	False	-2	25	240	240	240	240	80	80	224	600	-2	his	False	P	False	3	0	1	0
3424	104	3	27	0	his	False	-2	30	288	288	288	288	212	212	212	212	-2	his	False	P	False	3	0	1	0
3426	104	3	192	0	his	False	-2	32	188	188	188	188	204	204	204	204	-2	his	False	P	False	3	0	1	0
3429	104	3	27	0	his	False	-2	35	164	164	164	164	168	168	168	168	-2	his	False	P	False	3	0	1	0
3431	104	3	9	0	his	False	-2	37	272	272	272	272	192	192	192	192	-2	his	False	P	False	3	0	1	0
3433	104	3	22	0	his	False	-2	39	292	292	292	1456	432	432	644	940	-2	his	False	P	False	3	0	1	0
3435	104	3	204	0	his	False	-2	41	208	208	208	208	116	116	116	116	-2	his	False	P	False	3	0	1	0
3438	106	3	108	0	his	False	-2	1	164	212	212	212	124	124	124	124	-2	his	False	P	False	3	0	1	0
3439	106	3	154	0	his	False	-2	2	164	164	164	164	116	116	116	116	-2	his	False	P	False	3	0	1	0
3440	106	3	177	0	his	False	-2	3	132	248	248	248	180	180	180	180	-2	his	False	P	False	3	0	1	0
3442	106	3	108	0	his	False	-2	5	216	216	216	904	204	204	204	204	-2	his	False	P	False	3	0	1	0
3443	106	3	127	0	his	False	-2	6	124	124	124	124	0	0	0	0	-2	his	False	P	False	3	0	1	0
3444	106	3	16	0	his	False	-2	7	116	116	116	116	124	124	124	124	-2	his	False	P	False	3	0	1	0
3445	106	3	113	0	his	False	-2	8	224	224	224	224	0	0	0	0	-2	his	False	P	False	3	0	1	0
3447	106	3	187	0	his	False	-2	11	164	164	164	164	148	148	148	148	-2	his	False	P	False	3	0	1	0
3449	106	3	196	0	his	False	-2	13	184	184	184	184	128	128	128	128	-2	his	False	P	False	3	0	1	0
3452	106	3	16	0	his	False	-2	16	188	188	188	188	148	148	148	148	-2	his	False	P	False	3	0	1	0
3455	106	3	2	0	his	False	-2	19	200	200	200	200	104	104	104	104	-2	his	False	P	False	3	0	1	0
3456	106	3	196	0	his	False	-2	20	136	136	136	136	0	0	0	0	-2	his	False	P	False	3	0	1	0
3457	106	3	179	0	his	False	-2	21	128	128	128	128	128	128	128	128	-2	his	False	P	False	3	0	1	0
3459	106	3	52	0	his	False	-2	23	176	176	176	176	268	268	268	268	-2	his	False	P	False	3	0	1	0
3460	106	3	137	0	his	False	-2	24	128	128	128	128	112	112	112	112	-2	his	False	P	False	3	0	1	0
3461	106	3	129	0	his	False	-2	25	264	264	264	828	192	316	316	316	-2	his	False	P	False	3	0	1	0
3462	106	3	146	0	his	False	-2	27	232	232	232	232	0	0	0	0	-2	his	False	P	False	3	0	1	0
3463	106	3	20	0	his	False	-2	28	120	228	228	228	192	704	704	704	-2	his	False	P	False	3	0	1	0
3465	106	3	2	0	his	False	-2	30	248	248	248	248	0	0	0	0	-2	his	False	P	False	3	0	1	0
3467	106	3	133	0	his	False	-2	32	244	244	244	244	228	228	228	228	-2	his	False	P	False	3	0	1	0
3478	106	3	85	0	his	False	-2	43	224	224	224	224	104	104	104	104	-2	his	False	P	False	3	0	1	0
3521	107	5	104	0	him	True	?	2	156	156	156	156	164	164	164	164	?	him	False	O	False	3	1	0	0
3522	107	5	94	0	him	True	?	3	140	140	140	140	208	208	208	208	?	him	False	O	False	3	1	0	0
3523	107	5	6	0	him	True	?	4	148	148	148	148	204	204	204	204	?	him	False	O	False	3	1	0	0
3524	107	5	172	0	him	True	?	5	176	176	176	176	156	156	156	156	?	him	False	O	False	3	1	0	0
3525	107	5	123	0	him	True	?	6	152	152	152	152	208	208	208	208	?	him	False	O	False	3	1	0	0
3526	107	5	115	0	him	True	?	7	120	120	120	376	184	184	184	184	?	him	False	O	False	3	1	0	0
3527	107	5	71	0	him	True	?	8	148	148	148	148	116	116	116	116	?	him	False	O	False	3	1	0	0
3529	107	5	154	0	him	True	?	11	140	140	140	140	124	124	124	124	?	him	False	O	False	3	1	0	0
3532	107	5	193	0	him	True	?	14	292	292	292	292	208	208	208	208	?	him	False	O	False	3	1	0	0
3534	107	5	189	0	him	True	?	16	156	156	156	156	156	156	156	156	?	him	False	O	False	3	1	0	0
3537	107	5	120	0	him	True	?	19	196	196	196	196	176	176	176	176	?	him	False	O	False	3	1	0	0
3538	107	5	151	0	him	True	?	20	172	172	172	172	136	136	136	136	?	him	False	O	False	3	1	0	0
3541	107	5	128	0	him	True	?	23	168	168	168	168	212	528	528	528	?	him	False	O	False	3	1	0	0
3544	107	5	17	0	him	True	?	27	252	344	344	592	120	120	120	120	?	him	False	O	False	3	1	0	0
3546	107	5	151	0	him	True	?	29	448	448	448	448	144	144	144	144	?	him	False	O	False	3	1	0	0
3547	107	5	142	0	him	True	?	30	260	260	260	260	156	156	156	156	?	him	False	O	False	3	1	0	0
3549	107	5	104	0	him	True	?	32	164	164	164	164	196	196	196	196	?	him	False	O	False	3	1	0	0
3550	107	5	96	0	him	True	?	33	212	212	212	212	188	188	188	188	?	him	False	O	False	3	1	0	0
3552	107	5	116	0	him	True	?	35	144	144	144	144	196	196	196	196	?	him	False	O	False	3	1	0	0
3554	107	5	52	0	him	True	?	37	132	132	132	132	160	160	160	160	?	him	False	O	False	3	1	0	0
3555	107	5	12	0	him	True	?	38	152	152	152	152	72	72	456	700	?	him	False	O	False	3	1	0	0
3556	107	5	54	0	him	True	?	39	396	396	532	748	144	144	144	144	?	him	False	O	False	3	1	0	0
3561	107	8	94	0	her	True	-7	1	148	148	148	148	220	508	508	508	-7	her	False	O	False	3	2	1	0
3562	107	8	104	0	her	True	-7	2	156	156	156	156	172	172	172	548	-7	her	False	O	False	3	2	1	0
3563	107	8	94	0	her	True	-7	3	232	444	444	444	116	196	196	196	-7	her	False	O	False	3	2	1	0
3564	107	8	6	0	her	True	-7	4	172	172	172	172	92	92	92	768	-7	her	False	O	False	3	2	1	0
3565	107	8	172	0	her	True	-7	5	380	380	380	660	0	0	0	0	-7	her	False	O	False	3	2	1	0
3566	107	8	123	0	her	True	-7	6	168	168	168	168	0	0	0	0	-7	her	False	O	False	3	2	1	0
3567	107	8	115	0	her	True	-7	7	180	180	352	588	312	312	448	1076	-7	her	False	O	False	3	2	1	0
3568	107	8	71	0	her	True	-7	8	192	192	192	192	140	140	140	400	-7	her	False	O	False	3	2	1	0
3569	107	8	183	0	her	True	-7	10	232	232	232	232	316	316	316	1128	-7	her	False	O	False	3	2	1	0
3570	107	8	154	0	her	True	-7	11	292	292	292	292	248	444	444	444	-7	her	False	O	False	3	2	1	0
3571	107	8	196	0	her	True	-7	12	348	348	348	832	0	0	0	0	-7	her	False	O	False	3	2	1	0
3572	107	8	84	0	her	True	-7	13	476	560	560	560	0	0	0	0	-7	her	False	O	False	3	2	1	0
3573	107	8	193	0	her	True	-7	14	220	220	392	596	348	348	348	348	-7	her	False	O	False	3	2	1	0
3574	107	8	199	0	her	True	-7	15	240	240	360	632	0	0	0	0	-7	her	False	O	False	3	2	1	0
3575	107	8	189	0	her	True	-7	16	200	484	484	484	456	456	612	1204	-7	her	False	O	False	3	2	1	0
3576	107	8	109	0	her	True	-7	17	404	404	516	596	0	0	0	0	-7	her	False	O	False	3	2	1	0
3577	107	8	109	0	her	True	-7	18	216	216	296	432	0	0	0	0	-7	her	False	O	False	3	2	1	0
3578	107	8	120	0	her	True	-7	19	120	120	120	120	312	312	312	1240	-7	her	False	O	False	3	2	1	0
3581	107	8	3	0	her	True	-7	22	264	264	704	1964	160	364	364	364	-7	her	False	O	False	3	2	1	0
3582	107	8	128	0	her	True	-7	23	172	172	172	172	468	468	468	752	-7	her	False	O	False	3	2	1	0
3583	107	8	17	0	her	True	-7	24	304	304	304	864	0	0	0	0	-7	her	False	O	False	3	2	1	0
3584	107	8	64	0	her	True	-7	25	168	168	168	168	212	212	400	508	-7	her	False	O	False	3	2	1	0
3585	107	8	17	0	her	True	-7	27	296	296	296	296	192	192	192	192	-7	her	False	O	False	3	2	1	0
3586	107	8	117	0	her	True	-7	28	232	368	368	368	100	100	100	100	-7	her	False	O	False	3	2	1	0
3587	107	8	151	0	her	True	-7	29	216	216	216	216	236	236	236	236	-7	her	False	O	False	3	2	1	0
3588	107	8	142	0	her	True	-7	30	196	196	196	676	232	232	444	636	-7	her	False	O	False	3	2	1	0
3590	107	8	104	0	her	True	-7	32	164	164	164	164	212	212	212	212	-7	her	False	O	False	3	2	1	0
3591	107	8	96	0	her	True	-7	33	272	272	272	272	188	188	188	1144	-7	her	False	O	False	3	2	1	0
3593	107	8	116	0	her	True	-7	35	148	148	148	148	164	164	164	164	-7	her	False	O	False	3	2	1	0
3594	107	8	194	0	her	True	-7	36	220	220	1128	1540	0	0	0	0	-7	her	False	O	False	3	2	1	0
3595	107	8	52	0	her	True	-7	37	140	140	556	1384	0	0	0	0	-7	her	False	O	False	3	2	1	0
3596	107	8	12	0	her	True	-7	38	220	220	220	220	124	124	124	124	-7	her	False	O	False	3	2	1	0
3597	107	8	54	0	her	True	-7	39	336	540	540	692	0	0	0	0	-7	her	False	O	False	3	2	1	0
3599	107	8	13	0	her	True	-7	41	220	220	220	220	108	280	280	280	-7	her	False	O	False	3	2	1	0
3600	107	8	179	0	her	True	-7	42	168	168	168	312	0	0	0	0	-7	her	False	O	False	3	2	1	0
3601	107	8	27	0	her	True	-7	43	260	556	556	556	172	172	172	172	-7	her	False	O	False	3	2	1	0
3686	109	4	77	0	her	True	?	1	208	208	208	208	168	168	168	224	?	her	False	O	False	3	0	0	0
3687	109	4	72	0	her	True	?	2	208	208	208	208	184	256	256	256	?	her	False	O	False	3	0	0	0
3688	109	4	160	0	her	True	?	3	212	212	212	212	168	168	168	168	?	her	False	O	False	3	0	0	0
3689	109	4	147	0	her	True	?	4	252	252	252	252	160	160	160	160	?	her	False	O	False	3	0	0	0
3693	109	4	129	0	her	True	?	8	144	144	144	144	92	92	92	92	?	her	False	O	False	3	0	0	0
3694	109	4	163	0	her	True	?	10	180	180	180	180	128	128	128	128	?	her	False	O	False	3	0	0	0
3696	109	4	2	0	her	True	?	12	180	180	180	180	240	240	240	240	?	her	False	O	False	3	0	0	0
3697	109	4	133	0	her	True	?	13	180	180	180	180	196	196	196	196	?	her	False	O	False	3	0	0	0
3700	109	4	87	0	her	True	?	16	140	140	316	472	92	92	92	92	?	her	False	O	False	3	0	0	0
3703	109	4	178	0	her	True	?	19	188	188	188	188	156	156	156	156	?	her	False	O	False	3	0	0	0
3704	109	4	4	0	her	True	?	20	132	132	132	132	0	0	0	0	?	her	False	O	False	3	0	0	0
3705	109	4	62	0	her	True	?	21	144	144	144	240	148	148	148	148	?	her	False	O	False	3	0	0	0
3706	109	4	180	0	her	True	?	22	172	172	172	172	200	200	200	200	?	her	False	O	False	3	0	0	0
3708	109	4	15	0	her	True	?	24	172	172	172	172	276	276	276	276	?	her	False	O	False	3	0	0	0
3710	109	4	175	0	her	True	?	27	500	500	500	500	156	156	156	156	?	her	False	O	False	3	0	0	0
3711	109	4	183	0	her	True	?	28	360	360	360	360	248	248	248	248	?	her	False	O	False	3	0	0	0
3713	109	4	145	0	her	True	?	30	320	320	320	320	264	264	264	264	?	her	False	O	False	3	0	0	0
3715	109	4	86	0	her	True	?	32	272	272	272	272	180	180	180	180	?	her	False	O	False	3	0	0	0
3716	109	4	140	0	her	True	?	33	72	72	72	72	272	372	372	476	?	her	False	O	False	3	0	0	0
3717	109	4	47	0	her	True	?	34	208	208	208	208	244	416	416	540	?	her	False	O	False	3	0	0	0
3718	109	4	104	0	her	True	?	35	136	136	136	136	0	0	0	0	?	her	False	O	False	3	0	0	0
3719	109	4	159	0	her	True	?	36	164	164	164	164	156	156	156	156	?	her	False	O	False	3	0	0	0
3720	109	4	203	0	her	True	?	37	220	220	220	220	52	52	184	364	?	her	False	O	False	3	0	0	0
3721	109	4	24	0	her	True	?	38	200	200	200	200	0	0	0	0	?	her	False	O	False	3	0	0	0
3722	109	4	185	0	her	True	?	39	128	128	128	128	0	0	0	0	?	her	False	O	False	3	0	0	0
3724	109	4	179	0	her	True	?	41	128	128	128	128	112	112	392	1036	?	her	False	O	False	3	0	0	0
3726	109	4	107	0	her	True	?	43	196	196	196	196	88	88	88	88	?	her	False	O	False	3	0	0	0
3727	110	4	166	0	him	True	?	1	244	244	244	244	132	248	248	248	?	him	False	O	False	3	0	0	0
3728	110	4	162	0	him	True	?	2	148	148	148	148	0	0	0	0	?	him	False	O	False	3	0	0	0
3729	110	4	49	0	him	True	?	3	152	152	152	152	164	164	164	164	?	him	False	O	False	3	0	0	0
3730	110	4	60	0	him	True	?	4	160	160	160	160	0	0	0	0	?	him	False	O	False	3	0	0	0
3732	110	4	99	0	him	True	?	6	152	152	152	152	140	140	140	140	?	him	False	O	False	3	0	0	0
3734	110	4	135	0	him	True	?	8	192	192	192	192	0	0	0	0	?	him	False	O	False	3	0	0	0
3735	110	4	90	0	him	True	?	10	188	188	188	188	0	0	0	0	?	him	False	O	False	3	0	0	0
3736	110	4	77	0	him	True	?	11	216	216	216	216	176	176	176	176	?	him	False	O	False	3	0	0	0
3737	110	4	14	0	him	True	?	12	308	308	308	308	0	0	0	0	?	him	False	O	False	3	0	0	0
3738	110	4	151	0	him	True	?	13	156	156	156	156	0	0	0	0	?	him	False	O	False	3	0	0	0
3739	110	4	53	0	him	True	?	14	148	148	148	148	0	0	0	0	?	him	False	O	False	3	0	0	0
3740	110	4	31	0	him	True	?	15	164	164	164	164	0	0	0	0	?	him	False	O	False	3	0	0	0
3741	110	4	20	0	him	True	?	16	196	196	196	196	144	144	144	144	?	him	False	O	False	3	0	0	0
3744	110	4	69	0	him	True	?	19	124	236	236	236	184	184	184	184	?	him	False	O	False	3	0	0	0
3745	110	4	112	0	him	True	?	20	152	152	152	152	0	0	0	0	?	him	False	O	False	3	0	0	0
3746	110	4	127	0	him	True	?	21	156	156	156	156	0	0	0	0	?	him	False	O	False	3	0	0	0
3747	110	4	40	0	him	True	?	22	264	264	264	452	0	0	0	0	?	him	False	O	False	3	0	0	0
3748	110	4	176	0	him	True	?	23	288	288	288	288	216	216	216	216	?	him	False	O	False	3	0	0	0
3754	110	4	161	0	him	True	?	30	188	188	188	188	240	240	240	240	?	him	False	O	False	3	0	0	0
3755	110	4	89	0	him	True	?	31	104	104	104	216	160	160	160	160	?	him	False	O	False	3	0	0	0
3756	110	4	66	0	him	True	?	32	208	208	208	208	0	0	0	0	?	him	False	O	False	3	0	0	0
3757	110	4	25	0	him	True	?	33	224	224	224	224	284	284	284	284	?	him	False	O	False	3	0	0	0
3761	110	4	156	0	him	True	?	37	176	176	176	176	140	140	140	140	?	him	False	O	False	3	0	0	0
3762	110	4	136	0	him	True	?	38	152	152	152	152	0	0	0	0	?	him	False	O	False	3	0	0	0
3764	110	4	182	0	him	True	?	40	204	332	332	332	0	0	0	0	?	him	False	O	False	3	0	0	0
3767	110	4	178	0	him	True	?	43	268	268	268	268	0	0	0	0	?	him	False	O	False	3	0	0	0
3856	113	8	51	0	his	True	-7	7	164	164	164	164	0	0	0	0	-7	his	False	P	False	3	1	1	0
3857	113	8	181	0	his	True	-7	8	200	200	200	200	200	200	404	1712	-7	his	False	P	False	3	1	1	0
3859	113	8	23	0	his	True	-7	11	136	136	136	136	236	544	544	544	-7	his	False	P	False	3	1	1	0
3861	113	8	77	0	his	True	-7	13	240	240	240	240	0	0	0	0	-7	his	False	P	False	3	1	1	0
3864	113	8	68	0	his	True	-7	16	180	180	180	180	256	396	396	396	-7	his	False	P	False	3	1	1	0
3868	113	8	201	0	his	True	-7	20	164	164	164	164	0	0	0	0	-7	his	False	P	False	3	1	1	0
3869	113	8	155	0	his	True	-7	21	180	180	180	180	416	416	416	416	-7	his	False	P	False	3	1	1	0
3878	113	8	54	0	his	True	-7	31	132	132	132	132	0	0	0	0	-7	his	False	P	False	3	1	1	0
3880	113	8	28	0	his	True	-7	33	168	168	168	168	160	160	160	160	-7	his	False	P	False	3	1	1	0
3881	113	8	117	0	his	True	-7	34	140	140	140	140	304	304	304	304	-7	his	False	P	False	3	1	1	0
3883	113	8	121	0	his	True	-7	36	172	172	172	172	0	0	0	0	-7	his	False	P	False	3	1	1	0
3888	113	8	32	0	his	True	-7	41	176	176	176	176	248	248	248	248	-7	his	False	P	False	3	1	1	0
3889	113	8	174	0	his	True	-7	42	264	264	264	264	268	268	268	528	-7	his	False	P	False	3	1	1	0
3932	114	6	79	0	him	True	-5	1	236	236	236	236	360	360	360	360	-5	him	False	O	False	3	1	1	0
3933	114	6	24	0	him	True	-5	2	92	92	92	92	0	0	0	0	-5	him	False	O	False	3	1	1	0
3934	114	6	127	0	him	True	-5	3	284	284	284	284	0	0	0	0	-5	him	False	O	False	3	1	1	0
3935	114	6	74	0	him	True	-5	4	140	140	140	140	0	0	0	0	-5	him	False	O	False	3	1	1	0
3936	114	6	121	0	him	True	-5	5	424	424	424	424	0	0	0	0	-5	him	False	O	False	3	1	1	0
3938	114	6	52	0	him	True	-5	7	244	244	244	244	0	0	0	0	-5	him	False	O	False	3	1	1	0
3940	114	6	48	0	him	True	-5	10	160	160	160	160	0	0	0	0	-5	him	False	O	False	3	1	1	0
3941	114	6	121	0	him	True	-5	11	228	228	228	228	0	0	0	0	-5	him	False	O	False	3	1	1	0
3943	114	6	161	0	him	True	-5	13	160	160	160	160	0	0	0	0	-5	him	False	O	False	3	1	1	0
3945	114	6	127	0	him	True	-5	15	292	292	292	584	0	0	0	0	-5	him	False	O	False	3	1	1	0
3946	114	6	135	0	him	True	-5	16	208	348	348	348	172	172	172	172	-5	him	False	O	False	3	1	1	0
3949	114	6	12	0	him	True	-5	19	120	120	120	120	208	208	208	208	-5	him	False	O	False	3	1	1	0
3950	114	6	147	0	him	True	-5	20	76	76	76	324	0	0	0	0	-5	him	False	O	False	3	1	1	0
3952	114	6	132	0	him	True	-5	22	200	200	200	200	0	0	0	0	-5	him	False	O	False	3	1	1	0
3953	114	6	205	0	him	True	-5	23	220	220	220	220	232	232	232	232	-5	him	False	O	False	3	1	1	0
3954	114	6	147	0	him	True	-5	24	312	312	312	312	0	0	0	0	-5	him	False	O	False	3	1	1	0
3956	114	6	67	0	him	True	-5	27	240	240	240	548	304	304	304	304	-5	him	False	O	False	3	1	1	0
3957	114	6	170	0	him	True	-5	28	268	268	268	268	136	136	136	136	-5	him	False	O	False	3	1	1	0
3959	114	6	170	0	him	True	-5	30	320	320	320	320	256	256	256	256	-5	him	False	O	False	3	1	1	0
3960	114	6	150	0	him	True	-5	31	164	164	164	164	0	0	0	0	-5	him	False	O	False	3	1	1	0
3961	114	6	135	0	him	True	-5	32	300	300	300	300	0	0	0	0	-5	him	False	O	False	3	1	1	0
3962	114	6	51	0	him	True	-5	33	196	324	324	324	0	0	0	0	-5	him	False	O	False	3	1	1	0
3965	114	6	178	0	him	True	-5	36	216	216	216	216	0	0	0	0	-5	him	False	O	False	3	1	1	0
3966	114	6	180	0	him	True	-5	37	188	188	188	188	0	0	0	0	-5	him	False	O	False	3	1	1	0
3972	114	6	147	0	him	True	-5	43	232	232	232	232	180	180	180	180	-5	him	False	O	False	3	1	1	0
3974	114	8	24	0	they	True	-6	2	176	176	176	176	0	0	0	0	-6	they	False	O	True	4	2	1	0
3975	114	8	127	0	they	True	-6	3	168	168	336	564	196	196	196	196	-6	they	False	O	True	4	2	1	0
3976	114	8	74	0	they	True	-6	4	132	132	132	132	168	168	168	168	-6	they	False	O	True	4	2	1	0
3977	114	8	121	0	they	True	-6	5	156	216	216	216	216	216	216	216	-6	they	False	O	True	4	2	1	0
3980	114	8	195	0	they	True	-6	8	276	276	276	276	204	204	204	328	-6	they	False	O	True	4	2	1	0
3981	114	8	48	0	they	True	-6	10	160	160	160	160	132	132	132	132	-6	they	False	O	True	4	2	1	0
3982	114	8	121	0	they	True	-6	11	168	168	168	168	288	288	288	288	-6	they	False	O	True	4	2	1	0
3983	114	8	128	0	they	True	-6	12	328	328	564	3652	0	0	0	0	-6	they	False	O	True	4	2	1	0
3984	114	8	161	0	they	True	-6	13	236	236	236	236	180	180	180	560	-6	they	False	O	True	4	2	1	0
3985	114	8	76	0	they	True	-6	14	304	304	304	304	0	0	0	0	-6	they	False	O	True	4	2	1	0
3987	114	8	135	0	they	True	-6	16	216	216	216	216	268	268	268	268	-6	they	False	O	True	4	2	1	0
3988	114	8	6	0	they	True	-6	17	192	192	192	192	0	0	0	0	-6	they	False	O	True	4	2	1	0
3989	114	8	158	0	they	True	-6	18	212	212	212	212	196	348	348	348	-6	they	False	O	True	4	2	1	0
3990	114	8	12	0	they	True	-6	19	168	168	168	168	0	0	0	0	-6	they	False	O	True	4	2	1	0
3991	114	8	147	0	they	True	-6	20	200	200	200	200	140	140	140	140	-6	they	False	O	True	4	2	1	0
3992	114	8	33	0	they	True	-6	21	132	132	132	132	0	0	0	0	-6	they	False	O	True	4	2	1	0
3993	114	8	132	0	they	True	-6	22	252	252	252	252	212	212	212	212	-6	they	False	O	True	4	2	1	0
3994	114	8	205	0	they	True	-6	23	160	292	292	292	0	0	0	0	-6	they	False	O	True	4	2	1	0
3995	114	8	147	0	they	True	-6	24	136	136	136	136	184	184	720	948	-6	they	False	O	True	4	2	1	0
3996	114	8	101	0	they	True	-6	25	204	204	204	204	152	152	152	152	-6	they	False	O	True	4	2	1	0
3997	114	8	67	0	they	True	-6	27	208	208	208	208	212	212	212	212	-6	they	False	O	True	4	2	1	0
3999	114	8	167	0	they	True	-6	29	208	208	208	208	0	0	0	0	-6	they	False	O	True	4	2	1	0
4000	114	8	170	0	they	True	-6	30	132	132	132	132	324	324	324	324	-6	they	False	O	True	4	2	1	0
4002	114	8	135	0	they	True	-6	32	256	256	256	256	352	352	352	352	-6	they	False	O	True	4	2	1	0
4003	114	8	51	0	they	True	-6	33	92	288	288	288	60	200	344	1524	-6	they	False	O	True	4	2	1	0
4004	114	8	11	0	they	True	-6	34	316	316	316	480	224	224	224	224	-6	they	False	O	True	4	2	1	0
4005	114	8	23	0	they	True	-6	35	180	180	180	180	172	172	172	172	-6	they	False	O	True	4	2	1	0
4007	114	8	180	0	they	True	-6	37	136	320	320	320	144	144	144	144	-6	they	False	O	True	4	2	1	0
4008	114	8	100	0	they	True	-6	38	200	200	200	200	0	0	0	0	-6	they	False	O	True	4	2	1	0
4009	114	8	3	0	they	True	-6	39	136	136	136	136	0	0	0	0	-6	they	False	O	True	4	2	1	0
4010	114	8	135	0	they	True	-6	40	140	140	140	140	0	0	0	0	-6	they	False	O	True	4	2	1	0
4011	114	8	103	0	they	True	-6	41	192	192	192	192	252	252	252	252	-6	they	False	O	True	4	2	1	0
4014	115	9	61	0	that	True	?	1	220	220	220	220	232	232	632	1840	?	that	False	O	False	4	0	0	0
4015	115	9	169	0	that	True	?	2	184	184	184	184	168	492	492	492	?	that	False	O	False	4	0	0	0
4016	115	9	109	0	that	True	?	3	264	264	264	264	208	208	208	400	?	that	False	O	False	4	0	0	0
4017	115	9	38	0	that	True	?	4	160	160	160	160	352	352	352	352	?	that	False	O	False	4	0	0	0
4022	115	9	164	0	that	True	?	10	176	176	176	176	216	216	588	1480	?	that	False	O	False	4	0	0	0
4025	115	9	127	0	that	True	?	13	604	604	604	604	268	268	268	364	?	that	False	O	False	4	0	0	0
4026	115	9	42	0	that	True	?	14	136	136	136	136	292	292	292	292	?	that	False	O	False	4	0	0	0
4027	115	9	60	0	that	True	?	15	380	380	380	380	268	268	268	508	?	that	False	O	False	4	0	0	0
4028	115	9	27	0	that	True	?	16	244	244	244	244	156	656	656	1192	?	that	False	O	False	4	0	0	0
4029	115	9	4	0	that	True	?	17	224	224	224	224	204	312	312	1236	?	that	False	O	False	4	0	0	0
4031	115	9	98	0	that	True	?	19	344	344	344	344	160	160	160	160	?	that	False	O	False	4	0	0	0
4033	115	9	88	0	that	True	?	21	132	132	132	132	252	252	252	252	?	that	False	O	False	4	0	0	0
4034	115	9	37	0	that	True	?	22	412	412	412	412	0	0	0	0	?	that	False	O	False	4	0	0	0
4035	115	9	87	0	that	True	?	23	212	352	352	352	244	244	472	868	?	that	False	O	False	4	0	0	0
4037	115	9	38	0	that	True	?	25	160	160	160	236	224	224	224	448	?	that	False	O	False	4	0	0	0
4042	115	9	110	0	that	True	?	31	160	160	160	160	144	144	144	144	?	that	False	O	False	4	0	0	0
4044	115	9	127	0	that	True	?	33	264	264	264	264	148	148	148	148	?	that	False	O	False	4	0	0	0
4046	115	9	51	0	that	True	?	35	160	160	160	160	144	144	144	296	?	that	False	O	False	4	0	0	0
4047	115	9	193	0	that	True	?	36	128	128	128	128	216	216	216	216	?	that	False	O	False	4	0	0	0
4049	115	9	173	0	that	True	?	38	164	164	164	164	232	232	232	376	?	that	False	O	False	4	0	0	0
4050	115	9	19	0	that	True	?	39	164	164	164	164	196	336	336	336	?	that	False	O	False	4	0	0	0
4051	115	9	23	0	that	True	?	40	180	180	180	180	256	256	256	552	?	that	False	O	False	4	0	0	0
4052	115	9	87	0	that	True	?	41	120	120	120	120	120	236	236	236	?	that	False	O	False	4	0	0	0
4053	115	9	167	0	that	True	?	42	156	156	156	156	112	112	112	444	?	that	False	O	False	4	0	0	0
4054	115	9	71	0	that	True	?	43	168	168	168	168	200	200	200	200	?	that	False	O	False	4	0	0	0
4055	116	8	71	0	his	False	-5	1	168	168	168	168	496	496	496	496	-5	his	False	P	False	3	0	1	0
4060	116	8	73	0	his	False	-5	6	188	188	188	188	0	0	0	0	-5	his	False	P	False	3	0	1	0
4062	116	8	184	0	his	False	-5	8	144	144	144	144	352	352	352	352	-5	his	False	P	False	3	0	1	0
4063	116	8	121	0	his	False	-5	10	76	76	76	76	204	204	204	204	-5	his	False	P	False	3	0	1	0
4068	116	8	43	0	his	False	-5	15	184	184	184	184	320	320	320	1132	-5	his	False	P	False	3	0	1	0
4069	116	8	145	0	his	False	-5	16	140	140	140	140	184	184	184	184	-5	his	False	P	False	3	0	1	0
4082	116	8	49	0	his	False	-5	30	164	164	164	164	216	216	216	216	-5	his	False	P	False	3	0	1	0
4083	116	8	197	0	his	False	-5	31	136	136	136	136	0	0	0	0	-5	his	False	P	False	3	0	1	0
4087	116	8	79	0	his	False	-5	35	164	164	164	164	164	164	164	164	-5	his	False	P	False	3	0	1	0
4091	116	8	59	0	his	False	-5	39	116	116	116	116	196	196	196	196	-5	his	False	P	False	3	0	1	0
4093	116	8	89	0	his	False	-5	41	148	148	148	148	196	196	196	196	-5	his	False	P	False	3	0	1	0
4097	117	5	46	0	his	False	-4	2	144	144	144	144	56	56	56	56	-4	his	False	P	False	3	0	1	0
4098	117	5	178	0	his	False	-4	3	200	200	200	200	168	280	280	280	-4	his	False	P	False	3	0	1	0
4099	117	5	154	0	his	False	-4	4	344	344	344	344	0	0	0	0	-4	his	False	P	False	3	0	1	0
4100	117	5	187	0	his	False	-4	5	228	228	228	228	184	184	184	184	-4	his	False	P	False	3	0	1	0
4103	117	5	168	0	his	False	-4	8	200	200	200	200	128	128	128	128	-4	his	False	P	False	3	0	1	0
4104	117	5	143	0	his	False	-4	10	128	128	128	128	152	152	152	152	-4	his	False	P	False	3	0	1	0
4105	117	5	117	0	his	False	-4	11	140	140	140	140	140	140	140	140	-4	his	False	P	False	3	0	1	0
4106	117	5	110	0	his	False	-4	12	168	168	168	168	0	0	0	0	-4	his	False	P	False	3	0	1	0
4107	117	5	36	0	his	False	-4	13	240	240	240	240	188	188	188	188	-4	his	False	P	False	3	0	1	0
4110	117	5	205	0	his	False	-4	16	236	236	236	236	192	192	192	192	-4	his	False	P	False	3	0	1	0
4112	117	5	159	0	his	False	-4	19	236	236	236	236	144	144	144	144	-4	his	False	P	False	3	0	1	0
4115	117	5	135	0	his	False	-4	22	156	156	156	156	148	148	148	148	-4	his	False	P	False	3	0	1	0
4116	117	5	183	0	his	False	-4	23	144	144	144	144	224	224	224	224	-4	his	False	P	False	3	0	1	0
4117	117	5	5	0	his	False	-4	24	308	308	308	308	0	0	0	0	-4	his	False	P	False	3	0	1	0
4118	117	5	47	0	his	False	-4	25	212	212	212	212	156	156	156	156	-4	his	False	P	False	3	0	1	0
4119	117	5	78	0	his	False	-4	27	232	232	232	232	0	0	0	0	-4	his	False	P	False	3	0	1	0
4120	117	5	37	0	his	False	-4	28	164	164	288	464	0	0	0	0	-4	his	False	P	False	3	0	1	0
4122	117	5	71	0	his	False	-4	30	44	384	384	416	40	40	40	484	-4	his	False	P	False	3	0	1	0
4124	117	5	80	0	his	False	-4	32	268	368	368	368	0	0	0	0	-4	his	False	P	False	3	0	1	0
4126	117	5	8	0	his	False	-4	34	148	148	148	148	0	0	0	0	-4	his	False	P	False	3	0	1	0
4128	117	5	16	0	his	False	-4	36	172	172	172	172	0	0	0	0	-4	his	False	P	False	3	0	1	0
4129	117	5	107	0	his	False	-4	37	152	152	152	152	192	192	192	192	-4	his	False	P	False	3	0	1	0
4133	117	5	108	0	his	False	-4	41	172	320	320	320	112	112	112	112	-4	his	False	P	False	3	0	1	0
4135	117	5	66	0	his	False	-4	43	164	164	164	164	0	0	0	0	-4	his	False	P	False	3	0	1	0
4136	117	8	48	0	she	False	-1	1	164	164	164	164	180	180	180	336	-1	she	False	O	False	3	1	1	0
4138	117	8	178	0	she	False	-1	3	208	208	208	208	108	108	108	108	-1	she	False	O	False	3	1	1	0
4144	117	8	143	0	she	False	-1	10	56	56	56	56	180	180	180	180	-1	she	False	O	False	3	1	1	0
4148	117	8	26	0	she	False	-1	14	148	148	148	148	0	0	0	0	-1	she	False	O	False	3	1	1	0
4150	117	8	205	0	she	False	-1	16	128	128	128	128	92	92	92	92	-1	she	False	O	False	3	1	1	0
4152	117	8	159	0	she	False	-1	19	188	188	188	188	0	0	0	0	-1	she	False	O	False	3	1	1	0
4153	117	8	100	0	she	False	-1	20	256	256	256	256	168	168	168	168	-1	she	False	O	False	3	1	1	0
4165	117	8	26	0	she	False	-1	33	76	76	76	76	212	212	212	212	-1	she	False	O	False	3	1	1	0
4169	117	8	107	0	she	False	-1	37	204	204	204	204	168	168	168	168	-1	she	False	O	False	3	1	1	0
4171	117	8	32	0	she	False	-1	39	112	112	112	112	0	0	0	0	-1	she	False	O	False	3	1	1	0
4176	118	5	88	0	they	True	?	1	156	156	156	156	172	172	172	172	?	they	False	O	True	4	0	0	0
4177	118	5	121	0	they	True	?	2	172	172	172	172	0	0	0	0	?	they	False	O	True	4	0	0	0
4178	118	5	144	0	they	True	?	3	124	124	124	124	120	272	272	272	?	they	False	O	True	4	0	0	0
4179	118	5	65	0	they	True	?	4	152	152	152	152	0	0	0	0	?	they	False	O	True	4	0	0	0
4182	118	5	180	0	they	True	?	7	108	108	108	108	116	116	116	116	?	they	False	O	True	4	0	0	0
4184	118	5	165	0	they	True	?	10	100	100	100	100	92	92	92	92	?	they	False	O	True	4	0	0	0
4185	118	5	151	0	they	True	?	11	132	132	132	132	192	192	192	192	?	they	False	O	True	4	0	0	0
4186	118	5	22	0	they	True	?	12	148	148	148	148	0	0	0	0	?	they	False	O	True	4	0	0	0
4187	118	5	7	0	they	True	?	13	132	132	132	132	0	0	0	0	?	they	False	O	True	4	0	0	0
4188	118	5	43	0	they	True	?	14	88	88	88	88	216	216	216	216	?	they	False	O	True	4	0	0	0
4190	118	5	142	0	they	True	?	16	148	148	148	148	144	144	144	144	?	they	False	O	True	4	0	0	0
4192	118	5	194	0	they	True	?	19	148	148	148	148	144	144	144	144	?	they	False	O	True	4	0	0	0
4194	118	5	4	0	they	True	?	21	112	112	112	112	0	0	0	0	?	they	False	O	True	4	0	0	0
4195	118	5	77	0	they	True	?	22	196	196	196	196	144	144	144	144	?	they	False	O	True	4	0	0	0
4196	118	5	179	0	they	True	?	23	564	564	564	564	116	116	116	252	?	they	False	O	True	4	0	0	0
4197	118	5	161	0	they	True	?	24	224	224	224	224	164	164	164	164	?	they	False	O	True	4	0	0	0
4198	118	5	59	0	they	True	?	25	156	156	156	156	112	112	112	112	?	they	False	O	True	4	0	0	0
4200	118	5	100	0	they	True	?	28	304	304	304	304	676	676	676	676	?	they	False	O	True	4	0	0	0
4202	118	5	162	0	they	True	?	30	260	484	484	484	216	216	216	216	?	they	False	O	True	4	0	0	0
4203	118	5	123	0	they	True	?	31	184	184	184	184	0	0	0	0	?	they	False	O	True	4	0	0	0
4204	118	5	155	0	they	True	?	32	264	408	408	652	192	192	192	192	?	they	False	O	True	4	0	0	0
4205	118	5	84	0	they	True	?	33	80	80	80	80	208	208	208	208	?	they	False	O	True	4	0	0	0
4206	118	5	194	0	they	True	?	34	144	144	144	144	128	128	128	128	?	they	False	O	True	4	0	0	0
4208	118	5	21	0	they	True	?	36	176	176	176	176	0	0	0	0	?	they	False	O	True	4	0	0	0
4215	118	5	182	0	they	True	?	43	100	100	100	100	208	208	208	208	?	they	False	O	True	4	0	0	0
4216	118	8	88	0	him	True	-7	1	264	264	264	604	0	0	0	0	-7	him	False	O	False	3	1	1	0
4219	118	8	65	0	him	True	-7	4	196	196	196	196	132	132	280	856	-7	him	False	O	False	3	1	1	0
4221	118	8	125	0	him	True	-7	6	176	176	176	176	164	164	164	164	-7	him	False	O	False	3	1	1	0
4222	118	8	180	0	him	True	-7	7	176	244	244	1016	196	356	356	356	-7	him	False	O	False	3	1	1	0
4224	118	8	165	0	him	True	-7	10	116	116	116	116	316	316	316	1268	-7	him	False	O	False	3	1	1	0
4229	118	8	164	0	him	True	-7	15	144	144	144	380	108	108	108	488	-7	him	False	O	False	3	1	1	0
4231	118	8	75	0	him	True	-7	18	248	248	248	248	124	124	124	124	-7	him	False	O	False	3	1	1	0
4232	118	8	194	0	him	True	-7	19	212	212	212	344	176	176	260	1424	-7	him	False	O	False	3	1	1	0
4233	118	8	11	0	him	True	-7	20	264	264	264	264	60	60	500	1100	-7	him	False	O	False	3	1	1	0
4236	118	8	179	0	him	True	-7	23	60	60	60	60	236	420	972	3016	-7	him	False	O	False	3	1	1	0
4239	118	8	200	0	him	True	-7	27	184	184	184	184	100	100	100	360	-7	him	False	O	False	3	1	1	0
4242	118	8	162	0	him	True	-7	30	252	252	252	252	304	568	568	568	-7	him	False	O	False	3	1	1	0
4246	118	8	194	0	him	True	-7	34	148	148	148	148	192	192	192	636	-7	him	False	O	False	3	1	1	0
4247	118	8	135	0	him	True	-7	35	148	148	148	148	0	0	0	0	-7	him	False	O	False	3	1	1	0
4249	118	8	7	0	him	True	-7	37	216	216	216	216	88	88	88	488	-7	him	False	O	False	3	1	1	0
4251	118	8	99	0	him	True	-7	39	176	176	176	176	0	0	0	0	-7	him	False	O	False	3	1	1	0
4254	118	8	180	0	him	True	-7	42	232	232	232	232	104	104	196	400	-7	him	False	O	False	3	1	1	0
4256	119	5	139	0	his	False	-4	1	196	196	196	196	196	196	196	196	-4	his	False	P	False	3	0	1	0
4258	119	5	139	0	his	False	-4	3	156	156	156	156	308	308	308	308	-4	his	False	P	False	3	0	1	0
4259	119	5	196	0	his	False	-4	4	180	180	180	180	272	272	272	272	-4	his	False	P	False	3	0	1	0
4260	119	5	44	0	his	False	-4	5	344	344	344	344	232	232	232	232	-4	his	False	P	False	3	0	1	0
4261	119	5	128	0	his	False	-4	6	212	212	212	212	0	0	0	0	-4	his	False	P	False	3	0	1	0
4262	119	5	79	0	his	False	-4	7	32	32	32	32	248	248	248	248	-4	his	False	P	False	3	0	1	0
4263	119	5	122	0	his	False	-4	8	152	152	152	152	140	140	140	140	-4	his	False	P	False	3	0	1	0
4265	119	5	89	0	his	False	-4	11	140	140	140	140	200	200	200	200	-4	his	False	P	False	3	0	1	0
4266	119	5	140	0	his	False	-4	12	136	136	136	136	188	188	188	188	-4	his	False	P	False	3	0	1	0
4267	119	5	137	0	his	False	-4	13	164	164	164	164	240	240	240	240	-4	his	False	P	False	3	0	1	0
4268	119	5	175	0	his	False	-4	14	148	148	148	148	444	444	444	444	-4	his	False	P	False	3	0	1	0
4269	119	5	64	0	his	False	-4	15	168	168	168	168	220	220	220	220	-4	his	False	P	False	3	0	1	0
4270	119	5	3	0	his	False	-4	16	208	208	208	208	156	156	156	156	-4	his	False	P	False	3	0	1	0
4273	119	5	201	0	his	False	-4	19	172	172	172	172	96	96	96	96	-4	his	False	P	False	3	0	1	0
4277	119	5	140	0	his	False	-4	23	160	160	160	160	180	292	796	984	-4	his	False	P	False	3	0	1	0
4278	119	5	47	0	his	False	-4	24	172	172	172	172	288	288	288	288	-4	his	False	P	False	3	0	1	0
4280	119	5	111	0	his	False	-4	27	240	240	240	240	168	168	168	168	-4	his	False	P	False	3	0	1	0
4281	119	5	58	0	his	False	-4	28	296	296	296	296	152	152	556	692	-4	his	False	P	False	3	0	1	0
4283	119	5	178	0	his	False	-4	30	280	280	280	280	164	472	472	472	-4	his	False	P	False	3	0	1	0
4288	119	5	19	0	his	False	-4	35	184	184	184	184	268	268	268	268	-4	his	False	P	False	3	0	1	0
4290	119	5	53	0	his	False	-4	37	180	180	180	180	220	220	220	220	-4	his	False	P	False	3	0	1	0
4291	119	5	18	0	his	False	-4	38	184	184	184	184	188	188	188	188	-4	his	False	P	False	3	0	1	0
4294	119	5	143	0	his	False	-4	41	220	220	220	1084	188	188	416	604	-4	his	False	P	False	3	0	1	0
4296	119	5	96	0	his	False	-4	43	172	172	172	172	156	156	156	156	-4	his	False	P	False	3	0	1	0
4297	119	9	139	0	his	False	-4	1	132	132	132	132	260	260	260	632	-4	his	False	P	False	3	1	1	0
4303	119	9	79	0	his	False	-4	7	300	300	448	1312	0	0	0	0	-4	his	False	P	False	3	1	1	0
4305	119	9	62	0	his	False	-4	10	116	116	116	116	132	132	484	1588	-4	his	False	P	False	3	1	1	0
4313	119	9	16	0	his	False	-4	18	104	104	104	300	0	0	0	0	-4	his	False	P	False	3	1	1	0
4315	119	9	41	0	his	False	-4	20	144	144	144	144	228	228	444	1764	-4	his	False	P	False	3	1	1	0
4316	119	9	126	0	his	False	-4	21	216	216	216	216	136	136	136	136	-4	his	False	P	False	3	1	1	0
4324	119	9	178	0	his	False	-4	30	244	244	244	244	276	504	504	504	-4	his	False	P	False	3	1	1	0
4325	119	9	8	0	his	False	-4	31	184	184	184	184	156	156	312	808	-4	his	False	P	False	3	1	1	0
4326	119	9	98	0	his	False	-4	32	184	184	184	184	172	172	172	172	-4	his	False	P	False	3	1	1	0
4327	119	9	73	0	his	False	-4	33	180	180	180	180	212	212	212	896	-4	his	False	P	False	3	1	1	0
4330	119	9	7	0	his	False	-4	36	148	148	148	148	292	292	292	292	-4	his	False	P	False	3	1	1	0
4332	119	9	18	0	his	False	-4	38	164	164	164	164	232	232	232	232	-4	his	False	P	False	3	1	1	0
4421	123	6	108	0	he	False	-5	2	164	164	164	164	148	148	148	148	-5	he	False	O	False	2	0	1	0
4427	123	6	91	0	he	False	-5	8	200	200	200	200	0	0	0	0	-5	he	False	O	False	2	0	1	0
4428	123	6	24	0	he	False	-5	9	112	112	112	252	160	208	208	208	-5	he	False	O	False	2	0	1	0
4430	123	6	131	0	he	False	-5	11	220	220	220	304	224	224	224	224	-5	he	False	O	False	2	0	1	0
4433	123	6	99	0	he	False	-5	14	236	236	236	360	160	160	160	160	-5	he	False	O	False	2	0	1	0
4435	123	6	25	0	he	False	-5	16	152	152	152	152	200	200	200	200	-5	he	False	O	False	2	0	1	0
4437	123	6	106	0	he	False	-5	18	184	184	184	184	0	0	0	0	-5	he	False	O	False	2	0	1	0
4438	123	6	164	0	he	False	-5	19	172	172	172	172	160	160	160	160	-5	he	False	O	False	2	0	1	0
4439	123	6	170	0	he	False	-5	20	128	128	128	128	0	0	0	0	-5	he	False	O	False	2	0	1	0
4440	123	6	94	0	he	False	-5	21	256	256	256	256	0	0	0	0	-5	he	False	O	False	2	0	1	0
4441	123	6	72	0	he	False	-5	22	288	288	288	540	128	284	284	284	-5	he	False	O	False	2	0	1	0
4446	123	6	159	0	he	False	-5	28	208	208	208	408	140	140	140	140	-5	he	False	O	False	2	0	1	0
4447	123	6	117	0	he	False	-5	29	264	264	264	264	0	0	0	0	-5	he	False	O	False	2	0	1	0
4448	123	6	44	0	he	False	-5	30	92	92	92	92	192	192	192	192	-5	he	False	O	False	2	0	1	0
4451	123	6	24	0	he	False	-5	33	140	140	312	408	136	136	136	136	-5	he	False	O	False	2	0	1	0
4453	123	6	48	0	he	False	-5	35	172	172	172	172	224	224	224	224	-5	he	False	O	False	2	0	1	0
4456	123	6	23	0	he	False	-5	38	280	280	280	280	192	192	192	192	-5	he	False	O	False	2	0	1	0
4458	123	6	202	0	he	False	-5	40	28	164	164	692	0	0	0	0	-5	he	False	O	False	2	0	1	0
4461	123	6	12	0	he	False	-5	43	80	80	80	80	160	160	160	160	-5	he	False	O	False	2	0	1	0
4462	123	9	90	0	his	False	-3	1	108	108	108	488	288	288	288	288	-3	his	False	P	False	3	1	1	0
4463	123	9	108	0	his	False	-3	2	204	204	204	384	0	0	0	0	-3	his	False	P	False	3	1	1	0
4468	123	9	162	0	his	False	-3	7	164	164	164	296	228	228	228	1812	-3	his	False	P	False	3	1	1	0
4469	123	9	91	0	his	False	-3	8	132	132	132	132	308	308	308	308	-3	his	False	P	False	3	1	1	0
4473	123	9	170	0	his	False	-3	12	92	92	92	208	120	228	228	648	-3	his	False	P	False	3	1	1	0
4476	123	9	25	0	his	False	-3	15	152	152	152	152	116	116	116	892	-3	his	False	P	False	3	1	1	0
4477	123	9	25	0	his	False	-3	16	172	468	468	960	0	0	0	0	-3	his	False	P	False	3	1	1	0
4479	123	9	106	0	his	False	-3	18	304	304	304	304	0	0	0	0	-3	his	False	P	False	3	1	1	0
4480	123	9	164	0	his	False	-3	19	80	80	184	784	0	0	0	0	-3	his	False	P	False	3	1	1	0
4481	123	9	170	0	his	False	-3	20	188	188	188	188	164	164	164	1668	-3	his	False	P	False	3	1	1	0
4483	123	9	72	0	his	False	-3	22	312	312	312	312	204	204	204	508	-3	his	False	P	False	3	1	1	0
4491	123	9	113	0	his	False	-3	31	140	140	140	140	208	208	208	208	-3	his	False	P	False	3	1	1	0
4492	123	9	24	0	his	False	-3	32	324	324	324	324	0	0	0	0	-3	his	False	P	False	3	1	1	0
4493	123	9	24	0	his	False	-3	33	364	364	1008	2844	224	224	224	532	-3	his	False	P	False	3	1	1	0
4494	123	9	201	0	his	False	-3	34	228	228	228	1652	0	0	0	0	-3	his	False	P	False	3	1	1	0
4496	123	9	55	0	his	False	-3	36	292	292	292	480	224	224	224	452	-3	his	False	P	False	3	1	1	0
4497	123	9	123	0	his	False	-3	37	68	68	68	580	188	188	512	716	-3	his	False	P	False	3	1	1	0
4498	123	9	23	0	his	False	-3	38	240	240	240	240	188	188	188	944	-3	his	False	P	False	3	1	1	0
4502	123	9	74	0	his	False	-3	42	92	92	376	1552	180	180	180	180	-3	his	False	P	False	3	1	1	0
4503	123	9	12	0	his	False	-3	43	340	340	340	340	240	240	240	240	-3	his	False	P	False	3	1	1	0
4504	125	8	141	0	him	False	-7	1	304	304	304	304	0	0	0	0	-7	him	False	O	False	3	0	1	0
4505	125	8	42	0	him	False	-7	2	172	172	172	292	144	144	144	144	-7	him	False	O	False	3	0	1	0
4506	125	8	42	0	him	False	-7	3	176	176	176	176	0	0	0	0	-7	him	False	O	False	3	0	1	0
4510	125	8	87	0	him	False	-7	7	168	168	168	168	0	0	0	0	-7	him	False	O	False	3	0	1	0
4512	125	8	21	0	him	False	-7	10	140	140	140	140	148	148	148	148	-7	him	False	O	False	3	0	1	0
4514	125	8	87	0	him	False	-7	12	176	176	176	364	0	0	0	0	-7	him	False	O	False	3	0	1	0
4515	125	8	147	0	him	False	-7	13	232	232	232	232	0	0	0	0	-7	him	False	O	False	3	0	1	0
4517	125	8	95	0	him	False	-7	15	164	164	164	164	0	0	0	0	-7	him	False	O	False	3	0	1	0
4518	125	8	60	0	him	False	-7	16	204	340	340	340	0	0	0	0	-7	him	False	O	False	3	0	1	0
4521	125	8	102	0	him	False	-7	19	180	436	436	756	0	0	0	0	-7	him	False	O	False	3	0	1	0
4522	125	8	53	0	him	False	-7	20	128	128	128	128	0	0	0	0	-7	him	False	O	False	3	0	1	0
4523	125	8	76	0	him	False	-7	21	128	128	128	128	0	0	0	0	-7	him	False	O	False	3	0	1	0
4524	125	8	141	0	him	False	-7	22	224	224	224	224	168	168	168	168	-7	him	False	O	False	3	0	1	0
4525	125	8	125	0	him	False	-7	23	192	192	192	192	0	0	0	0	-7	him	False	O	False	3	0	1	0
4527	125	8	171	0	him	False	-7	25	216	216	216	216	0	0	0	0	-7	him	False	O	False	3	0	1	0
4528	125	8	51	0	him	False	-7	27	160	160	160	160	0	0	0	0	-7	him	False	O	False	3	0	1	0
4530	125	8	194	0	him	False	-7	29	152	152	152	152	0	0	0	0	-7	him	False	O	False	3	0	1	0
4531	125	8	185	0	him	False	-7	30	180	180	180	180	0	0	0	0	-7	him	False	O	False	3	0	1	0
4532	125	8	29	0	him	False	-7	31	172	172	172	172	0	0	0	0	-7	him	False	O	False	3	0	1	0
4534	125	8	77	0	him	False	-7	33	212	212	212	212	0	0	0	0	-7	him	False	O	False	3	0	1	0
4535	125	8	191	0	him	False	-7	34	164	164	164	164	0	0	0	0	-7	him	False	O	False	3	0	1	0
4539	125	8	181	0	him	False	-7	38	164	164	164	164	0	0	0	0	-7	him	False	O	False	3	0	1	0
4540	125	8	169	0	him	False	-7	39	108	108	108	108	0	0	0	0	-7	him	False	O	False	3	0	1	0
4543	125	8	97	0	him	False	-7	42	160	160	160	160	0	0	0	0	-7	him	False	O	False	3	0	1	0
4556	126	8	87	0	his	False	-7	13	248	248	248	248	88	88	88	256	-7	his	False	P	False	3	0	1	0
4557	126	8	50	0	his	False	-7	14	156	156	156	156	312	312	312	312	-7	his	False	P	False	3	0	1	0
4559	126	8	185	0	his	False	-7	16	256	256	256	256	208	792	792	792	-7	his	False	P	False	3	0	1	0
4560	126	8	124	0	his	False	-7	17	1244	1244	1244	1244	0	0	0	0	-7	his	False	P	False	3	0	1	0
4563	126	8	60	0	his	False	-7	20	228	228	228	228	0	0	0	0	-7	his	False	P	False	3	0	1	0
4570	126	8	17	0	his	False	-7	28	148	148	148	148	284	284	284	284	-7	his	False	P	False	3	0	1	0
4574	126	8	2	0	his	False	-7	32	220	220	220	220	424	424	424	424	-7	his	False	P	False	3	0	1	0
4575	126	8	114	0	his	False	-7	33	184	184	184	184	244	436	436	436	-7	his	False	P	False	3	0	1	0
4584	126	8	175	0	his	False	-7	42	148	148	148	148	304	304	304	1292	-7	his	False	P	False	3	0	1	0
4627	127	7	204	0	she	True	-6	1	196	196	488	960	180	180	180	180	-6	she	False	O	False	3	1	1	0
4629	127	7	116	0	she	True	-6	3	156	304	304	304	168	252	252	252	-6	she	False	O	False	3	1	1	0
4630	127	7	117	0	she	True	-6	4	188	188	188	188	280	280	280	280	-6	she	False	O	False	3	1	1	0
4631	127	7	83	0	she	True	-6	5	196	196	196	196	176	176	176	176	-6	she	False	O	False	3	1	1	0
4633	127	7	1	0	she	True	-6	7	112	112	112	112	0	0	0	0	-6	she	False	O	False	3	1	1	0
4634	127	7	192	0	she	True	-6	8	264	456	456	456	200	200	200	200	-6	she	False	O	False	3	1	1	0
4636	127	7	72	0	she	True	-6	11	180	244	244	396	168	168	168	168	-6	she	False	O	False	3	1	1	0
4637	127	7	129	0	she	True	-6	12	144	144	144	144	140	140	140	140	-6	she	False	O	False	3	1	1	0
4638	127	7	150	0	she	True	-6	13	196	196	196	196	260	260	260	260	-6	she	False	O	False	3	1	1	0
4639	127	7	24	0	she	True	-6	14	212	212	212	212	232	416	416	416	-6	she	False	O	False	3	1	1	0
4641	127	7	12	0	she	True	-6	16	160	160	160	160	148	148	148	148	-6	she	False	O	False	3	1	1	0
4642	127	7	151	0	she	True	-6	17	268	268	268	268	244	244	244	244	-6	she	False	O	False	3	1	1	0
4643	127	7	113	0	she	True	-6	18	252	252	252	252	0	0	0	0	-6	she	False	O	False	3	1	1	0
4644	127	7	138	0	she	True	-6	19	308	308	308	412	116	248	248	248	-6	she	False	O	False	3	1	1	0
4648	127	7	191	0	she	True	-6	23	172	172	172	172	84	84	300	1060	-6	she	False	O	False	3	1	1	0
4649	127	7	201	0	she	True	-6	24	236	236	236	236	136	136	136	136	-6	she	False	O	False	3	1	1	0
4651	127	7	84	0	she	True	-6	27	240	508	508	508	140	140	140	140	-6	she	False	O	False	3	1	1	0
4652	127	7	15	0	she	True	-6	28	188	632	632	632	156	156	156	156	-6	she	False	O	False	3	1	1	0
4654	127	7	179	0	she	True	-6	30	252	428	536	788	176	316	316	316	-6	she	False	O	False	3	1	1	0
4656	127	7	33	0	she	True	-6	32	116	116	116	328	248	248	248	248	-6	she	False	O	False	3	1	1	0
4657	127	7	39	0	she	True	-6	33	236	236	236	236	184	184	184	444	-6	she	False	O	False	3	1	1	0
4659	127	7	171	0	she	True	-6	35	168	168	168	168	196	196	196	196	-6	she	False	O	False	3	1	1	0
4660	127	7	105	0	she	True	-6	36	204	204	204	204	0	0	0	0	-6	she	False	O	False	3	1	1	0
4661	127	7	164	0	she	True	-6	37	152	152	152	264	160	160	160	160	-6	she	False	O	False	3	1	1	0
4665	127	7	175	0	she	True	-6	41	312	312	504	684	164	164	164	164	-6	she	False	O	False	3	1	1	0
4666	127	7	169	0	she	True	-6	42	288	288	288	288	184	184	184	184	-6	she	False	O	False	3	1	1	0
4667	127	7	99	0	she	True	-6	43	208	208	208	208	188	188	188	188	-6	she	False	O	False	3	1	1	0
4669	129	6	182	0	he	False	-5	2	120	120	120	120	0	0	0	0	-5	he	False	O	False	2	0	1	0
4670	129	6	131	0	he	False	-5	3	148	272	272	452	0	0	0	0	-5	he	False	O	False	2	0	1	0
4675	129	6	85	0	he	False	-5	8	228	228	228	228	200	200	200	200	-5	he	False	O	False	2	0	1	0
4677	129	6	142	0	he	False	-5	11	204	204	204	204	72	72	72	72	-5	he	False	O	False	2	0	1	0
4680	129	6	36	0	he	False	-5	14	144	144	144	144	0	0	0	0	-5	he	False	O	False	2	0	1	0
4681	129	6	62	0	he	False	-5	15	148	148	148	148	0	0	0	0	-5	he	False	O	False	2	0	1	0
4682	129	6	67	0	he	False	-5	16	80	80	80	80	0	0	0	0	-5	he	False	O	False	2	0	1	0
4685	129	6	54	0	he	False	-5	19	172	172	172	172	0	0	0	0	-5	he	False	O	False	2	0	1	0
4689	129	6	172	0	he	False	-5	23	148	148	148	148	160	160	160	160	-5	he	False	O	False	2	0	1	0
4690	129	6	120	0	he	False	-5	24	208	208	208	208	0	0	0	0	-5	he	False	O	False	2	0	1	0
4692	129	6	89	0	he	False	-5	27	284	284	284	284	0	0	0	0	-5	he	False	O	False	2	0	1	0
4694	129	6	150	0	he	False	-5	29	188	188	188	188	124	124	124	124	-5	he	False	O	False	2	0	1	0
4695	129	6	34	0	he	False	-5	30	440	440	440	440	0	0	0	0	-5	he	False	O	False	2	0	1	0
4697	129	6	11	0	he	False	-5	32	264	264	264	264	116	300	300	300	-5	he	False	O	False	2	0	1	0
4700	129	6	155	0	he	False	-5	35	204	204	204	204	0	0	0	0	-5	he	False	O	False	2	0	1	0
4702	129	6	46	0	he	False	-5	37	136	136	136	136	188	188	188	188	-5	he	False	O	False	2	0	1	0
4703	129	6	202	0	he	False	-5	38	220	220	220	220	0	0	0	0	-5	he	False	O	False	2	0	1	0
4706	129	6	38	0	he	False	-5	41	388	388	388	388	0	0	0	0	-5	he	False	O	False	2	0	1	0
4830	132	3	130	0	his	True	-2	1	152	152	152	152	192	192	192	192	-2	his	False	P	False	3	1	1	0
4831	132	3	129	0	his	True	-2	2	96	96	96	96	168	168	168	168	-2	his	False	P	False	3	1	1	0
4832	132	3	140	0	his	True	-2	3	144	316	316	316	0	0	0	0	-2	his	False	P	False	3	1	1	0
4837	132	3	161	0	his	True	-2	8	200	200	200	200	144	144	144	144	-2	his	False	P	False	3	1	1	0
4839	132	3	8	0	his	True	-2	11	156	156	156	156	232	232	232	232	-2	his	False	P	False	3	1	1	0
4840	132	3	29	0	his	True	-2	12	332	332	332	332	248	248	248	248	-2	his	False	P	False	3	1	1	0
4841	132	3	48	0	his	True	-2	13	176	176	176	176	0	0	0	0	-2	his	False	P	False	3	1	1	0
4843	132	3	79	0	his	True	-2	15	140	140	140	140	0	0	0	0	-2	his	False	P	False	3	1	1	0
4844	132	3	69	0	his	True	-2	16	204	204	204	204	188	188	188	188	-2	his	False	P	False	3	1	1	0
4846	132	3	134	0	his	True	-2	19	184	184	184	380	156	156	156	156	-2	his	False	P	False	3	1	1	0
4847	132	3	190	0	his	True	-2	20	172	172	172	172	168	168	168	168	-2	his	False	P	False	3	1	1	0
4849	132	3	143	0	his	True	-2	22	308	308	308	308	140	140	140	140	-2	his	False	P	False	3	1	1	0
4850	132	3	6	0	his	True	-2	23	140	308	308	308	200	364	364	364	-2	his	False	P	False	3	1	1	0
4851	132	3	84	0	his	True	-2	24	180	180	180	180	180	180	180	180	-2	his	False	P	False	3	1	1	0
4852	132	3	48	0	his	True	-2	25	152	152	152	152	260	260	260	260	-2	his	False	P	False	3	1	1	0
4854	132	3	85	0	his	True	-2	28	424	424	424	424	336	336	336	336	-2	his	False	P	False	3	1	1	0
4856	132	3	136	0	his	True	-2	30	296	296	296	296	68	68	68	68	-2	his	False	P	False	3	1	1	0
4858	132	3	190	0	his	True	-2	32	208	208	208	208	160	160	160	160	-2	his	False	P	False	3	1	1	0
4860	132	3	24	0	his	True	-2	34	196	196	196	196	192	192	192	192	-2	his	False	P	False	3	1	1	0
4861	132	3	134	0	his	True	-2	35	172	172	172	172	208	208	208	208	-2	his	False	P	False	3	1	1	0
4862	132	3	24	0	his	True	-2	36	136	136	136	136	0	0	0	0	-2	his	False	P	False	3	1	1	0
4863	132	3	47	0	his	True	-2	37	144	144	144	144	164	164	164	164	-2	his	False	P	False	3	1	1	0
4867	132	3	130	0	his	True	-2	41	244	276	276	276	0	0	0	0	-2	his	False	P	False	3	1	1	0
4869	132	3	192	0	his	True	-2	43	252	252	252	252	0	0	0	0	-2	his	False	P	False	3	1	1	0
4910	133	3	175	0	his	True	-2	1	172	172	172	172	160	160	160	160	-2	his	False	P	False	3	1	1	0
4912	133	3	69	0	his	True	-2	3	180	180	356	460	244	244	244	244	-2	his	False	P	False	3	1	1	0
4913	133	3	202	0	his	True	-2	4	160	160	160	160	156	156	156	156	-2	his	False	P	False	3	1	1	0
4914	133	3	149	0	his	True	-2	5	264	264	264	264	76	272	272	272	-2	his	False	P	False	3	1	1	0
4915	133	3	167	0	his	True	-2	6	240	240	240	240	120	120	120	120	-2	his	False	P	False	3	1	1	0
4916	133	3	171	0	his	True	-2	7	164	164	164	164	188	188	188	188	-2	his	False	P	False	3	1	1	0
4917	133	3	29	0	his	True	-2	8	204	204	204	204	128	128	128	448	-2	his	False	P	False	3	1	1	0
4918	133	3	192	0	his	True	-2	10	124	124	124	124	136	136	136	136	-2	his	False	P	False	3	1	1	0
4919	133	3	107	0	his	True	-2	11	144	144	144	144	288	288	288	288	-2	his	False	P	False	3	1	1	0
4920	133	3	187	0	his	True	-2	12	296	296	296	296	0	0	0	0	-2	his	False	P	False	3	1	1	0
4922	133	3	89	0	his	True	-2	14	248	248	248	504	192	192	192	220	-2	his	False	P	False	3	1	1	0
4924	133	3	108	0	his	True	-2	16	192	192	192	192	168	168	168	168	-2	his	False	P	False	3	1	1	0
4926	133	3	203	0	his	True	-2	19	212	280	280	280	152	152	152	152	-2	his	False	P	False	3	1	1	0
4927	133	3	40	0	his	True	-2	20	96	96	228	568	148	148	148	148	-2	his	False	P	False	3	1	1	0
4928	133	3	97	0	his	True	-2	21	216	216	216	348	144	264	264	264	-2	his	False	P	False	3	1	1	0
4930	133	3	166	0	his	True	-2	23	184	184	184	184	284	284	284	284	-2	his	False	P	False	3	1	1	0
4931	133	3	37	0	his	True	-2	24	184	184	184	184	180	180	180	180	-2	his	False	P	False	3	1	1	0
4932	133	3	203	0	his	True	-2	25	156	156	156	156	168	244	244	244	-2	his	False	P	False	3	1	1	0
4936	133	3	137	0	his	True	-2	30	188	480	480	480	72	72	72	72	-2	his	False	P	False	3	1	1	0
4938	133	3	130	0	his	True	-2	32	220	220	220	220	208	208	208	208	-2	his	False	P	False	3	1	1	0
4939	133	3	112	0	his	True	-2	33	184	184	184	184	148	148	148	148	-2	his	False	P	False	3	1	1	0
4940	133	3	110	0	his	True	-2	34	276	564	564	564	0	0	0	0	-2	his	False	P	False	3	1	1	0
4941	133	3	32	0	his	True	-2	35	188	188	188	188	208	208	208	208	-2	his	False	P	False	3	1	1	0
4942	133	3	201	0	his	True	-2	36	216	216	216	216	0	0	0	0	-2	his	False	P	False	3	1	1	0
4943	133	3	29	0	his	True	-2	37	220	220	220	220	112	256	256	256	-2	his	False	P	False	3	1	1	0
4946	133	3	59	0	his	True	-2	40	44	44	184	372	56	56	56	56	-2	his	False	P	False	3	1	1	0
4949	133	3	88	0	his	True	-2	43	160	160	160	160	152	152	152	152	-2	his	False	P	False	3	1	1	0
4950	133	7	175	0	she	True	-3	1	220	220	220	220	404	404	404	404	-3	she	False	O	False	3	2	1	0
4951	133	7	156	0	she	True	-3	2	208	208	208	208	152	152	152	152	-3	she	False	O	False	3	2	1	0
4952	133	7	69	0	she	True	-3	3	200	200	200	200	192	332	332	332	-3	she	False	O	False	3	2	1	0
4953	133	7	202	0	she	True	-3	4	180	180	180	180	208	208	208	208	-3	she	False	O	False	3	2	1	0
4954	133	7	149	0	she	True	-3	5	280	280	280	280	324	324	324	480	-3	she	False	O	False	3	2	1	0
4957	133	7	29	0	she	True	-3	8	248	248	248	248	160	160	160	160	-3	she	False	O	False	3	2	1	0
4959	133	7	107	0	she	True	-3	11	124	124	124	124	76	76	76	76	-3	she	False	O	False	3	2	1	0
4960	133	7	187	0	she	True	-3	12	148	148	148	148	140	140	140	140	-3	she	False	O	False	3	2	1	0
4962	133	7	89	0	she	True	-3	14	132	132	132	132	212	212	212	212	-3	she	False	O	False	3	2	1	0
4963	133	7	165	0	she	True	-3	15	100	100	100	100	0	0	0	0	-3	she	False	O	False	3	2	1	0
4964	133	7	108	0	she	True	-3	16	160	360	360	360	228	228	228	228	-3	she	False	O	False	3	2	1	0
4966	133	7	203	0	she	True	-3	19	172	172	172	172	132	132	132	132	-3	she	False	O	False	3	2	1	0
4967	133	7	40	0	she	True	-3	20	140	140	140	140	0	0	0	0	-3	she	False	O	False	3	2	1	0
4968	133	7	97	0	she	True	-3	21	160	160	160	160	156	156	156	156	-3	she	False	O	False	3	2	1	0
4969	133	7	130	0	she	True	-3	22	184	184	184	184	208	208	208	208	-3	she	False	O	False	3	2	1	0
4970	133	7	166	0	she	True	-3	23	196	348	348	348	396	464	604	776	-3	she	False	O	False	3	2	1	0
4971	133	7	37	0	she	True	-3	24	172	172	172	172	232	232	324	476	-3	she	False	O	False	3	2	1	0
4972	133	7	203	0	she	True	-3	25	200	200	200	200	204	204	204	204	-3	she	False	O	False	3	2	1	0
4973	133	7	130	0	she	True	-3	27	168	304	304	304	280	364	364	364	-3	she	False	O	False	3	2	1	0
4974	133	7	80	0	she	True	-3	28	316	316	316	316	236	236	236	236	-3	she	False	O	False	3	2	1	0
4975	133	7	66	0	she	True	-3	29	184	184	184	184	204	204	204	204	-3	she	False	O	False	3	2	1	0
4978	133	7	130	0	she	True	-3	32	184	332	332	332	184	184	184	184	-3	she	False	O	False	3	2	1	0
4979	133	7	112	0	she	True	-3	33	180	180	180	180	200	200	200	200	-3	she	False	O	False	3	2	1	0
4980	133	7	110	0	she	True	-3	34	148	148	148	148	0	0	0	0	-3	she	False	O	False	3	2	1	0
4981	133	7	32	0	she	True	-3	35	280	280	280	280	228	228	228	228	-3	she	False	O	False	3	2	1	0
4982	133	7	201	0	she	True	-3	36	156	156	156	156	0	0	0	0	-3	she	False	O	False	3	2	1	0
4983	133	7	29	0	she	True	-3	37	160	288	288	288	104	104	104	104	-3	she	False	O	False	3	2	1	0
4987	133	7	178	0	she	True	-3	41	232	232	372	1220	200	200	200	200	-3	she	False	O	False	3	2	1	0
4988	133	7	20	0	she	True	-3	42	88	88	88	400	156	156	156	188	-3	she	False	O	False	3	2	1	0
4989	133	7	88	0	she	True	-3	43	132	132	132	132	196	196	196	196	-3	she	False	O	False	3	2	1	0
4990	133	10	175	0	his	True	-7	1	284	284	284	284	200	364	364	1072	-7	his	False	P	False	3	3	1	0
4991	133	10	156	0	his	True	-7	2	156	256	256	256	0	0	0	0	-7	his	False	P	False	3	3	1	0
4992	133	10	69	0	his	True	-7	3	176	176	176	176	144	360	360	360	-7	his	False	P	False	3	3	1	0
4993	133	10	202	0	his	True	-7	4	188	188	188	188	544	544	544	544	-7	his	False	P	False	3	3	1	0
4994	133	10	149	0	his	True	-7	5	328	328	328	328	212	376	376	376	-7	his	False	P	False	3	3	1	0
4996	133	10	171	0	his	True	-7	7	188	188	188	516	64	64	64	1436	-7	his	False	P	False	3	3	1	0
4997	133	10	29	0	his	True	-7	8	388	388	388	2752	192	192	192	192	-7	his	False	P	False	3	3	1	0
4998	133	10	192	0	his	True	-7	10	168	168	168	168	208	208	444	1528	-7	his	False	P	False	3	3	1	0
4999	133	10	107	0	his	True	-7	11	200	200	200	428	324	324	324	456	-7	his	False	P	False	3	3	1	0
5001	133	10	194	0	his	True	-7	13	248	248	248	248	428	428	428	820	-7	his	False	P	False	3	3	1	0
5002	133	10	89	0	his	True	-7	14	336	336	336	336	204	204	204	204	-7	his	False	P	False	3	3	1	0
5004	133	10	108	0	his	True	-7	16	284	284	284	284	268	604	604	1212	-7	his	False	P	False	3	3	1	0
5005	133	10	51	0	his	True	-7	18	220	416	416	416	0	0	0	0	-7	his	False	P	False	3	3	1	0
5006	133	10	203	0	his	True	-7	19	228	228	228	1040	0	0	0	0	-7	his	False	P	False	3	3	1	0
5009	133	10	130	0	his	True	-7	22	284	284	284	284	0	0	0	0	-7	his	False	P	False	3	3	1	0
5010	133	10	166	0	his	True	-7	23	160	160	160	160	132	444	444	444	-7	his	False	P	False	3	3	1	0
5012	133	10	203	0	his	True	-7	25	140	140	140	420	212	212	212	448	-7	his	False	P	False	3	3	1	0
5014	133	10	80	0	his	True	-7	28	192	192	192	376	432	644	644	644	-7	his	False	P	False	3	3	1	0
5017	133	10	44	0	his	True	-7	31	132	132	132	132	0	0	0	0	-7	his	False	P	False	3	3	1	0
5018	133	10	130	0	his	True	-7	32	256	256	256	256	152	152	152	152	-7	his	False	P	False	3	3	1	0
5023	133	10	29	0	his	True	-7	37	176	176	176	176	132	368	368	1688	-7	his	False	P	False	3	3	1	0
5024	133	10	204	0	his	True	-7	38	204	204	204	204	376	376	376	376	-7	his	False	P	False	3	3	1	0
5026	133	10	59	0	his	True	-7	40	156	156	156	156	68	100	100	812	-7	his	False	P	False	3	3	1	0
5027	133	10	178	0	his	True	-7	41	168	256	256	256	184	184	184	184	-7	his	False	P	False	3	3	1	0
5028	133	10	20	0	his	True	-7	42	48	48	48	48	232	232	332	1220	-7	his	False	P	False	3	3	1	0
5112	135	6	176	0	he	True	-5	2	224	224	224	224	156	156	156	156	-5	he	False	O	False	2	1	1	0
5113	135	6	176	0	he	True	-5	3	160	160	160	160	76	76	76	76	-5	he	False	O	False	2	1	1	0
5115	135	6	61	0	he	True	-5	5	120	120	120	120	0	0	0	0	-5	he	False	O	False	2	1	1	0
5116	135	6	24	0	he	True	-5	6	160	160	160	160	0	0	0	0	-5	he	False	O	False	2	1	1	0
5117	135	6	139	0	he	True	-5	7	204	204	332	516	104	104	104	104	-5	he	False	O	False	2	1	1	0
5120	135	6	29	0	he	True	-5	11	132	132	132	132	144	144	144	144	-5	he	False	O	False	2	1	1	0
5121	135	6	193	0	he	True	-5	12	236	236	236	236	272	272	272	272	-5	he	False	O	False	2	1	1	0
5123	135	6	164	0	he	True	-5	14	168	168	272	428	320	320	320	320	-5	he	False	O	False	2	1	1	0
5126	135	6	125	0	he	True	-5	17	168	168	168	168	112	112	112	112	-5	he	False	O	False	2	1	1	0
5129	135	6	99	0	he	True	-5	20	164	164	164	164	0	0	0	0	-5	he	False	O	False	2	1	1	0
5130	135	6	11	0	he	True	-5	21	120	120	120	120	136	136	136	136	-5	he	False	O	False	2	1	1	0
5132	135	6	17	0	he	True	-5	23	224	224	224	224	120	280	280	280	-5	he	False	O	False	2	1	1	0
5134	135	6	164	0	he	True	-5	25	176	176	176	176	184	184	184	184	-5	he	False	O	False	2	1	1	0
5138	135	6	130	0	he	True	-5	30	312	312	312	312	264	264	264	264	-5	he	False	O	False	2	1	1	0
5143	135	6	172	0	he	True	-5	35	296	296	532	1536	184	184	184	184	-5	he	False	O	False	2	1	1	0
5144	135	6	158	0	he	True	-5	36	160	160	160	160	136	136	136	136	-5	he	False	O	False	2	1	1	0
5145	135	6	145	0	he	True	-5	37	124	124	124	124	116	116	116	116	-5	he	False	O	False	2	1	1	0
5146	135	6	104	0	he	True	-5	38	152	152	152	152	0	0	0	0	-5	he	False	O	False	2	1	1	0
5148	135	6	50	0	he	True	-5	40	144	208	340	600	260	260	260	260	-5	he	False	O	False	2	1	1	0
5150	135	6	178	0	he	True	-5	42	164	164	164	164	184	184	184	184	-5	he	False	O	False	2	1	1	0
5152	136	4	25	0	he	False	-3	1	172	172	172	172	200	200	472	632	-3	he	False	O	False	2	0	1	0
5154	136	4	73	0	he	False	-3	3	288	556	556	556	148	332	644	892	-3	he	False	O	False	2	0	1	0
5155	136	4	27	0	he	False	-3	4	148	148	148	148	0	0	0	0	-3	he	False	O	False	2	0	1	0
5161	136	4	62	0	he	False	-3	11	148	148	148	148	124	124	124	124	-3	he	False	O	False	2	0	1	0
5163	136	4	130	0	he	False	-3	13	196	196	196	196	216	216	216	216	-3	he	False	O	False	2	0	1	0
5166	136	4	171	0	he	False	-3	16	232	232	232	232	192	192	192	192	-3	he	False	O	False	2	0	1	0
5169	136	4	141	0	he	False	-3	19	92	92	92	92	168	168	168	168	-3	he	False	O	False	2	0	1	0
5171	136	4	58	0	he	False	-3	21	144	144	144	144	136	136	136	136	-3	he	False	O	False	2	0	1	0
5173	136	4	21	0	he	False	-3	23	160	304	444	624	24	24	24	24	-3	he	False	O	False	2	0	1	0
5174	136	4	124	0	he	False	-3	24	268	268	268	268	124	124	124	124	-3	he	False	O	False	2	0	1	0
5175	136	4	185	0	he	False	-3	25	192	192	192	192	168	168	168	168	-3	he	False	O	False	2	0	1	0
5176	136	4	44	0	he	False	-3	27	244	244	244	244	0	0	0	0	-3	he	False	O	False	2	0	1	0
5179	136	4	25	0	he	False	-3	30	252	252	252	252	164	164	164	164	-3	he	False	O	False	2	0	1	0
5182	136	4	190	0	he	False	-3	33	176	176	368	836	180	180	180	180	-3	he	False	O	False	2	0	1	0
5183	136	4	199	0	he	False	-3	34	232	232	232	232	156	156	156	156	-3	he	False	O	False	2	0	1	0
5188	136	4	60	0	he	False	-3	39	184	184	184	184	412	412	536	1104	-3	he	False	O	False	2	0	1	0
5192	136	4	72	0	he	False	-3	43	92	92	92	92	208	208	208	208	-3	he	False	O	False	2	0	1	0
5193	136	7	25	0	his	False	-3	1	252	252	252	252	420	420	420	420	-3	his	False	P	False	3	1	1	0
5195	136	7	73	0	his	False	-3	3	204	204	204	204	220	220	220	220	-3	his	False	P	False	3	1	1	0
5196	136	7	27	0	his	False	-3	4	200	200	200	200	180	180	180	180	-3	his	False	P	False	3	1	1	0
5197	136	7	124	0	his	False	-3	5	96	96	96	412	204	204	204	204	-3	his	False	P	False	3	1	1	0
5200	136	7	64	0	his	False	-3	8	184	184	364	564	140	140	140	140	-3	his	False	P	False	3	1	1	0
5210	136	7	141	0	his	False	-3	19	180	180	180	180	112	196	196	196	-3	his	False	P	False	3	1	1	0
5211	136	7	48	0	his	False	-3	20	148	148	148	148	168	168	168	168	-3	his	False	P	False	3	1	1	0
5214	136	7	21	0	his	False	-3	23	180	180	180	180	444	444	624	1312	-3	his	False	P	False	3	1	1	0
5217	136	7	44	0	his	False	-3	27	152	152	152	152	160	160	160	160	-3	his	False	P	False	3	1	1	0
5220	136	7	25	0	his	False	-3	30	316	316	316	316	376	376	520	736	-3	his	False	P	False	3	1	1	0
5221	136	7	199	0	his	False	-3	31	152	152	152	152	288	288	288	288	-3	his	False	P	False	3	1	1	0
5223	136	7	190	0	his	False	-3	33	156	284	284	284	92	92	92	92	-3	his	False	P	False	3	1	1	0
5225	136	7	24	0	his	False	-3	35	160	160	160	160	248	248	248	248	-3	his	False	P	False	3	1	1	0
5227	136	7	117	0	his	False	-3	37	136	136	312	776	136	136	136	136	-3	his	False	P	False	3	1	1	0
5229	136	7	60	0	his	False	-3	39	152	152	152	152	72	72	72	72	-3	his	False	P	False	3	1	1	0
5234	137	6	192	0	his	False	-5	1	132	132	132	132	240	240	240	240	-5	his	False	P	False	3	0	1	0
5235	137	6	17	0	his	False	-5	2	132	132	132	240	0	0	0	0	-5	his	False	P	False	3	0	1	0
5236	137	6	6	0	his	False	-5	3	200	200	200	200	440	440	440	440	-5	his	False	P	False	3	0	1	0
5238	137	6	198	0	his	False	-5	5	260	260	260	260	296	296	296	296	-5	his	False	P	False	3	0	1	0
5239	137	6	2	0	his	False	-5	6	164	164	164	164	0	0	0	0	-5	his	False	P	False	3	0	1	0
5241	137	6	194	0	his	False	-5	8	264	264	264	264	0	0	0	0	-5	his	False	P	False	3	0	1	0
5242	137	6	120	0	his	False	-5	10	172	172	172	172	132	132	132	132	-5	his	False	P	False	3	0	1	0
5243	137	6	22	0	his	False	-5	11	188	188	188	188	112	112	112	112	-5	his	False	P	False	3	0	1	0
5244	137	6	96	0	his	False	-5	12	176	176	176	176	0	0	0	0	-5	his	False	P	False	3	0	1	0
5245	137	6	25	0	his	False	-5	13	136	136	136	136	0	0	0	0	-5	his	False	P	False	3	0	1	0
5246	137	6	103	0	his	False	-5	14	256	256	256	256	132	132	132	132	-5	his	False	P	False	3	0	1	0
5247	137	6	140	0	his	False	-5	15	176	176	176	176	84	84	84	84	-5	his	False	P	False	3	0	1	0
5248	137	6	129	0	his	False	-5	16	216	216	216	216	192	192	192	192	-5	his	False	P	False	3	0	1	0
5249	137	6	32	0	his	False	-5	17	260	260	260	260	124	124	124	124	-5	his	False	P	False	3	0	1	0
5250	137	6	149	0	his	False	-5	18	208	208	208	208	0	0	0	0	-5	his	False	P	False	3	0	1	0
5251	137	6	107	0	his	False	-5	19	132	132	132	132	164	164	164	164	-5	his	False	P	False	3	0	1	0
5253	137	6	87	0	his	False	-5	21	132	132	132	132	0	0	0	0	-5	his	False	P	False	3	0	1	0
5254	137	6	149	0	his	False	-5	22	184	184	184	184	172	172	172	172	-5	his	False	P	False	3	0	1	0
5255	137	6	136	0	his	False	-5	23	468	468	468	468	208	208	208	208	-5	his	False	P	False	3	0	1	0
5256	137	6	163	0	his	False	-5	24	264	396	396	396	140	140	140	140	-5	his	False	P	False	3	0	1	0
5257	137	6	66	0	his	False	-5	25	200	200	200	200	268	268	268	268	-5	his	False	P	False	3	0	1	0
5258	137	6	88	0	his	False	-5	27	192	264	264	612	64	64	64	64	-5	his	False	P	False	3	0	1	0
5259	137	6	38	0	his	False	-5	28	240	396	396	396	168	168	168	168	-5	his	False	P	False	3	0	1	0
5261	137	6	73	0	his	False	-5	30	192	192	192	192	300	608	608	608	-5	his	False	P	False	3	0	1	0
5263	137	6	65	0	his	False	-5	32	212	212	212	212	200	200	200	200	-5	his	False	P	False	3	0	1	0
5264	137	6	197	0	his	False	-5	33	120	120	276	444	0	0	0	0	-5	his	False	P	False	3	0	1	0
5265	137	6	130	0	his	False	-5	34	164	164	164	164	172	172	172	172	-5	his	False	P	False	3	0	1	0
5266	137	6	43	0	his	False	-5	35	184	184	184	184	156	156	156	156	-5	his	False	P	False	3	0	1	0
5268	137	6	149	0	his	False	-5	37	192	320	320	320	172	172	172	172	-5	his	False	P	False	3	0	1	0
5270	137	6	81	0	his	False	-5	39	220	364	364	364	0	0	0	0	-5	his	False	P	False	3	0	1	0
5272	137	6	184	0	his	False	-5	41	224	224	224	224	0	0	0	0	-5	his	False	P	False	3	0	1	0
5273	137	6	13	0	his	False	-5	42	140	140	140	140	0	0	0	0	-5	his	False	P	False	3	0	1	0
5274	137	6	41	0	his	False	-5	43	172	172	172	172	0	0	0	0	-5	his	False	P	False	3	0	1	0
5275	137	10	192	0	his	False	-4	1	680	680	680	1692	312	444	444	444	-4	his	False	P	False	3	1	1	0
5276	137	10	17	0	his	False	-4	2	160	160	160	356	128	128	128	708	-4	his	False	P	False	3	1	1	0
5277	137	10	6	0	his	False	-4	3	236	444	444	444	232	232	408	2072	-4	his	False	P	False	3	1	1	0
5278	137	10	171	0	his	False	-4	4	172	172	172	172	144	284	284	532	-4	his	False	P	False	3	1	1	0
5280	137	10	2	0	his	False	-4	6	156	156	156	456	0	0	0	0	-4	his	False	P	False	3	1	1	0
5281	137	10	109	0	his	False	-4	7	96	96	256	800	164	164	164	476	-4	his	False	P	False	3	1	1	0
5282	137	10	194	0	his	False	-4	8	288	288	288	288	0	0	0	0	-4	his	False	P	False	3	1	1	0
5283	137	10	120	0	his	False	-4	10	92	92	92	92	200	232	232	1252	-4	his	False	P	False	3	1	1	0
5285	137	10	96	0	his	False	-4	12	292	292	292	292	252	536	536	2212	-4	his	False	P	False	3	1	1	0
5287	137	10	103	0	his	False	-4	14	240	744	744	744	0	0	0	0	-4	his	False	P	False	3	1	1	0
5288	137	10	140	0	his	False	-4	15	240	836	836	836	0	0	0	0	-4	his	False	P	False	3	1	1	0
5289	137	10	129	0	his	False	-4	16	180	424	424	424	428	428	428	540	-4	his	False	P	False	3	1	1	0
5292	137	10	107	0	his	False	-4	19	188	188	188	188	52	52	52	1212	-4	his	False	P	False	3	1	1	0
5293	137	10	199	0	his	False	-4	20	236	236	236	236	132	132	132	1068	-4	his	False	P	False	3	1	1	0
5299	137	10	88	0	his	False	-4	27	316	316	316	316	212	212	212	212	-4	his	False	P	False	3	1	1	0
5300	137	10	38	0	his	False	-4	28	152	152	560	748	232	232	232	232	-4	his	False	P	False	3	1	1	0
5301	137	10	197	0	his	False	-4	29	220	220	220	220	132	256	256	256	-4	his	False	P	False	3	1	1	0
5303	137	10	47	0	his	False	-4	31	156	156	156	156	160	160	160	160	-4	his	False	P	False	3	1	1	0
5304	137	10	65	0	his	False	-4	32	252	252	252	252	224	224	224	320	-4	his	False	P	False	3	1	1	0
5305	137	10	197	0	his	False	-4	33	224	324	324	324	0	0	0	0	-4	his	False	P	False	3	1	1	0
5306	137	10	130	0	his	False	-4	34	260	260	260	260	464	464	464	464	-4	his	False	P	False	3	1	1	0
5309	137	10	149	0	his	False	-4	37	516	516	516	640	104	104	104	104	-4	his	False	P	False	3	1	1	0
5310	137	10	72	0	his	False	-4	38	248	248	248	248	204	204	204	204	-4	his	False	P	False	3	1	1	0
5311	137	10	81	0	his	False	-4	39	232	232	232	232	160	160	316	3160	-4	his	False	P	False	3	1	1	0
5312	137	10	66	0	his	False	-4	40	132	132	132	132	172	820	820	1652	-4	his	False	P	False	3	1	1	0
5313	137	10	184	0	his	False	-4	41	148	148	148	148	204	204	204	388	-4	his	False	P	False	3	1	1	0
5314	137	10	13	0	his	False	-4	42	240	240	240	1796	0	0	0	0	-4	his	False	P	False	3	1	1	0
5316	138	7	120	0	her	False	-2	1	224	224	224	224	292	548	548	548	-2	her	False	O	False	3	0	1	0
5318	138	7	107	0	her	False	-2	3	196	196	196	196	168	168	168	168	-2	her	False	O	False	3	0	1	0
5319	138	7	165	0	her	False	-2	4	224	224	224	224	256	256	256	256	-2	her	False	O	False	3	0	1	0
5321	138	7	74	0	her	False	-2	6	216	216	216	456	136	136	136	136	-2	her	False	O	False	3	0	1	0
5325	138	7	59	0	her	False	-2	11	160	160	160	160	124	124	124	124	-2	her	False	O	False	3	0	1	0
5326	138	7	118	0	her	False	-2	12	448	448	448	448	336	540	540	540	-2	her	False	O	False	3	0	1	0
5329	138	7	201	0	her	False	-2	15	228	228	228	228	0	0	0	0	-2	her	False	O	False	3	0	1	0
5330	138	7	80	0	her	False	-2	16	208	208	208	208	344	460	460	460	-2	her	False	O	False	3	0	1	0
5331	138	7	37	0	her	False	-2	17	132	132	132	132	0	0	0	0	-2	her	False	O	False	3	0	1	0
5332	138	7	157	0	her	False	-2	18	204	204	204	204	244	244	244	244	-2	her	False	O	False	3	0	1	0
5333	138	7	24	0	her	False	-2	19	224	224	224	1428	228	312	312	312	-2	her	False	O	False	3	0	1	0
5334	138	7	39	0	her	False	-2	20	96	96	244	1208	0	0	0	0	-2	her	False	O	False	3	0	1	0
5335	138	7	159	0	her	False	-2	21	168	168	168	268	124	124	124	124	-2	her	False	O	False	3	0	1	0
5336	138	7	25	0	her	False	-2	22	248	248	248	2024	280	280	280	280	-2	her	False	O	False	3	0	1	0
5337	138	7	89	0	her	False	-2	23	252	252	252	252	208	384	384	384	-2	her	False	O	False	3	0	1	0
5340	138	7	16	0	her	False	-2	27	180	180	180	180	152	152	152	152	-2	her	False	O	False	3	0	1	0
5341	138	7	19	0	her	False	-2	28	268	268	268	268	156	156	156	156	-2	her	False	O	False	3	0	1	0
5343	138	7	33	0	her	False	-2	30	212	212	212	212	308	308	308	308	-2	her	False	O	False	3	0	1	0
5344	138	7	99	0	her	False	-2	31	172	172	172	172	0	0	0	0	-2	her	False	O	False	3	0	1	0
5345	138	7	164	0	her	False	-2	32	168	168	168	168	220	220	220	220	-2	her	False	O	False	3	0	1	0
5346	138	7	173	0	her	False	-2	33	156	336	336	336	172	172	172	172	-2	her	False	O	False	3	0	1	0
5347	138	7	106	0	her	False	-2	34	192	192	192	192	0	0	0	0	-2	her	False	O	False	3	0	1	0
5348	138	7	138	0	her	False	-2	35	180	180	180	180	0	0	0	0	-2	her	False	O	False	3	0	1	0
5350	138	7	14	0	her	False	-2	37	216	216	216	216	140	140	140	220	-2	her	False	O	False	3	0	1	0
5352	138	7	100	0	her	False	-2	39	76	76	76	76	232	232	232	232	-2	her	False	O	False	3	0	1	0
5355	138	7	187	0	her	False	-2	42	136	136	136	300	164	164	164	164	-2	her	False	O	False	3	0	1	0
5357	138	10	120	0	his	False	-9	1	264	264	264	264	396	396	396	1696	-9	his	False	P	False	3	1	1	0
5359	138	10	107	0	his	False	-9	3	156	156	712	828	0	0	0	0	-9	his	False	P	False	3	1	1	0
5360	138	10	165	0	his	False	-9	4	196	196	196	760	0	0	0	0	-9	his	False	P	False	3	1	1	0
5361	138	10	53	0	his	False	-9	5	168	168	168	168	76	76	76	2072	-9	his	False	P	False	3	1	1	0
5362	138	10	74	0	his	False	-9	6	216	216	216	216	192	192	192	192	-9	his	False	P	False	3	1	1	0
5363	138	10	166	0	his	False	-9	7	132	132	400	2252	0	0	0	0	-9	his	False	P	False	3	1	1	0
5364	138	10	77	0	his	False	-9	8	252	536	536	536	0	0	0	0	-9	his	False	P	False	3	1	1	0
5365	138	10	46	0	his	False	-9	10	192	192	680	2124	0	0	0	0	-9	his	False	P	False	3	1	1	0
5366	138	10	59	0	his	False	-9	11	272	596	596	596	292	292	292	292	-9	his	False	P	False	3	1	1	0
5367	138	10	118	0	his	False	-9	12	116	116	116	116	272	272	272	2912	-9	his	False	P	False	3	1	1	0
5368	138	10	73	0	his	False	-9	13	196	196	196	416	200	400	400	524	-9	his	False	P	False	3	1	1	0
5369	138	10	77	0	his	False	-9	14	316	316	316	316	216	216	520	1084	-9	his	False	P	False	3	1	1	0
5370	138	10	201	0	his	False	-9	15	188	188	188	576	124	124	124	464	-9	his	False	P	False	3	1	1	0
5371	138	10	80	0	his	False	-9	16	344	344	344	1896	0	0	0	0	-9	his	False	P	False	3	1	1	0
5373	138	10	157	0	his	False	-9	18	392	392	392	392	288	288	288	288	-9	his	False	P	False	3	1	1	0
5374	138	10	24	0	his	False	-9	19	188	188	188	188	256	256	256	1880	-9	his	False	P	False	3	1	1	0
5376	138	10	159	0	his	False	-9	21	136	136	136	136	304	304	304	304	-9	his	False	P	False	3	1	1	0
5378	138	10	89	0	his	False	-9	23	328	328	328	328	192	508	1496	7004	-9	his	False	P	False	3	1	1	0
5380	138	10	21	0	his	False	-9	25	168	168	168	168	156	280	708	1308	-9	his	False	P	False	3	1	1	0
5381	138	10	16	0	his	False	-9	27	348	348	348	348	164	444	444	704	-9	his	False	P	False	3	1	1	0
5382	138	10	19	0	his	False	-9	28	196	196	352	496	372	372	372	372	-9	his	False	P	False	3	1	1	0
5386	138	10	164	0	his	False	-9	32	140	140	140	140	196	196	196	196	-9	his	False	P	False	3	1	1	0
5387	138	10	173	0	his	False	-9	33	164	164	164	164	232	232	232	232	-9	his	False	P	False	3	1	1	0
5391	138	10	14	0	his	False	-9	37	196	196	196	196	120	316	316	992	-9	his	False	P	False	3	1	1	0
5392	138	10	27	0	his	False	-9	38	452	648	648	860	0	0	0	0	-9	his	False	P	False	3	1	1	0
5394	138	10	128	0	his	False	-9	40	276	276	276	812	0	0	0	0	-9	his	False	P	False	3	1	1	0
5395	138	10	86	0	his	False	-9	41	236	236	236	236	156	156	156	952	-9	his	False	P	False	3	1	1	0
5396	138	10	187	0	his	False	-9	42	108	108	344	928	0	0	0	0	-9	his	False	P	False	3	1	1	0
5397	138	10	124	0	his	False	-9	43	372	372	372	372	252	252	252	252	-9	his	False	P	False	3	1	1	0
5398	139	7	197	0	his	False	-6	1	172	172	172	328	240	240	240	240	-6	his	False	P	False	3	0	1	0
5399	139	7	195	0	his	False	-6	2	184	184	184	184	164	164	164	164	-6	his	False	P	False	3	0	1	0
5401	139	7	29	0	his	False	-6	4	136	284	284	284	180	180	180	180	-6	his	False	P	False	3	0	1	0
5404	139	7	174	0	his	False	-6	7	180	180	180	180	0	0	0	0	-6	his	False	P	False	3	0	1	0
5405	139	7	78	0	his	False	-6	8	220	360	360	360	0	0	0	0	-6	his	False	P	False	3	0	1	0
5406	139	7	17	0	his	False	-6	9	120	120	120	120	108	108	108	108	-6	his	False	P	False	3	0	1	0
5411	139	7	176	0	his	False	-6	14	192	192	192	192	156	156	156	156	-6	his	False	P	False	3	0	1	0
5413	139	7	196	0	his	False	-6	16	196	196	196	196	184	460	460	460	-6	his	False	P	False	3	0	1	0
5414	139	7	83	0	his	False	-6	17	148	148	148	148	0	0	0	0	-6	his	False	P	False	3	0	1	0
5416	139	7	175	0	his	False	-6	19	128	128	128	128	100	100	100	100	-6	his	False	P	False	3	0	1	0
5420	139	7	185	0	his	False	-6	23	124	124	124	124	280	280	280	280	-6	his	False	P	False	3	0	1	0
5421	139	7	166	0	his	False	-6	24	320	320	320	320	128	128	128	128	-6	his	False	P	False	3	0	1	0
5422	139	7	118	0	his	False	-6	25	240	240	240	240	144	144	144	144	-6	his	False	P	False	3	0	1	0
5423	139	7	102	0	his	False	-6	27	152	152	152	152	196	196	196	196	-6	his	False	P	False	3	0	1	0
5424	139	7	123	0	his	False	-6	28	260	260	260	260	228	228	228	228	-6	his	False	P	False	3	0	1	0
5429	139	7	47	0	his	False	-6	33	136	300	300	300	116	116	116	116	-6	his	False	P	False	3	0	1	0
5432	139	7	129	0	his	False	-6	36	132	132	132	132	0	0	0	0	-6	his	False	P	False	3	0	1	0
5433	139	7	37	0	his	False	-6	37	156	156	156	156	176	176	176	176	-6	his	False	P	False	3	0	1	0
5434	139	7	77	0	his	False	-6	38	148	148	148	148	252	252	252	252	-6	his	False	P	False	3	0	1	0
5436	139	7	42	0	his	False	-6	40	272	272	272	272	132	132	132	132	-6	his	False	P	False	3	0	1	0
5438	139	7	158	0	his	False	-6	42	156	296	296	296	0	0	0	0	-6	his	False	P	False	3	0	1	0
5446	139	10	174	0	his	False	-3	7	180	180	180	180	124	124	448	2232	-3	his	False	P	False	3	1	1	0
5448	139	10	17	0	his	False	-3	9	180	180	180	180	200	500	500	968	-3	his	False	P	False	3	1	1	0
5450	139	10	82	0	his	False	-3	11	244	244	244	244	184	296	296	296	-3	his	False	P	False	3	1	1	0
5451	139	10	20	0	his	False	-3	12	244	244	244	244	132	308	308	1492	-3	his	False	P	False	3	1	1	0
5454	139	10	123	0	his	False	-3	15	824	824	1128	1916	0	0	0	0	-3	his	False	P	False	3	1	1	0
5455	139	10	196	0	his	False	-3	16	324	816	816	1228	0	0	0	0	-3	his	False	P	False	3	1	1	0
5463	139	10	166	0	his	False	-3	24	424	424	424	784	0	0	0	0	-3	his	False	P	False	3	1	1	0
5464	139	10	118	0	his	False	-3	25	164	164	164	348	260	372	372	716	-3	his	False	P	False	3	1	1	0
5472	139	10	43	0	his	False	-3	34	420	420	420	420	0	0	0	0	-3	his	False	P	False	3	1	1	0
5473	139	10	21	0	his	False	-3	35	168	168	168	168	232	232	232	232	-3	his	False	P	False	3	1	1	0
5475	139	10	37	0	his	False	-3	37	164	164	164	164	80	80	80	300	-3	his	False	P	False	3	1	1	0
5477	139	10	178	0	his	False	-3	39	248	248	248	248	308	308	308	308	-3	his	False	P	False	3	1	1	0
5478	139	10	42	0	his	False	-3	40	132	132	132	132	152	364	364	1468	-3	his	False	P	False	3	1	1	0
5480	139	10	158	0	his	False	-3	42	268	268	268	268	184	184	184	1272	-3	his	False	P	False	3	1	1	0
5482	140	7	57	0	us	True	?	1	160	160	160	160	0	0	0	0	?	us	False	O	False	2	0	0	0
5484	140	7	70	0	us	True	?	3	188	188	188	188	228	228	228	228	?	us	False	O	False	2	0	0	0
5492	140	7	150	0	us	True	?	11	136	136	136	136	140	140	140	140	?	us	False	O	False	2	0	0	0
5499	140	7	193	0	us	True	?	19	232	232	232	232	144	144	144	144	?	us	False	O	False	2	0	0	0
5500	140	7	165	0	us	True	?	20	140	140	140	140	0	0	0	0	?	us	False	O	False	2	0	0	0
5503	140	7	135	0	us	True	?	23	168	168	168	168	204	204	204	204	?	us	False	O	False	2	0	0	0
5506	140	7	101	0	us	True	?	27	216	216	216	216	208	208	208	208	?	us	False	O	False	2	0	0	0
5511	140	7	169	0	us	True	?	32	300	300	300	300	136	136	136	136	?	us	False	O	False	2	0	0	0
5512	140	7	27	0	us	True	?	33	160	160	160	160	152	324	324	324	?	us	False	O	False	2	0	0	0
5516	140	7	2	0	us	True	?	37	180	180	180	180	0	0	0	0	?	us	False	O	False	2	0	0	0
5565	141	5	85	0	herself	True	-4	1	244	244	244	244	216	216	216	216	-4	herself	True	R	False	7	1	1	0
5566	141	5	59	0	herself	True	-4	2	112	112	112	112	0	0	0	0	-4	herself	True	R	False	7	1	1	0
5567	141	5	83	0	herself	True	-4	3	244	244	244	244	188	188	188	188	-4	herself	True	R	False	7	1	1	0
5568	141	5	141	0	herself	True	-4	4	208	208	208	208	0	0	0	0	-4	herself	True	R	False	7	1	1	0
5569	141	5	186	0	herself	True	-4	5	220	220	220	220	0	0	0	0	-4	herself	True	R	False	7	1	1	0
5570	141	5	78	0	herself	True	-4	6	180	180	180	180	0	0	0	0	-4	herself	True	R	False	7	1	1	0
5571	141	5	141	0	herself	True	-4	7	188	188	216	588	116	116	116	116	-4	herself	True	R	False	7	1	1	0
5572	141	5	9	0	herself	True	-4	8	188	188	188	188	0	0	0	0	-4	herself	True	R	False	7	1	1	0
5573	141	5	26	0	herself	True	-4	9	164	164	164	164	0	0	0	0	-4	herself	True	R	False	7	1	1	0
5574	141	5	139	0	herself	True	-4	10	156	156	156	156	148	148	148	148	-4	herself	True	R	False	7	1	1	0
5575	141	5	65	0	herself	True	-4	11	256	256	256	256	0	0	0	0	-4	herself	True	R	False	7	1	1	0
5576	141	5	70	0	herself	True	-4	12	104	104	104	104	0	0	0	0	-4	herself	True	R	False	7	1	1	0
5577	141	5	121	0	herself	True	-4	13	128	128	128	128	0	0	0	0	-4	herself	True	R	False	7	1	1	0
5578	141	5	69	0	herself	True	-4	14	244	244	244	244	0	0	0	0	-4	herself	True	R	False	7	1	1	0
5580	141	5	65	0	herself	True	-4	16	132	280	280	280	0	0	0	0	-4	herself	True	R	False	7	1	1	0
5582	141	5	202	0	herself	True	-4	18	156	156	156	156	0	0	0	0	-4	herself	True	R	False	7	1	1	0
5583	141	5	68	0	herself	True	-4	19	140	140	140	140	184	184	184	184	-4	herself	True	R	False	7	1	1	0
5584	141	5	140	0	herself	True	-4	20	140	140	140	140	0	0	0	0	-4	herself	True	R	False	7	1	1	0
5585	141	5	156	0	herself	True	-4	21	140	140	140	140	136	136	136	136	-4	herself	True	R	False	7	1	1	0
5586	141	5	64	0	herself	True	-4	22	292	292	292	292	0	0	0	0	-4	herself	True	R	False	7	1	1	0
5587	141	5	73	0	herself	True	-4	23	264	264	264	264	240	240	240	240	-4	herself	True	R	False	7	1	1	0
5588	141	5	42	0	herself	True	-4	24	180	180	180	180	0	0	0	0	-4	herself	True	R	False	7	1	1	0
5589	141	5	94	0	herself	True	-4	25	280	280	280	280	0	0	0	0	-4	herself	True	R	False	7	1	1	0
5590	141	5	168	0	herself	True	-4	27	184	184	184	184	344	344	344	344	-4	herself	True	R	False	7	1	1	0
5591	141	5	69	0	herself	True	-4	28	236	236	236	236	196	448	448	448	-4	herself	True	R	False	7	1	1	0
5592	141	5	48	0	herself	True	-4	29	208	208	208	208	0	0	0	0	-4	herself	True	R	False	7	1	1	0
5593	141	5	106	0	herself	True	-4	30	84	84	84	84	316	424	424	424	-4	herself	True	R	False	7	1	1	0
5594	141	5	100	0	herself	True	-4	31	148	148	148	148	0	0	0	0	-4	herself	True	R	False	7	1	1	0
5595	141	5	197	0	herself	True	-4	32	308	308	308	308	0	0	0	0	-4	herself	True	R	False	7	1	1	0
5597	141	5	60	0	herself	True	-4	34	168	168	168	168	0	0	0	0	-4	herself	True	R	False	7	1	1	0
5598	141	5	136	0	herself	True	-4	35	160	160	160	160	0	0	0	0	-4	herself	True	R	False	7	1	1	0
5599	141	5	202	0	herself	True	-4	36	196	196	196	196	0	0	0	0	-4	herself	True	R	False	7	1	1	0
5600	141	5	186	0	herself	True	-4	37	132	132	132	132	172	172	172	172	-4	herself	True	R	False	7	1	1	0
5601	141	5	199	0	herself	True	-4	38	188	188	188	188	0	0	0	0	-4	herself	True	R	False	7	1	1	0
5602	141	5	173	0	herself	True	-4	39	132	132	132	132	0	0	0	0	-4	herself	True	R	False	7	1	1	0
5603	141	5	94	0	herself	True	-4	40	24	24	24	24	0	0	0	0	-4	herself	True	R	False	7	1	1	0
5604	141	5	10	0	herself	True	-4	41	156	156	156	156	176	176	176	176	-4	herself	True	R	False	7	1	1	0
5605	141	5	200	0	herself	True	-4	42	152	152	152	152	132	132	132	132	-4	herself	True	R	False	7	1	1	0
5606	141	5	31	0	herself	True	-4	43	200	200	200	200	0	0	0	0	-4	herself	True	R	False	7	1	1	0
5607	141	6	85	0	he	True	?	1	216	216	216	216	184	184	184	184	?	he	False	O	False	2	2	0	0
5609	141	6	83	0	he	True	?	3	188	188	188	188	308	308	308	308	?	he	False	O	False	2	2	0	0
5613	141	6	141	0	he	True	?	7	116	116	116	116	0	0	0	0	?	he	False	O	False	2	2	0	0
5616	141	6	139	0	he	True	?	10	148	148	148	148	88	88	88	88	?	he	False	O	False	2	2	0	0
5621	141	6	82	0	he	True	?	15	132	132	132	132	0	0	0	0	?	he	False	O	False	2	2	0	0
5623	141	6	140	0	he	True	?	17	156	156	156	156	0	0	0	0	?	he	False	O	False	2	2	0	0
5625	141	6	68	0	he	True	?	19	184	184	184	184	0	0	0	0	?	he	False	O	False	2	2	0	0
5627	141	6	156	0	he	True	?	21	136	136	136	136	0	0	0	0	?	he	False	O	False	2	2	0	0
5629	141	6	73	0	he	True	?	23	240	240	240	240	192	192	192	192	?	he	False	O	False	2	2	0	0
5632	141	6	168	0	he	True	?	27	344	344	344	344	136	136	136	136	?	he	False	O	False	2	2	0	0
5633	141	6	69	0	he	True	?	28	196	448	448	448	500	500	500	500	?	he	False	O	False	2	2	0	0
5635	141	6	106	0	he	True	?	30	316	424	424	424	0	0	0	0	?	he	False	O	False	2	2	0	0
5642	141	6	186	0	he	True	?	37	172	172	172	172	104	104	580	788	?	he	False	O	False	2	2	0	0
5646	141	6	10	0	he	True	?	41	176	176	176	176	0	0	0	0	?	he	False	O	False	2	2	0	0
5647	141	6	200	0	he	True	?	42	132	132	132	132	0	0	0	0	?	he	False	O	False	2	2	0	0
5692	142	8	32	0	her	True	-7	3	244	244	244	244	244	244	244	244	-7	her	False	O	False	3	1	1	0
5693	142	8	167	0	her	True	-7	4	212	212	212	212	144	144	144	144	-7	her	False	O	False	3	1	1	0
5694	142	8	101	0	her	True	-7	5	200	200	200	200	0	0	0	0	-7	her	False	O	False	3	1	1	0
5699	142	8	129	0	her	True	-7	11	136	136	136	136	140	140	140	140	-7	her	False	O	False	3	1	1	0
5700	142	8	141	0	her	True	-7	12	172	172	172	172	256	256	256	256	-7	her	False	O	False	3	1	1	0
5704	142	8	109	0	her	True	-7	16	192	192	192	192	176	316	316	316	-7	her	False	O	False	3	1	1	0
5708	142	8	90	0	her	True	-7	20	160	160	160	160	0	0	0	0	-7	her	False	O	False	3	1	1	0
5711	142	8	131	0	her	True	-7	23	296	296	296	296	136	316	316	316	-7	her	False	O	False	3	1	1	0
5714	142	8	113	0	her	True	-7	27	212	212	212	212	256	256	256	256	-7	her	False	O	False	3	1	1	0
5715	142	8	124	0	her	True	-7	28	204	204	204	204	0	0	0	0	-7	her	False	O	False	3	1	1	0
5716	142	8	38	0	her	True	-7	29	188	188	188	188	280	280	280	520	-7	her	False	O	False	3	1	1	0
5717	142	8	157	0	her	True	-7	30	220	220	220	220	312	312	312	312	-7	her	False	O	False	3	1	1	0
5718	142	8	38	0	her	True	-7	31	156	156	156	288	148	148	148	148	-7	her	False	O	False	3	1	1	0
5719	142	8	139	0	her	True	-7	32	192	192	192	192	0	0	0	0	-7	her	False	O	False	3	1	1	0
5722	142	8	137	0	her	True	-7	35	192	192	192	192	224	224	224	224	-7	her	False	O	False	3	1	1	0
5724	142	8	16	0	her	True	-7	37	144	144	144	144	188	188	188	188	-7	her	False	O	False	3	1	1	0
5725	142	8	52	0	her	True	-7	38	264	264	264	428	240	240	240	240	-7	her	False	O	False	3	1	1	0
5727	142	8	8	0	her	True	-7	40	168	232	232	232	0	0	0	0	-7	her	False	O	False	3	1	1	0
5728	142	8	64	0	her	True	-7	41	160	160	160	160	96	96	96	96	-7	her	False	O	False	3	1	1	0
5729	142	8	189	0	her	True	-7	42	136	136	136	136	0	0	0	0	-7	her	False	O	False	3	1	1	0
5772	145	10	46	0	this	True	?	1	248	380	380	552	156	156	156	908	?	this	False	O	False	4	1	0	0
5774	145	10	125	0	this	True	?	3	184	184	184	184	0	0	0	0	?	this	False	O	False	4	1	0	0
5775	145	10	166	0	this	True	?	4	164	164	164	164	204	340	340	340	?	this	False	O	False	4	1	0	0
5779	145	10	52	0	this	True	?	8	120	120	120	120	580	580	580	2340	?	this	False	O	False	4	1	0	0
5780	145	10	182	0	this	True	?	10	156	156	508	736	172	172	172	1296	?	this	False	O	False	4	1	0	0
5781	145	10	64	0	this	True	?	11	216	216	216	216	144	144	456	1152	?	this	False	O	False	4	1	0	0
5782	145	10	106	0	this	True	?	12	212	364	456	656	0	0	0	0	?	this	False	O	False	4	1	0	0
5783	145	10	143	0	this	True	?	13	276	276	276	276	276	276	276	692	?	this	False	O	False	4	1	0	0
5785	145	10	163	0	this	True	?	15	456	456	456	456	0	0	0	0	?	this	False	O	False	4	1	0	0
5786	145	10	89	0	this	True	?	16	136	136	136	136	164	788	788	1048	?	this	False	O	False	4	1	0	0
5788	145	10	119	0	this	True	?	18	232	232	232	232	172	172	172	172	?	this	False	O	False	4	1	0	0
5789	145	10	128	0	this	True	?	19	252	252	252	1236	0	0	0	0	?	this	False	O	False	4	1	0	0
5790	145	10	13	0	this	True	?	20	212	424	424	424	156	156	156	324	?	this	False	O	False	4	1	0	0
5792	145	10	160	0	this	True	?	22	312	312	312	312	0	0	0	0	?	this	False	O	False	4	1	0	0
5793	145	10	44	0	this	True	?	23	164	164	164	164	196	196	1020	5412	?	this	False	O	False	4	1	0	0
5795	145	10	41	0	this	True	?	25	168	444	444	444	148	148	348	796	?	this	False	O	False	4	1	0	0
5796	145	10	22	0	this	True	?	27	276	276	276	276	84	84	84	1208	?	this	False	O	False	4	1	0	0
5797	145	10	112	0	this	True	?	28	180	180	180	180	384	384	384	640	?	this	False	O	False	4	1	0	0
5798	145	10	13	0	this	True	?	29	168	168	168	292	188	288	288	288	?	this	False	O	False	4	1	0	0
5800	145	10	126	0	this	True	?	31	96	96	96	96	0	0	0	0	?	this	False	O	False	4	1	0	0
5801	145	10	28	0	this	True	?	32	276	276	276	276	120	212	212	212	?	this	False	O	False	4	1	0	0
5802	145	10	191	0	this	True	?	33	164	412	536	996	152	340	340	640	?	this	False	O	False	4	1	0	0
5803	145	10	159	0	this	True	?	34	208	208	208	208	216	216	216	376	?	this	False	O	False	4	1	0	0
5806	145	10	133	0	this	True	?	37	148	384	384	384	0	0	0	0	?	this	False	O	False	4	1	0	0
5809	145	10	80	0	this	True	?	40	228	228	228	228	116	264	264	364	?	this	False	O	False	4	1	0	0
5810	145	10	133	0	this	True	?	41	188	188	188	188	152	364	364	364	?	this	False	O	False	4	1	0	0
5811	145	10	40	0	this	True	?	42	240	240	240	392	284	592	888	1516	?	this	False	O	False	4	1	0	0
5812	145	10	73	0	this	True	?	43	120	120	120	120	124	124	124	640	?	this	False	O	False	4	1	0	0
5813	146	2	131	0	they	True	?	1	368	368	368	368	0	0	0	0	?	they	False	O	True	4	0	0	0
5816	146	2	176	0	they	True	?	4	132	132	132	132	0	0	0	0	?	they	False	O	True	4	0	0	0
5818	146	2	108	0	they	True	?	6	248	248	248	248	128	128	128	128	?	they	False	O	True	4	0	0	0
5819	146	2	82	0	they	True	?	7	256	312	312	312	0	0	0	0	?	they	False	O	True	4	0	0	0
5820	146	2	110	0	they	True	?	8	236	236	408	524	124	124	124	124	?	they	False	O	True	4	0	0	0
5821	146	2	75	0	they	True	?	10	176	176	176	176	152	152	152	152	?	they	False	O	True	4	0	0	0
5822	146	2	163	0	they	True	?	11	164	164	164	164	168	168	168	168	?	they	False	O	True	4	0	0	0
5824	146	2	123	0	they	True	?	13	172	172	172	172	140	140	140	140	?	they	False	O	True	4	0	0	0
5825	146	2	64	0	they	True	?	14	172	172	172	172	140	140	140	140	?	they	False	O	True	4	0	0	0
5827	146	2	13	0	they	True	?	16	140	140	140	336	140	140	140	140	?	they	False	O	True	4	0	0	0
5829	146	2	10	0	they	True	?	18	244	408	408	408	0	0	0	0	?	they	False	O	True	4	0	0	0
5830	146	2	70	0	they	True	?	19	52	52	52	52	128	128	128	128	?	they	False	O	True	4	0	0	0
5832	146	2	90	0	they	True	?	21	200	340	340	340	0	0	0	0	?	they	False	O	True	4	0	0	0
5833	146	2	133	0	they	True	?	22	340	340	340	340	140	140	140	140	?	they	False	O	True	4	0	0	0
5834	146	2	30	0	they	True	?	23	212	248	404	720	180	180	180	180	?	they	False	O	True	4	0	0	0
5835	146	2	149	0	they	True	?	24	184	184	184	184	260	260	260	260	?	they	False	O	True	4	0	0	0
5836	146	2	145	0	they	True	?	25	220	220	220	220	180	180	180	180	?	they	False	O	True	4	0	0	0
5838	146	2	146	0	they	True	?	28	252	252	252	252	152	152	152	404	?	they	False	O	True	4	0	0	0
5840	146	2	59	0	they	True	?	30	248	248	248	412	360	360	360	360	?	they	False	O	True	4	0	0	0
5841	146	2	70	0	they	True	?	31	104	104	104	104	0	0	0	0	?	they	False	O	True	4	0	0	0
5842	146	2	39	0	they	True	?	32	204	204	204	204	196	196	196	196	?	they	False	O	True	4	0	0	0
5843	146	2	204	0	they	True	?	33	148	148	148	148	132	132	132	132	?	they	False	O	True	4	0	0	0
5844	146	2	32	0	they	True	?	34	296	296	296	296	168	372	372	372	?	they	False	O	True	4	0	0	0
5845	146	2	188	0	they	True	?	35	204	204	204	204	0	0	0	0	?	they	False	O	True	4	0	0	0
5847	146	2	129	0	they	True	?	37	36	220	220	220	164	164	164	164	?	they	False	O	True	4	0	0	0
5848	146	2	57	0	they	True	?	38	284	440	440	440	0	0	0	0	?	they	False	O	True	4	0	0	0
5849	146	2	133	0	they	True	?	39	228	228	228	228	0	0	0	0	?	they	False	O	True	4	0	0	0
5853	146	2	133	0	they	True	?	43	216	216	216	216	0	0	0	0	?	they	False	O	True	4	0	0	0
5854	146	5	131	0	their	True	-3	1	132	132	132	132	232	232	232	232	-3	their	False	P	True	5	1	1	0
5855	146	5	100	0	their	True	-3	2	140	140	140	140	132	132	132	132	-3	their	False	P	True	5	1	1	0
5856	146	5	19	0	their	True	-3	3	24	224	492	1424	156	156	156	156	-3	their	False	P	True	5	1	1	0
5857	146	5	176	0	their	True	-3	4	152	152	152	152	148	148	148	148	-3	their	False	P	True	5	1	1	0
5858	146	5	190	0	their	True	-3	5	208	208	208	208	164	164	164	164	-3	their	False	P	True	5	1	1	0
5859	146	5	108	0	their	True	-3	6	176	176	176	176	136	136	136	856	-3	their	False	P	True	5	1	1	0
5860	146	5	82	0	their	True	-3	7	112	112	112	112	0	0	0	0	-3	their	False	P	True	5	1	1	0
5861	146	5	110	0	their	True	-3	8	172	172	172	172	212	212	212	212	-3	their	False	P	True	5	1	1	0
5862	146	5	75	0	their	True	-3	10	152	152	152	152	252	252	252	252	-3	their	False	P	True	5	1	1	0
5863	146	5	163	0	their	True	-3	11	184	184	184	184	128	128	128	128	-3	their	False	P	True	5	1	1	0
5864	146	5	18	0	their	True	-3	12	148	148	148	148	128	128	128	128	-3	their	False	P	True	5	1	1	0
5865	146	5	123	0	their	True	-3	13	156	156	156	156	372	372	372	372	-3	their	False	P	True	5	1	1	0
5866	146	5	64	0	their	True	-3	14	248	248	248	248	0	0	0	0	-3	their	False	P	True	5	1	1	0
5867	146	5	14	0	their	True	-3	15	172	172	172	172	120	120	120	120	-3	their	False	P	True	5	1	1	0
5868	146	5	13	0	their	True	-3	16	184	184	184	184	176	176	176	176	-3	their	False	P	True	5	1	1	0
5870	146	5	10	0	their	True	-3	18	268	268	268	268	0	0	0	0	-3	their	False	P	True	5	1	1	0
5871	146	5	70	0	their	True	-3	19	176	176	176	176	116	116	116	116	-3	their	False	P	True	5	1	1	0
5874	146	5	133	0	their	True	-3	22	264	264	264	264	196	196	196	196	-3	their	False	P	True	5	1	1	0
5875	146	5	30	0	their	True	-3	23	260	432	432	432	308	308	308	308	-3	their	False	P	True	5	1	1	0
5876	146	5	149	0	their	True	-3	24	252	252	252	252	224	224	224	224	-3	their	False	P	True	5	1	1	0
5877	146	5	145	0	their	True	-3	25	300	300	300	300	124	124	124	124	-3	their	False	P	True	5	1	1	0
5878	146	5	11	0	their	True	-3	27	216	216	216	216	156	156	156	156	-3	their	False	P	True	5	1	1	0
5879	146	5	146	0	their	True	-3	28	248	424	424	424	0	0	0	0	-3	their	False	P	True	5	1	1	0
5880	146	5	12	0	their	True	-3	29	132	280	280	280	0	0	0	0	-3	their	False	P	True	5	1	1	0
5881	146	5	59	0	their	True	-3	30	308	308	308	308	168	168	168	168	-3	their	False	P	True	5	1	1	0
5882	146	5	70	0	their	True	-3	31	372	372	372	372	0	0	0	0	-3	their	False	P	True	5	1	1	0
5883	146	5	39	0	their	True	-3	32	236	236	236	236	184	184	184	184	-3	their	False	P	True	5	1	1	0
5884	146	5	204	0	their	True	-3	33	112	112	112	112	332	332	332	332	-3	their	False	P	True	5	1	1	0
5885	146	5	32	0	their	True	-3	34	152	152	152	152	216	404	404	404	-3	their	False	P	True	5	1	1	0
5886	146	5	188	0	their	True	-3	35	180	180	180	180	176	176	176	176	-3	their	False	P	True	5	1	1	0
5888	146	5	129	0	their	True	-3	37	168	356	356	356	0	0	0	0	-3	their	False	P	True	5	1	1	0
5889	146	5	57	0	their	True	-3	38	224	224	224	224	136	136	136	136	-3	their	False	P	True	5	1	1	0
5890	146	5	133	0	their	True	-3	39	164	164	164	164	0	0	0	0	-3	their	False	P	True	5	1	1	0
5892	146	5	114	0	their	True	-3	41	244	244	404	1084	80	80	80	80	-3	their	False	P	True	5	1	1	0
5893	146	5	14	0	their	True	-3	42	156	340	340	340	0	0	0	0	-3	their	False	P	True	5	1	1	0
5894	146	5	133	0	their	True	-3	43	124	124	124	124	180	180	180	180	-3	their	False	P	True	5	1	1	0
5895	146	9	131	0	them	True	-4	1	252	252	252	252	236	236	236	236	-4	them	False	O	True	4	2	1	0
5896	146	9	100	0	them	True	-4	2	312	312	312	312	168	168	168	168	-4	them	False	O	True	4	2	1	0
5897	146	9	19	0	them	True	-4	3	452	700	700	700	0	0	0	0	-4	them	False	O	True	4	2	1	0
5898	146	9	176	0	them	True	-4	4	172	172	172	172	184	184	368	692	-4	them	False	O	True	4	2	1	0
5899	146	9	190	0	them	True	-4	5	208	208	208	208	0	0	0	0	-4	them	False	O	True	4	2	1	0
5903	146	9	75	0	them	True	-4	10	212	400	400	400	0	0	0	0	-4	them	False	O	True	4	2	1	0
5904	146	9	163	0	them	True	-4	11	204	652	836	1048	0	0	0	0	-4	them	False	O	True	4	2	1	0
5905	146	9	18	0	them	True	-4	12	204	204	204	204	0	0	0	0	-4	them	False	O	True	4	2	1	0
5908	146	9	14	0	them	True	-4	15	148	148	148	148	0	0	0	0	-4	them	False	O	True	4	2	1	0
5909	146	9	13	0	them	True	-4	16	228	228	228	228	0	0	0	0	-4	them	False	O	True	4	2	1	0
5910	146	9	48	0	them	True	-4	17	140	232	232	232	0	0	0	0	-4	them	False	O	True	4	2	1	0
5911	146	9	10	0	them	True	-4	18	204	204	204	488	0	0	0	0	-4	them	False	O	True	4	2	1	0
5912	146	9	70	0	them	True	-4	19	176	176	176	176	0	0	0	0	-4	them	False	O	True	4	2	1	0
5913	146	9	36	0	them	True	-4	20	160	160	160	160	0	0	0	0	-4	them	False	O	True	4	2	1	0
5914	146	9	90	0	them	True	-4	21	216	216	216	216	0	0	0	0	-4	them	False	O	True	4	2	1	0
5915	146	9	133	0	them	True	-4	22	164	672	672	672	0	0	0	0	-4	them	False	O	True	4	2	1	0
5916	146	9	30	0	them	True	-4	23	300	616	616	616	164	164	308	464	-4	them	False	O	True	4	2	1	0
5917	146	9	149	0	them	True	-4	24	152	152	152	152	0	0	0	0	-4	them	False	O	True	4	2	1	0
5918	146	9	145	0	them	True	-4	25	208	208	208	208	0	0	0	0	-4	them	False	O	True	4	2	1	0
5919	146	9	11	0	them	True	-4	27	224	224	224	224	0	0	0	0	-4	them	False	O	True	4	2	1	0
5920	146	9	146	0	them	True	-4	28	216	216	488	644	256	256	256	256	-4	them	False	O	True	4	2	1	0
5921	146	9	12	0	them	True	-4	29	132	236	236	236	0	0	0	0	-4	them	False	O	True	4	2	1	0
5922	146	9	59	0	them	True	-4	30	148	272	272	272	520	520	520	520	-4	them	False	O	True	4	2	1	0
5923	146	9	70	0	them	True	-4	31	92	92	92	92	0	0	0	0	-4	them	False	O	True	4	2	1	0
5924	146	9	39	0	them	True	-4	32	216	216	216	216	0	0	0	0	-4	them	False	O	True	4	2	1	0
5925	146	9	204	0	them	True	-4	33	160	776	776	776	0	0	0	0	-4	them	False	O	True	4	2	1	0
5926	146	9	32	0	them	True	-4	34	160	160	160	160	0	0	0	0	-4	them	False	O	True	4	2	1	0
5929	146	9	129	0	them	True	-4	37	160	160	836	1032	176	176	176	176	-4	them	False	O	True	4	2	1	0
5930	146	9	57	0	them	True	-4	38	236	236	236	236	0	0	0	0	-4	them	False	O	True	4	2	1	0
5931	146	9	133	0	them	True	-4	39	140	140	140	380	0	0	0	0	-4	them	False	O	True	4	2	1	0
5932	146	9	105	0	them	True	-4	40	168	168	168	168	108	252	252	252	-4	them	False	O	True	4	2	1	0
5933	146	9	114	0	them	True	-4	41	148	244	536	904	0	0	0	0	-4	them	False	O	True	4	2	1	0
5935	146	9	133	0	them	True	-4	43	152	152	152	152	208	208	208	208	-4	them	False	O	True	4	2	1	0
5977	150	5	200	0	his	True	?	1	264	264	264	400	0	0	0	0	?	his	False	P	False	3	0	0	0
5980	150	5	39	0	his	True	?	4	268	268	268	696	0	0	0	0	?	his	False	P	False	3	0	0	0
5981	150	5	38	0	his	True	?	5	200	200	200	200	192	192	192	376	?	his	False	P	False	3	0	0	0
5983	150	5	58	0	his	True	?	7	156	156	156	156	28	28	28	132	?	his	False	P	False	3	0	0	0
5984	150	5	197	0	his	True	?	8	152	152	152	152	0	0	0	0	?	his	False	P	False	3	0	0	0
5985	150	5	32	0	his	True	?	9	152	152	152	252	140	140	140	140	?	his	False	P	False	3	0	0	0
5987	150	5	67	0	his	True	?	11	184	184	184	184	120	120	120	120	?	his	False	P	False	3	0	0	0
5988	150	5	137	0	his	True	?	12	160	160	160	160	0	0	0	0	?	his	False	P	False	3	0	0	0
5989	150	5	167	0	his	True	?	13	212	344	344	344	0	0	0	0	?	his	False	P	False	3	0	0	0
5990	150	5	121	0	his	True	?	14	208	208	440	716	0	0	0	0	?	his	False	P	False	3	0	0	0
5991	150	5	38	0	his	True	?	15	164	164	164	164	0	0	0	0	?	his	False	P	False	3	0	0	0
5992	150	5	11	0	his	True	?	16	164	164	164	164	160	160	160	160	?	his	False	P	False	3	0	0	0
5994	150	5	4	0	his	True	?	18	48	200	200	200	0	0	0	0	?	his	False	P	False	3	0	0	0
5995	150	5	131	0	his	True	?	19	128	128	128	128	0	0	0	0	?	his	False	P	False	3	0	0	0
5998	150	5	103	0	his	True	?	22	200	200	200	200	196	196	196	196	?	his	False	P	False	3	0	0	0
5999	150	5	72	0	his	True	?	23	300	300	300	300	388	388	388	548	?	his	False	P	False	3	0	0	0
6000	150	5	110	0	his	True	?	24	180	180	180	180	252	252	252	252	?	his	False	P	False	3	0	0	0
6001	150	5	92	0	his	True	?	25	212	212	212	212	132	132	132	132	?	his	False	P	False	3	0	0	0
6002	150	5	204	0	his	True	?	27	240	240	240	240	148	256	256	256	?	his	False	P	False	3	0	0	0
6004	150	5	184	0	his	True	?	29	156	156	156	156	120	120	120	120	?	his	False	P	False	3	0	0	0
6005	150	5	193	0	his	True	?	30	256	404	404	404	0	0	0	0	?	his	False	P	False	3	0	0	0
6007	150	5	48	0	his	True	?	32	160	160	160	160	152	152	152	152	?	his	False	P	False	3	0	0	0
6010	150	5	68	0	his	True	?	35	164	164	164	164	0	0	0	0	?	his	False	P	False	3	0	0	0
6011	150	5	167	0	his	True	?	36	224	224	224	224	0	0	0	0	?	his	False	P	False	3	0	0	0
6012	150	5	75	0	his	True	?	37	152	152	152	152	124	124	124	124	?	his	False	P	False	3	0	0	0
6013	150	5	30	0	his	True	?	38	224	224	224	224	192	192	192	192	?	his	False	P	False	3	0	0	0
6017	150	5	104	0	his	True	?	42	240	240	240	240	0	0	0	0	?	his	False	P	False	3	0	0	0
6018	150	5	14	0	his	True	?	43	148	148	148	148	0	0	0	0	?	his	False	P	False	3	0	0	0
6019	150	8	200	0	he	True	-3	1	336	336	336	336	0	0	0	0	-3	he	False	O	False	2	1	1	0
6021	150	8	181	0	he	True	-3	3	96	96	96	96	176	176	176	412	-3	he	False	O	False	2	1	1	0
6022	150	8	39	0	he	True	-3	4	84	136	136	136	164	164	164	164	-3	he	False	O	False	2	1	1	0
6023	150	8	38	0	he	True	-3	5	176	176	176	176	140	140	140	140	-3	he	False	O	False	2	1	1	0
6024	150	8	146	0	he	True	-3	6	168	168	168	168	0	0	0	0	-3	he	False	O	False	2	1	1	0
6027	150	8	32	0	he	True	-3	9	168	304	304	304	120	120	120	120	-3	he	False	O	False	2	1	1	0
6028	150	8	15	0	he	True	-3	10	72	72	176	212	32	172	328	1104	-3	he	False	O	False	2	1	1	0
6029	150	8	67	0	he	True	-3	11	180	180	180	180	0	0	0	0	-3	he	False	O	False	2	1	1	0
6030	150	8	137	0	he	True	-3	12	288	288	288	288	144	144	144	144	-3	he	False	O	False	2	1	1	0
6032	150	8	121	0	he	True	-3	14	196	196	196	196	220	220	220	220	-3	he	False	O	False	2	1	1	0
6033	150	8	38	0	he	True	-3	15	52	52	52	52	144	144	144	144	-3	he	False	O	False	2	1	1	0
6034	150	8	11	0	he	True	-3	16	316	316	316	316	172	172	172	172	-3	he	False	O	False	2	1	1	0
6035	150	8	101	0	he	True	-3	17	148	148	148	148	152	152	152	152	-3	he	False	O	False	2	1	1	0
6036	150	8	4	0	he	True	-3	18	240	240	240	240	228	228	228	228	-3	he	False	O	False	2	1	1	0
6037	150	8	131	0	he	True	-3	19	224	224	224	224	88	88	88	188	-3	he	False	O	False	2	1	1	0
6041	150	8	72	0	he	True	-3	23	328	328	328	328	124	336	336	336	-3	he	False	O	False	2	1	1	0
6047	150	8	193	0	he	True	-3	30	304	304	304	860	200	388	388	388	-3	he	False	O	False	2	1	1	0
6049	150	8	48	0	he	True	-3	32	184	184	184	336	160	160	160	160	-3	he	False	O	False	2	1	1	0
6050	150	8	133	0	he	True	-3	33	196	196	196	196	144	144	144	144	-3	he	False	O	False	2	1	1	0
6052	150	8	68	0	he	True	-3	35	188	188	188	188	212	212	212	212	-3	he	False	O	False	2	1	1	0
6054	150	8	75	0	he	True	-3	37	156	316	316	316	92	92	92	92	-3	he	False	O	False	2	1	1	0
6055	150	8	30	0	he	True	-3	38	224	224	224	224	32	160	160	160	-3	he	False	O	False	2	1	1	0
6057	150	8	28	0	he	True	-3	40	152	152	152	1348	172	172	172	172	-3	he	False	O	False	2	1	1	0
6060	150	8	14	0	he	True	-3	43	120	120	120	120	188	188	188	188	-3	he	False	O	False	2	1	1	0
6102	154	7	68	0	she	True	?	1	264	264	264	264	0	0	0	0	?	she	False	O	False	3	1	0	0
6104	154	7	106	0	she	True	?	3	136	280	280	280	204	204	204	204	?	she	False	O	False	3	1	0	0
6105	154	7	132	0	she	True	?	4	32	100	100	100	140	140	284	1140	?	she	False	O	False	3	1	0	0
6108	154	7	70	0	she	True	?	7	152	152	152	236	0	0	0	0	?	she	False	O	False	3	1	0	0
6109	154	7	40	0	she	True	?	8	132	132	132	132	0	0	0	0	?	she	False	O	False	3	1	0	0
6111	154	7	38	0	she	True	?	11	140	140	140	140	0	0	0	0	?	she	False	O	False	3	1	0	0
6113	154	7	173	0	she	True	?	13	160	160	160	160	0	0	0	0	?	she	False	O	False	3	1	0	0
6114	154	7	145	0	she	True	?	14	164	164	164	164	120	120	120	268	?	she	False	O	False	3	1	0	0
6115	154	7	65	0	she	True	?	15	140	140	140	140	0	0	0	0	?	she	False	O	False	3	1	0	0
6116	154	7	161	0	she	True	?	16	176	176	176	176	172	172	172	172	?	she	False	O	False	3	1	0	0
6117	154	7	40	0	she	True	?	17	148	148	148	148	136	136	136	136	?	she	False	O	False	3	1	0	0
6118	154	7	195	0	she	True	?	18	164	164	164	164	0	0	0	0	?	she	False	O	False	3	1	0	0
6119	154	7	182	0	she	True	?	19	84	84	84	84	176	176	176	176	?	she	False	O	False	3	1	0	0
6121	154	7	61	0	she	True	?	21	176	176	176	176	0	0	0	0	?	she	False	O	False	3	1	0	0
6125	154	7	179	0	she	True	?	25	152	152	152	152	136	136	136	136	?	she	False	O	False	3	1	0	0
6127	154	7	32	0	she	True	?	28	336	336	336	336	212	344	344	344	?	she	False	O	False	3	1	0	0
6128	154	7	175	0	she	True	?	29	212	212	212	212	164	164	164	164	?	she	False	O	False	3	1	0	0
6129	154	7	129	0	she	True	?	30	224	448	448	448	0	0	0	0	?	she	False	O	False	3	1	0	0
6132	154	7	42	0	she	True	?	33	160	160	160	160	164	164	164	164	?	she	False	O	False	3	1	0	0
6133	154	7	4	0	she	True	?	34	144	144	144	144	0	0	0	0	?	she	False	O	False	3	1	0	0
6134	154	7	60	0	she	True	?	35	204	204	204	204	212	212	212	212	?	she	False	O	False	3	1	0	0
6135	154	7	28	0	she	True	?	36	152	152	152	152	0	0	0	0	?	she	False	O	False	3	1	0	0
6136	154	7	193	0	she	True	?	37	164	164	164	164	176	176	176	176	?	she	False	O	False	3	1	0	0
6137	154	7	74	0	she	True	?	38	192	192	192	192	164	164	164	164	?	she	False	O	False	3	1	0	0
6138	154	7	194	0	she	True	?	39	136	136	136	136	0	0	0	0	?	she	False	O	False	3	1	0	0
6139	154	7	40	0	she	True	?	40	136	136	136	136	0	0	0	0	?	she	False	O	False	3	1	0	0
6141	154	7	26	0	she	True	?	42	168	168	168	168	0	0	0	0	?	she	False	O	False	3	1	0	0
6143	154	11	68	0	his	True	-10	1	208	208	208	208	164	164	420	728	-10	his	False	P	False	3	2	1	0
6145	154	11	106	0	his	True	-10	3	128	280	280	280	232	232	232	232	-10	his	False	P	False	3	2	1	0
6149	154	11	70	0	his	True	-10	7	124	124	124	124	108	108	108	1296	-10	his	False	P	False	3	2	1	0
6150	154	11	40	0	his	True	-10	8	316	460	460	1024	0	0	0	0	-10	his	False	P	False	3	2	1	0
6151	154	11	197	0	his	True	-10	10	344	344	720	1676	0	0	0	0	-10	his	False	P	False	3	2	1	0
6152	154	11	38	0	his	True	-10	11	188	748	748	828	168	168	168	168	-10	his	False	P	False	3	2	1	0
6153	154	11	124	0	his	True	-10	12	100	100	172	900	0	0	0	0	-10	his	False	P	False	3	2	1	0
6154	154	11	173	0	his	True	-10	13	260	260	260	260	472	472	472	708	-10	his	False	P	False	3	2	1	0
6156	154	11	65	0	his	True	-10	15	444	696	696	1116	0	0	0	0	-10	his	False	P	False	3	2	1	0
6157	154	11	161	0	his	True	-10	16	240	536	536	536	140	708	708	708	-10	his	False	P	False	3	2	1	0
6159	154	11	195	0	his	True	-10	18	164	164	164	260	252	252	252	252	-10	his	False	P	False	3	2	1	0
6160	154	11	182	0	his	True	-10	19	228	228	228	860	0	0	0	0	-10	his	False	P	False	3	2	1	0
6163	154	11	12	0	his	True	-10	22	432	1084	1084	1084	0	0	0	0	-10	his	False	P	False	3	2	1	0
6164	154	11	154	0	his	True	-10	23	164	164	164	164	188	188	620	4196	-10	his	False	P	False	3	2	1	0
6167	154	11	95	0	his	True	-10	27	220	220	220	668	0	0	0	0	-10	his	False	P	False	3	2	1	0
6168	154	11	32	0	his	True	-10	28	324	324	324	324	296	296	296	296	-10	his	False	P	False	3	2	1	0
6169	154	11	175	0	his	True	-10	29	164	164	164	164	152	252	252	532	-10	his	False	P	False	3	2	1	0
6172	154	11	37	0	his	True	-10	32	192	192	192	192	216	216	432	612	-10	his	False	P	False	3	2	1	0
6173	154	11	42	0	his	True	-10	33	288	448	580	2684	0	0	0	0	-10	his	False	P	False	3	2	1	0
6174	154	11	4	0	his	True	-10	34	192	192	192	192	168	280	280	280	-10	his	False	P	False	3	2	1	0
6175	154	11	60	0	his	True	-10	35	164	164	164	164	176	176	176	620	-10	his	False	P	False	3	2	1	0
6176	154	11	28	0	his	True	-10	36	232	232	232	232	164	164	164	832	-10	his	False	P	False	3	2	1	0
6177	154	11	193	0	his	True	-10	37	144	144	144	144	184	184	184	544	-10	his	False	P	False	3	2	1	0
6178	154	11	74	0	his	True	-10	38	276	276	276	276	72	72	72	440	-10	his	False	P	False	3	2	1	0
6180	154	11	40	0	his	True	-10	40	216	216	216	216	236	328	328	2696	-10	his	False	P	False	3	2	1	0
6181	154	11	8	0	his	True	-10	41	212	476	476	816	0	0	0	0	-10	his	False	P	False	3	2	1	0
6182	154	11	26	0	his	True	-10	42	412	412	412	412	292	424	424	2152	-10	his	False	P	False	3	2	1	0
6183	154	11	30	0	his	True	-10	43	160	564	564	564	0	0	0	0	-10	his	False	P	False	3	2	1	0
6266	156	3	116	0	his	True	-2	1	220	220	220	220	228	228	228	228	-2	his	False	P	False	3	1	1	0
6267	156	3	39	0	his	True	-2	2	176	176	332	500	0	0	0	0	-2	his	False	P	False	3	1	1	0
6268	156	3	149	0	his	True	-2	3	204	204	204	204	148	148	148	148	-2	his	False	P	False	3	1	1	0
6269	156	3	61	0	his	True	-2	4	224	224	224	224	0	0	0	0	-2	his	False	P	False	3	1	1	0
6271	156	3	188	0	his	True	-2	6	128	128	128	128	0	0	0	0	-2	his	False	P	False	3	1	1	0
6273	156	3	76	0	his	True	-2	8	148	276	276	276	128	128	128	128	-2	his	False	P	False	3	1	1	0
6274	156	3	158	0	his	True	-2	10	80	80	80	80	144	144	144	144	-2	his	False	P	False	3	1	1	0
6275	156	3	152	0	his	True	-2	11	224	224	356	500	140	140	140	140	-2	his	False	P	False	3	1	1	0
6276	156	3	191	0	his	True	-2	12	124	124	124	124	0	0	0	0	-2	his	False	P	False	3	1	1	0
6277	156	3	40	0	his	True	-2	13	220	220	220	220	0	0	0	0	-2	his	False	P	False	3	1	1	0
6278	156	3	98	0	his	True	-2	14	152	152	152	152	272	272	272	272	-2	his	False	P	False	3	1	1	0
6280	156	3	154	0	his	True	-2	16	184	184	184	184	156	156	156	156	-2	his	False	P	False	3	1	1	0
6281	156	3	18	0	his	True	-2	17	156	156	156	156	0	0	0	0	-2	his	False	P	False	3	1	1	0
6283	156	3	127	0	his	True	-2	19	220	220	220	220	0	0	0	0	-2	his	False	P	False	3	1	1	0
6284	156	3	161	0	his	True	-2	20	120	120	120	120	0	0	0	0	-2	his	False	P	False	3	1	1	0
6287	156	3	152	0	his	True	-2	23	212	212	212	212	284	284	284	284	-2	his	False	P	False	3	1	1	0
6288	156	3	109	0	his	True	-2	24	148	148	148	148	0	0	0	0	-2	his	False	P	False	3	1	1	0
6289	156	3	39	0	his	True	-2	25	148	148	148	228	268	328	328	328	-2	his	False	P	False	3	1	1	0
6290	156	3	122	0	his	True	-2	27	280	280	280	280	0	0	0	0	-2	his	False	P	False	3	1	1	0
6293	156	3	105	0	his	True	-2	30	264	264	264	264	176	176	176	176	-2	his	False	P	False	3	1	1	0
6294	156	3	133	0	his	True	-2	31	128	128	128	128	0	0	0	0	-2	his	False	P	False	3	1	1	0
6296	156	3	31	0	his	True	-2	33	204	204	204	204	120	120	120	120	-2	his	False	P	False	3	1	1	0
6297	156	3	133	0	his	True	-2	34	160	160	160	160	0	0	0	0	-2	his	False	P	False	3	1	1	0
6298	156	3	133	0	his	True	-2	35	176	176	176	176	164	164	164	164	-2	his	False	P	False	3	1	1	0
6300	156	3	80	0	his	True	-2	37	120	120	120	120	0	0	0	0	-2	his	False	P	False	3	1	1	0
6302	156	3	179	0	his	True	-2	39	236	236	236	236	232	232	232	232	-2	his	False	P	False	3	1	1	0
6305	156	3	77	0	his	True	-2	42	116	116	116	116	124	124	124	124	-2	his	False	P	False	3	1	1	0
6306	156	3	22	0	his	True	-2	43	192	192	192	192	0	0	0	0	-2	his	False	P	False	3	1	1	0
6307	156	6	116	0	his	True	-3	1	268	268	268	268	156	156	156	312	-3	his	False	P	False	3	2	1	0
6309	156	6	149	0	his	True	-3	3	128	128	128	128	268	268	268	268	-3	his	False	P	False	3	2	1	0
6311	156	6	125	0	his	True	-3	5	220	220	220	220	192	192	192	192	-3	his	False	P	False	3	2	1	0
6316	156	6	152	0	his	True	-3	11	140	140	140	140	0	0	0	0	-3	his	False	P	False	3	2	1	0
6321	156	6	154	0	his	True	-3	16	232	232	232	232	188	336	336	336	-3	his	False	P	False	3	2	1	0
6324	156	6	127	0	his	True	-3	19	156	156	156	156	132	132	132	132	-3	his	False	P	False	3	2	1	0
6326	156	6	1	0	his	True	-3	21	192	192	192	192	164	164	164	164	-3	his	False	P	False	3	2	1	0
6328	156	6	152	0	his	True	-3	23	108	108	108	108	204	504	504	504	-3	his	False	P	False	3	2	1	0
6329	156	6	109	0	his	True	-3	24	232	232	232	232	128	128	128	128	-3	his	False	P	False	3	2	1	0
6331	156	6	122	0	his	True	-3	27	172	172	172	172	228	228	228	228	-3	his	False	P	False	3	2	1	0
6334	156	6	105	0	his	True	-3	30	448	448	448	868	120	120	372	884	-3	his	False	P	False	3	2	1	0
6338	156	6	133	0	his	True	-3	34	208	208	208	208	172	172	172	172	-3	his	False	P	False	3	2	1	0
6339	156	6	133	0	his	True	-3	35	144	144	144	144	0	0	0	0	-3	his	False	P	False	3	2	1	0
6341	156	6	80	0	his	True	-3	37	156	156	156	156	188	188	188	188	-3	his	False	P	False	3	2	1	0
6345	156	6	182	0	his	True	-3	41	152	152	152	152	168	168	168	168	-3	his	False	P	False	3	2	1	0
6347	156	6	22	0	his	True	-3	43	200	200	200	200	68	68	68	68	-3	his	False	P	False	3	2	1	0
6348	156	11	116	0	his	True	-5	1	252	252	492	624	240	388	564	1936	-5	his	False	P	False	3	3	1	0
6350	156	11	149	0	his	True	-5	3	188	344	344	344	148	148	148	148	-5	his	False	P	False	3	3	1	0
6351	156	11	61	0	his	True	-5	4	300	300	300	300	388	388	388	584	-5	his	False	P	False	3	3	1	0
6353	156	11	188	0	his	True	-5	6	148	148	148	148	0	0	0	0	-5	his	False	P	False	3	3	1	0
6355	156	11	76	0	his	True	-5	8	336	336	336	336	276	276	276	276	-5	his	False	P	False	3	3	1	0
6356	156	11	158	0	his	True	-5	10	272	272	508	548	192	192	528	2196	-5	his	False	P	False	3	3	1	0
6357	156	11	152	0	his	True	-5	11	208	208	208	208	216	216	216	388	-5	his	False	P	False	3	3	1	0
6359	156	11	40	0	his	True	-5	13	204	204	204	204	312	312	312	692	-5	his	False	P	False	3	3	1	0
6360	156	11	98	0	his	True	-5	14	324	324	660	1072	132	132	132	268	-5	his	False	P	False	3	3	1	0
6361	156	11	107	0	his	True	-5	15	672	672	672	860	0	0	0	0	-5	his	False	P	False	3	3	1	0
6362	156	11	154	0	his	True	-5	16	124	124	124	124	336	712	712	912	-5	his	False	P	False	3	3	1	0
6364	156	11	17	0	his	True	-5	18	200	200	464	1172	0	0	0	0	-5	his	False	P	False	3	3	1	0
6365	156	11	127	0	his	True	-5	19	512	640	640	640	192	192	192	1320	-5	his	False	P	False	3	3	1	0
6366	156	11	161	0	his	True	-5	20	164	164	164	164	180	180	444	1264	-5	his	False	P	False	3	3	1	0
6367	156	11	1	0	his	True	-5	21	144	144	144	144	180	180	520	968	-5	his	False	P	False	3	3	1	0
6369	156	11	152	0	his	True	-5	23	200	200	200	200	204	204	204	392	-5	his	False	P	False	3	3	1	0
6370	156	11	109	0	his	True	-5	24	312	312	312	764	104	104	104	280	-5	his	False	P	False	3	3	1	0
6371	156	11	39	0	his	True	-5	25	284	284	284	284	312	312	696	960	-5	his	False	P	False	3	3	1	0
6372	156	11	122	0	his	True	-5	27	332	332	332	548	180	248	248	884	-5	his	False	P	False	3	3	1	0
6373	156	11	12	0	his	True	-5	28	164	328	328	328	240	240	240	240	-5	his	False	P	False	3	3	1	0
6374	156	11	92	0	his	True	-5	29	180	180	180	180	152	268	268	468	-5	his	False	P	False	3	3	1	0
6375	156	11	105	0	his	True	-5	30	284	284	284	284	368	368	368	1080	-5	his	False	P	False	3	3	1	0
6377	156	11	6	0	his	True	-5	32	196	356	748	1436	264	264	748	1880	-5	his	False	P	False	3	3	1	0
6378	156	11	31	0	his	True	-5	33	180	180	924	2556	72	72	72	344	-5	his	False	P	False	3	3	1	0
6379	156	11	133	0	his	True	-5	34	336	336	336	336	188	188	280	460	-5	his	False	P	False	3	3	1	0
6380	156	11	133	0	his	True	-5	35	164	164	164	164	128	128	128	128	-5	his	False	P	False	3	3	1	0
6382	156	11	80	0	his	True	-5	37	180	292	292	292	148	148	284	1516	-5	his	False	P	False	3	3	1	0
6383	156	11	153	0	his	True	-5	38	188	188	188	188	224	224	224	464	-5	his	False	P	False	3	3	1	0
6384	156	11	179	0	his	True	-5	39	200	200	572	2124	0	0	0	0	-5	his	False	P	False	3	3	1	0
6386	156	11	182	0	his	True	-5	41	168	488	596	844	0	0	0	0	-5	his	False	P	False	3	3	1	0
6387	156	11	77	0	his	True	-5	42	144	144	144	144	168	168	168	1400	-5	his	False	P	False	3	3	1	0
6388	156	11	22	0	his	True	-5	43	268	612	612	708	0	0	0	0	-5	his	False	P	False	3	3	1	0
6430	157	6	91	0	they	True	?	1	172	172	172	172	0	0	0	0	?	they	False	O	True	4	1	0	0
6432	157	6	169	0	they	True	?	3	152	152	152	152	120	120	120	120	?	they	False	O	True	4	1	0	0
6433	157	6	71	0	they	True	?	4	156	156	156	156	136	296	296	296	?	they	False	O	True	4	1	0	0
6435	157	6	48	0	they	True	?	6	160	160	160	160	276	276	276	276	?	they	False	O	True	4	1	0	0
6436	157	6	112	0	they	True	?	7	128	128	128	128	44	44	44	44	?	they	False	O	True	4	1	0	0
6438	157	6	129	0	they	True	?	10	144	144	144	144	148	148	148	148	?	they	False	O	True	4	1	0	0
6439	157	6	53	0	they	True	?	11	208	208	208	208	148	148	148	148	?	they	False	O	True	4	1	0	0
6440	157	6	116	0	they	True	?	12	176	176	176	176	0	0	0	0	?	they	False	O	True	4	1	0	0
6442	157	6	23	0	they	True	?	14	208	444	444	444	260	364	364	364	?	they	False	O	True	4	1	0	0
6444	157	6	149	0	they	True	?	16	196	320	320	320	192	192	192	192	?	they	False	O	True	4	1	0	0
6446	157	6	164	0	they	True	?	18	168	168	168	168	0	0	0	0	?	they	False	O	True	4	1	0	0
6447	157	6	3	0	they	True	?	19	188	188	188	188	156	156	156	156	?	they	False	O	True	4	1	0	0
6450	157	6	57	0	they	True	?	22	176	176	176	176	220	220	220	220	?	they	False	O	True	4	1	0	0
6451	157	6	8	0	they	True	?	23	172	172	172	172	276	276	276	276	?	they	False	O	True	4	1	0	0
6453	157	6	180	0	they	True	?	25	152	260	260	260	152	152	152	152	?	they	False	O	True	4	1	0	0
6454	157	6	7	0	they	True	?	27	228	228	228	228	180	180	180	180	?	they	False	O	True	4	1	0	0
6455	157	6	18	0	they	True	?	28	196	196	196	1552	484	484	484	484	?	they	False	O	True	4	1	0	0
6457	157	6	176	0	they	True	?	30	252	252	620	1284	104	104	104	104	?	they	False	O	True	4	1	0	0
6458	157	6	103	0	they	True	?	31	172	172	172	172	0	0	0	0	?	they	False	O	True	4	1	0	0
6459	157	6	58	0	they	True	?	32	196	196	196	196	236	236	236	236	?	they	False	O	True	4	1	0	0
6460	157	6	5	0	they	True	?	33	152	152	152	152	220	220	220	220	?	they	False	O	True	4	1	0	0
6462	157	6	56	0	they	True	?	35	136	136	136	136	0	0	0	0	?	they	False	O	True	4	1	0	0
6464	157	6	40	0	they	True	?	37	128	292	292	292	200	200	200	200	?	they	False	O	True	4	1	0	0
6465	157	6	64	0	they	True	?	38	276	276	276	276	180	180	180	180	?	they	False	O	True	4	1	0	0
6467	157	6	45	0	they	True	?	40	168	168	168	168	120	120	120	120	?	they	False	O	True	4	1	0	0
6468	157	6	73	0	they	True	?	41	168	168	168	168	0	0	0	0	?	they	False	O	True	4	1	0	0
6469	157	6	117	0	they	True	?	42	164	164	164	164	268	268	268	268	?	they	False	O	True	4	1	0	0
6471	157	8	91	0	him	True	-7	1	168	168	168	168	0	0	0	0	-7	him	False	O	False	3	2	1	0
6472	157	8	22	0	him	True	-7	2	152	152	152	260	0	0	0	0	-7	him	False	O	False	3	2	1	0
6473	157	8	169	0	him	True	-7	3	132	280	280	280	0	0	0	0	-7	him	False	O	False	3	2	1	0
6475	157	8	107	0	him	True	-7	5	176	176	176	176	0	0	0	0	-7	him	False	O	False	3	2	1	0
6477	157	8	112	0	him	True	-7	7	128	128	128	128	0	0	0	0	-7	him	False	O	False	3	2	1	0
6481	157	8	116	0	him	True	-7	12	100	100	100	100	0	0	0	0	-7	him	False	O	False	3	2	1	0
6485	157	8	149	0	him	True	-7	16	180	180	180	180	0	0	0	0	-7	him	False	O	False	3	2	1	0
6486	157	8	82	0	him	True	-7	17	84	84	84	84	0	0	0	0	-7	him	False	O	False	3	2	1	0
6487	157	8	164	0	him	True	-7	18	156	156	156	156	0	0	0	0	-7	him	False	O	False	3	2	1	0
6490	157	8	141	0	him	True	-7	21	148	148	148	148	0	0	0	0	-7	him	False	O	False	3	2	1	0
6491	157	8	57	0	him	True	-7	22	160	160	160	160	0	0	0	0	-7	him	False	O	False	3	2	1	0
6492	157	8	8	0	him	True	-7	23	248	248	248	248	0	0	0	0	-7	him	False	O	False	3	2	1	0
6493	157	8	28	0	him	True	-7	24	164	164	164	164	0	0	0	0	-7	him	False	O	False	3	2	1	0
6496	157	8	18	0	him	True	-7	28	184	184	184	184	180	180	180	180	-7	him	False	O	False	3	2	1	0
6497	157	8	73	0	him	True	-7	29	196	196	196	196	0	0	0	0	-7	him	False	O	False	3	2	1	0
6499	157	8	103	0	him	True	-7	31	180	180	180	180	0	0	0	0	-7	him	False	O	False	3	2	1	0
6500	157	8	58	0	him	True	-7	32	224	224	224	224	0	0	0	0	-7	him	False	O	False	3	2	1	0
6501	157	8	5	0	him	True	-7	33	164	164	164	164	0	0	0	0	-7	him	False	O	False	3	2	1	0
6503	157	8	56	0	him	True	-7	35	172	172	172	172	0	0	0	0	-7	him	False	O	False	3	2	1	0
6504	157	8	125	0	him	True	-7	36	180	180	180	180	0	0	0	0	-7	him	False	O	False	3	2	1	0
6505	157	8	40	0	him	True	-7	37	152	152	152	152	176	176	176	176	-7	him	False	O	False	3	2	1	0
6507	157	8	24	0	him	True	-7	39	148	148	148	148	0	0	0	0	-7	him	False	O	False	3	2	1	0
6509	157	8	73	0	him	True	-7	41	144	144	144	144	204	204	204	204	-7	him	False	O	False	3	2	1	0
6511	157	8	189	0	him	True	-7	43	144	144	144	144	0	0	0	0	-7	him	False	O	False	3	2	1	0
6515	157	9	71	0	he	True	-1	4	164	164	164	164	252	252	252	252	-1	he	False	O	False	2	3	1	0
6519	157	9	108	0	he	True	-1	8	148	148	148	148	240	240	240	240	-1	he	False	O	False	2	3	1	0
6520	157	9	129	0	he	True	-1	10	172	172	172	172	0	0	0	0	-1	he	False	O	False	2	3	1	0
6521	157	9	53	0	he	True	-1	11	148	148	148	148	148	148	148	148	-1	he	False	O	False	2	3	1	0
6523	157	9	174	0	he	True	-1	13	240	240	240	240	0	0	0	0	-1	he	False	O	False	2	3	1	0
6524	157	9	23	0	he	True	-1	14	188	188	188	188	0	0	0	0	-1	he	False	O	False	2	3	1	0
6529	157	9	3	0	he	True	-1	19	216	216	216	216	0	0	0	0	-1	he	False	O	False	2	3	1	0
6537	157	9	18	0	he	True	-1	28	180	180	180	180	0	0	0	0	-1	he	False	O	False	2	3	1	0
6539	157	9	176	0	he	True	-1	30	116	116	116	116	236	236	236	236	-1	he	False	O	False	2	3	1	0
6543	157	9	171	0	he	True	-1	34	108	108	108	108	0	0	0	0	-1	he	False	O	False	2	3	1	0
6546	157	9	40	0	he	True	-1	37	176	176	176	176	108	108	108	108	-1	he	False	O	False	2	3	1	0
6547	157	9	64	0	he	True	-1	38	228	228	228	228	0	0	0	0	-1	he	False	O	False	2	3	1	0
6549	157	9	45	0	he	True	-1	40	136	136	136	136	0	0	0	0	-1	he	False	O	False	2	3	1	0
6550	157	9	73	0	he	True	-1	41	204	204	204	204	108	108	108	108	-1	he	False	O	False	2	3	1	0
6551	157	9	117	0	he	True	-1	42	168	168	168	168	0	0	0	0	-1	he	False	O	False	2	3	1	0
6593	158	3	12	0	his	True	-2	1	128	252	252	252	0	0	0	0	-2	his	False	P	False	3	1	1	0
6594	158	3	138	0	his	True	-2	2	316	316	316	316	0	0	0	0	-2	his	False	P	False	3	1	1	0
6595	158	3	198	0	his	True	-2	3	200	200	200	200	112	112	112	112	-2	his	False	P	False	3	1	1	0
6596	158	3	40	0	his	True	-2	4	168	168	168	168	0	0	0	0	-2	his	False	P	False	3	1	1	0
6598	158	3	69	0	his	True	-2	6	124	124	124	124	120	120	120	120	-2	his	False	P	False	3	1	1	0
6599	158	3	31	0	his	True	-2	7	128	128	128	128	104	104	104	104	-2	his	False	P	False	3	1	1	0
6600	158	3	123	0	his	True	-2	8	140	140	140	140	0	0	0	0	-2	his	False	P	False	3	1	1	0
6601	158	3	83	0	his	True	-2	10	184	184	184	184	108	108	108	108	-2	his	False	P	False	3	1	1	0
6602	158	3	110	0	his	True	-2	11	160	160	160	160	132	132	132	132	-2	his	False	P	False	3	1	1	0
6603	158	3	175	0	his	True	-2	12	184	184	184	184	140	140	140	140	-2	his	False	P	False	3	1	1	0
6604	158	3	94	0	his	True	-2	13	220	220	220	220	176	176	176	176	-2	his	False	P	False	3	1	1	0
6605	158	3	74	0	his	True	-2	14	312	312	312	312	0	0	0	0	-2	his	False	P	False	3	1	1	0
6607	158	3	137	0	his	True	-2	16	324	324	324	324	188	188	188	188	-2	his	False	P	False	3	1	1	0
6609	158	3	152	0	his	True	-2	19	192	192	192	192	104	104	104	104	-2	his	False	P	False	3	1	1	0
6611	158	3	158	0	his	True	-2	21	124	124	124	124	140	140	140	140	-2	his	False	P	False	3	1	1	0
6612	158	3	184	0	his	True	-2	22	156	156	156	156	224	224	224	224	-2	his	False	P	False	3	1	1	0
6613	158	3	60	0	his	True	-2	23	172	172	172	172	228	228	228	228	-2	his	False	P	False	3	1	1	0
6614	158	3	82	0	his	True	-2	24	240	240	240	240	176	176	176	176	-2	his	False	P	False	3	1	1	0
6615	158	3	189	0	his	True	-2	25	128	128	128	128	148	148	148	148	-2	his	False	P	False	3	1	1	0
6617	158	3	125	0	his	True	-2	28	348	348	348	348	424	424	424	424	-2	his	False	P	False	3	1	1	0
6619	158	3	125	0	his	True	-2	30	340	340	340	340	264	264	264	264	-2	his	False	P	False	3	1	1	0
6620	158	3	72	0	his	True	-2	31	196	196	196	196	0	0	0	0	-2	his	False	P	False	3	1	1	0
6621	158	3	17	0	his	True	-2	32	200	200	200	200	124	124	124	124	-2	his	False	P	False	3	1	1	0
6622	158	3	182	0	his	True	-2	33	144	144	144	144	168	168	168	168	-2	his	False	P	False	3	1	1	0
6624	158	3	167	0	his	True	-2	35	164	164	164	164	200	200	200	200	-2	his	False	P	False	3	1	1	0
6626	158	3	141	0	his	True	-2	37	140	140	140	140	148	148	148	148	-2	his	False	P	False	3	1	1	0
6636	158	6	40	0	his	True	-3	4	156	156	156	156	212	212	212	212	-3	his	False	P	False	3	2	1	0
6640	158	6	123	0	his	True	-3	8	208	208	208	208	0	0	0	0	-3	his	False	P	False	3	2	1	0
6641	158	6	83	0	his	True	-3	10	212	324	324	324	60	60	60	60	-3	his	False	P	False	3	2	1	0
6643	158	6	175	0	his	True	-3	12	288	288	288	288	124	124	124	124	-3	his	False	P	False	3	2	1	0
6644	158	6	94	0	his	True	-3	13	168	168	168	168	340	340	340	340	-3	his	False	P	False	3	2	1	0
6645	158	6	74	0	his	True	-3	14	236	236	236	236	112	112	112	112	-3	his	False	P	False	3	2	1	0
6647	158	6	137	0	his	True	-3	16	200	200	200	200	208	368	368	368	-3	his	False	P	False	3	2	1	0
6648	158	6	175	0	his	True	-3	18	228	228	228	228	0	0	0	0	-3	his	False	P	False	3	2	1	0
6649	158	6	152	0	his	True	-3	19	140	140	140	140	88	196	196	196	-3	his	False	P	False	3	2	1	0
6651	158	6	158	0	his	True	-3	21	132	132	132	132	136	136	136	136	-3	his	False	P	False	3	2	1	0
6652	158	6	184	0	his	True	-3	22	204	204	204	204	200	200	200	256	-3	his	False	P	False	3	2	1	0
6653	158	6	60	0	his	True	-3	23	228	228	228	228	264	408	408	408	-3	his	False	P	False	3	2	1	0
6654	158	6	82	0	his	True	-3	24	304	304	304	304	144	144	144	372	-3	his	False	P	False	3	2	1	0
6655	158	6	189	0	his	True	-3	25	164	284	284	284	0	0	0	0	-3	his	False	P	False	3	2	1	0
6656	158	6	27	0	his	True	-3	27	328	328	328	328	0	0	0	0	-3	his	False	P	False	3	2	1	0
6657	158	6	125	0	his	True	-3	28	180	180	396	524	396	396	396	396	-3	his	False	P	False	3	2	1	0
6658	158	6	33	0	his	True	-3	29	160	160	160	160	136	136	136	136	-3	his	False	P	False	3	2	1	0
6659	158	6	125	0	his	True	-3	30	160	160	160	160	352	352	352	516	-3	his	False	P	False	3	2	1	0
6660	158	6	72	0	his	True	-3	31	148	148	148	148	140	140	140	140	-3	his	False	P	False	3	2	1	0
6661	158	6	17	0	his	True	-3	32	280	280	280	280	156	156	156	156	-3	his	False	P	False	3	2	1	0
6662	158	6	182	0	his	True	-3	33	172	172	172	172	32	32	32	32	-3	his	False	P	False	3	2	1	0
6663	158	6	156	0	his	True	-3	34	212	212	212	212	180	180	180	180	-3	his	False	P	False	3	2	1	0
6664	158	6	167	0	his	True	-3	35	160	160	160	160	160	160	160	160	-3	his	False	P	False	3	2	1	0
6665	158	6	69	0	his	True	-3	36	180	180	180	180	0	0	0	0	-3	his	False	P	False	3	2	1	0
6666	158	6	141	0	his	True	-3	37	172	172	172	172	144	144	144	144	-3	his	False	P	False	3	2	1	0
6667	158	6	55	0	his	True	-3	38	204	204	204	204	264	264	264	264	-3	his	False	P	False	3	2	1	0
6672	158	6	151	0	his	True	-3	43	120	120	120	120	156	156	156	156	-3	his	False	P	False	3	2	1	0
6715	159	10	5	0	his	True	-9	1	136	136	136	136	236	236	236	236	-9	his	False	P	False	3	1	1	0
6716	159	10	117	0	his	True	-9	2	96	96	96	96	164	164	164	164	-9	his	False	P	False	3	1	1	0
6717	159	10	78	0	his	True	-9	3	160	160	160	160	172	172	172	172	-9	his	False	P	False	3	1	1	0
6718	159	10	174	0	his	True	-9	4	96	96	96	96	148	316	316	316	-9	his	False	P	False	3	1	1	0
6719	159	10	111	0	his	True	-9	5	188	188	188	188	436	436	436	2108	-9	his	False	P	False	3	1	1	0
6720	159	10	64	0	his	True	-9	6	372	372	372	372	0	0	0	0	-9	his	False	P	False	3	1	1	0
6721	159	10	203	0	his	True	-9	7	160	160	160	160	160	160	160	160	-9	his	False	P	False	3	1	1	0
6724	159	10	175	0	his	True	-9	10	168	168	168	168	148	148	148	148	-9	his	False	P	False	3	1	1	0
6725	159	10	190	0	his	True	-9	11	156	156	156	156	136	272	272	272	-9	his	False	P	False	3	1	1	0
6729	159	10	172	0	his	True	-9	15	168	168	168	168	0	0	0	0	-9	his	False	P	False	3	1	1	0
6731	159	10	36	0	his	True	-9	17	192	192	192	192	224	320	320	320	-9	his	False	P	False	3	1	1	0
6734	159	10	108	0	his	True	-9	20	128	128	128	128	0	0	0	0	-9	his	False	P	False	3	1	1	0
6735	159	10	194	0	his	True	-9	21	228	228	228	228	232	232	232	592	-9	his	False	P	False	3	1	1	0
6739	159	10	96	0	his	True	-9	25	124	124	124	340	188	316	316	316	-9	his	False	P	False	3	1	1	0
6740	159	10	72	0	his	True	-9	27	148	148	148	148	172	432	432	684	-9	his	False	P	False	3	1	1	0
6744	159	10	168	0	his	True	-9	31	172	172	172	172	120	120	120	120	-9	his	False	P	False	3	1	1	0
6747	159	10	168	0	his	True	-9	34	176	176	176	176	240	240	240	1264	-9	his	False	P	False	3	1	1	0
6748	159	10	97	0	his	True	-9	35	208	208	208	208	160	160	160	160	-9	his	False	P	False	3	1	1	0
6749	159	10	152	0	his	True	-9	36	200	200	200	200	0	0	0	0	-9	his	False	P	False	3	1	1	0
6750	159	10	142	0	his	True	-9	37	164	164	164	164	152	152	152	152	-9	his	False	P	False	3	1	1	0
6752	159	10	20	0	his	True	-9	39	140	140	140	140	0	0	0	0	-9	his	False	P	False	3	1	1	0
6754	159	10	159	0	his	True	-9	41	244	244	244	244	236	236	236	236	-9	his	False	P	False	3	1	1	0
6755	159	10	79	0	his	True	-9	42	212	212	212	528	240	240	240	240	-9	his	False	P	False	3	1	1	0
6756	159	10	140	0	his	True	-9	43	176	176	176	176	120	120	120	120	-9	his	False	P	False	3	1	1	0
6759	161	9	191	0	it	False	-4	3	380	380	380	380	0	0	0	0	-4	it	False	O	False	2	0	1	0
6766	161	9	18	0	it	False	-4	10	124	124	124	124	0	0	0	0	-4	it	False	O	False	2	0	1	0
6767	161	9	95	0	it	False	-4	11	256	256	256	256	76	76	76	236	-4	it	False	O	False	2	0	1	0
6771	161	9	10	0	it	False	-4	15	124	124	124	124	0	0	0	0	-4	it	False	O	False	2	0	1	0
6772	161	9	178	0	it	False	-4	16	116	116	116	116	0	0	0	0	-4	it	False	O	False	2	0	1	0
6778	161	9	127	0	it	False	-4	23	168	168	168	168	360	360	360	360	-4	it	False	O	False	2	0	1	0
6782	161	9	165	0	it	False	-4	28	128	128	128	128	0	0	0	0	-4	it	False	O	False	2	0	1	0
6784	161	9	65	0	it	False	-4	30	204	204	204	204	0	0	0	0	-4	it	False	O	False	2	0	1	0
6788	161	9	6	0	it	False	-4	34	176	176	176	176	0	0	0	0	-4	it	False	O	False	2	0	1	0
6794	161	9	199	0	it	False	-4	40	148	148	148	944	0	0	0	0	-4	it	False	O	False	2	0	1	0
6795	161	9	194	0	it	False	-4	41	220	220	220	220	284	284	284	284	-4	it	False	O	False	2	0	1	0
6798	162	8	52	0	his	False	-4	1	248	248	248	408	216	216	216	216	-4	his	False	P	False	3	0	1	0
6800	162	8	90	0	his	False	-4	3	224	224	224	224	164	164	164	164	-4	his	False	P	False	3	0	1	0
6801	162	8	175	0	his	False	-4	4	260	260	260	260	132	132	132	132	-4	his	False	P	False	3	0	1	0
6802	162	8	99	0	his	False	-4	5	300	300	300	300	168	168	168	168	-4	his	False	P	False	3	0	1	0
6803	162	8	19	0	his	False	-4	6	144	144	144	144	0	0	0	0	-4	his	False	P	False	3	0	1	0
6804	162	8	4	0	his	False	-4	7	164	164	164	164	0	0	0	0	-4	his	False	P	False	3	0	1	0
6805	162	8	183	0	his	False	-4	8	192	192	192	192	156	156	156	156	-4	his	False	P	False	3	0	1	0
6807	162	8	158	0	his	False	-4	11	196	196	196	196	148	148	148	148	-4	his	False	P	False	3	0	1	0
6809	162	8	51	0	his	False	-4	13	200	200	200	200	208	208	208	208	-4	his	False	P	False	3	0	1	0
6810	162	8	188	0	his	False	-4	14	140	140	140	140	156	156	156	156	-4	his	False	P	False	3	0	1	0
6812	162	8	183	0	his	False	-4	16	148	148	148	148	160	160	160	160	-4	his	False	P	False	3	0	1	0
6813	162	8	162	0	his	False	-4	17	204	204	204	204	248	248	248	248	-4	his	False	P	False	3	0	1	0
6814	162	8	110	0	his	False	-4	18	220	220	220	220	0	0	0	0	-4	his	False	P	False	3	0	1	0
6815	162	8	197	0	his	False	-4	19	220	220	220	220	152	152	152	152	-4	his	False	P	False	3	0	1	0
6817	162	8	128	0	his	False	-4	21	164	164	164	164	320	320	320	1040	-4	his	False	P	False	3	0	1	0
6818	162	8	22	0	his	False	-4	22	316	316	316	316	208	208	208	208	-4	his	False	P	False	3	0	1	0
6819	162	8	115	0	his	False	-4	23	272	272	272	272	220	220	220	220	-4	his	False	P	False	3	0	1	0
6821	162	8	196	0	his	False	-4	25	184	184	184	184	168	168	168	168	-4	his	False	P	False	3	0	1	0
6822	162	8	150	0	his	False	-4	27	296	296	296	648	296	424	424	540	-4	his	False	P	False	3	0	1	0
6824	162	8	11	0	his	False	-4	29	180	180	180	180	0	0	0	0	-4	his	False	P	False	3	0	1	0
6825	162	8	205	0	his	False	-4	30	696	696	696	696	268	268	268	268	-4	his	False	P	False	3	0	1	0
6826	162	8	180	0	his	False	-4	31	160	160	160	160	0	0	0	0	-4	his	False	P	False	3	0	1	0
6827	162	8	124	0	his	False	-4	32	200	200	200	200	248	248	248	248	-4	his	False	P	False	3	0	1	0
6828	162	8	155	0	his	False	-4	33	56	56	56	660	132	280	280	280	-4	his	False	P	False	3	0	1	0
6829	162	8	88	0	his	False	-4	34	200	200	200	200	144	144	144	144	-4	his	False	P	False	3	0	1	0
6831	162	8	23	0	his	False	-4	36	184	184	184	184	0	0	0	0	-4	his	False	P	False	3	0	1	0
6832	162	8	3	0	his	False	-4	37	148	148	148	148	276	276	276	276	-4	his	False	P	False	3	0	1	0
6833	162	8	85	0	his	False	-4	38	216	216	216	332	0	0	0	0	-4	his	False	P	False	3	0	1	0
6836	162	8	126	0	his	False	-4	41	168	284	284	284	176	176	176	176	-4	his	False	P	False	3	0	1	0
6837	162	8	126	0	his	False	-4	42	188	188	188	188	176	176	176	176	-4	his	False	P	False	3	0	1	0
6839	162	11	52	0	his	False	-3	1	396	396	396	396	628	628	628	1968	-3	his	False	P	False	3	1	1	0
6841	162	11	90	0	his	False	-3	3	220	220	220	220	0	0	0	0	-3	his	False	P	False	3	1	1	0
6842	162	11	175	0	his	False	-3	4	192	192	384	652	136	136	264	3060	-3	his	False	P	False	3	1	1	0
6845	162	11	4	0	his	False	-3	7	212	212	212	1224	172	172	460	620	-3	his	False	P	False	3	1	1	0
6848	162	11	158	0	his	False	-3	11	188	188	188	364	168	168	168	168	-3	his	False	P	False	3	1	1	0
6849	162	11	42	0	his	False	-3	12	124	124	512	1484	0	0	0	0	-3	his	False	P	False	3	1	1	0
6852	162	11	187	0	his	False	-3	15	256	256	560	880	172	172	172	536	-3	his	False	P	False	3	1	1	0
6853	162	11	183	0	his	False	-3	16	224	224	320	1352	0	0	0	0	-3	his	False	P	False	3	1	1	0
6855	162	11	110	0	his	False	-3	18	212	212	212	212	316	316	316	316	-3	his	False	P	False	3	1	1	0
6858	162	11	128	0	his	False	-3	21	196	196	196	196	184	184	304	596	-3	his	False	P	False	3	1	1	0
6862	162	11	196	0	his	False	-3	25	196	196	384	724	292	292	472	804	-3	his	False	P	False	3	1	1	0
6863	162	11	150	0	his	False	-3	27	264	264	264	264	0	0	0	0	-3	his	False	P	False	3	1	1	0
6865	162	11	11	0	his	False	-3	29	156	156	156	156	100	100	100	792	-3	his	False	P	False	3	1	1	0
6867	162	11	180	0	his	False	-3	31	148	148	148	148	268	268	268	268	-3	his	False	P	False	3	1	1	0
6868	162	11	124	0	his	False	-3	32	248	248	248	248	244	244	244	244	-3	his	False	P	False	3	1	1	0
6869	162	11	155	0	his	False	-3	33	120	120	120	120	0	0	0	0	-3	his	False	P	False	3	1	1	0
6871	162	11	75	0	his	False	-3	35	188	188	188	188	172	172	172	172	-3	his	False	P	False	3	1	1	0
6874	162	11	85	0	his	False	-3	38	180	180	180	180	292	292	532	2784	-3	his	False	P	False	3	1	1	0
6875	162	11	31	0	his	False	-3	39	212	212	212	856	0	0	0	0	-3	his	False	P	False	3	1	1	0
6879	162	11	188	0	his	False	-3	43	240	240	240	896	0	0	0	0	-3	his	False	P	False	3	1	1	0
6890	163	11	24	0	he	False	-5	12	204	204	204	204	312	312	312	756	-5	he	False	O	False	2	0	1	0
6893	163	11	99	0	he	False	-5	15	204	204	204	204	236	236	236	236	-5	he	False	O	False	2	0	1	0
6898	163	11	25	0	he	False	-5	20	196	196	196	196	188	188	388	2012	-5	he	False	O	False	2	0	1	0
6899	163	11	115	0	he	False	-5	21	440	564	564	564	200	200	200	200	-5	he	False	O	False	2	0	1	0
6901	163	11	111	0	he	False	-5	23	160	160	160	160	212	520	520	2520	-5	he	False	O	False	2	0	1	0
6906	163	11	162	0	he	False	-5	29	124	124	124	124	272	272	272	604	-5	he	False	O	False	2	0	1	0
6912	163	11	9	0	he	False	-5	35	200	200	200	200	344	576	576	752	-5	he	False	O	False	2	0	1	0
6918	163	11	186	0	he	False	-5	41	272	272	272	272	116	268	268	584	-5	he	False	O	False	2	0	1	0
7003	165	10	69	0	we	True	?	2	168	168	168	168	152	568	568	568	?	we	False	O	False	2	1	0	0
7004	165	10	25	0	we	True	?	3	156	156	156	156	144	416	416	416	?	we	False	O	False	2	1	0	0
7006	165	10	136	0	we	True	?	5	32	64	64	776	152	152	152	152	?	we	False	O	False	2	1	0	0
7009	165	10	149	0	we	True	?	8	244	244	244	244	360	360	360	360	?	we	False	O	False	2	1	0	0
7011	165	10	105	0	we	True	?	11	132	132	132	132	196	320	320	424	?	we	False	O	False	2	1	0	0
7012	165	10	147	0	we	True	?	12	216	216	216	216	152	152	228	1012	?	we	False	O	False	2	1	0	0
7014	165	10	194	0	we	True	?	14	404	404	404	908	0	0	0	0	?	we	False	O	False	2	1	0	0
7016	165	10	179	0	we	True	?	16	208	208	208	208	268	428	428	428	?	we	False	O	False	2	1	0	0
7017	165	10	86	0	we	True	?	18	200	200	200	200	160	160	160	340	?	we	False	O	False	2	1	0	0
7026	165	10	169	0	we	True	?	28	336	336	336	336	164	488	488	488	?	we	False	O	False	2	1	0	0
7027	165	10	103	0	we	True	?	29	288	288	288	288	248	324	324	324	?	we	False	O	False	2	1	0	0
7030	165	10	56	0	we	True	?	32	240	240	240	240	260	488	828	1148	?	we	False	O	False	2	1	0	0
7032	165	10	41	0	we	True	?	34	188	188	188	188	244	244	244	244	?	we	False	O	False	2	1	0	0
7036	165	10	70	0	we	True	?	38	192	192	192	192	0	0	0	0	?	we	False	O	False	2	1	0	0
7040	165	10	25	0	we	True	?	42	248	248	248	384	172	172	172	172	?	we	False	O	False	2	1	0	0
7041	165	10	18	0	we	True	?	43	156	156	156	156	196	332	332	332	?	we	False	O	False	2	1	0	0
7044	169	2	188	0	us	True	?	3	320	452	452	452	156	156	156	156	?	us	False	O	False	2	0	0	0
7048	169	2	138	0	us	True	?	7	216	216	216	216	0	0	0	0	?	us	False	O	False	2	0	0	0
7049	169	2	47	0	us	True	?	8	296	428	428	428	156	156	156	156	?	us	False	O	False	2	0	0	0
7050	169	2	53	0	us	True	?	10	124	124	124	124	340	340	340	340	?	us	False	O	False	2	0	0	0
7051	169	2	20	0	us	True	?	11	128	128	128	128	0	0	0	0	?	us	False	O	False	2	0	0	0
7052	169	2	174	0	us	True	?	12	216	216	216	216	396	520	520	520	?	us	False	O	False	2	0	0	0
7057	169	2	28	0	us	True	?	17	344	344	344	344	0	0	0	0	?	us	False	O	False	2	0	0	0
7059	169	2	30	0	us	True	?	19	124	332	332	332	148	148	148	148	?	us	False	O	False	2	0	0	0
7061	169	2	3	0	us	True	?	21	24	200	200	200	172	172	172	172	?	us	False	O	False	2	0	0	0
7062	169	2	155	0	us	True	?	22	400	400	400	400	120	328	328	328	?	us	False	O	False	2	0	0	0
7063	169	2	116	0	us	True	?	23	232	232	232	232	156	156	156	156	?	us	False	O	False	2	0	0	0
7064	169	2	46	0	us	True	?	24	332	468	468	572	292	292	292	292	?	us	False	O	False	2	0	0	0
7068	169	2	91	0	us	True	?	29	268	268	268	336	196	196	196	196	?	us	False	O	False	2	0	0	0
7069	169	2	17	0	us	True	?	30	260	260	260	364	192	192	192	192	?	us	False	O	False	2	0	0	0
7071	169	2	59	0	us	True	?	32	180	180	180	180	208	208	208	208	?	us	False	O	False	2	0	0	0
7072	169	2	97	0	us	True	?	33	148	584	584	584	80	116	116	116	?	us	False	O	False	2	0	0	0
7073	169	2	107	0	us	True	?	34	252	252	252	252	204	204	204	204	?	us	False	O	False	2	0	0	0
7077	169	2	39	0	us	True	?	38	292	292	292	292	176	176	176	176	?	us	False	O	False	2	0	0	0
7081	169	2	196	0	us	True	?	42	296	296	296	296	112	112	112	112	?	us	False	O	False	2	0	0	0
7083	172	3	185	0	they	True	?	1	244	244	244	244	236	236	236	236	?	they	False	O	True	4	0	0	0
7084	172	3	178	0	they	True	?	2	152	152	152	152	84	84	84	84	?	they	False	O	True	4	0	0	0
7085	172	3	111	0	they	True	?	3	380	380	380	380	172	172	172	172	?	they	False	O	True	4	0	0	0
7087	172	3	179	0	they	True	?	5	232	232	232	232	248	248	248	248	?	they	False	O	True	4	0	0	0
7089	172	3	128	0	they	True	?	7	104	104	104	104	176	176	176	176	?	they	False	O	True	4	0	0	0
7090	172	3	186	0	they	True	?	8	144	144	144	144	172	172	172	172	?	they	False	O	True	4	0	0	0
7091	172	3	172	0	they	True	?	10	120	120	120	120	136	136	136	136	?	they	False	O	True	4	0	0	0
7092	172	3	47	0	they	True	?	11	160	160	160	160	172	172	172	172	?	they	False	O	True	4	0	0	0
7093	172	3	103	0	they	True	?	12	144	144	144	144	296	296	296	532	?	they	False	O	True	4	0	0	0
7094	172	3	168	0	they	True	?	13	88	88	88	88	136	136	136	136	?	they	False	O	True	4	0	0	0
7097	172	3	153	0	they	True	?	16	192	192	192	192	228	352	352	580	?	they	False	O	True	4	0	0	0
7099	172	3	1	0	they	True	?	18	172	172	172	172	0	0	0	0	?	they	False	O	True	4	0	0	0
7100	172	3	14	0	they	True	?	19	164	164	164	164	124	124	124	124	?	they	False	O	True	4	0	0	0
7101	172	3	182	0	they	True	?	20	332	332	332	332	160	160	160	160	?	they	False	O	True	4	0	0	0
7102	172	3	197	0	they	True	?	21	232	232	232	232	136	136	136	136	?	they	False	O	True	4	0	0	0
7103	172	3	161	0	they	True	?	22	252	252	476	736	284	284	284	284	?	they	False	O	True	4	0	0	0
7104	172	3	163	0	they	True	?	23	136	136	240	460	52	376	376	376	?	they	False	O	True	4	0	0	0
7105	172	3	130	0	they	True	?	24	192	192	192	192	168	168	168	168	?	they	False	O	True	4	0	0	0
7106	172	3	143	0	they	True	?	25	136	136	136	136	124	260	260	260	?	they	False	O	True	4	0	0	0
7107	172	3	109	0	they	True	?	27	184	184	184	184	320	320	320	320	?	they	False	O	True	4	0	0	0
7108	172	3	198	0	they	True	?	28	236	236	236	236	260	260	524	740	?	they	False	O	True	4	0	0	0
7110	172	3	121	0	they	True	?	30	256	256	256	256	228	560	560	560	?	they	False	O	True	4	0	0	0
7111	172	3	77	0	they	True	?	31	196	196	196	196	192	192	192	192	?	they	False	O	True	4	0	0	0
7112	172	3	46	0	they	True	?	32	260	260	260	260	180	180	180	376	?	they	False	O	True	4	0	0	0
7113	172	3	58	0	they	True	?	33	152	152	152	152	200	200	200	200	?	they	False	O	True	4	0	0	0
7114	172	3	64	0	they	True	?	34	212	212	212	212	168	168	168	168	?	they	False	O	True	4	0	0	0
7115	172	3	47	0	they	True	?	35	272	272	272	272	196	196	196	196	?	they	False	O	True	4	0	0	0
7117	172	3	6	0	they	True	?	37	124	124	124	124	132	272	272	272	?	they	False	O	True	4	0	0	0
7118	172	3	7	0	they	True	?	38	204	204	204	204	172	172	172	172	?	they	False	O	True	4	0	0	0
7119	172	3	199	0	they	True	?	39	164	164	164	164	276	276	276	276	?	they	False	O	True	4	0	0	0
7124	172	6	185	0	him	True	-5	1	368	368	368	368	0	0	0	0	-5	him	False	O	False	3	1	1	0
7125	172	6	178	0	him	True	-5	2	176	176	176	176	0	0	0	0	-5	him	False	O	False	3	1	1	0
7126	172	6	111	0	him	True	-5	3	168	168	168	168	180	180	180	180	-5	him	False	O	False	3	1	1	0
7131	172	6	186	0	him	True	-5	8	192	192	192	192	0	0	0	0	-5	him	False	O	False	3	1	1	0
7132	172	6	172	0	him	True	-5	10	216	280	280	280	0	0	0	0	-5	him	False	O	False	3	1	1	0
7133	172	6	47	0	him	True	-5	11	220	220	444	1772	0	0	0	0	-5	him	False	O	False	3	1	1	0
7134	172	6	103	0	him	True	-5	12	124	124	124	268	0	0	0	0	-5	him	False	O	False	3	1	1	0
7137	172	6	81	0	him	True	-5	15	256	256	384	1044	0	0	0	0	-5	him	False	O	False	3	1	1	0
7138	172	6	153	0	him	True	-5	16	152	308	308	308	0	0	0	0	-5	him	False	O	False	3	1	1	0
7139	172	6	96	0	him	True	-5	17	264	264	264	264	0	0	0	0	-5	him	False	O	False	3	1	1	0
7141	172	6	14	0	him	True	-5	19	200	200	200	200	0	0	0	0	-5	him	False	O	False	3	1	1	0
7142	172	6	182	0	him	True	-5	20	140	140	140	140	172	172	172	172	-5	him	False	O	False	3	1	1	0
7143	172	6	197	0	him	True	-5	21	140	140	140	140	148	148	148	148	-5	him	False	O	False	3	1	1	0
7144	172	6	161	0	him	True	-5	22	412	412	412	412	0	0	0	0	-5	him	False	O	False	3	1	1	0
7145	172	6	163	0	him	True	-5	23	380	380	380	380	372	372	372	372	-5	him	False	O	False	3	1	1	0
7146	172	6	130	0	him	True	-5	24	224	224	224	224	152	152	152	152	-5	him	False	O	False	3	1	1	0
7147	172	6	143	0	him	True	-5	25	84	84	84	84	0	0	0	0	-5	him	False	O	False	3	1	1	0
7148	172	6	109	0	him	True	-5	27	144	144	144	144	0	0	0	0	-5	him	False	O	False	3	1	1	0
7149	172	6	198	0	him	True	-5	28	364	364	364	364	0	0	0	0	-5	him	False	O	False	3	1	1	0
7150	172	6	61	0	him	True	-5	29	128	252	252	252	0	0	0	0	-5	him	False	O	False	3	1	1	0
7152	172	6	77	0	him	True	-5	31	236	236	236	236	0	0	0	0	-5	him	False	O	False	3	1	1	0
7153	172	6	46	0	him	True	-5	32	268	268	268	268	0	0	0	0	-5	him	False	O	False	3	1	1	0
7155	172	6	64	0	him	True	-5	34	164	164	164	164	0	0	0	0	-5	him	False	O	False	3	1	1	0
7156	172	6	47	0	him	True	-5	35	212	212	212	212	208	208	208	208	-5	him	False	O	False	3	1	1	0
7157	172	6	64	0	him	True	-5	36	244	244	244	244	0	0	0	0	-5	him	False	O	False	3	1	1	0
7158	172	6	6	0	him	True	-5	37	252	252	252	252	0	0	0	0	-5	him	False	O	False	3	1	1	0
7159	172	6	7	0	him	True	-5	38	188	188	188	188	208	208	376	1116	-5	him	False	O	False	3	1	1	0
7161	172	6	93	0	him	True	-5	40	216	216	216	256	0	0	0	0	-5	him	False	O	False	3	1	1	0
7162	172	6	93	0	him	True	-5	41	136	136	356	668	148	148	148	148	-5	him	False	O	False	3	1	1	0
7164	172	6	152	0	him	True	-5	43	148	148	148	148	188	188	188	188	-5	him	False	O	False	3	1	1	0
7165	172	8	185	0	that	True	-3	1	184	184	184	184	140	140	140	140	-3	that	False	O	False	4	2	1	0
7166	172	8	178	0	that	True	-3	2	180	180	180	180	0	0	0	0	-3	that	False	O	False	4	2	1	0
7167	172	8	111	0	that	True	-3	3	184	184	184	184	104	272	272	272	-3	that	False	O	False	4	2	1	0
7168	172	8	99	0	that	True	-3	4	228	228	228	228	200	200	200	200	-3	that	False	O	False	4	2	1	0
7171	172	8	128	0	that	True	-3	7	80	80	140	352	0	0	0	0	-3	that	False	O	False	4	2	1	0
7172	172	8	186	0	that	True	-3	8	212	212	212	212	160	160	160	160	-3	that	False	O	False	4	2	1	0
7173	172	8	172	0	that	True	-3	10	188	188	188	188	0	0	0	0	-3	that	False	O	False	4	2	1	0
7174	172	8	47	0	that	True	-3	11	116	116	116	116	184	184	184	184	-3	that	False	O	False	4	2	1	0
7175	172	8	103	0	that	True	-3	12	112	112	112	544	0	0	0	0	-3	that	False	O	False	4	2	1	0
7176	172	8	168	0	that	True	-3	13	348	348	348	348	208	208	208	208	-3	that	False	O	False	4	2	1	0
7179	172	8	153	0	that	True	-3	16	212	420	420	420	172	172	172	172	-3	that	False	O	False	4	2	1	0
7180	172	8	96	0	that	True	-3	17	364	364	364	364	0	0	0	0	-3	that	False	O	False	4	2	1	0
7182	172	8	14	0	that	True	-3	19	204	204	204	204	0	0	0	0	-3	that	False	O	False	4	2	1	0
7184	172	8	197	0	that	True	-3	21	380	380	380	380	52	52	200	732	-3	that	False	O	False	4	2	1	0
7185	172	8	161	0	that	True	-3	22	256	256	256	256	0	0	0	0	-3	that	False	O	False	4	2	1	0
7186	172	8	163	0	that	True	-3	23	408	408	408	408	144	428	568	2388	-3	that	False	O	False	4	2	1	0
7187	172	8	130	0	that	True	-3	24	556	748	748	748	0	0	0	0	-3	that	False	O	False	4	2	1	0
7188	172	8	143	0	that	True	-3	25	172	172	172	172	216	216	216	216	-3	that	False	O	False	4	2	1	0
7189	172	8	109	0	that	True	-3	27	200	200	200	200	148	148	148	148	-3	that	False	O	False	4	2	1	0
7190	172	8	198	0	that	True	-3	28	292	292	292	292	224	412	840	1208	-3	that	False	O	False	4	2	1	0
7191	172	8	61	0	that	True	-3	29	200	200	200	200	0	0	0	0	-3	that	False	O	False	4	2	1	0
7192	172	8	121	0	that	True	-3	30	252	440	440	440	0	0	0	0	-3	that	False	O	False	4	2	1	0
7193	172	8	77	0	that	True	-3	31	192	192	192	192	128	128	128	128	-3	that	False	O	False	4	2	1	0
7194	172	8	46	0	that	True	-3	32	188	188	188	188	256	256	256	256	-3	that	False	O	False	4	2	1	0
7195	172	8	58	0	that	True	-3	33	168	168	168	168	168	168	168	168	-3	that	False	O	False	4	2	1	0
7196	172	8	64	0	that	True	-3	34	176	176	176	176	0	0	0	0	-3	that	False	O	False	4	2	1	0
7199	172	8	6	0	that	True	-3	37	176	320	320	320	136	136	136	136	-3	that	False	O	False	4	2	1	0
7200	172	8	7	0	that	True	-3	38	160	160	160	160	0	0	0	0	-3	that	False	O	False	4	2	1	0
7201	172	8	199	0	that	True	-3	39	188	188	188	188	0	0	0	0	-3	that	False	O	False	4	2	1	0
7202	172	8	93	0	that	True	-3	40	200	200	200	200	88	88	88	628	-3	that	False	O	False	4	2	1	0
7203	172	8	93	0	that	True	-3	41	208	208	208	208	160	160	160	160	-3	that	False	O	False	4	2	1	0
7204	172	8	27	0	that	True	-3	42	176	176	176	176	208	208	208	208	-3	that	False	O	False	4	2	1	0
7205	172	8	152	0	that	True	-3	43	164	164	164	164	148	148	148	148	-3	that	False	O	False	4	2	1	0
7208	173	4	164	0	he	False	-3	3	304	304	304	304	188	188	188	188	-3	he	False	O	False	2	0	1	0
7212	173	4	140	0	he	False	-3	7	136	136	136	136	132	132	132	132	-3	he	False	O	False	2	0	1	0
7213	173	4	154	0	he	False	-3	8	164	164	164	164	140	140	140	140	-3	he	False	O	False	2	0	1	0
7215	173	4	78	0	he	False	-3	11	144	144	144	144	136	136	136	136	-3	he	False	O	False	2	0	1	0
7217	173	4	6	0	he	False	-3	13	204	204	204	204	0	0	0	0	-3	he	False	O	False	2	0	1	0
7219	173	4	98	0	he	False	-3	15	232	232	232	232	56	56	56	56	-3	he	False	O	False	2	0	1	0
7220	173	4	51	0	he	False	-3	16	216	216	216	216	304	812	812	812	-3	he	False	O	False	2	0	1	0
7224	173	4	177	0	he	False	-3	20	136	136	136	136	144	144	144	144	-3	he	False	O	False	2	0	1	0
7225	173	4	148	0	he	False	-3	21	152	152	152	152	272	400	400	400	-3	he	False	O	False	2	0	1	0
7227	173	4	157	0	he	False	-3	23	220	220	220	220	260	600	600	748	-3	he	False	O	False	2	0	1	0
7228	173	4	121	0	he	False	-3	24	160	412	412	412	292	452	452	452	-3	he	False	O	False	2	0	1	0
7229	173	4	52	0	he	False	-3	25	84	84	84	84	0	0	0	0	-3	he	False	O	False	2	0	1	0
7231	173	4	6	0	he	False	-3	28	28	28	28	280	92	128	128	128	-3	he	False	O	False	2	0	1	0
7233	173	4	76	0	he	False	-3	30	264	264	264	264	308	308	308	308	-3	he	False	O	False	2	0	1	0
7235	173	4	101	0	he	False	-3	32	184	184	184	184	224	224	224	224	-3	he	False	O	False	2	0	1	0
7240	173	4	192	0	he	False	-3	37	232	232	232	232	328	732	732	732	-3	he	False	O	False	2	0	1	0
7243	173	4	14	0	he	False	-3	40	216	216	216	216	168	484	484	484	-3	he	False	O	False	2	0	1	0
7246	173	4	3	0	he	False	-3	43	124	124	124	124	224	224	224	224	-3	he	False	O	False	2	0	1	0
7249	173	11	164	0	his	False	-7	3	212	212	416	580	0	0	0	0	-7	his	False	P	False	3	1	1	0
7253	173	11	140	0	his	False	-7	7	224	224	424	3204	0	0	0	0	-7	his	False	P	False	3	1	1	0
7255	173	11	199	0	his	False	-7	10	200	200	200	200	224	224	500	1320	-7	his	False	P	False	3	1	1	0
7257	173	11	101	0	his	False	-7	12	256	256	256	256	84	84	84	1116	-7	his	False	P	False	3	1	1	0
7260	173	11	98	0	his	False	-7	15	472	472	472	712	0	0	0	0	-7	his	False	P	False	3	1	1	0
7261	173	11	51	0	his	False	-7	16	184	476	476	476	416	416	416	416	-7	his	False	P	False	3	1	1	0
7262	173	11	149	0	his	False	-7	17	336	336	336	428	232	232	232	828	-7	his	False	P	False	3	1	1	0
7264	173	11	108	0	his	False	-7	19	92	92	92	156	76	164	164	988	-7	his	False	P	False	3	1	1	0
7266	173	11	148	0	his	False	-7	21	304	304	304	476	172	172	172	172	-7	his	False	P	False	3	1	1	0
7267	173	11	83	0	his	False	-7	22	284	284	284	284	232	232	232	708	-7	his	False	P	False	3	1	1	0
7271	173	11	143	0	his	False	-7	27	244	244	244	244	172	172	172	972	-7	his	False	P	False	3	1	1	0
7272	173	11	6	0	his	False	-7	28	88	88	88	244	196	620	888	1504	-7	his	False	P	False	3	1	1	0
7273	173	11	196	0	his	False	-7	29	256	256	256	256	196	196	196	348	-7	his	False	P	False	3	1	1	0
7276	173	11	101	0	his	False	-7	32	160	160	160	160	104	104	104	104	-7	his	False	P	False	3	1	1	0
7278	173	11	203	0	his	False	-7	34	500	500	500	632	120	120	120	120	-7	his	False	P	False	3	1	1	0
7280	173	11	42	0	his	False	-7	36	232	448	604	860	80	80	80	80	-7	his	False	P	False	3	1	1	0
7284	173	11	14	0	his	False	-7	40	132	132	240	468	172	360	360	788	-7	his	False	P	False	3	1	1	0
7285	173	11	62	0	his	False	-7	41	272	272	272	272	180	180	180	556	-7	his	False	P	False	3	1	1	0
7287	173	11	3	0	his	False	-7	43	288	288	288	288	108	108	108	272	-7	his	False	P	False	3	1	1	0
7289	174	9	160	0	it	True	?	2	132	132	132	132	196	196	196	196	?	it	False	O	False	2	0	0	0
7292	174	9	143	0	it	True	?	5	152	152	152	152	0	0	0	0	?	it	False	O	False	2	0	0	0
7295	174	9	131	0	it	True	?	8	140	140	140	140	232	232	232	232	?	it	False	O	False	2	0	0	0
7296	174	9	21	0	it	True	?	9	156	156	156	156	216	216	216	216	?	it	False	O	False	2	0	0	0
7300	174	9	66	0	it	True	?	13	316	316	316	316	504	504	504	504	?	it	False	O	False	2	0	0	0
7301	174	9	129	0	it	True	?	14	304	304	304	304	228	228	228	228	?	it	False	O	False	2	0	0	0
7303	174	9	101	0	it	True	?	16	260	260	260	260	68	68	68	68	?	it	False	O	False	2	0	0	0
7308	174	9	183	0	it	True	?	21	200	200	200	296	144	144	144	144	?	it	False	O	False	2	0	0	0
7311	174	9	134	0	it	True	?	24	160	160	160	160	0	0	0	0	?	it	False	O	False	2	0	0	0
7316	174	9	15	0	it	True	?	30	140	140	140	140	276	432	432	1456	?	it	False	O	False	2	0	0	0
7317	174	9	114	0	it	True	?	31	160	160	160	160	0	0	0	0	?	it	False	O	False	2	0	0	0
7319	174	9	132	0	it	True	?	33	148	148	148	148	404	404	404	404	?	it	False	O	False	2	0	0	0
7321	174	9	72	0	it	True	?	35	140	140	140	140	156	156	156	156	?	it	False	O	False	2	0	0	0
7327	174	9	158	0	it	True	?	41	156	156	156	156	0	0	0	0	?	it	False	O	False	2	0	0	0
7328	174	9	121	0	it	True	?	42	120	120	120	120	0	0	0	0	?	it	False	O	False	2	0	0	0
7372	175	7	135	0	this	True	?	2	132	132	132	132	72	72	72	72	?	this	False	O	False	4	1	0	0
7373	175	7	110	0	this	True	?	3	160	352	556	884	156	156	156	156	?	this	False	O	False	4	1	0	0
7374	175	7	115	0	this	True	?	4	192	192	192	192	264	448	448	448	?	this	False	O	False	4	1	0	0
7375	175	7	119	0	this	True	?	5	132	132	132	132	236	236	236	236	?	this	False	O	False	4	1	0	0
7377	175	7	191	0	this	True	?	7	152	152	344	684	176	276	276	276	?	this	False	O	False	4	1	0	0
7378	175	7	171	0	this	True	?	8	300	300	300	300	192	192	192	192	?	this	False	O	False	4	1	0	0
7380	175	7	83	0	this	True	?	11	132	132	316	528	168	168	544	764	?	this	False	O	False	4	1	0	0
7381	175	7	7	0	this	True	?	12	196	196	196	196	264	264	264	264	?	this	False	O	False	4	1	0	0
7382	175	7	22	0	this	True	?	13	264	264	264	264	272	396	396	396	?	this	False	O	False	4	1	0	0
7383	175	7	162	0	this	True	?	14	276	276	512	652	160	160	160	576	?	this	False	O	False	4	1	0	0
7385	175	7	53	0	this	True	?	16	184	184	184	184	120	120	304	764	?	this	False	O	False	4	1	0	0
7387	175	7	128	0	this	True	?	18	252	252	252	252	0	0	0	0	?	this	False	O	False	4	1	0	0
7388	175	7	163	0	this	True	?	19	176	300	300	300	0	0	0	0	?	this	False	O	False	4	1	0	0
7390	175	7	54	0	this	True	?	21	92	92	92	92	0	0	0	0	?	this	False	O	False	4	1	0	0
7391	175	7	163	0	this	True	?	22	732	1136	1136	1136	216	216	216	216	?	this	False	O	False	4	1	0	0
7392	175	7	19	0	this	True	?	23	208	424	424	424	124	124	336	740	?	this	False	O	False	4	1	0	0
7393	175	7	192	0	this	True	?	24	204	204	204	204	136	136	280	768	?	this	False	O	False	4	1	0	0
7394	175	7	153	0	this	True	?	25	212	212	212	212	120	120	120	120	?	this	False	O	False	4	1	0	0
7395	175	7	124	0	this	True	?	27	256	256	256	256	316	316	316	316	?	this	False	O	False	4	1	0	0
7396	175	7	71	0	this	True	?	28	212	212	212	212	132	132	132	132	?	this	False	O	False	4	1	0	0
7398	175	7	52	0	this	True	?	30	252	696	696	696	408	408	408	408	?	this	False	O	False	4	1	0	0
7399	175	7	106	0	this	True	?	31	356	356	356	356	0	0	0	0	?	this	False	O	False	4	1	0	0
7400	175	7	137	0	this	True	?	32	160	696	696	696	216	216	216	216	?	this	False	O	False	4	1	0	0
7401	175	7	124	0	this	True	?	33	192	452	452	452	156	156	156	156	?	this	False	O	False	4	1	0	0
7402	175	7	84	0	this	True	?	34	172	172	172	172	288	288	288	520	?	this	False	O	False	4	1	0	0
7403	175	7	84	0	this	True	?	35	252	252	252	252	0	0	0	0	?	this	False	O	False	4	1	0	0
7405	175	7	136	0	this	True	?	37	128	128	128	128	0	0	0	0	?	this	False	O	False	4	1	0	0
7406	175	7	71	0	this	True	?	38	120	120	120	120	0	0	0	0	?	this	False	O	False	4	1	0	0
7408	175	7	24	0	this	True	?	40	176	176	312	524	0	0	0	0	?	this	False	O	False	4	1	0	0
7409	175	7	42	0	this	True	?	41	256	256	256	256	0	0	0	0	?	this	False	O	False	4	1	0	0
7410	175	7	142	0	this	True	?	42	140	140	140	140	0	0	0	0	?	this	False	O	False	4	1	0	0
7412	175	9	177	0	she	True	-8	1	136	136	136	136	260	260	260	260	-8	she	False	O	False	3	2	1	0
7413	175	9	135	0	she	True	-8	2	120	120	120	120	0	0	0	0	-8	she	False	O	False	3	2	1	0
7414	175	9	110	0	she	True	-8	3	232	232	232	232	108	108	108	108	-8	she	False	O	False	3	2	1	0
7418	175	9	191	0	she	True	-8	7	64	64	64	64	0	0	0	0	-8	she	False	O	False	3	2	1	0
7419	175	9	171	0	she	True	-8	8	92	92	92	92	264	264	264	264	-8	she	False	O	False	3	2	1	0
7420	175	9	162	0	she	True	-8	10	136	136	136	136	0	0	0	0	-8	she	False	O	False	3	2	1	0
7422	175	9	7	0	she	True	-8	12	228	228	228	228	152	152	152	152	-8	she	False	O	False	3	2	1	0
7424	175	9	162	0	she	True	-8	14	152	384	384	384	0	0	0	0	-8	she	False	O	False	3	2	1	0
7425	175	9	141	0	she	True	-8	15	244	244	244	492	0	0	0	0	-8	she	False	O	False	3	2	1	0
7426	175	9	53	0	she	True	-8	16	192	192	192	192	0	0	0	0	-8	she	False	O	False	3	2	1	0
7427	175	9	56	0	she	True	-8	17	160	160	160	160	0	0	0	0	-8	she	False	O	False	3	2	1	0
7428	175	9	128	0	she	True	-8	18	208	208	208	208	172	172	172	172	-8	she	False	O	False	3	2	1	0
7429	175	9	163	0	she	True	-8	19	88	88	88	88	184	184	184	184	-8	she	False	O	False	3	2	1	0
7431	175	9	54	0	she	True	-8	21	216	216	216	216	148	148	148	148	-8	she	False	O	False	3	2	1	0
7434	175	9	192	0	she	True	-8	24	192	192	192	192	136	136	136	136	-8	she	False	O	False	3	2	1	0
7437	175	9	71	0	she	True	-8	28	280	280	280	280	160	160	160	300	-8	she	False	O	False	3	2	1	0
7439	175	9	52	0	she	True	-8	30	264	264	368	2280	540	540	540	540	-8	she	False	O	False	3	2	1	0
7440	175	9	106	0	she	True	-8	31	148	148	148	148	0	0	0	0	-8	she	False	O	False	3	2	1	0
7444	175	9	84	0	she	True	-8	35	188	188	188	188	208	208	208	208	-8	she	False	O	False	3	2	1	0
7445	175	9	30	0	she	True	-8	36	196	196	196	196	0	0	0	0	-8	she	False	O	False	3	2	1	0
7446	175	9	136	0	she	True	-8	37	172	364	364	364	144	144	144	144	-8	she	False	O	False	3	2	1	0
7447	175	9	71	0	she	True	-8	38	212	212	212	212	240	240	240	240	-8	she	False	O	False	3	2	1	0
7449	175	9	24	0	she	True	-8	40	132	132	132	132	136	136	136	136	-8	she	False	O	False	3	2	1	0
7450	175	9	42	0	she	True	-8	41	204	204	204	204	148	148	148	148	-8	she	False	O	False	3	2	1	0
7451	175	9	142	0	she	True	-8	42	240	240	240	240	148	148	148	148	-8	she	False	O	False	3	2	1	0
7453	176	6	7	0	her	True	?	1	280	280	280	280	196	196	384	664	?	her	False	O	False	3	0	0	0
7454	176	6	151	0	her	True	?	2	140	288	288	468	0	0	0	0	?	her	False	O	False	3	0	0	0
7455	176	6	51	0	her	True	?	3	136	572	572	572	0	0	0	0	?	her	False	O	False	3	0	0	0
7456	176	6	15	0	her	True	?	4	192	192	192	192	152	152	152	152	?	her	False	O	False	3	0	0	0
7457	176	6	63	0	her	True	?	5	212	212	212	356	228	228	228	228	?	her	False	O	False	3	0	0	0
7460	176	6	87	0	her	True	?	8	256	256	256	256	140	140	140	140	?	her	False	O	False	3	0	0	0
7461	176	6	13	0	her	True	?	9	208	252	252	252	164	164	164	164	?	her	False	O	False	3	0	0	0
7462	176	6	85	0	her	True	?	10	140	140	140	140	0	0	0	0	?	her	False	O	False	3	0	0	0
7463	176	6	127	0	her	True	?	11	208	208	208	208	116	116	116	380	?	her	False	O	False	3	0	0	0
7464	176	6	173	0	her	True	?	12	264	264	264	264	244	244	244	1248	?	her	False	O	False	3	0	0	0
7465	176	6	203	0	her	True	?	13	260	260	260	260	0	0	0	0	?	her	False	O	False	3	0	0	0
7466	176	6	148	0	her	True	?	14	296	296	296	296	164	164	164	164	?	her	False	O	False	3	0	0	0
7468	176	6	92	0	her	True	?	16	180	416	416	520	168	328	328	448	?	her	False	O	False	3	0	0	0
7469	176	6	156	0	her	True	?	17	160	320	320	320	244	244	244	244	?	her	False	O	False	3	0	0	0
7470	176	6	199	0	her	True	?	18	136	136	136	136	0	0	0	0	?	her	False	O	False	3	0	0	0
7471	176	6	84	0	her	True	?	19	232	232	232	232	140	140	140	140	?	her	False	O	False	3	0	0	0
7472	176	6	126	0	her	True	?	20	140	140	140	140	280	280	280	280	?	her	False	O	False	3	0	0	0
7473	176	6	22	0	her	True	?	21	228	324	324	324	140	140	140	140	?	her	False	O	False	3	0	0	0
7474	176	6	7	0	her	True	?	22	200	200	200	200	176	432	432	432	?	her	False	O	False	3	0	0	0
7475	176	6	35	0	her	True	?	23	248	396	396	396	264	264	264	264	?	her	False	O	False	3	0	0	0
7476	176	6	11	0	her	True	?	24	404	404	404	404	112	112	304	456	?	her	False	O	False	3	0	0	0
7477	176	6	137	0	her	True	?	25	180	180	180	180	208	208	208	208	?	her	False	O	False	3	0	0	0
7478	176	6	46	0	her	True	?	27	280	444	444	444	180	336	336	336	?	her	False	O	False	3	0	0	0
7479	176	6	74	0	her	True	?	28	144	144	144	144	280	280	280	280	?	her	False	O	False	3	0	0	0
7480	176	6	68	0	her	True	?	29	192	192	192	192	192	192	192	192	?	her	False	O	False	3	0	0	0
7483	176	6	108	0	her	True	?	32	264	372	372	372	328	328	328	328	?	her	False	O	False	3	0	0	0
7484	176	6	141	0	her	True	?	33	224	224	224	224	164	400	400	400	?	her	False	O	False	3	0	0	0
7485	176	6	45	0	her	True	?	34	324	496	496	496	212	340	340	340	?	her	False	O	False	3	0	0	0
7486	176	6	96	0	her	True	?	35	160	160	160	160	232	232	232	232	?	her	False	O	False	3	0	0	0
7488	176	6	182	0	her	True	?	37	192	192	192	192	192	192	368	488	?	her	False	O	False	3	0	0	0
7490	176	6	200	0	her	True	?	39	48	156	156	156	180	180	180	180	?	her	False	O	False	3	0	0	0
7491	176	6	31	0	her	True	?	40	140	276	276	276	180	180	304	1232	?	her	False	O	False	3	0	0	0
7492	176	6	102	0	her	True	?	41	176	176	176	176	156	320	320	320	?	her	False	O	False	3	0	0	0
7493	176	6	153	0	her	True	?	42	224	224	224	224	180	180	180	324	?	her	False	O	False	3	0	0	0
7494	176	6	75	0	her	True	?	43	260	260	260	260	0	0	0	0	?	her	False	O	False	3	0	0	0
7495	176	9	7	0	she	True	-3	1	288	288	288	288	348	348	348	348	-3	she	False	O	False	3	1	1	0
7496	176	9	151	0	she	True	-3	2	228	228	228	228	172	172	172	172	-3	she	False	O	False	3	1	1	0
7497	176	9	51	0	she	True	-3	3	148	356	356	356	156	156	156	156	-3	she	False	O	False	3	1	1	0
7498	176	9	15	0	she	True	-3	4	172	172	172	172	200	200	200	200	-3	she	False	O	False	3	1	1	0
7499	176	9	63	0	she	True	-3	5	216	216	216	216	208	208	208	208	-3	she	False	O	False	3	1	1	0
7502	176	9	87	0	she	True	-3	8	224	224	224	224	196	196	196	196	-3	she	False	O	False	3	1	1	0
7504	176	9	85	0	she	True	-3	10	128	128	128	128	132	132	132	132	-3	she	False	O	False	3	1	1	0
7506	176	9	173	0	she	True	-3	12	172	172	172	172	0	0	0	0	-3	she	False	O	False	3	1	1	0
7507	176	9	203	0	she	True	-3	13	164	164	164	164	168	168	168	168	-3	she	False	O	False	3	1	1	0
7508	176	9	148	0	she	True	-3	14	236	236	236	236	0	0	0	0	-3	she	False	O	False	3	1	1	0
7510	176	9	92	0	she	True	-3	16	212	360	360	360	300	300	300	300	-3	she	False	O	False	3	1	1	0
7511	176	9	156	0	she	True	-3	17	176	176	176	176	0	0	0	0	-3	she	False	O	False	3	1	1	0
7513	176	9	84	0	she	True	-3	19	176	176	176	176	156	156	156	156	-3	she	False	O	False	3	1	1	0
7515	176	9	22	0	she	True	-3	21	152	152	152	268	208	352	560	1684	-3	she	False	O	False	3	1	1	0
7516	176	9	7	0	she	True	-3	22	196	196	196	196	340	608	608	608	-3	she	False	O	False	3	1	1	0
7517	176	9	35	0	she	True	-3	23	176	1276	1276	1276	192	192	192	192	-3	she	False	O	False	3	1	1	0
7519	176	9	137	0	she	True	-3	25	172	172	172	172	224	224	224	224	-3	she	False	O	False	3	1	1	0
7521	176	9	74	0	she	True	-3	28	268	408	408	408	152	152	152	152	-3	she	False	O	False	3	1	1	0
7524	176	9	115	0	she	True	-3	31	184	184	184	184	176	176	176	176	-3	she	False	O	False	3	1	1	0
7525	176	9	108	0	she	True	-3	32	172	172	172	172	116	508	508	508	-3	she	False	O	False	3	1	1	0
7526	176	9	141	0	she	True	-3	33	80	80	284	2208	116	116	116	116	-3	she	False	O	False	3	1	1	0
7528	176	9	96	0	she	True	-3	35	168	168	168	168	128	128	128	128	-3	she	False	O	False	3	1	1	0
7530	176	9	182	0	she	True	-3	37	172	172	172	172	148	324	324	324	-3	she	False	O	False	3	1	1	0
7533	176	9	31	0	she	True	-3	40	140	272	272	272	184	184	184	184	-3	she	False	O	False	3	1	1	0
7534	176	9	102	0	she	True	-3	41	304	304	304	304	0	0	0	0	-3	she	False	O	False	3	1	1	0
7535	176	9	153	0	she	True	-3	42	180	180	180	180	0	0	0	0	-3	she	False	O	False	3	1	1	0
7536	176	9	75	0	she	True	-3	43	88	88	88	88	156	156	156	156	-3	she	False	O	False	3	1	1	0
7539	176	11	51	0	it	True	-8	3	212	212	212	212	204	204	628	1100	-8	it	False	O	False	2	2	1	0
7542	176	11	28	0	it	True	-8	6	200	200	200	200	216	216	216	1324	-8	it	False	O	False	2	2	1	0
7544	176	11	87	0	it	True	-8	8	184	184	184	184	476	476	476	476	-8	it	False	O	False	2	2	1	0
7548	176	11	173	0	it	True	-8	12	148	148	148	148	192	192	476	1700	-8	it	False	O	False	2	2	1	0
7550	176	11	148	0	it	True	-8	14	324	324	608	844	124	124	392	1244	-8	it	False	O	False	2	2	1	0
7552	176	11	92	0	it	True	-8	16	140	140	140	140	276	276	276	1212	-8	it	False	O	False	2	2	1	0
7553	176	11	156	0	it	True	-8	17	188	188	188	188	148	148	368	2340	-8	it	False	O	False	2	2	1	0
7563	176	11	74	0	it	True	-8	28	172	172	172	172	232	232	1384	1868	-8	it	False	O	False	2	2	1	0
7567	176	11	108	0	it	True	-8	32	236	236	236	236	184	384	712	1028	-8	it	False	O	False	2	2	1	0
7569	176	11	45	0	it	True	-8	34	320	320	1120	1556	180	180	180	484	-8	it	False	O	False	2	2	1	0
7570	176	11	96	0	it	True	-8	35	168	168	168	168	192	192	192	192	-8	it	False	O	False	2	2	1	0
7572	176	11	182	0	it	True	-8	37	148	148	148	148	256	256	256	2232	-8	it	False	O	False	2	2	1	0
7576	176	11	102	0	it	True	-8	41	132	132	132	132	172	172	372	2176	-8	it	False	O	False	2	2	1	0
7577	176	11	153	0	it	True	-8	42	160	160	160	160	200	200	644	1508	-8	it	False	O	False	2	2	1	0
7620	179	9	51	0	this	True	-7	1	232	232	232	232	152	152	428	524	-7	this	False	O	False	4	1	1	0
7621	179	9	68	0	this	True	-7	2	224	292	292	292	112	112	112	112	-7	this	False	O	False	4	1	1	0
7622	179	9	126	0	this	True	-7	3	236	236	236	236	156	156	156	156	-7	this	False	O	False	4	1	1	0
7623	179	9	184	0	this	True	-7	4	224	224	224	224	500	748	748	748	-7	this	False	O	False	4	1	1	0
7624	179	9	175	0	this	True	-7	5	216	216	216	216	348	620	620	620	-7	this	False	O	False	4	1	1	0
7627	179	9	158	0	this	True	-7	8	148	372	372	372	92	92	428	716	-7	this	False	O	False	4	1	1	0
7628	179	9	66	0	this	True	-7	10	172	172	172	172	152	316	316	316	-7	this	False	O	False	4	1	1	0
7629	179	9	168	0	this	True	-7	11	164	164	164	164	232	232	232	232	-7	this	False	O	False	4	1	1	0
7634	179	9	76	0	this	True	-7	16	164	164	164	164	148	296	296	296	-7	this	False	O	False	4	1	1	0
7637	179	9	186	0	this	True	-7	19	180	180	180	180	100	100	232	564	-7	this	False	O	False	4	1	1	0
7638	179	9	194	0	this	True	-7	20	172	172	172	172	212	212	212	432	-7	this	False	O	False	4	1	1	0
7639	179	9	169	0	this	True	-7	21	156	156	156	156	128	128	128	128	-7	this	False	O	False	4	1	1	0
7640	179	9	70	0	this	True	-7	22	268	268	268	268	252	252	252	432	-7	this	False	O	False	4	1	1	0
7641	179	9	134	0	this	True	-7	23	200	200	200	200	172	360	360	360	-7	this	False	O	False	4	1	1	0
7642	179	9	67	0	this	True	-7	24	160	160	432	764	220	220	220	220	-7	this	False	O	False	4	1	1	0
7643	179	9	33	0	this	True	-7	25	148	148	148	148	260	260	260	260	-7	this	False	O	False	4	1	1	0
7644	179	9	99	0	this	True	-7	27	148	148	148	148	292	424	424	424	-7	this	False	O	False	4	1	1	0
7646	179	9	106	0	this	True	-7	29	196	340	340	340	192	192	192	192	-7	this	False	O	False	4	1	1	0
7647	179	9	37	0	this	True	-7	30	252	252	252	252	192	984	984	984	-7	this	False	O	False	4	1	1	0
7648	179	9	43	0	this	True	-7	31	160	160	160	820	160	160	160	160	-7	this	False	O	False	4	1	1	0
7649	179	9	107	0	this	True	-7	32	124	124	124	124	148	384	384	580	-7	this	False	O	False	4	1	1	0
7652	179	9	186	0	this	True	-7	35	168	168	168	168	272	272	272	272	-7	this	False	O	False	4	1	1	0
7654	179	9	21	0	this	True	-7	37	100	100	100	100	132	416	416	416	-7	this	False	O	False	4	1	1	0
7657	179	9	121	0	this	True	-7	40	204	204	204	204	188	188	188	188	-7	this	False	O	False	4	1	1	0
7658	179	9	1	0	this	True	-7	41	140	140	436	996	264	264	264	264	-7	this	False	O	False	4	1	1	0
7659	179	9	70	0	this	True	-7	42	308	308	308	308	152	152	152	152	-7	this	False	O	False	4	1	1	0
7660	179	9	29	0	this	True	-7	43	88	88	88	88	192	192	192	192	-7	this	False	O	False	4	1	1	0
7702	183	3	43	0	her	False	-2	1	132	300	300	300	148	148	148	148	-2	her	False	O	False	3	0	1	0
7703	183	3	125	0	her	False	-2	2	108	108	108	108	0	0	0	0	-2	her	False	O	False	3	0	1	0
7704	183	3	194	0	her	False	-2	3	136	136	136	136	156	300	300	300	-2	her	False	O	False	3	0	1	0
7705	183	3	89	0	her	False	-2	4	160	160	160	160	188	188	188	188	-2	her	False	O	False	3	0	1	0
7709	183	3	83	0	her	False	-2	8	164	164	336	536	140	140	140	140	-2	her	False	O	False	3	0	1	0
7711	183	3	56	0	her	False	-2	11	156	156	156	156	156	156	156	156	-2	her	False	O	False	3	0	1	0
7713	183	3	62	0	her	False	-2	13	152	152	152	152	0	0	0	0	-2	her	False	O	False	3	0	1	0
7714	183	3	57	0	her	False	-2	14	132	132	132	132	280	280	280	280	-2	her	False	O	False	3	0	1	0
7716	183	3	138	0	her	False	-2	16	200	352	352	352	172	172	172	172	-2	her	False	O	False	3	0	1	0
7717	183	3	95	0	her	False	-2	17	208	208	208	208	0	0	0	0	-2	her	False	O	False	3	0	1	0
7718	183	3	47	0	her	False	-2	18	200	200	200	200	136	136	136	136	-2	her	False	O	False	3	0	1	0
7719	183	3	87	0	her	False	-2	19	196	196	196	196	104	104	104	104	-2	her	False	O	False	3	0	1	0
7721	183	3	108	0	her	False	-2	21	72	72	212	408	0	0	0	0	-2	her	False	O	False	3	0	1	0
7722	183	3	172	0	her	False	-2	22	568	568	568	568	148	148	148	148	-2	her	False	O	False	3	0	1	0
7723	183	3	71	0	her	False	-2	23	160	160	160	160	340	340	340	340	-2	her	False	O	False	3	0	1	0
7724	183	3	154	0	her	False	-2	24	236	236	236	236	152	152	152	152	-2	her	False	O	False	3	0	1	0
7725	183	3	152	0	her	False	-2	25	152	152	152	152	252	252	252	252	-2	her	False	O	False	3	0	1	0
7726	183	3	63	0	her	False	-2	27	248	248	248	248	0	0	0	0	-2	her	False	O	False	3	0	1	0
7727	183	3	109	0	her	False	-2	28	364	364	364	364	292	292	292	524	-2	her	False	O	False	3	0	1	0
7728	183	3	168	0	her	False	-2	29	144	144	144	280	0	0	0	0	-2	her	False	O	False	3	0	1	0
7729	183	3	202	0	her	False	-2	30	312	312	312	312	156	156	340	588	-2	her	False	O	False	3	0	1	0
7730	183	3	159	0	her	False	-2	31	184	184	184	184	0	0	0	0	-2	her	False	O	False	3	0	1	0
7731	183	3	204	0	her	False	-2	32	180	180	180	180	180	180	180	180	-2	her	False	O	False	3	0	1	0
7732	183	3	78	0	her	False	-2	33	168	168	168	168	0	0	0	0	-2	her	False	O	False	3	0	1	0
7733	183	3	173	0	her	False	-2	34	176	176	176	176	208	208	208	208	-2	her	False	O	False	3	0	1	0
7736	183	3	42	0	her	False	-2	37	132	132	132	132	148	148	148	148	-2	her	False	O	False	3	0	1	0
7737	183	3	111	0	her	False	-2	38	176	176	176	176	244	244	244	244	-2	her	False	O	False	3	0	1	0
7739	183	3	61	0	her	False	-2	40	152	152	152	152	136	136	344	532	-2	her	False	O	False	3	0	1	0
7741	183	3	85	0	her	False	-2	42	236	236	236	236	268	268	268	268	-2	her	False	O	False	3	0	1	0
7742	183	3	179	0	her	False	-2	43	144	144	144	144	168	168	168	168	-2	her	False	O	False	3	0	1	0
7743	185	12	36	0	his	False	-11	1	148	420	752	2752	284	616	616	616	-11	his	False	P	False	3	0	1	0
7744	185	12	4	0	his	False	-11	2	168	168	168	272	0	0	0	0	-11	his	False	P	False	3	0	1	0
7746	185	12	10	0	his	False	-11	4	204	204	204	372	228	228	228	564	-11	his	False	P	False	3	0	1	0
7747	185	12	202	0	his	False	-11	5	256	256	520	892	0	0	0	0	-11	his	False	P	False	3	0	1	0
7748	185	12	158	0	his	False	-11	6	708	708	708	708	0	0	0	0	-11	his	False	P	False	3	0	1	0
7749	185	12	66	0	his	False	-11	7	220	220	220	740	276	276	276	1080	-11	his	False	P	False	3	0	1	0
7750	185	12	147	0	his	False	-11	8	236	476	476	664	0	0	0	0	-11	his	False	P	False	3	0	1	0
7751	185	12	200	0	his	False	-11	10	220	220	220	220	212	212	476	1860	-11	his	False	P	False	3	0	1	0
7752	185	12	34	0	his	False	-11	11	256	256	256	256	196	196	196	196	-11	his	False	P	False	3	0	1	0
7754	185	12	188	0	his	False	-11	13	184	184	184	184	456	456	456	776	-11	his	False	P	False	3	0	1	0
7755	185	12	92	0	his	False	-11	14	232	232	232	232	244	244	244	244	-11	his	False	P	False	3	0	1	0
7756	185	12	86	0	his	False	-11	15	760	760	760	760	0	0	0	0	-11	his	False	P	False	3	0	1	0
7757	185	12	184	0	his	False	-11	16	168	400	400	824	0	0	0	0	-11	his	False	P	False	3	0	1	0
7759	185	12	52	0	his	False	-11	18	224	224	224	224	168	168	168	524	-11	his	False	P	False	3	0	1	0
7760	185	12	198	0	his	False	-11	19	208	208	208	208	152	228	228	1264	-11	his	False	P	False	3	0	1	0
7764	185	12	181	0	his	False	-11	23	144	144	144	144	164	472	472	648	-11	his	False	P	False	3	0	1	0
7766	185	12	16	0	his	False	-11	25	168	168	168	168	244	244	244	356	-11	his	False	P	False	3	0	1	0
7767	185	12	160	0	his	False	-11	27	224	224	224	224	192	192	192	192	-11	his	False	P	False	3	0	1	0
7769	185	12	180	0	his	False	-11	29	216	216	216	216	208	208	208	344	-11	his	False	P	False	3	0	1	0
7770	185	12	103	0	his	False	-11	30	496	496	496	496	584	584	584	584	-11	his	False	P	False	3	0	1	0
7771	185	12	13	0	his	False	-11	31	204	204	204	204	204	560	560	560	-11	his	False	P	False	3	0	1	0
7772	185	12	126	0	his	False	-11	32	208	208	208	208	136	136	136	136	-11	his	False	P	False	3	0	1	0
7773	185	12	1	0	his	False	-11	33	188	188	188	188	232	232	232	436	-11	his	False	P	False	3	0	1	0
7776	185	12	32	0	his	False	-11	36	180	180	180	596	0	0	0	0	-11	his	False	P	False	3	0	1	0
7777	185	12	137	0	his	False	-11	37	208	208	208	208	156	156	156	156	-11	his	False	P	False	3	0	1	0
7779	185	12	138	0	his	False	-11	39	172	172	172	172	148	148	148	880	-11	his	False	P	False	3	0	1	0
7781	185	12	181	0	his	False	-11	41	192	192	192	192	256	372	372	372	-11	his	False	P	False	3	0	1	0
7783	185	12	69	0	his	False	-11	43	268	552	552	912	0	0	0	0	-11	his	False	P	False	3	0	1	0
7784	186	4	76	0	we	True	?	1	168	260	260	260	0	0	0	0	?	we	False	O	False	2	0	0	0
7786	186	4	93	0	we	True	?	3	216	216	216	216	148	148	148	148	?	we	False	O	False	2	0	0	0
7788	186	4	189	0	we	True	?	5	288	288	288	288	0	0	0	0	?	we	False	O	False	2	0	0	0
7789	186	4	1	0	we	True	?	6	132	132	132	132	272	272	272	272	?	we	False	O	False	2	0	0	0
7790	186	4	43	0	we	True	?	7	76	76	76	168	208	208	316	528	?	we	False	O	False	2	0	0	0
7792	186	4	94	0	we	True	?	10	196	196	196	196	128	128	128	128	?	we	False	O	False	2	0	0	0
7793	186	4	15	0	we	True	?	11	148	148	148	148	160	160	160	160	?	we	False	O	False	2	0	0	0
7795	186	4	166	0	we	True	?	13	272	272	272	272	0	0	0	0	?	we	False	O	False	2	0	0	0
7800	186	4	29	0	we	True	?	18	200	200	200	200	0	0	0	0	?	we	False	O	False	2	0	0	0
7811	186	4	148	0	we	True	?	30	336	336	336	336	184	184	184	184	?	we	False	O	False	2	0	0	0
7822	186	4	134	0	we	True	?	41	124	124	124	124	144	144	144	144	?	we	False	O	False	2	0	0	0
7824	186	4	101	0	we	True	?	43	116	116	116	116	276	276	276	276	?	we	False	O	False	2	0	0	0
7825	186	6	76	0	this	True	?	1	192	192	192	192	204	204	204	384	?	this	False	O	False	4	1	0	0
7826	186	6	118	0	this	True	?	2	192	192	192	192	136	136	136	136	?	this	False	O	False	4	1	0	0
7827	186	6	93	0	this	True	?	3	236	344	344	344	168	168	168	168	?	this	False	O	False	4	1	0	0
7828	186	6	188	0	this	True	?	4	172	172	172	172	144	144	144	144	?	this	False	O	False	4	1	0	0
7829	186	6	189	0	this	True	?	5	192	192	192	192	260	260	260	260	?	this	False	O	False	4	1	0	0
7831	186	6	43	0	this	True	?	7	128	128	128	128	0	0	0	0	?	this	False	O	False	4	1	0	0
7832	186	6	182	0	this	True	?	8	228	228	228	228	164	164	164	164	?	this	False	O	False	4	1	0	0
7834	186	6	15	0	this	True	?	11	236	236	236	236	136	136	136	136	?	this	False	O	False	4	1	0	0
7835	186	6	47	0	this	True	?	12	240	240	240	240	132	132	132	132	?	this	False	O	False	4	1	0	0
7836	186	6	166	0	this	True	?	13	220	220	220	220	148	148	148	148	?	this	False	O	False	4	1	0	0
7839	186	6	91	0	this	True	?	16	148	304	304	304	268	268	268	268	?	this	False	O	False	4	1	0	0
7841	186	6	29	0	this	True	?	18	336	336	336	336	0	0	0	0	?	this	False	O	False	4	1	0	0
7842	186	6	125	0	this	True	?	19	20	20	244	956	192	192	192	192	?	this	False	O	False	4	1	0	0
7844	186	6	37	0	this	True	?	21	172	172	172	368	176	176	176	176	?	this	False	O	False	4	1	0	0
7845	186	6	48	0	this	True	?	22	240	240	240	240	212	212	212	212	?	this	False	O	False	4	1	0	0
7846	186	6	39	0	this	True	?	23	196	196	196	196	224	224	224	224	?	this	False	O	False	4	1	0	0
7847	186	6	165	0	this	True	?	24	172	312	312	312	0	0	0	0	?	this	False	O	False	4	1	0	0
7850	186	6	196	0	this	True	?	28	392	392	392	392	156	156	156	156	?	this	False	O	False	4	1	0	0
7852	186	6	148	0	this	True	?	30	288	288	288	288	208	476	476	476	?	this	False	O	False	4	1	0	0
7854	186	6	4	0	this	True	?	32	240	240	240	240	308	308	308	308	?	this	False	O	False	4	1	0	0
7855	186	6	195	0	this	True	?	33	260	284	284	284	116	116	116	116	?	this	False	O	False	4	1	0	0
7856	186	6	198	0	this	True	?	34	172	172	172	172	268	268	268	460	?	this	False	O	False	4	1	0	0
7857	186	6	8	0	this	True	?	35	204	204	204	204	0	0	0	0	?	this	False	O	False	4	1	0	0
7859	186	6	43	0	this	True	?	37	168	288	288	288	224	224	224	224	?	this	False	O	False	4	1	0	0
7861	186	6	98	0	this	True	?	39	16	16	140	508	100	100	100	100	?	this	False	O	False	4	1	0	0
7864	186	6	34	0	this	True	?	42	148	316	316	316	128	128	128	128	?	this	False	O	False	4	1	0	0
7865	186	6	101	0	this	True	?	43	252	252	252	252	0	0	0	0	?	this	False	O	False	4	1	0	0
7910	187	9	133	0	he	True	-8	4	32	132	132	132	56	288	288	288	-8	he	False	O	False	2	1	1	0
7913	187	9	205	0	he	True	-8	7	148	148	148	148	116	116	116	116	-8	he	False	O	False	2	1	1	0
7914	187	9	115	0	he	True	-8	8	176	176	176	176	152	152	152	152	-8	he	False	O	False	2	1	1	0
7918	187	9	182	0	he	True	-8	13	196	196	196	196	176	176	176	176	-8	he	False	O	False	2	1	1	0
7919	187	9	63	0	he	True	-8	14	176	176	176	176	208	208	208	208	-8	he	False	O	False	2	1	1	0
7921	187	9	112	0	he	True	-8	16	252	252	252	252	160	160	160	160	-8	he	False	O	False	2	1	1	0
7928	187	9	189	0	he	True	-8	23	216	216	216	216	72	312	312	312	-8	he	False	O	False	2	1	1	0
7936	187	9	49	0	he	True	-8	32	240	240	240	240	176	420	420	420	-8	he	False	O	False	2	1	1	0
7941	187	9	202	0	he	True	-8	37	148	148	148	148	140	140	140	140	-8	he	False	O	False	2	1	1	0
7945	187	9	94	0	he	True	-8	41	180	180	180	180	252	252	252	252	-8	he	False	O	False	2	1	1	0
7946	187	9	36	0	he	True	-8	42	152	152	152	152	0	0	0	0	-8	he	False	O	False	2	1	1	0
7956	187	12	190	0	it	True	-7	10	192	192	192	192	360	580	580	1232	-7	it	False	O	False	2	2	1	0
7961	187	12	90	0	it	True	-7	15	260	952	952	1492	0	0	0	0	-7	it	False	O	False	2	2	1	0
7962	187	12	112	0	it	True	-7	16	172	172	172	172	320	544	544	544	-7	it	False	O	False	2	2	1	0
7966	187	12	8	0	it	True	-7	20	152	152	152	152	252	252	380	1388	-7	it	False	O	False	2	2	1	0
7969	187	12	189	0	it	True	-7	23	344	344	344	344	408	408	408	876	-7	it	False	O	False	2	2	1	0
7971	187	12	132	0	it	True	-7	25	252	252	252	368	72	72	72	664	-7	it	False	O	False	2	2	1	0
7973	187	12	108	0	it	True	-7	28	184	184	184	184	0	0	0	0	-7	it	False	O	False	2	2	1	0
7984	187	12	73	0	it	True	-7	39	528	528	528	528	0	0	0	0	-7	it	False	O	False	2	2	1	0
7987	187	12	36	0	it	True	-7	42	264	264	264	956	0	0	0	0	-7	it	False	O	False	2	2	1	0
8030	188	6	84	0	he	True	-5	1	276	276	276	276	196	304	304	304	-5	he	False	O	False	2	1	1	0
8031	188	6	153	0	he	True	-5	2	140	140	140	140	152	152	152	152	-5	he	False	O	False	2	1	1	0
8032	188	6	205	0	he	True	-5	3	172	172	172	172	280	280	280	280	-5	he	False	O	False	2	1	1	0
8034	188	6	147	0	he	True	-5	5	320	320	320	612	0	0	0	0	-5	he	False	O	False	2	1	1	0
8037	188	6	163	0	he	True	-5	8	348	348	348	348	0	0	0	0	-5	he	False	O	False	2	1	1	0
8040	188	6	100	0	he	True	-5	12	172	172	172	172	172	172	172	172	-5	he	False	O	False	2	1	1	0
8042	188	6	3	0	he	True	-5	14	172	172	172	172	228	228	228	228	-5	he	False	O	False	2	1	1	0
8043	188	6	161	0	he	True	-5	15	208	208	208	208	0	0	0	0	-5	he	False	O	False	2	1	1	0
8045	188	6	152	0	he	True	-5	17	264	264	264	264	160	160	160	160	-5	he	False	O	False	2	1	1	0
8050	188	6	147	0	he	True	-5	22	216	216	216	216	148	148	148	148	-5	he	False	O	False	2	1	1	0
8054	188	6	202	0	he	True	-5	27	232	232	232	232	184	184	184	184	-5	he	False	O	False	2	1	1	0
8056	188	6	87	0	he	True	-5	29	172	172	172	172	0	0	0	0	-5	he	False	O	False	2	1	1	0
8058	188	6	14	0	he	True	-5	31	112	112	112	112	0	0	0	0	-5	he	False	O	False	2	1	1	0
8059	188	6	111	0	he	True	-5	32	184	184	184	184	188	188	188	188	-5	he	False	O	False	2	1	1	0
8060	188	6	161	0	he	True	-5	33	172	172	172	172	96	96	96	96	-5	he	False	O	False	2	1	1	0
8063	188	6	197	0	he	True	-5	36	212	212	212	212	0	0	0	0	-5	he	False	O	False	2	1	1	0
8064	188	6	199	0	he	True	-5	37	152	268	268	268	200	200	200	200	-5	he	False	O	False	2	1	1	0
8067	188	6	57	0	he	True	-5	40	140	140	140	140	228	228	228	228	-5	he	False	O	False	2	1	1	0
8069	188	6	67	0	he	True	-5	42	164	164	164	164	148	148	148	148	-5	he	False	O	False	2	1	1	0
8070	188	6	9	0	he	True	-5	43	168	168	168	168	132	132	132	132	-5	he	False	O	False	2	1	1	0
8153	190	8	184	0	he	True	-7	1	180	180	180	264	192	412	412	412	-7	he	False	O	False	2	1	1	0
8155	190	8	60	0	he	True	-7	3	164	164	164	164	272	504	504	504	-7	he	False	O	False	2	1	1	0
8156	190	8	109	0	he	True	-7	4	144	144	144	144	164	164	164	164	-7	he	False	O	False	2	1	1	0
8161	190	8	26	0	he	True	-7	10	184	184	184	184	64	64	64	64	-7	he	False	O	False	2	1	1	0
8162	190	8	33	0	he	True	-7	11	196	196	196	196	172	172	172	172	-7	he	False	O	False	2	1	1	0
8163	190	8	19	0	he	True	-7	12	148	148	148	148	0	0	0	0	-7	he	False	O	False	2	1	1	0
8165	190	8	15	0	he	True	-7	14	144	144	144	144	160	628	628	628	-7	he	False	O	False	2	1	1	0
8167	190	8	190	0	he	True	-7	16	212	212	212	212	196	196	196	196	-7	he	False	O	False	2	1	1	0
8168	190	8	89	0	he	True	-7	17	128	128	128	128	0	0	0	0	-7	he	False	O	False	2	1	1	0
8169	190	8	26	0	he	True	-7	18	212	212	212	212	0	0	0	0	-7	he	False	O	False	2	1	1	0
8170	190	8	146	0	he	True	-7	19	116	116	116	116	152	152	152	152	-7	he	False	O	False	2	1	1	0
8172	190	8	137	0	he	True	-7	21	156	156	156	156	0	0	0	0	-7	he	False	O	False	2	1	1	0
8174	190	8	55	0	he	True	-7	23	424	424	424	424	116	116	116	260	-7	he	False	O	False	2	1	1	0
8177	190	8	115	0	he	True	-7	27	152	220	220	220	204	204	204	204	-7	he	False	O	False	2	1	1	0
8179	190	8	156	0	he	True	-7	29	176	176	176	176	164	164	164	164	-7	he	False	O	False	2	1	1	0
8180	190	8	119	0	he	True	-7	30	504	504	504	504	212	212	212	212	-7	he	False	O	False	2	1	1	0
8184	190	8	62	0	he	True	-7	34	116	116	116	116	0	0	0	0	-7	he	False	O	False	2	1	1	0
8188	190	8	147	0	he	True	-7	38	196	196	196	196	172	172	172	172	-7	he	False	O	False	2	1	1	0
8192	190	8	155	0	he	True	-7	42	204	204	204	204	244	244	244	244	-7	he	False	O	False	2	1	1	0
8194	192	12	132	0	this	True	?	1	144	144	144	144	232	484	484	484	?	this	False	O	False	4	0	0	0
8196	192	12	163	0	this	True	?	3	164	164	164	164	0	0	0	0	?	this	False	O	False	4	0	0	0
8197	192	12	16	0	this	True	?	4	144	144	144	144	276	276	276	444	?	this	False	O	False	4	0	0	0
8198	192	12	28	0	this	True	?	5	216	216	216	592	0	0	0	0	?	this	False	O	False	4	0	0	0
8199	192	12	153	0	this	True	?	6	316	316	316	316	124	124	124	272	?	this	False	O	False	4	0	0	0
8201	192	12	169	0	this	True	?	8	240	240	240	240	172	172	172	172	?	this	False	O	False	4	0	0	0
8203	192	12	99	0	this	True	?	10	280	352	532	1696	0	0	0	0	?	this	False	O	False	4	0	0	0
8204	192	12	88	0	this	True	?	11	188	188	188	188	148	236	236	236	?	this	False	O	False	4	0	0	0
8205	192	12	89	0	this	True	?	12	280	280	280	328	104	104	104	340	?	this	False	O	False	4	0	0	0
8206	192	12	158	0	this	True	?	13	184	184	184	184	444	628	628	628	?	this	False	O	False	4	0	0	0
8208	192	12	9	0	this	True	?	15	264	264	264	1412	60	60	60	60	?	this	False	O	False	4	0	0	0
8209	192	12	172	0	this	True	?	16	272	272	272	272	236	864	1444	2216	?	this	False	O	False	4	0	0	0
8210	192	12	71	0	this	True	?	17	284	360	360	604	0	0	0	0	?	this	False	O	False	4	0	0	0
8211	192	12	82	0	this	True	?	18	216	216	216	216	0	0	0	0	?	this	False	O	False	4	0	0	0
8212	192	12	116	0	this	True	?	19	328	328	328	480	0	0	0	0	?	this	False	O	False	4	0	0	0
8213	192	12	34	0	this	True	?	20	208	208	208	208	260	260	260	1052	?	this	False	O	False	4	0	0	0
8215	192	12	110	0	this	True	?	22	252	252	252	252	156	156	156	284	?	this	False	O	False	4	0	0	0
8216	192	12	76	0	this	True	?	23	228	228	580	3128	376	500	500	1864	?	this	False	O	False	4	0	0	0
8219	192	12	196	0	this	True	?	27	268	528	528	528	268	268	268	268	?	this	False	O	False	4	0	0	0
8220	192	12	131	0	this	True	?	28	160	160	552	844	0	0	0	0	?	this	False	O	False	4	0	0	0
8222	192	12	89	0	this	True	?	30	248	248	248	248	112	112	112	420	?	this	False	O	False	4	0	0	0
8223	192	12	95	0	this	True	?	31	160	160	160	160	0	0	0	0	?	this	False	O	False	4	0	0	0
8224	192	12	167	0	this	True	?	32	204	204	204	204	116	116	116	116	?	this	False	O	False	4	0	0	0
8225	192	12	164	0	this	True	?	33	152	152	152	152	260	260	260	260	?	this	False	O	False	4	0	0	0
8226	192	12	68	0	this	True	?	34	192	192	192	192	148	148	464	744	?	this	False	O	False	4	0	0	0
8227	192	12	42	0	this	True	?	35	204	204	204	204	180	180	180	280	?	this	False	O	False	4	0	0	0
8228	192	12	198	0	this	True	?	36	164	164	164	1024	0	0	0	0	?	this	False	O	False	4	0	0	0
8229	192	12	86	0	this	True	?	37	192	312	312	312	192	192	192	520	?	this	False	O	False	4	0	0	0
8230	192	12	37	0	this	True	?	38	196	196	196	196	164	164	412	1780	?	this	False	O	False	4	0	0	0
8232	192	12	1	0	this	True	?	40	148	296	296	296	172	172	172	1240	?	this	False	O	False	4	0	0	0
8233	192	12	91	0	this	True	?	41	180	180	180	320	228	228	228	1644	?	this	False	O	False	4	0	0	0
8234	192	12	156	0	this	True	?	42	320	320	416	1076	0	0	0	0	?	this	False	O	False	4	0	0	0
8235	192	12	55	0	this	True	?	43	64	640	640	640	0	0	0	0	?	this	False	O	False	4	0	0	0
8237	193	7	142	0	they	True	?	2	132	132	132	132	136	136	136	136	?	they	False	O	True	4	0	0	0
8238	193	7	158	0	they	True	?	3	140	140	280	388	228	228	228	228	?	they	False	O	True	4	0	0	0
8239	193	7	66	0	they	True	?	4	172	172	172	172	0	0	0	0	?	they	False	O	True	4	0	0	0
8241	193	7	44	0	they	True	?	6	160	160	160	160	0	0	0	0	?	they	False	O	True	4	0	0	0
8242	193	7	89	0	they	True	?	7	220	220	220	220	136	136	136	136	?	they	False	O	True	4	0	0	0
8243	193	7	63	0	they	True	?	8	172	172	172	172	156	156	156	156	?	they	False	O	True	4	0	0	0
8244	193	7	37	0	they	True	?	10	88	88	88	88	164	164	164	164	?	they	False	O	True	4	0	0	0
8246	193	7	1	0	they	True	?	12	104	104	104	104	0	0	0	0	?	they	False	O	True	4	0	0	0
8247	193	7	70	0	they	True	?	13	200	200	200	200	140	140	140	140	?	they	False	O	True	4	0	0	0
8249	193	7	85	0	they	True	?	15	176	176	176	176	0	0	0	0	?	they	False	O	True	4	0	0	0
8250	193	7	155	0	they	True	?	16	168	264	264	264	232	232	232	232	?	they	False	O	True	4	0	0	0
8251	193	7	33	0	they	True	?	17	176	176	176	176	144	144	144	144	?	they	False	O	True	4	0	0	0
8253	193	7	23	0	they	True	?	19	96	96	96	96	188	188	188	188	?	they	False	O	True	4	0	0	0
8255	193	7	57	0	they	True	?	21	208	208	208	208	132	132	132	132	?	they	False	O	True	4	0	0	0
8256	193	7	129	0	they	True	?	22	224	224	224	224	236	236	236	236	?	they	False	O	True	4	0	0	0
8257	193	7	13	0	they	True	?	23	332	500	500	500	212	212	212	212	?	they	False	O	True	4	0	0	0
8258	193	7	162	0	they	True	?	24	92	92	92	92	244	244	244	372	?	they	False	O	True	4	0	0	0
8260	193	7	163	0	they	True	?	27	172	172	172	172	236	236	236	236	?	they	False	O	True	4	0	0	0
8261	193	7	202	0	they	True	?	28	336	336	336	336	0	0	0	0	?	they	False	O	True	4	0	0	0
8262	193	7	192	0	they	True	?	29	200	200	200	200	136	136	136	136	?	they	False	O	True	4	0	0	0
8263	193	7	86	0	they	True	?	30	220	220	220	220	252	252	408	692	?	they	False	O	True	4	0	0	0
8264	193	7	82	0	they	True	?	31	152	152	152	152	0	0	0	0	?	they	False	O	True	4	0	0	0
8265	193	7	106	0	they	True	?	32	164	336	336	336	244	244	244	244	?	they	False	O	True	4	0	0	0
8266	193	7	91	0	they	True	?	33	168	168	168	168	276	276	276	276	?	they	False	O	True	4	0	0	0
8267	193	7	87	0	they	True	?	34	192	192	192	192	156	156	156	156	?	they	False	O	True	4	0	0	0
8268	193	7	121	0	they	True	?	35	196	196	196	196	0	0	0	0	?	they	False	O	True	4	0	0	0
8270	193	7	130	0	they	True	?	37	172	172	172	172	160	192	476	832	?	they	False	O	True	4	0	0	0
8271	193	7	47	0	they	True	?	38	216	216	216	216	0	0	0	0	?	they	False	O	True	4	0	0	0
8275	193	7	113	0	they	True	?	42	132	132	132	132	0	0	0	0	?	they	False	O	True	4	0	0	0
8279	194	10	172	0	it	False	-3	3	324	324	324	324	224	224	224	224	-3	it	False	O	False	2	0	1	0
8283	194	10	95	0	it	False	-3	7	40	40	40	1684	0	0	0	0	-3	it	False	O	False	2	0	1	0
8292	194	10	6	0	it	False	-3	16	196	196	196	196	0	0	0	0	-3	it	False	O	False	2	0	1	0
8294	194	10	83	0	it	False	-3	19	204	204	372	1236	0	0	0	0	-3	it	False	O	False	2	0	1	0
8295	194	10	51	0	it	False	-3	20	292	292	292	292	0	0	0	0	-3	it	False	O	False	2	0	1	0
8298	194	10	69	0	it	False	-3	23	100	100	100	100	508	508	860	2400	-3	it	False	O	False	2	0	1	0
8301	194	10	165	0	it	False	-3	27	176	176	176	432	0	0	0	0	-3	it	False	O	False	2	0	1	0
8302	194	10	149	0	it	False	-3	28	168	168	168	168	0	0	0	0	-3	it	False	O	False	2	0	1	0
8303	194	10	6	0	it	False	-3	29	224	496	496	496	0	0	0	0	-3	it	False	O	False	2	0	1	0
8305	194	10	18	0	it	False	-3	31	132	132	132	516	0	0	0	0	-3	it	False	O	False	2	0	1	0
8311	194	10	64	0	it	False	-3	37	124	124	124	1100	176	176	176	176	-3	it	False	O	False	2	0	1	0
8312	194	10	201	0	it	False	-3	38	144	144	144	144	0	0	0	0	-3	it	False	O	False	2	0	1	0
8314	194	10	21	0	it	False	-3	40	200	200	200	612	136	136	136	136	-3	it	False	O	False	2	0	1	0
8315	194	10	168	0	it	False	-3	41	268	268	268	268	0	0	0	0	-3	it	False	O	False	2	0	1	0
8316	194	10	161	0	it	False	-3	42	208	208	208	860	0	0	0	0	-3	it	False	O	False	2	0	1	0
8319	195	5	192	0	he	False	-4	2	140	140	140	140	0	0	0	0	-4	he	False	O	False	2	0	1	0
8321	195	5	164	0	he	False	-4	4	160	160	160	160	160	160	160	160	-4	he	False	O	False	2	0	1	0
8323	195	5	43	0	he	False	-4	6	156	156	156	156	128	128	128	128	-4	he	False	O	False	2	0	1	0
8324	195	5	56	0	he	False	-4	7	88	88	88	88	0	0	0	0	-4	he	False	O	False	2	0	1	0
8325	195	5	41	0	he	False	-4	8	196	196	196	196	132	132	132	132	-4	he	False	O	False	2	0	1	0
8326	195	5	149	0	he	False	-4	10	116	116	116	116	0	0	0	0	-4	he	False	O	False	2	0	1	0
8329	195	5	98	0	he	False	-4	13	192	192	192	192	224	224	224	224	-4	he	False	O	False	2	0	1	0
8330	195	5	169	0	he	False	-4	14	172	172	172	172	208	208	208	208	-4	he	False	O	False	2	0	1	0
8340	195	5	93	0	he	False	-4	24	168	168	168	168	0	0	0	0	-4	he	False	O	False	2	0	1	0
8341	195	5	28	0	he	False	-4	25	144	144	144	144	172	172	172	172	-4	he	False	O	False	2	0	1	0
8343	195	5	152	0	he	False	-4	28	160	392	392	520	164	164	164	164	-4	he	False	O	False	2	0	1	0
8344	195	5	119	0	he	False	-4	29	204	204	204	204	0	0	0	0	-4	he	False	O	False	2	0	1	0
8346	195	5	116	0	he	False	-4	31	168	168	168	168	0	0	0	0	-4	he	False	O	False	2	0	1	0
8347	195	5	74	0	he	False	-4	32	164	164	164	164	208	208	208	208	-4	he	False	O	False	2	0	1	0
8348	195	5	41	0	he	False	-4	33	148	148	148	148	168	168	168	168	-4	he	False	O	False	2	0	1	0
8349	195	5	137	0	he	False	-4	34	184	184	184	184	0	0	0	0	-4	he	False	O	False	2	0	1	0
8350	195	5	85	0	he	False	-4	35	196	196	196	196	144	144	144	144	-4	he	False	O	False	2	0	1	0
8351	195	5	61	0	he	False	-4	36	176	176	176	176	0	0	0	0	-4	he	False	O	False	2	0	1	0
8354	195	5	123	0	he	False	-4	39	144	144	144	144	0	0	0	0	-4	he	False	O	False	2	0	1	0
8356	195	5	132	0	he	False	-4	41	168	168	168	168	0	0	0	0	-4	he	False	O	False	2	0	1	0
8357	195	5	139	0	he	False	-4	42	196	196	196	196	0	0	0	0	-4	he	False	O	False	2	0	1	0
8360	197	9	37	0	he	False	-8	2	108	108	108	108	116	116	116	116	-8	he	False	O	False	2	0	1	0
8361	197	9	195	0	he	False	-8	3	168	168	168	168	196	196	196	196	-8	he	False	O	False	2	0	1	0
8363	197	9	93	0	he	False	-8	5	96	96	96	96	300	300	300	572	-8	he	False	O	False	2	0	1	0
8366	197	9	24	0	he	False	-8	8	176	176	176	176	140	140	140	140	-8	he	False	O	False	2	0	1	0
8367	197	9	8	0	he	False	-8	10	168	168	168	168	88	88	88	88	-8	he	False	O	False	2	0	1	0
8368	197	9	31	0	he	False	-8	11	168	168	168	168	168	168	168	168	-8	he	False	O	False	2	0	1	0
8369	197	9	61	0	he	False	-8	12	272	272	272	272	244	244	244	244	-8	he	False	O	False	2	0	1	0
8370	197	9	78	0	he	False	-8	13	216	216	216	216	0	0	0	0	-8	he	False	O	False	2	0	1	0
8381	197	9	181	0	he	False	-8	25	228	228	228	228	0	0	0	0	-8	he	False	O	False	2	0	1	0
8383	197	9	101	0	he	False	-8	28	144	144	144	144	244	420	420	420	-8	he	False	O	False	2	0	1	0
8384	197	9	201	0	he	False	-8	29	160	160	160	160	0	0	0	0	-8	he	False	O	False	2	0	1	0
8392	197	9	50	0	he	False	-8	37	124	124	124	124	0	0	0	0	-8	he	False	O	False	2	0	1	0
8398	197	9	25	0	he	False	-8	43	204	204	204	204	0	0	0	0	-8	he	False	O	False	2	0	1	0
8400	199	12	58	0	his	False	-11	2	80	80	80	80	228	400	400	580	-11	his	False	P	False	3	0	1	0
8401	199	12	82	0	his	False	-11	3	204	204	204	204	264	264	264	788	-11	his	False	P	False	3	0	1	0
8403	199	12	34	0	his	False	-11	5	164	164	164	164	128	128	128	2200	-11	his	False	P	False	3	0	1	0
8405	199	12	173	0	his	False	-11	7	140	140	140	140	88	88	460	1708	-11	his	False	P	False	3	0	1	0
8406	199	12	121	0	his	False	-11	8	164	164	164	164	452	452	452	452	-11	his	False	P	False	3	0	1	0
8407	199	12	8	0	his	False	-11	9	160	160	160	160	216	528	664	1568	-11	his	False	P	False	3	0	1	0
8409	199	12	6	0	his	False	-11	11	264	264	264	264	164	164	564	888	-11	his	False	P	False	3	0	1	0
8414	199	12	141	0	his	False	-11	16	204	204	204	204	180	468	468	700	-11	his	False	P	False	3	0	1	0
8416	199	12	117	0	his	False	-11	18	204	204	204	204	196	196	196	196	-11	his	False	P	False	3	0	1	0
8417	199	12	46	0	his	False	-11	19	164	164	164	164	148	148	148	532	-11	his	False	P	False	3	0	1	0
8418	199	12	49	0	his	False	-11	20	252	252	252	252	156	156	512	2456	-11	his	False	P	False	3	0	1	0
8420	199	12	107	0	his	False	-11	22	248	448	448	448	336	336	336	336	-11	his	False	P	False	3	0	1	0
8421	199	12	177	0	his	False	-11	23	496	496	496	496	196	716	1564	17508	-11	his	False	P	False	3	0	1	0
8422	199	12	194	0	his	False	-11	24	164	164	164	164	160	160	160	436	-11	his	False	P	False	3	0	1	0
8423	199	12	53	0	his	False	-11	25	228	228	228	228	160	160	160	1852	-11	his	False	P	False	3	0	1	0
8425	199	12	201	0	his	False	-11	28	180	180	180	180	180	180	180	180	-11	his	False	P	False	3	0	1	0
8427	199	12	21	0	his	False	-11	30	92	92	92	92	224	440	440	1700	-11	his	False	P	False	3	0	1	0
8428	199	12	16	0	his	False	-11	31	152	152	152	152	152	152	152	152	-11	his	False	P	False	3	0	1	0
8429	199	12	42	0	his	False	-11	32	84	84	84	84	236	292	292	292	-11	his	False	P	False	3	0	1	0
8430	199	12	100	0	his	False	-11	33	232	232	232	232	220	220	220	220	-11	his	False	P	False	3	0	1	0
8433	199	12	46	0	his	False	-11	36	148	148	148	148	216	216	216	632	-11	his	False	P	False	3	0	1	0
8434	199	12	82	0	his	False	-11	37	148	148	148	148	140	140	140	660	-11	his	False	P	False	3	0	1	0
8435	199	12	143	0	his	False	-11	38	220	220	220	220	220	220	220	220	-11	his	False	P	False	3	0	1	0
8437	199	12	4	0	his	False	-11	40	136	136	136	232	40	260	260	1232	-11	his	False	P	False	3	0	1	0
8438	199	12	96	0	his	False	-11	41	228	228	228	228	152	512	512	1032	-11	his	False	P	False	3	0	1	0
8439	199	12	71	0	his	False	-11	42	148	148	148	148	248	248	248	968	-11	his	False	P	False	3	0	1	0
8440	199	12	157	0	his	False	-11	43	128	128	128	128	236	236	236	1024	-11	his	False	P	False	3	0	1	0
8441	201	4	69	0	she	True	?	1	152	284	284	284	392	392	392	392	?	she	False	O	False	3	0	0	0
8442	201	4	77	0	she	True	?	2	144	144	144	144	148	148	148	148	?	she	False	O	False	3	0	0	0
8443	201	4	203	0	she	True	?	3	188	188	188	188	232	232	232	232	?	she	False	O	False	3	0	0	0
8445	201	4	150	0	she	True	?	5	420	420	420	992	228	228	228	228	?	she	False	O	False	3	0	0	0
8446	201	4	7	0	she	True	?	6	132	132	132	132	224	224	224	284	?	she	False	O	False	3	0	0	0
8447	201	4	193	0	she	True	?	7	148	148	148	240	136	136	136	136	?	she	False	O	False	3	0	0	0
8448	201	4	72	0	she	True	?	8	148	148	148	148	148	148	148	148	?	she	False	O	False	3	0	0	0
8450	201	4	204	0	she	True	?	11	184	184	184	184	128	128	128	128	?	she	False	O	False	3	0	0	0
8452	201	4	38	0	she	True	?	13	168	168	168	168	0	0	0	0	?	she	False	O	False	3	0	0	0
8453	201	4	108	0	she	True	?	14	168	168	168	168	204	204	204	204	?	she	False	O	False	3	0	0	0
8455	201	4	85	0	she	True	?	16	204	204	204	204	224	400	400	400	?	she	False	O	False	3	0	0	0
8456	201	4	11	0	she	True	?	17	204	204	204	204	268	268	268	268	?	she	False	O	False	3	0	0	0
8457	201	4	13	0	she	True	?	18	168	464	464	464	168	168	168	168	?	she	False	O	False	3	0	0	0
8458	201	4	179	0	she	True	?	19	208	208	384	1148	120	120	120	120	?	she	False	O	False	3	0	0	0
8460	201	4	135	0	she	True	?	21	120	120	120	120	204	204	204	204	?	she	False	O	False	3	0	0	0
8461	201	4	8	0	she	True	?	22	328	328	328	328	248	248	248	248	?	she	False	O	False	3	0	0	0
8463	201	4	48	0	she	True	?	24	276	276	276	276	136	136	136	136	?	she	False	O	False	3	0	0	0
8464	201	4	139	0	she	True	?	25	152	152	152	152	220	220	220	220	?	she	False	O	False	3	0	0	0
8465	201	4	58	0	she	True	?	27	208	208	208	208	136	136	136	136	?	she	False	O	False	3	0	0	0
8466	201	4	199	0	she	True	?	28	156	156	476	1232	164	164	164	164	?	she	False	O	False	3	0	0	0
8468	201	4	96	0	she	True	?	30	268	268	268	268	228	228	228	228	?	she	False	O	False	3	0	0	0
8470	201	4	32	0	she	True	?	32	200	200	200	200	232	232	232	232	?	she	False	O	False	3	0	0	0
8471	201	4	32	0	she	True	?	33	176	176	176	176	84	84	268	540	?	she	False	O	False	3	0	0	0
8472	201	4	61	0	she	True	?	34	236	236	236	236	180	180	180	180	?	she	False	O	False	3	0	0	0
8475	201	4	68	0	she	True	?	37	112	112	112	112	164	452	452	452	?	she	False	O	False	3	0	0	0
8481	201	4	82	0	she	True	?	43	116	116	116	116	172	172	172	172	?	she	False	O	False	3	0	0	0
8482	201	6	69	0	her	True	-2	1	220	220	220	220	148	148	148	148	-2	her	False	O	False	3	1	1	0
8483	201	6	77	0	her	True	-2	2	160	160	160	160	140	140	140	140	-2	her	False	O	False	3	1	1	0
8484	201	6	203	0	her	True	-2	3	164	300	300	300	144	144	144	144	-2	her	False	O	False	3	1	1	0
8486	201	6	150	0	her	True	-2	5	216	216	216	216	152	152	152	152	-2	her	False	O	False	3	1	1	0
8489	201	6	72	0	her	True	-2	8	156	156	156	156	132	132	132	132	-2	her	False	O	False	3	1	1	0
8490	201	6	13	0	her	True	-2	10	68	244	428	1196	116	116	116	116	-2	her	False	O	False	3	1	1	0
8491	201	6	204	0	her	True	-2	11	140	140	140	140	128	128	128	128	-2	her	False	O	False	3	1	1	0
8492	201	6	167	0	her	True	-2	12	128	128	128	128	228	228	228	228	-2	her	False	O	False	3	1	1	0
8493	201	6	38	0	her	True	-2	13	184	184	184	184	0	0	0	0	-2	her	False	O	False	3	1	1	0
8495	201	6	66	0	her	True	-2	15	148	148	336	540	0	0	0	0	-2	her	False	O	False	3	1	1	0
8496	201	6	85	0	her	True	-2	16	228	368	368	368	224	224	224	224	-2	her	False	O	False	3	1	1	0
8499	201	6	179	0	her	True	-2	19	192	192	192	192	84	84	84	84	-2	her	False	O	False	3	1	1	0
8502	201	6	8	0	her	True	-2	22	288	288	288	288	256	256	256	256	-2	her	False	O	False	3	1	1	0
8503	201	6	203	0	her	True	-2	23	164	164	164	164	324	324	324	324	-2	her	False	O	False	3	1	1	0
8505	201	6	139	0	her	True	-2	25	168	168	168	168	152	152	152	152	-2	her	False	O	False	3	1	1	0
8509	201	6	96	0	her	True	-2	30	264	264	264	264	208	208	208	208	-2	her	False	O	False	3	1	1	0
8511	201	6	32	0	her	True	-2	32	208	208	208	208	164	164	164	164	-2	her	False	O	False	3	1	1	0
8512	201	6	32	0	her	True	-2	33	280	280	280	280	100	100	100	100	-2	her	False	O	False	3	1	1	0
8514	201	6	73	0	her	True	-2	35	168	168	168	168	0	0	0	0	-2	her	False	O	False	3	1	1	0
8516	201	6	68	0	her	True	-2	37	96	96	96	96	132	316	316	316	-2	her	False	O	False	3	1	1	0
8518	201	6	102	0	her	True	-2	39	148	148	148	148	128	128	128	128	-2	her	False	O	False	3	1	1	0
8523	201	9	69	0	their	True	?	1	412	412	412	412	168	168	168	168	?	their	False	P	True	5	2	0	0
8524	201	9	77	0	their	True	?	2	144	144	144	144	216	320	320	432	?	their	False	P	True	5	2	0	0
8525	201	9	203	0	their	True	?	3	108	108	108	284	216	216	588	2496	?	their	False	P	True	5	2	0	0
8526	201	9	113	0	their	True	?	4	228	228	228	228	312	312	312	312	?	their	False	P	True	5	2	0	0
8527	201	9	150	0	their	True	?	5	192	192	192	192	388	388	388	704	?	their	False	P	True	5	2	0	0
8530	201	9	72	0	their	True	?	8	384	384	384	384	284	284	284	284	?	their	False	P	True	5	2	0	0
8531	201	9	13	0	their	True	?	10	212	324	324	324	0	0	0	0	?	their	False	P	True	5	2	0	0
8532	201	9	204	0	their	True	?	11	156	156	156	156	300	300	300	300	?	their	False	P	True	5	2	0	0
8533	201	9	167	0	their	True	?	12	152	152	152	152	348	348	348	348	?	their	False	P	True	5	2	0	0
8536	201	9	66	0	their	True	?	15	108	108	108	108	168	168	168	168	?	their	False	P	True	5	2	0	0
8537	201	9	85	0	their	True	?	16	224	412	412	412	176	332	332	332	?	their	False	P	True	5	2	0	0
8538	201	9	11	0	their	True	?	17	140	140	140	140	172	172	172	172	?	their	False	P	True	5	2	0	0
8539	201	9	13	0	their	True	?	18	256	256	256	256	0	0	0	0	?	their	False	P	True	5	2	0	0
8540	201	9	179	0	their	True	?	19	168	168	168	168	152	152	292	540	?	their	False	P	True	5	2	0	0
8541	201	9	148	0	their	True	?	20	216	216	216	216	212	212	212	212	?	their	False	P	True	5	2	0	0
8543	201	9	8	0	their	True	?	22	228	228	228	228	268	268	268	268	?	their	False	P	True	5	2	0	0
8544	201	9	203	0	their	True	?	23	272	272	272	272	468	468	468	3812	?	their	False	P	True	5	2	0	0
8545	201	9	48	0	their	True	?	24	188	188	576	752	0	0	0	0	?	their	False	P	True	5	2	0	0
8546	201	9	139	0	their	True	?	25	152	152	352	484	248	376	740	1560	?	their	False	P	True	5	2	0	0
8547	201	9	58	0	their	True	?	27	228	484	484	664	0	0	0	0	?	their	False	P	True	5	2	0	0
8550	201	9	96	0	their	True	?	30	224	224	388	632	336	336	336	664	?	their	False	P	True	5	2	0	0
8552	201	9	32	0	their	True	?	32	312	312	312	568	208	208	208	340	?	their	False	P	True	5	2	0	0
8553	201	9	32	0	their	True	?	33	244	244	244	244	160	160	392	2744	?	their	False	P	True	5	2	0	0
8554	201	9	61	0	their	True	?	34	284	284	284	284	156	284	284	1300	?	their	False	P	True	5	2	0	0
8555	201	9	73	0	their	True	?	35	188	188	188	188	188	188	188	188	?	their	False	P	True	5	2	0	0
8556	201	9	58	0	their	True	?	36	180	180	180	180	0	0	0	0	?	their	False	P	True	5	2	0	0
8557	201	9	68	0	their	True	?	37	164	164	164	164	68	284	284	284	?	their	False	P	True	5	2	0	0
8558	201	9	43	0	their	True	?	38	148	148	148	148	212	212	212	212	?	their	False	P	True	5	2	0	0
8560	201	9	110	0	their	True	?	40	156	156	156	156	140	140	140	140	?	their	False	P	True	5	2	0	0
8561	201	9	190	0	their	True	?	41	164	296	296	364	384	424	424	424	?	their	False	P	True	5	2	0	0
8563	201	9	82	0	their	True	?	43	108	108	108	108	228	344	344	344	?	their	False	P	True	5	2	0	0
8605	202	4	19	0	him	True	?	1	492	492	620	972	168	168	168	168	?	him	False	O	False	3	0	0	0
8606	202	4	93	0	him	True	?	2	160	160	160	344	0	0	0	0	?	him	False	O	False	3	0	0	0
8607	202	4	74	0	him	True	?	3	284	284	284	284	168	168	168	168	?	him	False	O	False	3	0	0	0
8612	202	4	201	0	him	True	?	8	168	168	168	168	112	112	112	112	?	him	False	O	False	3	0	0	0
8613	202	4	51	0	him	True	?	10	160	160	160	160	156	156	156	156	?	him	False	O	False	3	0	0	0
8614	202	4	69	0	him	True	?	11	168	168	168	168	144	144	144	144	?	him	False	O	False	3	0	0	0
8615	202	4	172	0	him	True	?	12	132	132	132	132	0	0	0	0	?	him	False	O	False	3	0	0	0
8616	202	4	191	0	him	True	?	13	208	208	208	208	260	260	260	260	?	him	False	O	False	3	0	0	0
8617	202	4	16	0	him	True	?	14	216	216	216	872	200	200	200	200	?	him	False	O	False	3	0	0	0
8619	202	4	130	0	him	True	?	16	164	164	164	164	284	284	284	284	?	him	False	O	False	3	0	0	0
8620	202	4	146	0	him	True	?	17	180	180	180	180	0	0	0	0	?	him	False	O	False	3	0	0	0
8622	202	4	49	0	him	True	?	19	180	180	180	180	140	140	140	140	?	him	False	O	False	3	0	0	0
8623	202	4	77	0	him	True	?	20	148	148	148	148	200	200	200	200	?	him	False	O	False	3	0	0	0
8624	202	4	99	0	him	True	?	21	204	204	204	204	0	0	0	0	?	him	False	O	False	3	0	0	0
8625	202	4	138	0	him	True	?	22	188	188	188	188	184	184	304	472	?	him	False	O	False	3	0	0	0
8626	202	4	151	0	him	True	?	23	284	284	284	284	180	180	180	180	?	him	False	O	False	3	0	0	0
8627	202	4	122	0	him	True	?	24	276	276	276	636	216	216	216	216	?	him	False	O	False	3	0	0	0
8630	202	4	39	0	him	True	?	28	160	520	520	520	372	372	372	372	?	him	False	O	False	3	0	0	0
8632	202	4	11	0	him	True	?	30	96	96	96	96	180	180	180	180	?	him	False	O	False	3	0	0	0
8634	202	4	188	0	him	True	?	32	192	192	192	192	0	0	0	0	?	him	False	O	False	3	0	0	0
8635	202	4	55	0	him	True	?	33	180	180	180	180	160	160	160	160	?	him	False	O	False	3	0	0	0
8636	202	4	147	0	him	True	?	34	176	176	176	176	0	0	0	0	?	him	False	O	False	3	0	0	0
8637	202	4	89	0	him	True	?	35	196	196	196	196	0	0	0	0	?	him	False	O	False	3	0	0	0
8639	202	4	140	0	him	True	?	37	196	196	196	196	116	116	116	116	?	him	False	O	False	3	0	0	0
8641	202	4	7	0	him	True	?	39	208	208	208	208	176	176	176	176	?	him	False	O	False	3	0	0	0
8645	202	4	100	0	him	True	?	43	168	168	168	168	192	192	192	192	?	him	False	O	False	3	0	0	0
8646	202	8	19	0	he	True	-4	1	196	196	196	196	288	288	288	568	-4	he	False	O	False	2	1	1	0
8647	202	8	93	0	he	True	-4	2	164	164	164	164	196	196	196	196	-4	he	False	O	False	2	1	1	0
8652	202	8	201	0	he	True	-4	7	144	144	144	144	0	0	0	0	-4	he	False	O	False	2	1	1	0
8656	202	8	172	0	he	True	-4	12	168	168	168	168	0	0	0	0	-4	he	False	O	False	2	1	1	0
8658	202	8	16	0	he	True	-4	14	160	160	160	160	300	300	300	300	-4	he	False	O	False	2	1	1	0
8662	202	8	9	0	he	True	-4	18	212	212	212	212	0	0	0	0	-4	he	False	O	False	2	1	1	0
8663	202	8	49	0	he	True	-4	19	164	164	164	164	116	116	116	116	-4	he	False	O	False	2	1	1	0
8665	202	8	99	0	he	True	-4	21	148	148	148	148	0	0	0	0	-4	he	False	O	False	2	1	1	0
8666	202	8	138	0	he	True	-4	22	188	188	188	188	248	248	248	248	-4	he	False	O	False	2	1	1	0
8667	202	8	151	0	he	True	-4	23	80	80	520	1096	212	212	212	212	-4	he	False	O	False	2	1	1	0
8670	202	8	61	0	he	True	-4	27	176	300	300	300	0	0	0	0	-4	he	False	O	False	2	1	1	0
8671	202	8	39	0	he	True	-4	28	184	184	184	184	376	492	492	492	-4	he	False	O	False	2	1	1	0
8673	202	8	11	0	he	True	-4	30	196	196	408	1940	124	124	124	124	-4	he	False	O	False	2	1	1	0
8675	202	8	188	0	he	True	-4	32	188	188	188	188	168	168	168	168	-4	he	False	O	False	2	1	1	0
8676	202	8	55	0	he	True	-4	33	148	148	148	148	180	180	180	180	-4	he	False	O	False	2	1	1	0
8680	202	8	140	0	he	True	-4	37	168	288	288	288	192	192	192	192	-4	he	False	O	False	2	1	1	0
8681	202	8	76	0	he	True	-4	38	196	196	196	196	176	176	176	176	-4	he	False	O	False	2	1	1	0
8683	202	8	101	0	he	True	-4	40	136	136	136	136	148	148	148	148	-4	he	False	O	False	2	1	1	0
8686	202	8	100	0	he	True	-4	43	196	196	196	196	0	0	0	0	-4	he	False	O	False	2	1	1	0
8728	209	4	70	0	his	True	-3	1	148	296	296	296	0	0	0	0	-3	his	False	P	False	3	1	1	0
8729	209	4	56	0	his	True	-3	2	132	132	132	132	136	136	136	136	-3	his	False	P	False	3	1	1	0
8730	209	4	183	0	his	True	-3	3	156	156	156	156	160	160	160	160	-3	his	False	P	False	3	1	1	0
8731	209	4	160	0	his	True	-3	4	160	160	160	160	160	160	160	160	-3	his	False	P	False	3	1	1	0
8734	209	4	172	0	his	True	-3	7	184	184	184	304	140	140	140	140	-3	his	False	P	False	3	1	1	0
8735	209	4	136	0	his	True	-3	8	140	140	140	140	0	0	0	0	-3	his	False	P	False	3	1	1	0
8736	209	4	43	0	his	True	-3	10	132	132	132	132	100	100	100	100	-3	his	False	P	False	3	1	1	0
8737	209	4	147	0	his	True	-3	11	224	224	224	224	132	132	132	132	-3	his	False	P	False	3	1	1	0
8739	209	4	171	0	his	True	-3	13	264	264	264	264	0	0	0	0	-3	his	False	P	False	3	1	1	0
8742	209	4	21	0	his	True	-3	16	184	316	316	316	0	0	0	0	-3	his	False	P	False	3	1	1	0
8743	209	4	1	0	his	True	-3	17	164	164	164	164	180	180	180	180	-3	his	False	P	False	3	1	1	0
8745	209	4	47	0	his	True	-3	19	172	172	172	172	504	504	504	504	-3	his	False	P	False	3	1	1	0
8747	209	4	45	0	his	True	-3	21	84	84	384	584	152	152	152	152	-3	his	False	P	False	3	1	1	0
8748	209	4	96	0	his	True	-3	22	220	428	428	428	0	0	0	0	-3	his	False	P	False	3	1	1	0
8749	209	4	113	0	his	True	-3	23	172	172	172	172	288	356	356	356	-3	his	False	P	False	3	1	1	0
8751	209	4	122	0	his	True	-3	25	148	148	276	656	192	192	192	192	-3	his	False	P	False	3	1	1	0
8752	209	4	170	0	his	True	-3	27	208	372	372	372	0	0	0	0	-3	his	False	P	False	3	1	1	0
8753	209	4	156	0	his	True	-3	28	164	300	300	300	0	0	0	0	-3	his	False	P	False	3	1	1	0
8754	209	4	202	0	his	True	-3	29	176	176	176	176	140	140	140	140	-3	his	False	P	False	3	1	1	0
8755	209	4	194	0	his	True	-3	30	156	156	156	156	0	0	0	0	-3	his	False	P	False	3	1	1	0
8756	209	4	107	0	his	True	-3	31	144	144	144	144	0	0	0	0	-3	his	False	P	False	3	1	1	0
8757	209	4	94	0	his	True	-3	32	152	152	152	152	168	168	168	168	-3	his	False	P	False	3	1	1	0
8758	209	4	104	0	his	True	-3	33	184	184	184	184	200	200	200	200	-3	his	False	P	False	3	1	1	0
8762	209	4	45	0	his	True	-3	37	128	128	128	128	192	192	192	192	-3	his	False	P	False	3	1	1	0
8765	209	4	34	0	his	True	-3	40	188	188	188	188	116	116	116	116	-3	his	False	P	False	3	1	1	0
8768	209	4	13	0	his	True	-3	43	144	144	144	144	100	100	100	100	-3	his	False	P	False	3	1	1	0
8851	210	3	99	0	his	True	-2	1	120	120	120	120	140	252	396	640	-2	his	False	P	False	3	1	1	0
8852	210	3	86	0	his	True	-2	2	48	220	220	220	52	52	192	676	-2	his	False	P	False	3	1	1	0
8853	210	3	138	0	his	True	-2	3	140	140	140	140	160	160	160	160	-2	his	False	P	False	3	1	1	0
8854	210	3	46	0	his	True	-2	4	124	124	124	124	156	156	156	156	-2	his	False	P	False	3	1	1	0
8857	210	3	149	0	his	True	-2	7	216	216	216	216	156	156	156	156	-2	his	False	P	False	3	1	1	0
8858	210	3	69	0	his	True	-2	8	276	276	276	276	212	212	212	556	-2	his	False	P	False	3	1	1	0
8859	210	3	59	0	his	True	-2	10	124	124	124	124	176	176	176	176	-2	his	False	P	False	3	1	1	0
8860	210	3	144	0	his	True	-2	11	144	144	144	144	172	172	172	172	-2	his	False	P	False	3	1	1	0
8861	210	3	95	0	his	True	-2	12	224	224	224	224	88	88	88	144	-2	his	False	P	False	3	1	1	0
8862	210	3	59	0	his	True	-2	13	208	208	208	208	132	132	132	384	-2	his	False	P	False	3	1	1	0
8863	210	3	88	0	his	True	-2	14	152	152	152	152	216	316	316	516	-2	his	False	P	False	3	1	1	0
8865	210	3	133	0	his	True	-2	16	216	428	428	428	132	132	132	132	-2	his	False	P	False	3	1	1	0
8866	210	3	163	0	his	True	-2	17	316	316	316	316	0	0	0	0	-2	his	False	P	False	3	1	1	0
8868	210	3	123	0	his	True	-2	19	184	184	184	184	208	208	208	408	-2	his	False	P	False	3	1	1	0
8869	210	3	174	0	his	True	-2	20	220	220	220	220	188	188	188	364	-2	his	False	P	False	3	1	1	0
8871	210	3	192	0	his	True	-2	22	168	168	168	168	196	196	196	196	-2	his	False	P	False	3	1	1	0
8872	210	3	37	0	his	True	-2	23	240	240	240	240	268	268	268	268	-2	his	False	P	False	3	1	1	0
8873	210	3	41	0	his	True	-2	24	248	248	480	648	124	124	124	392	-2	his	False	P	False	3	1	1	0
8874	210	3	61	0	his	True	-2	25	252	328	328	328	0	0	0	0	-2	his	False	P	False	3	1	1	0
8875	210	3	176	0	his	True	-2	27	300	300	300	300	260	260	260	260	-2	his	False	P	False	3	1	1	0
8876	210	3	111	0	his	True	-2	28	248	248	248	248	204	204	204	204	-2	his	False	P	False	3	1	1	0
8878	210	3	182	0	his	True	-2	30	332	332	332	332	156	156	380	744	-2	his	False	P	False	3	1	1	0
8879	210	3	49	0	his	True	-2	31	204	204	204	204	0	0	0	0	-2	his	False	P	False	3	1	1	0
8880	210	3	173	0	his	True	-2	32	164	164	164	164	180	180	180	180	-2	his	False	P	False	3	1	1	0
8881	210	3	125	0	his	True	-2	33	172	172	172	172	152	152	152	152	-2	his	False	P	False	3	1	1	0
8882	210	3	54	0	his	True	-2	34	212	212	212	212	260	260	516	744	-2	his	False	P	False	3	1	1	0
8885	210	3	76	0	his	True	-2	37	184	184	184	184	172	172	172	312	-2	his	False	P	False	3	1	1	0
8887	210	3	50	0	his	True	-2	39	164	164	164	164	248	384	384	384	-2	his	False	P	False	3	1	1	0
8890	210	3	115	0	his	True	-2	42	320	320	320	320	360	360	360	360	-2	his	False	P	False	3	1	1	0
8891	210	3	168	0	his	True	-2	43	132	132	132	132	0	0	0	0	-2	his	False	P	False	3	1	1	0
8892	210	11	99	0	his	True	-8	1	156	156	156	156	224	352	352	352	-8	his	False	P	False	3	2	1	0
8893	210	11	86	0	his	True	-8	2	156	156	156	156	112	112	112	112	-8	his	False	P	False	3	2	1	0
8899	210	11	69	0	his	True	-8	8	236	236	236	236	116	116	256	512	-8	his	False	P	False	3	2	1	0
8900	210	11	59	0	his	True	-8	10	148	148	148	148	128	128	128	128	-8	his	False	P	False	3	2	1	0
8902	210	11	95	0	his	True	-8	12	292	292	292	292	140	140	140	140	-8	his	False	P	False	3	2	1	0
8906	210	11	133	0	his	True	-8	16	204	204	204	204	180	320	320	320	-8	his	False	P	False	3	2	1	0
8909	210	11	123	0	his	True	-8	19	176	176	176	176	264	264	264	264	-8	his	False	P	False	3	2	1	0
8910	210	11	174	0	his	True	-8	20	188	188	188	188	0	0	0	0	-8	his	False	P	False	3	2	1	0
8911	210	11	180	0	his	True	-8	21	200	260	260	260	0	0	0	0	-8	his	False	P	False	3	2	1	0
8913	210	11	37	0	his	True	-8	23	316	316	316	316	360	360	360	360	-8	his	False	P	False	3	2	1	0
8917	210	11	111	0	his	True	-8	28	384	384	384	384	236	236	236	236	-8	his	False	P	False	3	2	1	0
8919	210	11	182	0	his	True	-8	30	248	248	248	248	176	176	176	176	-8	his	False	P	False	3	2	1	0
8920	210	11	49	0	his	True	-8	31	172	172	172	256	0	0	0	0	-8	his	False	P	False	3	2	1	0
8922	210	11	125	0	his	True	-8	33	252	252	252	252	180	180	180	180	-8	his	False	P	False	3	2	1	0
8923	210	11	54	0	his	True	-8	34	176	176	176	176	0	0	0	0	-8	his	False	P	False	3	2	1	0
8924	210	11	130	0	his	True	-8	35	152	152	152	152	0	0	0	0	-8	his	False	P	False	3	2	1	0
8925	210	11	161	0	his	True	-8	36	100	100	100	100	0	0	0	0	-8	his	False	P	False	3	2	1	0
8926	210	11	76	0	his	True	-8	37	148	148	148	148	264	264	264	264	-8	his	False	P	False	3	2	1	0
8931	210	11	115	0	his	True	-8	42	184	184	184	280	220	220	220	220	-8	his	False	P	False	3	2	1	0
8932	210	11	168	0	his	True	-8	43	132	132	132	132	0	0	0	0	-8	his	False	P	False	3	2	1	0
8976	221	3	152	0	his	False	-2	3	328	328	328	328	0	0	0	0	-2	his	False	P	False	3	0	1	0
8977	221	3	93	0	his	False	-2	4	180	180	180	180	0	0	0	0	-2	his	False	P	False	3	0	1	0
8978	221	3	47	0	his	False	-2	5	248	248	248	248	0	0	0	0	-2	his	False	P	False	3	0	1	0
8979	221	3	176	0	his	False	-2	6	124	124	124	124	116	116	116	116	-2	his	False	P	False	3	0	1	0
8981	221	3	37	0	his	False	-2	8	168	168	168	168	0	0	0	0	-2	his	False	P	False	3	0	1	0
8982	221	3	65	0	his	False	-2	10	176	176	176	176	80	80	80	80	-2	his	False	P	False	3	0	1	0
8985	221	3	76	0	his	False	-2	13	100	100	100	100	0	0	0	0	-2	his	False	P	False	3	0	1	0
8986	221	3	146	0	his	False	-2	14	164	496	496	692	104	104	104	104	-2	his	False	P	False	3	0	1	0
8988	221	3	30	0	his	False	-2	16	216	216	216	216	164	164	164	164	-2	his	False	P	False	3	0	1	0
8993	221	3	85	0	his	False	-2	21	132	132	132	132	136	136	136	136	-2	his	False	P	False	3	0	1	0
8994	221	3	18	0	his	False	-2	22	116	116	116	696	208	208	208	376	-2	his	False	P	False	3	0	1	0
8995	221	3	49	0	his	False	-2	23	96	220	220	220	320	320	320	320	-2	his	False	P	False	3	0	1	0
8996	221	3	169	0	his	False	-2	24	172	172	172	172	168	168	168	168	-2	his	False	P	False	3	0	1	0
8997	221	3	177	0	his	False	-2	25	132	132	132	132	204	204	204	204	-2	his	False	P	False	3	0	1	0
8999	221	3	175	0	his	False	-2	28	260	260	260	260	152	152	152	152	-2	his	False	P	False	3	0	1	0
9001	221	3	36	0	his	False	-2	30	228	228	228	228	60	60	60	60	-2	his	False	P	False	3	0	1	0
9003	221	3	117	0	his	False	-2	32	212	328	328	328	0	0	0	0	-2	his	False	P	False	3	0	1	0
9004	221	3	49	0	his	False	-2	33	164	340	340	340	152	152	152	152	-2	his	False	P	False	3	0	1	0
9006	221	3	46	0	his	False	-2	35	180	180	180	180	188	188	188	188	-2	his	False	P	False	3	0	1	0
9008	221	3	105	0	his	False	-2	37	128	128	128	128	144	144	144	144	-2	his	False	P	False	3	0	1	0
9010	221	3	170	0	his	False	-2	39	228	228	228	344	0	0	0	0	-2	his	False	P	False	3	0	1	0
9014	221	3	45	0	his	False	-2	43	88	88	88	88	128	128	128	128	-2	his	False	P	False	3	0	1	0
9015	227	5	170	0	her	True	?	1	324	324	324	324	320	320	320	320	?	her	False	O	False	3	0	0	0
9016	227	5	88	0	her	True	?	2	224	224	224	296	180	180	180	180	?	her	False	O	False	3	0	0	0
9017	227	5	56	0	her	True	?	3	132	132	132	332	184	184	184	184	?	her	False	O	False	3	0	0	0
9019	227	5	6	0	her	True	?	5	236	236	236	236	160	160	160	160	?	her	False	O	False	3	0	0	0
9021	227	5	36	0	her	True	?	7	144	144	144	144	0	0	0	0	?	her	False	O	False	3	0	0	0
9022	227	5	172	0	her	True	?	8	376	376	376	376	184	184	184	184	?	her	False	O	False	3	0	0	0
9023	227	5	152	0	her	True	?	10	148	148	148	148	156	156	156	156	?	her	False	O	False	3	0	0	0
9024	227	5	164	0	her	True	?	11	176	176	176	176	168	168	168	168	?	her	False	O	False	3	0	0	0
9025	227	5	102	0	her	True	?	12	256	256	256	256	164	164	164	164	?	her	False	O	False	3	0	0	0
9029	227	5	29	0	her	True	?	16	220	220	220	220	248	308	308	464	?	her	False	O	False	3	0	0	0
9030	227	5	64	0	her	True	?	17	180	180	180	180	168	168	168	168	?	her	False	O	False	3	0	0	0
9031	227	5	27	0	her	True	?	18	168	168	168	168	0	0	0	0	?	her	False	O	False	3	0	0	0
9032	227	5	29	0	her	True	?	19	280	456	456	456	0	0	0	0	?	her	False	O	False	3	0	0	0
9033	227	5	188	0	her	True	?	20	212	356	356	356	0	0	0	0	?	her	False	O	False	3	0	0	0
9035	227	5	93	0	her	True	?	22	344	344	344	344	0	0	0	0	?	her	False	O	False	3	0	0	0
9036	227	5	18	0	her	True	?	23	164	408	576	748	192	192	192	192	?	her	False	O	False	3	0	0	0
9037	227	5	171	0	her	True	?	24	268	268	268	268	268	268	268	268	?	her	False	O	False	3	0	0	0
9038	227	5	141	0	her	True	?	25	196	392	392	392	0	0	0	0	?	her	False	O	False	3	0	0	0
9039	227	5	65	0	her	True	?	27	240	240	240	240	164	504	504	504	?	her	False	O	False	3	0	0	0
9040	227	5	70	0	her	True	?	28	192	384	384	384	360	360	360	360	?	her	False	O	False	3	0	0	0
9042	227	5	138	0	her	True	?	30	220	220	220	220	312	312	312	312	?	her	False	O	False	3	0	0	0
9044	227	5	87	0	her	True	?	32	344	344	344	344	192	192	192	192	?	her	False	O	False	3	0	0	0
9045	227	5	33	0	her	True	?	33	224	224	444	816	204	204	204	204	?	her	False	O	False	3	0	0	0
9046	227	5	188	0	her	True	?	34	176	176	176	176	180	180	180	356	?	her	False	O	False	3	0	0	0
9047	227	5	157	0	her	True	?	35	192	192	192	192	156	156	156	156	?	her	False	O	False	3	0	0	0
9048	227	5	12	0	her	True	?	36	200	200	200	200	0	0	0	0	?	her	False	O	False	3	0	0	0
9049	227	5	57	0	her	True	?	37	204	204	204	204	144	628	628	628	?	her	False	O	False	3	0	0	0
9050	227	5	200	0	her	True	?	38	260	260	260	260	0	0	0	0	?	her	False	O	False	3	0	0	0
9052	227	5	64	0	her	True	?	40	180	300	300	300	156	156	156	156	?	her	False	O	False	3	0	0	0
9055	227	5	40	0	her	True	?	43	168	288	288	288	220	220	220	220	?	her	False	O	False	3	0	0	0
9056	227	13	170	0	his	True	-11	1	456	456	456	456	508	508	508	508	-11	his	False	P	False	3	1	1	0
9057	227	13	88	0	his	True	-11	2	236	236	236	236	136	136	136	256	-11	his	False	P	False	3	1	1	0
9058	227	13	56	0	his	True	-11	3	208	364	364	364	256	256	256	340	-11	his	False	P	False	3	1	1	0
9061	227	13	180	0	his	True	-11	6	204	204	204	560	0	0	0	0	-11	his	False	P	False	3	1	1	0
9062	227	13	36	0	his	True	-11	7	148	148	500	1420	0	0	0	0	-11	his	False	P	False	3	1	1	0
9063	227	13	172	0	his	True	-11	8	184	184	184	184	0	0	0	0	-11	his	False	P	False	3	1	1	0
9064	227	13	152	0	his	True	-11	10	324	324	324	324	232	232	232	1540	-11	his	False	P	False	3	1	1	0
9065	227	13	164	0	his	True	-11	11	172	304	304	304	376	720	720	720	-11	his	False	P	False	3	1	1	0
9066	227	13	102	0	his	True	-11	12	268	268	268	1188	176	176	176	276	-11	his	False	P	False	3	1	1	0
9067	227	13	82	0	his	True	-11	13	256	256	256	256	776	776	776	776	-11	his	False	P	False	3	1	1	0
9069	227	13	54	0	his	True	-11	15	236	236	596	1256	0	0	0	0	-11	his	False	P	False	3	1	1	0
9070	227	13	29	0	his	True	-11	16	220	220	220	220	268	336	336	672	-11	his	False	P	False	3	1	1	0
9072	227	13	27	0	his	True	-11	18	320	320	320	320	0	0	0	0	-11	his	False	P	False	3	1	1	0
9074	227	13	188	0	his	True	-11	20	284	284	284	284	136	136	384	1160	-11	his	False	P	False	3	1	1	0
9076	227	13	93	0	his	True	-11	22	288	288	288	288	0	0	0	0	-11	his	False	P	False	3	1	1	0
9080	227	13	65	0	his	True	-11	27	416	416	416	416	0	0	0	0	-11	his	False	P	False	3	1	1	0
9081	227	13	70	0	his	True	-11	28	476	824	824	824	328	328	328	540	-11	his	False	P	False	3	1	1	0
9083	227	13	138	0	his	True	-11	30	124	124	124	124	368	368	928	1684	-11	his	False	P	False	3	1	1	0
9084	227	13	19	0	his	True	-11	31	120	120	120	120	0	0	0	0	-11	his	False	P	False	3	1	1	0
9085	227	13	87	0	his	True	-11	32	236	236	236	236	0	0	0	0	-11	his	False	P	False	3	1	1	0
9086	227	13	33	0	his	True	-11	33	96	96	360	612	164	164	480	3376	-11	his	False	P	False	3	1	1	0
9089	227	13	12	0	his	True	-11	36	216	216	216	216	164	164	164	436	-11	his	False	P	False	3	1	1	0
9090	227	13	57	0	his	True	-11	37	124	124	124	124	284	284	284	676	-11	his	False	P	False	3	1	1	0
9092	227	13	13	0	his	True	-11	39	152	152	152	152	152	152	152	428	-11	his	False	P	False	3	1	1	0
9093	227	13	64	0	his	True	-11	40	148	268	268	268	96	96	96	1392	-11	his	False	P	False	3	1	1	0
9094	227	13	140	0	his	True	-11	41	216	216	216	216	164	164	164	256	-11	his	False	P	False	3	1	1	0
9096	227	13	40	0	his	True	-11	43	192	404	404	404	148	148	148	148	-11	his	False	P	False	3	1	1	0
9138	228	3	162	0	he	True	?	1	188	188	188	188	216	216	216	368	?	he	False	O	False	2	1	0	0
9139	228	3	50	0	he	True	?	2	168	168	168	168	0	0	0	0	?	he	False	O	False	2	1	0	0
9140	228	3	80	0	he	True	?	3	168	168	168	168	208	524	524	524	?	he	False	O	False	2	1	0	0
9144	228	3	34	0	he	True	?	7	96	96	96	96	0	0	0	0	?	he	False	O	False	2	1	0	0
9147	228	3	28	0	he	True	?	11	164	164	164	164	132	132	132	132	?	he	False	O	False	2	1	0	0
9153	228	3	153	0	he	True	?	17	336	336	336	336	160	160	160	160	?	he	False	O	False	2	1	0	0
9156	228	3	113	0	he	True	?	20	144	144	144	144	0	0	0	0	?	he	False	O	False	2	1	0	0
9159	228	3	3	0	he	True	?	23	164	164	164	164	328	328	328	328	?	he	False	O	False	2	1	0	0
9161	228	3	124	0	he	True	?	25	284	284	284	284	180	180	316	860	?	he	False	O	False	2	1	0	0
9165	228	3	75	0	he	True	?	30	288	288	288	288	140	140	140	140	?	he	False	O	False	2	1	0	0
9168	228	3	184	0	he	True	?	33	188	252	252	496	232	232	232	232	?	he	False	O	False	2	1	0	0
9170	228	3	118	0	he	True	?	35	164	164	164	164	0	0	0	0	?	he	False	O	False	2	1	0	0
9172	228	3	54	0	he	True	?	37	116	116	116	116	160	160	160	160	?	he	False	O	False	2	1	0	0
9173	228	3	183	0	he	True	?	38	132	132	132	132	0	0	0	0	?	he	False	O	False	2	1	0	0
9177	228	3	91	0	he	True	?	42	296	296	296	296	132	132	132	132	?	he	False	O	False	2	1	0	0
9178	228	3	95	0	he	True	?	43	212	212	212	212	200	200	200	200	?	he	False	O	False	2	1	0	0
9220	230	5	101	0	his	True	-4	1	248	248	248	248	224	224	448	608	-4	his	False	P	False	3	1	1	0
9222	230	5	47	0	his	True	-4	3	164	164	164	324	208	208	208	208	-4	his	False	P	False	3	1	1	0
9223	230	5	7	0	his	True	-4	4	276	276	276	276	200	200	200	200	-4	his	False	P	False	3	1	1	0
9224	230	5	174	0	his	True	-4	5	312	312	312	312	200	200	200	200	-4	his	False	P	False	3	1	1	0
9227	230	5	141	0	his	True	-4	8	196	196	196	196	252	252	252	252	-4	his	False	P	False	3	1	1	0
9229	230	5	50	0	his	True	-4	11	128	128	128	128	276	276	276	276	-4	his	False	P	False	3	1	1	0
9232	230	5	200	0	his	True	-4	14	340	612	612	612	200	464	464	464	-4	his	False	P	False	3	1	1	0
9233	230	5	195	0	his	True	-4	15	164	164	164	164	120	120	120	120	-4	his	False	P	False	3	1	1	0
9234	230	5	157	0	his	True	-4	16	152	152	152	152	196	196	196	196	-4	his	False	P	False	3	1	1	0
9235	230	5	21	0	his	True	-4	17	144	144	144	144	132	132	132	132	-4	his	False	P	False	3	1	1	0
9236	230	5	24	0	his	True	-4	18	300	300	300	300	0	0	0	0	-4	his	False	P	False	3	1	1	0
9237	230	5	188	0	his	True	-4	19	152	152	152	152	204	204	204	204	-4	his	False	P	False	3	1	1	0
9238	230	5	33	0	his	True	-4	20	100	100	100	100	144	144	144	728	-4	his	False	P	False	3	1	1	0
9239	230	5	125	0	his	True	-4	21	140	140	140	140	232	232	232	232	-4	his	False	P	False	3	1	1	0
9240	230	5	95	0	his	True	-4	22	184	184	184	184	336	336	336	336	-4	his	False	P	False	3	1	1	0
9241	230	5	156	0	his	True	-4	23	176	176	176	176	340	512	512	512	-4	his	False	P	False	3	1	1	0
9242	230	5	107	0	his	True	-4	24	156	156	156	156	148	148	148	348	-4	his	False	P	False	3	1	1	0
9243	230	5	170	0	his	True	-4	25	216	216	216	216	212	212	212	212	-4	his	False	P	False	3	1	1	0
9244	230	5	52	0	his	True	-4	27	260	260	260	260	172	372	372	372	-4	his	False	P	False	3	1	1	0
9245	230	5	160	0	his	True	-4	28	328	328	328	328	232	232	232	232	-4	his	False	P	False	3	1	1	0
9246	230	5	17	0	his	True	-4	29	100	100	100	100	124	124	344	932	-4	his	False	P	False	3	1	1	0
9247	230	5	177	0	his	True	-4	30	188	188	188	188	164	280	280	280	-4	his	False	P	False	3	1	1	0
9249	230	5	83	0	his	True	-4	32	132	132	132	132	228	228	228	228	-4	his	False	P	False	3	1	1	0
9250	230	5	181	0	his	True	-4	33	168	168	168	168	88	88	88	88	-4	his	False	P	False	3	1	1	0
9251	230	5	75	0	his	True	-4	34	164	164	164	164	216	216	216	216	-4	his	False	P	False	3	1	1	0
9252	230	5	128	0	his	True	-4	35	200	200	200	200	192	192	192	192	-4	his	False	P	False	3	1	1	0
9256	230	5	2	0	his	True	-4	39	108	108	108	108	36	36	36	36	-4	his	False	P	False	3	1	1	0
9259	230	5	9	0	his	True	-4	42	220	220	220	220	132	132	196	348	-4	his	False	P	False	3	1	1	0
9260	230	5	158	0	his	True	-4	43	232	232	232	232	232	232	232	232	-4	his	False	P	False	3	1	1	0
9262	230	8	102	0	he	True	-3	2	156	156	156	156	188	188	188	188	-3	he	False	O	False	2	2	1	0
9264	230	8	7	0	he	True	-3	4	244	244	244	244	288	288	288	288	-3	he	False	O	False	2	2	1	0
9265	230	8	174	0	he	True	-3	5	364	364	672	1320	220	220	220	220	-3	he	False	O	False	2	2	1	0
9267	230	8	54	0	he	True	-3	7	148	148	148	148	96	96	96	96	-3	he	False	O	False	2	2	1	0
9276	230	8	21	0	he	True	-3	17	168	168	168	168	176	176	176	176	-3	he	False	O	False	2	2	1	0
9277	230	8	24	0	he	True	-3	18	200	200	200	200	156	156	156	156	-3	he	False	O	False	2	2	1	0
9278	230	8	188	0	he	True	-3	19	84	84	84	84	184	184	184	184	-3	he	False	O	False	2	2	1	0
9282	230	8	156	0	he	True	-3	23	180	180	180	180	168	440	440	440	-3	he	False	O	False	2	2	1	0
9284	230	8	170	0	he	True	-3	25	140	140	140	404	164	404	404	404	-3	he	False	O	False	2	2	1	0
9286	230	8	160	0	he	True	-3	28	140	140	140	432	180	180	180	180	-3	he	False	O	False	2	2	1	0
9287	230	8	17	0	he	True	-3	29	192	192	192	192	200	200	200	200	-3	he	False	O	False	2	2	1	0
9288	230	8	177	0	he	True	-3	30	248	248	248	248	120	120	120	120	-3	he	False	O	False	2	2	1	0
9293	230	8	128	0	he	True	-3	35	192	192	192	192	168	168	168	168	-3	he	False	O	False	2	2	1	0
9296	230	8	186	0	he	True	-3	38	176	176	176	176	252	252	252	252	-3	he	False	O	False	2	2	1	0
9298	230	8	191	0	he	True	-3	40	152	152	152	152	148	148	148	368	-3	he	False	O	False	2	2	1	0
9299	230	8	112	0	he	True	-3	41	172	172	172	172	0	0	0	0	-3	he	False	O	False	2	2	1	0
9300	230	8	9	0	he	True	-3	42	220	220	220	220	164	164	164	164	-3	he	False	O	False	2	2	1	0
9306	230	10	174	0	his	True	-2	5	228	228	228	228	432	432	432	432	-2	his	False	P	False	3	3	1	0
9307	230	10	105	0	his	True	-2	6	204	204	204	292	0	0	0	0	-2	his	False	P	False	3	3	1	0
9309	230	10	141	0	his	True	-2	8	244	244	244	388	252	252	252	252	-2	his	False	P	False	3	3	1	0
9310	230	10	118	0	his	True	-2	10	260	260	260	260	128	128	128	128	-2	his	False	P	False	3	3	1	0
9311	230	10	50	0	his	True	-2	11	204	204	204	204	0	0	0	0	-2	his	False	P	False	3	3	1	0
9313	230	10	88	0	his	True	-2	13	248	248	248	248	0	0	0	0	-2	his	False	P	False	3	3	1	0
9316	230	10	157	0	his	True	-2	16	164	164	164	164	152	152	152	152	-2	his	False	P	False	3	3	1	0
9320	230	10	33	0	his	True	-2	20	160	160	160	160	0	0	0	0	-2	his	False	P	False	3	3	1	0
9326	230	10	52	0	his	True	-2	27	216	364	364	364	148	148	148	148	-2	his	False	P	False	3	3	1	0
9327	230	10	160	0	his	True	-2	28	156	156	156	156	192	344	344	344	-2	his	False	P	False	3	3	1	0
9330	230	10	124	0	his	True	-2	31	164	164	164	164	0	0	0	0	-2	his	False	P	False	3	3	1	0
9333	230	10	75	0	his	True	-2	34	152	152	152	152	0	0	0	0	-2	his	False	P	False	3	3	1	0
9336	230	10	77	0	his	True	-2	37	216	216	216	288	176	176	176	176	-2	his	False	P	False	3	3	1	0
9340	230	10	112	0	his	True	-2	41	160	160	160	160	240	240	240	240	-2	his	False	P	False	3	3	1	0
9342	230	10	158	0	his	True	-2	43	128	128	128	128	168	168	168	168	-2	his	False	P	False	3	3	1	0
9430	235	9	163	0	us	True	?	7	140	140	140	304	0	0	0	0	?	us	False	O	False	2	1	0	0
9437	235	9	128	0	us	True	?	15	52	52	52	52	0	0	0	0	?	us	False	O	False	2	1	0	0
9438	235	9	58	0	us	True	?	16	192	192	192	192	184	184	184	184	?	us	False	O	False	2	1	0	0
9440	235	9	52	0	us	True	?	19	108	108	108	108	164	428	428	428	?	us	False	O	False	2	1	0	0
9442	235	9	95	0	us	True	?	21	140	140	140	140	0	0	0	0	?	us	False	O	False	2	1	0	0
9444	235	9	117	0	us	True	?	23	200	200	200	200	200	200	200	200	?	us	False	O	False	2	1	0	0
9448	235	9	83	0	us	True	?	28	180	180	180	180	0	0	0	0	?	us	False	O	False	2	1	0	0
9449	235	9	189	0	us	True	?	29	192	192	192	192	0	0	0	0	?	us	False	O	False	2	1	0	0
9450	235	9	192	0	us	True	?	30	76	76	76	76	0	0	0	0	?	us	False	O	False	2	1	0	0
9456	235	9	43	0	us	True	?	36	144	144	144	144	0	0	0	0	?	us	False	O	False	2	1	0	0
9506	241	10	66	0	this	True	?	2	208	208	208	208	136	136	136	136	?	this	False	O	False	4	1	0	0
9507	241	10	22	0	this	True	?	3	192	192	192	192	140	300	300	300	?	this	False	O	False	4	1	0	0
9508	241	10	161	0	this	True	?	4	212	212	212	212	0	0	0	0	?	this	False	O	False	4	1	0	0
9509	241	10	50	0	this	True	?	5	240	240	240	240	184	184	184	184	?	this	False	O	False	4	1	0	0
9514	241	10	20	0	this	True	?	10	64	64	64	64	92	92	92	92	?	this	False	O	False	4	1	0	0
9520	241	10	170	0	this	True	?	16	148	148	148	148	148	148	148	148	?	this	False	O	False	4	1	0	0
9522	241	10	40	0	this	True	?	19	156	156	156	156	168	168	168	168	?	this	False	O	False	4	1	0	0
9526	241	10	190	0	this	True	?	23	220	220	220	220	228	228	228	228	?	this	False	O	False	4	1	0	0
9527	241	10	140	0	this	True	?	24	208	208	208	208	168	168	168	168	?	this	False	O	False	4	1	0	0
9528	241	10	42	0	this	True	?	25	120	120	120	120	220	220	220	220	?	this	False	O	False	4	1	0	0
9529	241	10	203	0	this	True	?	27	212	212	212	212	0	0	0	0	?	this	False	O	False	4	1	0	0
9532	241	10	88	0	this	True	?	30	104	104	104	104	228	228	228	228	?	this	False	O	False	4	1	0	0
9534	241	10	171	0	this	True	?	32	220	220	220	220	164	164	164	164	?	this	False	O	False	4	1	0	0
9535	241	10	72	0	this	True	?	33	188	188	188	188	136	136	136	136	?	this	False	O	False	4	1	0	0
9536	241	10	21	0	this	True	?	34	140	140	140	140	0	0	0	0	?	this	False	O	False	4	1	0	0
9537	241	10	131	0	this	True	?	35	188	188	188	188	136	136	136	136	?	this	False	O	False	4	1	0	0
9539	241	10	171	0	this	True	?	37	192	192	192	192	124	124	124	124	?	this	False	O	False	4	1	0	0
9543	241	10	88	0	this	True	?	41	220	220	220	220	0	0	0	0	?	this	False	O	False	4	1	0	0
9545	241	10	175	0	this	True	?	43	156	156	156	156	192	192	192	192	?	this	False	O	False	4	1	0	0
9548	246	11	108	0	it	False	-9	3	192	316	316	316	176	176	176	176	-9	it	False	O	False	2	0	1	0
9549	246	11	127	0	it	False	-9	4	176	176	176	176	176	176	176	176	-9	it	False	O	False	2	0	1	0
9550	246	11	30	0	it	False	-9	5	200	200	200	200	0	0	0	0	-9	it	False	O	False	2	0	1	0
9552	246	11	157	0	it	False	-9	7	208	208	208	208	0	0	0	0	-9	it	False	O	False	2	0	1	0
9553	246	11	118	0	it	False	-9	8	244	244	244	244	136	136	136	136	-9	it	False	O	False	2	0	1	0
9554	246	11	2	0	it	False	-9	10	136	136	136	136	108	108	108	108	-9	it	False	O	False	2	0	1	0
9555	246	11	165	0	it	False	-9	11	148	148	148	148	156	156	156	156	-9	it	False	O	False	2	0	1	0
9557	246	11	192	0	it	False	-9	13	204	204	204	204	0	0	0	0	-9	it	False	O	False	2	0	1	0
9558	246	11	49	0	it	False	-9	14	192	192	192	192	212	212	212	212	-9	it	False	O	False	2	0	1	0
9565	246	11	113	0	it	False	-9	21	212	376	376	376	124	124	124	124	-9	it	False	O	False	2	0	1	0
9566	246	11	58	0	it	False	-9	22	176	176	176	176	276	276	276	276	-9	it	False	O	False	2	0	1	0
9568	246	11	116	0	it	False	-9	24	216	216	216	216	164	164	164	164	-9	it	False	O	False	2	0	1	0
9569	246	11	183	0	it	False	-9	25	200	200	200	200	0	0	0	0	-9	it	False	O	False	2	0	1	0
9571	246	11	116	0	it	False	-9	28	316	316	316	316	200	200	200	200	-9	it	False	O	False	2	0	1	0
9572	246	11	185	0	it	False	-9	29	180	180	180	180	216	216	216	216	-9	it	False	O	False	2	0	1	0
9573	246	11	72	0	it	False	-9	30	160	160	160	160	168	168	168	168	-9	it	False	O	False	2	0	1	0
9574	246	11	142	0	it	False	-9	31	152	152	152	152	0	0	0	0	-9	it	False	O	False	2	0	1	0
9580	246	11	60	0	it	False	-9	37	200	200	200	476	148	148	148	148	-9	it	False	O	False	2	0	1	0
9581	246	11	148	0	it	False	-9	38	244	244	244	244	0	0	0	0	-9	it	False	O	False	2	0	1	0
9582	246	11	68	0	it	False	-9	39	216	216	216	216	0	0	0	0	-9	it	False	O	False	2	0	1	0
9585	246	11	159	0	it	False	-9	42	168	168	168	168	0	0	0	0	-9	it	False	O	False	2	0	1	0
9586	246	11	23	0	it	False	-9	43	140	140	140	140	156	156	156	156	-9	it	False	O	False	2	0	1	0
