	sent_nr	sbn_verb_pos	nr_neg_roles	nr_pos_roles	closest_role	closest_distance	closest_word	closest_word_pos	furthest_role	furthest_word	furthest_word_pos	furthest_distance	word_pos	token	sent_idxs	sent_tokens	subj_nr	sent_pos	rt_ff	rt_fp	rt_rb	rt_gp	spill_ff	spill_fp	spill_rb	spill_gp	closest_inverse_distance	furthest_inverse_distance	word_length	target_skipped	spill_skipped
0	1	1	1	1	Agent	-1	Anne	1	Agent		-1	-1	2	lost	[1]	['lost']	1	127	152	152	152	152	144	144	144	208	-1	-1	4	0	0
1	1	1	1	1	Agent	-1	Anne	1	Agent		-1	-1	2	lost	[1]	['lost']	2	74	120	120	120	120	160	160	160	160	-1	-1	4	0	0
2	1	1	1	1	Agent	-1	Anne	1	Agent		-1	-1	2	lost	[1]	['lost']	3	132	344	344	344	344	288	288	288	288	-1	-1	4	0	0
3	1	1	1	1	Agent	-1	Anne	1	Agent		-1	-1	2	lost	[1]	['lost']	4	2	280	280	280	280	148	148	148	148	-1	-1	4	0	0
4	1	1	1	1	Agent	-1	Anne	1	Agent		-1	-1	2	lost	[1]	['lost']	5	200	248	500	500	500	220	220	220	560	-1	-1	4	0	0
5	1	1	1	1	Agent	-1	Anne	1	Agent		-1	-1	2	lost	[1]	['lost']	6	204	0	0	0	0	236	236	236	236	-1	-1	4	1	0
6	1	1	1	1	Agent	-1	Anne	1	Agent		-1	-1	2	lost	[1]	['lost']	7	133	144	144	144	144	124	124	124	124	-1	-1	4	0	0
7	1	1	1	1	Agent	-1	Anne	1	Agent		-1	-1	2	lost	[1]	['lost']	8	81	244	244	420	556	148	148	148	148	-1	-1	4	0	0
9	1	1	1	1	Agent	-1	Anne	1	Agent		-1	-1	2	lost	[1]	['lost']	10	116	148	148	148	148	192	320	320	320	-1	-1	4	0	0
10	1	1	1	1	Agent	-1	Anne	1	Agent		-1	-1	2	lost	[1]	['lost']	11	130	144	144	144	144	144	144	144	144	-1	-1	4	0	0
11	1	1	1	1	Agent	-1	Anne	1	Agent		-1	-1	2	lost	[1]	['lost']	12	54	280	280	280	280	288	288	288	288	-1	-1	4	0	0
12	1	1	1	1	Agent	-1	Anne	1	Agent		-1	-1	2	lost	[1]	['lost']	13	5	148	148	148	148	124	124	124	124	-1	-1	4	0	0
13	1	1	1	1	Agent	-1	Anne	1	Agent		-1	-1	2	lost	[1]	['lost']	14	185	204	204	204	204	164	164	164	164	-1	-1	4	0	0
14	1	1	1	1	Agent	-1	Anne	1	Agent		-1	-1	2	lost	[1]	['lost']	15	67	252	252	252	252	132	316	316	568	-1	-1	4	0	0
15	1	1	1	1	Agent	-1	Anne	1	Agent		-1	-1	2	lost	[1]	['lost']	16	191	200	200	200	200	180	180	180	180	-1	-1	4	0	0
17	1	1	1	1	Agent	-1	Anne	1	Agent		-1	-1	2	lost	[1]	['lost']	18	80	216	216	216	216	164	164	164	164	-1	-1	4	0	0
18	1	1	1	1	Agent	-1	Anne	1	Agent		-1	-1	2	lost	[1]	['lost']	19	62	152	152	152	152	240	240	240	240	-1	-1	4	0	0
21	1	1	1	1	Agent	-1	Anne	1	Agent		-1	-1	2	lost	[1]	['lost']	22	102	184	184	184	184	248	248	248	248	-1	-1	4	0	0
22	1	1	1	1	Agent	-1	Anne	1	Agent		-1	-1	2	lost	[1]	['lost']	23	108	144	144	332	704	280	416	416	416	-1	-1	4	0	0
23	1	1	1	1	Agent	-1	Anne	1	Agent		-1	-1	2	lost	[1]	['lost']	24	197	148	148	148	148	244	244	244	244	-1	-1	4	0	0
25	1	1	1	1	Agent	-1	Anne	1	Agent		-1	-1	2	lost	[1]	['lost']	27	135	36	544	544	544	208	208	208	208	-1	-1	4	0	0
26	1	1	1	1	Agent	-1	Anne	1	Agent		-1	-1	2	lost	[1]	['lost']	28	163	84	84	332	580	160	160	160	160	-1	-1	4	0	0
27	1	1	1	1	Agent	-1	Anne	1	Agent		-1	-1	2	lost	[1]	['lost']	29	139	168	476	476	476	184	184	184	184	-1	-1	4	0	0
28	1	1	1	1	Agent	-1	Anne	1	Agent		-1	-1	2	lost	[1]	['lost']	30	123	272	664	664	664	276	680	680	680	-1	-1	4	0	0
29	1	1	1	1	Agent	-1	Anne	1	Agent		-1	-1	2	lost	[1]	['lost']	31	192	140	140	140	140	164	164	164	164	-1	-1	4	0	0
30	1	1	1	1	Agent	-1	Anne	1	Agent		-1	-1	2	lost	[1]	['lost']	32	131	260	260	260	260	216	216	216	216	-1	-1	4	0	0
31	1	1	1	1	Agent	-1	Anne	1	Agent		-1	-1	2	lost	[1]	['lost']	33	18	156	316	316	316	100	280	416	564	-1	-1	4	0	0
32	1	1	1	1	Agent	-1	Anne	1	Agent		-1	-1	2	lost	[1]	['lost']	34	94	208	208	208	208	176	176	176	176	-1	-1	4	0	0
33	1	1	1	1	Agent	-1	Anne	1	Agent		-1	-1	2	lost	[1]	['lost']	35	129	212	212	212	212	220	220	220	220	-1	-1	4	0	0
34	1	1	1	1	Agent	-1	Anne	1	Agent		-1	-1	2	lost	[1]	['lost']	36	74	0	0	0	0	228	228	228	228	-1	-1	4	1	0
35	1	1	1	1	Agent	-1	Anne	1	Agent		-1	-1	2	lost	[1]	['lost']	37	150	120	396	396	396	92	92	92	92	-1	-1	4	0	0
36	1	1	1	1	Agent	-1	Anne	1	Agent		-1	-1	2	lost	[1]	['lost']	38	112	248	304	304	304	260	260	260	260	-1	-1	4	0	0
39	1	1	1	1	Agent	-1	Anne	1	Agent		-1	-1	2	lost	[1]	['lost']	41	43	0	0	0	0	112	112	112	112	-1	-1	4	1	0
40	1	1	1	1	Agent	-1	Anne	1	Agent		-1	-1	2	lost	[1]	['lost']	42	188	244	244	340	476	176	176	176	176	-1	-1	4	0	0
41	1	1	1	1	Agent	-1	Anne	1	Agent		-1	-1	2	lost	[1]	['lost']	43	120	152	152	152	152	168	168	168	168	-1	-1	4	0	0
84	2	1	1	1	Agent	-1	Billy	1	Agent		-1	-1	2	wrote	[1, 2]	['wrote', 'on']	1	150	160	160	160	160	280	280	280	280	-1	-1	5	0	0
86	2	1	1	1	Agent	-1	Billy	1	Agent		-1	-1	2	wrote	[1, 2]	['wrote', 'on']	3	91	164	260	260	260	268	268	268	268	-1	-1	5	0	0
87	2	1	1	1	Agent	-1	Billy	1	Agent		-1	-1	2	wrote	[1, 2]	['wrote', 'on']	4	32	232	232	232	448	152	152	152	152	-1	-1	5	0	0
88	2	1	1	1	Agent	-1	Billy	1	Agent		-1	-1	2	wrote	[1, 2]	['wrote', 'on']	5	126	0	0	0	0	276	276	276	276	-1	-1	5	1	0
89	2	1	1	1	Agent	-1	Billy	1	Agent		-1	-1	2	wrote	[1, 2]	['wrote', 'on']	6	170	0	0	0	0	128	128	128	128	-1	-1	5	1	0
96	2	1	1	1	Agent	-1	Billy	1	Agent		-1	-1	2	wrote	[1, 2]	['wrote', 'on']	14	205	280	280	280	280	216	216	216	216	-1	-1	5	0	0
98	2	1	1	1	Agent	-1	Billy	1	Agent		-1	-1	2	wrote	[1, 2]	['wrote', 'on']	16	81	248	248	456	620	268	268	268	268	-1	-1	5	0	0
101	2	1	1	1	Agent	-1	Billy	1	Agent		-1	-1	2	wrote	[1, 2]	['wrote', 'on']	19	160	192	192	192	192	200	200	200	200	-1	-1	5	0	0
102	2	1	1	1	Agent	-1	Billy	1	Agent		-1	-1	2	wrote	[1, 2]	['wrote', 'on']	20	203	0	0	0	0	148	148	148	148	-1	-1	5	1	0
103	2	1	1	1	Agent	-1	Billy	1	Agent		-1	-1	2	wrote	[1, 2]	['wrote', 'on']	21	149	0	0	0	0	228	228	228	704	-1	-1	5	1	0
109	2	1	1	1	Agent	-1	Billy	1	Agent		-1	-1	2	wrote	[1, 2]	['wrote', 'on']	28	75	128	128	364	568	184	184	184	184	-1	-1	5	0	0
113	2	1	1	1	Agent	-1	Billy	1	Agent		-1	-1	2	wrote	[1, 2]	['wrote', 'on']	32	55	208	340	340	340	272	272	272	272	-1	-1	5	0	0
114	2	1	1	1	Agent	-1	Billy	1	Agent		-1	-1	2	wrote	[1, 2]	['wrote', 'on']	33	200	176	360	360	360	184	184	184	184	-1	-1	5	0	0
125	3	1	1	1	Agent	-1	He	1	Agent		-1	-1	2	called	[1, 2]	['called', 'over']	1	18	144	144	144	144	272	520	520	520	-1	-1	6	0	0
127	3	1	1	1	Agent	-1	He	1	Agent		-1	-1	2	called	[1, 2]	['called', 'over']	3	142	128	128	128	128	156	468	468	468	-1	-1	6	0	0
128	3	1	1	1	Agent	-1	He	1	Agent		-1	-1	2	called	[1, 2]	['called', 'over']	4	36	164	164	164	164	160	160	160	160	-1	-1	6	0	0
129	3	1	1	1	Agent	-1	He	1	Agent		-1	-1	2	called	[1, 2]	['called', 'over']	5	148	0	0	0	0	236	236	236	536	-1	-1	6	1	0
130	3	1	1	1	Agent	-1	He	1	Agent		-1	-1	2	called	[1, 2]	['called', 'over']	6	137	0	0	0	0	172	172	172	172	-1	-1	6	1	0
132	3	1	1	1	Agent	-1	He	1	Agent		-1	-1	2	called	[1, 2]	['called', 'over']	8	7	292	292	292	292	192	192	192	192	-1	-1	6	0	0
133	3	1	1	1	Agent	-1	He	1	Agent		-1	-1	2	called	[1, 2]	['called', 'over']	10	127	224	332	332	332	188	188	188	188	-1	-1	6	0	0
134	3	1	1	1	Agent	-1	He	1	Agent		-1	-1	2	called	[1, 2]	['called', 'over']	11	135	128	128	128	128	220	220	220	220	-1	-1	6	0	0
135	3	1	1	1	Agent	-1	He	1	Agent		-1	-1	2	called	[1, 2]	['called', 'over']	12	164	500	500	500	500	260	260	260	260	-1	-1	6	0	0
136	3	1	1	1	Agent	-1	He	1	Agent		-1	-1	2	called	[1, 2]	['called', 'over']	13	46	0	0	0	0	448	448	448	636	-1	-1	6	1	0
137	3	1	1	1	Agent	-1	He	1	Agent		-1	-1	2	called	[1, 2]	['called', 'over']	14	48	256	400	400	400	236	236	236	236	-1	-1	6	0	0
139	3	1	1	1	Agent	-1	He	1	Agent		-1	-1	2	called	[1, 2]	['called', 'over']	16	22	36	36	176	396	148	148	148	148	-1	-1	6	0	0
141	3	1	1	1	Agent	-1	He	1	Agent		-1	-1	2	called	[1, 2]	['called', 'over']	18	181	272	272	272	272	236	236	236	236	-1	-1	6	0	0
142	3	1	1	1	Agent	-1	He	1	Agent		-1	-1	2	called	[1, 2]	['called', 'over']	19	89	0	0	0	0	228	228	464	676	-1	-1	6	1	0
145	3	1	1	1	Agent	-1	He	1	Agent		-1	-1	2	called	[1, 2]	['called', 'over']	22	146	152	152	152	152	260	260	260	260	-1	-1	6	0	0
146	3	1	1	1	Agent	-1	He	1	Agent		-1	-1	2	called	[1, 2]	['called', 'over']	23	50	192	192	192	192	240	240	240	240	-1	-1	6	0	0
148	3	1	1	1	Agent	-1	He	1	Agent		-1	-1	2	called	[1, 2]	['called', 'over']	25	140	152	520	520	520	248	248	248	248	-1	-1	6	0	0
149	3	1	1	1	Agent	-1	He	1	Agent		-1	-1	2	called	[1, 2]	['called', 'over']	27	45	0	0	0	0	212	212	424	720	-1	-1	6	1	0
150	3	1	1	1	Agent	-1	He	1	Agent		-1	-1	2	called	[1, 2]	['called', 'over']	28	88	260	260	500	612	264	264	264	264	-1	-1	6	0	0
151	3	1	1	1	Agent	-1	He	1	Agent		-1	-1	2	called	[1, 2]	['called', 'over']	29	176	252	252	252	252	168	168	336	568	-1	-1	6	0	0
152	3	1	1	1	Agent	-1	He	1	Agent		-1	-1	2	called	[1, 2]	['called', 'over']	30	151	0	0	0	0	228	228	624	944	-1	-1	6	1	0
154	3	1	1	1	Agent	-1	He	1	Agent		-1	-1	2	called	[1, 2]	['called', 'over']	32	156	136	368	368	368	292	292	292	292	-1	-1	6	0	0
155	3	1	1	1	Agent	-1	He	1	Agent		-1	-1	2	called	[1, 2]	['called', 'over']	33	43	72	72	428	1072	176	176	176	176	-1	-1	6	0	0
157	3	1	1	1	Agent	-1	He	1	Agent		-1	-1	2	called	[1, 2]	['called', 'over']	35	29	252	404	404	404	172	172	172	172	-1	-1	6	0	0
158	3	1	1	1	Agent	-1	He	1	Agent		-1	-1	2	called	[1, 2]	['called', 'over']	36	150	0	0	0	0	164	164	164	164	-1	-1	6	1	0
159	3	1	1	1	Agent	-1	He	1	Agent		-1	-1	2	called	[1, 2]	['called', 'over']	37	194	336	592	592	592	172	172	172	172	-1	-1	6	0	0
161	3	1	1	1	Agent	-1	He	1	Agent		-1	-1	2	called	[1, 2]	['called', 'over']	39	38	0	0	0	0	220	220	220	220	-1	-1	6	1	0
162	3	1	1	1	Agent	-1	He	1	Agent		-1	-1	2	called	[1, 2]	['called', 'over']	40	20	236	412	412	496	220	220	220	220	-1	-1	6	0	0
164	3	1	1	1	Agent	-1	He	1	Agent		-1	-1	2	called	[1, 2]	['called', 'over']	42	108	164	164	164	164	144	144	144	144	-1	-1	6	0	0
165	3	1	1	1	Agent	-1	He	1	Agent		-1	-1	2	called	[1, 2]	['called', 'over']	43	116	296	352	352	352	248	248	248	248	-1	-1	6	0	0
166	4	1	1	1	Theme	-1	He	1	Theme		-1	-1	2	stayed	[1, 2]	['stayed', 'against']	1	23	164	164	164	164	248	376	376	376	-1	-1	6	0	0
167	4	1	1	1	Theme	-1	He	1	Theme		-1	-1	2	stayed	[1, 2]	['stayed', 'against']	2	127	192	192	192	192	180	180	180	180	-1	-1	6	0	0
168	4	1	1	1	Theme	-1	He	1	Theme		-1	-1	2	stayed	[1, 2]	['stayed', 'against']	3	50	144	144	144	144	332	332	332	332	-1	-1	6	0	0
169	4	1	1	1	Theme	-1	He	1	Theme		-1	-1	2	stayed	[1, 2]	['stayed', 'against']	4	85	344	344	344	344	180	180	180	180	-1	-1	6	0	0
170	4	1	1	1	Theme	-1	He	1	Theme		-1	-1	2	stayed	[1, 2]	['stayed', 'against']	5	160	480	480	480	480	172	172	636	828	-1	-1	6	0	0
171	4	1	1	1	Theme	-1	He	1	Theme		-1	-1	2	stayed	[1, 2]	['stayed', 'against']	6	60	248	248	248	248	376	376	376	496	-1	-1	6	0	0
172	4	1	1	1	Theme	-1	He	1	Theme		-1	-1	2	stayed	[1, 2]	['stayed', 'against']	7	169	108	108	108	108	204	204	204	204	-1	-1	6	0	0
173	4	1	1	1	Theme	-1	He	1	Theme		-1	-1	2	stayed	[1, 2]	['stayed', 'against']	8	46	172	172	172	172	312	440	440	616	-1	-1	6	0	0
174	4	1	1	1	Theme	-1	He	1	Theme		-1	-1	2	stayed	[1, 2]	['stayed', 'against']	10	205	0	0	0	0	200	200	720	1016	-1	-1	6	1	0
175	4	1	1	1	Theme	-1	He	1	Theme		-1	-1	2	stayed	[1, 2]	['stayed', 'against']	11	111	116	116	116	116	132	132	132	132	-1	-1	6	0	0
177	4	1	1	1	Theme	-1	He	1	Theme		-1	-1	2	stayed	[1, 2]	['stayed', 'against']	13	156	208	208	208	208	256	256	256	256	-1	-1	6	0	0
178	4	1	1	1	Theme	-1	He	1	Theme		-1	-1	2	stayed	[1, 2]	['stayed', 'against']	14	178	244	468	468	468	220	220	220	220	-1	-1	6	0	0
179	4	1	1	1	Theme	-1	He	1	Theme		-1	-1	2	stayed	[1, 2]	['stayed', 'against']	15	109	252	252	252	252	256	328	696	892	-1	-1	6	0	0
180	4	1	1	1	Theme	-1	He	1	Theme		-1	-1	2	stayed	[1, 2]	['stayed', 'against']	16	104	312	312	424	512	180	180	180	180	-1	-1	6	0	0
181	4	1	1	1	Theme	-1	He	1	Theme		-1	-1	2	stayed	[1, 2]	['stayed', 'against']	18	192	260	308	308	308	228	228	228	228	-1	-1	6	0	0
182	4	1	1	1	Theme	-1	He	1	Theme		-1	-1	2	stayed	[1, 2]	['stayed', 'against']	19	93	276	276	276	276	160	312	440	680	-1	-1	6	0	0
183	4	1	1	1	Theme	-1	He	1	Theme		-1	-1	2	stayed	[1, 2]	['stayed', 'against']	20	178	228	360	360	360	412	624	624	624	-1	-1	6	0	0
184	4	1	1	1	Theme	-1	He	1	Theme		-1	-1	2	stayed	[1, 2]	['stayed', 'against']	21	100	0	0	0	0	40	208	324	472	-1	-1	6	1	0
185	4	1	1	1	Theme	-1	He	1	Theme		-1	-1	2	stayed	[1, 2]	['stayed', 'against']	22	86	364	364	520	660	232	232	232	232	-1	-1	6	0	0
186	4	1	1	1	Theme	-1	He	1	Theme		-1	-1	2	stayed	[1, 2]	['stayed', 'against']	23	91	204	420	420	420	256	380	380	380	-1	-1	6	0	0
187	4	1	1	1	Theme	-1	He	1	Theme		-1	-1	2	stayed	[1, 2]	['stayed', 'against']	24	63	160	160	160	160	184	184	184	184	-1	-1	6	0	0
188	4	1	1	1	Theme	-1	He	1	Theme		-1	-1	2	stayed	[1, 2]	['stayed', 'against']	25	112	176	316	316	316	280	280	280	280	-1	-1	6	0	0
189	4	1	1	1	Theme	-1	He	1	Theme		-1	-1	2	stayed	[1, 2]	['stayed', 'against']	27	28	108	456	456	456	252	280	280	824	-1	-1	6	0	0
190	4	1	1	1	Theme	-1	He	1	Theme		-1	-1	2	stayed	[1, 2]	['stayed', 'against']	28	43	220	220	220	220	72	72	284	472	-1	-1	6	0	0
191	4	1	1	1	Theme	-1	He	1	Theme		-1	-1	2	stayed	[1, 2]	['stayed', 'against']	29	140	328	328	328	328	240	508	508	508	-1	-1	6	0	0
192	4	1	1	1	Theme	-1	He	1	Theme		-1	-1	2	stayed	[1, 2]	['stayed', 'against']	30	143	280	780	780	780	260	260	260	260	-1	-1	6	0	0
193	4	1	1	1	Theme	-1	He	1	Theme		-1	-1	2	stayed	[1, 2]	['stayed', 'against']	31	193	200	200	200	200	164	164	164	164	-1	-1	6	0	0
194	4	1	1	1	Theme	-1	He	1	Theme		-1	-1	2	stayed	[1, 2]	['stayed', 'against']	32	8	252	252	252	460	152	300	300	300	-1	-1	6	0	0
195	4	1	1	1	Theme	-1	He	1	Theme		-1	-1	2	stayed	[1, 2]	['stayed', 'against']	33	146	176	176	176	176	244	484	872	1236	-1	-1	6	0	0
196	4	1	1	1	Theme	-1	He	1	Theme		-1	-1	2	stayed	[1, 2]	['stayed', 'against']	34	86	208	428	428	428	240	240	240	240	-1	-1	6	0	0
197	4	1	1	1	Theme	-1	He	1	Theme		-1	-1	2	stayed	[1, 2]	['stayed', 'against']	35	16	284	284	284	284	188	324	324	324	-1	-1	6	0	0
198	4	1	1	1	Theme	-1	He	1	Theme		-1	-1	2	stayed	[1, 2]	['stayed', 'against']	36	39	228	228	228	228	228	512	512	512	-1	-1	6	0	0
199	4	1	1	1	Theme	-1	He	1	Theme		-1	-1	2	stayed	[1, 2]	['stayed', 'against']	37	74	92	220	220	220	284	412	412	412	-1	-1	6	0	0
200	4	1	1	1	Theme	-1	He	1	Theme		-1	-1	2	stayed	[1, 2]	['stayed', 'against']	38	17	296	628	628	628	308	308	308	308	-1	-1	6	0	0
201	4	1	1	1	Theme	-1	He	1	Theme		-1	-1	2	stayed	[1, 2]	['stayed', 'against']	39	58	168	168	168	168	156	156	156	156	-1	-1	6	0	0
202	4	1	1	1	Theme	-1	He	1	Theme		-1	-1	2	stayed	[1, 2]	['stayed', 'against']	41	183	0	0	0	0	120	120	328	692	-1	-1	6	1	0
203	4	1	1	1	Theme	-1	He	1	Theme		-1	-1	2	stayed	[1, 2]	['stayed', 'against']	42	12	320	444	444	444	112	112	112	112	-1	-1	6	0	0
204	4	1	1	1	Theme	-1	He	1	Theme		-1	-1	2	stayed	[1, 2]	['stayed', 'against']	43	132	224	224	224	416	176	308	308	308	-1	-1	6	0	0
207	5	1	1	1	Theme	-1	Helen	1	Theme		-1	-1	2	ran	[1, 2]	['ran', 'to']	3	100	160	320	320	320	188	188	188	188	-1	-1	3	0	0
208	5	1	1	1	Theme	-1	Helen	1	Theme		-1	-1	2	ran	[1, 2]	['ran', 'to']	4	150	188	188	188	188	236	236	236	236	-1	-1	3	0	0
211	5	1	1	1	Theme	-1	Helen	1	Theme		-1	-1	2	ran	[1, 2]	['ran', 'to']	7	42	0	0	0	0	152	152	152	152	-1	-1	3	1	0
212	5	1	1	1	Theme	-1	Helen	1	Theme		-1	-1	2	ran	[1, 2]	['ran', 'to']	8	35	184	184	184	184	356	356	356	356	-1	-1	3	0	0
213	5	1	1	1	Theme	-1	Helen	1	Theme		-1	-1	2	ran	[1, 2]	['ran', 'to']	10	140	192	192	192	192	196	196	196	196	-1	-1	3	0	0
214	5	1	1	1	Theme	-1	Helen	1	Theme		-1	-1	2	ran	[1, 2]	['ran', 'to']	11	174	164	164	164	164	156	156	156	156	-1	-1	3	0	0
216	5	1	1	1	Theme	-1	Helen	1	Theme		-1	-1	2	ran	[1, 2]	['ran', 'to']	13	57	252	252	252	252	320	320	320	320	-1	-1	3	0	0
223	5	1	1	1	Theme	-1	Helen	1	Theme		-1	-1	2	ran	[1, 2]	['ran', 'to']	20	198	0	0	0	0	140	140	140	140	-1	-1	3	1	0
227	5	1	1	1	Theme	-1	Helen	1	Theme		-1	-1	2	ran	[1, 2]	['ran', 'to']	24	196	0	0	0	0	236	236	236	432	-1	-1	3	1	0
232	5	1	1	1	Theme	-1	Helen	1	Theme		-1	-1	2	ran	[1, 2]	['ran', 'to']	30	186	244	244	244	244	288	288	288	288	-1	-1	3	0	0
233	5	1	1	1	Theme	-1	Helen	1	Theme		-1	-1	2	ran	[1, 2]	['ran', 'to']	31	22	0	0	0	0	152	152	152	152	-1	-1	3	1	0
237	5	1	1	1	Theme	-1	Helen	1	Theme		-1	-1	2	ran	[1, 2]	['ran', 'to']	35	18	0	0	0	0	268	268	268	268	-1	-1	3	1	0
238	5	1	1	1	Theme	-1	Helen	1	Theme		-1	-1	2	ran	[1, 2]	['ran', 'to']	36	27	0	0	0	0	292	292	292	564	-1	-1	3	1	0
246	6	1	1	2	Agent	-1	I	1	Agent		-1	-1	3	tell	[2]	['tell']	1	142	168	168	168	168	604	604	604	604	-1	-1	4	0	0
247	6	1	1	2	Agent	-1	I	1	Agent		-1	-1	3	tell	[2]	['tell']	2	82	96	128	272	480	224	224	224	224	-1	-1	4	0	0
248	6	1	1	2	Agent	-1	I	1	Agent		-1	-1	3	tell	[2]	['tell']	3	113	152	448	448	448	148	148	148	148	-1	-1	4	0	0
249	6	1	1	2	Agent	-1	I	1	Agent		-1	-1	3	tell	[2]	['tell']	4	129	252	252	252	252	400	400	400	400	-1	-1	4	0	0
252	6	1	1	2	Agent	-1	I	1	Agent		-1	-1	3	tell	[2]	['tell']	7	175	168	440	440	440	212	212	212	212	-1	-1	4	0	0
253	6	1	1	2	Agent	-1	I	1	Agent		-1	-1	3	tell	[2]	['tell']	8	84	292	292	292	292	396	396	396	396	-1	-1	4	0	0
254	6	1	1	2	Agent	-1	I	1	Agent		-1	-1	3	tell	[2]	['tell']	10	123	212	212	212	212	260	260	260	260	-1	-1	4	0	0
255	6	1	1	2	Agent	-1	I	1	Agent		-1	-1	3	tell	[2]	['tell']	11	80	132	132	132	132	444	444	444	444	-1	-1	4	0	0
257	6	1	1	2	Agent	-1	I	1	Agent		-1	-1	3	tell	[2]	['tell']	13	185	224	224	224	224	296	296	296	296	-1	-1	4	0	0
258	6	1	1	2	Agent	-1	I	1	Agent		-1	-1	3	tell	[2]	['tell']	14	9	228	228	228	228	556	556	556	688	-1	-1	4	0	0
259	6	1	1	2	Agent	-1	I	1	Agent		-1	-1	3	tell	[2]	['tell']	15	113	0	0	0	0	392	392	392	392	-1	-1	4	1	0
261	6	1	1	2	Agent	-1	I	1	Agent		-1	-1	3	tell	[2]	['tell']	17	104	188	188	188	188	172	172	172	172	-1	-1	4	0	0
262	6	1	1	2	Agent	-1	I	1	Agent		-1	-1	3	tell	[2]	['tell']	18	140	212	212	212	212	256	256	256	256	-1	-1	4	0	0
263	6	1	1	2	Agent	-1	I	1	Agent		-1	-1	3	tell	[2]	['tell']	19	130	184	184	184	184	128	276	276	436	-1	-1	4	0	0
264	6	1	1	2	Agent	-1	I	1	Agent		-1	-1	3	tell	[2]	['tell']	20	23	0	0	0	0	244	244	244	244	-1	-1	4	1	0
265	6	1	1	2	Agent	-1	I	1	Agent		-1	-1	3	tell	[2]	['tell']	21	75	0	0	0	0	192	192	192	192	-1	-1	4	1	0
266	6	1	1	2	Agent	-1	I	1	Agent		-1	-1	3	tell	[2]	['tell']	22	62	156	156	156	156	428	428	428	428	-1	-1	4	0	0
267	6	1	1	2	Agent	-1	I	1	Agent		-1	-1	3	tell	[2]	['tell']	23	133	224	260	260	260	196	196	196	196	-1	-1	4	0	0
268	6	1	1	2	Agent	-1	I	1	Agent		-1	-1	3	tell	[2]	['tell']	24	92	212	212	212	212	224	224	224	224	-1	-1	4	0	0
269	6	1	1	2	Agent	-1	I	1	Agent		-1	-1	3	tell	[2]	['tell']	25	58	180	180	180	180	148	148	148	148	-1	-1	4	0	0
270	6	1	1	2	Agent	-1	I	1	Agent		-1	-1	3	tell	[2]	['tell']	27	145	268	268	268	268	232	232	232	568	-1	-1	4	0	0
273	6	1	1	2	Agent	-1	I	1	Agent		-1	-1	3	tell	[2]	['tell']	30	114	264	264	264	264	836	836	836	836	-1	-1	4	0	0
274	6	1	1	2	Agent	-1	I	1	Agent		-1	-1	3	tell	[2]	['tell']	31	3	148	148	148	148	144	144	144	144	-1	-1	4	0	0
275	6	1	1	2	Agent	-1	I	1	Agent		-1	-1	3	tell	[2]	['tell']	32	143	252	252	252	252	196	196	196	196	-1	-1	4	0	0
276	6	1	1	2	Agent	-1	I	1	Agent		-1	-1	3	tell	[2]	['tell']	33	15	164	164	164	164	180	180	180	180	-1	-1	4	0	0
278	6	1	1	2	Agent	-1	I	1	Agent		-1	-1	3	tell	[2]	['tell']	35	78	188	188	188	188	200	200	200	200	-1	-1	4	0	0
280	6	1	1	2	Agent	-1	I	1	Agent		-1	-1	3	tell	[2]	['tell']	37	169	252	252	252	252	148	148	148	148	-1	-1	4	0	0
283	6	1	1	2	Agent	-1	I	1	Agent		-1	-1	3	tell	[2]	['tell']	40	27	136	136	136	136	264	264	708	1560	-1	-1	4	0	0
285	6	1	1	2	Agent	-1	I	1	Agent		-1	-1	3	tell	[2]	['tell']	42	86	0	0	0	0	188	188	188	188	-1	-1	4	1	0
286	6	1	1	2	Agent	-1	I	1	Agent		-1	-1	3	tell	[2]	['tell']	43	8	244	244	244	244	528	528	528	528	-1	-1	4	0	0
287	7	1	1	2	Agent	-1	Michael	1	Agent		-1	-1	2	gave	[1]	['gave']	1	133	176	412	412	412	152	152	152	152	-1	-1	4	0	0
289	7	1	1	2	Agent	-1	Michael	1	Agent		-1	-1	2	gave	[1]	['gave']	3	43	164	164	164	164	208	468	468	468	-1	-1	4	0	0
290	7	1	1	2	Agent	-1	Michael	1	Agent		-1	-1	2	gave	[1]	['gave']	4	100	148	424	584	812	172	172	172	172	-1	-1	4	0	0
292	7	1	1	2	Agent	-1	Michael	1	Agent		-1	-1	2	gave	[1]	['gave']	6	115	140	140	140	140	164	164	164	164	-1	-1	4	0	0
293	7	1	1	2	Agent	-1	Michael	1	Agent		-1	-1	2	gave	[1]	['gave']	7	188	160	160	160	160	96	96	96	96	-1	-1	4	0	0
294	7	1	1	2	Agent	-1	Michael	1	Agent		-1	-1	2	gave	[1]	['gave']	8	140	136	136	136	136	196	196	196	196	-1	-1	4	0	0
295	7	1	1	2	Agent	-1	Michael	1	Agent		-1	-1	2	gave	[1]	['gave']	10	54	164	164	164	164	204	204	204	332	-1	-1	4	0	0
296	7	1	1	2	Agent	-1	Michael	1	Agent		-1	-1	2	gave	[1]	['gave']	11	94	128	128	128	128	148	148	148	148	-1	-1	4	0	0
297	7	1	1	2	Agent	-1	Michael	1	Agent		-1	-1	2	gave	[1]	['gave']	12	198	148	148	148	148	160	160	160	160	-1	-1	4	0	0
298	7	1	1	2	Agent	-1	Michael	1	Agent		-1	-1	2	gave	[1]	['gave']	13	169	180	180	180	180	252	252	252	252	-1	-1	4	0	0
299	7	1	1	2	Agent	-1	Michael	1	Agent		-1	-1	2	gave	[1]	['gave']	14	165	272	272	360	668	356	356	356	356	-1	-1	4	0	0
301	7	1	1	2	Agent	-1	Michael	1	Agent		-1	-1	2	gave	[1]	['gave']	16	62	168	168	168	168	168	168	168	168	-1	-1	4	0	0
304	7	1	1	2	Agent	-1	Michael	1	Agent		-1	-1	2	gave	[1]	['gave']	20	155	0	0	0	0	164	164	164	164	-1	-1	4	1	0
305	7	1	1	2	Agent	-1	Michael	1	Agent		-1	-1	2	gave	[1]	['gave']	21	103	0	0	0	0	144	144	328	444	-1	-1	4	1	0
306	7	1	1	2	Agent	-1	Michael	1	Agent		-1	-1	2	gave	[1]	['gave']	22	66	252	252	252	252	184	184	184	184	-1	-1	4	0	0
307	7	1	1	2	Agent	-1	Michael	1	Agent		-1	-1	2	gave	[1]	['gave']	23	67	200	200	200	200	248	248	248	248	-1	-1	4	0	0
308	7	1	1	2	Agent	-1	Michael	1	Agent		-1	-1	2	gave	[1]	['gave']	24	133	168	168	168	168	160	160	160	160	-1	-1	4	0	0
309	7	1	1	2	Agent	-1	Michael	1	Agent		-1	-1	2	gave	[1]	['gave']	25	119	88	88	236	428	200	200	320	456	-1	-1	4	0	0
310	7	1	1	2	Agent	-1	Michael	1	Agent		-1	-1	2	gave	[1]	['gave']	27	85	120	120	296	544	144	144	144	144	-1	-1	4	0	0
311	7	1	1	2	Agent	-1	Michael	1	Agent		-1	-1	2	gave	[1]	['gave']	28	48	284	284	284	284	256	256	256	256	-1	-1	4	0	0
312	7	1	1	2	Agent	-1	Michael	1	Agent		-1	-1	2	gave	[1]	['gave']	29	25	0	0	0	0	220	220	484	772	-1	-1	4	1	0
313	7	1	1	2	Agent	-1	Michael	1	Agent		-1	-1	2	gave	[1]	['gave']	30	55	384	384	384	384	236	236	396	600	-1	-1	4	0	0
314	7	1	1	2	Agent	-1	Michael	1	Agent		-1	-1	2	gave	[1]	['gave']	31	79	0	0	0	0	248	248	248	248	-1	-1	4	1	0
315	7	1	1	2	Agent	-1	Michael	1	Agent		-1	-1	2	gave	[1]	['gave']	32	150	224	224	224	224	232	232	232	232	-1	-1	4	0	0
316	7	1	1	2	Agent	-1	Michael	1	Agent		-1	-1	2	gave	[1]	['gave']	33	185	128	128	128	128	224	224	224	224	-1	-1	4	0	0
317	7	1	1	2	Agent	-1	Michael	1	Agent		-1	-1	2	gave	[1]	['gave']	34	76	160	160	160	160	208	208	208	208	-1	-1	4	0	0
318	7	1	1	2	Agent	-1	Michael	1	Agent		-1	-1	2	gave	[1]	['gave']	35	87	0	0	0	0	180	324	324	324	-1	-1	4	1	0
319	7	1	1	2	Agent	-1	Michael	1	Agent		-1	-1	2	gave	[1]	['gave']	36	18	128	128	128	324	420	420	676	1128	-1	-1	4	0	0
320	7	1	1	2	Agent	-1	Michael	1	Agent		-1	-1	2	gave	[1]	['gave']	37	200	212	212	212	212	156	156	156	156	-1	-1	4	0	0
321	7	1	1	2	Agent	-1	Michael	1	Agent		-1	-1	2	gave	[1]	['gave']	38	167	212	212	212	212	236	236	236	236	-1	-1	4	0	0
323	7	1	1	2	Agent	-1	Michael	1	Agent		-1	-1	2	gave	[1]	['gave']	40	54	200	200	200	200	144	144	144	144	-1	-1	4	0	0
326	7	1	1	2	Agent	-1	Michael	1	Agent		-1	-1	2	gave	[1]	['gave']	43	148	200	200	200	200	176	176	176	176	-1	-1	4	0	0
327	8	1	1	0	Agent	-1	Roger	1	Agent		-1	-1	2	smiled	[1, 2]	['smiled', 'and']	1	140	208	208	208	208	272	272	272	272	-1	-1	6	0	0
328	8	1	1	0	Agent	-1	Roger	1	Agent		-1	-1	2	smiled	[1, 2]	['smiled', 'and']	2	33	400	400	400	400	444	444	444	444	-1	-1	6	0	0
329	8	1	1	0	Agent	-1	Roger	1	Agent		-1	-1	2	smiled	[1, 2]	['smiled', 'and']	3	118	220	220	220	220	164	300	300	300	-1	-1	6	0	0
331	8	1	1	0	Agent	-1	Roger	1	Agent		-1	-1	2	smiled	[1, 2]	['smiled', 'and']	5	120	256	444	444	676	280	548	548	548	-1	-1	6	0	0
332	8	1	1	0	Agent	-1	Roger	1	Agent		-1	-1	2	smiled	[1, 2]	['smiled', 'and']	6	185	148	148	148	148	156	156	156	156	-1	-1	6	0	0
335	8	1	1	0	Agent	-1	Roger	1	Agent		-1	-1	2	smiled	[1, 2]	['smiled', 'and']	10	195	84	84	208	388	188	188	188	188	-1	-1	6	0	0
336	8	1	1	0	Agent	-1	Roger	1	Agent		-1	-1	2	smiled	[1, 2]	['smiled', 'and']	11	40	180	180	180	180	116	116	116	116	-1	-1	6	0	0
337	8	1	1	0	Agent	-1	Roger	1	Agent		-1	-1	2	smiled	[1, 2]	['smiled', 'and']	12	69	276	276	276	276	168	168	168	168	-1	-1	6	0	0
338	8	1	1	0	Agent	-1	Roger	1	Agent		-1	-1	2	smiled	[1, 2]	['smiled', 'and']	13	16	124	124	124	124	204	204	204	204	-1	-1	6	0	0
341	8	1	1	0	Agent	-1	Roger	1	Agent		-1	-1	2	smiled	[1, 2]	['smiled', 'and']	16	111	172	172	172	172	184	184	184	184	-1	-1	6	0	0
344	8	1	1	0	Agent	-1	Roger	1	Agent		-1	-1	2	smiled	[1, 2]	['smiled', 'and']	19	92	184	184	184	184	176	176	176	176	-1	-1	6	0	0
345	8	1	1	0	Agent	-1	Roger	1	Agent		-1	-1	2	smiled	[1, 2]	['smiled', 'and']	20	101	76	556	556	556	120	120	120	120	-1	-1	6	0	0
348	8	1	1	0	Agent	-1	Roger	1	Agent		-1	-1	2	smiled	[1, 2]	['smiled', 'and']	23	12	132	132	548	1140	220	220	220	220	-1	-1	6	0	0
349	8	1	1	0	Agent	-1	Roger	1	Agent		-1	-1	2	smiled	[1, 2]	['smiled', 'and']	24	139	168	168	168	168	184	184	184	184	-1	-1	6	0	0
351	8	1	1	0	Agent	-1	Roger	1	Agent		-1	-1	2	smiled	[1, 2]	['smiled', 'and']	27	21	140	140	348	736	300	300	300	300	-1	-1	6	0	0
352	8	1	1	0	Agent	-1	Roger	1	Agent		-1	-1	2	smiled	[1, 2]	['smiled', 'and']	28	181	0	0	0	0	220	220	220	800	-1	-1	6	1	0
353	8	1	1	0	Agent	-1	Roger	1	Agent		-1	-1	2	smiled	[1, 2]	['smiled', 'and']	29	34	56	56	272	512	132	132	132	132	-1	-1	6	0	0
354	8	1	1	0	Agent	-1	Roger	1	Agent		-1	-1	2	smiled	[1, 2]	['smiled', 'and']	30	90	180	180	180	180	236	420	420	420	-1	-1	6	0	0
355	8	1	1	0	Agent	-1	Roger	1	Agent		-1	-1	2	smiled	[1, 2]	['smiled', 'and']	31	177	0	0	0	0	164	216	216	216	-1	-1	6	1	0
356	8	1	1	0	Agent	-1	Roger	1	Agent		-1	-1	2	smiled	[1, 2]	['smiled', 'and']	32	115	252	252	252	252	188	188	188	188	-1	-1	6	0	0
357	8	1	1	0	Agent	-1	Roger	1	Agent		-1	-1	2	smiled	[1, 2]	['smiled', 'and']	33	194	140	172	172	172	132	132	132	132	-1	-1	6	0	0
360	8	1	1	0	Agent	-1	Roger	1	Agent		-1	-1	2	smiled	[1, 2]	['smiled', 'and']	36	100	272	272	272	392	212	212	212	212	-1	-1	6	0	0
361	8	1	1	0	Agent	-1	Roger	1	Agent		-1	-1	2	smiled	[1, 2]	['smiled', 'and']	37	101	28	28	224	444	192	192	192	192	-1	-1	6	0	0
362	8	1	1	0	Agent	-1	Roger	1	Agent		-1	-1	2	smiled	[1, 2]	['smiled', 'and']	38	168	256	256	256	256	320	320	320	320	-1	-1	6	0	0
365	8	1	1	0	Agent	-1	Roger	1	Agent		-1	-1	2	smiled	[1, 2]	['smiled', 'and']	42	165	172	172	172	316	144	144	144	144	-1	-1	6	0	0
366	8	1	1	0	Agent	-1	Roger	1	Agent		-1	-1	2	smiled	[1, 2]	['smiled', 'and']	43	115	0	0	0	0	204	204	204	204	-1	-1	6	1	0
367	8	3	1	0	Agent	-3	Roger	1	Agent		-1	-3	4	sat	[3, 4]	['sat', 'down.']	1	140	188	188	188	188	444	444	444	444	-3	-3	3	0	0
369	8	3	1	0	Agent	-3	Roger	1	Agent		-1	-3	4	sat	[3, 4]	['sat', 'down.']	3	118	188	188	188	188	400	400	400	400	-3	-3	3	0	0
370	8	3	1	0	Agent	-3	Roger	1	Agent		-1	-3	4	sat	[3, 4]	['sat', 'down.']	4	190	304	304	304	304	540	540	540	540	-3	-3	3	0	0
373	8	3	1	0	Agent	-3	Roger	1	Agent		-1	-3	4	sat	[3, 4]	['sat', 'down.']	7	137	152	152	152	480	244	716	716	716	-3	-3	3	0	0
374	8	3	1	0	Agent	-3	Roger	1	Agent		-1	-3	4	sat	[3, 4]	['sat', 'down.']	8	134	212	212	212	212	208	208	208	208	-3	-3	3	0	0
375	8	3	1	0	Agent	-3	Roger	1	Agent		-1	-3	4	sat	[3, 4]	['sat', 'down.']	10	195	496	496	496	496	448	448	1304	1564	-3	-3	3	0	0
378	8	3	1	0	Agent	-3	Roger	1	Agent		-1	-3	4	sat	[3, 4]	['sat', 'down.']	13	16	332	332	332	332	476	476	476	476	-3	-3	3	0	0
379	8	3	1	0	Agent	-3	Roger	1	Agent		-1	-3	4	sat	[3, 4]	['sat', 'down.']	14	84	200	344	344	344	456	456	456	456	-3	-3	3	0	0
381	8	3	1	0	Agent	-3	Roger	1	Agent		-1	-3	4	sat	[3, 4]	['sat', 'down.']	16	111	280	428	428	428	264	1152	1152	1152	-3	-3	3	0	0
384	8	3	1	0	Agent	-3	Roger	1	Agent		-1	-3	4	sat	[3, 4]	['sat', 'down.']	19	92	316	316	316	316	320	320	320	320	-3	-3	3	0	0
385	8	3	1	0	Agent	-3	Roger	1	Agent		-1	-3	4	sat	[3, 4]	['sat', 'down.']	20	101	0	0	0	0	460	460	460	800	-3	-3	3	1	0
386	8	3	1	0	Agent	-3	Roger	1	Agent		-1	-3	4	sat	[3, 4]	['sat', 'down.']	21	72	336	336	336	336	356	356	356	356	-3	-3	3	0	0
387	8	3	1	0	Agent	-3	Roger	1	Agent		-1	-3	4	sat	[3, 4]	['sat', 'down.']	22	111	0	0	0	0	104	104	104	1024	-3	-3	3	1	0
388	8	3	1	0	Agent	-3	Roger	1	Agent		-1	-3	4	sat	[3, 4]	['sat', 'down.']	23	12	176	176	176	176	364	516	516	516	-3	-3	3	0	0
392	8	3	1	0	Agent	-3	Roger	1	Agent		-1	-3	4	sat	[3, 4]	['sat', 'down.']	28	181	320	320	320	320	320	320	320	320	-3	-3	3	0	0
393	8	3	1	0	Agent	-3	Roger	1	Agent		-1	-3	4	sat	[3, 4]	['sat', 'down.']	29	34	140	140	140	140	452	452	452	452	-3	-3	3	0	0
395	8	3	1	0	Agent	-3	Roger	1	Agent		-1	-3	4	sat	[3, 4]	['sat', 'down.']	31	177	0	0	0	0	328	328	328	328	-3	-3	3	1	0
397	8	3	1	0	Agent	-3	Roger	1	Agent		-1	-3	4	sat	[3, 4]	['sat', 'down.']	33	194	80	184	344	768	112	112	112	932	-3	-3	3	0	0
399	8	3	1	0	Agent	-3	Roger	1	Agent		-1	-3	4	sat	[3, 4]	['sat', 'down.']	35	26	212	212	212	212	200	672	672	672	-3	-3	3	0	0
403	8	3	1	0	Agent	-3	Roger	1	Agent		-1	-3	4	sat	[3, 4]	['sat', 'down.']	39	95	0	0	0	0	164	164	164	164	-3	-3	3	1	0
404	8	3	1	0	Agent	-3	Roger	1	Agent		-1	-3	4	sat	[3, 4]	['sat', 'down.']	41	79	252	360	360	360	276	276	276	276	-3	-3	3	0	0
405	8	3	1	0	Agent	-3	Roger	1	Agent		-1	-3	4	sat	[3, 4]	['sat', 'down.']	42	165	0	0	0	0	136	136	136	380	-3	-3	3	1	0
409	9	2	1	0	Theme	-2	Things	1	Theme		-1	-2	3	looking	[2, 3, 4]	['looking', 'up', 'again.']	3	41	144	292	292	292	208	208	208	208	-2	-2	7	0	0
410	9	2	1	0	Theme	-2	Things	1	Theme		-1	-2	3	looking	[2, 3, 4]	['looking', 'up', 'again.']	4	194	380	380	380	380	232	232	232	232	-2	-2	7	0	0
414	9	2	1	0	Theme	-2	Things	1	Theme		-1	-2	3	looking	[2, 3, 4]	['looking', 'up', 'again.']	8	43	160	160	160	160	168	168	672	840	-2	-2	7	0	0
416	9	2	1	0	Theme	-2	Things	1	Theme		-1	-2	3	looking	[2, 3, 4]	['looking', 'up', 'again.']	11	115	120	120	120	120	388	544	544	544	-2	-2	7	0	0
417	9	2	1	0	Theme	-2	Things	1	Theme		-1	-2	3	looking	[2, 3, 4]	['looking', 'up', 'again.']	12	65	260	260	400	888	236	236	236	236	-2	-2	7	0	0
418	9	2	1	0	Theme	-2	Things	1	Theme		-1	-2	3	looking	[2, 3, 4]	['looking', 'up', 'again.']	13	104	0	0	0	0	200	200	200	200	-2	-2	7	1	0
421	9	2	1	0	Theme	-2	Things	1	Theme		-1	-2	3	looking	[2, 3, 4]	['looking', 'up', 'again.']	16	168	192	192	192	192	556	556	556	556	-2	-2	7	0	0
422	9	2	1	0	Theme	-2	Things	1	Theme		-1	-2	3	looking	[2, 3, 4]	['looking', 'up', 'again.']	17	154	0	0	0	0	192	192	192	192	-2	-2	7	1	0
426	9	2	1	0	Theme	-2	Things	1	Theme		-1	-2	3	looking	[2, 3, 4]	['looking', 'up', 'again.']	21	96	120	120	120	120	136	136	136	136	-2	-2	7	0	0
428	9	2	1	0	Theme	-2	Things	1	Theme		-1	-2	3	looking	[2, 3, 4]	['looking', 'up', 'again.']	23	155	0	0	0	0	152	152	152	152	-2	-2	7	1	0
430	9	2	1	0	Theme	-2	Things	1	Theme		-1	-2	3	looking	[2, 3, 4]	['looking', 'up', 'again.']	25	22	176	340	340	452	180	180	180	180	-2	-2	7	0	0
431	9	2	1	0	Theme	-2	Things	1	Theme		-1	-2	3	looking	[2, 3, 4]	['looking', 'up', 'again.']	27	12	0	0	0	0	288	288	288	1392	-2	-2	7	1	0
434	9	2	1	0	Theme	-2	Things	1	Theme		-1	-2	3	looking	[2, 3, 4]	['looking', 'up', 'again.']	30	85	152	152	152	152	216	480	716	1460	-2	-2	7	0	0
436	9	2	1	0	Theme	-2	Things	1	Theme		-1	-2	3	looking	[2, 3, 4]	['looking', 'up', 'again.']	32	50	176	176	176	176	288	288	288	432	-2	-2	7	0	0
437	9	2	1	0	Theme	-2	Things	1	Theme		-1	-2	3	looking	[2, 3, 4]	['looking', 'up', 'again.']	33	150	128	128	128	128	172	308	308	308	-2	-2	7	0	0
438	9	2	1	0	Theme	-2	Things	1	Theme		-1	-2	3	looking	[2, 3, 4]	['looking', 'up', 'again.']	34	46	176	332	332	332	192	192	192	748	-2	-2	7	0	0
441	9	2	1	0	Theme	-2	Things	1	Theme		-1	-2	3	looking	[2, 3, 4]	['looking', 'up', 'again.']	37	191	128	236	236	236	148	148	148	148	-2	-2	7	0	0
442	9	2	1	0	Theme	-2	Things	1	Theme		-1	-2	3	looking	[2, 3, 4]	['looking', 'up', 'again.']	38	151	188	188	188	188	232	232	232	232	-2	-2	7	0	0
443	9	2	1	0	Theme	-2	Things	1	Theme		-1	-2	3	looking	[2, 3, 4]	['looking', 'up', 'again.']	39	42	228	228	228	420	128	128	128	128	-2	-2	7	0	0
446	9	2	1	0	Theme	-2	Things	1	Theme		-1	-2	3	looking	[2, 3, 4]	['looking', 'up', 'again.']	42	181	0	0	0	0	360	360	360	456	-2	-2	7	1	0
447	9	2	1	0	Theme	-2	Things	1	Theme		-1	-2	3	looking	[2, 3, 4]	['looking', 'up', 'again.']	43	16	0	0	0	0	284	284	284	284	-2	-2	7	1	0
448	11	1	1	1	Agent	-1		-1	Agent		-1	-1	1	Turn	[0]	['Turn']	1	169	0	0	0	0	224	224	224	384	-1	-1	4	1	0
449	11	1	1	1	Agent	-1		-1	Agent		-1	-1	1	Turn	[0]	['Turn']	2	116	240	240	240	240	96	96	96	96	-1	-1	4	0	0
450	11	1	1	1	Agent	-1		-1	Agent		-1	-1	1	Turn	[0]	['Turn']	3	20	0	0	0	0	212	756	756	756	-1	-1	4	1	0
453	11	1	1	1	Agent	-1		-1	Agent		-1	-1	1	Turn	[0]	['Turn']	6	47	0	0	0	0	248	248	248	248	-1	-1	4	1	0
455	11	1	1	1	Agent	-1		-1	Agent		-1	-1	1	Turn	[0]	['Turn']	8	177	0	0	0	0	312	452	452	452	-1	-1	4	1	0
457	11	1	1	1	Agent	-1		-1	Agent		-1	-1	1	Turn	[0]	['Turn']	11	42	296	432	432	432	132	132	132	132	-1	-1	4	0	0
459	11	1	1	1	Agent	-1		-1	Agent		-1	-1	1	Turn	[0]	['Turn']	13	134	348	348	348	348	220	220	220	220	-1	-1	4	0	0
460	11	1	1	1	Agent	-1		-1	Agent		-1	-1	1	Turn	[0]	['Turn']	14	186	0	0	0	0	120	428	428	428	-1	-1	4	1	0
461	11	1	1	1	Agent	-1		-1	Agent		-1	-1	1	Turn	[0]	['Turn']	15	93	156	156	156	156	128	128	128	128	-1	-1	4	0	0
462	11	1	1	1	Agent	-1		-1	Agent		-1	-1	1	Turn	[0]	['Turn']	16	110	120	316	316	316	176	176	176	176	-1	-1	4	0	0
463	11	1	1	1	Agent	-1		-1	Agent		-1	-1	1	Turn	[0]	['Turn']	17	166	724	724	724	724	348	348	348	348	-1	-1	4	0	0
464	11	1	1	1	Agent	-1		-1	Agent		-1	-1	1	Turn	[0]	['Turn']	18	20	32	32	32	32	408	408	408	408	-1	-1	4	0	0
465	11	1	1	1	Agent	-1		-1	Agent		-1	-1	1	Turn	[0]	['Turn']	19	16	0	0	0	0	240	240	240	424	-1	-1	4	1	0
466	11	1	1	1	Agent	-1		-1	Agent		-1	-1	1	Turn	[0]	['Turn']	20	58	0	0	0	0	272	272	272	404	-1	-1	4	1	0
468	11	1	1	1	Agent	-1		-1	Agent		-1	-1	1	Turn	[0]	['Turn']	22	162	392	392	392	392	152	152	152	152	-1	-1	4	0	0
469	11	1	1	1	Agent	-1		-1	Agent		-1	-1	1	Turn	[0]	['Turn']	23	7	324	324	324	324	288	288	288	288	-1	-1	4	0	0
471	11	1	1	1	Agent	-1		-1	Agent		-1	-1	1	Turn	[0]	['Turn']	25	184	112	112	112	112	140	140	140	328	-1	-1	4	0	0
472	11	1	1	1	Agent	-1		-1	Agent		-1	-1	1	Turn	[0]	['Turn']	27	20	0	0	0	0	408	408	408	408	-1	-1	4	1	0
473	11	1	1	1	Agent	-1		-1	Agent		-1	-1	1	Turn	[0]	['Turn']	28	115	56	360	360	360	256	256	256	256	-1	-1	4	0	0
474	11	1	1	1	Agent	-1		-1	Agent		-1	-1	1	Turn	[0]	['Turn']	29	177	0	0	0	0	136	268	268	380	-1	-1	4	1	0
475	11	1	1	1	Agent	-1		-1	Agent		-1	-1	1	Turn	[0]	['Turn']	30	20	0	0	0	0	260	260	744	1020	-1	-1	4	1	0
477	11	1	1	1	Agent	-1		-1	Agent		-1	-1	1	Turn	[0]	['Turn']	32	96	228	400	400	400	156	156	156	156	-1	-1	4	0	0
478	11	1	1	1	Agent	-1		-1	Agent		-1	-1	1	Turn	[0]	['Turn']	33	188	240	240	240	240	120	572	572	572	-1	-1	4	0	0
480	11	1	1	1	Agent	-1		-1	Agent		-1	-1	1	Turn	[0]	['Turn']	35	173	300	300	300	300	164	164	164	164	-1	-1	4	0	0
482	11	1	1	1	Agent	-1		-1	Agent		-1	-1	1	Turn	[0]	['Turn']	37	187	200	416	416	416	120	120	120	120	-1	-1	4	0	0
483	11	1	1	1	Agent	-1		-1	Agent		-1	-1	1	Turn	[0]	['Turn']	38	134	0	0	0	0	240	516	516	516	-1	-1	4	1	0
486	11	1	1	1	Agent	-1		-1	Agent		-1	-1	1	Turn	[0]	['Turn']	41	35	0	0	0	0	172	424	424	424	-1	-1	4	1	0
488	11	1	1	1	Agent	-1		-1	Agent		-1	-1	1	Turn	[0]	['Turn']	43	125	0	0	0	0	264	264	264	392	-1	-1	4	1	0
489	12	2	1	1	Agent	-2	You'll	1	Agent		-1	-2	2	demand	[1]	['demand']	1	109	200	512	512	512	372	372	372	372	-2	-2	6	0	0
490	12	2	1	1	Agent	-2	You'll	1	Agent		-1	-2	2	demand	[1]	['demand']	2	179	96	96	96	96	176	396	396	396	-2	-2	6	0	0
491	12	2	1	1	Agent	-2	You'll	1	Agent		-1	-2	2	demand	[1]	['demand']	3	179	132	312	312	312	136	136	380	516	-2	-2	6	0	0
492	12	2	1	1	Agent	-2	You'll	1	Agent		-1	-2	2	demand	[1]	['demand']	4	111	248	248	384	516	188	188	188	188	-2	-2	6	0	0
493	12	2	1	1	Agent	-2	You'll	1	Agent		-1	-2	2	demand	[1]	['demand']	5	26	0	0	0	0	240	276	496	868	-2	-2	6	1	0
494	12	2	1	1	Agent	-2	You'll	1	Agent		-1	-2	2	demand	[1]	['demand']	6	118	152	152	152	152	132	416	416	632	-2	-2	6	0	0
495	12	2	1	1	Agent	-2	You'll	1	Agent		-1	-2	2	demand	[1]	['demand']	7	108	188	188	188	188	148	148	456	784	-2	-2	6	0	0
496	12	2	1	1	Agent	-2	You'll	1	Agent		-1	-2	2	demand	[1]	['demand']	8	45	172	172	172	172	200	200	584	932	-2	-2	6	0	0
498	12	2	1	1	Agent	-2	You'll	1	Agent		-1	-2	2	demand	[1]	['demand']	10	72	128	128	128	128	188	396	396	396	-2	-2	6	0	0
499	12	2	1	1	Agent	-2	You'll	1	Agent		-1	-2	2	demand	[1]	['demand']	11	172	140	140	232	620	212	352	352	352	-2	-2	6	0	0
500	12	2	1	1	Agent	-2	You'll	1	Agent		-1	-2	2	demand	[1]	['demand']	12	159	488	488	488	488	220	220	220	220	-2	-2	6	0	0
501	12	2	1	1	Agent	-2	You'll	1	Agent		-1	-2	2	demand	[1]	['demand']	13	186	292	292	292	292	264	264	264	264	-2	-2	6	0	0
502	12	2	1	1	Agent	-2	You'll	1	Agent		-1	-2	2	demand	[1]	['demand']	14	47	184	184	184	184	172	172	424	644	-2	-2	6	0	0
504	12	2	1	1	Agent	-2	You'll	1	Agent		-1	-2	2	demand	[1]	['demand']	16	64	236	236	236	436	208	208	384	540	-2	-2	6	0	0
505	12	2	1	1	Agent	-2	You'll	1	Agent		-1	-2	2	demand	[1]	['demand']	17	164	244	244	244	244	212	212	212	212	-2	-2	6	0	0
506	12	2	1	1	Agent	-2	You'll	1	Agent		-1	-2	2	demand	[1]	['demand']	18	118	148	148	148	148	148	284	284	284	-2	-2	6	0	0
507	12	2	1	1	Agent	-2	You'll	1	Agent		-1	-2	2	demand	[1]	['demand']	19	50	0	0	0	0	232	232	432	860	-2	-2	6	1	0
508	12	2	1	1	Agent	-2	You'll	1	Agent		-1	-2	2	demand	[1]	['demand']	20	94	220	360	360	360	164	164	164	164	-2	-2	6	0	0
509	12	2	1	1	Agent	-2	You'll	1	Agent		-1	-2	2	demand	[1]	['demand']	21	42	268	268	268	388	128	128	128	128	-2	-2	6	0	0
510	12	2	1	1	Agent	-2	You'll	1	Agent		-1	-2	2	demand	[1]	['demand']	22	112	208	208	208	208	276	276	276	276	-2	-2	6	0	0
512	12	2	1	1	Agent	-2	You'll	1	Agent		-1	-2	2	demand	[1]	['demand']	24	195	164	164	164	164	316	316	316	316	-2	-2	6	0	0
513	12	2	1	1	Agent	-2	You'll	1	Agent		-1	-2	2	demand	[1]	['demand']	25	151	160	352	352	352	204	340	340	340	-2	-2	6	0	0
514	12	2	1	1	Agent	-2	You'll	1	Agent		-1	-2	2	demand	[1]	['demand']	27	183	228	228	228	460	276	400	400	400	-2	-2	6	0	0
515	12	2	1	1	Agent	-2	You'll	1	Agent		-1	-2	2	demand	[1]	['demand']	28	172	260	260	260	260	460	460	460	460	-2	-2	6	0	0
517	12	2	1	1	Agent	-2	You'll	1	Agent		-1	-2	2	demand	[1]	['demand']	30	189	260	260	260	784	288	428	428	428	-2	-2	6	0	0
518	12	2	1	1	Agent	-2	You'll	1	Agent		-1	-2	2	demand	[1]	['demand']	31	10	236	236	236	236	140	364	364	364	-2	-2	6	0	0
519	12	2	1	1	Agent	-2	You'll	1	Agent		-1	-2	2	demand	[1]	['demand']	32	199	224	224	224	224	404	404	404	404	-2	-2	6	0	0
520	12	2	1	1	Agent	-2	You'll	1	Agent		-1	-2	2	demand	[1]	['demand']	33	180	248	248	248	248	272	680	680	680	-2	-2	6	0	0
521	12	2	1	1	Agent	-2	You'll	1	Agent		-1	-2	2	demand	[1]	['demand']	34	148	164	164	164	164	296	296	296	296	-2	-2	6	0	0
522	12	2	1	1	Agent	-2	You'll	1	Agent		-1	-2	2	demand	[1]	['demand']	35	67	200	200	200	200	104	104	260	528	-2	-2	6	0	0
523	12	2	1	1	Agent	-2	You'll	1	Agent		-1	-2	2	demand	[1]	['demand']	36	104	144	144	144	144	156	296	296	556	-2	-2	6	0	0
524	12	2	1	1	Agent	-2	You'll	1	Agent		-1	-2	2	demand	[1]	['demand']	37	184	148	248	248	248	156	156	272	472	-2	-2	6	0	0
525	12	2	1	1	Agent	-2	You'll	1	Agent		-1	-2	2	demand	[1]	['demand']	38	11	244	244	524	768	196	196	196	196	-2	-2	6	0	0
526	12	2	1	1	Agent	-2	You'll	1	Agent		-1	-2	2	demand	[1]	['demand']	39	166	184	184	184	184	196	196	196	332	-2	-2	6	0	0
527	12	2	1	1	Agent	-2	You'll	1	Agent		-1	-2	2	demand	[1]	['demand']	40	33	192	192	420	588	260	260	440	536	-2	-2	6	0	0
528	12	2	1	1	Agent	-2	You'll	1	Agent		-1	-2	2	demand	[1]	['demand']	41	4	268	268	268	532	132	276	276	276	-2	-2	6	0	0
529	12	2	1	1	Agent	-2	You'll	1	Agent		-1	-2	2	demand	[1]	['demand']	42	144	0	0	0	0	196	376	376	376	-2	-2	6	1	0
530	12	2	1	1	Agent	-2	You'll	1	Agent		-1	-2	2	demand	[1]	['demand']	43	33	196	196	196	196	192	192	464	692	-2	-2	6	0	0
533	13	1	1	1	Agent	-1	horse	2	Agent		-1	-1	4	thrown	[3]	['thrown']	3	156	124	124	564	740	400	516	516	652	-1	-1	6	0	0
535	13	1	1	1	Agent	-1	horse	2	Agent		-1	-1	4	thrown	[3]	['thrown']	5	201	244	448	448	584	76	76	76	76	-1	-1	6	0	0
539	13	1	1	1	Agent	-1	horse	2	Agent		-1	-1	4	thrown	[3]	['thrown']	10	106	0	0	0	0	28	28	28	616	-1	-1	6	1	0
540	13	1	1	1	Agent	-1	horse	2	Agent		-1	-1	4	thrown	[3]	['thrown']	11	146	204	204	204	204	172	172	172	388	-1	-1	6	0	0
547	13	1	1	1	Agent	-1	horse	2	Agent		-1	-1	4	thrown	[3]	['thrown']	18	187	0	0	0	0	204	204	204	204	-1	-1	6	1	0
549	13	1	1	1	Agent	-1	horse	2	Agent		-1	-1	4	thrown	[3]	['thrown']	20	191	156	156	156	156	252	252	252	252	-1	-1	6	0	0
554	13	1	1	1	Agent	-1	horse	2	Agent		-1	-1	4	thrown	[3]	['thrown']	25	172	240	280	280	280	116	116	116	116	-1	-1	6	0	0
558	13	1	1	1	Agent	-1	horse	2	Agent		-1	-1	4	thrown	[3]	['thrown']	30	204	360	360	556	1016	260	260	260	260	-1	-1	6	0	0
559	13	1	1	1	Agent	-1	horse	2	Agent		-1	-1	4	thrown	[3]	['thrown']	31	84	200	200	200	200	144	144	144	144	-1	-1	6	0	0
562	13	1	1	1	Agent	-1	horse	2	Agent		-1	-1	4	thrown	[3]	['thrown']	34	67	180	180	180	180	144	144	144	144	-1	-1	6	0	0
565	13	1	1	1	Agent	-1	horse	2	Agent		-1	-1	4	thrown	[3]	['thrown']	37	72	160	160	436	860	240	240	240	416	-1	-1	6	0	0
567	13	1	1	1	Agent	-1	horse	2	Agent		-1	-1	4	thrown	[3]	['thrown']	39	88	0	0	0	0	228	228	228	480	-1	-1	6	1	0
569	13	1	1	1	Agent	-1	horse	2	Agent		-1	-1	4	thrown	[3]	['thrown']	41	197	184	184	184	292	120	120	120	120	-1	-1	6	0	0
572	14	2	1	1	Causer	-1	train	3	Causer		-1	-1	4	took	[3]	['took']	1	53	492	492	492	492	220	220	220	220	-1	-1	4	0	0
573	14	2	1	1	Causer	-1	train	3	Causer		-1	-1	4	took	[3]	['took']	2	29	124	124	124	1456	88	88	88	980	-1	-1	4	0	0
574	14	2	1	1	Causer	-1	train	3	Causer		-1	-1	4	took	[3]	['took']	3	193	164	164	164	164	168	576	576	740	-1	-1	4	0	0
575	14	2	1	1	Causer	-1	train	3	Causer		-1	-1	4	took	[3]	['took']	4	177	304	304	468	1004	548	548	548	856	-1	-1	4	0	0
576	14	2	1	1	Causer	-1	train	3	Causer		-1	-1	4	took	[3]	['took']	5	4	0	0	0	0	236	236	480	2868	-1	-1	4	1	0
577	14	2	1	1	Causer	-1	train	3	Causer		-1	-1	4	took	[3]	['took']	6	5	196	196	468	984	368	368	368	368	-1	-1	4	0	0
579	14	2	1	1	Causer	-1	train	3	Causer		-1	-1	4	took	[3]	['took']	8	4	252	252	252	252	340	340	340	340	-1	-1	4	0	0
580	14	2	1	1	Causer	-1	train	3	Causer		-1	-1	4	took	[3]	['took']	10	60	148	148	148	148	192	192	192	192	-1	-1	4	0	0
581	14	2	1	1	Causer	-1	train	3	Causer		-1	-1	4	took	[3]	['took']	11	10	180	500	500	500	148	148	148	148	-1	-1	4	0	0
582	14	2	1	1	Causer	-1	train	3	Causer		-1	-1	4	took	[3]	['took']	12	201	0	0	0	0	288	288	288	1480	-1	-1	4	1	0
585	14	2	1	1	Causer	-1	train	3	Causer		-1	-1	4	took	[3]	['took']	15	155	208	208	208	208	132	132	352	768	-1	-1	4	0	0
586	14	2	1	1	Causer	-1	train	3	Causer		-1	-1	4	took	[3]	['took']	16	181	184	184	184	184	196	556	556	556	-1	-1	4	0	0
587	14	2	1	1	Causer	-1	train	3	Causer		-1	-1	4	took	[3]	['took']	17	17	468	468	468	468	296	296	296	296	-1	-1	4	0	0
588	14	2	1	1	Causer	-1	train	3	Causer		-1	-1	4	took	[3]	['took']	18	108	212	212	212	212	240	240	240	424	-1	-1	4	0	0
589	14	2	1	1	Causer	-1	train	3	Causer		-1	-1	4	took	[3]	['took']	19	200	224	224	224	224	220	220	220	220	-1	-1	4	0	0
590	14	2	1	1	Causer	-1	train	3	Causer		-1	-1	4	took	[3]	['took']	20	54	132	132	132	132	248	248	248	248	-1	-1	4	0	0
593	14	2	1	1	Causer	-1	train	3	Causer		-1	-1	4	took	[3]	['took']	23	92	168	464	464	464	192	192	192	192	-1	-1	4	0	0
594	14	2	1	1	Causer	-1	train	3	Causer		-1	-1	4	took	[3]	['took']	24	175	136	136	136	136	144	272	272	272	-1	-1	4	0	0
595	14	2	1	1	Causer	-1	train	3	Causer		-1	-1	4	took	[3]	['took']	25	154	168	168	380	760	148	148	148	148	-1	-1	4	0	0
596	14	2	1	1	Causer	-1	train	3	Causer		-1	-1	4	took	[3]	['took']	27	166	400	400	400	400	128	128	128	640	-1	-1	4	0	0
597	14	2	1	1	Causer	-1	train	3	Causer		-1	-1	4	took	[3]	['took']	28	127	232	468	468	468	820	820	820	820	-1	-1	4	0	0
598	14	2	1	1	Causer	-1	train	3	Causer		-1	-1	4	took	[3]	['took']	29	74	228	228	456	964	172	284	284	284	-1	-1	4	0	0
599	14	2	1	1	Causer	-1	train	3	Causer		-1	-1	4	took	[3]	['took']	30	173	300	300	300	300	248	248	248	248	-1	-1	4	0	0
601	14	2	1	1	Causer	-1	train	3	Causer		-1	-1	4	took	[3]	['took']	32	78	184	184	184	184	280	280	280	464	-1	-1	4	0	0
602	14	2	1	1	Causer	-1	train	3	Causer		-1	-1	4	took	[3]	['took']	33	142	176	176	176	176	132	132	232	400	-1	-1	4	0	0
603	14	2	1	1	Causer	-1	train	3	Causer		-1	-1	4	took	[3]	['took']	34	1	280	280	280	280	296	296	296	296	-1	-1	4	0	0
604	14	2	1	1	Causer	-1	train	3	Causer		-1	-1	4	took	[3]	['took']	35	1	184	184	184	184	144	144	144	144	-1	-1	4	0	0
605	14	2	1	1	Causer	-1	train	3	Causer		-1	-1	4	took	[3]	['took']	36	115	216	216	216	216	152	152	520	816	-1	-1	4	0	0
606	14	2	1	1	Causer	-1	train	3	Causer		-1	-1	4	took	[3]	['took']	37	126	192	192	192	192	156	456	604	1372	-1	-1	4	0	0
607	14	2	1	1	Causer	-1	train	3	Causer		-1	-1	4	took	[3]	['took']	38	108	0	0	0	0	188	188	188	304	-1	-1	4	1	0
608	14	2	1	1	Causer	-1	train	3	Causer		-1	-1	4	took	[3]	['took']	39	96	0	0	0	0	196	224	224	416	-1	-1	4	1	0
609	14	2	1	1	Causer	-1	train	3	Causer		-1	-1	4	took	[3]	['took']	41	160	236	236	492	768	232	232	232	232	-1	-1	4	0	0
611	14	2	1	1	Causer	-1	train	3	Causer		-1	-1	4	took	[3]	['took']	43	163	176	176	176	176	164	164	308	592	-1	-1	4	0	0
612	15	4	1	1	Agent	-4	Five	1	Agent		-1	-4	4	listening	[3, 4]	['listening', 'for']	1	182	232	520	520	520	304	304	304	304	-4	-4	9	0	0
613	15	4	1	1	Agent	-4	Five	1	Agent		-1	-4	4	listening	[3, 4]	['listening', 'for']	2	67	200	200	200	200	160	160	160	160	-4	-4	9	0	0
614	15	4	1	1	Agent	-4	Five	1	Agent		-1	-4	4	listening	[3, 4]	['listening', 'for']	3	135	248	248	248	248	244	244	244	244	-4	-4	9	0	0
616	15	4	1	1	Agent	-4	Five	1	Agent		-1	-4	4	listening	[3, 4]	['listening', 'for']	5	86	292	292	292	292	292	292	552	1832	-4	-4	9	0	0
617	15	4	1	1	Agent	-4	Five	1	Agent		-1	-4	4	listening	[3, 4]	['listening', 'for']	6	173	180	180	180	180	76	76	76	76	-4	-4	9	0	0
618	15	4	1	1	Agent	-4	Five	1	Agent		-1	-4	4	listening	[3, 4]	['listening', 'for']	7	83	120	120	120	120	124	124	320	868	-4	-4	9	0	0
619	15	4	1	1	Agent	-4	Five	1	Agent		-1	-4	4	listening	[3, 4]	['listening', 'for']	8	126	276	276	276	276	484	484	484	1056	-4	-4	9	0	0
620	15	4	1	1	Agent	-4	Five	1	Agent		-1	-4	4	listening	[3, 4]	['listening', 'for']	10	80	144	272	272	272	188	188	188	188	-4	-4	9	0	0
621	15	4	1	1	Agent	-4	Five	1	Agent		-1	-4	4	listening	[3, 4]	['listening', 'for']	11	177	316	316	316	316	156	300	300	300	-4	-4	9	0	0
622	15	4	1	1	Agent	-4	Five	1	Agent		-1	-4	4	listening	[3, 4]	['listening', 'for']	12	146	252	252	372	672	244	244	244	244	-4	-4	9	0	0
623	15	4	1	1	Agent	-4	Five	1	Agent		-1	-4	4	listening	[3, 4]	['listening', 'for']	13	68	180	180	180	180	272	272	272	440	-4	-4	9	0	0
624	15	4	1	1	Agent	-4	Five	1	Agent		-1	-4	4	listening	[3, 4]	['listening', 'for']	14	93	204	204	204	204	228	228	228	228	-4	-4	9	0	0
625	15	4	1	1	Agent	-4	Five	1	Agent		-1	-4	4	listening	[3, 4]	['listening', 'for']	15	80	144	144	144	144	168	168	168	692	-4	-4	9	0	0
626	15	4	1	1	Agent	-4	Five	1	Agent		-1	-4	4	listening	[3, 4]	['listening', 'for']	16	193	168	340	340	340	268	268	268	268	-4	-4	9	0	0
628	15	4	1	1	Agent	-4	Five	1	Agent		-1	-4	4	listening	[3, 4]	['listening', 'for']	18	21	340	340	524	772	304	304	304	632	-4	-4	9	0	0
629	15	4	1	1	Agent	-4	Five	1	Agent		-1	-4	4	listening	[3, 4]	['listening', 'for']	19	78	184	304	304	304	208	208	404	1408	-4	-4	9	0	0
631	15	4	1	1	Agent	-4	Five	1	Agent		-1	-4	4	listening	[3, 4]	['listening', 'for']	21	152	132	324	324	324	316	316	316	316	-4	-4	9	0	0
632	15	4	1	1	Agent	-4	Five	1	Agent		-1	-4	4	listening	[3, 4]	['listening', 'for']	22	199	436	436	436	436	268	268	268	268	-4	-4	9	0	0
633	15	4	1	1	Agent	-4	Five	1	Agent		-1	-4	4	listening	[3, 4]	['listening', 'for']	23	62	348	584	584	584	240	240	240	240	-4	-4	9	0	0
634	15	4	1	1	Agent	-4	Five	1	Agent		-1	-4	4	listening	[3, 4]	['listening', 'for']	24	4	160	160	160	160	200	352	352	700	-4	-4	9	0	0
635	15	4	1	1	Agent	-4	Five	1	Agent		-1	-4	4	listening	[3, 4]	['listening', 'for']	25	26	240	240	440	960	188	188	188	188	-4	-4	9	0	0
636	15	4	1	1	Agent	-4	Five	1	Agent		-1	-4	4	listening	[3, 4]	['listening', 'for']	27	114	136	324	324	324	260	260	856	1240	-4	-4	9	0	0
637	15	4	1	1	Agent	-4	Five	1	Agent		-1	-4	4	listening	[3, 4]	['listening', 'for']	28	153	164	164	164	164	208	444	444	444	-4	-4	9	0	0
638	15	4	1	1	Agent	-4	Five	1	Agent		-1	-4	4	listening	[3, 4]	['listening', 'for']	29	52	128	128	128	128	112	112	244	1408	-4	-4	9	0	0
639	15	4	1	1	Agent	-4	Five	1	Agent		-1	-4	4	listening	[3, 4]	['listening', 'for']	30	92	244	244	244	244	236	236	236	236	-4	-4	9	0	0
641	15	4	1	1	Agent	-4	Five	1	Agent		-1	-4	4	listening	[3, 4]	['listening', 'for']	32	97	244	244	244	424	136	136	1052	1536	-4	-4	9	0	0
642	15	4	1	1	Agent	-4	Five	1	Agent		-1	-4	4	listening	[3, 4]	['listening', 'for']	33	202	132	132	132	132	208	368	576	1472	-4	-4	9	0	0
643	15	4	1	1	Agent	-4	Five	1	Agent		-1	-4	4	listening	[3, 4]	['listening', 'for']	34	17	288	288	288	540	180	180	180	360	-4	-4	9	0	0
644	15	4	1	1	Agent	-4	Five	1	Agent		-1	-4	4	listening	[3, 4]	['listening', 'for']	35	34	212	212	212	212	144	144	144	144	-4	-4	9	0	0
645	15	4	1	1	Agent	-4	Five	1	Agent		-1	-4	4	listening	[3, 4]	['listening', 'for']	36	103	252	252	252	252	188	188	752	1104	-4	-4	9	0	0
646	15	4	1	1	Agent	-4	Five	1	Agent		-1	-4	4	listening	[3, 4]	['listening', 'for']	37	67	112	184	184	184	136	136	136	136	-4	-4	9	0	0
647	15	4	1	1	Agent	-4	Five	1	Agent		-1	-4	4	listening	[3, 4]	['listening', 'for']	38	129	248	248	248	248	232	232	232	232	-4	-4	9	0	0
648	15	4	1	1	Agent	-4	Five	1	Agent		-1	-4	4	listening	[3, 4]	['listening', 'for']	39	97	104	308	308	308	172	172	172	380	-4	-4	9	0	0
650	15	4	1	1	Agent	-4	Five	1	Agent		-1	-4	4	listening	[3, 4]	['listening', 'for']	41	144	32	32	300	812	176	176	504	836	-4	-4	9	0	0
652	15	4	1	1	Agent	-4	Five	1	Agent		-1	-4	4	listening	[3, 4]	['listening', 'for']	43	138	184	264	264	264	560	560	560	560	-4	-4	9	0	0
653	16	1	1	0	Experiencer	-1	Gordon	1	Experiencer		-1	-1	2	felt	[1]	['felt']	1	15	152	152	152	152	260	260	260	260	-1	-1	4	0	0
654	16	1	1	0	Experiencer	-1	Gordon	1	Experiencer		-1	-1	2	felt	[1]	['felt']	2	101	76	320	320	320	136	136	136	136	-1	-1	4	0	0
655	16	1	1	0	Experiencer	-1	Gordon	1	Experiencer		-1	-1	2	felt	[1]	['felt']	3	59	192	444	444	444	168	168	168	168	-1	-1	4	0	0
656	16	1	1	0	Experiencer	-1	Gordon	1	Experiencer		-1	-1	2	felt	[1]	['felt']	4	148	160	160	160	160	148	148	148	148	-1	-1	4	0	0
657	16	1	1	0	Experiencer	-1	Gordon	1	Experiencer		-1	-1	2	felt	[1]	['felt']	5	72	240	240	240	496	164	164	164	164	-1	-1	4	0	0
658	16	1	1	0	Experiencer	-1	Gordon	1	Experiencer		-1	-1	2	felt	[1]	['felt']	6	192	224	224	224	224	124	124	124	124	-1	-1	4	0	0
659	16	1	1	0	Experiencer	-1	Gordon	1	Experiencer		-1	-1	2	felt	[1]	['felt']	7	195	0	0	0	0	160	160	160	160	-1	-1	4	1	0
660	16	1	1	0	Experiencer	-1	Gordon	1	Experiencer		-1	-1	2	felt	[1]	['felt']	8	22	232	232	388	576	196	196	196	196	-1	-1	4	0	0
661	16	1	1	0	Experiencer	-1	Gordon	1	Experiencer		-1	-1	2	felt	[1]	['felt']	9	5	192	192	192	192	196	196	196	196	-1	-1	4	0	0
662	16	1	1	0	Experiencer	-1	Gordon	1	Experiencer		-1	-1	2	felt	[1]	['felt']	10	86	128	128	128	128	156	156	156	156	-1	-1	4	0	0
663	16	1	1	0	Experiencer	-1	Gordon	1	Experiencer		-1	-1	2	felt	[1]	['felt']	11	16	232	232	232	232	136	136	136	136	-1	-1	4	0	0
665	16	1	1	0	Experiencer	-1	Gordon	1	Experiencer		-1	-1	2	felt	[1]	['felt']	13	139	356	356	356	356	184	184	184	184	-1	-1	4	0	0
666	16	1	1	0	Experiencer	-1	Gordon	1	Experiencer		-1	-1	2	felt	[1]	['felt']	14	177	136	136	136	136	256	256	256	256	-1	-1	4	0	0
667	16	1	1	0	Experiencer	-1	Gordon	1	Experiencer		-1	-1	2	felt	[1]	['felt']	15	142	0	0	0	0	196	196	196	196	-1	-1	4	1	0
668	16	1	1	0	Experiencer	-1	Gordon	1	Experiencer		-1	-1	2	felt	[1]	['felt']	16	113	156	304	304	304	212	212	212	212	-1	-1	4	0	0
670	16	1	1	0	Experiencer	-1	Gordon	1	Experiencer		-1	-1	2	felt	[1]	['felt']	18	45	0	0	0	0	252	252	252	252	-1	-1	4	1	0
671	16	1	1	0	Experiencer	-1	Gordon	1	Experiencer		-1	-1	2	felt	[1]	['felt']	19	8	172	172	172	172	160	160	160	160	-1	-1	4	0	0
673	16	1	1	0	Experiencer	-1	Gordon	1	Experiencer		-1	-1	2	felt	[1]	['felt']	21	55	0	0	0	0	212	212	400	708	-1	-1	4	1	0
674	16	1	1	0	Experiencer	-1	Gordon	1	Experiencer		-1	-1	2	felt	[1]	['felt']	22	101	208	208	208	208	168	388	388	388	-1	-1	4	0	0
675	16	1	1	0	Experiencer	-1	Gordon	1	Experiencer		-1	-1	2	felt	[1]	['felt']	23	103	172	380	380	380	132	288	288	288	-1	-1	4	0	0
676	16	1	1	0	Experiencer	-1	Gordon	1	Experiencer		-1	-1	2	felt	[1]	['felt']	24	40	148	148	148	148	160	160	160	160	-1	-1	4	0	0
677	16	1	1	0	Experiencer	-1	Gordon	1	Experiencer		-1	-1	2	felt	[1]	['felt']	25	166	228	228	388	648	136	136	136	136	-1	-1	4	0	0
678	16	1	1	0	Experiencer	-1	Gordon	1	Experiencer		-1	-1	2	felt	[1]	['felt']	27	26	0	0	0	0	72	72	72	552	-1	-1	4	1	0
680	16	1	1	0	Experiencer	-1	Gordon	1	Experiencer		-1	-1	2	felt	[1]	['felt']	29	97	132	132	132	132	180	180	180	180	-1	-1	4	0	0
681	16	1	1	0	Experiencer	-1	Gordon	1	Experiencer		-1	-1	2	felt	[1]	['felt']	30	70	220	220	220	220	276	276	488	744	-1	-1	4	0	0
682	16	1	1	0	Experiencer	-1	Gordon	1	Experiencer		-1	-1	2	felt	[1]	['felt']	31	136	0	0	0	0	144	144	144	144	-1	-1	4	1	0
683	16	1	1	0	Experiencer	-1	Gordon	1	Experiencer		-1	-1	2	felt	[1]	['felt']	32	41	232	232	232	232	184	184	184	184	-1	-1	4	0	0
684	16	1	1	0	Experiencer	-1	Gordon	1	Experiencer		-1	-1	2	felt	[1]	['felt']	33	2	200	200	200	200	188	188	188	188	-1	-1	4	0	0
685	16	1	1	0	Experiencer	-1	Gordon	1	Experiencer		-1	-1	2	felt	[1]	['felt']	34	92	0	0	0	0	220	220	220	432	-1	-1	4	1	0
687	16	1	1	0	Experiencer	-1	Gordon	1	Experiencer		-1	-1	2	felt	[1]	['felt']	36	186	0	0	0	0	180	180	180	180	-1	-1	4	1	0
688	16	1	1	0	Experiencer	-1	Gordon	1	Experiencer		-1	-1	2	felt	[1]	['felt']	37	49	32	32	336	540	212	212	212	212	-1	-1	4	0	0
697	16	5	1	0	Patient	-1	anger	4	Patient		-1	-1	5	build	[4, 5]	['build', 'up.']	3	59	236	404	404	404	376	388	388	516	-1	-1	5	0	0
701	16	5	1	0	Patient	-1	anger	4	Patient		-1	-1	5	build	[4, 5]	['build', 'up.']	7	195	160	160	380	624	96	96	940	2444	-1	-1	5	0	0
703	16	5	1	0	Patient	-1	anger	4	Patient		-1	-1	5	build	[4, 5]	['build', 'up.']	9	5	260	260	520	892	276	452	784	1796	-1	-1	5	0	0
705	16	5	1	0	Patient	-1	anger	4	Patient		-1	-1	5	build	[4, 5]	['build', 'up.']	11	16	172	612	612	612	312	692	692	692	-1	-1	5	0	0
707	16	5	1	0	Patient	-1	anger	4	Patient		-1	-1	5	build	[4, 5]	['build', 'up.']	13	139	276	276	276	276	324	672	672	672	-1	-1	5	0	0
709	16	5	1	0	Patient	-1	anger	4	Patient		-1	-1	5	build	[4, 5]	['build', 'up.']	15	142	264	264	264	520	404	404	404	404	-1	-1	5	0	0
710	16	5	1	0	Patient	-1	anger	4	Patient		-1	-1	5	build	[4, 5]	['build', 'up.']	16	113	204	872	872	872	392	392	392	392	-1	-1	5	0	0
715	16	5	1	0	Patient	-1	anger	4	Patient		-1	-1	5	build	[4, 5]	['build', 'up.']	21	55	0	0	0	0	212	212	756	912	-1	-1	5	1	0
716	16	5	1	0	Patient	-1	anger	4	Patient		-1	-1	5	build	[4, 5]	['build', 'up.']	22	101	244	572	572	572	308	308	308	308	-1	-1	5	0	0
719	16	5	1	0	Patient	-1	anger	4	Patient		-1	-1	5	build	[4, 5]	['build', 'up.']	25	166	196	196	196	196	148	148	148	148	-1	-1	5	0	0
720	16	5	1	0	Patient	-1	anger	4	Patient		-1	-1	5	build	[4, 5]	['build', 'up.']	27	26	204	696	696	696	200	200	200	200	-1	-1	5	0	0
721	16	5	1	0	Patient	-1	anger	4	Patient		-1	-1	5	build	[4, 5]	['build', 'up.']	28	23	240	240	424	1080	264	264	264	264	-1	-1	5	0	0
722	16	5	1	0	Patient	-1	anger	4	Patient		-1	-1	5	build	[4, 5]	['build', 'up.']	29	97	176	176	176	176	368	368	368	368	-1	-1	5	0	0
723	16	5	1	0	Patient	-1	anger	4	Patient		-1	-1	5	build	[4, 5]	['build', 'up.']	30	70	404	404	404	404	444	444	444	444	-1	-1	5	0	0
726	16	5	1	0	Patient	-1	anger	4	Patient		-1	-1	5	build	[4, 5]	['build', 'up.']	33	2	284	372	372	372	80	80	260	828	-1	-1	5	0	0
728	16	5	1	0	Patient	-1	anger	4	Patient		-1	-1	5	build	[4, 5]	['build', 'up.']	35	35	316	316	316	316	332	332	332	332	-1	-1	5	0	0
734	16	5	1	0	Patient	-1	anger	4	Patient		-1	-1	5	build	[4, 5]	['build', 'up.']	41	23	192	276	276	276	648	648	916	1224	-1	-1	5	0	0
735	16	5	1	0	Patient	-1	anger	4	Patient		-1	-1	5	build	[4, 5]	['build', 'up.']	42	98	260	260	260	260	200	200	200	380	-1	-1	5	0	0
736	16	5	1	0	Patient	-1	anger	4	Patient		-1	-1	5	build	[4, 5]	['build', 'up.']	43	54	264	264	264	264	428	428	428	1020	-1	-1	5	0	0
737	17	1	1	1	Agent	-1	Harry	1	Agent		-1	-1	2	smiled	[1, 2]	['smiled', 'at']	1	158	156	156	156	156	192	192	192	192	-1	-1	6	0	0
746	17	1	1	1	Agent	-1	Harry	1	Agent		-1	-1	2	smiled	[1, 2]	['smiled', 'at']	11	37	180	180	180	180	136	136	136	136	-1	-1	6	0	0
755	17	1	1	1	Agent	-1	Harry	1	Agent		-1	-1	2	smiled	[1, 2]	['smiled', 'at']	20	116	240	540	540	540	92	92	92	92	-1	-1	6	0	0
758	17	1	1	1	Agent	-1	Harry	1	Agent		-1	-1	2	smiled	[1, 2]	['smiled', 'at']	23	75	324	324	324	324	36	160	160	160	-1	-1	6	0	0
763	17	1	1	1	Agent	-1	Harry	1	Agent		-1	-1	2	smiled	[1, 2]	['smiled', 'at']	29	31	0	0	0	0	56	56	56	56	-1	-1	6	1	0
764	17	1	1	1	Agent	-1	Harry	1	Agent		-1	-1	2	smiled	[1, 2]	['smiled', 'at']	30	133	272	272	780	1012	296	296	296	296	-1	-1	6	0	0
768	17	1	1	1	Agent	-1	Harry	1	Agent		-1	-1	2	smiled	[1, 2]	['smiled', 'at']	34	69	0	0	0	0	232	232	232	232	-1	-1	6	1	0
769	17	1	1	1	Agent	-1	Harry	1	Agent		-1	-1	2	smiled	[1, 2]	['smiled', 'at']	35	102	340	340	340	340	160	160	160	160	-1	-1	6	0	0
773	17	1	1	1	Agent	-1	Harry	1	Agent		-1	-1	2	smiled	[1, 2]	['smiled', 'at']	39	148	0	0	0	0	224	224	224	372	-1	-1	6	1	0
774	17	1	1	1	Agent	-1	Harry	1	Agent		-1	-1	2	smiled	[1, 2]	['smiled', 'at']	40	47	0	0	0	0	172	172	172	612	-1	-1	6	1	0
778	18	1	1	1	Pivot	-1	He	1	Pivot		-1	-1	2	needed	[1]	['needed']	1	33	160	312	312	312	156	156	156	156	-1	-1	6	0	0
779	18	1	1	1	Pivot	-1	He	1	Pivot		-1	-1	2	needed	[1]	['needed']	2	120	48	48	48	48	96	256	256	256	-1	-1	6	0	0
780	18	1	1	1	Pivot	-1	He	1	Pivot		-1	-1	2	needed	[1]	['needed']	3	75	148	148	148	148	236	432	432	432	-1	-1	6	0	0
781	18	1	1	1	Pivot	-1	He	1	Pivot		-1	-1	2	needed	[1]	['needed']	4	105	332	332	332	332	184	184	184	184	-1	-1	6	0	0
782	18	1	1	1	Pivot	-1	He	1	Pivot		-1	-1	2	needed	[1]	['needed']	5	81	0	0	0	0	252	252	252	476	-1	-1	6	1	0
783	18	1	1	1	Pivot	-1	He	1	Pivot		-1	-1	2	needed	[1]	['needed']	6	46	244	244	244	244	140	140	140	140	-1	-1	6	0	0
784	18	1	1	1	Pivot	-1	He	1	Pivot		-1	-1	2	needed	[1]	['needed']	7	107	224	224	224	224	52	188	188	188	-1	-1	6	0	0
785	18	1	1	1	Pivot	-1	He	1	Pivot		-1	-1	2	needed	[1]	['needed']	8	153	256	384	384	384	244	244	244	244	-1	-1	6	0	0
786	18	1	1	1	Pivot	-1	He	1	Pivot		-1	-1	2	needed	[1]	['needed']	10	135	348	348	348	348	188	188	480	784	-1	-1	6	0	0
787	18	1	1	1	Pivot	-1	He	1	Pivot		-1	-1	2	needed	[1]	['needed']	11	201	144	144	144	144	164	164	164	164	-1	-1	6	0	0
789	18	1	1	1	Pivot	-1	He	1	Pivot		-1	-1	2	needed	[1]	['needed']	13	27	312	312	312	312	132	132	132	132	-1	-1	6	0	0
790	18	1	1	1	Pivot	-1	He	1	Pivot		-1	-1	2	needed	[1]	['needed']	14	149	300	760	760	760	184	184	184	184	-1	-1	6	0	0
791	18	1	1	1	Pivot	-1	He	1	Pivot		-1	-1	2	needed	[1]	['needed']	15	36	60	60	60	60	168	168	168	256	-1	-1	6	0	0
792	18	1	1	1	Pivot	-1	He	1	Pivot		-1	-1	2	needed	[1]	['needed']	16	38	244	448	448	448	128	128	128	128	-1	-1	6	0	0
793	18	1	1	1	Pivot	-1	He	1	Pivot		-1	-1	2	needed	[1]	['needed']	17	84	256	404	404	404	340	340	340	340	-1	-1	6	0	0
794	18	1	1	1	Pivot	-1	He	1	Pivot		-1	-1	2	needed	[1]	['needed']	18	147	276	344	344	344	200	200	200	200	-1	-1	6	0	0
796	18	1	1	1	Pivot	-1	He	1	Pivot		-1	-1	2	needed	[1]	['needed']	20	7	76	324	324	324	212	212	212	420	-1	-1	6	0	0
797	18	1	1	1	Pivot	-1	He	1	Pivot		-1	-1	2	needed	[1]	['needed']	21	106	196	336	336	336	136	136	136	136	-1	-1	6	0	0
800	18	1	1	1	Pivot	-1	He	1	Pivot		-1	-1	2	needed	[1]	['needed']	24	136	180	180	180	180	176	176	176	176	-1	-1	6	0	0
801	18	1	1	1	Pivot	-1	He	1	Pivot		-1	-1	2	needed	[1]	['needed']	25	158	0	0	0	0	216	216	464	640	-1	-1	6	1	0
802	18	1	1	1	Pivot	-1	He	1	Pivot		-1	-1	2	needed	[1]	['needed']	27	13	220	544	544	544	184	184	348	644	-1	-1	6	0	0
803	18	1	1	1	Pivot	-1	He	1	Pivot		-1	-1	2	needed	[1]	['needed']	28	157	372	472	472	472	432	432	432	432	-1	-1	6	0	0
804	18	1	1	1	Pivot	-1	He	1	Pivot		-1	-1	2	needed	[1]	['needed']	29	203	292	292	292	292	236	236	520	752	-1	-1	6	0	0
805	18	1	1	1	Pivot	-1	He	1	Pivot		-1	-1	2	needed	[1]	['needed']	30	158	284	1004	1004	1004	272	416	416	416	-1	-1	6	0	0
806	18	1	1	1	Pivot	-1	He	1	Pivot		-1	-1	2	needed	[1]	['needed']	31	119	260	260	260	260	196	196	196	196	-1	-1	6	0	0
807	18	1	1	1	Pivot	-1	He	1	Pivot		-1	-1	2	needed	[1]	['needed']	32	203	152	280	280	280	240	240	240	240	-1	-1	6	0	0
808	18	1	1	1	Pivot	-1	He	1	Pivot		-1	-1	2	needed	[1]	['needed']	33	29	156	156	156	156	96	96	300	664	-1	-1	6	0	0
809	18	1	1	1	Pivot	-1	He	1	Pivot		-1	-1	2	needed	[1]	['needed']	34	58	40	268	268	268	204	204	204	424	-1	-1	6	0	0
810	18	1	1	1	Pivot	-1	He	1	Pivot		-1	-1	2	needed	[1]	['needed']	35	149	256	368	368	368	180	180	180	180	-1	-1	6	0	0
812	18	1	1	1	Pivot	-1	He	1	Pivot		-1	-1	2	needed	[1]	['needed']	37	188	44	44	236	464	208	208	208	208	-1	-1	6	0	0
813	18	1	1	1	Pivot	-1	He	1	Pivot		-1	-1	2	needed	[1]	['needed']	38	141	240	452	452	452	244	244	244	244	-1	-1	6	0	0
814	18	1	1	1	Pivot	-1	He	1	Pivot		-1	-1	2	needed	[1]	['needed']	39	205	0	0	0	0	72	72	72	304	-1	-1	6	1	0
816	18	1	1	1	Pivot	-1	He	1	Pivot		-1	-1	2	needed	[1]	['needed']	41	136	0	0	0	0	240	240	380	908	-1	-1	6	1	0
817	18	1	1	1	Pivot	-1	He	1	Pivot		-1	-1	2	needed	[1]	['needed']	42	184	136	212	212	212	276	392	392	392	-1	-1	6	0	0
818	18	1	1	1	Pivot	-1	He	1	Pivot		-1	-1	2	needed	[1]	['needed']	43	195	180	180	180	180	128	128	128	128	-1	-1	6	0	0
819	18	3	1	1	Agent	-3	He	1	Agent		-1	-3	3	putting	[2, 3]	['putting', 'in']	1	33	156	156	156	156	304	304	664	1124	-3	-3	7	0	0
821	18	3	1	1	Agent	-3	He	1	Agent		-1	-3	3	putting	[2, 3]	['putting', 'in']	3	75	236	432	432	432	104	104	460	1220	-3	-3	7	0	0
823	18	3	1	1	Agent	-3	He	1	Agent		-1	-3	3	putting	[2, 3]	['putting', 'in']	5	81	252	252	252	476	204	204	204	204	-3	-3	7	0	0
824	18	3	1	1	Agent	-3	He	1	Agent		-1	-3	3	putting	[2, 3]	['putting', 'in']	6	46	140	140	140	140	284	284	284	500	-3	-3	7	0	0
826	18	3	1	1	Agent	-3	He	1	Agent		-1	-3	3	putting	[2, 3]	['putting', 'in']	8	153	244	244	244	244	312	312	312	312	-3	-3	7	0	0
828	18	3	1	1	Agent	-3	He	1	Agent		-1	-3	3	putting	[2, 3]	['putting', 'in']	11	201	164	164	164	164	236	236	236	236	-3	-3	7	0	0
830	18	3	1	1	Agent	-3	He	1	Agent		-1	-3	3	putting	[2, 3]	['putting', 'in']	13	27	132	132	132	132	304	304	304	304	-3	-3	7	0	0
833	18	3	1	1	Agent	-3	He	1	Agent		-1	-3	3	putting	[2, 3]	['putting', 'in']	16	38	128	128	128	128	172	172	172	172	-3	-3	7	0	0
834	18	3	1	1	Agent	-3	He	1	Agent		-1	-3	3	putting	[2, 3]	['putting', 'in']	17	84	340	340	340	340	176	176	176	176	-3	-3	7	0	0
837	18	3	1	1	Agent	-3	He	1	Agent		-1	-3	3	putting	[2, 3]	['putting', 'in']	20	7	212	212	212	420	140	140	140	140	-3	-3	7	0	0
840	18	3	1	1	Agent	-3	He	1	Agent		-1	-3	3	putting	[2, 3]	['putting', 'in']	23	175	0	0	0	0	204	204	204	204	-3	-3	7	1	0
844	18	3	1	1	Agent	-3	He	1	Agent		-1	-3	3	putting	[2, 3]	['putting', 'in']	28	157	432	432	432	432	196	360	360	360	-3	-3	7	0	0
846	18	3	1	1	Agent	-3	He	1	Agent		-1	-3	3	putting	[2, 3]	['putting', 'in']	30	158	272	416	416	416	300	300	300	300	-3	-3	7	0	0
851	18	3	1	1	Agent	-3	He	1	Agent		-1	-3	3	putting	[2, 3]	['putting', 'in']	35	149	180	180	180	180	120	120	120	120	-3	-3	7	0	0
853	18	3	1	1	Agent	-3	He	1	Agent		-1	-3	3	putting	[2, 3]	['putting', 'in']	37	188	208	208	208	208	220	220	220	220	-3	-3	7	0	0
855	18	3	1	1	Agent	-3	He	1	Agent		-1	-3	3	putting	[2, 3]	['putting', 'in']	39	205	72	72	72	304	156	156	156	156	-3	-3	7	0	0
857	18	3	1	1	Agent	-3	He	1	Agent		-1	-3	3	putting	[2, 3]	['putting', 'in']	41	136	240	240	380	908	140	140	140	328	-3	-3	7	0	0
859	18	3	1	1	Agent	-3	He	1	Agent		-1	-3	3	putting	[2, 3]	['putting', 'in']	43	195	128	128	128	128	188	188	188	188	-3	-3	7	0	0
860	19	1	1	0	Agent	-1	He	1	Agent		-1	-1	2	shouted	[1, 2]	['shouted', 'and']	1	37	348	544	544	544	204	204	204	204	-1	-1	7	0	0
862	19	1	1	0	Agent	-1	He	1	Agent		-1	-1	2	shouted	[1, 2]	['shouted', 'and']	3	4	68	688	688	688	156	156	156	156	-1	-1	7	0	0
863	19	1	1	0	Agent	-1	He	1	Agent		-1	-1	2	shouted	[1, 2]	['shouted', 'and']	4	63	320	320	320	320	172	172	172	172	-1	-1	7	0	0
865	19	1	1	0	Agent	-1	He	1	Agent		-1	-1	2	shouted	[1, 2]	['shouted', 'and']	6	21	0	0	0	0	200	200	200	200	-1	-1	7	1	0
868	19	1	1	0	Agent	-1	He	1	Agent		-1	-1	2	shouted	[1, 2]	['shouted', 'and']	10	28	280	396	396	396	144	144	144	144	-1	-1	7	0	0
869	19	1	1	0	Agent	-1	He	1	Agent		-1	-1	2	shouted	[1, 2]	['shouted', 'and']	11	3	136	136	136	136	148	148	148	148	-1	-1	7	0	0
874	19	1	1	0	Agent	-1	He	1	Agent		-1	-1	2	shouted	[1, 2]	['shouted', 'and']	16	115	148	292	292	292	168	168	168	168	-1	-1	7	0	0
875	19	1	1	0	Agent	-1	He	1	Agent		-1	-1	2	shouted	[1, 2]	['shouted', 'and']	17	90	256	256	256	256	168	168	168	316	-1	-1	7	0	0
880	19	1	1	0	Agent	-1	He	1	Agent		-1	-1	2	shouted	[1, 2]	['shouted', 'and']	22	87	192	192	192	192	304	304	304	304	-1	-1	7	0	0
881	19	1	1	0	Agent	-1	He	1	Agent		-1	-1	2	shouted	[1, 2]	['shouted', 'and']	23	165	280	280	280	280	192	192	192	192	-1	-1	7	0	0
882	19	1	1	0	Agent	-1	He	1	Agent		-1	-1	2	shouted	[1, 2]	['shouted', 'and']	24	204	176	176	176	176	184	184	184	184	-1	-1	7	0	0
885	19	1	1	0	Agent	-1	He	1	Agent		-1	-1	2	shouted	[1, 2]	['shouted', 'and']	28	145	148	148	148	148	240	240	240	240	-1	-1	7	0	0
886	19	1	1	0	Agent	-1	He	1	Agent		-1	-1	2	shouted	[1, 2]	['shouted', 'and']	29	47	252	252	252	352	124	124	124	124	-1	-1	7	0	0
887	19	1	1	0	Agent	-1	He	1	Agent		-1	-1	2	shouted	[1, 2]	['shouted', 'and']	30	107	156	372	372	372	240	240	240	240	-1	-1	7	0	0
889	19	1	1	0	Agent	-1	He	1	Agent		-1	-1	2	shouted	[1, 2]	['shouted', 'and']	32	176	168	316	316	316	300	300	300	300	-1	-1	7	0	0
890	19	1	1	0	Agent	-1	He	1	Agent		-1	-1	2	shouted	[1, 2]	['shouted', 'and']	33	101	124	124	204	368	292	292	292	292	-1	-1	7	0	0
891	19	1	1	0	Agent	-1	He	1	Agent		-1	-1	2	shouted	[1, 2]	['shouted', 'and']	34	139	136	136	136	136	152	152	152	152	-1	-1	7	0	0
892	19	1	1	0	Agent	-1	He	1	Agent		-1	-1	2	shouted	[1, 2]	['shouted', 'and']	35	160	140	140	140	140	200	200	200	200	-1	-1	7	0	0
893	19	1	1	0	Agent	-1	He	1	Agent		-1	-1	2	shouted	[1, 2]	['shouted', 'and']	36	112	88	244	244	244	160	160	160	160	-1	-1	7	0	0
894	19	1	1	0	Agent	-1	He	1	Agent		-1	-1	2	shouted	[1, 2]	['shouted', 'and']	37	196	140	380	380	380	128	128	128	128	-1	-1	7	0	0
896	19	1	1	0	Agent	-1	He	1	Agent		-1	-1	2	shouted	[1, 2]	['shouted', 'and']	39	77	0	0	0	0	140	140	140	140	-1	-1	7	1	0
899	19	1	1	0	Agent	-1	He	1	Agent		-1	-1	2	shouted	[1, 2]	['shouted', 'and']	42	19	252	252	252	380	136	136	136	136	-1	-1	7	0	0
900	19	1	1	0	Agent	-1	He	1	Agent		-1	-1	2	shouted	[1, 2]	['shouted', 'and']	43	76	316	316	316	316	212	212	212	212	-1	-1	7	0	0
983	20	1	1	2	Agent	-1	He	1	Agent		-1	-1	2	uses	[1]	['uses']	1	106	152	260	260	260	168	296	296	296	-1	-1	4	0	0
984	20	1	1	2	Agent	-1	He	1	Agent		-1	-1	2	uses	[1]	['uses']	2	202	0	0	0	0	160	160	160	320	-1	-1	4	1	0
985	20	1	1	2	Agent	-1	He	1	Agent		-1	-1	2	uses	[1]	['uses']	3	120	248	624	624	624	204	340	340	340	-1	-1	4	0	0
986	20	1	1	2	Agent	-1	He	1	Agent		-1	-1	2	uses	[1]	['uses']	4	102	260	412	412	412	196	196	196	460	-1	-1	4	0	0
987	20	1	1	2	Agent	-1	He	1	Agent		-1	-1	2	uses	[1]	['uses']	5	131	0	0	0	0	268	268	268	744	-1	-1	4	1	0
989	20	1	1	2	Agent	-1	He	1	Agent		-1	-1	2	uses	[1]	['uses']	7	63	112	112	112	112	72	172	172	172	-1	-1	4	0	0
990	20	1	1	2	Agent	-1	He	1	Agent		-1	-1	2	uses	[1]	['uses']	8	139	160	160	160	160	188	188	188	188	-1	-1	4	0	0
992	20	1	1	2	Agent	-1	He	1	Agent		-1	-1	2	uses	[1]	['uses']	11	197	252	252	252	252	156	156	156	156	-1	-1	4	0	0
994	20	1	1	2	Agent	-1	He	1	Agent		-1	-1	2	uses	[1]	['uses']	13	67	268	268	268	268	200	200	200	412	-1	-1	4	0	0
995	20	1	1	2	Agent	-1	He	1	Agent		-1	-1	2	uses	[1]	['uses']	14	203	372	372	372	372	204	204	204	204	-1	-1	4	0	0
996	20	1	1	2	Agent	-1	He	1	Agent		-1	-1	2	uses	[1]	['uses']	15	40	0	0	0	0	44	264	264	264	-1	-1	4	1	0
997	20	1	1	2	Agent	-1	He	1	Agent		-1	-1	2	uses	[1]	['uses']	16	103	224	224	224	224	152	152	152	152	-1	-1	4	0	0
1000	20	1	1	2	Agent	-1	He	1	Agent		-1	-1	2	uses	[1]	['uses']	19	72	104	104	104	104	180	180	180	180	-1	-1	4	0	0
1001	20	1	1	2	Agent	-1	He	1	Agent		-1	-1	2	uses	[1]	['uses']	20	105	240	240	240	240	156	156	156	156	-1	-1	4	0	0
1003	20	1	1	2	Agent	-1	He	1	Agent		-1	-1	2	uses	[1]	['uses']	22	203	260	460	460	460	184	184	184	184	-1	-1	4	0	0
1004	20	1	1	2	Agent	-1	He	1	Agent		-1	-1	2	uses	[1]	['uses']	23	200	216	216	216	216	192	192	192	852	-1	-1	4	0	0
1005	20	1	1	2	Agent	-1	He	1	Agent		-1	-1	2	uses	[1]	['uses']	24	90	284	284	284	284	168	168	168	168	-1	-1	4	0	0
1007	20	1	1	2	Agent	-1	He	1	Agent		-1	-1	2	uses	[1]	['uses']	27	173	376	376	376	376	272	272	272	272	-1	-1	4	0	0
1009	20	1	1	2	Agent	-1	He	1	Agent		-1	-1	2	uses	[1]	['uses']	29	153	392	548	548	548	148	148	148	148	-1	-1	4	0	0
1010	20	1	1	2	Agent	-1	He	1	Agent		-1	-1	2	uses	[1]	['uses']	30	199	256	888	888	888	172	172	552	836	-1	-1	4	0	0
1011	20	1	1	2	Agent	-1	He	1	Agent		-1	-1	2	uses	[1]	['uses']	31	200	256	256	256	256	52	52	52	52	-1	-1	4	0	0
1012	20	1	1	2	Agent	-1	He	1	Agent		-1	-1	2	uses	[1]	['uses']	32	14	24	24	1224	2120	224	224	404	652	-1	-1	4	0	0
1013	20	1	1	2	Agent	-1	He	1	Agent		-1	-1	2	uses	[1]	['uses']	33	119	296	496	496	496	176	176	176	176	-1	-1	4	0	0
1014	20	1	1	2	Agent	-1	He	1	Agent		-1	-1	2	uses	[1]	['uses']	34	127	184	184	184	184	148	148	148	148	-1	-1	4	0	0
1015	20	1	1	2	Agent	-1	He	1	Agent		-1	-1	2	uses	[1]	['uses']	35	175	248	248	248	248	280	352	352	352	-1	-1	4	0	0
1016	20	1	1	2	Agent	-1	He	1	Agent		-1	-1	2	uses	[1]	['uses']	36	143	0	0	0	0	360	360	360	360	-1	-1	4	1	0
1017	20	1	1	2	Agent	-1	He	1	Agent		-1	-1	2	uses	[1]	['uses']	37	78	204	524	524	524	204	204	204	568	-1	-1	4	0	0
1018	20	1	1	2	Agent	-1	He	1	Agent		-1	-1	2	uses	[1]	['uses']	38	113	176	176	176	176	232	280	280	280	-1	-1	4	0	0
1021	20	1	1	2	Agent	-1	He	1	Agent		-1	-1	2	uses	[1]	['uses']	42	5	536	536	536	536	200	200	200	200	-1	-1	4	0	0
1022	20	1	1	2	Agent	-1	He	1	Agent		-1	-1	2	uses	[1]	['uses']	43	162	276	396	396	396	224	224	224	224	-1	-1	4	0	0
1023	21	1	1	3	Agent	-1	He's	1	Agent		-1	-1	2	broken	[1]	['broken']	1	114	252	572	572	572	244	244	244	244	-1	-1	6	0	0
1024	21	1	1	3	Agent	-1	He's	1	Agent		-1	-1	2	broken	[1]	['broken']	2	44	172	300	300	300	92	92	92	92	-1	-1	6	0	0
1025	21	1	1	3	Agent	-1	He's	1	Agent		-1	-1	2	broken	[1]	['broken']	3	10	160	160	160	160	212	380	380	380	-1	-1	6	0	0
1027	21	1	1	3	Agent	-1	He's	1	Agent		-1	-1	2	broken	[1]	['broken']	5	15	0	0	0	0	240	240	456	1128	-1	-1	6	1	0
1029	21	1	1	3	Agent	-1	He's	1	Agent		-1	-1	2	broken	[1]	['broken']	7	86	164	324	468	1068	156	156	156	156	-1	-1	6	0	0
1030	21	1	1	3	Agent	-1	He's	1	Agent		-1	-1	2	broken	[1]	['broken']	8	86	240	240	240	336	180	180	180	180	-1	-1	6	0	0
1031	21	1	1	3	Agent	-1	He's	1	Agent		-1	-1	2	broken	[1]	['broken']	10	146	288	288	364	552	140	140	140	140	-1	-1	6	0	0
1032	21	1	1	3	Agent	-1	He's	1	Agent		-1	-1	2	broken	[1]	['broken']	11	70	220	220	220	220	152	152	152	152	-1	-1	6	0	0
1033	21	1	1	3	Agent	-1	He's	1	Agent		-1	-1	2	broken	[1]	['broken']	12	36	204	344	344	344	116	116	116	116	-1	-1	6	0	0
1034	21	1	1	3	Agent	-1	He's	1	Agent		-1	-1	2	broken	[1]	['broken']	13	142	208	208	208	208	180	180	180	180	-1	-1	6	0	0
1036	21	1	1	3	Agent	-1	He's	1	Agent		-1	-1	2	broken	[1]	['broken']	15	30	0	0	0	0	256	256	256	412	-1	-1	6	1	0
1037	21	1	1	3	Agent	-1	He's	1	Agent		-1	-1	2	broken	[1]	['broken']	16	48	140	140	140	140	192	192	192	192	-1	-1	6	0	0
1038	21	1	1	3	Agent	-1	He's	1	Agent		-1	-1	2	broken	[1]	['broken']	17	155	372	372	372	372	136	136	136	136	-1	-1	6	0	0
1040	21	1	1	3	Agent	-1	He's	1	Agent		-1	-1	2	broken	[1]	['broken']	19	42	124	124	124	124	72	72	72	72	-1	-1	6	0	0
1042	21	1	1	3	Agent	-1	He's	1	Agent		-1	-1	2	broken	[1]	['broken']	21	63	220	404	404	404	144	144	144	144	-1	-1	6	0	0
1044	21	1	1	3	Agent	-1	He's	1	Agent		-1	-1	2	broken	[1]	['broken']	23	138	528	528	528	528	120	120	120	120	-1	-1	6	0	0
1045	21	1	1	3	Agent	-1	He's	1	Agent		-1	-1	2	broken	[1]	['broken']	24	146	196	196	196	196	152	152	152	152	-1	-1	6	0	0
1048	21	1	1	3	Agent	-1	He's	1	Agent		-1	-1	2	broken	[1]	['broken']	28	87	204	240	460	796	140	276	276	276	-1	-1	6	0	0
1050	21	1	1	3	Agent	-1	He's	1	Agent		-1	-1	2	broken	[1]	['broken']	30	95	132	132	132	132	280	280	280	280	-1	-1	6	0	0
1052	21	1	1	3	Agent	-1	He's	1	Agent		-1	-1	2	broken	[1]	['broken']	32	154	208	208	208	208	264	264	264	264	-1	-1	6	0	0
1053	21	1	1	3	Agent	-1	He's	1	Agent		-1	-1	2	broken	[1]	['broken']	33	128	144	144	144	144	160	160	160	160	-1	-1	6	0	0
1054	21	1	1	3	Agent	-1	He's	1	Agent		-1	-1	2	broken	[1]	['broken']	34	152	204	204	204	204	164	164	164	164	-1	-1	6	0	0
1055	21	1	1	3	Agent	-1	He's	1	Agent		-1	-1	2	broken	[1]	['broken']	35	95	244	452	452	452	116	116	116	116	-1	-1	6	0	0
1057	21	1	1	3	Agent	-1	He's	1	Agent		-1	-1	2	broken	[1]	['broken']	37	190	128	396	524	752	124	124	124	124	-1	-1	6	0	0
1060	21	1	1	3	Agent	-1	He's	1	Agent		-1	-1	2	broken	[1]	['broken']	40	67	196	260	260	260	224	224	224	224	-1	-1	6	0	0
1063	21	1	1	3	Agent	-1	He's	1	Agent		-1	-1	2	broken	[1]	['broken']	43	93	0	0	0	0	128	128	128	128	-1	-1	6	1	0
1064	22	2	1	2	Experiencer	-2	I	1	Experiencer		-1	-2	3	touched	[2]	['touched']	1	161	96	96	96	96	308	308	308	308	-2	-2	7	0	0
1065	22	2	1	2	Experiencer	-2	I	1	Experiencer		-1	-2	3	touched	[2]	['touched']	2	200	0	0	0	0	116	116	116	420	-2	-2	7	1	0
1066	22	2	1	2	Experiencer	-2	I	1	Experiencer		-1	-2	3	touched	[2]	['touched']	3	11	32	32	236	604	160	428	428	428	-2	-2	7	0	0
1067	22	2	1	2	Experiencer	-2	I	1	Experiencer		-1	-2	3	touched	[2]	['touched']	4	179	0	0	0	0	224	224	224	224	-2	-2	7	1	0
1068	22	2	1	2	Experiencer	-2	I	1	Experiencer		-1	-2	3	touched	[2]	['touched']	5	180	244	244	244	244	136	136	136	368	-2	-2	7	0	0
1069	22	2	1	2	Experiencer	-2	I	1	Experiencer		-1	-2	3	touched	[2]	['touched']	6	187	272	272	272	272	148	148	148	148	-2	-2	7	0	0
1071	22	2	1	2	Experiencer	-2	I	1	Experiencer		-1	-2	3	touched	[2]	['touched']	8	157	420	420	420	420	152	152	292	504	-2	-2	7	0	0
1072	22	2	1	2	Experiencer	-2	I	1	Experiencer		-1	-2	3	touched	[2]	['touched']	10	103	148	148	148	148	184	184	184	184	-2	-2	7	0	0
1073	22	2	1	2	Experiencer	-2	I	1	Experiencer		-1	-2	3	touched	[2]	['touched']	11	138	128	128	128	128	164	164	164	164	-2	-2	7	0	0
1074	22	2	1	2	Experiencer	-2	I	1	Experiencer		-1	-2	3	touched	[2]	['touched']	12	41	256	452	452	452	224	224	224	224	-2	-2	7	0	0
1075	22	2	1	2	Experiencer	-2	I	1	Experiencer		-1	-2	3	touched	[2]	['touched']	13	53	132	132	132	132	316	316	316	316	-2	-2	7	0	0
1076	22	2	1	2	Experiencer	-2	I	1	Experiencer		-1	-2	3	touched	[2]	['touched']	14	2	244	244	244	428	280	280	456	636	-2	-2	7	0	0
1078	22	2	1	2	Experiencer	-2	I	1	Experiencer		-1	-2	3	touched	[2]	['touched']	16	77	264	264	540	736	152	152	152	152	-2	-2	7	0	0
1079	22	2	1	2	Experiencer	-2	I	1	Experiencer		-1	-2	3	touched	[2]	['touched']	17	72	180	180	180	180	308	308	308	308	-2	-2	7	0	0
1080	22	2	1	2	Experiencer	-2	I	1	Experiencer		-1	-2	3	touched	[2]	['touched']	18	179	256	328	328	328	236	236	236	236	-2	-2	7	0	0
1081	22	2	1	2	Experiencer	-2	I	1	Experiencer		-1	-2	3	touched	[2]	['touched']	19	96	192	192	192	192	188	188	188	188	-2	-2	7	0	0
1082	22	2	1	2	Experiencer	-2	I	1	Experiencer		-1	-2	3	touched	[2]	['touched']	20	30	148	284	284	284	144	144	144	144	-2	-2	7	0	0
1083	22	2	1	2	Experiencer	-2	I	1	Experiencer		-1	-2	3	touched	[2]	['touched']	21	70	0	0	0	0	236	236	368	680	-2	-2	7	1	0
1084	22	2	1	2	Experiencer	-2	I	1	Experiencer		-1	-2	3	touched	[2]	['touched']	22	121	260	260	260	260	328	328	328	328	-2	-2	7	0	0
1085	22	2	1	2	Experiencer	-2	I	1	Experiencer		-1	-2	3	touched	[2]	['touched']	23	148	244	244	496	884	124	124	124	124	-2	-2	7	0	0
1086	22	2	1	2	Experiencer	-2	I	1	Experiencer		-1	-2	3	touched	[2]	['touched']	24	199	152	280	280	280	324	324	324	324	-2	-2	7	0	0
1087	22	2	1	2	Experiencer	-2	I	1	Experiencer		-1	-2	3	touched	[2]	['touched']	25	195	216	484	484	484	272	432	432	432	-2	-2	7	0	0
1088	22	2	1	2	Experiencer	-2	I	1	Experiencer		-1	-2	3	touched	[2]	['touched']	27	194	152	604	604	772	212	212	212	212	-2	-2	7	0	0
1089	22	2	1	2	Experiencer	-2	I	1	Experiencer		-1	-2	3	touched	[2]	['touched']	28	66	128	548	548	548	232	232	232	232	-2	-2	7	0	0
1091	22	2	1	2	Experiencer	-2	I	1	Experiencer		-1	-2	3	touched	[2]	['touched']	30	166	212	212	600	948	376	376	376	376	-2	-2	7	0	0
1092	22	2	1	2	Experiencer	-2	I	1	Experiencer		-1	-2	3	touched	[2]	['touched']	31	65	212	212	212	212	172	328	328	328	-2	-2	7	0	0
1093	22	2	1	2	Experiencer	-2	I	1	Experiencer		-1	-2	3	touched	[2]	['touched']	32	198	184	184	184	184	184	184	184	184	-2	-2	7	0	0
1094	22	2	1	2	Experiencer	-2	I	1	Experiencer		-1	-2	3	touched	[2]	['touched']	33	170	236	236	236	236	248	348	348	348	-2	-2	7	0	0
1095	22	2	1	2	Experiencer	-2	I	1	Experiencer		-1	-2	3	touched	[2]	['touched']	34	119	180	180	180	180	180	180	180	180	-2	-2	7	0	0
1096	22	2	1	2	Experiencer	-2	I	1	Experiencer		-1	-2	3	touched	[2]	['touched']	35	111	168	340	340	340	316	316	316	316	-2	-2	7	0	0
1097	22	2	1	2	Experiencer	-2	I	1	Experiencer		-1	-2	3	touched	[2]	['touched']	36	168	0	0	0	0	168	168	168	168	-2	-2	7	1	0
1098	22	2	1	2	Experiencer	-2	I	1	Experiencer		-1	-2	3	touched	[2]	['touched']	37	100	176	396	464	580	200	324	324	324	-2	-2	7	0	0
1099	22	2	1	2	Experiencer	-2	I	1	Experiencer		-1	-2	3	touched	[2]	['touched']	38	61	152	152	152	152	80	80	268	640	-2	-2	7	0	0
1102	22	2	1	2	Experiencer	-2	I	1	Experiencer		-1	-2	3	touched	[2]	['touched']	42	54	336	496	756	1088	56	56	56	56	-2	-2	7	0	0
1103	22	2	1	2	Experiencer	-2	I	1	Experiencer		-1	-2	3	touched	[2]	['touched']	43	4	152	152	152	152	220	220	220	220	-2	-2	7	0	0
1108	23	2	1	1	Pivot	-2	I	1	Pivot		-1	-2	3	want	[2, 3]	['want', 'to']	5	123	192	364	364	648	160	160	160	160	-2	-2	4	0	0
1109	23	2	1	1	Pivot	-2	I	1	Pivot		-1	-2	3	want	[2, 3]	['want', 'to']	6	42	0	0	0	0	148	148	148	148	-2	-2	4	1	0
1110	23	2	1	1	Pivot	-2	I	1	Pivot		-1	-2	3	want	[2, 3]	['want', 'to']	7	23	0	0	0	0	216	312	312	580	-2	-2	4	1	0
1112	23	2	1	1	Pivot	-2	I	1	Pivot		-1	-2	3	want	[2, 3]	['want', 'to']	10	78	160	160	160	160	164	164	164	164	-2	-2	4	0	0
1113	23	2	1	1	Pivot	-2	I	1	Pivot		-1	-2	3	want	[2, 3]	['want', 'to']	11	153	144	144	144	144	168	168	168	168	-2	-2	4	0	0
1114	23	2	1	1	Pivot	-2	I	1	Pivot		-1	-2	3	want	[2, 3]	['want', 'to']	12	93	92	292	292	292	368	368	368	460	-2	-2	4	0	0
1117	23	2	1	1	Pivot	-2	I	1	Pivot		-1	-2	3	want	[2, 3]	['want', 'to']	15	118	0	0	0	0	224	224	224	224	-2	-2	4	1	0
1118	23	2	1	1	Pivot	-2	I	1	Pivot		-1	-2	3	want	[2, 3]	['want', 'to']	16	24	148	148	148	148	204	204	204	204	-2	-2	4	0	0
1119	23	2	1	1	Pivot	-2	I	1	Pivot		-1	-2	3	want	[2, 3]	['want', 'to']	18	81	0	0	0	0	216	216	216	216	-2	-2	4	1	0
1120	23	2	1	1	Pivot	-2	I	1	Pivot		-1	-2	3	want	[2, 3]	['want', 'to']	19	111	156	156	156	156	148	148	148	148	-2	-2	4	0	0
1122	23	2	1	1	Pivot	-2	I	1	Pivot		-1	-2	3	want	[2, 3]	['want', 'to']	21	86	112	112	112	112	128	128	128	128	-2	-2	4	0	0
1123	23	2	1	1	Pivot	-2	I	1	Pivot		-1	-2	3	want	[2, 3]	['want', 'to']	22	92	176	176	176	176	160	160	160	160	-2	-2	4	0	0
1124	23	2	1	1	Pivot	-2	I	1	Pivot		-1	-2	3	want	[2, 3]	['want', 'to']	23	130	196	196	196	196	184	184	184	184	-2	-2	4	0	0
1128	23	2	1	1	Pivot	-2	I	1	Pivot		-1	-2	3	want	[2, 3]	['want', 'to']	28	139	188	188	188	188	168	168	168	168	-2	-2	4	0	0
1130	23	2	1	1	Pivot	-2	I	1	Pivot		-1	-2	3	want	[2, 3]	['want', 'to']	30	78	184	184	184	184	248	500	500	500	-2	-2	4	0	0
1133	23	2	1	1	Pivot	-2	I	1	Pivot		-1	-2	3	want	[2, 3]	['want', 'to']	33	13	196	196	196	196	144	144	144	316	-2	-2	4	0	0
1137	23	2	1	1	Pivot	-2	I	1	Pivot		-1	-2	3	want	[2, 3]	['want', 'to']	37	12	60	60	160	372	120	120	120	120	-2	-2	4	0	0
1144	23	3	1	1	Agent	-3	I	1	Agent		-1	-3	5	hear	[4]	['hear']	1	31	188	188	188	188	168	168	168	308	-3	-3	4	0	0
1145	23	3	1	1	Agent	-3	I	1	Agent		-1	-3	5	hear	[4]	['hear']	2	114	212	212	212	328	288	288	288	288	-3	-3	4	0	0
1147	23	3	1	1	Agent	-3	I	1	Agent		-1	-3	5	hear	[4]	['hear']	4	9	208	208	208	208	208	208	208	208	-3	-3	4	0	0
1151	23	3	1	1	Agent	-3	I	1	Agent		-1	-3	5	hear	[4]	['hear']	8	187	228	440	440	440	96	96	96	96	-3	-3	4	0	0
1152	23	3	1	1	Agent	-3	I	1	Agent		-1	-3	5	hear	[4]	['hear']	10	78	356	356	788	984	112	112	112	112	-3	-3	4	0	0
1153	23	3	1	1	Agent	-3	I	1	Agent		-1	-3	5	hear	[4]	['hear']	11	153	140	140	140	140	280	280	280	280	-3	-3	4	0	0
1156	23	3	1	1	Agent	-3	I	1	Agent		-1	-3	5	hear	[4]	['hear']	14	161	332	332	332	332	168	168	168	168	-3	-3	4	0	0
1160	23	3	1	1	Agent	-3	I	1	Agent		-1	-3	5	hear	[4]	['hear']	19	111	200	200	200	200	352	352	352	352	-3	-3	4	0	0
1162	23	3	1	1	Agent	-3	I	1	Agent		-1	-3	5	hear	[4]	['hear']	21	86	228	228	228	228	292	404	404	404	-3	-3	4	0	0
1163	23	3	1	1	Agent	-3	I	1	Agent		-1	-3	5	hear	[4]	['hear']	22	92	264	264	264	264	128	128	128	128	-3	-3	4	0	0
1164	23	3	1	1	Agent	-3	I	1	Agent		-1	-3	5	hear	[4]	['hear']	23	130	204	204	204	204	228	228	228	340	-3	-3	4	0	0
1165	23	3	1	1	Agent	-3	I	1	Agent		-1	-3	5	hear	[4]	['hear']	24	200	204	204	204	204	132	132	132	132	-3	-3	4	0	0
1167	23	3	1	1	Agent	-3	I	1	Agent		-1	-3	5	hear	[4]	['hear']	27	119	260	260	260	260	332	332	332	332	-3	-3	4	0	0
1168	23	3	1	1	Agent	-3	I	1	Agent		-1	-3	5	hear	[4]	['hear']	28	139	0	0	0	0	236	236	236	236	-3	-3	4	1	0
1169	23	3	1	1	Agent	-3	I	1	Agent		-1	-3	5	hear	[4]	['hear']	29	166	176	264	264	264	100	100	100	100	-3	-3	4	0	0
1172	23	3	1	1	Agent	-3	I	1	Agent		-1	-3	5	hear	[4]	['hear']	32	187	168	300	300	300	136	136	136	136	-3	-3	4	0	0
1173	23	3	1	1	Agent	-3	I	1	Agent		-1	-3	5	hear	[4]	['hear']	33	13	164	164	304	760	168	168	168	260	-3	-3	4	0	0
1180	23	3	1	1	Agent	-3	I	1	Agent		-1	-3	5	hear	[4]	['hear']	40	201	0	0	0	0	92	92	92	92	-3	-3	4	1	0
1181	23	3	1	1	Agent	-3	I	1	Agent		-1	-3	5	hear	[4]	['hear']	41	192	220	220	380	796	172	172	172	480	-3	-3	4	0	0
1183	23	3	1	1	Agent	-3	I	1	Agent		-1	-3	5	hear	[4]	['hear']	43	102	168	168	168	308	316	316	316	316	-3	-3	4	0	0
1186	24	1	1	0	Experiencer	-1	I	1	Experiencer		-1	-1	2	knew	[1]	['knew']	3	133	216	360	360	360	104	104	104	104	-1	-1	4	0	0
1187	24	1	1	0	Experiencer	-1	I	1	Experiencer		-1	-1	2	knew	[1]	['knew']	4	123	244	244	244	244	144	144	144	144	-1	-1	4	0	0
1189	24	1	1	0	Experiencer	-1	I	1	Experiencer		-1	-1	2	knew	[1]	['knew']	6	9	0	0	0	0	24	24	24	232	-1	-1	4	1	0
1192	24	1	1	0	Experiencer	-1	I	1	Experiencer		-1	-1	2	knew	[1]	['knew']	10	144	256	256	256	256	124	124	124	124	-1	-1	4	0	0
1198	24	1	1	0	Experiencer	-1	I	1	Experiencer		-1	-1	2	knew	[1]	['knew']	16	125	244	432	432	432	400	400	400	400	-1	-1	4	0	0
1202	24	1	1	0	Experiencer	-1	I	1	Experiencer		-1	-1	2	knew	[1]	['knew']	20	171	240	240	240	240	124	124	124	124	-1	-1	4	0	0
1218	24	1	1	0	Experiencer	-1	I	1	Experiencer		-1	-1	2	knew	[1]	['knew']	37	22	0	0	0	0	40	40	40	252	-1	-1	4	1	0
1221	24	1	1	0	Experiencer	-1	I	1	Experiencer		-1	-1	2	knew	[1]	['knew']	40	2	292	444	444	444	136	136	136	136	-1	-1	4	0	0
1225	24	4	1	1	Experiencer	-1	I	3	Experiencer		-1	-1	4	heard	[3]	['heard']	1	32	324	324	324	324	280	280	600	944	-1	-1	5	0	0
1226	24	4	1	1	Experiencer	-1	I	3	Experiencer		-1	-1	4	heard	[3]	['heard']	2	60	164	296	296	296	152	324	324	324	-1	-1	5	0	0
1227	24	4	1	1	Experiencer	-1	I	3	Experiencer		-1	-1	4	heard	[3]	['heard']	3	133	156	272	272	272	248	248	248	248	-1	-1	5	0	0
1228	24	4	1	1	Experiencer	-1	I	3	Experiencer		-1	-1	4	heard	[3]	['heard']	4	123	204	204	204	204	424	424	424	424	-1	-1	5	0	0
1229	24	4	1	1	Experiencer	-1	I	3	Experiencer		-1	-1	4	heard	[3]	['heard']	5	49	196	196	196	432	276	276	540	1584	-1	-1	5	0	0
1230	24	4	1	1	Experiencer	-1	I	3	Experiencer		-1	-1	4	heard	[3]	['heard']	6	9	192	192	192	192	152	152	152	884	-1	-1	5	0	0
1231	24	4	1	1	Experiencer	-1	I	3	Experiencer		-1	-1	4	heard	[3]	['heard']	7	148	0	0	0	0	176	176	360	776	-1	-1	5	1	0
1232	24	4	1	1	Experiencer	-1	I	3	Experiencer		-1	-1	4	heard	[3]	['heard']	8	160	264	264	264	264	160	192	192	192	-1	-1	5	0	0
1233	24	4	1	1	Experiencer	-1	I	3	Experiencer		-1	-1	4	heard	[3]	['heard']	10	144	204	204	204	204	176	176	360	736	-1	-1	5	0	0
1234	24	4	1	1	Experiencer	-1	I	3	Experiencer		-1	-1	4	heard	[3]	['heard']	11	160	200	200	200	200	256	380	380	380	-1	-1	5	0	0
1235	24	4	1	1	Experiencer	-1	I	3	Experiencer		-1	-1	4	heard	[3]	['heard']	12	6	312	312	312	312	452	452	452	452	-1	-1	5	0	0
1236	24	4	1	1	Experiencer	-1	I	3	Experiencer		-1	-1	4	heard	[3]	['heard']	13	54	244	244	244	244	224	224	224	224	-1	-1	5	0	0
1237	24	4	1	1	Experiencer	-1	I	3	Experiencer		-1	-1	4	heard	[3]	['heard']	14	85	188	188	188	188	484	484	484	484	-1	-1	5	0	0
1239	24	4	1	1	Experiencer	-1	I	3	Experiencer		-1	-1	4	heard	[3]	['heard']	16	125	84	256	256	256	176	176	176	176	-1	-1	5	0	0
1241	24	4	1	1	Experiencer	-1	I	3	Experiencer		-1	-1	4	heard	[3]	['heard']	18	6	240	240	240	416	192	192	412	780	-1	-1	5	0	0
1242	24	4	1	1	Experiencer	-1	I	3	Experiencer		-1	-1	4	heard	[3]	['heard']	19	10	76	284	284	284	192	192	576	1052	-1	-1	5	0	0
1243	24	4	1	1	Experiencer	-1	I	3	Experiencer		-1	-1	4	heard	[3]	['heard']	20	171	172	172	172	172	168	168	168	168	-1	-1	5	0	0
1244	24	4	1	1	Experiencer	-1	I	3	Experiencer		-1	-1	4	heard	[3]	['heard']	21	38	172	172	172	172	72	72	312	484	-1	-1	5	0	0
1245	24	4	1	1	Experiencer	-1	I	3	Experiencer		-1	-1	4	heard	[3]	['heard']	22	166	336	336	336	336	276	276	496	736	-1	-1	5	0	0
1246	24	4	1	1	Experiencer	-1	I	3	Experiencer		-1	-1	4	heard	[3]	['heard']	23	64	304	304	304	304	244	244	244	244	-1	-1	5	0	0
1247	24	4	1	1	Experiencer	-1	I	3	Experiencer		-1	-1	4	heard	[3]	['heard']	24	187	192	192	192	192	244	244	420	824	-1	-1	5	0	0
1248	24	4	1	1	Experiencer	-1	I	3	Experiencer		-1	-1	4	heard	[3]	['heard']	25	161	156	292	292	292	160	160	160	160	-1	-1	5	0	0
1249	24	4	1	1	Experiencer	-1	I	3	Experiencer		-1	-1	4	heard	[3]	['heard']	27	9	40	40	284	660	24	24	24	24	-1	-1	5	0	0
1250	24	4	1	1	Experiencer	-1	I	3	Experiencer		-1	-1	4	heard	[3]	['heard']	28	167	340	340	340	340	164	164	164	164	-1	-1	5	0	0
1252	24	4	1	1	Experiencer	-1	I	3	Experiencer		-1	-1	4	heard	[3]	['heard']	30	122	468	468	468	468	304	304	304	676	-1	-1	5	0	0
1254	24	4	1	1	Experiencer	-1	I	3	Experiencer		-1	-1	4	heard	[3]	['heard']	32	120	212	388	388	388	196	196	196	196	-1	-1	5	0	0
1255	24	4	1	1	Experiencer	-1	I	3	Experiencer		-1	-1	4	heard	[3]	['heard']	33	38	168	288	288	288	224	224	224	616	-1	-1	5	0	0
1257	24	4	1	1	Experiencer	-1	I	3	Experiencer		-1	-1	4	heard	[3]	['heard']	35	187	200	200	200	200	160	160	160	160	-1	-1	5	0	0
1258	24	4	1	1	Experiencer	-1	I	3	Experiencer		-1	-1	4	heard	[3]	['heard']	36	163	200	200	200	200	180	180	180	180	-1	-1	5	0	0
1259	24	4	1	1	Experiencer	-1	I	3	Experiencer		-1	-1	4	heard	[3]	['heard']	37	22	144	340	468	800	168	168	168	168	-1	-1	5	0	0
1260	24	4	1	1	Experiencer	-1	I	3	Experiencer		-1	-1	4	heard	[3]	['heard']	38	54	244	244	244	244	236	412	412	684	-1	-1	5	0	0
1262	24	4	1	1	Experiencer	-1	I	3	Experiencer		-1	-1	4	heard	[3]	['heard']	40	2	108	108	108	108	400	400	400	400	-1	-1	5	0	0
1263	24	4	1	1	Experiencer	-1	I	3	Experiencer		-1	-1	4	heard	[3]	['heard']	41	74	0	0	0	0	76	76	228	780	-1	-1	5	1	0
1264	24	4	1	1	Experiencer	-1	I	3	Experiencer		-1	-1	4	heard	[3]	['heard']	42	203	180	180	180	180	168	168	168	456	-1	-1	5	0	0
1265	24	4	1	1	Experiencer	-1	I	3	Experiencer		-1	-1	4	heard	[3]	['heard']	43	119	220	220	220	220	220	220	220	220	-1	-1	5	0	0
1266	25	2	1	1	Pivot	-2	I	1	Pivot		-1	-2	3	want	[2, 3]	['want', 'to']	1	75	200	200	200	200	288	288	288	288	-2	-2	4	0	0
1268	25	2	1	1	Pivot	-2	I	1	Pivot		-1	-2	3	want	[2, 3]	['want', 'to']	3	23	208	404	952	1148	136	252	252	252	-2	-2	4	0	0
1271	25	2	1	1	Pivot	-2	I	1	Pivot		-1	-2	3	want	[2, 3]	['want', 'to']	6	22	100	100	100	320	156	156	156	156	-2	-2	4	0	0
1273	25	2	1	1	Pivot	-2	I	1	Pivot		-1	-2	3	want	[2, 3]	['want', 'to']	8	155	184	184	184	184	244	244	244	244	-2	-2	4	0	0
1274	25	2	1	1	Pivot	-2	I	1	Pivot		-1	-2	3	want	[2, 3]	['want', 'to']	10	109	128	128	128	128	168	168	168	168	-2	-2	4	0	0
1275	25	2	1	1	Pivot	-2	I	1	Pivot		-1	-2	3	want	[2, 3]	['want', 'to']	11	137	184	184	184	184	140	140	140	140	-2	-2	4	0	0
1278	25	2	1	1	Pivot	-2	I	1	Pivot		-1	-2	3	want	[2, 3]	['want', 'to']	14	21	0	0	0	0	204	204	204	736	-2	-2	4	1	0
1279	25	2	1	1	Pivot	-2	I	1	Pivot		-1	-2	3	want	[2, 3]	['want', 'to']	15	39	0	0	0	0	196	196	196	708	-2	-2	4	1	0
1280	25	2	1	1	Pivot	-2	I	1	Pivot		-1	-2	3	want	[2, 3]	['want', 'to']	16	202	148	148	148	148	172	172	172	172	-2	-2	4	0	0
1286	25	2	1	1	Pivot	-2	I	1	Pivot		-1	-2	3	want	[2, 3]	['want', 'to']	23	11	220	220	220	220	184	184	184	184	-2	-2	4	0	0
1287	25	2	1	1	Pivot	-2	I	1	Pivot		-1	-2	3	want	[2, 3]	['want', 'to']	24	203	160	160	160	160	236	236	320	544	-2	-2	4	0	0
1289	25	2	1	1	Pivot	-2	I	1	Pivot		-1	-2	3	want	[2, 3]	['want', 'to']	27	184	184	184	184	184	236	236	236	236	-2	-2	4	0	0
1290	25	2	1	1	Pivot	-2	I	1	Pivot		-1	-2	3	want	[2, 3]	['want', 'to']	28	21	0	0	0	0	284	284	524	628	-2	-2	4	1	0
1292	25	2	1	1	Pivot	-2	I	1	Pivot		-1	-2	3	want	[2, 3]	['want', 'to']	30	150	204	204	204	204	208	208	208	208	-2	-2	4	0	0
1294	25	2	1	1	Pivot	-2	I	1	Pivot		-1	-2	3	want	[2, 3]	['want', 'to']	32	12	336	336	336	336	148	148	148	148	-2	-2	4	0	0
1295	25	2	1	1	Pivot	-2	I	1	Pivot		-1	-2	3	want	[2, 3]	['want', 'to']	33	16	288	288	288	288	172	172	172	172	-2	-2	4	0	0
1296	25	2	1	1	Pivot	-2	I	1	Pivot		-1	-2	3	want	[2, 3]	['want', 'to']	34	2	244	244	244	244	168	168	168	168	-2	-2	4	0	0
1298	25	2	1	1	Pivot	-2	I	1	Pivot		-1	-2	3	want	[2, 3]	['want', 'to']	36	145	0	0	0	0	280	280	280	492	-2	-2	4	1	0
1300	25	2	1	1	Pivot	-2	I	1	Pivot		-1	-2	3	want	[2, 3]	['want', 'to']	38	162	0	0	0	0	172	172	172	172	-2	-2	4	1	0
1305	25	2	1	1	Pivot	-2	I	1	Pivot		-1	-2	3	want	[2, 3]	['want', 'to']	43	149	220	220	220	220	172	172	172	172	-2	-2	4	0	0
1306	25	3	1	1	Agent	-3	I	1	Agent		-1	-3	5	miss	[4]	['miss']	1	75	0	0	0	0	156	236	236	236	-3	-3	4	1	0
1307	25	3	1	1	Agent	-3	I	1	Agent		-1	-3	5	miss	[4]	['miss']	2	83	224	224	224	352	264	264	264	496	-3	-3	4	0	0
1308	25	3	1	1	Agent	-3	I	1	Agent		-1	-3	5	miss	[4]	['miss']	3	23	212	212	212	212	256	548	548	548	-3	-3	4	0	0
1309	25	3	1	1	Agent	-3	I	1	Agent		-1	-3	5	miss	[4]	['miss']	4	139	204	204	204	204	312	312	312	312	-3	-3	4	0	0
1310	25	3	1	1	Agent	-3	I	1	Agent		-1	-3	5	miss	[4]	['miss']	5	177	188	188	188	188	156	156	156	348	-3	-3	4	0	0
1312	25	3	1	1	Agent	-3	I	1	Agent		-1	-3	5	miss	[4]	['miss']	7	186	220	220	220	340	196	196	412	580	-3	-3	4	0	0
1313	25	3	1	1	Agent	-3	I	1	Agent		-1	-3	5	miss	[4]	['miss']	8	155	0	0	0	0	124	124	124	124	-3	-3	4	1	0
1314	25	3	1	1	Agent	-3	I	1	Agent		-1	-3	5	miss	[4]	['miss']	10	109	164	164	164	164	200	200	308	1004	-3	-3	4	0	0
1315	25	3	1	1	Agent	-3	I	1	Agent		-1	-3	5	miss	[4]	['miss']	11	137	132	132	132	132	196	196	196	196	-3	-3	4	0	0
1316	25	3	1	1	Agent	-3	I	1	Agent		-1	-3	5	miss	[4]	['miss']	12	97	268	268	268	788	288	288	288	288	-3	-3	4	0	0
1317	25	3	1	1	Agent	-3	I	1	Agent		-1	-3	5	miss	[4]	['miss']	13	85	280	280	280	280	448	576	576	576	-3	-3	4	0	0
1318	25	3	1	1	Agent	-3	I	1	Agent		-1	-3	5	miss	[4]	['miss']	14	21	320	320	320	320	368	368	368	904	-3	-3	4	0	0
1320	25	3	1	1	Agent	-3	I	1	Agent		-1	-3	5	miss	[4]	['miss']	16	202	196	196	196	196	232	784	784	784	-3	-3	4	0	0
1321	25	3	1	1	Agent	-3	I	1	Agent		-1	-3	5	miss	[4]	['miss']	18	70	164	164	164	164	252	252	252	252	-3	-3	4	0	0
1322	25	3	1	1	Agent	-3	I	1	Agent		-1	-3	5	miss	[4]	['miss']	19	27	152	152	152	152	164	164	164	860	-3	-3	4	0	0
1323	25	3	1	1	Agent	-3	I	1	Agent		-1	-3	5	miss	[4]	['miss']	20	38	256	256	256	256	152	320	320	320	-3	-3	4	0	0
1324	25	3	1	1	Agent	-3	I	1	Agent		-1	-3	5	miss	[4]	['miss']	21	18	188	188	188	188	308	656	656	656	-3	-3	4	0	0
1326	25	3	1	1	Agent	-3	I	1	Agent		-1	-3	5	miss	[4]	['miss']	23	11	196	196	196	196	300	300	300	924	-3	-3	4	0	0
1327	25	3	1	1	Agent	-3	I	1	Agent		-1	-3	5	miss	[4]	['miss']	24	203	60	60	60	60	284	284	284	404	-3	-3	4	0	0
1328	25	3	1	1	Agent	-3	I	1	Agent		-1	-3	5	miss	[4]	['miss']	25	51	216	216	348	552	164	536	536	536	-3	-3	4	0	0
1329	25	3	1	1	Agent	-3	I	1	Agent		-1	-3	5	miss	[4]	['miss']	27	184	164	164	164	164	236	236	236	592	-3	-3	4	0	0
1330	25	3	1	1	Agent	-3	I	1	Agent		-1	-3	5	miss	[4]	['miss']	28	21	132	324	552	744	120	120	120	120	-3	-3	4	0	0
1331	25	3	1	1	Agent	-3	I	1	Agent		-1	-3	5	miss	[4]	['miss']	29	89	112	112	168	648	160	404	404	404	-3	-3	4	0	0
1332	25	3	1	1	Agent	-3	I	1	Agent		-1	-3	5	miss	[4]	['miss']	30	150	224	224	224	224	448	448	448	448	-3	-3	4	0	0
1333	25	3	1	1	Agent	-3	I	1	Agent		-1	-3	5	miss	[4]	['miss']	31	2	204	204	204	204	464	464	464	464	-3	-3	4	0	0
1334	25	3	1	1	Agent	-3	I	1	Agent		-1	-3	5	miss	[4]	['miss']	32	12	292	292	292	292	248	248	608	1072	-3	-3	4	0	0
1335	25	3	1	1	Agent	-3	I	1	Agent		-1	-3	5	miss	[4]	['miss']	33	16	80	80	80	80	148	148	372	1416	-3	-3	4	0	0
1336	25	3	1	1	Agent	-3	I	1	Agent		-1	-3	5	miss	[4]	['miss']	34	2	200	200	200	200	208	208	208	208	-3	-3	4	0	0
1337	25	3	1	1	Agent	-3	I	1	Agent		-1	-3	5	miss	[4]	['miss']	35	178	320	320	320	320	220	220	220	220	-3	-3	4	0	0
1339	25	3	1	1	Agent	-3	I	1	Agent		-1	-3	5	miss	[4]	['miss']	37	116	152	300	300	300	160	160	160	788	-3	-3	4	0	0
1341	25	3	1	1	Agent	-3	I	1	Agent		-1	-3	5	miss	[4]	['miss']	39	35	0	0	0	0	148	148	148	732	-3	-3	4	1	0
1343	25	3	1	1	Agent	-3	I	1	Agent		-1	-3	5	miss	[4]	['miss']	41	19	196	392	392	392	128	128	128	668	-3	-3	4	0	0
1344	25	3	1	1	Agent	-3	I	1	Agent		-1	-3	5	miss	[4]	['miss']	42	8	400	400	400	400	224	496	496	676	-3	-3	4	0	0
1345	25	3	1	1	Agent	-3	I	1	Agent		-1	-3	5	miss	[4]	['miss']	43	149	216	216	216	216	192	192	192	412	-3	-3	4	0	0
1348	26	1	1	1	Theme	-1	Jack	1	Theme		-1	-1	2	walked	[1]	['walked']	3	204	200	200	200	200	292	292	292	292	-1	-1	6	0	0
1353	26	1	1	1	Theme	-1	Jack	1	Theme		-1	-1	2	walked	[1]	['walked']	8	68	204	204	204	204	176	176	176	176	-1	-1	6	0	0
1354	26	1	1	1	Theme	-1	Jack	1	Theme		-1	-1	2	walked	[1]	['walked']	10	119	160	160	160	160	124	124	124	124	-1	-1	6	0	0
1355	26	1	1	1	Theme	-1	Jack	1	Theme		-1	-1	2	walked	[1]	['walked']	11	185	188	188	188	188	148	148	148	148	-1	-1	6	0	0
1356	26	1	1	1	Theme	-1	Jack	1	Theme		-1	-1	2	walked	[1]	['walked']	12	9	252	252	252	252	384	384	384	728	-1	-1	6	0	0
1357	26	1	1	1	Theme	-1	Jack	1	Theme		-1	-1	2	walked	[1]	['walked']	13	162	292	292	292	292	312	312	312	312	-1	-1	6	0	0
1358	26	1	1	1	Theme	-1	Jack	1	Theme		-1	-1	2	walked	[1]	['walked']	14	34	0	0	0	0	224	224	224	1164	-1	-1	6	1	0
1361	26	1	1	1	Theme	-1	Jack	1	Theme		-1	-1	2	walked	[1]	['walked']	17	50	248	248	248	248	256	256	256	768	-1	-1	6	0	0
1362	26	1	1	1	Theme	-1	Jack	1	Theme		-1	-1	2	walked	[1]	['walked']	18	139	312	312	312	312	216	216	216	216	-1	-1	6	0	0
1363	26	1	1	1	Theme	-1	Jack	1	Theme		-1	-1	2	walked	[1]	['walked']	19	154	168	168	168	168	192	192	192	192	-1	-1	6	0	0
1366	26	1	1	1	Theme	-1	Jack	1	Theme		-1	-1	2	walked	[1]	['walked']	22	150	324	324	324	324	192	192	192	192	-1	-1	6	0	0
1367	26	1	1	1	Theme	-1	Jack	1	Theme		-1	-1	2	walked	[1]	['walked']	23	120	108	108	588	1148	144	144	144	384	-1	-1	6	0	0
1368	26	1	1	1	Theme	-1	Jack	1	Theme		-1	-1	2	walked	[1]	['walked']	24	126	372	372	372	372	152	152	152	152	-1	-1	6	0	0
1371	26	1	1	1	Theme	-1	Jack	1	Theme		-1	-1	2	walked	[1]	['walked']	28	63	44	512	512	512	308	308	308	308	-1	-1	6	0	0
1372	26	1	1	1	Theme	-1	Jack	1	Theme		-1	-1	2	walked	[1]	['walked']	29	195	264	264	552	596	156	156	156	156	-1	-1	6	0	0
1373	26	1	1	1	Theme	-1	Jack	1	Theme		-1	-1	2	walked	[1]	['walked']	30	113	332	332	332	332	244	244	244	244	-1	-1	6	0	0
1375	26	1	1	1	Theme	-1	Jack	1	Theme		-1	-1	2	walked	[1]	['walked']	32	174	240	240	240	240	244	244	244	244	-1	-1	6	0	0
1376	26	1	1	1	Theme	-1	Jack	1	Theme		-1	-1	2	walked	[1]	['walked']	33	192	88	280	280	280	176	176	176	176	-1	-1	6	0	0
1383	26	1	1	1	Theme	-1	Jack	1	Theme		-1	-1	2	walked	[1]	['walked']	40	35	156	240	240	240	196	196	196	196	-1	-1	6	0	0
1386	26	1	1	1	Theme	-1	Jack	1	Theme		-1	-1	2	walked	[1]	['walked']	43	92	224	224	224	224	192	192	192	192	-1	-1	6	0	0
1387	27	1	1	0	Agent	-1	Ross	1	Agent		-1	-1	2	sat	[1, 2, 3, 4]	['sat', 'back', 'down', 'and']	1	111	172	172	172	328	132	132	300	424	-1	-1	3	0	0
1389	27	1	1	0	Agent	-1	Ross	1	Agent		-1	-1	2	sat	[1, 2, 3, 4]	['sat', 'back', 'down', 'and']	3	129	176	176	176	176	132	256	256	256	-1	-1	3	0	0
1390	27	1	1	0	Agent	-1	Ross	1	Agent		-1	-1	2	sat	[1, 2, 3, 4]	['sat', 'back', 'down', 'and']	4	13	232	232	232	232	152	152	152	152	-1	-1	3	0	0
1391	27	1	1	0	Agent	-1	Ross	1	Agent		-1	-1	2	sat	[1, 2, 3, 4]	['sat', 'back', 'down', 'and']	5	82	0	0	0	0	268	268	268	596	-1	-1	3	1	0
1392	27	1	1	0	Agent	-1	Ross	1	Agent		-1	-1	2	sat	[1, 2, 3, 4]	['sat', 'back', 'down', 'and']	6	34	0	0	0	0	144	144	144	144	-1	-1	3	1	0
1393	27	1	1	0	Agent	-1	Ross	1	Agent		-1	-1	2	sat	[1, 2, 3, 4]	['sat', 'back', 'down', 'and']	7	67	0	0	0	0	224	224	224	224	-1	-1	3	1	0
1394	27	1	1	0	Agent	-1	Ross	1	Agent		-1	-1	2	sat	[1, 2, 3, 4]	['sat', 'back', 'down', 'and']	8	132	248	248	452	608	316	316	436	844	-1	-1	3	0	0
1396	27	1	1	0	Agent	-1	Ross	1	Agent		-1	-1	2	sat	[1, 2, 3, 4]	['sat', 'back', 'down', 'and']	11	196	144	144	144	144	192	192	192	192	-1	-1	3	0	0
1398	27	1	1	0	Agent	-1	Ross	1	Agent		-1	-1	2	sat	[1, 2, 3, 4]	['sat', 'back', 'down', 'and']	13	58	208	208	208	208	196	196	196	196	-1	-1	3	0	0
1401	27	1	1	0	Agent	-1	Ross	1	Agent		-1	-1	2	sat	[1, 2, 3, 4]	['sat', 'back', 'down', 'and']	16	18	16	16	176	548	248	248	248	248	-1	-1	3	0	0
1402	27	1	1	0	Agent	-1	Ross	1	Agent		-1	-1	2	sat	[1, 2, 3, 4]	['sat', 'back', 'down', 'and']	17	60	312	312	432	680	132	132	132	132	-1	-1	3	0	0
1403	27	1	1	0	Agent	-1	Ross	1	Agent		-1	-1	2	sat	[1, 2, 3, 4]	['sat', 'back', 'down', 'and']	18	43	240	240	240	368	188	188	188	188	-1	-1	3	0	0
1404	27	1	1	0	Agent	-1	Ross	1	Agent		-1	-1	2	sat	[1, 2, 3, 4]	['sat', 'back', 'down', 'and']	19	183	200	200	200	200	120	120	120	120	-1	-1	3	0	0
1405	27	1	1	0	Agent	-1	Ross	1	Agent		-1	-1	2	sat	[1, 2, 3, 4]	['sat', 'back', 'down', 'and']	20	195	64	64	64	276	220	220	220	220	-1	-1	3	0	0
1407	27	1	1	0	Agent	-1	Ross	1	Agent		-1	-1	2	sat	[1, 2, 3, 4]	['sat', 'back', 'down', 'and']	22	187	152	516	516	516	136	136	136	136	-1	-1	3	0	0
1408	27	1	1	0	Agent	-1	Ross	1	Agent		-1	-1	2	sat	[1, 2, 3, 4]	['sat', 'back', 'down', 'and']	23	43	328	600	600	800	160	312	312	312	-1	-1	3	0	0
1409	27	1	1	0	Agent	-1	Ross	1	Agent		-1	-1	2	sat	[1, 2, 3, 4]	['sat', 'back', 'down', 'and']	24	72	240	240	240	444	316	316	316	420	-1	-1	3	0	0
1410	27	1	1	0	Agent	-1	Ross	1	Agent		-1	-1	2	sat	[1, 2, 3, 4]	['sat', 'back', 'down', 'and']	25	148	208	208	384	596	200	200	200	200	-1	-1	3	0	0
1412	27	1	1	0	Agent	-1	Ross	1	Agent		-1	-1	2	sat	[1, 2, 3, 4]	['sat', 'back', 'down', 'and']	28	65	264	372	520	784	312	312	312	312	-1	-1	3	0	0
1414	27	1	1	0	Agent	-1	Ross	1	Agent		-1	-1	2	sat	[1, 2, 3, 4]	['sat', 'back', 'down', 'and']	30	57	192	192	192	192	272	272	272	272	-1	-1	3	0	0
1415	27	1	1	0	Agent	-1	Ross	1	Agent		-1	-1	2	sat	[1, 2, 3, 4]	['sat', 'back', 'down', 'and']	31	30	132	132	132	132	136	256	256	256	-1	-1	3	0	0
1416	27	1	1	0	Agent	-1	Ross	1	Agent		-1	-1	2	sat	[1, 2, 3, 4]	['sat', 'back', 'down', 'and']	32	92	180	180	180	180	264	264	264	264	-1	-1	3	0	0
1417	27	1	1	0	Agent	-1	Ross	1	Agent		-1	-1	2	sat	[1, 2, 3, 4]	['sat', 'back', 'down', 'and']	33	147	440	528	528	528	200	200	200	200	-1	-1	3	0	0
1418	27	1	1	0	Agent	-1	Ross	1	Agent		-1	-1	2	sat	[1, 2, 3, 4]	['sat', 'back', 'down', 'and']	34	38	0	0	0	0	176	396	396	396	-1	-1	3	1	0
1419	27	1	1	0	Agent	-1	Ross	1	Agent		-1	-1	2	sat	[1, 2, 3, 4]	['sat', 'back', 'down', 'and']	35	50	0	0	0	0	184	184	184	184	-1	-1	3	1	0
1421	27	1	1	0	Agent	-1	Ross	1	Agent		-1	-1	2	sat	[1, 2, 3, 4]	['sat', 'back', 'down', 'and']	37	36	140	140	140	140	112	256	256	256	-1	-1	3	0	0
1422	27	1	1	0	Agent	-1	Ross	1	Agent		-1	-1	2	sat	[1, 2, 3, 4]	['sat', 'back', 'down', 'and']	38	83	152	152	152	152	228	228	228	228	-1	-1	3	0	0
1426	27	1	1	0	Agent	-1	Ross	1	Agent		-1	-1	2	sat	[1, 2, 3, 4]	['sat', 'back', 'down', 'and']	42	30	264	264	460	644	156	156	156	156	-1	-1	3	0	0
1469	28	1	1	1	Pivot	-1	She	1	Pivot		-1	-1	3	help	[2]	['help']	1	55	120	120	120	120	244	244	244	244	-1	-1	4	0	0
1470	28	1	1	1	Pivot	-1	She	1	Pivot		-1	-1	3	help	[2]	['help']	2	186	0	0	0	0	156	156	156	156	-1	-1	4	1	0
1471	28	1	1	1	Pivot	-1	She	1	Pivot		-1	-1	3	help	[2]	['help']	3	114	196	268	268	268	228	372	372	372	-1	-1	4	0	0
1472	28	1	1	1	Pivot	-1	She	1	Pivot		-1	-1	3	help	[2]	['help']	4	14	248	248	248	248	264	264	264	264	-1	-1	4	0	0
1473	28	1	1	1	Pivot	-1	She	1	Pivot		-1	-1	3	help	[2]	['help']	5	68	132	132	132	132	116	116	116	544	-1	-1	4	0	0
1474	28	1	1	1	Pivot	-1	She	1	Pivot		-1	-1	3	help	[2]	['help']	6	62	0	0	0	0	128	128	128	128	-1	-1	4	1	0
1475	28	1	1	1	Pivot	-1	She	1	Pivot		-1	-1	3	help	[2]	['help']	7	69	0	0	0	0	140	140	452	1232	-1	-1	4	1	0
1476	28	1	1	1	Pivot	-1	She	1	Pivot		-1	-1	3	help	[2]	['help']	8	57	144	144	144	144	388	388	388	388	-1	-1	4	0	0
1477	28	1	1	1	Pivot	-1	She	1	Pivot		-1	-1	3	help	[2]	['help']	10	204	156	296	296	296	108	108	108	108	-1	-1	4	0	0
1478	28	1	1	1	Pivot	-1	She	1	Pivot		-1	-1	3	help	[2]	['help']	11	75	0	0	0	0	200	200	200	200	-1	-1	4	1	0
1479	28	1	1	1	Pivot	-1	She	1	Pivot		-1	-1	3	help	[2]	['help']	12	64	128	128	128	128	220	220	220	220	-1	-1	4	0	0
1480	28	1	1	1	Pivot	-1	She	1	Pivot		-1	-1	3	help	[2]	['help']	13	100	144	144	144	144	340	340	340	580	-1	-1	4	0	0
1481	28	1	1	1	Pivot	-1	She	1	Pivot		-1	-1	3	help	[2]	['help']	14	90	108	108	332	584	192	192	192	192	-1	-1	4	0	0
1482	28	1	1	1	Pivot	-1	She	1	Pivot		-1	-1	3	help	[2]	['help']	15	146	0	0	0	0	200	460	460	460	-1	-1	4	1	0
1483	28	1	1	1	Pivot	-1	She	1	Pivot		-1	-1	3	help	[2]	['help']	16	57	156	156	156	156	184	440	440	440	-1	-1	4	0	0
1484	28	1	1	1	Pivot	-1	She	1	Pivot		-1	-1	3	help	[2]	['help']	17	116	164	164	164	164	312	312	312	312	-1	-1	4	0	0
1485	28	1	1	1	Pivot	-1	She	1	Pivot		-1	-1	3	help	[2]	['help']	18	169	0	0	0	0	292	424	424	424	-1	-1	4	1	0
1486	28	1	1	1	Pivot	-1	She	1	Pivot		-1	-1	3	help	[2]	['help']	19	59	172	172	172	172	164	164	164	164	-1	-1	4	0	0
1487	28	1	1	1	Pivot	-1	She	1	Pivot		-1	-1	3	help	[2]	['help']	20	20	180	180	180	180	140	140	140	140	-1	-1	4	0	0
1488	28	1	1	1	Pivot	-1	She	1	Pivot		-1	-1	3	help	[2]	['help']	21	2	132	132	132	132	136	268	268	268	-1	-1	4	0	0
1490	28	1	1	1	Pivot	-1	She	1	Pivot		-1	-1	3	help	[2]	['help']	23	77	416	416	416	416	628	628	628	628	-1	-1	4	0	0
1491	28	1	1	1	Pivot	-1	She	1	Pivot		-1	-1	3	help	[2]	['help']	24	86	288	288	288	288	292	292	292	292	-1	-1	4	0	0
1492	28	1	1	1	Pivot	-1	She	1	Pivot		-1	-1	3	help	[2]	['help']	25	3	180	180	256	556	72	72	72	72	-1	-1	4	0	0
1493	28	1	1	1	Pivot	-1	She	1	Pivot		-1	-1	3	help	[2]	['help']	27	142	212	212	212	212	168	168	168	168	-1	-1	4	0	0
1494	28	1	1	1	Pivot	-1	She	1	Pivot		-1	-1	3	help	[2]	['help']	28	41	236	236	236	236	124	124	124	124	-1	-1	4	0	0
1495	28	1	1	1	Pivot	-1	She	1	Pivot		-1	-1	3	help	[2]	['help']	29	144	184	184	184	184	164	164	164	164	-1	-1	4	0	0
1496	28	1	1	1	Pivot	-1	She	1	Pivot		-1	-1	3	help	[2]	['help']	30	198	336	396	396	396	256	256	256	256	-1	-1	4	0	0
1497	28	1	1	1	Pivot	-1	She	1	Pivot		-1	-1	3	help	[2]	['help']	31	33	0	0	0	0	160	296	296	296	-1	-1	4	1	0
1498	28	1	1	1	Pivot	-1	She	1	Pivot		-1	-1	3	help	[2]	['help']	32	67	248	248	248	248	256	256	256	256	-1	-1	4	0	0
1499	28	1	1	1	Pivot	-1	She	1	Pivot		-1	-1	3	help	[2]	['help']	33	110	176	176	176	176	276	524	524	716	-1	-1	4	0	0
1500	28	1	1	1	Pivot	-1	She	1	Pivot		-1	-1	3	help	[2]	['help']	34	71	272	272	272	272	164	164	164	164	-1	-1	4	0	0
1501	28	1	1	1	Pivot	-1	She	1	Pivot		-1	-1	3	help	[2]	['help']	35	117	164	164	164	164	192	192	192	192	-1	-1	4	0	0
1502	28	1	1	1	Pivot	-1	She	1	Pivot		-1	-1	3	help	[2]	['help']	36	8	244	336	336	736	180	180	180	748	-1	-1	4	0	0
1503	28	1	1	1	Pivot	-1	She	1	Pivot		-1	-1	3	help	[2]	['help']	37	146	204	312	312	312	224	336	552	780	-1	-1	4	0	0
1504	28	1	1	1	Pivot	-1	She	1	Pivot		-1	-1	3	help	[2]	['help']	38	26	196	196	196	196	188	424	424	424	-1	-1	4	0	0
1507	28	1	1	1	Pivot	-1	She	1	Pivot		-1	-1	3	help	[2]	['help']	41	196	72	72	72	364	188	188	188	188	-1	-1	4	0	0
1508	28	1	1	1	Pivot	-1	She	1	Pivot		-1	-1	3	help	[2]	['help']	42	205	0	0	0	0	268	268	268	380	-1	-1	4	1	0
1509	28	1	1	1	Pivot	-1	She	1	Pivot		-1	-1	3	help	[2]	['help']	43	113	232	232	232	232	132	132	132	132	-1	-1	4	0	0
1510	28	2	1	1	Experiencer	-2	She	1	Experiencer		-1	-2	4	feel	[3, 4]	['feel', 'for']	1	55	244	244	244	244	356	356	356	520	-2	-2	4	0	0
1511	28	2	1	1	Experiencer	-2	She	1	Experiencer		-1	-2	4	feel	[3, 4]	['feel', 'for']	2	186	156	156	156	156	144	144	144	632	-2	-2	4	0	0
1512	28	2	1	1	Experiencer	-2	She	1	Experiencer		-1	-2	4	feel	[3, 4]	['feel', 'for']	3	114	228	372	372	372	172	172	172	992	-2	-2	4	0	0
1513	28	2	1	1	Experiencer	-2	She	1	Experiencer		-1	-2	4	feel	[3, 4]	['feel', 'for']	4	14	264	264	264	264	268	268	268	268	-2	-2	4	0	0
1514	28	2	1	1	Experiencer	-2	She	1	Experiencer		-1	-2	4	feel	[3, 4]	['feel', 'for']	5	68	116	116	116	544	148	148	148	148	-2	-2	4	0	0
1515	28	2	1	1	Experiencer	-2	She	1	Experiencer		-1	-2	4	feel	[3, 4]	['feel', 'for']	6	62	128	128	128	128	228	228	228	228	-2	-2	4	0	0
1517	28	2	1	1	Experiencer	-2	She	1	Experiencer		-1	-2	4	feel	[3, 4]	['feel', 'for']	8	57	388	388	388	388	108	108	300	1712	-2	-2	4	0	0
1518	28	2	1	1	Experiencer	-2	She	1	Experiencer		-1	-2	4	feel	[3, 4]	['feel', 'for']	10	204	108	108	108	108	188	188	188	188	-2	-2	4	0	0
1519	28	2	1	1	Experiencer	-2	She	1	Experiencer		-1	-2	4	feel	[3, 4]	['feel', 'for']	11	75	200	200	200	200	160	160	316	1380	-2	-2	4	0	0
1521	28	2	1	1	Experiencer	-2	She	1	Experiencer		-1	-2	4	feel	[3, 4]	['feel', 'for']	13	100	340	340	340	580	196	196	196	196	-2	-2	4	0	0
1523	28	2	1	1	Experiencer	-2	She	1	Experiencer		-1	-2	4	feel	[3, 4]	['feel', 'for']	15	146	200	460	460	460	100	100	100	656	-2	-2	4	0	0
1524	28	2	1	1	Experiencer	-2	She	1	Experiencer		-1	-2	4	feel	[3, 4]	['feel', 'for']	16	57	184	440	440	440	140	140	140	140	-2	-2	4	0	0
1525	28	2	1	1	Experiencer	-2	She	1	Experiencer		-1	-2	4	feel	[3, 4]	['feel', 'for']	17	116	312	312	312	312	216	216	216	216	-2	-2	4	0	0
1527	28	2	1	1	Experiencer	-2	She	1	Experiencer		-1	-2	4	feel	[3, 4]	['feel', 'for']	19	59	164	164	164	164	156	156	408	1448	-2	-2	4	0	0
1531	28	2	1	1	Experiencer	-2	She	1	Experiencer		-1	-2	4	feel	[3, 4]	['feel', 'for']	23	77	628	628	628	628	232	232	232	232	-2	-2	4	0	0
1534	28	2	1	1	Experiencer	-2	She	1	Experiencer		-1	-2	4	feel	[3, 4]	['feel', 'for']	27	142	168	168	168	168	232	232	884	1120	-2	-2	4	0	0
1535	28	2	1	1	Experiencer	-2	She	1	Experiencer		-1	-2	4	feel	[3, 4]	['feel', 'for']	28	41	124	124	124	124	572	572	572	572	-2	-2	4	0	0
1536	28	2	1	1	Experiencer	-2	She	1	Experiencer		-1	-2	4	feel	[3, 4]	['feel', 'for']	29	144	164	164	164	164	140	140	140	140	-2	-2	4	0	0
1537	28	2	1	1	Experiencer	-2	She	1	Experiencer		-1	-2	4	feel	[3, 4]	['feel', 'for']	30	198	256	256	256	256	336	336	336	336	-2	-2	4	0	0
1539	28	2	1	1	Experiencer	-2	She	1	Experiencer		-1	-2	4	feel	[3, 4]	['feel', 'for']	32	67	256	256	256	256	212	476	476	628	-2	-2	4	0	0
1540	28	2	1	1	Experiencer	-2	She	1	Experiencer		-1	-2	4	feel	[3, 4]	['feel', 'for']	33	110	276	524	524	716	60	60	60	60	-2	-2	4	0	0
1541	28	2	1	1	Experiencer	-2	She	1	Experiencer		-1	-2	4	feel	[3, 4]	['feel', 'for']	34	71	164	164	164	164	208	208	208	1540	-2	-2	4	0	0
1542	28	2	1	1	Experiencer	-2	She	1	Experiencer		-1	-2	4	feel	[3, 4]	['feel', 'for']	35	117	192	192	192	192	220	220	220	508	-2	-2	4	0	0
1543	28	2	1	1	Experiencer	-2	She	1	Experiencer		-1	-2	4	feel	[3, 4]	['feel', 'for']	36	8	180	180	180	748	672	672	672	672	-2	-2	4	0	0
1544	28	2	1	1	Experiencer	-2	She	1	Experiencer		-1	-2	4	feel	[3, 4]	['feel', 'for']	37	146	224	336	552	780	120	120	120	120	-2	-2	4	0	0
1548	28	2	1	1	Experiencer	-2	She	1	Experiencer		-1	-2	4	feel	[3, 4]	['feel', 'for']	41	196	188	188	188	188	212	212	364	556	-2	-2	4	0	0
1549	28	2	1	1	Experiencer	-2	She	1	Experiencer		-1	-2	4	feel	[3, 4]	['feel', 'for']	42	205	268	268	268	380	240	448	448	572	-2	-2	4	0	0
1550	28	2	1	1	Experiencer	-2	She	1	Experiencer		-1	-2	4	feel	[3, 4]	['feel', 'for']	43	113	132	132	132	132	280	280	280	408	-2	-2	4	0	0
1592	30	2	1	1	Agent	-2	campaign	2	Agent		-1	-2	4	pay	[3, 4]	['pay', 'for']	1	81	0	0	0	0	180	180	180	180	-2	-2	3	1	0
1594	30	2	1	1	Agent	-2	campaign	2	Agent		-1	-2	4	pay	[3, 4]	['pay', 'for']	3	2	200	200	200	200	144	144	144	144	-2	-2	3	0	0
1595	30	2	1	1	Agent	-2	campaign	2	Agent		-1	-2	4	pay	[3, 4]	['pay', 'for']	4	84	168	168	168	168	176	176	176	176	-2	-2	3	0	0
1596	30	2	1	1	Agent	-2	campaign	2	Agent		-1	-2	4	pay	[3, 4]	['pay', 'for']	5	13	0	0	0	0	240	240	240	928	-2	-2	3	1	0
1601	30	2	1	1	Agent	-2	campaign	2	Agent		-1	-2	4	pay	[3, 4]	['pay', 'for']	10	154	172	172	172	172	216	216	216	216	-2	-2	3	0	0
1602	30	2	1	1	Agent	-2	campaign	2	Agent		-1	-2	4	pay	[3, 4]	['pay', 'for']	11	199	136	136	136	136	180	180	180	180	-2	-2	3	0	0
1603	30	2	1	1	Agent	-2	campaign	2	Agent		-1	-2	4	pay	[3, 4]	['pay', 'for']	12	151	224	224	224	224	252	252	252	316	-2	-2	3	0	0
1606	30	2	1	1	Agent	-2	campaign	2	Agent		-1	-2	4	pay	[3, 4]	['pay', 'for']	15	49	280	280	280	444	136	136	136	136	-2	-2	3	0	0
1607	30	2	1	1	Agent	-2	campaign	2	Agent		-1	-2	4	pay	[3, 4]	['pay', 'for']	16	163	220	220	220	220	352	352	352	352	-2	-2	3	0	0
1609	30	2	1	1	Agent	-2	campaign	2	Agent		-1	-2	4	pay	[3, 4]	['pay', 'for']	18	163	0	0	0	0	204	204	204	204	-2	-2	3	1	0
1610	30	2	1	1	Agent	-2	campaign	2	Agent		-1	-2	4	pay	[3, 4]	['pay', 'for']	19	119	224	224	224	224	800	800	800	800	-2	-2	3	0	0
1611	30	2	1	1	Agent	-2	campaign	2	Agent		-1	-2	4	pay	[3, 4]	['pay', 'for']	20	12	76	76	244	600	148	148	148	148	-2	-2	3	0	0
1612	30	2	1	1	Agent	-2	campaign	2	Agent		-1	-2	4	pay	[3, 4]	['pay', 'for']	21	136	80	80	232	644	188	188	188	340	-2	-2	3	0	0
1614	30	2	1	1	Agent	-2	campaign	2	Agent		-1	-2	4	pay	[3, 4]	['pay', 'for']	23	95	200	200	200	200	208	208	208	208	-2	-2	3	0	0
1618	30	2	1	1	Agent	-2	campaign	2	Agent		-1	-2	4	pay	[3, 4]	['pay', 'for']	28	9	236	236	588	740	176	176	176	176	-2	-2	3	0	0
1620	30	2	1	1	Agent	-2	campaign	2	Agent		-1	-2	4	pay	[3, 4]	['pay', 'for']	30	63	184	184	184	184	212	212	212	212	-2	-2	3	0	0
1621	30	2	1	1	Agent	-2	campaign	2	Agent		-1	-2	4	pay	[3, 4]	['pay', 'for']	31	36	0	0	0	0	116	116	116	256	-2	-2	3	1	0
1622	30	2	1	1	Agent	-2	campaign	2	Agent		-1	-2	4	pay	[3, 4]	['pay', 'for']	32	26	204	204	204	204	168	168	168	168	-2	-2	3	0	0
1623	30	2	1	1	Agent	-2	campaign	2	Agent		-1	-2	4	pay	[3, 4]	['pay', 'for']	33	69	208	208	208	208	176	176	176	176	-2	-2	3	0	0
1624	30	2	1	1	Agent	-2	campaign	2	Agent		-1	-2	4	pay	[3, 4]	['pay', 'for']	34	157	0	0	0	0	740	1124	1124	1124	-2	-2	3	1	0
1625	30	2	1	1	Agent	-2	campaign	2	Agent		-1	-2	4	pay	[3, 4]	['pay', 'for']	35	153	0	0	0	0	212	212	212	212	-2	-2	3	1	0
1626	30	2	1	1	Agent	-2	campaign	2	Agent		-1	-2	4	pay	[3, 4]	['pay', 'for']	36	195	228	368	368	480	172	172	172	172	-2	-2	3	0	0
1629	30	2	1	1	Agent	-2	campaign	2	Agent		-1	-2	4	pay	[3, 4]	['pay', 'for']	39	84	0	0	0	0	204	204	492	872	-2	-2	3	1	0
1634	31	2	1	1	Agent	-2	They're	1	Agent		-1	-2	2	riding	[1, 2, 3]	['riding', 'out', 'to']	1	14	260	260	456	688	172	172	172	172	-2	-2	6	0	0
1635	31	2	1	1	Agent	-2	They're	1	Agent		-1	-2	2	riding	[1, 2, 3]	['riding', 'out', 'to']	2	51	108	108	108	108	148	272	272	272	-2	-2	6	0	0
1636	31	2	1	1	Agent	-2	They're	1	Agent		-1	-2	2	riding	[1, 2, 3]	['riding', 'out', 'to']	3	186	152	284	284	284	216	216	216	216	-2	-2	6	0	0
1641	31	2	1	1	Agent	-2	They're	1	Agent		-1	-2	2	riding	[1, 2, 3]	['riding', 'out', 'to']	8	28	148	148	148	148	356	356	356	356	-2	-2	6	0	0
1642	31	2	1	1	Agent	-2	They're	1	Agent		-1	-2	2	riding	[1, 2, 3]	['riding', 'out', 'to']	10	6	136	136	136	136	220	220	220	220	-2	-2	6	0	0
1643	31	2	1	1	Agent	-2	They're	1	Agent		-1	-2	2	riding	[1, 2, 3]	['riding', 'out', 'to']	11	192	216	216	216	216	184	184	184	184	-2	-2	6	0	0
1645	31	2	1	1	Agent	-2	They're	1	Agent		-1	-2	2	riding	[1, 2, 3]	['riding', 'out', 'to']	13	152	232	232	232	232	312	312	312	312	-2	-2	6	0	0
1646	31	2	1	1	Agent	-2	They're	1	Agent		-1	-2	2	riding	[1, 2, 3]	['riding', 'out', 'to']	14	81	208	208	208	208	288	288	288	288	-2	-2	6	0	0
1648	31	2	1	1	Agent	-2	They're	1	Agent		-1	-2	2	riding	[1, 2, 3]	['riding', 'out', 'to']	16	5	136	136	136	136	156	156	156	156	-2	-2	6	0	0
1651	31	2	1	1	Agent	-2	They're	1	Agent		-1	-2	2	riding	[1, 2, 3]	['riding', 'out', 'to']	19	21	180	180	180	180	204	204	204	204	-2	-2	6	0	0
1652	31	2	1	1	Agent	-2	They're	1	Agent		-1	-2	2	riding	[1, 2, 3]	['riding', 'out', 'to']	20	24	0	0	0	0	192	192	192	192	-2	-2	6	1	0
1655	31	2	1	1	Agent	-2	They're	1	Agent		-1	-2	2	riding	[1, 2, 3]	['riding', 'out', 'to']	23	174	0	0	0	0	200	200	200	200	-2	-2	6	1	0
1659	31	2	1	1	Agent	-2	They're	1	Agent		-1	-2	2	riding	[1, 2, 3]	['riding', 'out', 'to']	28	95	220	220	220	220	160	308	308	308	-2	-2	6	0	0
1661	31	2	1	1	Agent	-2	They're	1	Agent		-1	-2	2	riding	[1, 2, 3]	['riding', 'out', 'to']	30	195	0	0	0	0	340	340	340	340	-2	-2	6	1	0
1663	31	2	1	1	Agent	-2	They're	1	Agent		-1	-2	2	riding	[1, 2, 3]	['riding', 'out', 'to']	32	105	288	500	500	500	176	176	176	176	-2	-2	6	0	0
1664	31	2	1	1	Agent	-2	They're	1	Agent		-1	-2	2	riding	[1, 2, 3]	['riding', 'out', 'to']	33	103	24	24	284	732	164	348	348	348	-2	-2	6	0	0
1666	31	2	1	1	Agent	-2	They're	1	Agent		-1	-2	2	riding	[1, 2, 3]	['riding', 'out', 'to']	35	70	212	212	212	212	164	164	164	164	-2	-2	6	0	0
1668	31	2	1	1	Agent	-2	They're	1	Agent		-1	-2	2	riding	[1, 2, 3]	['riding', 'out', 'to']	37	87	160	160	160	160	404	404	404	404	-2	-2	6	0	0
1669	31	2	1	1	Agent	-2	They're	1	Agent		-1	-2	2	riding	[1, 2, 3]	['riding', 'out', 'to']	38	154	208	208	208	208	224	224	224	224	-2	-2	6	0	0
1670	31	2	1	1	Agent	-2	They're	1	Agent		-1	-2	2	riding	[1, 2, 3]	['riding', 'out', 'to']	39	71	0	0	0	0	316	316	316	648	-2	-2	6	1	0
1673	31	2	1	1	Agent	-2	They're	1	Agent		-1	-2	2	riding	[1, 2, 3]	['riding', 'out', 'to']	42	44	136	136	136	136	188	188	188	188	-2	-2	6	0	0
1674	31	2	1	1	Agent	-2	They're	1	Agent		-1	-2	2	riding	[1, 2, 3]	['riding', 'out', 'to']	43	77	188	188	188	188	188	188	188	188	-2	-2	6	0	0
1675	31	3	1	1	Agent	-3	They're	1	Agent		-1	-3	5	meet	[4]	['meet']	1	14	132	132	132	132	200	200	200	584	-3	-3	4	0	0
1676	31	3	1	1	Agent	-3	They're	1	Agent		-1	-3	5	meet	[4]	['meet']	2	51	192	192	192	192	196	196	196	636	-3	-3	4	0	0
1677	31	3	1	1	Agent	-3	They're	1	Agent		-1	-3	5	meet	[4]	['meet']	3	186	0	0	0	0	320	320	320	320	-3	-3	4	1	0
1678	31	3	1	1	Agent	-3	They're	1	Agent		-1	-3	5	meet	[4]	['meet']	4	120	184	184	184	184	156	556	556	556	-3	-3	4	0	0
1679	31	3	1	1	Agent	-3	They're	1	Agent		-1	-3	5	meet	[4]	['meet']	5	32	144	144	144	144	144	144	420	2044	-3	-3	4	0	0
1681	31	3	1	1	Agent	-3	They're	1	Agent		-1	-3	5	meet	[4]	['meet']	7	126	104	104	104	436	204	324	1596	1792	-3	-3	4	0	0
1682	31	3	1	1	Agent	-3	They're	1	Agent		-1	-3	5	meet	[4]	['meet']	8	28	176	176	176	176	468	468	468	468	-3	-3	4	0	0
1683	31	3	1	1	Agent	-3	They're	1	Agent		-1	-3	5	meet	[4]	['meet']	10	6	220	220	384	520	212	212	212	960	-3	-3	4	0	0
1684	31	3	1	1	Agent	-3	They're	1	Agent		-1	-3	5	meet	[4]	['meet']	11	192	132	132	132	132	248	248	248	248	-3	-3	4	0	0
1685	31	3	1	1	Agent	-3	They're	1	Agent		-1	-3	5	meet	[4]	['meet']	12	120	0	0	0	0	488	488	488	488	-3	-3	4	1	0
1686	31	3	1	1	Agent	-3	They're	1	Agent		-1	-3	5	meet	[4]	['meet']	13	152	236	236	236	236	124	440	440	440	-3	-3	4	0	0
1687	31	3	1	1	Agent	-3	They're	1	Agent		-1	-3	5	meet	[4]	['meet']	14	81	188	188	188	388	352	352	352	352	-3	-3	4	0	0
1689	31	3	1	1	Agent	-3	They're	1	Agent		-1	-3	5	meet	[4]	['meet']	16	5	172	172	172	172	232	1296	1296	1296	-3	-3	4	0	0
1690	31	3	1	1	Agent	-3	They're	1	Agent		-1	-3	5	meet	[4]	['meet']	17	161	140	140	140	140	548	548	548	548	-3	-3	4	0	0
1692	31	3	1	1	Agent	-3	They're	1	Agent		-1	-3	5	meet	[4]	['meet']	19	21	140	140	140	140	124	152	152	1344	-3	-3	4	0	0
1693	31	3	1	1	Agent	-3	They're	1	Agent		-1	-3	5	meet	[4]	['meet']	20	24	268	392	556	1136	360	360	360	360	-3	-3	4	0	0
1694	31	3	1	1	Agent	-3	They're	1	Agent		-1	-3	5	meet	[4]	['meet']	21	174	160	160	160	160	384	384	384	384	-3	-3	4	0	0
1696	31	3	1	1	Agent	-3	They're	1	Agent		-1	-3	5	meet	[4]	['meet']	23	174	172	172	172	172	340	840	840	840	-3	-3	4	0	0
1697	31	3	1	1	Agent	-3	They're	1	Agent		-1	-3	5	meet	[4]	['meet']	24	81	208	208	208	208	348	348	348	348	-3	-3	4	0	0
1698	31	3	1	1	Agent	-3	They're	1	Agent		-1	-3	5	meet	[4]	['meet']	25	121	196	196	196	196	188	188	188	436	-3	-3	4	0	0
1699	31	3	1	1	Agent	-3	They're	1	Agent		-1	-3	5	meet	[4]	['meet']	27	32	264	264	264	264	128	128	128	916	-3	-3	4	0	0
1700	31	3	1	1	Agent	-3	They're	1	Agent		-1	-3	5	meet	[4]	['meet']	28	95	196	196	196	348	372	840	1144	3340	-3	-3	4	0	0
1701	31	3	1	1	Agent	-3	They're	1	Agent		-1	-3	5	meet	[4]	['meet']	29	160	212	212	212	212	128	584	584	916	-3	-3	4	0	0
1702	31	3	1	1	Agent	-3	They're	1	Agent		-1	-3	5	meet	[4]	['meet']	30	195	0	0	0	0	272	272	272	436	-3	-3	4	1	0
1703	31	3	1	1	Agent	-3	They're	1	Agent		-1	-3	5	meet	[4]	['meet']	31	151	232	232	232	232	344	344	344	344	-3	-3	4	0	0
1704	31	3	1	1	Agent	-3	They're	1	Agent		-1	-3	5	meet	[4]	['meet']	32	105	376	376	376	376	156	336	336	336	-3	-3	4	0	0
1705	31	3	1	1	Agent	-3	They're	1	Agent		-1	-3	5	meet	[4]	['meet']	33	103	176	176	176	176	300	300	300	656	-3	-3	4	0	0
1707	31	3	1	1	Agent	-3	They're	1	Agent		-1	-3	5	meet	[4]	['meet']	35	70	168	324	324	324	716	716	716	716	-3	-3	4	0	0
1709	31	3	1	1	Agent	-3	They're	1	Agent		-1	-3	5	meet	[4]	['meet']	37	87	156	280	280	280	152	152	152	152	-3	-3	4	0	0
1712	31	3	1	1	Agent	-3	They're	1	Agent		-1	-3	5	meet	[4]	['meet']	40	161	0	0	0	0	108	444	444	444	-3	-3	4	1	0
1714	31	3	1	1	Agent	-3	They're	1	Agent		-1	-3	5	meet	[4]	['meet']	42	44	356	356	356	356	164	352	352	352	-3	-3	4	0	0
1715	31	3	1	1	Agent	-3	They're	1	Agent		-1	-3	5	meet	[4]	['meet']	43	77	216	216	216	364	136	136	136	476	-3	-3	4	0	0
1716	32	2	2	1	Degree	-1	barely	2	Theme	We	1	-2	3	escaped	[2, 3]	['escaped', 'with']	1	138	172	300	300	300	152	304	304	304	-1	-2	7	0	0
1718	32	2	2	1	Degree	-1	barely	2	Theme	We	1	-2	3	escaped	[2, 3]	['escaped', 'with']	3	87	340	340	340	340	196	196	196	196	-1	-2	7	0	0
1720	32	2	2	1	Degree	-1	barely	2	Theme	We	1	-2	3	escaped	[2, 3]	['escaped', 'with']	5	115	332	332	332	332	124	124	124	124	-1	-2	7	0	0
1722	32	2	2	1	Degree	-1	barely	2	Theme	We	1	-2	3	escaped	[2, 3]	['escaped', 'with']	7	73	92	92	92	92	112	112	112	112	-1	-2	7	0	0
1723	32	2	2	1	Degree	-1	barely	2	Theme	We	1	-2	3	escaped	[2, 3]	['escaped', 'with']	8	31	308	308	308	308	176	176	176	176	-1	-2	7	0	0
1724	32	2	2	1	Degree	-1	barely	2	Theme	We	1	-2	3	escaped	[2, 3]	['escaped', 'with']	10	58	228	228	488	712	172	172	172	172	-1	-2	7	0	0
1725	32	2	2	1	Degree	-1	barely	2	Theme	We	1	-2	3	escaped	[2, 3]	['escaped', 'with']	11	188	160	160	160	160	164	164	164	164	-1	-2	7	0	0
1727	32	2	2	1	Degree	-1	barely	2	Theme	We	1	-2	3	escaped	[2, 3]	['escaped', 'with']	13	23	216	216	216	216	316	316	316	316	-1	-2	7	0	0
1728	32	2	2	1	Degree	-1	barely	2	Theme	We	1	-2	3	escaped	[2, 3]	['escaped', 'with']	14	131	232	232	232	232	184	184	184	184	-1	-2	7	0	0
1729	32	2	2	1	Degree	-1	barely	2	Theme	We	1	-2	3	escaped	[2, 3]	['escaped', 'with']	15	117	0	0	0	0	240	240	240	240	-1	-2	7	1	0
1730	32	2	2	1	Degree	-1	barely	2	Theme	We	1	-2	3	escaped	[2, 3]	['escaped', 'with']	16	43	164	744	744	744	176	176	176	176	-1	-2	7	0	0
1732	32	2	2	1	Degree	-1	barely	2	Theme	We	1	-2	3	escaped	[2, 3]	['escaped', 'with']	19	82	188	188	188	188	172	172	172	172	-1	-2	7	0	0
1734	32	2	2	1	Degree	-1	barely	2	Theme	We	1	-2	3	escaped	[2, 3]	['escaped', 'with']	21	71	0	0	0	0	132	132	132	132	-1	-2	7	1	0
1735	32	2	2	1	Degree	-1	barely	2	Theme	We	1	-2	3	escaped	[2, 3]	['escaped', 'with']	22	181	404	404	404	404	208	208	208	208	-1	-2	7	0	0
1736	32	2	2	1	Degree	-1	barely	2	Theme	We	1	-2	3	escaped	[2, 3]	['escaped', 'with']	23	186	144	144	424	756	196	196	196	196	-1	-2	7	0	0
1739	32	2	2	1	Degree	-1	barely	2	Theme	We	1	-2	3	escaped	[2, 3]	['escaped', 'with']	27	144	204	204	204	204	272	272	272	272	-1	-2	7	0	0
1740	32	2	2	1	Degree	-1	barely	2	Theme	We	1	-2	3	escaped	[2, 3]	['escaped', 'with']	28	14	112	112	160	368	232	232	232	232	-1	-2	7	0	0
1742	32	2	2	1	Degree	-1	barely	2	Theme	We	1	-2	3	escaped	[2, 3]	['escaped', 'with']	30	172	664	664	664	664	232	232	232	232	-1	-2	7	0	0
1744	32	2	2	1	Degree	-1	barely	2	Theme	We	1	-2	3	escaped	[2, 3]	['escaped', 'with']	32	95	324	324	324	324	196	196	196	196	-1	-2	7	0	0
1746	32	2	2	1	Degree	-1	barely	2	Theme	We	1	-2	3	escaped	[2, 3]	['escaped', 'with']	34	74	176	176	176	176	336	336	336	336	-1	-2	7	0	0
1747	32	2	2	1	Degree	-1	barely	2	Theme	We	1	-2	3	escaped	[2, 3]	['escaped', 'with']	35	28	184	184	184	184	188	188	188	188	-1	-2	7	0	0
1749	32	2	2	1	Degree	-1	barely	2	Theme	We	1	-2	3	escaped	[2, 3]	['escaped', 'with']	37	118	220	220	220	220	224	224	224	224	-1	-2	7	0	0
1753	32	2	2	1	Degree	-1	barely	2	Theme	We	1	-2	3	escaped	[2, 3]	['escaped', 'with']	41	121	0	0	0	0	60	60	208	696	-1	-2	7	1	0
1754	32	2	2	1	Degree	-1	barely	2	Theme	We	1	-2	3	escaped	[2, 3]	['escaped', 'with']	42	82	216	216	216	216	172	172	172	172	-1	-2	7	0	0
1755	32	2	2	1	Degree	-1	barely	2	Theme	We	1	-2	3	escaped	[2, 3]	['escaped', 'with']	43	153	200	200	200	200	240	240	240	240	-1	-2	7	0	0
1756	33	2	1	1	Theme	-2	We've	1	Theme		-1	-2	3	travelling	[2]	['travelling']	1	73	232	316	316	316	232	232	232	232	-2	-2	10	0	0
1757	33	2	1	1	Theme	-2	We've	1	Theme		-1	-2	3	travelling	[2]	['travelling']	2	205	192	192	192	192	200	200	200	200	-2	-2	10	0	0
1758	33	2	1	1	Theme	-2	We've	1	Theme		-1	-2	3	travelling	[2]	['travelling']	3	76	168	168	168	308	140	300	300	300	-2	-2	10	0	0
1759	33	2	1	1	Theme	-2	We've	1	Theme		-1	-2	3	travelling	[2]	['travelling']	4	28	172	172	172	172	252	252	252	252	-2	-2	10	0	0
1760	33	2	1	1	Theme	-2	We've	1	Theme		-1	-2	3	travelling	[2]	['travelling']	5	197	248	248	328	584	224	224	224	224	-2	-2	10	0	0
1762	33	2	1	1	Theme	-2	We've	1	Theme		-1	-2	3	travelling	[2]	['travelling']	7	170	72	72	72	72	136	136	136	136	-2	-2	10	0	0
1763	33	2	1	1	Theme	-2	We've	1	Theme		-1	-2	3	travelling	[2]	['travelling']	8	166	168	168	168	168	208	208	208	208	-2	-2	10	0	0
1764	33	2	1	1	Theme	-2	We've	1	Theme		-1	-2	3	travelling	[2]	['travelling']	10	11	72	148	148	148	208	208	208	208	-2	-2	10	0	0
1765	33	2	1	1	Theme	-2	We've	1	Theme		-1	-2	3	travelling	[2]	['travelling']	11	140	140	140	140	140	192	192	192	192	-2	-2	10	0	0
1766	33	2	1	1	Theme	-2	We've	1	Theme		-1	-2	3	travelling	[2]	['travelling']	12	122	280	280	280	280	292	472	896	1196	-2	-2	10	0	0
1767	33	2	1	1	Theme	-2	We've	1	Theme		-1	-2	3	travelling	[2]	['travelling']	13	42	260	260	260	260	196	196	196	196	-2	-2	10	0	0
1768	33	2	1	1	Theme	-2	We've	1	Theme		-1	-2	3	travelling	[2]	['travelling']	14	139	232	232	232	232	192	192	192	192	-2	-2	10	0	0
1770	33	2	1	1	Theme	-2	We've	1	Theme		-1	-2	3	travelling	[2]	['travelling']	16	127	152	152	252	356	220	384	384	384	-2	-2	10	0	0
1771	33	2	1	1	Theme	-2	We've	1	Theme		-1	-2	3	travelling	[2]	['travelling']	18	142	188	188	188	188	212	212	212	212	-2	-2	10	0	0
1772	33	2	1	1	Theme	-2	We've	1	Theme		-1	-2	3	travelling	[2]	['travelling']	19	74	132	212	212	212	184	184	184	184	-2	-2	10	0	0
1774	33	2	1	1	Theme	-2	We've	1	Theme		-1	-2	3	travelling	[2]	['travelling']	21	172	136	136	136	136	132	132	132	132	-2	-2	10	0	0
1775	33	2	1	1	Theme	-2	We've	1	Theme		-1	-2	3	travelling	[2]	['travelling']	22	178	128	128	476	1012	244	244	244	244	-2	-2	10	0	0
1776	33	2	1	1	Theme	-2	We've	1	Theme		-1	-2	3	travelling	[2]	['travelling']	23	129	252	476	476	476	232	232	232	232	-2	-2	10	0	0
1777	33	2	1	1	Theme	-2	We've	1	Theme		-1	-2	3	travelling	[2]	['travelling']	24	62	312	312	312	312	180	180	180	180	-2	-2	10	0	0
1778	33	2	1	1	Theme	-2	We've	1	Theme		-1	-2	3	travelling	[2]	['travelling']	25	97	92	356	356	356	168	280	280	280	-2	-2	10	0	0
1779	33	2	1	1	Theme	-2	We've	1	Theme		-1	-2	3	travelling	[2]	['travelling']	27	131	200	200	200	200	232	232	232	232	-2	-2	10	0	0
1780	33	2	1	1	Theme	-2	We've	1	Theme		-1	-2	3	travelling	[2]	['travelling']	28	174	156	156	156	156	168	168	168	168	-2	-2	10	0	0
1781	33	2	1	1	Theme	-2	We've	1	Theme		-1	-2	3	travelling	[2]	['travelling']	29	188	240	240	316	532	288	288	288	288	-2	-2	10	0	0
1782	33	2	1	1	Theme	-2	We've	1	Theme		-1	-2	3	travelling	[2]	['travelling']	30	100	376	376	376	376	204	204	204	204	-2	-2	10	0	0
1784	33	2	1	1	Theme	-2	We've	1	Theme		-1	-2	3	travelling	[2]	['travelling']	32	178	224	224	224	224	252	252	252	252	-2	-2	10	0	0
1785	33	2	1	1	Theme	-2	We've	1	Theme		-1	-2	3	travelling	[2]	['travelling']	33	8	220	348	348	348	188	324	324	324	-2	-2	10	0	0
1786	33	2	1	1	Theme	-2	We've	1	Theme		-1	-2	3	travelling	[2]	['travelling']	34	116	120	120	284	448	212	212	212	212	-2	-2	10	0	0
1787	33	2	1	1	Theme	-2	We've	1	Theme		-1	-2	3	travelling	[2]	['travelling']	35	40	180	180	180	180	148	308	308	308	-2	-2	10	0	0
1788	33	2	1	1	Theme	-2	We've	1	Theme		-1	-2	3	travelling	[2]	['travelling']	36	81	204	204	204	344	228	228	228	228	-2	-2	10	0	0
1789	33	2	1	1	Theme	-2	We've	1	Theme		-1	-2	3	travelling	[2]	['travelling']	37	106	232	308	496	740	208	324	324	324	-2	-2	10	0	0
1790	33	2	1	1	Theme	-2	We've	1	Theme		-1	-2	3	travelling	[2]	['travelling']	38	97	44	232	232	232	176	176	176	176	-2	-2	10	0	0
1793	33	2	1	1	Theme	-2	We've	1	Theme		-1	-2	3	travelling	[2]	['travelling']	41	135	0	0	0	0	236	236	236	676	-2	-2	10	1	0
1794	33	2	1	1	Theme	-2	We've	1	Theme		-1	-2	3	travelling	[2]	['travelling']	42	15	232	232	232	232	156	156	156	156	-2	-2	10	0	0
1795	33	2	1	1	Theme	-2	We've	1	Theme		-1	-2	3	travelling	[2]	['travelling']	43	202	192	192	192	192	224	224	224	224	-2	-2	10	0	0
1796	34	2	1	1	Agent	-2	Alice	1	Agent		-1	-2	3	looking	[2, 3]	['looking', 'for']	1	66	152	152	152	152	224	224	224	224	-2	-2	7	0	0
1798	34	2	1	1	Agent	-2	Alice	1	Agent		-1	-2	3	looking	[2, 3]	['looking', 'for']	3	121	160	160	160	160	212	212	212	212	-2	-2	7	0	0
1799	34	2	1	1	Agent	-2	Alice	1	Agent		-1	-2	3	looking	[2, 3]	['looking', 'for']	4	183	168	168	168	168	204	204	204	204	-2	-2	7	0	0
1802	34	2	1	1	Agent	-2	Alice	1	Agent		-1	-2	3	looking	[2, 3]	['looking', 'for']	7	184	84	84	164	364	168	168	168	168	-2	-2	7	0	0
1803	34	2	1	1	Agent	-2	Alice	1	Agent		-1	-2	3	looking	[2, 3]	['looking', 'for']	8	14	140	140	140	140	148	148	148	148	-2	-2	7	0	0
1805	34	2	1	1	Agent	-2	Alice	1	Agent		-1	-2	3	looking	[2, 3]	['looking', 'for']	11	136	0	0	0	0	120	120	120	120	-2	-2	7	1	0
1808	34	2	1	1	Agent	-2	Alice	1	Agent		-1	-2	3	looking	[2, 3]	['looking', 'for']	14	166	216	400	400	400	172	172	172	172	-2	-2	7	0	0
1811	34	2	1	1	Agent	-2	Alice	1	Agent		-1	-2	3	looking	[2, 3]	['looking', 'for']	17	92	172	172	172	172	244	244	244	244	-2	-2	7	0	0
1813	34	2	1	1	Agent	-2	Alice	1	Agent		-1	-2	3	looking	[2, 3]	['looking', 'for']	19	190	160	228	228	228	108	108	108	108	-2	-2	7	0	0
1814	34	2	1	1	Agent	-2	Alice	1	Agent		-1	-2	3	looking	[2, 3]	['looking', 'for']	20	158	132	132	132	132	132	132	132	132	-2	-2	7	0	0
1815	34	2	1	1	Agent	-2	Alice	1	Agent		-1	-2	3	looking	[2, 3]	['looking', 'for']	21	188	48	232	380	612	164	164	164	164	-2	-2	7	0	0
1817	34	2	1	1	Agent	-2	Alice	1	Agent		-1	-2	3	looking	[2, 3]	['looking', 'for']	23	15	252	252	252	252	152	152	152	152	-2	-2	7	0	0
1818	34	2	1	1	Agent	-2	Alice	1	Agent		-1	-2	3	looking	[2, 3]	['looking', 'for']	24	24	196	196	196	196	148	148	148	148	-2	-2	7	0	0
1822	34	2	1	1	Agent	-2	Alice	1	Agent		-1	-2	3	looking	[2, 3]	['looking', 'for']	29	187	208	208	208	208	132	132	132	132	-2	-2	7	0	0
1826	34	2	1	1	Agent	-2	Alice	1	Agent		-1	-2	3	looking	[2, 3]	['looking', 'for']	33	136	216	216	216	216	172	172	172	172	-2	-2	7	0	0
1827	34	2	1	1	Agent	-2	Alice	1	Agent		-1	-2	3	looking	[2, 3]	['looking', 'for']	34	55	188	188	188	188	176	176	176	176	-2	-2	7	0	0
1829	34	2	1	1	Agent	-2	Alice	1	Agent		-1	-2	3	looking	[2, 3]	['looking', 'for']	36	56	232	232	232	388	176	176	176	176	-2	-2	7	0	0
1830	34	2	1	1	Agent	-2	Alice	1	Agent		-1	-2	3	looking	[2, 3]	['looking', 'for']	37	148	104	104	104	104	124	124	124	124	-2	-2	7	0	0
1835	34	2	1	1	Agent	-2	Alice	1	Agent		-1	-2	3	looking	[2, 3]	['looking', 'for']	42	22	120	120	120	120	136	136	136	136	-2	-2	7	0	0
1878	35	1	1	1	Agent	-1	Alan	1	Agent		-1	-1	2	forgot	[1, 2]	['forgot', 'to']	1	86	144	144	144	144	144	144	144	144	-1	-1	6	0	0
1880	35	1	1	1	Agent	-1	Alan	1	Agent		-1	-1	2	forgot	[1, 2]	['forgot', 'to']	3	92	232	268	544	724	156	156	156	156	-1	-1	6	0	0
1886	35	1	1	1	Agent	-1	Alan	1	Agent		-1	-1	2	forgot	[1, 2]	['forgot', 'to']	10	159	156	156	156	156	152	152	152	152	-1	-1	6	0	0
1887	35	1	1	1	Agent	-1	Alan	1	Agent		-1	-1	2	forgot	[1, 2]	['forgot', 'to']	11	18	196	196	196	196	176	176	176	176	-1	-1	6	0	0
1888	35	1	1	1	Agent	-1	Alan	1	Agent		-1	-1	2	forgot	[1, 2]	['forgot', 'to']	12	195	128	128	128	128	176	176	176	176	-1	-1	6	0	0
1900	35	1	1	1	Agent	-1	Alan	1	Agent		-1	-1	2	forgot	[1, 2]	['forgot', 'to']	24	119	172	172	172	172	224	224	224	224	-1	-1	6	0	0
1905	35	1	1	1	Agent	-1	Alan	1	Agent		-1	-1	2	forgot	[1, 2]	['forgot', 'to']	30	144	184	260	260	260	356	356	356	356	-1	-1	6	0	0
1914	35	1	1	1	Agent	-1	Alan	1	Agent		-1	-1	2	forgot	[1, 2]	['forgot', 'to']	39	85	0	0	0	0	116	116	116	148	-1	-1	6	1	0
1920	36	1	1	1	Agent	-1		-1	Agent		-1	-1	1	Have	[0]	['Have']	2	110	220	220	220	220	96	96	96	96	-1	-1	4	0	0
1922	36	1	1	1	Agent	-1		-1	Agent		-1	-1	1	Have	[0]	['Have']	4	151	0	0	0	0	60	60	60	336	-1	-1	4	1	0
1923	36	1	1	1	Agent	-1		-1	Agent		-1	-1	1	Have	[0]	['Have']	5	159	0	0	0	0	352	352	352	556	-1	-1	4	1	0
1926	36	1	1	1	Agent	-1		-1	Agent		-1	-1	1	Have	[0]	['Have']	8	112	248	248	248	248	148	148	148	148	-1	-1	4	0	0
1929	36	1	1	1	Agent	-1		-1	Agent		-1	-1	1	Have	[0]	['Have']	12	34	232	440	440	648	292	292	292	292	-1	-1	4	0	0
1930	36	1	1	1	Agent	-1		-1	Agent		-1	-1	1	Have	[0]	['Have']	13	202	276	276	276	276	244	244	244	244	-1	-1	4	0	0
1931	36	1	1	1	Agent	-1		-1	Agent		-1	-1	1	Have	[0]	['Have']	14	134	0	0	0	0	116	116	116	116	-1	-1	4	1	0
1932	36	1	1	1	Agent	-1		-1	Agent		-1	-1	1	Have	[0]	['Have']	15	144	0	0	0	0	236	236	236	236	-1	-1	4	1	0
1936	36	1	1	1	Agent	-1		-1	Agent		-1	-1	1	Have	[0]	['Have']	19	4	140	140	140	140	148	148	148	148	-1	-1	4	0	0
1937	36	1	1	1	Agent	-1		-1	Agent		-1	-1	1	Have	[0]	['Have']	20	82	0	0	0	0	264	264	264	264	-1	-1	4	1	0
1952	36	1	1	1	Agent	-1		-1	Agent		-1	-1	1	Have	[0]	['Have']	36	78	0	0	0	0	232	232	232	232	-1	-1	4	1	0
1957	36	1	1	1	Agent	-1		-1	Agent		-1	-1	1	Have	[0]	['Have']	41	37	0	0	0	0	56	56	56	56	-1	-1	4	1	0
1960	37	2	1	1	Pivot	-2	He	1	Pivot		-1	-2	4	want	[3]	['want']	1	183	140	140	140	140	232	232	232	232	-2	-2	4	0	0
1961	37	2	1	1	Pivot	-2	He	1	Pivot		-1	-2	4	want	[3]	['want']	2	132	268	268	268	268	140	140	140	140	-2	-2	4	0	0
1962	37	2	1	1	Pivot	-2	He	1	Pivot		-1	-2	4	want	[3]	['want']	3	30	180	180	180	180	236	332	332	508	-2	-2	4	0	0
1963	37	2	1	1	Pivot	-2	He	1	Pivot		-1	-2	4	want	[3]	['want']	4	193	192	192	192	192	148	148	148	148	-2	-2	4	0	0
1964	37	2	1	1	Pivot	-2	He	1	Pivot		-1	-2	4	want	[3]	['want']	5	110	0	0	0	0	236	396	396	592	-2	-2	4	1	0
1965	37	2	1	1	Pivot	-2	He	1	Pivot		-1	-2	4	want	[3]	['want']	6	200	104	104	104	104	176	176	176	176	-2	-2	4	0	0
1966	37	2	1	1	Pivot	-2	He	1	Pivot		-1	-2	4	want	[3]	['want']	7	71	0	0	0	0	76	76	76	76	-2	-2	4	1	0
1967	37	2	1	1	Pivot	-2	He	1	Pivot		-1	-2	4	want	[3]	['want']	8	162	176	176	176	176	188	188	188	188	-2	-2	4	0	0
1968	37	2	1	1	Pivot	-2	He	1	Pivot		-1	-2	4	want	[3]	['want']	10	10	172	172	172	172	144	144	144	144	-2	-2	4	0	0
1969	37	2	1	1	Pivot	-2	He	1	Pivot		-1	-2	4	want	[3]	['want']	11	166	152	152	152	152	188	188	188	188	-2	-2	4	0	0
1970	37	2	1	1	Pivot	-2	He	1	Pivot		-1	-2	4	want	[3]	['want']	12	168	0	0	0	0	280	280	280	372	-2	-2	4	1	0
1972	37	2	1	1	Pivot	-2	He	1	Pivot		-1	-2	4	want	[3]	['want']	14	31	204	204	392	476	168	168	168	168	-2	-2	4	0	0
1973	37	2	1	1	Pivot	-2	He	1	Pivot		-1	-2	4	want	[3]	['want']	15	58	0	0	0	0	156	156	156	156	-2	-2	4	1	0
1974	37	2	1	1	Pivot	-2	He	1	Pivot		-1	-2	4	want	[3]	['want']	16	93	168	168	168	168	160	320	320	320	-2	-2	4	0	0
1975	37	2	1	1	Pivot	-2	He	1	Pivot		-1	-2	4	want	[3]	['want']	18	57	0	0	0	0	248	248	248	248	-2	-2	4	1	0
1976	37	2	1	1	Pivot	-2	He	1	Pivot		-1	-2	4	want	[3]	['want']	19	114	132	132	132	132	156	340	340	340	-2	-2	4	0	0
1977	37	2	1	1	Pivot	-2	He	1	Pivot		-1	-2	4	want	[3]	['want']	20	163	160	160	160	160	132	132	132	132	-2	-2	4	0	0
1978	37	2	1	1	Pivot	-2	He	1	Pivot		-1	-2	4	want	[3]	['want']	21	56	128	128	128	128	144	144	144	144	-2	-2	4	0	0
1979	37	2	1	1	Pivot	-2	He	1	Pivot		-1	-2	4	want	[3]	['want']	22	50	184	184	184	184	192	192	192	192	-2	-2	4	0	0
1980	37	2	1	1	Pivot	-2	He	1	Pivot		-1	-2	4	want	[3]	['want']	23	161	228	228	228	228	116	408	408	408	-2	-2	4	0	0
1981	37	2	1	1	Pivot	-2	He	1	Pivot		-1	-2	4	want	[3]	['want']	24	151	144	144	144	144	172	172	172	172	-2	-2	4	0	0
1983	37	2	1	1	Pivot	-2	He	1	Pivot		-1	-2	4	want	[3]	['want']	27	174	376	376	376	376	272	272	272	272	-2	-2	4	0	0
1984	37	2	1	1	Pivot	-2	He	1	Pivot		-1	-2	4	want	[3]	['want']	28	173	168	288	288	288	180	180	180	180	-2	-2	4	0	0
1985	37	2	1	1	Pivot	-2	He	1	Pivot		-1	-2	4	want	[3]	['want']	29	161	148	148	148	148	152	152	152	152	-2	-2	4	0	0
1986	37	2	1	1	Pivot	-2	He	1	Pivot		-1	-2	4	want	[3]	['want']	30	94	296	352	352	352	212	212	212	212	-2	-2	4	0	0
1987	37	2	1	1	Pivot	-2	He	1	Pivot		-1	-2	4	want	[3]	['want']	31	190	0	0	0	0	200	200	200	200	-2	-2	4	1	0
1988	37	2	1	1	Pivot	-2	He	1	Pivot		-1	-2	4	want	[3]	['want']	32	63	256	256	256	256	176	176	176	176	-2	-2	4	0	0
1989	37	2	1	1	Pivot	-2	He	1	Pivot		-1	-2	4	want	[3]	['want']	33	183	176	176	176	176	120	120	120	120	-2	-2	4	0	0
1990	37	2	1	1	Pivot	-2	He	1	Pivot		-1	-2	4	want	[3]	['want']	34	82	188	188	188	188	536	536	536	536	-2	-2	4	0	0
1991	37	2	1	1	Pivot	-2	He	1	Pivot		-1	-2	4	want	[3]	['want']	35	141	0	0	0	0	152	308	308	308	-2	-2	4	1	0
1992	37	2	1	1	Pivot	-2	He	1	Pivot		-1	-2	4	want	[3]	['want']	36	97	0	0	0	0	192	192	192	192	-2	-2	4	1	0
1993	37	2	1	1	Pivot	-2	He	1	Pivot		-1	-2	4	want	[3]	['want']	37	48	148	280	280	280	168	168	168	168	-2	-2	4	0	0
1994	37	2	1	1	Pivot	-2	He	1	Pivot		-1	-2	4	want	[3]	['want']	38	14	176	176	176	176	188	188	188	188	-2	-2	4	0	0
1996	37	2	1	1	Pivot	-2	He	1	Pivot		-1	-2	4	want	[3]	['want']	40	171	0	0	0	0	32	112	112	112	-2	-2	4	1	0
1997	37	2	1	1	Pivot	-2	He	1	Pivot		-1	-2	4	want	[3]	['want']	41	195	0	0	0	0	240	240	368	1076	-2	-2	4	1	0
1998	37	2	1	1	Pivot	-2	He	1	Pivot		-1	-2	4	want	[3]	['want']	42	48	0	0	0	0	192	192	192	192	-2	-2	4	1	0
1999	37	2	1	1	Pivot	-2	He	1	Pivot		-1	-2	4	want	[3]	['want']	43	108	144	144	144	144	192	192	192	192	-2	-2	4	0	0
2040	38	1	1	2	Agent	-1	He	1	Agent		-1	-1	2	put	[1]	['put']	1	4	164	164	164	164	216	216	216	216	-1	-1	3	0	0
2041	38	1	1	2	Agent	-1	He	1	Agent		-1	-1	2	put	[1]	['put']	2	123	0	0	0	0	72	72	72	72	-1	-1	3	1	0
2042	38	1	1	2	Agent	-1	He	1	Agent		-1	-1	2	put	[1]	['put']	3	102	0	0	0	0	148	148	148	148	-1	-1	3	1	0
2045	38	1	1	2	Agent	-1	He	1	Agent		-1	-1	2	put	[1]	['put']	6	29	0	0	0	0	168	168	168	168	-1	-1	3	1	0
2046	38	1	1	2	Agent	-1	He	1	Agent		-1	-1	2	put	[1]	['put']	7	187	248	248	248	248	108	108	108	108	-1	-1	3	0	0
2047	38	1	1	2	Agent	-1	He	1	Agent		-1	-1	2	put	[1]	['put']	8	188	256	396	396	396	184	184	184	184	-1	-1	3	0	0
2048	38	1	1	2	Agent	-1	He	1	Agent		-1	-1	2	put	[1]	['put']	10	160	0	0	0	0	252	252	252	512	-1	-1	3	1	0
2049	38	1	1	2	Agent	-1	He	1	Agent		-1	-1	2	put	[1]	['put']	11	93	120	120	120	120	140	140	140	140	-1	-1	3	0	0
2050	38	1	1	2	Agent	-1	He	1	Agent		-1	-1	2	put	[1]	['put']	12	84	0	0	0	0	260	260	260	260	-1	-1	3	1	0
2051	38	1	1	2	Agent	-1	He	1	Agent		-1	-1	2	put	[1]	['put']	13	13	0	0	0	0	160	160	160	160	-1	-1	3	1	0
2052	38	1	1	2	Agent	-1	He	1	Agent		-1	-1	2	put	[1]	['put']	14	152	28	292	292	292	152	152	152	152	-1	-1	3	0	0
2054	38	1	1	2	Agent	-1	He	1	Agent		-1	-1	2	put	[1]	['put']	16	82	0	0	0	0	240	240	412	668	-1	-1	3	1	0
2056	38	1	1	2	Agent	-1	He	1	Agent		-1	-1	2	put	[1]	['put']	18	40	0	0	0	0	228	228	228	388	-1	-1	3	1	0
2057	38	1	1	2	Agent	-1	He	1	Agent		-1	-1	2	put	[1]	['put']	19	167	0	0	0	0	188	188	188	188	-1	-1	3	1	0
2059	38	1	1	2	Agent	-1	He	1	Agent		-1	-1	2	put	[1]	['put']	21	9	248	248	248	248	112	112	112	112	-1	-1	3	0	0
2063	38	1	1	2	Agent	-1	He	1	Agent		-1	-1	2	put	[1]	['put']	25	114	0	0	0	0	180	180	180	180	-1	-1	3	1	0
2064	38	1	1	2	Agent	-1	He	1	Agent		-1	-1	2	put	[1]	['put']	27	154	0	0	0	0	296	296	296	296	-1	-1	3	1	0
2065	38	1	1	2	Agent	-1	He	1	Agent		-1	-1	2	put	[1]	['put']	28	45	228	584	584	584	196	196	196	196	-1	-1	3	0	0
2066	38	1	1	2	Agent	-1	He	1	Agent		-1	-1	2	put	[1]	['put']	29	20	0	0	0	0	252	252	252	396	-1	-1	3	1	0
2067	38	1	1	2	Agent	-1	He	1	Agent		-1	-1	2	put	[1]	['put']	30	171	212	576	792	1152	412	668	668	668	-1	-1	3	0	0
2069	38	1	1	2	Agent	-1	He	1	Agent		-1	-1	2	put	[1]	['put']	32	102	308	308	308	308	212	212	212	212	-1	-1	3	0	0
2070	38	1	1	2	Agent	-1	He	1	Agent		-1	-1	2	put	[1]	['put']	33	139	276	276	276	336	172	172	172	172	-1	-1	3	0	0
2072	38	1	1	2	Agent	-1	He	1	Agent		-1	-1	2	put	[1]	['put']	35	146	248	248	248	248	152	152	152	152	-1	-1	3	0	0
2074	38	1	1	2	Agent	-1	He	1	Agent		-1	-1	2	put	[1]	['put']	37	183	124	124	124	124	148	272	272	272	-1	-1	3	0	0
2076	38	1	1	2	Agent	-1	He	1	Agent		-1	-1	2	put	[1]	['put']	39	192	0	0	0	0	296	296	296	436	-1	-1	3	1	0
2080	38	1	1	2	Agent	-1	He	1	Agent		-1	-1	2	put	[1]	['put']	43	143	248	416	416	416	96	96	96	96	-1	-1	3	0	0
2081	39	2	1	2	Agent	-2	I'll	1	Agent		-1	-2	2	give	[1]	['give']	1	118	148	148	148	148	144	144	144	144	-2	-2	4	0	0
2083	39	2	1	2	Agent	-2	I'll	1	Agent		-1	-2	2	give	[1]	['give']	3	71	128	532	532	652	144	144	144	144	-2	-2	4	0	0
2087	39	2	1	2	Agent	-2	I'll	1	Agent		-1	-2	2	give	[1]	['give']	7	106	136	136	136	136	72	72	72	72	-2	-2	4	0	0
2088	39	2	1	2	Agent	-2	I'll	1	Agent		-1	-2	2	give	[1]	['give']	8	65	244	244	340	488	204	204	204	204	-2	-2	4	0	0
2089	39	2	1	2	Agent	-2	I'll	1	Agent		-1	-2	2	give	[1]	['give']	10	3	0	0	0	0	92	92	248	656	-2	-2	4	1	0
2090	39	2	1	2	Agent	-2	I'll	1	Agent		-1	-2	2	give	[1]	['give']	11	44	144	144	144	144	152	152	152	152	-2	-2	4	0	0
2092	39	2	1	2	Agent	-2	I'll	1	Agent		-1	-2	2	give	[1]	['give']	13	113	196	196	196	196	244	244	244	244	-2	-2	4	0	0
2095	39	2	1	2	Agent	-2	I'll	1	Agent		-1	-2	2	give	[1]	['give']	16	96	200	200	200	200	184	184	184	184	-2	-2	4	0	0
2096	39	2	1	2	Agent	-2	I'll	1	Agent		-1	-2	2	give	[1]	['give']	17	122	236	236	236	236	260	260	260	260	-2	-2	4	0	0
2098	39	2	1	2	Agent	-2	I'll	1	Agent		-1	-2	2	give	[1]	['give']	19	66	148	148	148	148	168	168	168	168	-2	-2	4	0	0
2101	39	2	1	2	Agent	-2	I'll	1	Agent		-1	-2	2	give	[1]	['give']	22	140	192	192	192	192	176	176	176	176	-2	-2	4	0	0
2102	39	2	1	2	Agent	-2	I'll	1	Agent		-1	-2	2	give	[1]	['give']	23	150	180	180	180	180	192	192	192	192	-2	-2	4	0	0
2103	39	2	1	2	Agent	-2	I'll	1	Agent		-1	-2	2	give	[1]	['give']	24	64	132	132	132	132	296	296	296	296	-2	-2	4	0	0
2105	39	2	1	2	Agent	-2	I'll	1	Agent		-1	-2	2	give	[1]	['give']	27	190	288	288	288	520	232	232	232	232	-2	-2	4	0	0
2106	39	2	1	2	Agent	-2	I'll	1	Agent		-1	-2	2	give	[1]	['give']	28	78	96	96	304	544	184	356	356	356	-2	-2	4	0	0
2109	39	2	1	2	Agent	-2	I'll	1	Agent		-1	-2	2	give	[1]	['give']	31	127	344	344	344	344	208	208	208	208	-2	-2	4	0	0
2110	39	2	1	2	Agent	-2	I'll	1	Agent		-1	-2	2	give	[1]	['give']	32	82	212	212	212	212	188	188	188	188	-2	-2	4	0	0
2111	39	2	1	2	Agent	-2	I'll	1	Agent		-1	-2	2	give	[1]	['give']	33	82	180	180	180	180	180	180	180	180	-2	-2	4	0	0
2112	39	2	1	2	Agent	-2	I'll	1	Agent		-1	-2	2	give	[1]	['give']	34	22	276	276	276	276	228	456	456	456	-2	-2	4	0	0
2113	39	2	1	2	Agent	-2	I'll	1	Agent		-1	-2	2	give	[1]	['give']	35	86	164	164	164	164	156	156	156	156	-2	-2	4	0	0
2114	39	2	1	2	Agent	-2	I'll	1	Agent		-1	-2	2	give	[1]	['give']	36	9	0	0	0	0	248	248	248	384	-2	-2	4	1	0
2115	39	2	1	2	Agent	-2	I'll	1	Agent		-1	-2	2	give	[1]	['give']	37	103	164	300	300	300	132	132	132	132	-2	-2	4	0	0
2121	39	2	1	2	Agent	-2	I'll	1	Agent		-1	-2	2	give	[1]	['give']	43	131	0	0	0	0	172	172	172	172	-2	-2	4	1	0
2122	40	1	1	0	Agent	-1	Andrew	1	Agent		-1	-1	2	nodded	[1, 2]	['nodded', 'and']	1	180	336	336	336	336	204	204	204	204	-1	-1	6	0	0
2123	40	1	1	0	Agent	-1	Andrew	1	Agent		-1	-1	2	nodded	[1, 2]	['nodded', 'and']	2	193	92	92	92	92	196	196	196	196	-1	-1	6	0	0
2124	40	1	1	0	Agent	-1	Andrew	1	Agent		-1	-1	2	nodded	[1, 2]	['nodded', 'and']	3	115	180	272	272	272	132	132	132	132	-1	-1	6	0	0
2126	40	1	1	0	Agent	-1	Andrew	1	Agent		-1	-1	2	nodded	[1, 2]	['nodded', 'and']	5	8	0	0	0	0	128	128	320	792	-1	-1	6	1	0
2127	40	1	1	0	Agent	-1	Andrew	1	Agent		-1	-1	2	nodded	[1, 2]	['nodded', 'and']	6	55	128	128	128	128	160	160	160	160	-1	-1	6	0	0
2130	40	1	1	0	Agent	-1	Andrew	1	Agent		-1	-1	2	nodded	[1, 2]	['nodded', 'and']	10	14	256	256	472	720	132	132	132	132	-1	-1	6	0	0
2134	40	1	1	0	Agent	-1	Andrew	1	Agent		-1	-1	2	nodded	[1, 2]	['nodded', 'and']	14	159	204	204	204	204	256	256	256	256	-1	-1	6	0	0
2136	40	1	1	0	Agent	-1	Andrew	1	Agent		-1	-1	2	nodded	[1, 2]	['nodded', 'and']	16	95	204	204	204	204	192	192	192	192	-1	-1	6	0	0
2139	40	1	1	0	Agent	-1	Andrew	1	Agent		-1	-1	2	nodded	[1, 2]	['nodded', 'and']	19	95	0	0	0	0	236	236	236	736	-1	-1	6	1	0
2143	40	1	1	0	Agent	-1	Andrew	1	Agent		-1	-1	2	nodded	[1, 2]	['nodded', 'and']	23	132	428	428	428	428	216	216	216	216	-1	-1	6	0	0
2144	40	1	1	0	Agent	-1	Andrew	1	Agent		-1	-1	2	nodded	[1, 2]	['nodded', 'and']	24	94	184	184	184	184	156	156	156	156	-1	-1	6	0	0
2145	40	1	1	0	Agent	-1	Andrew	1	Agent		-1	-1	2	nodded	[1, 2]	['nodded', 'and']	25	31	124	124	332	600	144	268	268	268	-1	-1	6	0	0
2149	40	1	1	0	Agent	-1	Andrew	1	Agent		-1	-1	2	nodded	[1, 2]	['nodded', 'and']	30	131	220	220	1328	2072	164	164	164	164	-1	-1	6	0	0
2151	40	1	1	0	Agent	-1	Andrew	1	Agent		-1	-1	2	nodded	[1, 2]	['nodded', 'and']	32	89	240	240	240	240	160	160	160	160	-1	-1	6	0	0
2152	40	1	1	0	Agent	-1	Andrew	1	Agent		-1	-1	2	nodded	[1, 2]	['nodded', 'and']	33	86	84	232	232	232	240	240	240	500	-1	-1	6	0	0
2154	40	1	1	0	Agent	-1	Andrew	1	Agent		-1	-1	2	nodded	[1, 2]	['nodded', 'and']	35	126	140	140	140	140	164	164	164	164	-1	-1	6	0	0
2163	40	3	1	1	Theme	-3	Andrew	1	Theme		-1	-3	4	stood	[3, 4]	['stood', 'against']	1	180	0	0	0	0	116	256	256	256	-3	-3	5	1	0
2164	40	3	1	1	Theme	-3	Andrew	1	Theme		-1	-3	4	stood	[3, 4]	['stood', 'against']	2	193	220	220	220	220	164	164	164	164	-3	-3	5	0	0
2165	40	3	1	1	Theme	-3	Andrew	1	Theme		-1	-3	4	stood	[3, 4]	['stood', 'against']	3	115	180	180	180	180	212	212	212	212	-3	-3	5	0	0
2166	40	3	1	1	Theme	-3	Andrew	1	Theme		-1	-3	4	stood	[3, 4]	['stood', 'against']	4	75	144	292	292	292	160	160	160	160	-3	-3	5	0	0
2167	40	3	1	1	Theme	-3	Andrew	1	Theme		-1	-3	4	stood	[3, 4]	['stood', 'against']	5	8	168	168	168	168	204	204	204	204	-3	-3	5	0	0
2168	40	3	1	1	Theme	-3	Andrew	1	Theme		-1	-3	4	stood	[3, 4]	['stood', 'against']	6	55	0	0	0	0	144	144	144	144	-3	-3	5	1	0
2169	40	3	1	1	Theme	-3	Andrew	1	Theme		-1	-3	4	stood	[3, 4]	['stood', 'against']	7	129	148	148	148	148	132	132	132	132	-3	-3	5	0	0
2170	40	3	1	1	Theme	-3	Andrew	1	Theme		-1	-3	4	stood	[3, 4]	['stood', 'against']	8	95	212	404	404	404	200	200	200	200	-3	-3	5	0	0
2171	40	3	1	1	Theme	-3	Andrew	1	Theme		-1	-3	4	stood	[3, 4]	['stood', 'against']	10	14	0	0	0	0	96	216	216	216	-3	-3	5	1	0
2172	40	3	1	1	Theme	-3	Andrew	1	Theme		-1	-3	4	stood	[3, 4]	['stood', 'against']	11	106	136	136	136	136	156	156	156	156	-3	-3	5	0	0
2173	40	3	1	1	Theme	-3	Andrew	1	Theme		-1	-3	4	stood	[3, 4]	['stood', 'against']	12	3	176	176	176	176	560	560	956	1104	-3	-3	5	0	0
2174	40	3	1	1	Theme	-3	Andrew	1	Theme		-1	-3	4	stood	[3, 4]	['stood', 'against']	13	49	196	196	196	196	104	104	104	104	-3	-3	5	0	0
2175	40	3	1	1	Theme	-3	Andrew	1	Theme		-1	-3	4	stood	[3, 4]	['stood', 'against']	14	159	144	144	144	144	184	184	388	580	-3	-3	5	0	0
2176	40	3	1	1	Theme	-3	Andrew	1	Theme		-1	-3	4	stood	[3, 4]	['stood', 'against']	15	174	140	140	140	140	200	200	200	200	-3	-3	5	0	0
2177	40	3	1	1	Theme	-3	Andrew	1	Theme		-1	-3	4	stood	[3, 4]	['stood', 'against']	16	95	180	180	180	180	172	364	364	364	-3	-3	5	0	0
2178	40	3	1	1	Theme	-3	Andrew	1	Theme		-1	-3	4	stood	[3, 4]	['stood', 'against']	17	49	120	120	120	120	48	192	192	192	-3	-3	5	0	0
2179	40	3	1	1	Theme	-3	Andrew	1	Theme		-1	-3	4	stood	[3, 4]	['stood', 'against']	18	18	172	172	172	172	212	212	212	212	-3	-3	5	0	0
2180	40	3	1	1	Theme	-3	Andrew	1	Theme		-1	-3	4	stood	[3, 4]	['stood', 'against']	19	95	256	256	256	256	264	264	380	556	-3	-3	5	0	0
2181	40	3	1	1	Theme	-3	Andrew	1	Theme		-1	-3	4	stood	[3, 4]	['stood', 'against']	20	157	132	132	132	132	156	156	156	156	-3	-3	5	0	0
2182	40	3	1	1	Theme	-3	Andrew	1	Theme		-1	-3	4	stood	[3, 4]	['stood', 'against']	21	29	0	0	0	0	216	216	216	216	-3	-3	5	1	0
2183	40	3	1	1	Theme	-3	Andrew	1	Theme		-1	-3	4	stood	[3, 4]	['stood', 'against']	22	47	0	0	0	0	220	220	584	2628	-3	-3	5	1	0
2184	40	3	1	1	Theme	-3	Andrew	1	Theme		-1	-3	4	stood	[3, 4]	['stood', 'against']	23	132	152	324	324	324	232	232	232	232	-3	-3	5	0	0
2185	40	3	1	1	Theme	-3	Andrew	1	Theme		-1	-3	4	stood	[3, 4]	['stood', 'against']	24	94	340	340	340	340	160	160	160	160	-3	-3	5	0	0
2186	40	3	1	1	Theme	-3	Andrew	1	Theme		-1	-3	4	stood	[3, 4]	['stood', 'against']	25	31	184	184	184	184	260	260	260	260	-3	-3	5	0	0
2187	40	3	1	1	Theme	-3	Andrew	1	Theme		-1	-3	4	stood	[3, 4]	['stood', 'against']	27	23	200	352	352	352	180	180	180	180	-3	-3	5	0	0
2188	40	3	1	1	Theme	-3	Andrew	1	Theme		-1	-3	4	stood	[3, 4]	['stood', 'against']	28	60	356	688	688	688	220	220	220	220	-3	-3	5	0	0
2189	40	3	1	1	Theme	-3	Andrew	1	Theme		-1	-3	4	stood	[3, 4]	['stood', 'against']	29	157	220	220	220	220	172	172	172	172	-3	-3	5	0	0
2190	40	3	1	1	Theme	-3	Andrew	1	Theme		-1	-3	4	stood	[3, 4]	['stood', 'against']	30	131	176	176	176	176	388	388	388	388	-3	-3	5	0	0
2191	40	3	1	1	Theme	-3	Andrew	1	Theme		-1	-3	4	stood	[3, 4]	['stood', 'against']	31	170	148	148	148	148	120	120	120	120	-3	-3	5	0	0
2192	40	3	1	1	Theme	-3	Andrew	1	Theme		-1	-3	4	stood	[3, 4]	['stood', 'against']	32	89	184	184	184	184	184	184	184	184	-3	-3	5	0	0
2193	40	3	1	1	Theme	-3	Andrew	1	Theme		-1	-3	4	stood	[3, 4]	['stood', 'against']	33	86	232	352	352	352	180	180	180	180	-3	-3	5	0	0
2194	40	3	1	1	Theme	-3	Andrew	1	Theme		-1	-3	4	stood	[3, 4]	['stood', 'against']	34	44	212	400	400	400	172	172	172	172	-3	-3	5	0	0
2195	40	3	1	1	Theme	-3	Andrew	1	Theme		-1	-3	4	stood	[3, 4]	['stood', 'against']	35	126	176	176	176	176	200	200	200	200	-3	-3	5	0	0
2197	40	3	1	1	Theme	-3	Andrew	1	Theme		-1	-3	4	stood	[3, 4]	['stood', 'against']	37	51	220	220	220	220	216	216	216	216	-3	-3	5	0	0
2198	40	3	1	1	Theme	-3	Andrew	1	Theme		-1	-3	4	stood	[3, 4]	['stood', 'against']	38	59	220	220	220	220	216	216	216	216	-3	-3	5	0	0
2199	40	3	1	1	Theme	-3	Andrew	1	Theme		-1	-3	4	stood	[3, 4]	['stood', 'against']	39	176	268	268	420	668	148	148	148	148	-3	-3	5	0	0
2201	40	3	1	1	Theme	-3	Andrew	1	Theme		-1	-3	4	stood	[3, 4]	['stood', 'against']	41	116	0	0	0	0	236	236	416	1392	-3	-3	5	1	0
2202	40	3	1	1	Theme	-3	Andrew	1	Theme		-1	-3	4	stood	[3, 4]	['stood', 'against']	42	68	152	152	152	152	140	140	140	140	-3	-3	5	0	0
2203	40	3	1	1	Theme	-3	Andrew	1	Theme		-1	-3	4	stood	[3, 4]	['stood', 'against']	43	15	148	276	276	276	156	156	156	156	-3	-3	5	0	0
2245	41	3	1	1	Agent	-1	walk	4	Agent		-1	-1	5	did	[4]	['did']	1	60	912	912	912	912	468	468	468	468	-1	-1	3	0	0
2247	41	3	1	1	Agent	-1	walk	4	Agent		-1	-1	5	did	[4]	['did']	3	34	148	344	344	344	348	348	348	348	-1	-1	3	0	0
2250	41	3	1	1	Agent	-1	walk	4	Agent		-1	-1	5	did	[4]	['did']	6	140	0	0	0	0	296	296	296	296	-1	-1	3	1	0
2252	41	3	1	1	Agent	-1	walk	4	Agent		-1	-1	5	did	[4]	['did']	8	185	504	504	504	504	144	144	144	144	-1	-1	3	0	0
2253	41	3	1	1	Agent	-1	walk	4	Agent		-1	-1	5	did	[4]	['did']	10	112	176	176	176	176	268	268	484	944	-1	-1	3	0	0
2254	41	3	1	1	Agent	-1	walk	4	Agent		-1	-1	5	did	[4]	['did']	11	103	192	192	192	192	296	296	296	296	-1	-1	3	0	0
2255	41	3	1	1	Agent	-1	walk	4	Agent		-1	-1	5	did	[4]	['did']	12	132	0	0	0	0	200	200	200	328	-1	-1	3	1	0
2259	41	3	1	1	Agent	-1	walk	4	Agent		-1	-1	5	did	[4]	['did']	16	188	216	460	460	460	288	444	444	444	-1	-1	3	0	0
2261	41	3	1	1	Agent	-1	walk	4	Agent		-1	-1	5	did	[4]	['did']	18	12	240	384	384	384	148	148	148	148	-1	-1	3	0	0
2263	41	3	1	1	Agent	-1	walk	4	Agent		-1	-1	5	did	[4]	['did']	20	5	196	196	196	316	160	160	160	160	-1	-1	3	0	0
2265	41	3	1	1	Agent	-1	walk	4	Agent		-1	-1	5	did	[4]	['did']	22	56	236	236	236	236	176	176	176	176	-1	-1	3	0	0
2266	41	3	1	1	Agent	-1	walk	4	Agent		-1	-1	5	did	[4]	['did']	23	124	232	232	232	232	140	364	364	364	-1	-1	3	0	0
2267	41	3	1	1	Agent	-1	walk	4	Agent		-1	-1	5	did	[4]	['did']	24	89	260	260	260	260	260	260	260	260	-1	-1	3	0	0
2268	41	3	1	1	Agent	-1	walk	4	Agent		-1	-1	5	did	[4]	['did']	25	157	0	0	0	0	164	164	164	300	-1	-1	3	1	0
2272	41	3	1	1	Agent	-1	walk	4	Agent		-1	-1	5	did	[4]	['did']	30	32	0	0	0	0	248	400	400	756	-1	-1	3	1	0
2273	41	3	1	1	Agent	-1	walk	4	Agent		-1	-1	5	did	[4]	['did']	31	74	0	0	0	0	116	116	116	176	-1	-1	3	1	0
2276	41	3	1	1	Agent	-1	walk	4	Agent		-1	-1	5	did	[4]	['did']	34	114	0	0	0	0	244	244	244	384	-1	-1	3	1	0
2277	41	3	1	1	Agent	-1	walk	4	Agent		-1	-1	5	did	[4]	['did']	35	192	0	0	0	0	156	156	156	156	-1	-1	3	1	0
2278	41	3	1	1	Agent	-1	walk	4	Agent		-1	-1	5	did	[4]	['did']	36	205	0	0	0	0	188	188	340	680	-1	-1	3	1	0
2281	41	3	1	1	Agent	-1	walk	4	Agent		-1	-1	5	did	[4]	['did']	39	61	0	0	0	0	136	136	136	136	-1	-1	3	1	0
2284	41	3	1	1	Agent	-1	walk	4	Agent		-1	-1	5	did	[4]	['did']	42	134	0	0	0	0	184	568	568	568	-1	-1	3	1	0
2285	41	3	1	1	Agent	-1	walk	4	Agent		-1	-1	5	did	[4]	['did']	43	97	0	0	0	0	260	420	420	680	-1	-1	3	1	0
2286	42	1	1	1	Experiencer	-1	Sam	1	Experiencer		-1	-1	2	felt	[1]	['felt']	1	26	152	152	152	152	276	276	276	276	-1	-1	4	0	0
2287	42	1	1	1	Experiencer	-1	Sam	1	Experiencer		-1	-1	2	felt	[1]	['felt']	2	145	0	0	0	0	164	164	200	304	-1	-1	4	1	0
2288	42	1	1	1	Experiencer	-1	Sam	1	Experiencer		-1	-1	2	felt	[1]	['felt']	3	173	124	296	296	296	232	232	232	232	-1	-1	4	0	0
2289	42	1	1	1	Experiencer	-1	Sam	1	Experiencer		-1	-1	2	felt	[1]	['felt']	4	94	236	236	380	552	248	248	248	416	-1	-1	4	0	0
2291	42	1	1	1	Experiencer	-1	Sam	1	Experiencer		-1	-1	2	felt	[1]	['felt']	6	53	0	0	0	0	132	132	132	132	-1	-1	4	1	0
2292	42	1	1	1	Experiencer	-1	Sam	1	Experiencer		-1	-1	2	felt	[1]	['felt']	7	37	0	0	0	0	212	296	296	296	-1	-1	4	1	0
2294	42	1	1	1	Experiencer	-1	Sam	1	Experiencer		-1	-1	2	felt	[1]	['felt']	10	1	0	0	0	0	256	356	356	540	-1	-1	4	1	0
2295	42	1	1	1	Experiencer	-1	Sam	1	Experiencer		-1	-1	2	felt	[1]	['felt']	11	4	168	316	316	316	124	124	124	124	-1	-1	4	0	0
2297	42	1	1	1	Experiencer	-1	Sam	1	Experiencer		-1	-1	2	felt	[1]	['felt']	13	3	188	188	188	188	148	148	148	148	-1	-1	4	0	0
2298	42	1	1	1	Experiencer	-1	Sam	1	Experiencer		-1	-1	2	felt	[1]	['felt']	14	82	236	388	388	388	196	296	296	296	-1	-1	4	0	0
2299	42	1	1	1	Experiencer	-1	Sam	1	Experiencer		-1	-1	2	felt	[1]	['felt']	15	124	0	0	0	0	284	284	284	284	-1	-1	4	1	0
2300	42	1	1	1	Experiencer	-1	Sam	1	Experiencer		-1	-1	2	felt	[1]	['felt']	16	194	344	344	344	344	220	348	348	348	-1	-1	4	0	0
2301	42	1	1	1	Experiencer	-1	Sam	1	Experiencer		-1	-1	2	felt	[1]	['felt']	18	177	264	264	264	264	176	176	176	176	-1	-1	4	0	0
2302	42	1	1	1	Experiencer	-1	Sam	1	Experiencer		-1	-1	2	felt	[1]	['felt']	19	56	20	20	188	432	140	140	140	140	-1	-1	4	0	0
2303	42	1	1	1	Experiencer	-1	Sam	1	Experiencer		-1	-1	2	felt	[1]	['felt']	20	205	252	252	252	252	204	204	204	204	-1	-1	4	0	0
2304	42	1	1	1	Experiencer	-1	Sam	1	Experiencer		-1	-1	2	felt	[1]	['felt']	21	60	204	460	460	460	212	212	212	212	-1	-1	4	0	0
2305	42	1	1	1	Experiencer	-1	Sam	1	Experiencer		-1	-1	2	felt	[1]	['felt']	22	82	268	268	268	268	240	240	240	240	-1	-1	4	0	0
2306	42	1	1	1	Experiencer	-1	Sam	1	Experiencer		-1	-1	2	felt	[1]	['felt']	23	61	1020	1728	1728	1728	564	732	732	732	-1	-1	4	0	0
2307	42	1	1	1	Experiencer	-1	Sam	1	Experiencer		-1	-1	2	felt	[1]	['felt']	24	39	188	188	188	188	388	388	388	388	-1	-1	4	0	0
2308	42	1	1	1	Experiencer	-1	Sam	1	Experiencer		-1	-1	2	felt	[1]	['felt']	25	174	256	372	372	372	224	224	224	224	-1	-1	4	0	0
2309	42	1	1	1	Experiencer	-1	Sam	1	Experiencer		-1	-1	2	felt	[1]	['felt']	27	167	152	152	152	152	184	184	184	184	-1	-1	4	0	0
2310	42	1	1	1	Experiencer	-1	Sam	1	Experiencer		-1	-1	2	felt	[1]	['felt']	28	102	248	248	248	248	248	248	248	248	-1	-1	4	0	0
2311	42	1	1	1	Experiencer	-1	Sam	1	Experiencer		-1	-1	2	felt	[1]	['felt']	29	113	0	0	0	0	248	248	376	684	-1	-1	4	1	0
2312	42	1	1	1	Experiencer	-1	Sam	1	Experiencer		-1	-1	2	felt	[1]	['felt']	30	102	392	392	392	392	280	280	416	584	-1	-1	4	0	0
2313	42	1	1	1	Experiencer	-1	Sam	1	Experiencer		-1	-1	2	felt	[1]	['felt']	31	25	160	160	160	160	144	144	144	144	-1	-1	4	0	0
2314	42	1	1	1	Experiencer	-1	Sam	1	Experiencer		-1	-1	2	felt	[1]	['felt']	32	38	160	160	160	160	296	296	296	296	-1	-1	4	0	0
2315	42	1	1	1	Experiencer	-1	Sam	1	Experiencer		-1	-1	2	felt	[1]	['felt']	33	144	148	148	148	148	88	180	180	180	-1	-1	4	0	0
2316	42	1	1	1	Experiencer	-1	Sam	1	Experiencer		-1	-1	2	felt	[1]	['felt']	34	204	0	0	0	0	180	180	180	180	-1	-1	4	1	0
2317	42	1	1	1	Experiencer	-1	Sam	1	Experiencer		-1	-1	2	felt	[1]	['felt']	35	194	204	204	204	204	156	156	156	156	-1	-1	4	0	0
2318	42	1	1	1	Experiencer	-1	Sam	1	Experiencer		-1	-1	2	felt	[1]	['felt']	36	203	0	0	0	0	184	184	184	184	-1	-1	4	1	0
2319	42	1	1	1	Experiencer	-1	Sam	1	Experiencer		-1	-1	2	felt	[1]	['felt']	37	120	44	248	248	248	208	208	208	208	-1	-1	4	0	0
2320	42	1	1	1	Experiencer	-1	Sam	1	Experiencer		-1	-1	2	felt	[1]	['felt']	38	63	204	204	204	204	256	256	256	256	-1	-1	4	0	0
2321	42	1	1	1	Experiencer	-1	Sam	1	Experiencer		-1	-1	2	felt	[1]	['felt']	39	17	0	0	0	0	240	240	240	412	-1	-1	4	1	0
2323	42	1	1	1	Experiencer	-1	Sam	1	Experiencer		-1	-1	2	felt	[1]	['felt']	41	9	120	412	412	412	164	420	420	420	-1	-1	4	0	0
2324	42	1	1	1	Experiencer	-1	Sam	1	Experiencer		-1	-1	2	felt	[1]	['felt']	42	145	0	0	0	0	216	216	216	216	-1	-1	4	1	0
2325	42	1	1	1	Experiencer	-1	Sam	1	Experiencer		-1	-1	2	felt	[1]	['felt']	43	193	256	256	256	400	152	152	152	152	-1	-1	4	0	0
2326	42	5	2	1	Location	-1	he	5	TIN	felt	2	-4	6	went	[5]	['went']	1	26	412	412	412	412	424	424	424	836	-1	-4	4	0	0
2328	42	5	2	1	Location	-1	he	5	TIN	felt	2	-4	6	went	[5]	['went']	3	173	184	564	564	564	380	380	380	380	-1	-4	4	0	0
2333	42	5	2	1	Location	-1	he	5	TIN	felt	2	-4	6	went	[5]	['went']	8	56	260	260	260	260	360	360	360	360	-1	-4	4	0	0
2337	42	5	2	1	Location	-1	he	5	TIN	felt	2	-4	6	went	[5]	['went']	13	3	240	524	524	524	524	524	524	524	-1	-4	4	0	0
2340	42	5	2	1	Location	-1	he	5	TIN	felt	2	-4	6	went	[5]	['went']	16	194	204	204	204	380	680	680	680	680	-1	-4	4	0	0
2343	42	5	2	1	Location	-1	he	5	TIN	felt	2	-4	6	went	[5]	['went']	20	205	156	156	156	156	800	800	800	800	-1	-4	4	0	0
2346	42	5	2	1	Location	-1	he	5	TIN	felt	2	-4	6	went	[5]	['went']	23	61	160	324	324	324	88	88	88	1320	-1	-4	4	0	0
2347	42	5	2	1	Location	-1	he	5	TIN	felt	2	-4	6	went	[5]	['went']	24	39	176	176	176	176	140	140	140	304	-1	-4	4	0	0
2348	42	5	2	1	Location	-1	he	5	TIN	felt	2	-4	6	went	[5]	['went']	25	174	296	296	296	296	120	120	120	560	-1	-4	4	0	0
2350	42	5	2	1	Location	-1	he	5	TIN	felt	2	-4	6	went	[5]	['went']	28	102	164	164	164	164	156	156	156	664	-1	-4	4	0	0
2351	42	5	2	1	Location	-1	he	5	TIN	felt	2	-4	6	went	[5]	['went']	29	113	184	184	184	184	128	128	128	332	-1	-4	4	0	0
2352	42	5	2	1	Location	-1	he	5	TIN	felt	2	-4	6	went	[5]	['went']	30	102	220	220	220	220	252	252	252	1264	-1	-4	4	0	0
2353	42	5	2	1	Location	-1	he	5	TIN	felt	2	-4	6	went	[5]	['went']	31	25	96	96	96	96	352	352	352	352	-1	-4	4	0	0
2354	42	5	2	1	Location	-1	he	5	TIN	felt	2	-4	6	went	[5]	['went']	32	38	356	356	356	356	388	388	388	388	-1	-4	4	0	0
2357	42	5	2	1	Location	-1	he	5	TIN	felt	2	-4	6	went	[5]	['went']	35	194	136	136	136	136	472	472	472	472	-1	-4	4	0	0
2359	42	5	2	1	Location	-1	he	5	TIN	felt	2	-4	6	went	[5]	['went']	37	120	184	184	184	184	280	280	280	280	-1	-4	4	0	0
2360	42	5	2	1	Location	-1	he	5	TIN	felt	2	-4	6	went	[5]	['went']	38	63	172	172	172	172	200	200	200	360	-1	-4	4	0	0
2362	42	5	2	1	Location	-1	he	5	TIN	felt	2	-4	6	went	[5]	['went']	40	143	112	256	256	256	200	200	200	596	-1	-4	4	0	0
2363	42	5	2	1	Location	-1	he	5	TIN	felt	2	-4	6	went	[5]	['went']	41	9	304	576	576	576	356	356	356	356	-1	-4	4	0	0
2364	42	5	2	1	Location	-1	he	5	TIN	felt	2	-4	6	went	[5]	['went']	42	145	116	116	116	116	232	232	232	524	-1	-4	4	0	0
2365	42	5	2	1	Location	-1	he	5	TIN	felt	2	-4	6	went	[5]	['went']	43	193	252	252	252	252	304	304	304	868	-1	-4	4	0	0
2366	43	1	1	0	Theme	-1	Scott	1	Theme		-1	-1	2	got	[1, 2, 3]	['got', 'up', 'and']	1	124	156	312	312	492	160	160	504	4352	-1	-1	3	0	0
2367	43	1	1	0	Theme	-1	Scott	1	Theme		-1	-1	2	got	[1, 2, 3]	['got', 'up', 'and']	2	41	0	0	0	0	96	96	252	816	-1	-1	3	1	0
2368	43	1	1	0	Theme	-1	Scott	1	Theme		-1	-1	2	got	[1, 2, 3]	['got', 'up', 'and']	3	16	184	184	640	752	168	168	168	168	-1	-1	3	0	0
2369	43	1	1	0	Theme	-1	Scott	1	Theme		-1	-1	2	got	[1, 2, 3]	['got', 'up', 'and']	4	178	176	176	176	176	296	296	296	296	-1	-1	3	0	0
2372	43	1	1	0	Theme	-1	Scott	1	Theme		-1	-1	2	got	[1, 2, 3]	['got', 'up', 'and']	7	6	0	0	0	0	144	144	144	600	-1	-1	3	1	0
2374	43	1	1	0	Theme	-1	Scott	1	Theme		-1	-1	2	got	[1, 2, 3]	['got', 'up', 'and']	9	10	0	0	0	0	92	92	240	612	-1	-1	3	1	0
2377	43	1	1	0	Theme	-1	Scott	1	Theme		-1	-1	2	got	[1, 2, 3]	['got', 'up', 'and']	12	202	0	0	0	0	172	172	172	496	-1	-1	3	1	0
2378	43	1	1	0	Theme	-1	Scott	1	Theme		-1	-1	2	got	[1, 2, 3]	['got', 'up', 'and']	13	11	228	228	228	228	184	184	184	184	-1	-1	3	0	0
2379	43	1	1	0	Theme	-1	Scott	1	Theme		-1	-1	2	got	[1, 2, 3]	['got', 'up', 'and']	14	170	0	0	0	0	212	212	212	440	-1	-1	3	1	0
2380	43	1	1	0	Theme	-1	Scott	1	Theme		-1	-1	2	got	[1, 2, 3]	['got', 'up', 'and']	15	28	0	0	0	0	248	248	248	248	-1	-1	3	1	0
2381	43	1	1	0	Theme	-1	Scott	1	Theme		-1	-1	2	got	[1, 2, 3]	['got', 'up', 'and']	16	84	236	236	1104	1864	240	240	240	240	-1	-1	3	0	0
2382	43	1	1	0	Theme	-1	Scott	1	Theme		-1	-1	2	got	[1, 2, 3]	['got', 'up', 'and']	17	114	0	0	0	0	224	224	224	224	-1	-1	3	1	0
2385	43	1	1	0	Theme	-1	Scott	1	Theme		-1	-1	2	got	[1, 2, 3]	['got', 'up', 'and']	20	109	0	0	0	0	128	128	264	948	-1	-1	3	1	0
2389	43	1	1	0	Theme	-1	Scott	1	Theme		-1	-1	2	got	[1, 2, 3]	['got', 'up', 'and']	24	68	152	152	152	152	268	268	268	268	-1	-1	3	0	0
2393	43	1	1	0	Theme	-1	Scott	1	Theme		-1	-1	2	got	[1, 2, 3]	['got', 'up', 'and']	29	64	0	0	0	0	136	136	136	488	-1	-1	3	1	0
2394	43	1	1	0	Theme	-1	Scott	1	Theme		-1	-1	2	got	[1, 2, 3]	['got', 'up', 'and']	30	98	0	0	0	0	192	192	192	388	-1	-1	3	1	0
2396	43	1	1	0	Theme	-1	Scott	1	Theme		-1	-1	2	got	[1, 2, 3]	['got', 'up', 'and']	32	132	180	180	180	180	256	256	256	256	-1	-1	3	0	0
2397	43	1	1	0	Theme	-1	Scott	1	Theme		-1	-1	2	got	[1, 2, 3]	['got', 'up', 'and']	33	17	204	204	204	204	196	196	196	196	-1	-1	3	0	0
2398	43	1	1	0	Theme	-1	Scott	1	Theme		-1	-1	2	got	[1, 2, 3]	['got', 'up', 'and']	34	5	0	0	0	0	188	188	188	188	-1	-1	3	1	0
2400	43	1	1	0	Theme	-1	Scott	1	Theme		-1	-1	2	got	[1, 2, 3]	['got', 'up', 'and']	36	153	0	0	0	0	244	244	244	348	-1	-1	3	1	0
2407	43	1	1	0	Theme	-1	Scott	1	Theme		-1	-1	2	got	[1, 2, 3]	['got', 'up', 'and']	43	161	312	312	312	312	184	184	184	184	-1	-1	3	0	0
2408	43	3	1	1	Agent	-3	Scott	1	Agent		-1	-3	5	washed	[4]	['washed']	1	124	176	176	176	176	204	204	204	204	-3	-3	6	0	0
2409	43	3	1	1	Agent	-3	Scott	1	Agent		-1	-3	5	washed	[4]	['washed']	2	41	184	184	184	184	152	360	360	360	-3	-3	6	0	0
2410	43	3	1	1	Agent	-3	Scott	1	Agent		-1	-3	5	washed	[4]	['washed']	3	16	224	224	224	224	464	464	464	464	-3	-3	6	0	0
2411	43	3	1	1	Agent	-3	Scott	1	Agent		-1	-3	5	washed	[4]	['washed']	4	178	164	164	164	164	192	192	192	192	-3	-3	6	0	0
2414	43	3	1	1	Agent	-3	Scott	1	Agent		-1	-3	5	washed	[4]	['washed']	7	6	112	112	112	112	164	164	320	668	-3	-3	6	0	0
2415	43	3	1	1	Agent	-3	Scott	1	Agent		-1	-3	5	washed	[4]	['washed']	8	173	116	116	116	116	272	272	272	272	-3	-3	6	0	0
2416	43	3	1	1	Agent	-3	Scott	1	Agent		-1	-3	5	washed	[4]	['washed']	9	10	108	108	108	108	68	68	68	68	-3	-3	6	0	0
2418	43	3	1	1	Agent	-3	Scott	1	Agent		-1	-3	5	washed	[4]	['washed']	11	60	128	128	128	128	224	224	224	224	-3	-3	6	0	0
2419	43	3	1	1	Agent	-3	Scott	1	Agent		-1	-3	5	washed	[4]	['washed']	12	202	236	236	236	236	148	148	284	800	-3	-3	6	0	0
2420	43	3	1	1	Agent	-3	Scott	1	Agent		-1	-3	5	washed	[4]	['washed']	13	11	124	124	124	124	260	260	260	260	-3	-3	6	0	0
2422	43	3	1	1	Agent	-3	Scott	1	Agent		-1	-3	5	washed	[4]	['washed']	15	28	200	200	200	360	252	252	252	252	-3	-3	6	0	0
2424	43	3	1	1	Agent	-3	Scott	1	Agent		-1	-3	5	washed	[4]	['washed']	17	114	196	352	352	352	360	360	360	2920	-3	-3	6	0	0
2425	43	3	1	1	Agent	-3	Scott	1	Agent		-1	-3	5	washed	[4]	['washed']	18	25	0	0	0	0	204	204	204	204	-3	-3	6	1	0
2426	43	3	1	1	Agent	-3	Scott	1	Agent		-1	-3	5	washed	[4]	['washed']	19	115	184	184	184	184	220	220	220	220	-3	-3	6	0	0
2428	43	3	1	1	Agent	-3	Scott	1	Agent		-1	-3	5	washed	[4]	['washed']	21	32	120	120	120	120	120	120	240	396	-3	-3	6	0	0
2429	43	3	1	1	Agent	-3	Scott	1	Agent		-1	-3	5	washed	[4]	['washed']	22	120	348	348	348	348	216	216	216	216	-3	-3	6	0	0
2430	43	3	1	1	Agent	-3	Scott	1	Agent		-1	-3	5	washed	[4]	['washed']	23	160	168	168	168	168	172	172	172	172	-3	-3	6	0	0
2431	43	3	1	1	Agent	-3	Scott	1	Agent		-1	-3	5	washed	[4]	['washed']	24	68	184	184	184	184	264	264	264	588	-3	-3	6	0	0
2433	43	3	1	1	Agent	-3	Scott	1	Agent		-1	-3	5	washed	[4]	['washed']	27	138	352	352	352	352	196	196	196	196	-3	-3	6	0	0
2434	43	3	1	1	Agent	-3	Scott	1	Agent		-1	-3	5	washed	[4]	['washed']	28	8	264	264	264	264	156	324	324	324	-3	-3	6	0	0
2435	43	3	1	1	Agent	-3	Scott	1	Agent		-1	-3	5	washed	[4]	['washed']	29	64	100	340	340	340	136	136	136	136	-3	-3	6	0	0
2436	43	3	1	1	Agent	-3	Scott	1	Agent		-1	-3	5	washed	[4]	['washed']	30	98	240	240	240	240	492	492	492	492	-3	-3	6	0	0
2438	43	3	1	1	Agent	-3	Scott	1	Agent		-1	-3	5	washed	[4]	['washed']	32	132	204	204	204	204	216	216	216	216	-3	-3	6	0	0
2439	43	3	1	1	Agent	-3	Scott	1	Agent		-1	-3	5	washed	[4]	['washed']	33	17	196	196	196	196	172	172	344	836	-3	-3	6	0	0
2440	43	3	1	1	Agent	-3	Scott	1	Agent		-1	-3	5	washed	[4]	['washed']	34	5	0	0	0	0	156	156	156	156	-3	-3	6	1	0
2441	43	3	1	1	Agent	-3	Scott	1	Agent		-1	-3	5	washed	[4]	['washed']	35	91	192	192	192	192	324	324	324	736	-3	-3	6	0	0
2442	43	3	1	1	Agent	-3	Scott	1	Agent		-1	-3	5	washed	[4]	['washed']	36	153	164	164	164	164	164	164	164	164	-3	-3	6	0	0
2443	43	3	1	1	Agent	-3	Scott	1	Agent		-1	-3	5	washed	[4]	['washed']	37	34	144	144	144	144	300	396	396	580	-3	-3	6	0	0
2444	43	3	1	1	Agent	-3	Scott	1	Agent		-1	-3	5	washed	[4]	['washed']	38	192	240	240	240	240	192	192	192	192	-3	-3	6	0	0
2446	43	3	1	1	Agent	-3	Scott	1	Agent		-1	-3	5	washed	[4]	['washed']	40	184	128	128	128	480	208	368	368	368	-3	-3	6	0	0
2447	43	3	1	1	Agent	-3	Scott	1	Agent		-1	-3	5	washed	[4]	['washed']	41	17	152	152	384	880	164	164	164	164	-3	-3	6	0	0
2449	43	3	1	1	Agent	-3	Scott	1	Agent		-1	-3	5	washed	[4]	['washed']	43	161	0	0	0	0	152	300	300	300	-3	-3	6	1	0
2450	44	1	1	0	Agent	-1	Simon	1	Agent		-1	-1	2	nodded	[1, 2]	['nodded', 'and']	1	178	148	148	148	148	208	208	208	208	-1	-1	6	0	0
2451	44	1	1	0	Agent	-1	Simon	1	Agent		-1	-1	2	nodded	[1, 2]	['nodded', 'and']	2	191	84	84	84	84	172	172	172	172	-1	-1	6	0	0
2452	44	1	1	0	Agent	-1	Simon	1	Agent		-1	-1	2	nodded	[1, 2]	['nodded', 'and']	3	185	236	236	236	236	116	256	256	256	-1	-1	6	0	0
2453	44	1	1	0	Agent	-1	Simon	1	Agent		-1	-1	2	nodded	[1, 2]	['nodded', 'and']	4	201	256	256	256	256	232	232	232	232	-1	-1	6	0	0
2455	44	1	1	0	Agent	-1	Simon	1	Agent		-1	-1	2	nodded	[1, 2]	['nodded', 'and']	6	163	244	244	244	244	136	136	136	136	-1	-1	6	0	0
2459	44	1	1	0	Agent	-1	Simon	1	Agent		-1	-1	2	nodded	[1, 2]	['nodded', 'and']	11	200	172	172	172	172	136	136	136	136	-1	-1	6	0	0
2460	44	1	1	0	Agent	-1	Simon	1	Agent		-1	-1	2	nodded	[1, 2]	['nodded', 'and']	12	52	272	572	572	572	156	156	156	156	-1	-1	6	0	0
2464	44	1	1	0	Agent	-1	Simon	1	Agent		-1	-1	2	nodded	[1, 2]	['nodded', 'and']	16	136	204	520	520	520	228	228	228	228	-1	-1	6	0	0
2470	44	1	1	0	Agent	-1	Simon	1	Agent		-1	-1	2	nodded	[1, 2]	['nodded', 'and']	22	49	244	244	492	864	236	236	236	236	-1	-1	6	0	0
2471	44	1	1	0	Agent	-1	Simon	1	Agent		-1	-1	2	nodded	[1, 2]	['nodded', 'and']	23	80	268	304	752	1240	140	140	140	140	-1	-1	6	0	0
2479	44	1	1	0	Agent	-1	Simon	1	Agent		-1	-1	2	nodded	[1, 2]	['nodded', 'and']	32	122	288	288	288	288	220	220	220	220	-1	-1	6	0	0
2481	44	1	1	0	Agent	-1	Simon	1	Agent		-1	-1	2	nodded	[1, 2]	['nodded', 'and']	34	132	0	0	0	0	164	164	164	164	-1	-1	6	1	0
2484	44	1	1	0	Agent	-1	Simon	1	Agent		-1	-1	2	nodded	[1, 2]	['nodded', 'and']	37	127	132	156	340	540	68	68	68	68	-1	-1	6	0	0
2487	44	1	1	0	Agent	-1	Simon	1	Agent		-1	-1	2	nodded	[1, 2]	['nodded', 'and']	40	16	228	228	228	228	172	172	172	172	-1	-1	6	0	0
2488	44	1	1	0	Agent	-1	Simon	1	Agent		-1	-1	2	nodded	[1, 2]	['nodded', 'and']	41	31	420	420	420	420	184	184	184	184	-1	-1	6	0	0
2491	44	3	1	1	Theme	-3	Simon	1	Theme		-1	-3	4	walked	[3, 4]	['walked', 'into']	1	178	124	124	124	124	380	380	380	524	-3	-3	6	0	0
2493	44	3	1	1	Theme	-3	Simon	1	Theme		-1	-3	4	walked	[3, 4]	['walked', 'into']	3	185	148	148	148	148	308	308	308	308	-3	-3	6	0	0
2494	44	3	1	1	Theme	-3	Simon	1	Theme		-1	-3	4	walked	[3, 4]	['walked', 'into']	4	201	0	0	0	0	232	232	232	232	-3	-3	6	1	0
2495	44	3	1	1	Theme	-3	Simon	1	Theme		-1	-3	4	walked	[3, 4]	['walked', 'into']	5	194	140	140	140	368	220	220	220	496	-3	-3	6	0	0
2498	44	3	1	1	Theme	-3	Simon	1	Theme		-1	-3	4	walked	[3, 4]	['walked', 'into']	8	114	208	208	208	208	268	268	268	268	-3	-3	6	0	0
2500	44	3	1	1	Theme	-3	Simon	1	Theme		-1	-3	4	walked	[3, 4]	['walked', 'into']	11	200	128	128	128	128	248	248	248	248	-3	-3	6	0	0
2501	44	3	1	1	Theme	-3	Simon	1	Theme		-1	-3	4	walked	[3, 4]	['walked', 'into']	12	52	220	220	220	220	236	236	236	236	-3	-3	6	0	0
2502	44	3	1	1	Theme	-3	Simon	1	Theme		-1	-3	4	walked	[3, 4]	['walked', 'into']	13	184	144	144	144	144	264	264	264	264	-3	-3	6	0	0
2503	44	3	1	1	Theme	-3	Simon	1	Theme		-1	-3	4	walked	[3, 4]	['walked', 'into']	14	140	216	216	216	216	168	168	168	168	-3	-3	6	0	0
2504	44	3	1	1	Theme	-3	Simon	1	Theme		-1	-3	4	walked	[3, 4]	['walked', 'into']	15	83	132	132	132	132	352	352	352	352	-3	-3	6	0	0
2505	44	3	1	1	Theme	-3	Simon	1	Theme		-1	-3	4	walked	[3, 4]	['walked', 'into']	16	136	208	348	348	348	212	212	212	212	-3	-3	6	0	0
2506	44	3	1	1	Theme	-3	Simon	1	Theme		-1	-3	4	walked	[3, 4]	['walked', 'into']	17	7	316	316	468	776	176	176	176	176	-3	-3	6	0	0
2508	44	3	1	1	Theme	-3	Simon	1	Theme		-1	-3	4	walked	[3, 4]	['walked', 'into']	19	101	168	168	168	168	212	212	212	212	-3	-3	6	0	0
2509	44	3	1	1	Theme	-3	Simon	1	Theme		-1	-3	4	walked	[3, 4]	['walked', 'into']	20	19	144	144	144	144	140	140	140	140	-3	-3	6	0	0
2510	44	3	1	1	Theme	-3	Simon	1	Theme		-1	-3	4	walked	[3, 4]	['walked', 'into']	21	43	188	188	188	188	124	124	124	124	-3	-3	6	0	0
2511	44	3	1	1	Theme	-3	Simon	1	Theme		-1	-3	4	walked	[3, 4]	['walked', 'into']	22	49	132	132	132	132	180	180	180	180	-3	-3	6	0	0
2512	44	3	1	1	Theme	-3	Simon	1	Theme		-1	-3	4	walked	[3, 4]	['walked', 'into']	23	80	264	264	264	264	184	184	184	184	-3	-3	6	0	0
2513	44	3	1	1	Theme	-3	Simon	1	Theme		-1	-3	4	walked	[3, 4]	['walked', 'into']	24	60	240	240	240	240	216	216	216	216	-3	-3	6	0	0
2515	44	3	1	1	Theme	-3	Simon	1	Theme		-1	-3	4	walked	[3, 4]	['walked', 'into']	27	132	252	252	252	252	280	280	280	280	-3	-3	6	0	0
2517	44	3	1	1	Theme	-3	Simon	1	Theme		-1	-3	4	walked	[3, 4]	['walked', 'into']	29	142	216	216	216	216	152	152	152	152	-3	-3	6	0	0
2518	44	3	1	1	Theme	-3	Simon	1	Theme		-1	-3	4	walked	[3, 4]	['walked', 'into']	30	184	236	344	344	344	496	496	796	1580	-3	-3	6	0	0
2520	44	3	1	1	Theme	-3	Simon	1	Theme		-1	-3	4	walked	[3, 4]	['walked', 'into']	32	122	372	372	372	372	156	156	156	156	-3	-3	6	0	0
2521	44	3	1	1	Theme	-3	Simon	1	Theme		-1	-3	4	walked	[3, 4]	['walked', 'into']	33	99	224	224	224	224	244	244	244	244	-3	-3	6	0	0
2522	44	3	1	1	Theme	-3	Simon	1	Theme		-1	-3	4	walked	[3, 4]	['walked', 'into']	34	132	0	0	0	0	188	188	188	188	-3	-3	6	1	0
2523	44	3	1	1	Theme	-3	Simon	1	Theme		-1	-3	4	walked	[3, 4]	['walked', 'into']	35	93	204	380	380	380	172	172	172	172	-3	-3	6	0	0
2524	44	3	1	1	Theme	-3	Simon	1	Theme		-1	-3	4	walked	[3, 4]	['walked', 'into']	36	98	192	192	192	192	160	160	160	160	-3	-3	6	0	0
2525	44	3	1	1	Theme	-3	Simon	1	Theme		-1	-3	4	walked	[3, 4]	['walked', 'into']	37	127	192	192	192	192	80	212	212	212	-3	-3	6	0	0
2526	44	3	1	1	Theme	-3	Simon	1	Theme		-1	-3	4	walked	[3, 4]	['walked', 'into']	38	137	220	220	220	220	156	156	156	156	-3	-3	6	0	0
2528	44	3	1	1	Theme	-3	Simon	1	Theme		-1	-3	4	walked	[3, 4]	['walked', 'into']	40	16	152	152	152	152	92	92	92	92	-3	-3	6	0	0
2529	44	3	1	1	Theme	-3	Simon	1	Theme		-1	-3	4	walked	[3, 4]	['walked', 'into']	41	31	260	260	260	260	284	284	284	284	-3	-3	6	0	0
2531	44	3	1	1	Theme	-3	Simon	1	Theme		-1	-3	4	walked	[3, 4]	['walked', 'into']	43	26	172	284	284	284	284	284	284	284	-3	-3	6	0	0
2532	45	1	1	1	Agent	-1	Steve	1	Agent		-1	-1	2	sat	[1, 2, 3]	['sat', 'down', 'to']	1	96	436	436	436	436	128	128	128	128	-1	-1	3	0	0
2533	45	1	1	1	Agent	-1	Steve	1	Agent		-1	-1	2	sat	[1, 2, 3]	['sat', 'down', 'to']	2	168	140	140	140	140	164	164	164	164	-1	-1	3	0	0
2534	45	1	1	1	Agent	-1	Steve	1	Agent		-1	-1	2	sat	[1, 2, 3]	['sat', 'down', 'to']	3	196	120	288	288	288	172	172	172	172	-1	-1	3	0	0
2535	45	1	1	1	Agent	-1	Steve	1	Agent		-1	-1	2	sat	[1, 2, 3]	['sat', 'down', 'to']	4	152	160	160	160	160	192	192	192	192	-1	-1	3	0	0
2536	45	1	1	1	Agent	-1	Steve	1	Agent		-1	-1	2	sat	[1, 2, 3]	['sat', 'down', 'to']	5	75	236	236	236	236	76	76	76	424	-1	-1	3	0	0
2537	45	1	1	1	Agent	-1	Steve	1	Agent		-1	-1	2	sat	[1, 2, 3]	['sat', 'down', 'to']	6	37	0	0	0	0	188	188	188	332	-1	-1	3	1	0
2538	45	1	1	1	Agent	-1	Steve	1	Agent		-1	-1	2	sat	[1, 2, 3]	['sat', 'down', 'to']	7	119	0	0	0	0	232	232	232	232	-1	-1	3	1	0
2539	45	1	1	1	Agent	-1	Steve	1	Agent		-1	-1	2	sat	[1, 2, 3]	['sat', 'down', 'to']	8	127	200	200	200	200	184	184	184	184	-1	-1	3	0	0
2540	45	1	1	1	Agent	-1	Steve	1	Agent		-1	-1	2	sat	[1, 2, 3]	['sat', 'down', 'to']	10	35	268	268	412	512	128	128	128	128	-1	-1	3	0	0
2541	45	1	1	1	Agent	-1	Steve	1	Agent		-1	-1	2	sat	[1, 2, 3]	['sat', 'down', 'to']	11	119	200	200	200	200	48	48	48	48	-1	-1	3	0	0
2543	45	1	1	1	Agent	-1	Steve	1	Agent		-1	-1	2	sat	[1, 2, 3]	['sat', 'down', 'to']	13	28	244	244	244	244	236	236	236	236	-1	-1	3	0	0
2546	45	1	1	1	Agent	-1	Steve	1	Agent		-1	-1	2	sat	[1, 2, 3]	['sat', 'down', 'to']	16	187	188	188	188	188	172	316	316	316	-1	-1	3	0	0
2548	45	1	1	1	Agent	-1	Steve	1	Agent		-1	-1	2	sat	[1, 2, 3]	['sat', 'down', 'to']	18	71	0	0	0	0	216	216	216	216	-1	-1	3	1	0
2549	45	1	1	1	Agent	-1	Steve	1	Agent		-1	-1	2	sat	[1, 2, 3]	['sat', 'down', 'to']	19	165	184	184	184	184	184	184	184	184	-1	-1	3	0	0
2550	45	1	1	1	Agent	-1	Steve	1	Agent		-1	-1	2	sat	[1, 2, 3]	['sat', 'down', 'to']	20	9	156	156	156	156	156	156	156	156	-1	-1	3	0	0
2554	45	1	1	1	Agent	-1	Steve	1	Agent		-1	-1	2	sat	[1, 2, 3]	['sat', 'down', 'to']	24	144	136	136	136	136	344	392	392	392	-1	-1	3	0	0
2556	45	1	1	1	Agent	-1	Steve	1	Agent		-1	-1	2	sat	[1, 2, 3]	['sat', 'down', 'to']	27	57	0	0	0	0	220	220	220	680	-1	-1	3	1	0
2559	45	1	1	1	Agent	-1	Steve	1	Agent		-1	-1	2	sat	[1, 2, 3]	['sat', 'down', 'to']	30	164	300	300	300	300	188	188	188	188	-1	-1	3	0	0
2560	45	1	1	1	Agent	-1	Steve	1	Agent		-1	-1	2	sat	[1, 2, 3]	['sat', 'down', 'to']	31	125	136	136	136	136	172	172	172	172	-1	-1	3	0	0
2561	45	1	1	1	Agent	-1	Steve	1	Agent		-1	-1	2	sat	[1, 2, 3]	['sat', 'down', 'to']	32	81	260	260	260	260	208	208	208	208	-1	-1	3	0	0
2562	45	1	1	1	Agent	-1	Steve	1	Agent		-1	-1	2	sat	[1, 2, 3]	['sat', 'down', 'to']	33	152	228	228	228	228	152	152	152	152	-1	-1	3	0	0
2563	45	1	1	1	Agent	-1	Steve	1	Agent		-1	-1	2	sat	[1, 2, 3]	['sat', 'down', 'to']	34	141	212	212	212	212	148	148	148	148	-1	-1	3	0	0
2564	45	1	1	1	Agent	-1	Steve	1	Agent		-1	-1	2	sat	[1, 2, 3]	['sat', 'down', 'to']	35	99	0	0	0	0	300	300	300	300	-1	-1	3	1	0
2565	45	1	1	1	Agent	-1	Steve	1	Agent		-1	-1	2	sat	[1, 2, 3]	['sat', 'down', 'to']	36	113	0	0	0	0	168	168	168	168	-1	-1	3	1	0
2566	45	1	1	1	Agent	-1	Steve	1	Agent		-1	-1	2	sat	[1, 2, 3]	['sat', 'down', 'to']	37	32	132	132	132	132	236	236	236	236	-1	-1	3	0	0
2567	45	1	1	1	Agent	-1	Steve	1	Agent		-1	-1	2	sat	[1, 2, 3]	['sat', 'down', 'to']	38	161	0	0	0	0	236	236	236	548	-1	-1	3	1	0
2569	45	1	1	1	Agent	-1	Steve	1	Agent		-1	-1	2	sat	[1, 2, 3]	['sat', 'down', 'to']	40	15	240	240	240	360	196	196	196	196	-1	-1	3	0	0
2570	45	1	1	1	Agent	-1	Steve	1	Agent		-1	-1	2	sat	[1, 2, 3]	['sat', 'down', 'to']	41	2	148	332	332	332	128	128	128	128	-1	-1	3	0	0
2572	45	1	1	1	Agent	-1	Steve	1	Agent		-1	-1	2	sat	[1, 2, 3]	['sat', 'down', 'to']	43	172	124	124	124	124	204	204	204	204	-1	-1	3	0	0
2573	45	3	1	1	Agent	-3	Steve	1	Agent		-1	-3	5	eat	[4]	['eat']	1	96	168	588	588	588	380	380	380	380	-3	-3	3	0	0
2574	45	3	1	1	Agent	-3	Steve	1	Agent		-1	-3	5	eat	[4]	['eat']	2	168	144	260	260	260	208	208	208	208	-3	-3	3	0	0
2575	45	3	1	1	Agent	-3	Steve	1	Agent		-1	-3	5	eat	[4]	['eat']	3	196	64	64	64	64	148	380	380	380	-3	-3	3	0	0
2576	45	3	1	1	Agent	-3	Steve	1	Agent		-1	-3	5	eat	[4]	['eat']	4	152	296	296	296	296	120	120	120	120	-3	-3	3	0	0
2578	45	3	1	1	Agent	-3	Steve	1	Agent		-1	-3	5	eat	[4]	['eat']	6	37	128	128	128	128	220	220	220	220	-3	-3	3	0	0
2579	45	3	1	1	Agent	-3	Steve	1	Agent		-1	-3	5	eat	[4]	['eat']	7	119	0	0	0	0	160	160	160	1076	-3	-3	3	1	0
2580	45	3	1	1	Agent	-3	Steve	1	Agent		-1	-3	5	eat	[4]	['eat']	8	127	72	72	72	72	208	208	208	208	-3	-3	3	0	0
2581	45	3	1	1	Agent	-3	Steve	1	Agent		-1	-3	5	eat	[4]	['eat']	10	35	152	236	236	236	300	300	300	300	-3	-3	3	0	0
2582	45	3	1	1	Agent	-3	Steve	1	Agent		-1	-3	5	eat	[4]	['eat']	11	119	204	204	204	328	196	196	196	196	-3	-3	3	0	0
2584	45	3	1	1	Agent	-3	Steve	1	Agent		-1	-3	5	eat	[4]	['eat']	13	28	156	156	156	156	72	72	72	72	-3	-3	3	0	0
2586	45	3	1	1	Agent	-3	Steve	1	Agent		-1	-3	5	eat	[4]	['eat']	15	173	0	0	0	0	164	164	328	932	-3	-3	3	1	0
2587	45	3	1	1	Agent	-3	Steve	1	Agent		-1	-3	5	eat	[4]	['eat']	16	187	204	352	352	352	264	540	540	540	-3	-3	3	0	0
2590	45	3	1	1	Agent	-3	Steve	1	Agent		-1	-3	5	eat	[4]	['eat']	19	165	184	184	184	184	172	196	196	1168	-3	-3	3	0	0
2591	45	3	1	1	Agent	-3	Steve	1	Agent		-1	-3	5	eat	[4]	['eat']	20	9	0	0	0	0	244	244	436	740	-3	-3	3	1	0
2592	45	3	1	1	Agent	-3	Steve	1	Agent		-1	-3	5	eat	[4]	['eat']	21	161	16	16	16	652	200	200	200	200	-3	-3	3	0	0
2596	45	3	1	1	Agent	-3	Steve	1	Agent		-1	-3	5	eat	[4]	['eat']	25	82	148	148	148	148	212	212	212	448	-3	-3	3	0	0
2597	45	3	1	1	Agent	-3	Steve	1	Agent		-1	-3	5	eat	[4]	['eat']	27	57	176	360	360	552	236	236	236	236	-3	-3	3	0	0
2599	45	3	1	1	Agent	-3	Steve	1	Agent		-1	-3	5	eat	[4]	['eat']	29	100	216	216	216	216	240	240	240	240	-3	-3	3	0	0
2600	45	3	1	1	Agent	-3	Steve	1	Agent		-1	-3	5	eat	[4]	['eat']	30	164	208	208	208	372	268	268	268	268	-3	-3	3	0	0
2601	45	3	1	1	Agent	-3	Steve	1	Agent		-1	-3	5	eat	[4]	['eat']	31	125	0	0	0	0	204	204	204	204	-3	-3	3	1	0
2602	45	3	1	1	Agent	-3	Steve	1	Agent		-1	-3	5	eat	[4]	['eat']	32	81	220	220	220	220	152	368	368	368	-3	-3	3	0	0
2603	45	3	1	1	Agent	-3	Steve	1	Agent		-1	-3	5	eat	[4]	['eat']	33	152	196	196	196	196	176	176	316	576	-3	-3	3	0	0
2604	45	3	1	1	Agent	-3	Steve	1	Agent		-1	-3	5	eat	[4]	['eat']	34	141	0	0	0	0	200	200	200	640	-3	-3	3	1	0
2606	45	3	1	1	Agent	-3	Steve	1	Agent		-1	-3	5	eat	[4]	['eat']	36	113	0	0	0	0	244	244	244	452	-3	-3	3	1	0
2607	45	3	1	1	Agent	-3	Steve	1	Agent		-1	-3	5	eat	[4]	['eat']	37	32	208	428	428	428	144	144	264	580	-3	-3	3	0	0
2608	45	3	1	1	Agent	-3	Steve	1	Agent		-1	-3	5	eat	[4]	['eat']	38	161	268	496	496	496	104	104	104	104	-3	-3	3	0	0
2610	45	3	1	1	Agent	-3	Steve	1	Agent		-1	-3	5	eat	[4]	['eat']	40	15	148	260	260	396	128	128	128	488	-3	-3	3	0	0
2611	45	3	1	1	Agent	-3	Steve	1	Agent		-1	-3	5	eat	[4]	['eat']	41	2	172	172	172	172	188	672	672	672	-3	-3	3	0	0
2613	45	3	1	1	Agent	-3	Steve	1	Agent		-1	-3	5	eat	[4]	['eat']	43	172	0	0	0	0	260	260	260	260	-3	-3	3	1	0
2614	46	3	1	1	Agent	-3	Ted	1	Agent		-1	-3	4	bit	[3]	['bit']	1	28	116	116	116	116	296	296	296	296	-3	-3	3	0	0
2615	46	3	1	1	Agent	-3	Ted	1	Agent		-1	-3	4	bit	[3]	['bit']	2	87	152	152	152	152	252	252	252	252	-3	-3	3	0	0
2616	46	3	1	1	Agent	-3	Ted	1	Agent		-1	-3	4	bit	[3]	['bit']	3	157	108	108	108	276	212	316	316	316	-3	-3	3	0	0
2617	46	3	1	1	Agent	-3	Ted	1	Agent		-1	-3	4	bit	[3]	['bit']	4	92	140	140	140	140	176	176	176	176	-3	-3	3	0	0
2618	46	3	1	1	Agent	-3	Ted	1	Agent		-1	-3	4	bit	[3]	['bit']	5	161	0	0	0	0	208	208	208	208	-3	-3	3	1	0
2620	46	3	1	1	Agent	-3	Ted	1	Agent		-1	-3	4	bit	[3]	['bit']	7	145	76	76	76	76	160	160	160	160	-3	-3	3	0	0
2621	46	3	1	1	Agent	-3	Ted	1	Agent		-1	-3	4	bit	[3]	['bit']	8	93	164	164	164	164	224	224	224	224	-3	-3	3	0	0
2622	46	3	1	1	Agent	-3	Ted	1	Agent		-1	-3	4	bit	[3]	['bit']	10	81	188	188	188	188	244	244	244	244	-3	-3	3	0	0
2623	46	3	1	1	Agent	-3	Ted	1	Agent		-1	-3	4	bit	[3]	['bit']	11	41	0	0	0	0	164	164	164	164	-3	-3	3	1	0
2625	46	3	1	1	Agent	-3	Ted	1	Agent		-1	-3	4	bit	[3]	['bit']	13	15	276	276	276	276	240	240	240	240	-3	-3	3	0	0
2626	46	3	1	1	Agent	-3	Ted	1	Agent		-1	-3	4	bit	[3]	['bit']	14	199	272	272	516	796	272	272	272	272	-3	-3	3	0	0
2628	46	3	1	1	Agent	-3	Ted	1	Agent		-1	-3	4	bit	[3]	['bit']	16	200	200	200	200	200	148	352	352	352	-3	-3	3	0	0
2631	46	3	1	1	Agent	-3	Ted	1	Agent		-1	-3	4	bit	[3]	['bit']	19	184	172	172	172	172	136	328	328	328	-3	-3	3	0	0
2632	46	3	1	1	Agent	-3	Ted	1	Agent		-1	-3	4	bit	[3]	['bit']	20	160	0	0	0	0	248	248	248	248	-3	-3	3	1	0
2635	46	3	1	1	Agent	-3	Ted	1	Agent		-1	-3	4	bit	[3]	['bit']	23	153	100	352	352	352	272	272	272	272	-3	-3	3	0	0
2636	46	3	1	1	Agent	-3	Ted	1	Agent		-1	-3	4	bit	[3]	['bit']	24	179	420	420	420	420	280	280	344	564	-3	-3	3	0	0
2637	46	3	1	1	Agent	-3	Ted	1	Agent		-1	-3	4	bit	[3]	['bit']	25	89	224	224	408	1180	120	120	120	120	-3	-3	3	0	0
2638	46	3	1	1	Agent	-3	Ted	1	Agent		-1	-3	4	bit	[3]	['bit']	27	107	0	0	0	0	232	420	420	420	-3	-3	3	1	0
2640	46	3	1	1	Agent	-3	Ted	1	Agent		-1	-3	4	bit	[3]	['bit']	29	147	220	220	368	728	132	132	132	288	-3	-3	3	0	0
2641	46	3	1	1	Agent	-3	Ted	1	Agent		-1	-3	4	bit	[3]	['bit']	30	22	232	512	512	800	256	256	256	256	-3	-3	3	0	0
2642	46	3	1	1	Agent	-3	Ted	1	Agent		-1	-3	4	bit	[3]	['bit']	31	12	0	0	0	0	180	180	180	180	-3	-3	3	1	0
2643	46	3	1	1	Agent	-3	Ted	1	Agent		-1	-3	4	bit	[3]	['bit']	32	90	188	188	188	188	212	212	212	212	-3	-3	3	0	0
2644	46	3	1	1	Agent	-3	Ted	1	Agent		-1	-3	4	bit	[3]	['bit']	33	74	196	196	196	196	116	116	256	628	-3	-3	3	0	0
2647	46	3	1	1	Agent	-3	Ted	1	Agent		-1	-3	4	bit	[3]	['bit']	36	117	0	0	0	0	276	276	276	500	-3	-3	3	1	0
2650	46	3	1	1	Agent	-3	Ted	1	Agent		-1	-3	4	bit	[3]	['bit']	39	134	188	188	188	356	204	204	204	204	-3	-3	3	0	0
2651	46	3	1	1	Agent	-3	Ted	1	Agent		-1	-3	4	bit	[3]	['bit']	40	22	148	148	148	148	188	324	456	556	-3	-3	3	0	0
2654	46	3	1	1	Agent	-3	Ted	1	Agent		-1	-3	4	bit	[3]	['bit']	43	32	0	0	0	0	152	152	152	152	-3	-3	3	1	0
2655	47	1	1	0	Theme	-1	Thomas	1	Theme		-1	-1	2	stepped	[1, 2, 3]	['stepped', 'back', 'and']	1	44	460	672	672	672	204	204	204	204	-1	-1	7	0	0
2656	47	1	1	0	Theme	-1	Thomas	1	Theme		-1	-1	2	stepped	[1, 2, 3]	['stepped', 'back', 'and']	2	190	76	232	232	232	124	124	124	124	-1	-1	7	0	0
2657	47	1	1	0	Theme	-1	Thomas	1	Theme		-1	-1	2	stepped	[1, 2, 3]	['stepped', 'back', 'and']	3	166	272	272	272	272	188	188	188	188	-1	-1	7	0	0
2659	47	1	1	0	Theme	-1	Thomas	1	Theme		-1	-1	2	stepped	[1, 2, 3]	['stepped', 'back', 'and']	5	95	248	248	248	536	228	228	228	228	-1	-1	7	0	0
2660	47	1	1	0	Theme	-1	Thomas	1	Theme		-1	-1	2	stepped	[1, 2, 3]	['stepped', 'back', 'and']	6	50	236	236	236	348	116	116	116	116	-1	-1	7	0	0
2662	47	1	1	0	Theme	-1	Thomas	1	Theme		-1	-1	2	stepped	[1, 2, 3]	['stepped', 'back', 'and']	8	82	164	164	164	164	212	212	212	212	-1	-1	7	0	0
2663	47	1	1	0	Theme	-1	Thomas	1	Theme		-1	-1	2	stepped	[1, 2, 3]	['stepped', 'back', 'and']	10	61	152	236	236	236	176	176	176	176	-1	-1	7	0	0
2664	47	1	1	0	Theme	-1	Thomas	1	Theme		-1	-1	2	stepped	[1, 2, 3]	['stepped', 'back', 'and']	11	169	180	180	180	180	164	164	164	164	-1	-1	7	0	0
2665	47	1	1	0	Theme	-1	Thomas	1	Theme		-1	-1	2	stepped	[1, 2, 3]	['stepped', 'back', 'and']	12	86	124	364	576	676	184	184	184	184	-1	-1	7	0	0
2666	47	1	1	0	Theme	-1	Thomas	1	Theme		-1	-1	2	stepped	[1, 2, 3]	['stepped', 'back', 'and']	13	26	184	184	184	184	244	244	244	244	-1	-1	7	0	0
2667	47	1	1	0	Theme	-1	Thomas	1	Theme		-1	-1	2	stepped	[1, 2, 3]	['stepped', 'back', 'and']	14	61	308	308	308	308	168	168	168	168	-1	-1	7	0	0
2668	47	1	1	0	Theme	-1	Thomas	1	Theme		-1	-1	2	stepped	[1, 2, 3]	['stepped', 'back', 'and']	15	37	244	244	244	244	164	164	164	164	-1	-1	7	0	0
2669	47	1	1	0	Theme	-1	Thomas	1	Theme		-1	-1	2	stepped	[1, 2, 3]	['stepped', 'back', 'and']	16	162	132	280	280	280	256	256	256	256	-1	-1	7	0	0
2670	47	1	1	0	Theme	-1	Thomas	1	Theme		-1	-1	2	stepped	[1, 2, 3]	['stepped', 'back', 'and']	17	8	296	348	348	348	156	156	156	156	-1	-1	7	0	0
2671	47	1	1	0	Theme	-1	Thomas	1	Theme		-1	-1	2	stepped	[1, 2, 3]	['stepped', 'back', 'and']	18	68	188	188	188	188	152	152	152	152	-1	-1	7	0	0
2672	47	1	1	0	Theme	-1	Thomas	1	Theme		-1	-1	2	stepped	[1, 2, 3]	['stepped', 'back', 'and']	19	67	180	180	180	180	224	224	224	224	-1	-1	7	0	0
2675	47	1	1	0	Theme	-1	Thomas	1	Theme		-1	-1	2	stepped	[1, 2, 3]	['stepped', 'back', 'and']	22	179	284	284	284	284	244	244	244	244	-1	-1	7	0	0
2676	47	1	1	0	Theme	-1	Thomas	1	Theme		-1	-1	2	stepped	[1, 2, 3]	['stepped', 'back', 'and']	23	9	756	756	756	756	256	256	256	256	-1	-1	7	0	0
2677	47	1	1	0	Theme	-1	Thomas	1	Theme		-1	-1	2	stepped	[1, 2, 3]	['stepped', 'back', 'and']	24	43	212	212	212	212	156	156	156	156	-1	-1	7	0	0
2678	47	1	1	0	Theme	-1	Thomas	1	Theme		-1	-1	2	stepped	[1, 2, 3]	['stepped', 'back', 'and']	25	36	116	116	336	620	144	144	144	144	-1	-1	7	0	0
2679	47	1	1	0	Theme	-1	Thomas	1	Theme		-1	-1	2	stepped	[1, 2, 3]	['stepped', 'back', 'and']	27	71	252	252	252	252	260	260	260	260	-1	-1	7	0	0
2680	47	1	1	0	Theme	-1	Thomas	1	Theme		-1	-1	2	stepped	[1, 2, 3]	['stepped', 'back', 'and']	28	7	0	0	0	0	160	244	244	324	-1	-1	7	1	0
2681	47	1	1	0	Theme	-1	Thomas	1	Theme		-1	-1	2	stepped	[1, 2, 3]	['stepped', 'back', 'and']	29	172	212	212	212	212	148	148	148	148	-1	-1	7	0	0
2682	47	1	1	0	Theme	-1	Thomas	1	Theme		-1	-1	2	stepped	[1, 2, 3]	['stepped', 'back', 'and']	30	64	236	236	392	648	276	276	276	276	-1	-1	7	0	0
2684	47	1	1	0	Theme	-1	Thomas	1	Theme		-1	-1	2	stepped	[1, 2, 3]	['stepped', 'back', 'and']	32	125	356	476	476	476	172	172	172	172	-1	-1	7	0	0
2687	47	1	1	0	Theme	-1	Thomas	1	Theme		-1	-1	2	stepped	[1, 2, 3]	['stepped', 'back', 'and']	35	30	196	196	196	196	200	200	200	200	-1	-1	7	0	0
2689	47	1	1	0	Theme	-1	Thomas	1	Theme		-1	-1	2	stepped	[1, 2, 3]	['stepped', 'back', 'and']	37	108	144	348	348	348	148	260	260	260	-1	-1	7	0	0
2690	47	1	1	0	Theme	-1	Thomas	1	Theme		-1	-1	2	stepped	[1, 2, 3]	['stepped', 'back', 'and']	38	95	84	84	308	528	168	168	168	168	-1	-1	7	0	0
2691	47	1	1	0	Theme	-1	Thomas	1	Theme		-1	-1	2	stepped	[1, 2, 3]	['stepped', 'back', 'and']	39	64	0	0	0	0	244	244	244	780	-1	-1	7	1	0
2694	47	1	1	0	Theme	-1	Thomas	1	Theme		-1	-1	2	stepped	[1, 2, 3]	['stepped', 'back', 'and']	42	21	120	120	120	120	156	156	156	156	-1	-1	7	0	0
2695	47	1	1	0	Theme	-1	Thomas	1	Theme		-1	-1	2	stepped	[1, 2, 3]	['stepped', 'back', 'and']	43	171	152	152	152	152	152	152	152	152	-1	-1	7	0	0
2696	47	3	1	1	Agent	-3	Thomas	1	Agent		-1	-3	5	shook	[4]	['shook']	1	44	280	368	368	368	524	524	524	524	-3	-3	5	0	0
2697	47	3	1	1	Agent	-3	Thomas	1	Agent		-1	-3	5	shook	[4]	['shook']	2	190	172	172	172	172	168	168	168	168	-3	-3	5	0	0
2698	47	3	1	1	Agent	-3	Thomas	1	Agent		-1	-3	5	shook	[4]	['shook']	3	166	140	340	340	340	260	260	260	260	-3	-3	5	0	0
2701	47	3	1	1	Agent	-3	Thomas	1	Agent		-1	-3	5	shook	[4]	['shook']	6	50	124	124	124	124	732	732	732	732	-3	-3	5	0	0
2702	47	3	1	1	Agent	-3	Thomas	1	Agent		-1	-3	5	shook	[4]	['shook']	7	38	92	92	92	92	136	136	136	592	-3	-3	5	0	0
2703	47	3	1	1	Agent	-3	Thomas	1	Agent		-1	-3	5	shook	[4]	['shook']	8	82	196	196	196	196	392	392	392	392	-3	-3	5	0	0
2704	47	3	1	1	Agent	-3	Thomas	1	Agent		-1	-3	5	shook	[4]	['shook']	10	61	164	164	164	164	296	296	296	1808	-3	-3	5	0	0
2705	47	3	1	1	Agent	-3	Thomas	1	Agent		-1	-3	5	shook	[4]	['shook']	11	169	152	288	288	288	312	312	312	312	-3	-3	5	0	0
2706	47	3	1	1	Agent	-3	Thomas	1	Agent		-1	-3	5	shook	[4]	['shook']	12	86	184	184	184	184	320	320	320	1024	-3	-3	5	0	0
2707	47	3	1	1	Agent	-3	Thomas	1	Agent		-1	-3	5	shook	[4]	['shook']	13	26	132	132	132	132	336	336	336	336	-3	-3	5	0	0
2708	47	3	1	1	Agent	-3	Thomas	1	Agent		-1	-3	5	shook	[4]	['shook']	14	61	200	200	200	312	176	176	176	176	-3	-3	5	0	0
2709	47	3	1	1	Agent	-3	Thomas	1	Agent		-1	-3	5	shook	[4]	['shook']	15	37	224	224	360	760	356	356	356	356	-3	-3	5	0	0
2710	47	3	1	1	Agent	-3	Thomas	1	Agent		-1	-3	5	shook	[4]	['shook']	16	162	236	236	236	236	280	532	532	532	-3	-3	5	0	0
2713	47	3	1	1	Agent	-3	Thomas	1	Agent		-1	-3	5	shook	[4]	['shook']	19	67	224	224	224	224	176	176	176	176	-3	-3	5	0	0
2714	47	3	1	1	Agent	-3	Thomas	1	Agent		-1	-3	5	shook	[4]	['shook']	20	137	0	0	0	0	152	152	152	152	-3	-3	5	1	0
2716	47	3	1	1	Agent	-3	Thomas	1	Agent		-1	-3	5	shook	[4]	['shook']	22	179	200	384	384	384	324	324	324	324	-3	-3	5	0	0
2717	47	3	1	1	Agent	-3	Thomas	1	Agent		-1	-3	5	shook	[4]	['shook']	23	9	196	196	196	196	244	244	408	660	-3	-3	5	0	0
2718	47	3	1	1	Agent	-3	Thomas	1	Agent		-1	-3	5	shook	[4]	['shook']	24	43	260	260	260	260	520	520	520	520	-3	-3	5	0	0
2721	47	3	1	1	Agent	-3	Thomas	1	Agent		-1	-3	5	shook	[4]	['shook']	28	7	260	260	260	260	184	440	440	440	-3	-3	5	0	0
2722	47	3	1	1	Agent	-3	Thomas	1	Agent		-1	-3	5	shook	[4]	['shook']	29	172	228	228	228	228	388	388	388	388	-3	-3	5	0	0
2723	47	3	1	1	Agent	-3	Thomas	1	Agent		-1	-3	5	shook	[4]	['shook']	30	64	216	216	216	216	200	200	200	708	-3	-3	5	0	0
2724	47	3	1	1	Agent	-3	Thomas	1	Agent		-1	-3	5	shook	[4]	['shook']	31	98	0	0	0	0	144	144	144	144	-3	-3	5	1	0
2725	47	3	1	1	Agent	-3	Thomas	1	Agent		-1	-3	5	shook	[4]	['shook']	32	125	168	356	356	356	164	164	164	164	-3	-3	5	0	0
2727	47	3	1	1	Agent	-3	Thomas	1	Agent		-1	-3	5	shook	[4]	['shook']	34	163	156	156	156	156	728	1196	1196	1196	-3	-3	5	0	0
2728	47	3	1	1	Agent	-3	Thomas	1	Agent		-1	-3	5	shook	[4]	['shook']	35	30	236	236	236	236	200	200	200	200	-3	-3	5	0	0
2730	47	3	1	1	Agent	-3	Thomas	1	Agent		-1	-3	5	shook	[4]	['shook']	37	108	200	388	388	388	536	536	680	896	-3	-3	5	0	0
2732	47	3	1	1	Agent	-3	Thomas	1	Agent		-1	-3	5	shook	[4]	['shook']	39	64	0	0	0	0	256	256	444	1232	-3	-3	5	1	0
2733	47	3	1	1	Agent	-3	Thomas	1	Agent		-1	-3	5	shook	[4]	['shook']	40	75	0	0	0	0	264	264	264	264	-3	-3	5	1	0
2734	47	3	1	1	Agent	-3	Thomas	1	Agent		-1	-3	5	shook	[4]	['shook']	41	150	188	188	188	188	160	160	160	160	-3	-3	5	0	0
2735	47	3	1	1	Agent	-3	Thomas	1	Agent		-1	-3	5	shook	[4]	['shook']	42	21	204	204	204	204	288	288	288	288	-3	-3	5	0	0
2736	47	3	1	1	Agent	-3	Thomas	1	Agent		-1	-3	5	shook	[4]	['shook']	43	171	168	168	168	168	292	292	292	292	-3	-3	5	0	0
2739	48	1	1	0	Theme	-1	Tom	1	Theme		-1	-1	2	stood	[1, 2, 3]	['stood', 'up', 'and']	3	9	196	196	196	196	168	168	168	168	-1	-1	5	0	0
2740	48	1	1	0	Theme	-1	Tom	1	Theme		-1	-1	2	stood	[1, 2, 3]	['stood', 'up', 'and']	4	131	0	0	0	0	456	456	456	456	-1	-1	5	1	0
2744	48	1	1	0	Theme	-1	Tom	1	Theme		-1	-1	2	stood	[1, 2, 3]	['stood', 'up', 'and']	8	88	60	336	336	336	188	188	188	188	-1	-1	5	0	0
2745	48	1	1	0	Theme	-1	Tom	1	Theme		-1	-1	2	stood	[1, 2, 3]	['stood', 'up', 'and']	10	23	168	168	168	168	200	200	200	200	-1	-1	5	0	0
2746	48	1	1	0	Theme	-1	Tom	1	Theme		-1	-1	2	stood	[1, 2, 3]	['stood', 'up', 'and']	11	1	156	156	156	156	220	220	220	220	-1	-1	5	0	0
2749	48	1	1	0	Theme	-1	Tom	1	Theme		-1	-1	2	stood	[1, 2, 3]	['stood', 'up', 'and']	14	110	252	252	252	300	196	196	196	196	-1	-1	5	0	0
2751	48	1	1	0	Theme	-1	Tom	1	Theme		-1	-1	2	stood	[1, 2, 3]	['stood', 'up', 'and']	16	79	144	144	144	144	148	148	148	148	-1	-1	5	0	0
2752	48	1	1	0	Theme	-1	Tom	1	Theme		-1	-1	2	stood	[1, 2, 3]	['stood', 'up', 'and']	17	75	252	252	252	252	164	164	164	164	-1	-1	5	0	0
2759	48	1	1	0	Theme	-1	Tom	1	Theme		-1	-1	2	stood	[1, 2, 3]	['stood', 'up', 'and']	24	76	188	188	188	188	164	164	164	164	-1	-1	5	0	0
2761	48	1	1	0	Theme	-1	Tom	1	Theme		-1	-1	2	stood	[1, 2, 3]	['stood', 'up', 'and']	27	60	220	472	472	472	136	136	136	136	-1	-1	5	0	0
2762	48	1	1	0	Theme	-1	Tom	1	Theme		-1	-1	2	stood	[1, 2, 3]	['stood', 'up', 'and']	28	67	152	152	556	764	160	160	160	160	-1	-1	5	0	0
2764	48	1	1	0	Theme	-1	Tom	1	Theme		-1	-1	2	stood	[1, 2, 3]	['stood', 'up', 'and']	30	146	92	92	344	552	264	264	264	264	-1	-1	5	0	0
2767	48	1	1	0	Theme	-1	Tom	1	Theme		-1	-1	2	stood	[1, 2, 3]	['stood', 'up', 'and']	33	98	200	200	200	200	192	192	192	192	-1	-1	5	0	0
2769	48	1	1	0	Theme	-1	Tom	1	Theme		-1	-1	2	stood	[1, 2, 3]	['stood', 'up', 'and']	35	25	168	168	168	168	156	156	156	156	-1	-1	5	0	0
2770	48	1	1	0	Theme	-1	Tom	1	Theme		-1	-1	2	stood	[1, 2, 3]	['stood', 'up', 'and']	36	60	248	248	248	248	180	180	180	180	-1	-1	5	0	0
2771	48	1	1	0	Theme	-1	Tom	1	Theme		-1	-1	2	stood	[1, 2, 3]	['stood', 'up', 'and']	37	168	188	188	188	188	172	172	172	172	-1	-1	5	0	0
2776	48	1	1	0	Theme	-1	Tom	1	Theme		-1	-1	2	stood	[1, 2, 3]	['stood', 'up', 'and']	42	88	148	292	292	292	124	124	124	124	-1	-1	5	0	0
2777	48	1	1	0	Theme	-1	Tom	1	Theme		-1	-1	2	stood	[1, 2, 3]	['stood', 'up', 'and']	43	167	60	60	60	60	136	136	136	136	-1	-1	5	0	0
2778	48	3	1	1	Agent	-3	Tom	1	Agent		-1	-3	5	wiped	[4]	['wiped']	1	56	204	204	204	204	248	248	248	248	-3	-3	5	0	0
2779	48	3	1	1	Agent	-3	Tom	1	Agent		-1	-3	5	wiped	[4]	['wiped']	2	136	200	200	200	200	184	600	600	600	-3	-3	5	0	0
2780	48	3	1	1	Agent	-3	Tom	1	Agent		-1	-3	5	wiped	[4]	['wiped']	3	9	136	136	136	136	184	340	340	1148	-3	-3	5	0	0
2781	48	3	1	1	Agent	-3	Tom	1	Agent		-1	-3	5	wiped	[4]	['wiped']	4	131	172	364	364	364	172	172	172	288	-3	-3	5	0	0
2782	48	3	1	1	Agent	-3	Tom	1	Agent		-1	-3	5	wiped	[4]	['wiped']	5	114	108	108	108	544	252	252	252	1188	-3	-3	5	0	0
2784	48	3	1	1	Agent	-3	Tom	1	Agent		-1	-3	5	wiped	[4]	['wiped']	7	46	0	0	0	0	136	136	136	608	-3	-3	5	1	0
2785	48	3	1	1	Agent	-3	Tom	1	Agent		-1	-3	5	wiped	[4]	['wiped']	8	88	228	228	228	228	288	288	288	480	-3	-3	5	0	0
2786	48	3	1	1	Agent	-3	Tom	1	Agent		-1	-3	5	wiped	[4]	['wiped']	10	23	140	140	140	140	268	268	268	268	-3	-3	5	0	0
2787	48	3	1	1	Agent	-3	Tom	1	Agent		-1	-3	5	wiped	[4]	['wiped']	11	1	220	220	220	220	176	320	320	320	-3	-3	5	0	0
2788	48	3	1	1	Agent	-3	Tom	1	Agent		-1	-3	5	wiped	[4]	['wiped']	12	154	184	184	184	184	440	440	440	440	-3	-3	5	0	0
2790	48	3	1	1	Agent	-3	Tom	1	Agent		-1	-3	5	wiped	[4]	['wiped']	14	110	236	236	236	236	204	204	204	204	-3	-3	5	0	0
2791	48	3	1	1	Agent	-3	Tom	1	Agent		-1	-3	5	wiped	[4]	['wiped']	15	20	180	180	180	180	92	92	320	544	-3	-3	5	0	0
2792	48	3	1	1	Agent	-3	Tom	1	Agent		-1	-3	5	wiped	[4]	['wiped']	16	79	148	148	148	148	192	192	192	192	-3	-3	5	0	0
2795	48	3	1	1	Agent	-3	Tom	1	Agent		-1	-3	5	wiped	[4]	['wiped']	19	204	164	164	164	164	260	260	260	924	-3	-3	5	0	0
2798	48	3	1	1	Agent	-3	Tom	1	Agent		-1	-3	5	wiped	[4]	['wiped']	22	11	284	284	284	284	284	284	284	284	-3	-3	5	0	0
2800	48	3	1	1	Agent	-3	Tom	1	Agent		-1	-3	5	wiped	[4]	['wiped']	24	76	176	176	176	176	460	460	460	460	-3	-3	5	0	0
2802	48	3	1	1	Agent	-3	Tom	1	Agent		-1	-3	5	wiped	[4]	['wiped']	27	60	156	284	284	284	320	320	320	320	-3	-3	5	0	0
2803	48	3	1	1	Agent	-3	Tom	1	Agent		-1	-3	5	wiped	[4]	['wiped']	28	67	252	252	252	252	364	364	364	364	-3	-3	5	0	0
2805	48	3	1	1	Agent	-3	Tom	1	Agent		-1	-3	5	wiped	[4]	['wiped']	30	146	216	216	216	216	420	420	420	1372	-3	-3	5	0	0
2807	48	3	1	1	Agent	-3	Tom	1	Agent		-1	-3	5	wiped	[4]	['wiped']	32	191	216	216	216	216	160	160	160	160	-3	-3	5	0	0
2808	48	3	1	1	Agent	-3	Tom	1	Agent		-1	-3	5	wiped	[4]	['wiped']	33	98	188	188	188	188	184	184	184	184	-3	-3	5	0	0
2809	48	3	1	1	Agent	-3	Tom	1	Agent		-1	-3	5	wiped	[4]	['wiped']	34	183	156	156	156	156	688	688	688	688	-3	-3	5	0	0
2811	48	3	1	1	Agent	-3	Tom	1	Agent		-1	-3	5	wiped	[4]	['wiped']	36	60	0	0	0	0	256	256	256	520	-3	-3	5	1	0
2812	48	3	1	1	Agent	-3	Tom	1	Agent		-1	-3	5	wiped	[4]	['wiped']	37	168	180	316	316	316	148	544	544	544	-3	-3	5	0	0
2813	48	3	1	1	Agent	-3	Tom	1	Agent		-1	-3	5	wiped	[4]	['wiped']	38	170	204	204	204	204	400	868	868	868	-3	-3	5	0	0
2814	48	3	1	1	Agent	-3	Tom	1	Agent		-1	-3	5	wiped	[4]	['wiped']	39	89	0	0	0	0	192	192	192	664	-3	-3	5	1	0
2817	48	3	1	1	Agent	-3	Tom	1	Agent		-1	-3	5	wiped	[4]	['wiped']	42	88	0	0	0	0	160	160	160	160	-3	-3	5	1	0
2818	48	3	1	1	Agent	-3	Tom	1	Agent		-1	-3	5	wiped	[4]	['wiped']	43	167	144	144	144	144	244	244	244	244	-3	-3	5	0	0
2819	49	1	1	1	Agent	-1	Tony	1	Agent		-1	-1	2	stopped	[1, 2, 3]	['stopped', 'off', 'at']	1	21	164	380	380	380	380	380	380	380	-1	-1	7	0	0
2820	49	1	1	1	Agent	-1	Tony	1	Agent		-1	-1	2	stopped	[1, 2, 3]	['stopped', 'off', 'at']	2	71	140	264	416	568	156	156	156	156	-1	-1	7	0	0
2822	49	1	1	1	Agent	-1	Tony	1	Agent		-1	-1	2	stopped	[1, 2, 3]	['stopped', 'off', 'at']	4	192	300	460	460	460	172	172	172	172	-1	-1	7	0	0
2823	49	1	1	1	Agent	-1	Tony	1	Agent		-1	-1	2	stopped	[1, 2, 3]	['stopped', 'off', 'at']	5	56	0	0	0	0	184	184	184	396	-1	-1	7	1	0
2826	49	1	1	1	Agent	-1	Tony	1	Agent		-1	-1	2	stopped	[1, 2, 3]	['stopped', 'off', 'at']	8	55	184	320	320	320	388	388	388	388	-1	-1	7	0	0
2827	49	1	1	1	Agent	-1	Tony	1	Agent		-1	-1	2	stopped	[1, 2, 3]	['stopped', 'off', 'at']	10	101	276	392	392	392	164	164	164	164	-1	-1	7	0	0
2828	49	1	1	1	Agent	-1	Tony	1	Agent		-1	-1	2	stopped	[1, 2, 3]	['stopped', 'off', 'at']	11	45	372	372	372	372	236	236	236	236	-1	-1	7	0	0
2830	49	1	1	1	Agent	-1	Tony	1	Agent		-1	-1	2	stopped	[1, 2, 3]	['stopped', 'off', 'at']	13	90	188	188	188	188	236	236	236	236	-1	-1	7	0	0
2831	49	1	1	1	Agent	-1	Tony	1	Agent		-1	-1	2	stopped	[1, 2, 3]	['stopped', 'off', 'at']	14	91	240	240	240	240	172	172	172	172	-1	-1	7	0	0
2832	49	1	1	1	Agent	-1	Tony	1	Agent		-1	-1	2	stopped	[1, 2, 3]	['stopped', 'off', 'at']	15	150	0	0	0	0	148	148	148	148	-1	-1	7	1	0
2836	49	1	1	1	Agent	-1	Tony	1	Agent		-1	-1	2	stopped	[1, 2, 3]	['stopped', 'off', 'at']	19	34	0	0	0	0	132	132	376	820	-1	-1	7	1	0
2838	49	1	1	1	Agent	-1	Tony	1	Agent		-1	-1	2	stopped	[1, 2, 3]	['stopped', 'off', 'at']	21	16	192	328	328	328	168	168	168	168	-1	-1	7	0	0
2839	49	1	1	1	Agent	-1	Tony	1	Agent		-1	-1	2	stopped	[1, 2, 3]	['stopped', 'off', 'at']	22	85	684	684	684	684	212	212	212	212	-1	-1	7	0	0
2840	49	1	1	1	Agent	-1	Tony	1	Agent		-1	-1	2	stopped	[1, 2, 3]	['stopped', 'off', 'at']	23	94	220	404	404	404	204	204	204	204	-1	-1	7	0	0
2841	49	1	1	1	Agent	-1	Tony	1	Agent		-1	-1	2	stopped	[1, 2, 3]	['stopped', 'off', 'at']	24	160	152	152	152	152	204	204	204	204	-1	-1	7	0	0
2844	49	1	1	1	Agent	-1	Tony	1	Agent		-1	-1	2	stopped	[1, 2, 3]	['stopped', 'off', 'at']	28	187	248	248	380	640	264	264	264	264	-1	-1	7	0	0
2845	49	1	1	1	Agent	-1	Tony	1	Agent		-1	-1	2	stopped	[1, 2, 3]	['stopped', 'off', 'at']	29	4	40	40	40	40	172	172	560	936	-1	-1	7	0	0
2846	49	1	1	1	Agent	-1	Tony	1	Agent		-1	-1	2	stopped	[1, 2, 3]	['stopped', 'off', 'at']	30	6	124	152	376	568	152	152	968	1348	-1	-1	7	0	0
2848	49	1	1	1	Agent	-1	Tony	1	Agent		-1	-1	2	stopped	[1, 2, 3]	['stopped', 'off', 'at']	32	70	256	256	256	256	320	320	320	320	-1	-1	7	0	0
2850	49	1	1	1	Agent	-1	Tony	1	Agent		-1	-1	2	stopped	[1, 2, 3]	['stopped', 'off', 'at']	34	91	224	224	224	224	200	200	200	200	-1	-1	7	0	0
2851	49	1	1	1	Agent	-1	Tony	1	Agent		-1	-1	2	stopped	[1, 2, 3]	['stopped', 'off', 'at']	35	90	192	192	192	192	212	212	372	680	-1	-1	7	0	0
2853	49	1	1	1	Agent	-1	Tony	1	Agent		-1	-1	2	stopped	[1, 2, 3]	['stopped', 'off', 'at']	37	59	288	288	508	724	176	176	176	176	-1	-1	7	0	0
2855	49	1	1	1	Agent	-1	Tony	1	Agent		-1	-1	2	stopped	[1, 2, 3]	['stopped', 'off', 'at']	39	197	232	232	232	408	148	148	148	148	-1	-1	7	0	0
2856	49	1	1	1	Agent	-1	Tony	1	Agent		-1	-1	2	stopped	[1, 2, 3]	['stopped', 'off', 'at']	40	7	304	376	464	608	160	160	160	160	-1	-1	7	0	0
2859	49	1	1	1	Agent	-1	Tony	1	Agent		-1	-1	2	stopped	[1, 2, 3]	['stopped', 'off', 'at']	43	136	236	236	236	396	140	140	140	140	-1	-1	7	0	0
2864	50	2	2	1	Pivot	-1	they	2	Manner	Normally	1	-2	3	want	[2, 3]	['want', 'to']	5	195	0	0	0	0	244	244	244	512	-1	-2	4	1	0
2869	50	2	2	1	Pivot	-1	they	2	Manner	Normally	1	-2	3	want	[2, 3]	['want', 'to']	11	19	160	160	160	160	256	256	256	256	-1	-2	4	0	0
2872	50	2	2	1	Pivot	-1	they	2	Manner	Normally	1	-2	3	want	[2, 3]	['want', 'to']	14	102	0	0	0	0	228	228	228	228	-1	-2	4	1	0
2874	50	2	2	1	Pivot	-1	they	2	Manner	Normally	1	-2	3	want	[2, 3]	['want', 'to']	16	118	184	184	184	184	208	208	208	208	-1	-2	4	0	0
2887	50	2	2	1	Pivot	-1	they	2	Manner	Normally	1	-2	3	want	[2, 3]	['want', 'to']	30	108	520	580	580	580	436	436	436	436	-1	-2	4	0	0
2894	50	2	2	1	Pivot	-1	they	2	Manner	Normally	1	-2	3	want	[2, 3]	['want', 'to']	37	135	144	144	144	144	132	132	132	132	-1	-2	4	0	0
2895	50	2	2	1	Pivot	-1	they	2	Manner	Normally	1	-2	3	want	[2, 3]	['want', 'to']	38	142	0	0	0	0	168	168	168	168	-1	-2	4	1	0
2900	50	2	2	1	Pivot	-1	they	2	Manner	Normally	1	-2	3	want	[2, 3]	['want', 'to']	43	169	184	184	184	184	244	244	244	244	-1	-2	4	0	0
2901	50	4	1	1	Agent	-3	they	2	Agent		-1	-3	5	cut	[4]	['cut']	1	146	212	212	212	332	336	336	576	1064	-3	-3	3	0	0
2902	50	4	1	1	Agent	-3	they	2	Agent		-1	-3	5	cut	[4]	['cut']	2	53	188	188	188	188	188	188	432	700	-3	-3	3	0	0
2903	50	4	1	1	Agent	-3	they	2	Agent		-1	-3	5	cut	[4]	['cut']	3	86	376	376	376	376	272	272	272	272	-3	-3	3	0	0
2904	50	4	1	1	Agent	-3	they	2	Agent		-1	-3	5	cut	[4]	['cut']	4	79	0	0	0	0	128	504	504	504	-3	-3	3	1	0
2905	50	4	1	1	Agent	-3	they	2	Agent		-1	-3	5	cut	[4]	['cut']	5	195	0	0	0	0	228	228	228	524	-3	-3	3	1	0
2907	50	4	1	1	Agent	-3	they	2	Agent		-1	-3	5	cut	[4]	['cut']	7	159	324	324	324	324	24	24	580	1160	-3	-3	3	0	0
2908	50	4	1	1	Agent	-3	they	2	Agent		-1	-3	5	cut	[4]	['cut']	8	196	228	332	332	332	220	220	220	220	-3	-3	3	0	0
2909	50	4	1	1	Agent	-3	they	2	Agent		-1	-3	5	cut	[4]	['cut']	10	93	208	208	208	208	152	332	904	1536	-3	-3	3	0	0
2910	50	4	1	1	Agent	-3	they	2	Agent		-1	-3	5	cut	[4]	['cut']	11	19	0	0	0	0	248	620	620	620	-3	-3	3	1	0
2911	50	4	1	1	Agent	-3	they	2	Agent		-1	-3	5	cut	[4]	['cut']	12	162	0	0	0	0	204	204	420	668	-3	-3	3	1	0
2912	50	4	1	1	Agent	-3	they	2	Agent		-1	-3	5	cut	[4]	['cut']	13	35	224	488	488	488	252	252	252	252	-3	-3	3	0	0
2913	50	4	1	1	Agent	-3	they	2	Agent		-1	-3	5	cut	[4]	['cut']	14	102	168	168	168	168	500	500	500	500	-3	-3	3	0	0
2915	50	4	1	1	Agent	-3	they	2	Agent		-1	-3	5	cut	[4]	['cut']	16	118	188	188	188	188	268	412	412	412	-3	-3	3	0	0
2916	50	4	1	1	Agent	-3	they	2	Agent		-1	-3	5	cut	[4]	['cut']	17	144	196	196	196	196	348	348	348	348	-3	-3	3	0	0
2918	50	4	1	1	Agent	-3	they	2	Agent		-1	-3	5	cut	[4]	['cut']	19	199	172	172	324	948	124	124	124	124	-3	-3	3	0	0
2919	50	4	1	1	Agent	-3	they	2	Agent		-1	-3	5	cut	[4]	['cut']	20	179	0	0	0	0	192	192	192	820	-3	-3	3	1	0
2920	50	4	1	1	Agent	-3	they	2	Agent		-1	-3	5	cut	[4]	['cut']	21	205	116	116	116	116	292	292	292	292	-3	-3	3	0	0
2921	50	4	1	1	Agent	-3	they	2	Agent		-1	-3	5	cut	[4]	['cut']	22	118	204	204	204	204	520	704	704	704	-3	-3	3	0	0
2922	50	4	1	1	Agent	-3	they	2	Agent		-1	-3	5	cut	[4]	['cut']	23	82	896	896	896	896	180	180	616	3168	-3	-3	3	0	0
2923	50	4	1	1	Agent	-3	they	2	Agent		-1	-3	5	cut	[4]	['cut']	24	205	252	252	252	252	188	188	188	188	-3	-3	3	0	0
2924	50	4	1	1	Agent	-3	they	2	Agent		-1	-3	5	cut	[4]	['cut']	25	163	244	244	244	244	216	216	432	600	-3	-3	3	0	0
2925	50	4	1	1	Agent	-3	they	2	Agent		-1	-3	5	cut	[4]	['cut']	27	42	192	304	304	304	188	188	188	564	-3	-3	3	0	0
2926	50	4	1	1	Agent	-3	they	2	Agent		-1	-3	5	cut	[4]	['cut']	28	61	224	224	400	964	212	820	820	820	-3	-3	3	0	0
2927	50	4	1	1	Agent	-3	they	2	Agent		-1	-3	5	cut	[4]	['cut']	29	118	240	240	240	240	276	276	276	276	-3	-3	3	0	0
2928	50	4	1	1	Agent	-3	they	2	Agent		-1	-3	5	cut	[4]	['cut']	30	108	440	440	440	440	344	344	560	1084	-3	-3	3	0	0
2929	50	4	1	1	Agent	-3	they	2	Agent		-1	-3	5	cut	[4]	['cut']	31	96	0	0	0	0	116	116	116	116	-3	-3	3	1	0
2930	50	4	1	1	Agent	-3	they	2	Agent		-1	-3	5	cut	[4]	['cut']	32	158	180	336	336	336	236	236	236	236	-3	-3	3	0	0
2931	50	4	1	1	Agent	-3	they	2	Agent		-1	-3	5	cut	[4]	['cut']	33	148	240	240	324	428	188	300	412	836	-3	-3	3	0	0
2932	50	4	1	1	Agent	-3	they	2	Agent		-1	-3	5	cut	[4]	['cut']	34	13	180	180	180	180	180	180	180	492	-3	-3	3	0	0
2933	50	4	1	1	Agent	-3	they	2	Agent		-1	-3	5	cut	[4]	['cut']	35	152	248	248	248	248	244	244	244	244	-3	-3	3	0	0
2935	50	4	1	1	Agent	-3	they	2	Agent		-1	-3	5	cut	[4]	['cut']	37	135	164	336	336	336	168	336	336	336	-3	-3	3	0	0
2936	50	4	1	1	Agent	-3	they	2	Agent		-1	-3	5	cut	[4]	['cut']	38	142	0	0	0	0	160	160	160	532	-3	-3	3	1	0
2937	50	4	1	1	Agent	-3	they	2	Agent		-1	-3	5	cut	[4]	['cut']	39	174	128	128	128	128	208	208	208	208	-3	-3	3	0	0
2938	50	4	1	1	Agent	-3	they	2	Agent		-1	-3	5	cut	[4]	['cut']	40	162	168	168	168	168	212	212	212	212	-3	-3	3	0	0
2939	50	4	1	1	Agent	-3	they	2	Agent		-1	-3	5	cut	[4]	['cut']	41	117	0	0	0	0	240	240	380	1828	-3	-3	3	1	0
2940	50	4	1	1	Agent	-3	they	2	Agent		-1	-3	5	cut	[4]	['cut']	42	37	308	308	308	308	276	276	276	276	-3	-3	3	0	0
2941	50	4	1	1	Agent	-3	they	2	Agent		-1	-3	5	cut	[4]	['cut']	43	169	0	0	0	0	156	384	384	384	-3	-3	3	1	0
2942	52	1	1	1	Agent	-1	She	1	Agent		-1	-1	3	refused	[2, 3]	['refused', 'to']	1	50	180	180	304	456	284	284	284	284	-1	-1	7	0	0
2944	52	1	1	1	Agent	-1	She	1	Agent		-1	-1	3	refused	[2, 3]	['refused', 'to']	3	68	176	176	176	176	424	424	424	424	-1	-1	7	0	0
2951	52	1	1	1	Agent	-1	She	1	Agent		-1	-1	3	refused	[2, 3]	['refused', 'to']	11	48	136	136	136	136	124	124	124	124	-1	-1	7	0	0
2954	52	1	1	1	Agent	-1	She	1	Agent		-1	-1	3	refused	[2, 3]	['refused', 'to']	14	168	196	196	196	196	168	168	168	168	-1	-1	7	0	0
2955	52	1	1	1	Agent	-1	She	1	Agent		-1	-1	3	refused	[2, 3]	['refused', 'to']	15	200	0	0	0	0	132	132	132	132	-1	-1	7	1	0
2960	52	1	1	1	Agent	-1	She	1	Agent		-1	-1	3	refused	[2, 3]	['refused', 'to']	20	149	0	0	0	0	164	164	164	540	-1	-1	7	1	0
2964	52	1	1	1	Agent	-1	She	1	Agent		-1	-1	3	refused	[2, 3]	['refused', 'to']	24	138	136	308	308	472	192	192	192	192	-1	-1	7	0	0
2969	52	1	1	1	Agent	-1	She	1	Agent		-1	-1	3	refused	[2, 3]	['refused', 'to']	30	188	276	276	276	276	216	216	216	216	-1	-1	7	0	0
2972	52	1	1	1	Agent	-1	She	1	Agent		-1	-1	3	refused	[2, 3]	['refused', 'to']	33	171	220	432	432	500	176	176	176	176	-1	-1	7	0	0
2973	52	1	1	1	Agent	-1	She	1	Agent		-1	-1	3	refused	[2, 3]	['refused', 'to']	34	131	152	152	152	152	164	164	164	164	-1	-1	7	0	0
2976	52	1	1	1	Agent	-1	She	1	Agent		-1	-1	3	refused	[2, 3]	['refused', 'to']	37	178	236	236	236	268	152	272	272	272	-1	-1	7	0	0
2979	52	1	1	1	Agent	-1	She	1	Agent		-1	-1	3	refused	[2, 3]	['refused', 'to']	40	17	192	192	192	192	152	152	152	152	-1	-1	7	0	0
2982	52	1	1	1	Agent	-1	She	1	Agent		-1	-1	3	refused	[2, 3]	['refused', 'to']	43	94	60	60	60	60	212	212	212	212	-1	-1	7	0	0
2983	52	3	1	1	Theme	-3	She	1	Theme		-1	-3	5	leave	[4]	['leave']	1	50	308	308	308	440	200	344	344	344	-3	-3	5	0	0
2984	52	3	1	1	Theme	-3	She	1	Theme		-1	-3	5	leave	[4]	['leave']	2	167	160	160	160	160	220	220	220	220	-3	-3	5	0	0
2985	52	3	1	1	Theme	-3	She	1	Theme		-1	-3	5	leave	[4]	['leave']	3	68	152	152	152	152	200	200	200	408	-3	-3	5	0	0
2986	52	3	1	1	Theme	-3	She	1	Theme		-1	-3	5	leave	[4]	['leave']	4	35	0	0	0	0	228	228	460	1400	-3	-3	5	1	0
2988	52	3	1	1	Theme	-3	She	1	Theme		-1	-3	5	leave	[4]	['leave']	6	122	188	188	188	188	504	504	504	504	-3	-3	5	0	0
2989	52	3	1	1	Theme	-3	She	1	Theme		-1	-3	5	leave	[4]	['leave']	7	14	120	120	120	120	176	176	176	368	-3	-3	5	0	0
2990	52	3	1	1	Theme	-3	She	1	Theme		-1	-3	5	leave	[4]	['leave']	8	159	172	300	300	300	1292	1292	1292	1292	-3	-3	5	0	0
2991	52	3	1	1	Theme	-3	She	1	Theme		-1	-3	5	leave	[4]	['leave']	10	198	176	176	176	176	144	408	408	408	-3	-3	5	0	0
2992	52	3	1	1	Theme	-3	She	1	Theme		-1	-3	5	leave	[4]	['leave']	11	48	132	132	132	132	264	264	264	264	-3	-3	5	0	0
2993	52	3	1	1	Theme	-3	She	1	Theme		-1	-3	5	leave	[4]	['leave']	12	78	176	352	352	352	688	688	688	688	-3	-3	5	0	0
2994	52	3	1	1	Theme	-3	She	1	Theme		-1	-3	5	leave	[4]	['leave']	13	14	208	208	208	208	224	224	224	224	-3	-3	5	0	0
2995	52	3	1	1	Theme	-3	She	1	Theme		-1	-3	5	leave	[4]	['leave']	14	168	184	184	184	184	208	208	536	724	-3	-3	5	0	0
2996	52	3	1	1	Theme	-3	She	1	Theme		-1	-3	5	leave	[4]	['leave']	15	200	0	0	0	0	332	332	332	332	-3	-3	5	1	0
2997	52	3	1	1	Theme	-3	She	1	Theme		-1	-3	5	leave	[4]	['leave']	16	195	212	352	352	352	288	288	288	288	-3	-3	5	0	0
2998	52	3	1	1	Theme	-3	She	1	Theme		-1	-3	5	leave	[4]	['leave']	17	105	188	188	188	188	560	1068	1068	1068	-3	-3	5	0	0
3000	52	3	1	1	Theme	-3	She	1	Theme		-1	-3	5	leave	[4]	['leave']	19	142	188	188	188	188	200	200	656	856	-3	-3	5	0	0
3003	52	3	1	1	Theme	-3	She	1	Theme		-1	-3	5	leave	[4]	['leave']	22	157	156	444	444	444	256	256	256	408	-3	-3	5	0	0
3004	52	3	1	1	Theme	-3	She	1	Theme		-1	-3	5	leave	[4]	['leave']	23	20	340	340	340	340	172	172	172	172	-3	-3	5	0	0
3007	52	3	1	1	Theme	-3	She	1	Theme		-1	-3	5	leave	[4]	['leave']	27	47	188	308	308	308	232	232	580	1208	-3	-3	5	0	0
3008	52	3	1	1	Theme	-3	She	1	Theme		-1	-3	5	leave	[4]	['leave']	28	72	184	184	184	184	172	172	172	172	-3	-3	5	0	0
3009	52	3	1	1	Theme	-3	She	1	Theme		-1	-3	5	leave	[4]	['leave']	29	131	148	360	360	360	108	108	108	108	-3	-3	5	0	0
3010	52	3	1	1	Theme	-3	She	1	Theme		-1	-3	5	leave	[4]	['leave']	30	188	88	88	88	88	256	256	256	256	-3	-3	5	0	0
3012	52	3	1	1	Theme	-3	She	1	Theme		-1	-3	5	leave	[4]	['leave']	32	13	216	292	292	292	232	232	232	232	-3	-3	5	0	0
3013	52	3	1	1	Theme	-3	She	1	Theme		-1	-3	5	leave	[4]	['leave']	33	171	160	160	160	160	328	328	328	328	-3	-3	5	0	0
3014	52	3	1	1	Theme	-3	She	1	Theme		-1	-3	5	leave	[4]	['leave']	34	131	0	0	0	0	268	268	268	268	-3	-3	5	1	0
3017	52	3	1	1	Theme	-3	She	1	Theme		-1	-3	5	leave	[4]	['leave']	37	178	140	140	140	140	176	176	176	176	-3	-3	5	0	0
3019	52	3	1	1	Theme	-3	She	1	Theme		-1	-3	5	leave	[4]	['leave']	39	201	168	168	168	168	148	148	148	320	-3	-3	5	0	0
3020	52	3	1	1	Theme	-3	She	1	Theme		-1	-3	5	leave	[4]	['leave']	40	17	140	140	140	140	268	268	268	268	-3	-3	5	0	0
3021	52	3	1	1	Theme	-3	She	1	Theme		-1	-3	5	leave	[4]	['leave']	41	66	228	228	228	228	212	212	212	452	-3	-3	5	0	0
3022	52	3	1	1	Theme	-3	She	1	Theme		-1	-3	5	leave	[4]	['leave']	42	61	156	156	156	156	232	232	232	232	-3	-3	5	0	0
3023	52	3	1	1	Theme	-3	She	1	Theme		-1	-3	5	leave	[4]	['leave']	43	94	160	160	160	160	232	232	428	812	-3	-3	5	0	0
3024	53	1	1	2	Agent	-1	She	1	Agent		-1	-1	2	hid	[1]	['hid']	1	160	176	540	540	540	136	136	136	392	-1	-1	3	0	0
3025	53	1	1	2	Agent	-1	She	1	Agent		-1	-1	2	hid	[1]	['hid']	2	150	0	0	0	0	244	244	244	476	-1	-1	3	1	0
3026	53	1	1	2	Agent	-1	She	1	Agent		-1	-1	2	hid	[1]	['hid']	3	52	232	232	528	660	164	164	164	164	-1	-1	3	0	0
3029	53	1	1	2	Agent	-1	She	1	Agent		-1	-1	2	hid	[1]	['hid']	6	130	0	0	0	0	136	136	136	136	-1	-1	3	1	0
3030	53	1	1	2	Agent	-1	She	1	Agent		-1	-1	2	hid	[1]	['hid']	7	10	0	0	0	0	160	160	308	760	-1	-1	3	1	0
3031	53	1	1	2	Agent	-1	She	1	Agent		-1	-1	2	hid	[1]	['hid']	8	80	148	148	148	148	300	300	300	300	-1	-1	3	0	0
3032	53	1	1	2	Agent	-1	She	1	Agent		-1	-1	2	hid	[1]	['hid']	10	73	96	96	96	96	168	168	168	168	-1	-1	3	0	0
3033	53	1	1	2	Agent	-1	She	1	Agent		-1	-1	2	hid	[1]	['hid']	11	14	236	236	236	236	148	148	148	148	-1	-1	3	0	0
3034	53	1	1	2	Agent	-1	She	1	Agent		-1	-1	2	hid	[1]	['hid']	12	112	0	0	0	0	152	152	152	152	-1	-1	3	1	0
3035	53	1	1	2	Agent	-1	She	1	Agent		-1	-1	2	hid	[1]	['hid']	13	79	152	152	152	152	176	176	176	176	-1	-1	3	0	0
3036	53	1	1	2	Agent	-1	She	1	Agent		-1	-1	2	hid	[1]	['hid']	14	153	276	276	276	276	180	180	180	180	-1	-1	3	0	0
3037	53	1	1	2	Agent	-1	She	1	Agent		-1	-1	2	hid	[1]	['hid']	15	103	0	0	0	0	240	240	240	240	-1	-1	3	1	0
3038	53	1	1	2	Agent	-1	She	1	Agent		-1	-1	2	hid	[1]	['hid']	16	120	168	168	168	168	204	204	204	204	-1	-1	3	0	0
3041	53	1	1	2	Agent	-1	She	1	Agent		-1	-1	2	hid	[1]	['hid']	19	17	0	0	0	0	128	128	128	320	-1	-1	3	1	0
3042	53	1	1	2	Agent	-1	She	1	Agent		-1	-1	2	hid	[1]	['hid']	20	50	0	0	0	0	92	92	92	92	-1	-1	3	1	0
3043	53	1	1	2	Agent	-1	She	1	Agent		-1	-1	2	hid	[1]	['hid']	21	199	0	0	0	0	236	236	236	364	-1	-1	3	1	0
3045	53	1	1	2	Agent	-1	She	1	Agent		-1	-1	2	hid	[1]	['hid']	23	96	292	292	292	292	168	168	168	168	-1	-1	3	0	0
3046	53	1	1	2	Agent	-1	She	1	Agent		-1	-1	2	hid	[1]	['hid']	24	73	428	428	428	556	212	212	212	212	-1	-1	3	0	0
3047	53	1	1	2	Agent	-1	She	1	Agent		-1	-1	2	hid	[1]	['hid']	25	192	0	0	0	0	196	196	196	348	-1	-1	3	1	0
3049	53	1	1	2	Agent	-1	She	1	Agent		-1	-1	2	hid	[1]	['hid']	28	93	212	496	496	728	156	156	156	156	-1	-1	3	0	0
3051	53	1	1	2	Agent	-1	She	1	Agent		-1	-1	2	hid	[1]	['hid']	30	62	352	352	352	352	284	284	284	284	-1	-1	3	0	0
3052	53	1	1	2	Agent	-1	She	1	Agent		-1	-1	2	hid	[1]	['hid']	31	50	0	0	0	0	168	168	168	168	-1	-1	3	1	0
3054	53	1	1	2	Agent	-1	She	1	Agent		-1	-1	2	hid	[1]	['hid']	33	85	156	156	156	156	72	72	72	72	-1	-1	3	0	0
3056	53	1	1	2	Agent	-1	She	1	Agent		-1	-1	2	hid	[1]	['hid']	35	125	220	220	220	220	160	160	160	160	-1	-1	3	0	0
3058	53	1	1	2	Agent	-1	She	1	Agent		-1	-1	2	hid	[1]	['hid']	37	31	156	364	364	364	164	164	164	164	-1	-1	3	0	0
3059	53	1	1	2	Agent	-1	She	1	Agent		-1	-1	2	hid	[1]	['hid']	38	171	0	0	0	0	200	200	200	200	-1	-1	3	1	0
3061	53	1	1	2	Agent	-1	She	1	Agent		-1	-1	2	hid	[1]	['hid']	40	37	200	476	620	840	136	296	296	296	-1	-1	3	0	0
3062	53	1	1	2	Agent	-1	She	1	Agent		-1	-1	2	hid	[1]	['hid']	41	177	0	0	0	0	220	220	296	548	-1	-1	3	1	0
3063	53	1	1	2	Agent	-1	She	1	Agent		-1	-1	2	hid	[1]	['hid']	42	93	328	328	328	328	136	136	136	136	-1	-1	3	0	0
3065	54	4	1	1	Agent	-2	soldier	4	Agent		-1	-2	5	continued	[4]	['continued']	1	189	164	164	164	164	192	192	192	192	-2	-2	9	0	0
3066	54	4	1	1	Agent	-2	soldier	4	Agent		-1	-2	5	continued	[4]	['continued']	2	40	216	216	216	216	208	208	208	208	-2	-2	9	0	0
3067	54	4	1	1	Agent	-2	soldier	4	Agent		-1	-2	5	continued	[4]	['continued']	3	174	216	324	324	324	220	220	220	220	-2	-2	9	0	0
3068	54	4	1	1	Agent	-2	soldier	4	Agent		-1	-2	5	continued	[4]	['continued']	4	78	168	168	168	168	236	236	236	236	-2	-2	9	0	0
3069	54	4	1	1	Agent	-2	soldier	4	Agent		-1	-2	5	continued	[4]	['continued']	5	166	220	220	220	220	464	464	464	464	-2	-2	9	0	0
3070	54	4	1	1	Agent	-2	soldier	4	Agent		-1	-2	5	continued	[4]	['continued']	6	27	256	256	256	256	376	376	376	376	-2	-2	9	0	0
3071	54	4	1	1	Agent	-2	soldier	4	Agent		-1	-2	5	continued	[4]	['continued']	7	151	144	456	456	456	128	128	128	128	-2	-2	9	0	0
3072	54	4	1	1	Agent	-2	soldier	4	Agent		-1	-2	5	continued	[4]	['continued']	8	133	248	248	248	248	228	228	228	228	-2	-2	9	0	0
3073	54	4	1	1	Agent	-2	soldier	4	Agent		-1	-2	5	continued	[4]	['continued']	9	6	164	264	264	264	180	180	180	180	-2	-2	9	0	0
3074	54	4	1	1	Agent	-2	soldier	4	Agent		-1	-2	5	continued	[4]	['continued']	10	39	180	180	180	180	168	168	168	168	-2	-2	9	0	0
3075	54	4	1	1	Agent	-2	soldier	4	Agent		-1	-2	5	continued	[4]	['continued']	11	133	212	212	212	212	180	180	180	180	-2	-2	9	0	0
3076	54	4	1	1	Agent	-2	soldier	4	Agent		-1	-2	5	continued	[4]	['continued']	12	107	164	164	164	164	264	364	364	904	-2	-2	9	0	0
3077	54	4	1	1	Agent	-2	soldier	4	Agent		-1	-2	5	continued	[4]	['continued']	13	160	232	232	232	232	212	212	212	212	-2	-2	9	0	0
3078	54	4	1	1	Agent	-2	soldier	4	Agent		-1	-2	5	continued	[4]	['continued']	14	187	348	348	348	348	188	188	188	188	-2	-2	9	0	0
3079	54	4	1	1	Agent	-2	soldier	4	Agent		-1	-2	5	continued	[4]	['continued']	15	148	88	88	88	88	152	152	152	152	-2	-2	9	0	0
3080	54	4	1	1	Agent	-2	soldier	4	Agent		-1	-2	5	continued	[4]	['continued']	16	94	160	324	324	324	208	400	400	400	-2	-2	9	0	0
3081	54	4	1	1	Agent	-2	soldier	4	Agent		-1	-2	5	continued	[4]	['continued']	17	31	176	176	176	176	212	212	212	212	-2	-2	9	0	0
3082	54	4	1	1	Agent	-2	soldier	4	Agent		-1	-2	5	continued	[4]	['continued']	18	79	316	316	316	316	328	328	328	480	-2	-2	9	0	0
3083	54	4	1	1	Agent	-2	soldier	4	Agent		-1	-2	5	continued	[4]	['continued']	19	117	192	192	192	192	192	192	192	192	-2	-2	9	0	0
3084	54	4	1	1	Agent	-2	soldier	4	Agent		-1	-2	5	continued	[4]	['continued']	20	85	136	136	136	136	156	156	156	156	-2	-2	9	0	0
3085	54	4	1	1	Agent	-2	soldier	4	Agent		-1	-2	5	continued	[4]	['continued']	21	89	148	148	148	148	128	128	128	128	-2	-2	9	0	0
3086	54	4	1	1	Agent	-2	soldier	4	Agent		-1	-2	5	continued	[4]	['continued']	22	29	296	428	428	428	244	244	244	244	-2	-2	9	0	0
3087	54	4	1	1	Agent	-2	soldier	4	Agent		-1	-2	5	continued	[4]	['continued']	23	204	156	372	372	372	256	256	256	256	-2	-2	9	0	0
3088	54	4	1	1	Agent	-2	soldier	4	Agent		-1	-2	5	continued	[4]	['continued']	24	61	188	480	480	480	236	236	236	236	-2	-2	9	0	0
3089	54	4	1	1	Agent	-2	soldier	4	Agent		-1	-2	5	continued	[4]	['continued']	25	11	216	216	216	324	216	216	216	216	-2	-2	9	0	0
3090	54	4	1	1	Agent	-2	soldier	4	Agent		-1	-2	5	continued	[4]	['continued']	27	197	228	228	228	228	168	324	324	324	-2	-2	9	0	0
3091	54	4	1	1	Agent	-2	soldier	4	Agent		-1	-2	5	continued	[4]	['continued']	28	140	272	272	272	272	252	440	440	440	-2	-2	9	0	0
3092	54	4	1	1	Agent	-2	soldier	4	Agent		-1	-2	5	continued	[4]	['continued']	29	18	212	212	212	212	204	204	204	204	-2	-2	9	0	0
3093	54	4	1	1	Agent	-2	soldier	4	Agent		-1	-2	5	continued	[4]	['continued']	30	126	300	300	300	300	208	208	436	776	-2	-2	9	0	0
3094	54	4	1	1	Agent	-2	soldier	4	Agent		-1	-2	5	continued	[4]	['continued']	31	205	144	144	144	144	112	112	112	112	-2	-2	9	0	0
3095	54	4	1	1	Agent	-2	soldier	4	Agent		-1	-2	5	continued	[4]	['continued']	32	31	208	336	336	336	196	196	196	196	-2	-2	9	0	0
3096	54	4	1	1	Agent	-2	soldier	4	Agent		-1	-2	5	continued	[4]	['continued']	33	75	276	276	276	276	256	256	444	608	-2	-2	9	0	0
3097	54	4	1	1	Agent	-2	soldier	4	Agent		-1	-2	5	continued	[4]	['continued']	34	134	156	156	156	156	152	152	152	152	-2	-2	9	0	0
3098	54	4	1	1	Agent	-2	soldier	4	Agent		-1	-2	5	continued	[4]	['continued']	35	3	152	152	152	152	144	268	268	268	-2	-2	9	0	0
3099	54	4	1	1	Agent	-2	soldier	4	Agent		-1	-2	5	continued	[4]	['continued']	36	20	120	120	120	120	260	260	260	1764	-2	-2	9	0	0
3100	54	4	1	1	Agent	-2	soldier	4	Agent		-1	-2	5	continued	[4]	['continued']	37	24	236	236	236	236	232	232	232	232	-2	-2	9	0	0
3101	54	4	1	1	Agent	-2	soldier	4	Agent		-1	-2	5	continued	[4]	['continued']	38	96	224	224	224	224	188	188	188	188	-2	-2	9	0	0
3103	54	4	1	1	Agent	-2	soldier	4	Agent		-1	-2	5	continued	[4]	['continued']	40	32	204	204	204	204	160	160	160	160	-2	-2	9	0	0
3104	54	4	1	1	Agent	-2	soldier	4	Agent		-1	-2	5	continued	[4]	['continued']	41	187	212	212	404	1244	200	200	200	200	-2	-2	9	0	0
3105	54	4	1	1	Agent	-2	soldier	4	Agent		-1	-2	5	continued	[4]	['continued']	42	147	176	176	176	176	148	148	148	148	-2	-2	9	0	0
3106	54	4	1	1	Agent	-2	soldier	4	Agent		-1	-2	5	continued	[4]	['continued']	43	146	204	204	204	204	228	228	228	228	-2	-2	9	0	0
3107	54	6	1	1	Theme	-4	soldier	4	Theme		-1	-4	6	looking	[5]	['looking']	1	189	192	192	192	192	152	152	152	796	-4	-4	7	0	0
3108	54	6	1	1	Theme	-4	soldier	4	Theme		-1	-4	6	looking	[5]	['looking']	2	40	208	208	208	208	244	244	244	816	-4	-4	7	0	0
3109	54	6	1	1	Theme	-4	soldier	4	Theme		-1	-4	6	looking	[5]	['looking']	3	174	220	220	220	220	208	208	412	584	-4	-4	7	0	0
3110	54	6	1	1	Theme	-4	soldier	4	Theme		-1	-4	6	looking	[5]	['looking']	4	78	236	236	236	236	132	132	132	500	-4	-4	7	0	0
3111	54	6	1	1	Theme	-4	soldier	4	Theme		-1	-4	6	looking	[5]	['looking']	5	166	464	464	464	464	184	184	184	832	-4	-4	7	0	0
3112	54	6	1	1	Theme	-4	soldier	4	Theme		-1	-4	6	looking	[5]	['looking']	6	27	376	376	376	376	136	136	136	136	-4	-4	7	0	0
3113	54	6	1	1	Theme	-4	soldier	4	Theme		-1	-4	6	looking	[5]	['looking']	7	151	128	128	128	128	128	128	128	1252	-4	-4	7	0	0
3114	54	6	1	1	Theme	-4	soldier	4	Theme		-1	-4	6	looking	[5]	['looking']	8	133	228	228	228	228	220	220	220	220	-4	-4	7	0	0
3115	54	6	1	1	Theme	-4	soldier	4	Theme		-1	-4	6	looking	[5]	['looking']	9	6	180	180	180	180	232	232	496	1608	-4	-4	7	0	0
3116	54	6	1	1	Theme	-4	soldier	4	Theme		-1	-4	6	looking	[5]	['looking']	10	39	168	168	168	168	228	228	228	1044	-4	-4	7	0	0
3117	54	6	1	1	Theme	-4	soldier	4	Theme		-1	-4	6	looking	[5]	['looking']	11	133	180	180	180	180	200	200	200	580	-4	-4	7	0	0
3119	54	6	1	1	Theme	-4	soldier	4	Theme		-1	-4	6	looking	[5]	['looking']	13	160	212	212	212	212	380	380	380	380	-4	-4	7	0	0
3120	54	6	1	1	Theme	-4	soldier	4	Theme		-1	-4	6	looking	[5]	['looking']	14	187	188	188	188	188	224	224	224	672	-4	-4	7	0	0
3121	54	6	1	1	Theme	-4	soldier	4	Theme		-1	-4	6	looking	[5]	['looking']	15	148	152	152	152	152	320	320	320	588	-4	-4	7	0	0
3122	54	6	1	1	Theme	-4	soldier	4	Theme		-1	-4	6	looking	[5]	['looking']	16	94	208	400	400	400	624	824	1052	1268	-4	-4	7	0	0
3123	54	6	1	1	Theme	-4	soldier	4	Theme		-1	-4	6	looking	[5]	['looking']	17	31	212	212	212	212	248	248	248	1276	-4	-4	7	0	0
3125	54	6	1	1	Theme	-4	soldier	4	Theme		-1	-4	6	looking	[5]	['looking']	19	117	192	192	192	192	124	124	124	672	-4	-4	7	0	0
3126	54	6	1	1	Theme	-4	soldier	4	Theme		-1	-4	6	looking	[5]	['looking']	20	85	156	156	156	156	432	432	568	2024	-4	-4	7	0	0
3127	54	6	1	1	Theme	-4	soldier	4	Theme		-1	-4	6	looking	[5]	['looking']	21	89	128	128	128	128	144	324	324	804	-4	-4	7	0	0
3128	54	6	1	1	Theme	-4	soldier	4	Theme		-1	-4	6	looking	[5]	['looking']	22	29	244	244	244	244	824	824	824	824	-4	-4	7	0	0
3129	54	6	1	1	Theme	-4	soldier	4	Theme		-1	-4	6	looking	[5]	['looking']	23	204	256	256	256	256	532	532	532	692	-4	-4	7	0	0
3130	54	6	1	1	Theme	-4	soldier	4	Theme		-1	-4	6	looking	[5]	['looking']	24	61	236	236	236	236	240	240	240	580	-4	-4	7	0	0
3131	54	6	1	1	Theme	-4	soldier	4	Theme		-1	-4	6	looking	[5]	['looking']	25	11	216	216	216	216	352	352	352	492	-4	-4	7	0	0
3132	54	6	1	1	Theme	-4	soldier	4	Theme		-1	-4	6	looking	[5]	['looking']	27	197	168	324	324	324	224	224	224	996	-4	-4	7	0	0
3133	54	6	1	1	Theme	-4	soldier	4	Theme		-1	-4	6	looking	[5]	['looking']	28	140	252	440	440	440	292	292	292	616	-4	-4	7	0	0
3134	54	6	1	1	Theme	-4	soldier	4	Theme		-1	-4	6	looking	[5]	['looking']	29	18	204	204	204	204	244	244	244	428	-4	-4	7	0	0
3135	54	6	1	1	Theme	-4	soldier	4	Theme		-1	-4	6	looking	[5]	['looking']	30	126	208	208	436	776	236	236	236	1024	-4	-4	7	0	0
3136	54	6	1	1	Theme	-4	soldier	4	Theme		-1	-4	6	looking	[5]	['looking']	31	205	112	112	112	112	144	144	144	144	-4	-4	7	0	0
3137	54	6	1	1	Theme	-4	soldier	4	Theme		-1	-4	6	looking	[5]	['looking']	32	31	196	196	196	196	212	212	392	572	-4	-4	7	0	0
3138	54	6	1	1	Theme	-4	soldier	4	Theme		-1	-4	6	looking	[5]	['looking']	33	75	256	256	444	608	288	288	288	740	-4	-4	7	0	0
3139	54	6	1	1	Theme	-4	soldier	4	Theme		-1	-4	6	looking	[5]	['looking']	34	134	152	152	152	152	336	336	336	336	-4	-4	7	0	0
3140	54	6	1	1	Theme	-4	soldier	4	Theme		-1	-4	6	looking	[5]	['looking']	35	3	144	268	268	268	188	188	188	696	-4	-4	7	0	0
3142	54	6	1	1	Theme	-4	soldier	4	Theme		-1	-4	6	looking	[5]	['looking']	37	24	232	232	232	232	136	136	408	820	-4	-4	7	0	0
3143	54	6	1	1	Theme	-4	soldier	4	Theme		-1	-4	6	looking	[5]	['looking']	38	96	188	188	188	188	200	200	504	692	-4	-4	7	0	0
3144	54	6	1	1	Theme	-4	soldier	4	Theme		-1	-4	6	looking	[5]	['looking']	39	124	0	0	0	0	148	148	148	148	-4	-4	7	1	0
3145	54	6	1	1	Theme	-4	soldier	4	Theme		-1	-4	6	looking	[5]	['looking']	40	32	160	160	160	160	172	172	336	1356	-4	-4	7	0	0
3146	54	6	1	1	Theme	-4	soldier	4	Theme		-1	-4	6	looking	[5]	['looking']	41	187	200	200	200	200	176	176	176	176	-4	-4	7	0	0
3147	54	6	1	1	Theme	-4	soldier	4	Theme		-1	-4	6	looking	[5]	['looking']	42	147	148	148	148	148	244	244	244	392	-4	-4	7	0	0
3148	54	6	1	1	Theme	-4	soldier	4	Theme		-1	-4	6	looking	[5]	['looking']	43	146	228	228	228	228	176	176	176	652	-4	-4	7	0	0
3149	55	1	1	1	Agent	-1	dead	2	Agent		-1	-1	5	kill	[4]	['kill']	1	186	204	204	204	204	284	284	284	284	-1	-1	4	0	0
3150	55	1	1	1	Agent	-1	dead	2	Agent		-1	-1	5	kill	[4]	['kill']	2	95	0	0	0	0	208	208	208	704	-1	-1	4	1	0
3154	55	1	1	1	Agent	-1	dead	2	Agent		-1	-1	5	kill	[4]	['kill']	6	54	0	0	0	0	184	184	184	184	-1	-1	4	1	0
3155	55	1	1	1	Agent	-1	dead	2	Agent		-1	-1	5	kill	[4]	['kill']	7	47	0	0	0	0	144	144	144	596	-1	-1	4	1	0
3157	55	1	1	1	Agent	-1	dead	2	Agent		-1	-1	5	kill	[4]	['kill']	10	41	0	0	0	0	224	224	224	564	-1	-1	4	1	0
3158	55	1	1	1	Agent	-1	dead	2	Agent		-1	-1	5	kill	[4]	['kill']	11	51	120	120	120	120	316	316	316	316	-1	-1	4	0	0
3160	55	1	1	1	Agent	-1	dead	2	Agent		-1	-1	5	kill	[4]	['kill']	13	95	0	0	0	0	236	236	236	236	-1	-1	4	1	0
3161	55	1	1	1	Agent	-1	dead	2	Agent		-1	-1	5	kill	[4]	['kill']	14	87	0	0	0	0	64	64	208	1328	-1	-1	4	1	0
3162	55	1	1	1	Agent	-1	dead	2	Agent		-1	-1	5	kill	[4]	['kill']	15	29	188	188	188	336	252	252	252	680	-1	-1	4	0	0
3163	55	1	1	1	Agent	-1	dead	2	Agent		-1	-1	5	kill	[4]	['kill']	16	50	196	196	196	196	140	800	800	800	-1	-1	4	0	0
3164	55	1	1	1	Agent	-1	dead	2	Agent		-1	-1	5	kill	[4]	['kill']	17	110	0	0	0	0	228	228	228	228	-1	-1	4	1	0
3166	55	1	1	1	Agent	-1	dead	2	Agent		-1	-1	5	kill	[4]	['kill']	19	41	208	208	208	208	156	156	156	156	-1	-1	4	0	0
3168	55	1	1	1	Agent	-1	dead	2	Agent		-1	-1	5	kill	[4]	['kill']	21	165	152	152	152	152	232	232	232	232	-1	-1	4	0	0
3170	55	1	1	1	Agent	-1	dead	2	Agent		-1	-1	5	kill	[4]	['kill']	23	199	136	136	136	136	184	184	184	184	-1	-1	4	0	0
3171	55	1	1	1	Agent	-1	dead	2	Agent		-1	-1	5	kill	[4]	['kill']	24	114	308	308	308	308	152	152	152	152	-1	-1	4	0	0
3173	55	1	1	1	Agent	-1	dead	2	Agent		-1	-1	5	kill	[4]	['kill']	27	2	240	240	240	240	332	332	332	1012	-1	-1	4	0	0
3174	55	1	1	1	Agent	-1	dead	2	Agent		-1	-1	5	kill	[4]	['kill']	28	193	96	292	292	292	172	172	172	172	-1	-1	4	0	0
3176	55	1	1	1	Agent	-1	dead	2	Agent		-1	-1	5	kill	[4]	['kill']	30	74	120	120	120	120	376	376	376	376	-1	-1	4	0	0
3180	55	1	1	1	Agent	-1	dead	2	Agent		-1	-1	5	kill	[4]	['kill']	34	167	148	148	148	148	684	684	684	684	-1	-1	4	0	0
3187	55	1	1	1	Agent	-1	dead	2	Agent		-1	-1	5	kill	[4]	['kill']	41	54	228	228	228	228	24	24	24	828	-1	-1	4	0	0
3189	55	1	1	1	Agent	-1	dead	2	Agent		-1	-1	5	kill	[4]	['kill']	43	142	164	164	164	164	448	448	448	652	-1	-1	4	0	0
3190	56	2	1	1	Theme	-2	prison	2	Theme		-1	-2	4	walked	[3, 4]	['walked', 'along']	1	1	260	260	260	260	292	292	292	292	-2	-2	6	0	0
3192	56	2	1	1	Theme	-2	prison	2	Theme		-1	-2	4	walked	[3, 4]	['walked', 'along']	3	150	172	172	172	172	188	188	188	188	-2	-2	6	0	0
3193	56	2	1	1	Theme	-2	prison	2	Theme		-1	-2	4	walked	[3, 4]	['walked', 'along']	4	73	200	336	336	336	144	144	144	144	-2	-2	6	0	0
3195	56	2	1	1	Theme	-2	prison	2	Theme		-1	-2	4	walked	[3, 4]	['walked', 'along']	6	134	0	0	0	0	144	144	144	144	-2	-2	6	1	0
3197	56	2	1	1	Theme	-2	prison	2	Theme		-1	-2	4	walked	[3, 4]	['walked', 'along']	8	53	232	232	232	232	232	232	232	232	-2	-2	6	0	0
3198	56	2	1	1	Theme	-2	prison	2	Theme		-1	-2	4	walked	[3, 4]	['walked', 'along']	10	108	100	100	100	100	132	132	132	132	-2	-2	6	0	0
3199	56	2	1	1	Theme	-2	prison	2	Theme		-1	-2	4	walked	[3, 4]	['walked', 'along']	11	123	160	160	160	160	220	220	220	220	-2	-2	6	0	0
3200	56	2	1	1	Theme	-2	prison	2	Theme		-1	-2	4	walked	[3, 4]	['walked', 'along']	12	43	168	168	168	168	156	156	156	156	-2	-2	6	0	0
3201	56	2	1	1	Theme	-2	prison	2	Theme		-1	-2	4	walked	[3, 4]	['walked', 'along']	13	114	164	164	164	164	316	316	316	316	-2	-2	6	0	0
3202	56	2	1	1	Theme	-2	prison	2	Theme		-1	-2	4	walked	[3, 4]	['walked', 'along']	14	123	216	216	216	216	204	204	204	204	-2	-2	6	0	0
3203	56	2	1	1	Theme	-2	prison	2	Theme		-1	-2	4	walked	[3, 4]	['walked', 'along']	15	167	0	0	0	0	484	484	484	484	-2	-2	6	1	0
3204	56	2	1	1	Theme	-2	prison	2	Theme		-1	-2	4	walked	[3, 4]	['walked', 'along']	16	117	204	368	368	368	160	160	160	160	-2	-2	6	0	0
3205	56	2	1	1	Theme	-2	prison	2	Theme		-1	-2	4	walked	[3, 4]	['walked', 'along']	17	61	312	312	464	616	152	152	152	152	-2	-2	6	0	0
3206	56	2	1	1	Theme	-2	prison	2	Theme		-1	-2	4	walked	[3, 4]	['walked', 'along']	18	114	196	196	196	196	216	216	216	216	-2	-2	6	0	0
3207	56	2	1	1	Theme	-2	prison	2	Theme		-1	-2	4	walked	[3, 4]	['walked', 'along']	19	124	136	136	136	136	296	296	296	296	-2	-2	6	0	0
3209	56	2	1	1	Theme	-2	prison	2	Theme		-1	-2	4	walked	[3, 4]	['walked', 'along']	21	186	152	152	152	152	240	240	240	240	-2	-2	6	0	0
3211	56	2	1	1	Theme	-2	prison	2	Theme		-1	-2	4	walked	[3, 4]	['walked', 'along']	23	141	456	456	456	456	296	296	296	296	-2	-2	6	0	0
3213	56	2	1	1	Theme	-2	prison	2	Theme		-1	-2	4	walked	[3, 4]	['walked', 'along']	25	190	232	232	232	232	216	216	216	216	-2	-2	6	0	0
3214	56	2	1	1	Theme	-2	prison	2	Theme		-1	-2	4	walked	[3, 4]	['walked', 'along']	27	94	148	416	416	416	224	468	468	468	-2	-2	6	0	0
3215	56	2	1	1	Theme	-2	prison	2	Theme		-1	-2	4	walked	[3, 4]	['walked', 'along']	28	64	264	264	264	264	240	240	240	240	-2	-2	6	0	0
3216	56	2	1	1	Theme	-2	prison	2	Theme		-1	-2	4	walked	[3, 4]	['walked', 'along']	29	146	204	204	204	204	344	344	344	344	-2	-2	6	0	0
3217	56	2	1	1	Theme	-2	prison	2	Theme		-1	-2	4	walked	[3, 4]	['walked', 'along']	30	56	232	232	232	232	240	240	240	312	-2	-2	6	0	0
3218	56	2	1	1	Theme	-2	prison	2	Theme		-1	-2	4	walked	[3, 4]	['walked', 'along']	31	189	0	0	0	0	416	416	416	416	-2	-2	6	1	0
3219	56	2	1	1	Theme	-2	prison	2	Theme		-1	-2	4	walked	[3, 4]	['walked', 'along']	32	72	280	280	280	280	240	240	240	240	-2	-2	6	0	0
3220	56	2	1	1	Theme	-2	prison	2	Theme		-1	-2	4	walked	[3, 4]	['walked', 'along']	33	118	180	528	528	528	272	272	272	272	-2	-2	6	0	0
3222	56	2	1	1	Theme	-2	prison	2	Theme		-1	-2	4	walked	[3, 4]	['walked', 'along']	35	77	152	344	344	344	196	196	196	196	-2	-2	6	0	0
3223	56	2	1	1	Theme	-2	prison	2	Theme		-1	-2	4	walked	[3, 4]	['walked', 'along']	36	83	0	0	0	0	184	184	184	184	-2	-2	6	1	0
3224	56	2	1	1	Theme	-2	prison	2	Theme		-1	-2	4	walked	[3, 4]	['walked', 'along']	37	179	232	232	232	232	100	100	404	508	-2	-2	6	0	0
3225	56	2	1	1	Theme	-2	prison	2	Theme		-1	-2	4	walked	[3, 4]	['walked', 'along']	38	60	232	232	232	232	180	180	180	180	-2	-2	6	0	0
3226	56	2	1	1	Theme	-2	prison	2	Theme		-1	-2	4	walked	[3, 4]	['walked', 'along']	39	36	0	0	0	0	352	352	352	352	-2	-2	6	1	0
3227	56	2	1	1	Theme	-2	prison	2	Theme		-1	-2	4	walked	[3, 4]	['walked', 'along']	40	84	0	0	0	0	180	180	180	180	-2	-2	6	1	0
3228	56	2	1	1	Theme	-2	prison	2	Theme		-1	-2	4	walked	[3, 4]	['walked', 'along']	41	109	140	140	140	140	120	120	120	120	-2	-2	6	0	0
3229	56	2	1	1	Theme	-2	prison	2	Theme		-1	-2	4	walked	[3, 4]	['walked', 'along']	42	101	216	216	216	216	272	272	272	272	-2	-2	6	0	0
3230	56	2	1	1	Theme	-2	prison	2	Theme		-1	-2	4	walked	[3, 4]	['walked', 'along']	43	6	212	212	212	212	212	212	212	212	-2	-2	6	0	0
3231	57	1	1	1	Theme	-1	van	2	Theme		-1	-1	3	is	[2]	['is']	1	119	204	204	204	204	232	720	720	720	-1	-1	2	0	0
3232	57	1	1	1	Theme	-1	van	2	Theme		-1	-1	3	is	[2]	['is']	2	158	72	72	72	72	152	152	152	152	-1	-1	2	0	0
3233	57	1	1	1	Theme	-1	van	2	Theme		-1	-1	3	is	[2]	['is']	3	99	152	152	152	152	148	148	148	148	-1	-1	2	0	0
3234	57	1	1	1	Theme	-1	van	2	Theme		-1	-1	3	is	[2]	['is']	4	144	136	136	136	136	176	176	176	176	-1	-1	2	0	0
3235	57	1	1	1	Theme	-1	van	2	Theme		-1	-1	3	is	[2]	['is']	5	67	232	312	312	624	204	276	276	276	-1	-1	2	0	0
3236	57	1	1	1	Theme	-1	van	2	Theme		-1	-1	3	is	[2]	['is']	6	98	0	0	0	0	152	152	152	152	-1	-1	2	1	0
3237	57	1	1	1	Theme	-1	van	2	Theme		-1	-1	3	is	[2]	['is']	7	12	152	152	152	240	88	88	88	88	-1	-1	2	0	0
3238	57	1	1	1	Theme	-1	van	2	Theme		-1	-1	3	is	[2]	['is']	8	117	0	0	0	0	576	576	676	1092	-1	-1	2	1	0
3239	57	1	1	1	Theme	-1	van	2	Theme		-1	-1	3	is	[2]	['is']	9	4	0	0	0	0	252	252	548	776	-1	-1	2	1	0
3240	57	1	1	1	Theme	-1	van	2	Theme		-1	-1	3	is	[2]	['is']	10	33	0	0	0	0	180	180	180	180	-1	-1	2	1	0
3241	57	1	1	1	Theme	-1	van	2	Theme		-1	-1	3	is	[2]	['is']	11	61	124	124	124	124	136	136	136	136	-1	-1	2	0	0
3243	57	1	1	1	Theme	-1	van	2	Theme		-1	-1	3	is	[2]	['is']	13	128	244	244	244	244	192	192	192	192	-1	-1	2	0	0
3244	57	1	1	1	Theme	-1	van	2	Theme		-1	-1	3	is	[2]	['is']	14	14	148	148	148	148	180	180	180	180	-1	-1	2	0	0
3246	57	1	1	1	Theme	-1	van	2	Theme		-1	-1	3	is	[2]	['is']	16	102	268	268	268	268	192	192	192	192	-1	-1	2	0	0
3247	57	1	1	1	Theme	-1	van	2	Theme		-1	-1	3	is	[2]	['is']	17	142	128	128	128	128	148	148	148	148	-1	-1	2	0	0
3248	57	1	1	1	Theme	-1	van	2	Theme		-1	-1	3	is	[2]	['is']	18	171	0	0	0	0	248	248	248	248	-1	-1	2	1	0
3249	57	1	1	1	Theme	-1	van	2	Theme		-1	-1	3	is	[2]	['is']	19	71	160	160	160	160	116	116	116	116	-1	-1	2	0	0
3250	57	1	1	1	Theme	-1	van	2	Theme		-1	-1	3	is	[2]	['is']	20	21	0	0	0	0	164	164	164	164	-1	-1	2	1	0
3251	57	1	1	1	Theme	-1	van	2	Theme		-1	-1	3	is	[2]	['is']	21	200	0	0	0	0	144	144	144	144	-1	-1	2	1	0
3252	57	1	1	1	Theme	-1	van	2	Theme		-1	-1	3	is	[2]	['is']	22	142	188	188	188	400	148	280	280	280	-1	-1	2	0	0
3253	57	1	1	1	Theme	-1	van	2	Theme		-1	-1	3	is	[2]	['is']	23	85	92	92	92	92	164	164	164	164	-1	-1	2	0	0
3254	57	1	1	1	Theme	-1	van	2	Theme		-1	-1	3	is	[2]	['is']	24	13	236	236	236	468	164	164	164	164	-1	-1	2	0	0
3255	57	1	1	1	Theme	-1	van	2	Theme		-1	-1	3	is	[2]	['is']	25	182	0	0	0	0	160	160	296	700	-1	-1	2	1	0
3256	57	1	1	1	Theme	-1	van	2	Theme		-1	-1	3	is	[2]	['is']	27	49	0	0	0	0	64	64	252	696	-1	-1	2	1	0
3257	57	1	1	1	Theme	-1	van	2	Theme		-1	-1	3	is	[2]	['is']	28	138	164	164	164	164	212	212	212	212	-1	-1	2	0	0
3258	57	1	1	1	Theme	-1	van	2	Theme		-1	-1	3	is	[2]	['is']	29	53	0	0	0	0	208	208	208	524	-1	-1	2	1	0
3259	57	1	1	1	Theme	-1	van	2	Theme		-1	-1	3	is	[2]	['is']	30	165	720	720	720	720	308	308	308	308	-1	-1	2	0	0
3260	57	1	1	1	Theme	-1	van	2	Theme		-1	-1	3	is	[2]	['is']	31	56	144	144	144	144	164	164	164	164	-1	-1	2	0	0
3261	57	1	1	1	Theme	-1	van	2	Theme		-1	-1	3	is	[2]	['is']	32	109	180	180	180	180	112	112	112	112	-1	-1	2	0	0
3262	57	1	1	1	Theme	-1	van	2	Theme		-1	-1	3	is	[2]	['is']	33	20	0	0	0	0	208	208	208	208	-1	-1	2	1	0
3264	57	1	1	1	Theme	-1	van	2	Theme		-1	-1	3	is	[2]	['is']	35	110	0	0	0	0	184	184	184	184	-1	-1	2	1	0
3266	57	1	1	1	Theme	-1	van	2	Theme		-1	-1	3	is	[2]	['is']	37	152	0	0	0	0	108	236	380	588	-1	-1	2	1	0
3267	57	1	1	1	Theme	-1	van	2	Theme		-1	-1	3	is	[2]	['is']	38	132	0	0	0	0	220	220	220	220	-1	-1	2	1	0
3272	57	1	1	1	Theme	-1	van	2	Theme		-1	-1	3	is	[2]	['is']	43	57	104	104	104	104	180	180	180	180	-1	-1	2	0	0
3273	57	6	1	1	Agent	-1		-1	Agent		-1	-1	6	follow	[5]	['follow']	1	119	160	160	160	160	192	192	192	600	-1	-1	6	0	0
3274	57	6	1	1	Agent	-1		-1	Agent		-1	-1	6	follow	[5]	['follow']	2	158	196	196	352	1100	312	312	312	312	-1	-1	6	0	0
3275	57	6	1	1	Agent	-1		-1	Agent		-1	-1	6	follow	[5]	['follow']	3	99	184	184	184	184	144	144	144	144	-1	-1	6	0	0
3276	57	6	1	1	Agent	-1		-1	Agent		-1	-1	6	follow	[5]	['follow']	4	144	248	248	248	248	480	480	480	480	-1	-1	6	0	0
3277	57	6	1	1	Agent	-1		-1	Agent		-1	-1	6	follow	[5]	['follow']	5	67	232	232	676	976	160	376	376	3148	-1	-1	6	0	0
3279	57	6	1	1	Agent	-1		-1	Agent		-1	-1	6	follow	[5]	['follow']	7	12	36	36	36	36	120	120	772	1560	-1	-1	6	0	0
3280	57	6	1	1	Agent	-1		-1	Agent		-1	-1	6	follow	[5]	['follow']	8	117	260	400	400	400	456	456	456	456	-1	-1	6	0	0
3281	57	6	1	1	Agent	-1		-1	Agent		-1	-1	6	follow	[5]	['follow']	9	4	272	308	460	904	224	224	224	1128	-1	-1	6	0	0
3282	57	6	1	1	Agent	-1		-1	Agent		-1	-1	6	follow	[5]	['follow']	10	33	172	172	172	172	208	208	208	608	-1	-1	6	0	0
3283	57	6	1	1	Agent	-1		-1	Agent		-1	-1	6	follow	[5]	['follow']	11	61	380	380	380	380	220	220	220	564	-1	-1	6	0	0
3285	57	6	1	1	Agent	-1		-1	Agent		-1	-1	6	follow	[5]	['follow']	13	128	388	388	388	388	324	656	656	656	-1	-1	6	0	0
3286	57	6	1	1	Agent	-1		-1	Agent		-1	-1	6	follow	[5]	['follow']	14	14	180	180	180	180	212	212	212	644	-1	-1	6	0	0
3288	57	6	1	1	Agent	-1		-1	Agent		-1	-1	6	follow	[5]	['follow']	16	102	168	168	168	168	232	1348	1348	1348	-1	-1	6	0	0
3289	57	6	1	1	Agent	-1		-1	Agent		-1	-1	6	follow	[5]	['follow']	17	142	208	208	208	208	80	80	80	392	-1	-1	6	0	0
3291	57	6	1	1	Agent	-1		-1	Agent		-1	-1	6	follow	[5]	['follow']	19	71	68	68	68	68	148	1028	1192	5432	-1	-1	6	0	0
3292	57	6	1	1	Agent	-1		-1	Agent		-1	-1	6	follow	[5]	['follow']	20	21	220	220	220	220	140	140	140	500	-1	-1	6	0	0
3294	57	6	1	1	Agent	-1		-1	Agent		-1	-1	6	follow	[5]	['follow']	22	142	260	260	260	260	280	280	280	556	-1	-1	6	0	0
3296	57	6	1	1	Agent	-1		-1	Agent		-1	-1	6	follow	[5]	['follow']	24	13	176	176	176	176	700	700	700	700	-1	-1	6	0	0
3297	57	6	1	1	Agent	-1		-1	Agent		-1	-1	6	follow	[5]	['follow']	25	182	220	220	220	220	188	188	188	396	-1	-1	6	0	0
3299	57	6	1	1	Agent	-1		-1	Agent		-1	-1	6	follow	[5]	['follow']	28	138	228	228	228	228	420	420	420	744	-1	-1	6	0	0
3300	57	6	1	1	Agent	-1		-1	Agent		-1	-1	6	follow	[5]	['follow']	29	53	412	412	412	412	156	616	616	616	-1	-1	6	0	0
3301	57	6	1	1	Agent	-1		-1	Agent		-1	-1	6	follow	[5]	['follow']	30	165	224	224	224	224	232	232	232	700	-1	-1	6	0	0
3302	57	6	1	1	Agent	-1		-1	Agent		-1	-1	6	follow	[5]	['follow']	31	56	132	132	132	132	128	128	128	236	-1	-1	6	0	0
3303	57	6	1	1	Agent	-1		-1	Agent		-1	-1	6	follow	[5]	['follow']	32	109	196	196	196	196	256	256	256	548	-1	-1	6	0	0
3304	57	6	1	1	Agent	-1		-1	Agent		-1	-1	6	follow	[5]	['follow']	33	20	136	228	228	228	116	116	116	748	-1	-1	6	0	0
3306	57	6	1	1	Agent	-1		-1	Agent		-1	-1	6	follow	[5]	['follow']	35	110	172	172	172	172	280	280	280	280	-1	-1	6	0	0
3308	57	6	1	1	Agent	-1		-1	Agent		-1	-1	6	follow	[5]	['follow']	37	152	164	260	260	260	188	188	188	188	-1	-1	6	0	0
3309	57	6	1	1	Agent	-1		-1	Agent		-1	-1	6	follow	[5]	['follow']	38	132	276	276	276	276	452	452	452	452	-1	-1	6	0	0
3311	57	6	1	1	Agent	-1		-1	Agent		-1	-1	6	follow	[5]	['follow']	40	96	0	0	0	0	164	448	448	580	-1	-1	6	1	0
3312	57	6	1	1	Agent	-1		-1	Agent		-1	-1	6	follow	[5]	['follow']	41	152	228	228	424	1304	360	360	360	360	-1	-1	6	0	0
3313	57	6	1	1	Agent	-1		-1	Agent		-1	-1	6	follow	[5]	['follow']	42	39	264	264	264	648	176	176	176	504	-1	-1	6	0	0
3314	57	6	1	1	Agent	-1		-1	Agent		-1	-1	6	follow	[5]	['follow']	43	57	212	212	212	212	196	196	196	196	-1	-1	6	0	0
3315	58	2	1	0	Theme	-2	You're	1	Theme		-1	-2	2	getting	[1, 2]	['getting', 'up']	1	125	240	240	240	240	164	164	164	316	-2	-2	7	0	0
3316	58	2	1	0	Theme	-2	You're	1	Theme		-1	-2	2	getting	[1, 2]	['getting', 'up']	2	65	140	140	140	140	172	172	172	172	-2	-2	7	0	0
3322	58	2	1	0	Theme	-2	You're	1	Theme		-1	-2	2	getting	[1, 2]	['getting', 'up']	8	39	160	160	160	160	160	160	160	160	-2	-2	7	0	0
3323	58	2	1	0	Theme	-2	You're	1	Theme		-1	-2	2	getting	[1, 2]	['getting', 'up']	10	171	280	404	404	564	112	112	112	112	-2	-2	7	0	0
3324	58	2	1	0	Theme	-2	You're	1	Theme		-1	-2	2	getting	[1, 2]	['getting', 'up']	11	203	136	136	136	136	132	132	132	132	-2	-2	7	0	0
3326	58	2	1	0	Theme	-2	You're	1	Theme		-1	-2	2	getting	[1, 2]	['getting', 'up']	13	155	192	192	192	192	212	212	212	212	-2	-2	7	0	0
3328	58	2	1	0	Theme	-2	You're	1	Theme		-1	-2	2	getting	[1, 2]	['getting', 'up']	15	55	0	0	0	0	176	176	176	176	-2	-2	7	1	0
3329	58	2	1	0	Theme	-2	You're	1	Theme		-1	-2	2	getting	[1, 2]	['getting', 'up']	16	128	196	348	348	348	232	232	232	232	-2	-2	7	0	0
3331	58	2	1	0	Theme	-2	You're	1	Theme		-1	-2	2	getting	[1, 2]	['getting', 'up']	19	170	160	160	160	160	156	156	156	156	-2	-2	7	0	0
3335	58	2	1	0	Theme	-2	You're	1	Theme		-1	-2	2	getting	[1, 2]	['getting', 'up']	23	84	488	488	840	980	228	228	228	228	-2	-2	7	0	0
3336	58	2	1	0	Theme	-2	You're	1	Theme		-1	-2	2	getting	[1, 2]	['getting', 'up']	24	101	168	168	168	168	252	252	252	252	-2	-2	7	0	0
3337	58	2	1	0	Theme	-2	You're	1	Theme		-1	-2	2	getting	[1, 2]	['getting', 'up']	25	98	224	444	444	444	168	168	168	168	-2	-2	7	0	0
3338	58	2	1	0	Theme	-2	You're	1	Theme		-1	-2	2	getting	[1, 2]	['getting', 'up']	27	178	164	164	164	164	196	196	196	196	-2	-2	7	0	0
3339	58	2	1	0	Theme	-2	You're	1	Theme		-1	-2	2	getting	[1, 2]	['getting', 'up']	28	137	204	204	204	204	228	228	228	228	-2	-2	7	0	0
3340	58	2	1	0	Theme	-2	You're	1	Theme		-1	-2	2	getting	[1, 2]	['getting', 'up']	29	50	208	208	356	512	148	148	148	148	-2	-2	7	0	0
3341	58	2	1	0	Theme	-2	You're	1	Theme		-1	-2	2	getting	[1, 2]	['getting', 'up']	30	38	252	252	252	252	204	204	336	512	-2	-2	7	0	0
3344	58	2	1	0	Theme	-2	You're	1	Theme		-1	-2	2	getting	[1, 2]	['getting', 'up']	33	165	116	116	116	116	148	256	256	256	-2	-2	7	0	0
3345	58	2	1	0	Theme	-2	You're	1	Theme		-1	-2	2	getting	[1, 2]	['getting', 'up']	34	176	176	176	176	176	380	380	380	380	-2	-2	7	0	0
3348	58	2	1	0	Theme	-2	You're	1	Theme		-1	-2	2	getting	[1, 2]	['getting', 'up']	37	155	156	156	156	156	168	168	168	168	-2	-2	7	0	0
3350	58	2	1	0	Theme	-2	You're	1	Theme		-1	-2	2	getting	[1, 2]	['getting', 'up']	39	44	248	248	248	248	200	200	200	200	-2	-2	7	0	0
3356	59	3	1	0	Recipient	-2	he	3	Recipient		-1	-2	5	told	[4]	['told']	2	32	0	0	0	0	168	284	284	408	-2	-2	4	1	0
3357	59	3	1	0	Recipient	-2	he	3	Recipient		-1	-2	5	told	[4]	['told']	3	33	156	156	156	156	172	172	172	172	-2	-2	4	0	0
3360	59	3	1	0	Recipient	-2	he	3	Recipient		-1	-2	5	told	[4]	['told']	6	100	0	0	0	0	144	144	144	144	-2	-2	4	1	0
3371	59	3	1	0	Recipient	-2	he	3	Recipient		-1	-2	5	told	[4]	['told']	18	103	0	0	0	0	164	164	164	164	-2	-2	4	1	0
3373	59	3	1	0	Recipient	-2	he	3	Recipient		-1	-2	5	told	[4]	['told']	20	125	0	0	0	0	124	124	124	124	-2	-2	4	1	0
3375	59	3	1	0	Recipient	-2	he	3	Recipient		-1	-2	5	told	[4]	['told']	22	42	0	0	0	0	144	144	144	1908	-2	-2	4	1	0
3382	59	3	1	0	Recipient	-2	he	3	Recipient		-1	-2	5	told	[4]	['told']	30	187	0	0	0	0	244	244	244	244	-2	-2	4	1	0
3385	59	3	1	0	Recipient	-2	he	3	Recipient		-1	-2	5	told	[4]	['told']	33	156	176	176	176	176	264	264	264	264	-2	-2	4	0	0
3387	59	3	1	0	Recipient	-2	he	3	Recipient		-1	-2	5	told	[4]	['told']	35	38	160	160	160	160	168	168	168	168	-2	-2	4	0	0
3389	59	3	1	0	Recipient	-2	he	3	Recipient		-1	-2	5	told	[4]	['told']	37	94	0	0	0	0	136	136	136	136	-2	-2	4	1	0
3395	59	3	1	0	Recipient	-2	he	3	Recipient		-1	-2	5	told	[4]	['told']	43	39	68	68	68	68	92	92	92	92	-2	-2	4	0	0
3396	59	5	1	1	Experiencer	-1	he	6	Experiencer		-1	-1	7	had	[6]	['had']	1	198	188	188	188	296	224	224	224	524	-1	-1	3	0	0
3398	59	5	1	1	Experiencer	-1	he	6	Experiencer		-1	-1	7	had	[6]	['had']	3	33	168	348	348	348	288	288	288	576	-1	-1	3	0	0
3399	59	5	1	1	Experiencer	-1	he	6	Experiencer		-1	-1	7	had	[6]	['had']	4	156	388	388	388	388	484	484	484	484	-1	-1	3	0	0
3400	59	5	1	1	Experiencer	-1	he	6	Experiencer		-1	-1	7	had	[6]	['had']	5	184	0	0	0	0	272	272	452	672	-1	-1	3	1	0
3401	59	5	1	1	Experiencer	-1	he	6	Experiencer		-1	-1	7	had	[6]	['had']	6	100	0	0	0	0	180	180	180	180	-1	-1	3	1	0
3402	59	5	1	1	Experiencer	-1	he	6	Experiencer		-1	-1	7	had	[6]	['had']	7	3	0	0	0	0	128	196	372	1112	-1	-1	3	1	0
3404	59	5	1	1	Experiencer	-1	he	6	Experiencer		-1	-1	7	had	[6]	['had']	10	63	200	200	200	200	204	204	1104	1244	-1	-1	3	0	0
3405	59	5	1	1	Experiencer	-1	he	6	Experiencer		-1	-1	7	had	[6]	['had']	11	139	180	304	304	304	228	228	228	228	-1	-1	3	0	0
3406	59	5	1	1	Experiencer	-1	he	6	Experiencer		-1	-1	7	had	[6]	['had']	12	165	244	244	244	244	112	112	428	724	-1	-1	3	0	0
3407	59	5	1	1	Experiencer	-1	he	6	Experiencer		-1	-1	7	had	[6]	['had']	13	120	412	412	412	412	788	788	788	788	-1	-1	3	0	0
3408	59	5	1	1	Experiencer	-1	he	6	Experiencer		-1	-1	7	had	[6]	['had']	14	38	212	212	212	212	196	196	196	836	-1	-1	3	0	0
3409	59	5	1	1	Experiencer	-1	he	6	Experiencer		-1	-1	7	had	[6]	['had']	15	22	0	0	0	0	232	232	420	1392	-1	-1	3	1	0
3410	59	5	1	1	Experiencer	-1	he	6	Experiencer		-1	-1	7	had	[6]	['had']	16	73	148	148	148	148	244	244	984	1164	-1	-1	3	0	0
3411	59	5	1	1	Experiencer	-1	he	6	Experiencer		-1	-1	7	had	[6]	['had']	17	108	232	392	392	392	124	124	124	124	-1	-1	3	0	0
3412	59	5	1	1	Experiencer	-1	he	6	Experiencer		-1	-1	7	had	[6]	['had']	18	103	0	0	0	0	192	376	376	376	-1	-1	3	1	0
3413	59	5	1	1	Experiencer	-1	he	6	Experiencer		-1	-1	7	had	[6]	['had']	19	121	272	400	400	400	136	412	412	412	-1	-1	3	0	0
3414	59	5	1	1	Experiencer	-1	he	6	Experiencer		-1	-1	7	had	[6]	['had']	20	125	0	0	0	0	128	200	864	1524	-1	-1	3	1	0
3415	59	5	1	1	Experiencer	-1	he	6	Experiencer		-1	-1	7	had	[6]	['had']	21	187	144	144	144	144	180	180	180	180	-1	-1	3	0	0
3416	59	5	1	1	Experiencer	-1	he	6	Experiencer		-1	-1	7	had	[6]	['had']	22	42	600	600	600	600	184	396	396	1964	-1	-1	3	0	0
3417	59	5	1	1	Experiencer	-1	he	6	Experiencer		-1	-1	7	had	[6]	['had']	23	193	332	332	332	332	280	508	508	844	-1	-1	3	0	0
3418	59	5	1	1	Experiencer	-1	he	6	Experiencer		-1	-1	7	had	[6]	['had']	24	79	308	308	308	744	236	376	376	644	-1	-1	3	0	0
3419	59	5	1	1	Experiencer	-1	he	6	Experiencer		-1	-1	7	had	[6]	['had']	25	73	208	208	336	528	184	184	184	184	-1	-1	3	0	0
3420	59	5	1	1	Experiencer	-1	he	6	Experiencer		-1	-1	7	had	[6]	['had']	27	192	188	188	188	188	360	360	504	912	-1	-1	3	0	0
3421	59	5	1	1	Experiencer	-1	he	6	Experiencer		-1	-1	7	had	[6]	['had']	28	113	208	208	372	540	332	332	332	332	-1	-1	3	0	0
3422	59	5	1	1	Experiencer	-1	he	6	Experiencer		-1	-1	7	had	[6]	['had']	29	164	180	180	180	360	176	176	176	372	-1	-1	3	0	0
3423	59	5	1	1	Experiencer	-1	he	6	Experiencer		-1	-1	7	had	[6]	['had']	30	187	216	216	216	216	172	172	172	312	-1	-1	3	0	0
3424	59	5	1	1	Experiencer	-1	he	6	Experiencer		-1	-1	7	had	[6]	['had']	31	32	176	176	176	176	132	132	132	132	-1	-1	3	0	0
3425	59	5	1	1	Experiencer	-1	he	6	Experiencer		-1	-1	7	had	[6]	['had']	32	149	0	0	0	0	200	348	348	348	-1	-1	3	1	0
3426	59	5	1	1	Experiencer	-1	he	6	Experiencer		-1	-1	7	had	[6]	['had']	33	156	128	128	128	128	204	204	336	596	-1	-1	3	0	0
3427	59	5	1	1	Experiencer	-1	he	6	Experiencer		-1	-1	7	had	[6]	['had']	34	20	208	208	208	208	164	164	164	280	-1	-1	3	0	0
3428	59	5	1	1	Experiencer	-1	he	6	Experiencer		-1	-1	7	had	[6]	['had']	35	38	0	0	0	0	248	512	512	512	-1	-1	3	1	0
3429	59	5	1	1	Experiencer	-1	he	6	Experiencer		-1	-1	7	had	[6]	['had']	36	5	0	0	0	0	304	304	304	1020	-1	-1	3	1	0
3430	59	5	1	1	Experiencer	-1	he	6	Experiencer		-1	-1	7	had	[6]	['had']	37	94	180	180	180	180	248	248	248	416	-1	-1	3	0	0
3431	59	5	1	1	Experiencer	-1	he	6	Experiencer		-1	-1	7	had	[6]	['had']	38	188	152	152	152	152	192	192	192	312	-1	-1	3	0	0
3432	59	5	1	1	Experiencer	-1	he	6	Experiencer		-1	-1	7	had	[6]	['had']	39	110	0	0	0	0	240	240	240	656	-1	-1	3	1	0
3433	59	5	1	1	Experiencer	-1	he	6	Experiencer		-1	-1	7	had	[6]	['had']	40	159	0	0	0	0	188	188	188	188	-1	-1	3	1	0
3434	59	5	1	1	Experiencer	-1	he	6	Experiencer		-1	-1	7	had	[6]	['had']	41	29	220	220	396	1164	236	376	376	848	-1	-1	3	0	0
3435	59	5	1	1	Experiencer	-1	he	6	Experiencer		-1	-1	7	had	[6]	['had']	42	6	224	224	224	364	316	836	836	836	-1	-1	3	0	0
3436	59	5	1	1	Experiencer	-1	he	6	Experiencer		-1	-1	7	had	[6]	['had']	43	39	396	396	396	396	160	160	160	160	-1	-1	3	0	0
3437	60	1	1	0	Agent	-1	Albert	1	Agent		-1	-1	2	spoke	[1, 2]	['spoke', 'before']	1	93	240	240	240	240	180	180	180	180	-1	-1	5	0	0
3438	60	1	1	0	Agent	-1	Albert	1	Agent		-1	-1	2	spoke	[1, 2]	['spoke', 'before']	2	94	156	280	280	280	96	428	428	428	-1	-1	5	0	0
3439	60	1	1	0	Agent	-1	Albert	1	Agent		-1	-1	2	spoke	[1, 2]	['spoke', 'before']	3	39	44	44	308	604	184	184	184	184	-1	-1	5	0	0
3440	60	1	1	0	Agent	-1	Albert	1	Agent		-1	-1	2	spoke	[1, 2]	['spoke', 'before']	4	18	184	184	184	184	168	296	296	296	-1	-1	5	0	0
3441	60	1	1	0	Agent	-1	Albert	1	Agent		-1	-1	2	spoke	[1, 2]	['spoke', 'before']	5	91	308	308	308	616	204	204	204	204	-1	-1	5	0	0
3442	60	1	1	0	Agent	-1	Albert	1	Agent		-1	-1	2	spoke	[1, 2]	['spoke', 'before']	6	96	244	244	244	244	144	144	144	144	-1	-1	5	0	0
3443	60	1	1	0	Agent	-1	Albert	1	Agent		-1	-1	2	spoke	[1, 2]	['spoke', 'before']	7	161	120	244	244	308	132	132	236	320	-1	-1	5	0	0
3444	60	1	1	0	Agent	-1	Albert	1	Agent		-1	-1	2	spoke	[1, 2]	['spoke', 'before']	8	193	164	164	164	164	256	256	256	256	-1	-1	5	0	0
3445	60	1	1	0	Agent	-1	Albert	1	Agent		-1	-1	2	spoke	[1, 2]	['spoke', 'before']	10	155	128	128	128	128	176	176	176	176	-1	-1	5	0	0
3446	60	1	1	0	Agent	-1	Albert	1	Agent		-1	-1	2	spoke	[1, 2]	['spoke', 'before']	11	143	200	328	328	328	140	140	140	140	-1	-1	5	0	0
3447	60	1	1	0	Agent	-1	Albert	1	Agent		-1	-1	2	spoke	[1, 2]	['spoke', 'before']	12	39	416	416	416	416	124	124	124	124	-1	-1	5	0	0
3448	60	1	1	0	Agent	-1	Albert	1	Agent		-1	-1	2	spoke	[1, 2]	['spoke', 'before']	13	189	204	204	204	204	184	184	184	184	-1	-1	5	0	0
3450	60	1	1	0	Agent	-1	Albert	1	Agent		-1	-1	2	spoke	[1, 2]	['spoke', 'before']	15	134	0	0	0	0	160	160	160	160	-1	-1	5	1	0
3451	60	1	1	0	Agent	-1	Albert	1	Agent		-1	-1	2	spoke	[1, 2]	['spoke', 'before']	16	159	136	332	332	332	248	440	440	440	-1	-1	5	0	0
3452	60	1	1	0	Agent	-1	Albert	1	Agent		-1	-1	2	spoke	[1, 2]	['spoke', 'before']	18	170	240	240	240	392	180	180	180	180	-1	-1	5	0	0
3453	60	1	1	0	Agent	-1	Albert	1	Agent		-1	-1	2	spoke	[1, 2]	['spoke', 'before']	19	118	72	72	72	72	136	312	312	312	-1	-1	5	0	0
3455	60	1	1	0	Agent	-1	Albert	1	Agent		-1	-1	2	spoke	[1, 2]	['spoke', 'before']	21	203	136	136	136	136	156	156	156	156	-1	-1	5	0	0
3456	60	1	1	0	Agent	-1	Albert	1	Agent		-1	-1	2	spoke	[1, 2]	['spoke', 'before']	22	131	192	192	192	192	360	360	360	360	-1	-1	5	0	0
3457	60	1	1	0	Agent	-1	Albert	1	Agent		-1	-1	2	spoke	[1, 2]	['spoke', 'before']	23	114	220	220	220	220	228	348	348	348	-1	-1	5	0	0
3458	60	1	1	0	Agent	-1	Albert	1	Agent		-1	-1	2	spoke	[1, 2]	['spoke', 'before']	24	74	184	184	184	184	288	288	288	288	-1	-1	5	0	0
3459	60	1	1	0	Agent	-1	Albert	1	Agent		-1	-1	2	spoke	[1, 2]	['spoke', 'before']	25	187	224	224	224	224	244	244	244	244	-1	-1	5	0	0
3460	60	1	1	0	Agent	-1	Albert	1	Agent		-1	-1	2	spoke	[1, 2]	['spoke', 'before']	27	177	224	224	224	224	236	600	724	908	-1	-1	5	0	0
3462	60	1	1	0	Agent	-1	Albert	1	Agent		-1	-1	2	spoke	[1, 2]	['spoke', 'before']	29	193	184	184	184	184	228	228	228	228	-1	-1	5	0	0
3463	60	1	1	0	Agent	-1	Albert	1	Agent		-1	-1	2	spoke	[1, 2]	['spoke', 'before']	30	46	0	0	0	0	28	28	256	824	-1	-1	5	1	0
3464	60	1	1	0	Agent	-1	Albert	1	Agent		-1	-1	2	spoke	[1, 2]	['spoke', 'before']	31	1	144	296	296	296	164	164	164	164	-1	-1	5	0	0
3465	60	1	1	0	Agent	-1	Albert	1	Agent		-1	-1	2	spoke	[1, 2]	['spoke', 'before']	32	25	284	284	284	284	500	576	576	576	-1	-1	5	0	0
3466	60	1	1	0	Agent	-1	Albert	1	Agent		-1	-1	2	spoke	[1, 2]	['spoke', 'before']	33	60	404	404	404	404	244	400	400	400	-1	-1	5	0	0
3467	60	1	1	0	Agent	-1	Albert	1	Agent		-1	-1	2	spoke	[1, 2]	['spoke', 'before']	34	118	216	216	216	216	208	208	208	208	-1	-1	5	0	0
3468	60	1	1	0	Agent	-1	Albert	1	Agent		-1	-1	2	spoke	[1, 2]	['spoke', 'before']	35	44	236	236	236	236	188	188	188	188	-1	-1	5	0	0
3470	60	1	1	0	Agent	-1	Albert	1	Agent		-1	-1	2	spoke	[1, 2]	['spoke', 'before']	37	11	32	32	288	456	168	168	332	384	-1	-1	5	0	0
3471	60	1	1	0	Agent	-1	Albert	1	Agent		-1	-1	2	spoke	[1, 2]	['spoke', 'before']	38	25	244	244	244	244	232	232	232	232	-1	-1	5	0	0
3472	60	1	1	0	Agent	-1	Albert	1	Agent		-1	-1	2	spoke	[1, 2]	['spoke', 'before']	39	129	0	0	0	0	216	396	396	512	-1	-1	5	1	0
3475	60	1	1	0	Agent	-1	Albert	1	Agent		-1	-1	2	spoke	[1, 2]	['spoke', 'before']	42	83	148	148	148	148	200	296	296	296	-1	-1	5	0	0
3476	60	1	1	0	Agent	-1	Albert	1	Agent		-1	-1	2	spoke	[1, 2]	['spoke', 'before']	43	137	148	148	148	148	156	156	156	156	-1	-1	5	0	0
3477	60	4	2	1	Pivot	-1	Barbara	4	TPR	spoke	2	-3	5	had	[4]	['had']	1	93	180	180	180	180	220	220	220	220	-1	-3	3	0	0
3478	60	4	2	1	Pivot	-1	Barbara	4	TPR	spoke	2	-3	5	had	[4]	['had']	2	94	0	0	0	0	260	260	260	260	-1	-3	3	1	0
3480	60	4	2	1	Pivot	-1	Barbara	4	TPR	spoke	2	-3	5	had	[4]	['had']	4	18	0	0	0	0	228	228	228	228	-1	-3	3	1	0
3488	60	4	2	1	Pivot	-1	Barbara	4	TPR	spoke	2	-3	5	had	[4]	['had']	13	189	0	0	0	0	324	324	324	324	-1	-3	3	1	0
3489	60	4	2	1	Pivot	-1	Barbara	4	TPR	spoke	2	-3	5	had	[4]	['had']	14	20	0	0	0	0	156	156	364	484	-1	-3	3	1	0
3491	60	4	2	1	Pivot	-1	Barbara	4	TPR	spoke	2	-3	5	had	[4]	['had']	16	159	0	0	0	0	240	240	240	240	-1	-3	3	1	0
3492	60	4	2	1	Pivot	-1	Barbara	4	TPR	spoke	2	-3	5	had	[4]	['had']	18	170	0	0	0	0	244	244	244	244	-1	-3	3	1	0
3493	60	4	2	1	Pivot	-1	Barbara	4	TPR	spoke	2	-3	5	had	[4]	['had']	19	118	0	0	0	0	208	208	208	208	-1	-3	3	1	0
3495	60	4	2	1	Pivot	-1	Barbara	4	TPR	spoke	2	-3	5	had	[4]	['had']	21	203	0	0	0	0	164	164	164	164	-1	-3	3	1	0
3497	60	4	2	1	Pivot	-1	Barbara	4	TPR	spoke	2	-3	5	had	[4]	['had']	23	114	0	0	0	0	200	200	200	336	-1	-3	3	1	0
3499	60	4	2	1	Pivot	-1	Barbara	4	TPR	spoke	2	-3	5	had	[4]	['had']	25	187	0	0	0	0	156	156	156	156	-1	-3	3	1	0
3500	60	4	2	1	Pivot	-1	Barbara	4	TPR	spoke	2	-3	5	had	[4]	['had']	27	177	0	0	0	0	324	324	324	324	-1	-3	3	1	0
3501	60	4	2	1	Pivot	-1	Barbara	4	TPR	spoke	2	-3	5	had	[4]	['had']	28	106	0	0	0	0	380	380	380	380	-1	-3	3	1	0
3505	60	4	2	1	Pivot	-1	Barbara	4	TPR	spoke	2	-3	5	had	[4]	['had']	32	25	88	88	88	88	240	240	240	240	-1	-3	3	0	0
3508	60	4	2	1	Pivot	-1	Barbara	4	TPR	spoke	2	-3	5	had	[4]	['had']	35	44	0	0	0	0	212	212	212	212	-1	-3	3	1	0
3511	60	4	2	1	Pivot	-1	Barbara	4	TPR	spoke	2	-3	5	had	[4]	['had']	38	25	0	0	0	0	224	224	224	224	-1	-3	3	1	0
3516	60	4	2	1	Pivot	-1	Barbara	4	TPR	spoke	2	-3	5	had	[4]	['had']	43	137	0	0	0	0	228	228	228	348	-1	-3	3	1	0
3517	61	1	1	2	Theme	-1		-1	Theme		-1	-1	1	Come	[0, 1]	['Come', 'within']	1	45	304	304	304	304	384	504	504	504	-1	-1	4	0	0
3518	61	1	1	2	Theme	-1		-1	Theme		-1	-1	1	Come	[0, 1]	['Come', 'within']	2	204	212	212	212	212	164	164	164	164	-1	-1	4	0	0
3519	61	1	1	2	Theme	-1		-1	Theme		-1	-1	1	Come	[0, 1]	['Come', 'within']	3	141	420	420	420	420	236	400	400	1272	-1	-1	4	0	0
3520	61	1	1	2	Theme	-1		-1	Theme		-1	-1	1	Come	[0, 1]	['Come', 'within']	4	204	0	0	0	0	276	276	276	408	-1	-1	4	1	0
3521	61	1	1	2	Theme	-1		-1	Theme		-1	-1	1	Come	[0, 1]	['Come', 'within']	5	64	184	184	184	184	152	376	376	376	-1	-1	4	0	0
3522	61	1	1	2	Theme	-1		-1	Theme		-1	-1	1	Come	[0, 1]	['Come', 'within']	6	147	212	212	212	212	116	116	116	116	-1	-1	4	0	0
3523	61	1	1	2	Theme	-1		-1	Theme		-1	-1	1	Come	[0, 1]	['Come', 'within']	7	178	220	220	220	220	156	156	156	156	-1	-1	4	0	0
3524	61	1	1	2	Theme	-1		-1	Theme		-1	-1	1	Come	[0, 1]	['Come', 'within']	8	90	24	280	280	280	212	212	212	212	-1	-1	4	0	0
3526	61	1	1	2	Theme	-1		-1	Theme		-1	-1	1	Come	[0, 1]	['Come', 'within']	11	102	248	248	248	248	132	308	308	308	-1	-1	4	0	0
3527	61	1	1	2	Theme	-1		-1	Theme		-1	-1	1	Come	[0, 1]	['Come', 'within']	12	56	0	0	0	0	292	568	568	568	-1	-1	4	1	0
3528	61	1	1	2	Theme	-1		-1	Theme		-1	-1	1	Come	[0, 1]	['Come', 'within']	13	92	272	272	272	272	232	232	232	232	-1	-1	4	0	0
3529	61	1	1	2	Theme	-1		-1	Theme		-1	-1	1	Come	[0, 1]	['Come', 'within']	14	117	0	0	0	0	132	572	572	572	-1	-1	4	1	0
3531	61	1	1	2	Theme	-1		-1	Theme		-1	-1	1	Come	[0, 1]	['Come', 'within']	16	126	28	352	352	352	180	180	180	180	-1	-1	4	0	0
3532	61	1	1	2	Theme	-1		-1	Theme		-1	-1	1	Come	[0, 1]	['Come', 'within']	17	44	260	260	260	260	264	264	264	264	-1	-1	4	0	0
3534	61	1	1	2	Theme	-1		-1	Theme		-1	-1	1	Come	[0, 1]	['Come', 'within']	19	191	280	280	280	280	156	156	156	156	-1	-1	4	0	0
3536	61	1	1	2	Theme	-1		-1	Theme		-1	-1	1	Come	[0, 1]	['Come', 'within']	21	120	20	20	20	20	168	376	376	484	-1	-1	4	0	0
3538	61	1	1	2	Theme	-1		-1	Theme		-1	-1	1	Come	[0, 1]	['Come', 'within']	23	119	208	360	360	360	368	368	368	368	-1	-1	4	0	0
3539	61	1	1	2	Theme	-1		-1	Theme		-1	-1	1	Come	[0, 1]	['Come', 'within']	24	128	0	0	0	0	260	260	472	604	-1	-1	4	1	0
3540	61	1	1	2	Theme	-1		-1	Theme		-1	-1	1	Come	[0, 1]	['Come', 'within']	25	113	0	0	0	0	232	372	496	628	-1	-1	4	1	0
3541	61	1	1	2	Theme	-1		-1	Theme		-1	-1	1	Come	[0, 1]	['Come', 'within']	27	133	0	0	0	0	228	592	592	592	-1	-1	4	1	0
3543	61	1	1	2	Theme	-1		-1	Theme		-1	-1	1	Come	[0, 1]	['Come', 'within']	29	69	284	284	284	284	272	272	272	272	-1	-1	4	0	0
3544	61	1	1	2	Theme	-1		-1	Theme		-1	-1	1	Come	[0, 1]	['Come', 'within']	30	39	280	332	332	332	416	512	512	512	-1	-1	4	0	0
3545	61	1	1	2	Theme	-1		-1	Theme		-1	-1	1	Come	[0, 1]	['Come', 'within']	31	6	0	0	0	0	196	196	196	196	-1	-1	4	1	0
3546	61	1	1	2	Theme	-1		-1	Theme		-1	-1	1	Come	[0, 1]	['Come', 'within']	32	3	228	424	424	424	308	308	308	552	-1	-1	4	0	0
3547	61	1	1	2	Theme	-1		-1	Theme		-1	-1	1	Come	[0, 1]	['Come', 'within']	33	83	328	328	328	328	172	312	312	312	-1	-1	4	0	0
3548	61	1	1	2	Theme	-1		-1	Theme		-1	-1	1	Come	[0, 1]	['Come', 'within']	34	161	300	556	556	556	188	188	188	188	-1	-1	4	0	0
3549	61	1	1	2	Theme	-1		-1	Theme		-1	-1	1	Come	[0, 1]	['Come', 'within']	35	36	220	220	220	220	176	176	176	176	-1	-1	4	0	0
3551	61	1	1	2	Theme	-1		-1	Theme		-1	-1	1	Come	[0, 1]	['Come', 'within']	37	27	64	64	64	64	120	120	292	504	-1	-1	4	0	0
3552	61	1	1	2	Theme	-1		-1	Theme		-1	-1	1	Come	[0, 1]	['Come', 'within']	38	3	236	236	236	236	132	132	132	132	-1	-1	4	0	0
3553	61	1	1	2	Theme	-1		-1	Theme		-1	-1	1	Come	[0, 1]	['Come', 'within']	39	202	0	0	0	0	224	224	440	1032	-1	-1	4	1	0
3556	61	1	1	2	Theme	-1		-1	Theme		-1	-1	1	Come	[0, 1]	['Come', 'within']	42	3	264	264	264	264	200	296	296	296	-1	-1	4	0	0
3558	61	3	1	1	Theme	-3		-1	Theme		-1	-3	6	escape	[5]	['escape']	1	45	204	204	204	340	232	232	232	232	-3	-3	6	0	0
3564	61	3	1	1	Theme	-3		-1	Theme		-1	-3	6	escape	[5]	['escape']	7	178	0	0	0	0	148	148	712	1372	-3	-3	6	1	0
3566	61	3	1	1	Theme	-3		-1	Theme		-1	-3	6	escape	[5]	['escape']	10	187	188	188	188	188	160	160	160	160	-3	-3	6	0	0
3568	61	3	1	1	Theme	-3		-1	Theme		-1	-3	6	escape	[5]	['escape']	12	56	292	292	292	292	156	156	156	156	-3	-3	6	0	0
3571	61	3	1	1	Theme	-3		-1	Theme		-1	-3	6	escape	[5]	['escape']	15	145	152	152	152	152	128	128	128	788	-3	-3	6	0	0
3572	61	3	1	1	Theme	-3		-1	Theme		-1	-3	6	escape	[5]	['escape']	16	126	132	292	292	292	252	252	252	252	-3	-3	6	0	0
3574	61	3	1	1	Theme	-3		-1	Theme		-1	-3	6	escape	[5]	['escape']	18	5	0	0	0	0	184	184	184	184	-3	-3	6	1	0
3578	61	3	1	1	Theme	-3		-1	Theme		-1	-3	6	escape	[5]	['escape']	22	46	352	352	352	352	200	200	200	200	-3	-3	6	0	0
3579	61	3	1	1	Theme	-3		-1	Theme		-1	-3	6	escape	[5]	['escape']	23	119	268	416	416	416	160	160	160	1280	-3	-3	6	0	0
3585	61	3	1	1	Theme	-3		-1	Theme		-1	-3	6	escape	[5]	['escape']	30	39	268	268	268	268	576	576	1176	1808	-3	-3	6	0	0
3592	61	3	1	1	Theme	-3		-1	Theme		-1	-3	6	escape	[5]	['escape']	37	27	132	132	132	132	232	232	232	232	-3	-3	6	0	0
3596	61	3	1	1	Theme	-3		-1	Theme		-1	-3	6	escape	[5]	['escape']	41	36	0	0	0	0	236	236	236	1276	-3	-3	6	1	0
3599	62	1	1	2	Agent	-1		-1	Agent		-1	-1	1	Follow	[0]	['Follow']	1	190	144	412	412	412	204	204	204	204	-1	-1	6	0	0
3601	62	1	1	2	Agent	-1		-1	Agent		-1	-1	1	Follow	[0]	['Follow']	3	24	228	360	360	360	320	320	320	320	-1	-1	6	0	0
3604	62	1	1	2	Agent	-1		-1	Agent		-1	-1	1	Follow	[0]	['Follow']	6	201	0	0	0	0	236	236	236	236	-1	-1	6	1	0
3607	62	1	1	2	Agent	-1		-1	Agent		-1	-1	1	Follow	[0]	['Follow']	9	2	0	0	0	0	288	288	288	420	-1	-1	6	1	0
3609	62	1	1	2	Agent	-1		-1	Agent		-1	-1	1	Follow	[0]	['Follow']	11	195	280	440	440	440	152	152	152	152	-1	-1	6	0	0
3611	62	1	1	2	Agent	-1		-1	Agent		-1	-1	1	Follow	[0]	['Follow']	13	111	308	308	308	308	304	304	304	304	-1	-1	6	0	0
3614	62	1	1	2	Agent	-1		-1	Agent		-1	-1	1	Follow	[0]	['Follow']	16	123	272	452	452	452	188	188	188	188	-1	-1	6	0	0
3615	62	1	1	2	Agent	-1		-1	Agent		-1	-1	1	Follow	[0]	['Follow']	17	14	80	80	80	80	212	212	212	356	-1	-1	6	0	0
3617	62	1	1	2	Agent	-1		-1	Agent		-1	-1	1	Follow	[0]	['Follow']	19	99	272	272	272	272	64	64	64	64	-1	-1	6	0	0
3620	62	1	1	2	Agent	-1		-1	Agent		-1	-1	1	Follow	[0]	['Follow']	22	91	144	336	336	336	200	200	200	200	-1	-1	6	0	0
3621	62	1	1	2	Agent	-1		-1	Agent		-1	-1	1	Follow	[0]	['Follow']	23	65	316	316	316	316	220	220	220	220	-1	-1	6	0	0
3625	62	1	1	2	Agent	-1		-1	Agent		-1	-1	1	Follow	[0]	['Follow']	28	119	128	128	128	320	256	256	256	256	-1	-1	6	0	0
3627	62	1	1	2	Agent	-1		-1	Agent		-1	-1	1	Follow	[0]	['Follow']	30	13	308	308	308	308	292	292	292	368	-1	-1	6	0	0
3629	62	1	1	2	Agent	-1		-1	Agent		-1	-1	1	Follow	[0]	['Follow']	32	51	224	424	424	424	120	148	148	148	-1	-1	6	0	0
3630	62	1	1	2	Agent	-1		-1	Agent		-1	-1	1	Follow	[0]	['Follow']	33	159	308	308	308	308	340	340	340	340	-1	-1	6	0	0
3636	62	1	1	2	Agent	-1		-1	Agent		-1	-1	1	Follow	[0]	['Follow']	39	63	0	0	0	0	120	120	120	120	-1	-1	6	1	0
3641	62	5	1	1	Agent	-1		-1	Agent		-1	-1	5	watch	[4, 5]	['watch', 'for']	1	190	236	236	236	236	340	340	340	340	-1	-1	5	0	0
3643	62	5	1	1	Agent	-1		-1	Agent		-1	-1	5	watch	[4, 5]	['watch', 'for']	3	24	184	184	184	184	408	408	408	408	-1	-1	5	0	0
3646	62	5	1	1	Agent	-1		-1	Agent		-1	-1	5	watch	[4, 5]	['watch', 'for']	6	201	0	0	0	0	160	160	160	160	-1	-1	5	1	0
3647	62	5	1	1	Agent	-1		-1	Agent		-1	-1	5	watch	[4, 5]	['watch', 'for']	7	7	0	0	0	0	152	152	152	152	-1	-1	5	1	0
3650	62	5	1	1	Agent	-1		-1	Agent		-1	-1	5	watch	[4, 5]	['watch', 'for']	10	169	192	192	192	192	156	156	156	156	-1	-1	5	0	0
3651	62	5	1	1	Agent	-1		-1	Agent		-1	-1	5	watch	[4, 5]	['watch', 'for']	11	195	140	140	140	140	180	180	180	180	-1	-1	5	0	0
3656	62	5	1	1	Agent	-1		-1	Agent		-1	-1	5	watch	[4, 5]	['watch', 'for']	16	123	168	168	168	168	160	160	160	160	-1	-1	5	0	0
3659	62	5	1	1	Agent	-1		-1	Agent		-1	-1	5	watch	[4, 5]	['watch', 'for']	19	99	0	0	0	0	172	172	172	172	-1	-1	5	1	0
3660	62	5	1	1	Agent	-1		-1	Agent		-1	-1	5	watch	[4, 5]	['watch', 'for']	20	52	0	0	0	0	136	136	136	136	-1	-1	5	1	0
3663	62	5	1	1	Agent	-1		-1	Agent		-1	-1	5	watch	[4, 5]	['watch', 'for']	23	65	164	164	164	164	164	164	164	164	-1	-1	5	0	0
3667	62	5	1	1	Agent	-1		-1	Agent		-1	-1	5	watch	[4, 5]	['watch', 'for']	28	119	256	256	256	256	144	144	144	144	-1	-1	5	0	0
3668	62	5	1	1	Agent	-1		-1	Agent		-1	-1	5	watch	[4, 5]	['watch', 'for']	29	182	160	160	160	160	156	156	156	156	-1	-1	5	0	0
3671	62	5	1	1	Agent	-1		-1	Agent		-1	-1	5	watch	[4, 5]	['watch', 'for']	32	51	272	272	272	272	476	476	476	476	-1	-1	5	0	0
3678	62	5	1	1	Agent	-1		-1	Agent		-1	-1	5	watch	[4, 5]	['watch', 'for']	39	63	0	0	0	0	180	180	180	180	-1	-1	5	1	0
3680	62	5	1	1	Agent	-1		-1	Agent		-1	-1	5	watch	[4, 5]	['watch', 'for']	41	12	236	236	236	236	76	76	76	76	-1	-1	5	0	0
3683	63	1	1	0	Agent	-1	He	1	Agent		-1	-1	2	called	[1, 2]	['called', 'out']	1	152	0	0	0	0	168	168	168	168	-1	-1	6	1	0
3685	63	1	1	0	Agent	-1	He	1	Agent		-1	-1	2	called	[1, 2]	['called', 'out']	3	85	356	484	484	484	184	256	256	256	-1	-1	6	0	0
3686	63	1	1	0	Agent	-1	He	1	Agent		-1	-1	2	called	[1, 2]	['called', 'out']	4	47	364	544	544	544	156	156	156	156	-1	-1	6	0	0
3687	63	1	1	0	Agent	-1	He	1	Agent		-1	-1	2	called	[1, 2]	['called', 'out']	5	117	0	0	0	0	264	264	264	560	-1	-1	6	1	0
3689	63	1	1	0	Agent	-1	He	1	Agent		-1	-1	2	called	[1, 2]	['called', 'out']	7	76	0	0	0	0	168	168	168	168	-1	-1	6	1	0
3690	63	1	1	0	Agent	-1	He	1	Agent		-1	-1	2	called	[1, 2]	['called', 'out']	8	16	196	196	196	196	172	172	172	172	-1	-1	6	0	0
3691	63	1	1	0	Agent	-1	He	1	Agent		-1	-1	2	called	[1, 2]	['called', 'out']	10	22	328	328	328	328	196	196	196	196	-1	-1	6	0	0
3692	63	1	1	0	Agent	-1	He	1	Agent		-1	-1	2	called	[1, 2]	['called', 'out']	11	32	136	136	136	136	164	164	164	164	-1	-1	6	0	0
3693	63	1	1	0	Agent	-1	He	1	Agent		-1	-1	2	called	[1, 2]	['called', 'out']	12	186	0	0	0	0	244	244	244	424	-1	-1	6	1	0
3694	63	1	1	0	Agent	-1	He	1	Agent		-1	-1	2	called	[1, 2]	['called', 'out']	13	105	244	244	244	244	160	160	160	160	-1	-1	6	0	0
3695	63	1	1	0	Agent	-1	He	1	Agent		-1	-1	2	called	[1, 2]	['called', 'out']	14	172	260	336	336	336	188	188	188	188	-1	-1	6	0	0
3697	63	1	1	0	Agent	-1	He	1	Agent		-1	-1	2	called	[1, 2]	['called', 'out']	16	99	264	264	404	504	156	156	156	156	-1	-1	6	0	0
3700	63	1	1	0	Agent	-1	He	1	Agent		-1	-1	2	called	[1, 2]	['called', 'out']	19	103	280	368	368	368	188	188	188	188	-1	-1	6	0	0
3703	63	1	1	0	Agent	-1	He	1	Agent		-1	-1	2	called	[1, 2]	['called', 'out']	22	69	172	172	172	172	208	208	208	208	-1	-1	6	0	0
3704	63	1	1	0	Agent	-1	He	1	Agent		-1	-1	2	called	[1, 2]	['called', 'out']	23	2	208	208	208	208	220	220	424	740	-1	-1	6	0	0
3705	63	1	1	0	Agent	-1	He	1	Agent		-1	-1	2	called	[1, 2]	['called', 'out']	24	118	160	160	160	160	240	240	240	240	-1	-1	6	0	0
3706	63	1	1	0	Agent	-1	He	1	Agent		-1	-1	2	called	[1, 2]	['called', 'out']	25	106	264	264	264	264	280	408	408	408	-1	-1	6	0	0
3707	63	1	1	0	Agent	-1	He	1	Agent		-1	-1	2	called	[1, 2]	['called', 'out']	27	149	384	384	384	384	296	296	296	296	-1	-1	6	0	0
3708	63	1	1	0	Agent	-1	He	1	Agent		-1	-1	2	called	[1, 2]	['called', 'out']	28	97	172	172	172	172	240	240	240	240	-1	-1	6	0	0
3710	63	1	1	0	Agent	-1	He	1	Agent		-1	-1	2	called	[1, 2]	['called', 'out']	30	135	324	728	728	728	260	260	260	260	-1	-1	6	0	0
3712	63	1	1	0	Agent	-1	He	1	Agent		-1	-1	2	called	[1, 2]	['called', 'out']	32	77	216	216	216	216	244	244	244	244	-1	-1	6	0	0
3713	63	1	1	0	Agent	-1	He	1	Agent		-1	-1	2	called	[1, 2]	['called', 'out']	33	160	0	0	0	0	204	204	204	204	-1	-1	6	1	0
3714	63	1	1	0	Agent	-1	He	1	Agent		-1	-1	2	called	[1, 2]	['called', 'out']	34	126	164	164	164	164	160	160	160	160	-1	-1	6	0	0
3716	63	1	1	0	Agent	-1	He	1	Agent		-1	-1	2	called	[1, 2]	['called', 'out']	36	122	0	0	0	0	200	200	200	200	-1	-1	6	1	0
3717	63	1	1	0	Agent	-1	He	1	Agent		-1	-1	2	called	[1, 2]	['called', 'out']	37	170	252	252	252	252	184	184	184	184	-1	-1	6	0	0
3765	64	1	1	0	Agent	-1	He	1	Agent		-1	-1	2	sat	[1, 2, 3]	['sat', 'down', 'and']	1	54	120	120	120	120	112	112	112	112	-1	-1	3	0	0
3767	64	1	1	0	Agent	-1	He	1	Agent		-1	-1	2	sat	[1, 2, 3]	['sat', 'down', 'and']	3	12	276	420	420	420	120	276	276	276	-1	-1	3	0	0
3769	64	1	1	0	Agent	-1	He	1	Agent		-1	-1	2	sat	[1, 2, 3]	['sat', 'down', 'and']	5	69	0	0	0	0	160	384	384	384	-1	-1	3	1	0
3770	64	1	1	0	Agent	-1	He	1	Agent		-1	-1	2	sat	[1, 2, 3]	['sat', 'down', 'and']	6	136	248	248	248	248	128	128	128	128	-1	-1	3	0	0
3771	64	1	1	0	Agent	-1	He	1	Agent		-1	-1	2	sat	[1, 2, 3]	['sat', 'down', 'and']	7	198	0	0	0	0	132	132	132	132	-1	-1	3	1	0
3772	64	1	1	0	Agent	-1	He	1	Agent		-1	-1	2	sat	[1, 2, 3]	['sat', 'down', 'and']	8	190	0	0	0	0	260	260	348	472	-1	-1	3	1	0
3774	64	1	1	0	Agent	-1	He	1	Agent		-1	-1	2	sat	[1, 2, 3]	['sat', 'down', 'and']	11	132	260	400	400	400	152	152	152	152	-1	-1	3	0	0
3775	64	1	1	0	Agent	-1	He	1	Agent		-1	-1	2	sat	[1, 2, 3]	['sat', 'down', 'and']	12	133	0	0	0	0	112	112	112	112	-1	-1	3	1	0
3776	64	1	1	0	Agent	-1	He	1	Agent		-1	-1	2	sat	[1, 2, 3]	['sat', 'down', 'and']	13	63	248	248	248	248	164	164	164	164	-1	-1	3	0	0
3777	64	1	1	0	Agent	-1	He	1	Agent		-1	-1	2	sat	[1, 2, 3]	['sat', 'down', 'and']	14	59	340	340	340	340	156	156	156	156	-1	-1	3	0	0
3779	64	1	1	0	Agent	-1	He	1	Agent		-1	-1	2	sat	[1, 2, 3]	['sat', 'down', 'and']	16	173	0	0	0	0	164	304	304	304	-1	-1	3	1	0
3782	64	1	1	0	Agent	-1	He	1	Agent		-1	-1	2	sat	[1, 2, 3]	['sat', 'down', 'and']	19	144	0	0	0	0	176	312	312	312	-1	-1	3	1	0
3783	64	1	1	0	Agent	-1	He	1	Agent		-1	-1	2	sat	[1, 2, 3]	['sat', 'down', 'and']	20	136	136	240	240	240	216	216	216	216	-1	-1	3	0	0
3784	64	1	1	0	Agent	-1	He	1	Agent		-1	-1	2	sat	[1, 2, 3]	['sat', 'down', 'and']	21	142	244	244	244	244	284	284	464	584	-1	-1	3	0	0
3786	64	1	1	0	Agent	-1	He	1	Agent		-1	-1	2	sat	[1, 2, 3]	['sat', 'down', 'and']	23	78	288	744	744	744	128	128	128	128	-1	-1	3	0	0
3788	64	1	1	0	Agent	-1	He	1	Agent		-1	-1	2	sat	[1, 2, 3]	['sat', 'down', 'and']	25	57	124	276	276	276	160	160	160	160	-1	-1	3	0	0
3791	64	1	1	0	Agent	-1	He	1	Agent		-1	-1	2	sat	[1, 2, 3]	['sat', 'down', 'and']	29	159	284	284	284	284	152	152	152	152	-1	-1	3	0	0
3792	64	1	1	0	Agent	-1	He	1	Agent		-1	-1	2	sat	[1, 2, 3]	['sat', 'down', 'and']	30	83	260	528	528	528	696	696	696	696	-1	-1	3	0	0
3793	64	1	1	0	Agent	-1	He	1	Agent		-1	-1	2	sat	[1, 2, 3]	['sat', 'down', 'and']	31	37	0	0	0	0	176	176	176	176	-1	-1	3	1	0
3794	64	1	1	0	Agent	-1	He	1	Agent		-1	-1	2	sat	[1, 2, 3]	['sat', 'down', 'and']	32	54	272	272	272	272	212	212	212	212	-1	-1	3	0	0
3795	64	1	1	0	Agent	-1	He	1	Agent		-1	-1	2	sat	[1, 2, 3]	['sat', 'down', 'and']	33	163	72	96	96	96	220	220	220	220	-1	-1	3	0	0
3797	64	1	1	0	Agent	-1	He	1	Agent		-1	-1	2	sat	[1, 2, 3]	['sat', 'down', 'and']	35	108	0	0	0	0	172	172	172	172	-1	-1	3	1	0
3798	64	1	1	0	Agent	-1	He	1	Agent		-1	-1	2	sat	[1, 2, 3]	['sat', 'down', 'and']	36	192	0	0	0	0	172	172	172	172	-1	-1	3	1	0
3799	64	1	1	0	Agent	-1	He	1	Agent		-1	-1	2	sat	[1, 2, 3]	['sat', 'down', 'and']	37	63	136	300	300	300	120	120	120	120	-1	-1	3	0	0
3800	64	1	1	0	Agent	-1	He	1	Agent		-1	-1	2	sat	[1, 2, 3]	['sat', 'down', 'and']	38	22	296	296	296	296	188	188	188	188	-1	-1	3	0	0
3802	64	1	1	0	Agent	-1	He	1	Agent		-1	-1	2	sat	[1, 2, 3]	['sat', 'down', 'and']	40	26	0	0	0	0	228	228	376	696	-1	-1	3	1	0
3805	64	1	1	0	Agent	-1	He	1	Agent		-1	-1	2	sat	[1, 2, 3]	['sat', 'down', 'and']	43	46	252	252	252	380	144	144	144	144	-1	-1	3	0	0
3806	64	3	1	1	Agent	-3	He	1	Agent		-1	-3	5	began	[4, 5]	['began', 'to']	1	54	0	0	0	0	236	236	236	236	-3	-3	5	1	0
3808	64	3	1	1	Agent	-3	He	1	Agent		-1	-3	5	began	[4, 5]	['began', 'to']	3	12	148	148	148	148	176	176	176	176	-3	-3	5	0	0
3820	64	3	1	1	Agent	-3	He	1	Agent		-1	-3	5	began	[4, 5]	['began', 'to']	16	173	188	188	188	188	104	104	104	104	-3	-3	5	0	0
3829	64	3	1	1	Agent	-3	He	1	Agent		-1	-3	5	began	[4, 5]	['began', 'to']	25	57	132	132	132	132	116	116	116	116	-3	-3	5	0	0
3831	64	3	1	1	Agent	-3	He	1	Agent		-1	-3	5	began	[4, 5]	['began', 'to']	28	11	264	264	264	264	168	168	168	168	-3	-3	5	0	0
3833	64	3	1	1	Agent	-3	He	1	Agent		-1	-3	5	began	[4, 5]	['began', 'to']	30	83	284	284	284	284	304	944	944	944	-3	-3	5	0	0
3846	64	3	1	1	Agent	-3	He	1	Agent		-1	-3	5	began	[4, 5]	['began', 'to']	43	46	168	168	168	168	180	180	180	180	-3	-3	5	0	0
3847	64	5	1	1	Agent	-5	He	1	Agent		-1	-5	7	eat	[6]	['eat']	1	54	0	0	0	0	196	196	364	572	-5	-5	3	1	0
3848	64	5	1	1	Agent	-5	He	1	Agent		-1	-5	7	eat	[6]	['eat']	2	11	136	136	136	724	216	216	216	216	-5	-5	3	0	0
3849	64	5	1	1	Agent	-5	He	1	Agent		-1	-5	7	eat	[6]	['eat']	3	12	148	148	148	148	680	680	680	844	-5	-5	3	0	0
3850	64	5	1	1	Agent	-5	He	1	Agent		-1	-5	7	eat	[6]	['eat']	4	107	0	0	0	0	200	260	260	1332	-5	-5	3	1	0
3851	64	5	1	1	Agent	-5	He	1	Agent		-1	-5	7	eat	[6]	['eat']	5	69	156	156	156	156	136	136	136	3200	-5	-5	3	0	0
3852	64	5	1	1	Agent	-5	He	1	Agent		-1	-5	7	eat	[6]	['eat']	6	136	0	0	0	0	244	244	244	752	-5	-5	3	1	0
3853	64	5	1	1	Agent	-5	He	1	Agent		-1	-5	7	eat	[6]	['eat']	7	198	0	0	0	0	160	160	620	968	-5	-5	3	1	0
3854	64	5	1	1	Agent	-5	He	1	Agent		-1	-5	7	eat	[6]	['eat']	8	190	248	248	248	248	344	344	344	344	-5	-5	3	0	0
3855	64	5	1	1	Agent	-5	He	1	Agent		-1	-5	7	eat	[6]	['eat']	10	107	0	0	0	0	280	280	1052	1996	-5	-5	3	1	0
3856	64	5	1	1	Agent	-5	He	1	Agent		-1	-5	7	eat	[6]	['eat']	11	132	204	372	372	372	180	180	180	180	-5	-5	3	0	0
3857	64	5	1	1	Agent	-5	He	1	Agent		-1	-5	7	eat	[6]	['eat']	12	133	188	480	480	612	576	576	576	576	-5	-5	3	0	0
3858	64	5	1	1	Agent	-5	He	1	Agent		-1	-5	7	eat	[6]	['eat']	13	63	36	36	36	36	284	692	692	692	-5	-5	3	0	0
3859	64	5	1	1	Agent	-5	He	1	Agent		-1	-5	7	eat	[6]	['eat']	14	59	0	0	0	0	160	264	264	740	-5	-5	3	1	0
3860	64	5	1	1	Agent	-5	He	1	Agent		-1	-5	7	eat	[6]	['eat']	15	196	244	504	504	504	216	560	560	560	-5	-5	3	0	0
3861	64	5	1	1	Agent	-5	He	1	Agent		-1	-5	7	eat	[6]	['eat']	16	173	268	268	268	268	796	796	796	796	-5	-5	3	0	0
3862	64	5	1	1	Agent	-5	He	1	Agent		-1	-5	7	eat	[6]	['eat']	17	68	96	96	96	96	196	196	196	576	-5	-5	3	0	0
3863	64	5	1	1	Agent	-5	He	1	Agent		-1	-5	7	eat	[6]	['eat']	18	132	0	0	0	0	284	716	716	716	-5	-5	3	1	0
3864	64	5	1	1	Agent	-5	He	1	Agent		-1	-5	7	eat	[6]	['eat']	19	144	216	216	216	216	104	104	384	812	-5	-5	3	0	0
3865	64	5	1	1	Agent	-5	He	1	Agent		-1	-5	7	eat	[6]	['eat']	20	136	256	256	256	256	124	124	852	1492	-5	-5	3	0	0
3866	64	5	1	1	Agent	-5	He	1	Agent		-1	-5	7	eat	[6]	['eat']	21	142	0	0	0	0	120	120	120	436	-5	-5	3	1	0
3867	64	5	1	1	Agent	-5	He	1	Agent		-1	-5	7	eat	[6]	['eat']	22	20	396	396	396	396	960	960	960	960	-5	-5	3	0	0
3868	64	5	1	1	Agent	-5	He	1	Agent		-1	-5	7	eat	[6]	['eat']	23	78	244	244	244	244	244	928	928	928	-5	-5	3	0	0
3870	64	5	1	1	Agent	-5	He	1	Agent		-1	-5	7	eat	[6]	['eat']	25	57	0	0	0	0	196	196	532	688	-5	-5	3	1	0
3871	64	5	1	1	Agent	-5	He	1	Agent		-1	-5	7	eat	[6]	['eat']	27	125	176	324	324	324	404	404	404	404	-5	-5	3	0	0
3872	64	5	1	1	Agent	-5	He	1	Agent		-1	-5	7	eat	[6]	['eat']	28	11	168	168	168	168	116	116	940	1116	-5	-5	3	0	0
3873	64	5	1	1	Agent	-5	He	1	Agent		-1	-5	7	eat	[6]	['eat']	29	159	232	232	232	232	548	548	548	548	-5	-5	3	0	0
3875	64	5	1	1	Agent	-5	He	1	Agent		-1	-5	7	eat	[6]	['eat']	31	37	0	0	0	0	168	168	168	168	-5	-5	3	1	0
3876	64	5	1	1	Agent	-5	He	1	Agent		-1	-5	7	eat	[6]	['eat']	32	54	0	0	0	0	192	192	192	368	-5	-5	3	1	0
3877	64	5	1	1	Agent	-5	He	1	Agent		-1	-5	7	eat	[6]	['eat']	33	163	208	208	208	208	108	108	664	1564	-5	-5	3	0	0
3878	64	5	1	1	Agent	-5	He	1	Agent		-1	-5	7	eat	[6]	['eat']	34	77	176	176	176	176	212	212	212	212	-5	-5	3	0	0
3879	64	5	1	1	Agent	-5	He	1	Agent		-1	-5	7	eat	[6]	['eat']	35	108	160	160	160	160	384	384	384	384	-5	-5	3	0	0
3880	64	5	1	1	Agent	-5	He	1	Agent		-1	-5	7	eat	[6]	['eat']	36	192	0	0	0	0	248	248	248	616	-5	-5	3	1	0
3881	64	5	1	1	Agent	-5	He	1	Agent		-1	-5	7	eat	[6]	['eat']	37	63	212	212	212	212	108	108	108	108	-5	-5	3	0	0
3882	64	5	1	1	Agent	-5	He	1	Agent		-1	-5	7	eat	[6]	['eat']	38	22	296	296	296	296	244	244	472	504	-5	-5	3	0	0
3883	64	5	1	1	Agent	-5	He	1	Agent		-1	-5	7	eat	[6]	['eat']	39	175	136	136	136	136	164	164	164	164	-5	-5	3	0	0
3884	64	5	1	1	Agent	-5	He	1	Agent		-1	-5	7	eat	[6]	['eat']	40	26	168	304	304	304	272	724	724	724	-5	-5	3	0	0
3885	64	5	1	1	Agent	-5	He	1	Agent		-1	-5	7	eat	[6]	['eat']	41	174	0	0	0	0	256	256	256	1324	-5	-5	3	1	0
3886	64	5	1	1	Agent	-5	He	1	Agent		-1	-5	7	eat	[6]	['eat']	42	73	0	0	0	0	224	224	424	544	-5	-5	3	1	0
3887	64	5	1	1	Agent	-5	He	1	Agent		-1	-5	7	eat	[6]	['eat']	43	46	148	148	148	148	748	748	748	748	-5	-5	3	0	0
3888	65	1	1	2	Agent	-1	He	1	Agent		-1	-1	2	slammed	[1]	['slammed']	1	3	200	200	344	452	172	172	456	628	-1	-1	7	0	0
3890	65	1	1	2	Agent	-1	He	1	Agent		-1	-1	2	slammed	[1]	['slammed']	3	105	384	520	520	520	144	144	144	144	-1	-1	7	0	0
3896	65	1	1	2	Agent	-1	He	1	Agent		-1	-1	2	slammed	[1]	['slammed']	9	18	244	380	380	380	172	172	172	172	-1	-1	7	0	0
3897	65	1	1	2	Agent	-1	He	1	Agent		-1	-1	2	slammed	[1]	['slammed']	10	196	132	132	132	132	92	92	92	92	-1	-1	7	0	0
3898	65	1	1	2	Agent	-1	He	1	Agent		-1	-1	2	slammed	[1]	['slammed']	11	122	144	144	144	144	148	148	148	148	-1	-1	7	0	0
3900	65	1	1	2	Agent	-1	He	1	Agent		-1	-1	2	slammed	[1]	['slammed']	13	198	0	0	0	0	112	112	112	112	-1	-1	7	1	0
3901	65	1	1	2	Agent	-1	He	1	Agent		-1	-1	2	slammed	[1]	['slammed']	14	41	28	28	280	548	152	152	152	152	-1	-1	7	0	0
3904	65	1	1	2	Agent	-1	He	1	Agent		-1	-1	2	slammed	[1]	['slammed']	17	78	180	292	292	292	216	216	216	216	-1	-1	7	0	0
3905	65	1	1	2	Agent	-1	He	1	Agent		-1	-1	2	slammed	[1]	['slammed']	18	203	264	264	264	264	168	168	168	168	-1	-1	7	0	0
3906	65	1	1	2	Agent	-1	He	1	Agent		-1	-1	2	slammed	[1]	['slammed']	19	90	104	256	256	256	124	124	124	124	-1	-1	7	0	0
3909	65	1	1	2	Agent	-1	He	1	Agent		-1	-1	2	slammed	[1]	['slammed']	22	128	216	216	216	216	228	228	228	228	-1	-1	7	0	0
3911	65	1	1	2	Agent	-1	He	1	Agent		-1	-1	2	slammed	[1]	['slammed']	24	87	336	336	336	336	148	148	148	148	-1	-1	7	0	0
3912	65	1	1	2	Agent	-1	He	1	Agent		-1	-1	2	slammed	[1]	['slammed']	25	93	268	356	356	356	160	160	160	160	-1	-1	7	0	0
3913	65	1	1	2	Agent	-1	He	1	Agent		-1	-1	2	slammed	[1]	['slammed']	27	201	140	140	140	140	164	164	164	164	-1	-1	7	0	0
3914	65	1	1	2	Agent	-1	He	1	Agent		-1	-1	2	slammed	[1]	['slammed']	28	134	240	240	240	240	236	236	236	236	-1	-1	7	0	0
3915	65	1	1	2	Agent	-1	He	1	Agent		-1	-1	2	slammed	[1]	['slammed']	29	124	228	360	360	360	156	156	156	156	-1	-1	7	0	0
3916	65	1	1	2	Agent	-1	He	1	Agent		-1	-1	2	slammed	[1]	['slammed']	30	197	512	604	604	604	268	268	268	268	-1	-1	7	0	0
3919	65	1	1	2	Agent	-1	He	1	Agent		-1	-1	2	slammed	[1]	['slammed']	33	37	220	220	220	220	92	92	92	92	-1	-1	7	0	0
3921	65	1	1	2	Agent	-1	He	1	Agent		-1	-1	2	slammed	[1]	['slammed']	35	17	232	420	420	420	180	180	180	180	-1	-1	7	0	0
3930	66	1	1	1	Theme	-1	He	1	Theme		-1	-1	2	staggered	[1, 2]	['staggered', 'into']	1	100	284	284	672	780	416	416	416	416	-1	-1	9	0	0
3931	66	1	1	1	Theme	-1	He	1	Theme		-1	-1	2	staggered	[1, 2]	['staggered', 'into']	2	141	88	88	88	88	84	84	84	84	-1	-1	9	0	0
3932	66	1	1	1	Theme	-1	He	1	Theme		-1	-1	2	staggered	[1, 2]	['staggered', 'into']	3	44	228	732	732	732	204	204	204	204	-1	-1	9	0	0
3933	66	1	1	1	Theme	-1	He	1	Theme		-1	-1	2	staggered	[1, 2]	['staggered', 'into']	4	3	24	392	392	392	168	168	168	168	-1	-1	9	0	0
3934	66	1	1	1	Theme	-1	He	1	Theme		-1	-1	2	staggered	[1, 2]	['staggered', 'into']	5	158	216	216	216	216	236	236	236	236	-1	-1	9	0	0
3935	66	1	1	1	Theme	-1	He	1	Theme		-1	-1	2	staggered	[1, 2]	['staggered', 'into']	6	154	280	280	280	280	136	136	136	136	-1	-1	9	0	0
3936	66	1	1	1	Theme	-1	He	1	Theme		-1	-1	2	staggered	[1, 2]	['staggered', 'into']	7	17	136	136	136	136	152	152	152	152	-1	-1	9	0	0
3937	66	1	1	1	Theme	-1	He	1	Theme		-1	-1	2	staggered	[1, 2]	['staggered', 'into']	8	105	284	476	476	476	176	176	176	176	-1	-1	9	0	0
3938	66	1	1	1	Theme	-1	He	1	Theme		-1	-1	2	staggered	[1, 2]	['staggered', 'into']	10	157	336	336	336	336	168	324	324	324	-1	-1	9	0	0
3939	66	1	1	1	Theme	-1	He	1	Theme		-1	-1	2	staggered	[1, 2]	['staggered', 'into']	11	148	252	252	252	252	168	168	168	168	-1	-1	9	0	0
3940	66	1	1	1	Theme	-1	He	1	Theme		-1	-1	2	staggered	[1, 2]	['staggered', 'into']	12	66	280	524	524	524	196	196	196	196	-1	-1	9	0	0
3941	66	1	1	1	Theme	-1	He	1	Theme		-1	-1	2	staggered	[1, 2]	['staggered', 'into']	13	43	124	124	124	124	236	236	236	236	-1	-1	9	0	0
3942	66	1	1	1	Theme	-1	He	1	Theme		-1	-1	2	staggered	[1, 2]	['staggered', 'into']	14	17	24	520	520	520	196	196	196	196	-1	-1	9	0	0
3943	66	1	1	1	Theme	-1	He	1	Theme		-1	-1	2	staggered	[1, 2]	['staggered', 'into']	15	45	320	320	320	320	132	284	284	284	-1	-1	9	0	0
3944	66	1	1	1	Theme	-1	He	1	Theme		-1	-1	2	staggered	[1, 2]	['staggered', 'into']	16	201	248	388	388	388	192	192	192	192	-1	-1	9	0	0
3945	66	1	1	1	Theme	-1	He	1	Theme		-1	-1	2	staggered	[1, 2]	['staggered', 'into']	17	157	176	176	176	176	280	280	280	280	-1	-1	9	0	0
3947	66	1	1	1	Theme	-1	He	1	Theme		-1	-1	2	staggered	[1, 2]	['staggered', 'into']	19	174	176	176	176	176	212	212	212	212	-1	-1	9	0	0
3948	66	1	1	1	Theme	-1	He	1	Theme		-1	-1	2	staggered	[1, 2]	['staggered', 'into']	20	107	0	0	0	0	156	156	156	460	-1	-1	9	1	0
3950	66	1	1	1	Theme	-1	He	1	Theme		-1	-1	2	staggered	[1, 2]	['staggered', 'into']	22	144	272	892	892	892	184	184	184	184	-1	-1	9	0	0
3952	66	1	1	1	Theme	-1	He	1	Theme		-1	-1	2	staggered	[1, 2]	['staggered', 'into']	24	127	224	408	408	408	188	188	188	188	-1	-1	9	0	0
3953	66	1	1	1	Theme	-1	He	1	Theme		-1	-1	2	staggered	[1, 2]	['staggered', 'into']	25	116	252	340	340	340	164	164	376	908	-1	-1	9	0	0
3954	66	1	1	1	Theme	-1	He	1	Theme		-1	-1	2	staggered	[1, 2]	['staggered', 'into']	27	25	16	632	632	632	172	172	172	172	-1	-1	9	0	0
3955	66	1	1	1	Theme	-1	He	1	Theme		-1	-1	2	staggered	[1, 2]	['staggered', 'into']	28	52	284	504	504	504	248	248	248	248	-1	-1	9	0	0
3956	66	1	1	1	Theme	-1	He	1	Theme		-1	-1	2	staggered	[1, 2]	['staggered', 'into']	29	132	260	324	324	324	184	184	184	184	-1	-1	9	0	0
3957	66	1	1	1	Theme	-1	He	1	Theme		-1	-1	2	staggered	[1, 2]	['staggered', 'into']	30	101	204	612	612	612	212	212	212	212	-1	-1	9	0	0
3958	66	1	1	1	Theme	-1	He	1	Theme		-1	-1	2	staggered	[1, 2]	['staggered', 'into']	31	155	176	176	176	176	156	156	156	156	-1	-1	9	0	0
3959	66	1	1	1	Theme	-1	He	1	Theme		-1	-1	2	staggered	[1, 2]	['staggered', 'into']	32	114	216	472	472	472	272	272	272	272	-1	-1	9	0	0
3960	66	1	1	1	Theme	-1	He	1	Theme		-1	-1	2	staggered	[1, 2]	['staggered', 'into']	33	92	56	112	112	112	148	148	424	832	-1	-1	9	0	0
3961	66	1	1	1	Theme	-1	He	1	Theme		-1	-1	2	staggered	[1, 2]	['staggered', 'into']	34	155	356	356	356	356	156	304	304	304	-1	-1	9	0	0
3962	66	1	1	1	Theme	-1	He	1	Theme		-1	-1	2	staggered	[1, 2]	['staggered', 'into']	35	52	172	172	172	172	176	176	176	176	-1	-1	9	0	0
3964	66	1	1	1	Theme	-1	He	1	Theme		-1	-1	2	staggered	[1, 2]	['staggered', 'into']	37	143	52	312	312	312	192	192	192	192	-1	-1	9	0	0
3966	66	1	1	1	Theme	-1	He	1	Theme		-1	-1	2	staggered	[1, 2]	['staggered', 'into']	39	171	244	344	344	344	144	144	144	144	-1	-1	9	0	0
3967	66	1	1	1	Theme	-1	He	1	Theme		-1	-1	2	staggered	[1, 2]	['staggered', 'into']	40	36	104	412	412	412	176	176	176	176	-1	-1	9	0	0
3968	66	1	1	1	Theme	-1	He	1	Theme		-1	-1	2	staggered	[1, 2]	['staggered', 'into']	41	173	0	0	0	0	240	240	460	744	-1	-1	9	1	0
3970	66	1	1	1	Theme	-1	He	1	Theme		-1	-1	2	staggered	[1, 2]	['staggered', 'into']	43	156	276	412	412	412	224	224	464	684	-1	-1	9	0	0
3971	67	2	1	2	Agent	-2	I	1	Agent		-1	-2	4	spare	[3]	['spare']	1	164	148	284	284	284	252	408	408	408	-2	-2	5	0	0
3973	67	2	1	2	Agent	-2	I	1	Agent		-1	-2	4	spare	[3]	['spare']	3	147	116	384	384	384	200	200	200	200	-2	-2	5	0	0
3977	67	2	1	2	Agent	-2	I	1	Agent		-1	-2	4	spare	[3]	['spare']	7	103	232	232	232	340	112	112	112	112	-2	-2	5	0	0
3978	67	2	1	2	Agent	-2	I	1	Agent		-1	-2	4	spare	[3]	['spare']	8	124	152	152	152	152	148	148	148	148	-2	-2	5	0	0
3979	67	2	1	2	Agent	-2	I	1	Agent		-1	-2	4	spare	[3]	['spare']	10	27	136	136	136	136	168	168	168	168	-2	-2	5	0	0
3980	67	2	1	2	Agent	-2	I	1	Agent		-1	-2	4	spare	[3]	['spare']	11	100	156	156	156	156	144	144	144	144	-2	-2	5	0	0
3982	67	2	1	2	Agent	-2	I	1	Agent		-1	-2	4	spare	[3]	['spare']	13	17	0	0	0	0	160	160	160	160	-2	-2	5	1	0
3985	67	2	1	2	Agent	-2	I	1	Agent		-1	-2	4	spare	[3]	['spare']	16	182	132	132	132	132	188	188	188	188	-2	-2	5	0	0
3991	67	2	1	2	Agent	-2	I	1	Agent		-1	-2	4	spare	[3]	['spare']	23	57	224	224	224	224	196	196	196	196	-2	-2	5	0	0
3992	67	2	1	2	Agent	-2	I	1	Agent		-1	-2	4	spare	[3]	['spare']	24	158	196	196	196	196	180	180	180	180	-2	-2	5	0	0
3994	67	2	1	2	Agent	-2	I	1	Agent		-1	-2	4	spare	[3]	['spare']	27	24	236	236	236	236	208	208	208	208	-2	-2	5	0	0
3997	67	2	1	2	Agent	-2	I	1	Agent		-1	-2	4	spare	[3]	['spare']	30	181	244	244	244	244	260	260	260	260	-2	-2	5	0	0
3999	67	2	1	2	Agent	-2	I	1	Agent		-1	-2	4	spare	[3]	['spare']	32	121	216	216	216	216	196	196	196	196	-2	-2	5	0	0
4000	67	2	1	2	Agent	-2	I	1	Agent		-1	-2	4	spare	[3]	['spare']	33	149	168	168	168	168	220	220	220	220	-2	-2	5	0	0
4002	67	2	1	2	Agent	-2	I	1	Agent		-1	-2	4	spare	[3]	['spare']	35	122	232	260	376	616	152	152	152	152	-2	-2	5	0	0
4003	67	2	1	2	Agent	-2	I	1	Agent		-1	-2	4	spare	[3]	['spare']	36	95	244	244	244	420	172	172	172	172	-2	-2	5	0	0
4004	67	2	1	2	Agent	-2	I	1	Agent		-1	-2	4	spare	[3]	['spare']	37	44	200	200	200	200	132	132	132	132	-2	-2	5	0	0
4006	67	2	1	2	Agent	-2	I	1	Agent		-1	-2	4	spare	[3]	['spare']	39	114	0	0	0	0	184	184	184	184	-2	-2	5	1	0
4007	67	2	1	2	Agent	-2	I	1	Agent		-1	-2	4	spare	[3]	['spare']	40	63	156	156	156	156	180	180	180	180	-2	-2	5	0	0
4008	67	2	1	2	Agent	-2	I	1	Agent		-1	-2	4	spare	[3]	['spare']	41	161	100	100	100	100	140	140	408	1116	-2	-2	5	0	0
4010	67	2	1	2	Agent	-2	I	1	Agent		-1	-2	4	spare	[3]	['spare']	43	181	132	132	132	132	148	148	148	148	-2	-2	5	0	0
4011	68	1	1	0	Agent	-1	I	1	Agent		-1	-1	2	think	[1]	['think']	1	167	180	180	180	180	348	348	348	348	-1	-1	5	0	0
4012	68	1	1	0	Agent	-1	I	1	Agent		-1	-1	2	think	[1]	['think']	2	198	80	80	80	220	204	204	204	404	-1	-1	5	0	0
4013	68	1	1	0	Agent	-1	I	1	Agent		-1	-1	2	think	[1]	['think']	3	38	232	488	488	488	224	224	224	224	-1	-1	5	0	0
4014	68	1	1	0	Agent	-1	I	1	Agent		-1	-1	2	think	[1]	['think']	4	59	84	376	376	376	208	208	208	208	-1	-1	5	0	0
4015	68	1	1	0	Agent	-1	I	1	Agent		-1	-1	2	think	[1]	['think']	5	128	0	0	0	0	240	240	240	516	-1	-1	5	1	0
4017	68	1	1	0	Agent	-1	I	1	Agent		-1	-1	2	think	[1]	['think']	7	127	212	212	212	212	96	96	96	96	-1	-1	5	0	0
4018	68	1	1	0	Agent	-1	I	1	Agent		-1	-1	2	think	[1]	['think']	8	12	332	332	332	332	156	156	156	156	-1	-1	5	0	0
4019	68	1	1	0	Agent	-1	I	1	Agent		-1	-1	2	think	[1]	['think']	10	193	228	228	228	228	116	116	116	116	-1	-1	5	0	0
4020	68	1	1	0	Agent	-1	I	1	Agent		-1	-1	2	think	[1]	['think']	11	189	172	172	172	172	172	172	172	172	-1	-1	5	0	0
4022	68	1	1	0	Agent	-1	I	1	Agent		-1	-1	2	think	[1]	['think']	13	21	188	188	188	188	156	156	156	156	-1	-1	5	0	0
4023	68	1	1	0	Agent	-1	I	1	Agent		-1	-1	2	think	[1]	['think']	14	8	352	352	352	352	152	152	152	152	-1	-1	5	0	0
4025	68	1	1	0	Agent	-1	I	1	Agent		-1	-1	2	think	[1]	['think']	16	175	264	400	400	400	184	184	184	184	-1	-1	5	0	0
4028	68	1	1	0	Agent	-1	I	1	Agent		-1	-1	2	think	[1]	['think']	19	166	280	280	280	280	140	140	140	140	-1	-1	5	0	0
4030	68	1	1	0	Agent	-1	I	1	Agent		-1	-1	2	think	[1]	['think']	21	10	224	224	224	224	100	100	100	100	-1	-1	5	0	0
4031	68	1	1	0	Agent	-1	I	1	Agent		-1	-1	2	think	[1]	['think']	22	15	452	452	452	452	200	200	200	200	-1	-1	5	0	0
4032	68	1	1	0	Agent	-1	I	1	Agent		-1	-1	2	think	[1]	['think']	23	102	176	176	176	176	216	216	216	216	-1	-1	5	0	0
4033	68	1	1	0	Agent	-1	I	1	Agent		-1	-1	2	think	[1]	['think']	24	152	224	420	420	420	264	264	264	264	-1	-1	5	0	0
4034	68	1	1	0	Agent	-1	I	1	Agent		-1	-1	2	think	[1]	['think']	25	46	208	208	208	208	192	192	192	192	-1	-1	5	0	0
4035	68	1	1	0	Agent	-1	I	1	Agent		-1	-1	2	think	[1]	['think']	27	161	356	528	528	528	144	144	144	144	-1	-1	5	0	0
4037	68	1	1	0	Agent	-1	I	1	Agent		-1	-1	2	think	[1]	['think']	29	169	100	276	276	276	124	124	124	124	-1	-1	5	0	0
4038	68	1	1	0	Agent	-1	I	1	Agent		-1	-1	2	think	[1]	['think']	30	30	320	564	564	564	200	360	360	360	-1	-1	5	0	0
4041	68	1	1	0	Agent	-1	I	1	Agent		-1	-1	2	think	[1]	['think']	33	199	88	88	88	88	152	268	268	268	-1	-1	5	0	0
4042	68	1	1	0	Agent	-1	I	1	Agent		-1	-1	2	think	[1]	['think']	34	31	0	0	0	0	496	496	496	496	-1	-1	5	1	0
4044	68	1	1	0	Agent	-1	I	1	Agent		-1	-1	2	think	[1]	['think']	36	128	208	208	208	208	172	172	172	172	-1	-1	5	0	0
4045	68	1	1	0	Agent	-1	I	1	Agent		-1	-1	2	think	[1]	['think']	37	121	0	0	0	0	100	100	176	420	-1	-1	5	1	0
4046	68	1	1	0	Agent	-1	I	1	Agent		-1	-1	2	think	[1]	['think']	38	28	36	216	216	216	164	164	164	356	-1	-1	5	0	0
4047	68	1	1	0	Agent	-1	I	1	Agent		-1	-1	2	think	[1]	['think']	39	152	0	0	0	0	176	176	176	176	-1	-1	5	1	0
4049	68	1	1	0	Agent	-1	I	1	Agent		-1	-1	2	think	[1]	['think']	41	16	240	240	240	240	116	116	116	116	-1	-1	5	0	0
4050	68	1	1	0	Agent	-1	I	1	Agent		-1	-1	2	think	[1]	['think']	42	90	40	328	328	328	164	164	164	344	-1	-1	5	0	0
4052	68	7	1	1	Theme	-1	demands	5	Theme		-1	-1	6	are	[5]	['are']	1	167	392	392	392	392	168	168	168	500	-1	-1	3	0	0
4053	68	7	1	1	Theme	-1	demands	5	Theme		-1	-1	6	are	[5]	['are']	2	198	256	376	376	376	196	196	196	196	-1	-1	3	0	0
4054	68	7	1	1	Theme	-1	demands	5	Theme		-1	-1	6	are	[5]	['are']	3	38	140	536	536	536	240	264	264	264	-1	-1	3	0	0
4055	68	7	1	1	Theme	-1	demands	5	Theme		-1	-1	6	are	[5]	['are']	4	59	0	0	0	0	268	432	432	432	-1	-1	3	1	0
4056	68	7	1	1	Theme	-1	demands	5	Theme		-1	-1	6	are	[5]	['are']	5	128	0	0	0	0	300	300	300	800	-1	-1	3	1	0
4057	68	7	1	1	Theme	-1	demands	5	Theme		-1	-1	6	are	[5]	['are']	6	39	0	0	0	0	172	172	172	172	-1	-1	3	1	0
4059	68	7	1	1	Theme	-1	demands	5	Theme		-1	-1	6	are	[5]	['are']	8	12	0	0	0	0	192	328	328	328	-1	-1	3	1	0
4060	68	7	1	1	Theme	-1	demands	5	Theme		-1	-1	6	are	[5]	['are']	10	193	140	140	140	140	168	168	168	168	-1	-1	3	0	0
4061	68	7	1	1	Theme	-1	demands	5	Theme		-1	-1	6	are	[5]	['are']	11	189	144	144	144	144	200	200	200	200	-1	-1	3	0	0
4063	68	7	1	1	Theme	-1	demands	5	Theme		-1	-1	6	are	[5]	['are']	13	21	0	0	0	0	220	220	220	220	-1	-1	3	1	0
4064	68	7	1	1	Theme	-1	demands	5	Theme		-1	-1	6	are	[5]	['are']	14	8	0	0	0	0	216	216	216	344	-1	-1	3	1	0
4065	68	7	1	1	Theme	-1	demands	5	Theme		-1	-1	6	are	[5]	['are']	15	139	0	0	0	0	352	352	352	352	-1	-1	3	1	0
4066	68	7	1	1	Theme	-1	demands	5	Theme		-1	-1	6	are	[5]	['are']	16	175	176	176	176	176	176	176	176	176	-1	-1	3	0	0
4067	68	7	1	1	Theme	-1	demands	5	Theme		-1	-1	6	are	[5]	['are']	17	113	0	0	0	0	216	216	216	216	-1	-1	3	1	0
4068	68	7	1	1	Theme	-1	demands	5	Theme		-1	-1	6	are	[5]	['are']	18	61	0	0	0	0	184	184	184	184	-1	-1	3	1	0
4070	68	7	1	1	Theme	-1	demands	5	Theme		-1	-1	6	are	[5]	['are']	20	98	136	136	136	136	152	152	152	152	-1	-1	3	0	0
4072	68	7	1	1	Theme	-1	demands	5	Theme		-1	-1	6	are	[5]	['are']	22	15	232	232	232	232	232	232	232	232	-1	-1	3	0	0
4073	68	7	1	1	Theme	-1	demands	5	Theme		-1	-1	6	are	[5]	['are']	23	102	160	160	160	160	172	172	516	752	-1	-1	3	0	0
4074	68	7	1	1	Theme	-1	demands	5	Theme		-1	-1	6	are	[5]	['are']	24	152	0	0	0	0	192	192	192	192	-1	-1	3	1	0
4075	68	7	1	1	Theme	-1	demands	5	Theme		-1	-1	6	are	[5]	['are']	25	46	0	0	0	0	220	220	220	220	-1	-1	3	1	0
4076	68	7	1	1	Theme	-1	demands	5	Theme		-1	-1	6	are	[5]	['are']	27	161	240	240	240	240	232	232	232	232	-1	-1	3	0	0
4077	68	7	1	1	Theme	-1	demands	5	Theme		-1	-1	6	are	[5]	['are']	28	98	0	0	0	0	228	228	408	556	-1	-1	3	1	0
4078	68	7	1	1	Theme	-1	demands	5	Theme		-1	-1	6	are	[5]	['are']	29	169	172	172	172	172	156	156	156	156	-1	-1	3	0	0
4080	68	7	1	1	Theme	-1	demands	5	Theme		-1	-1	6	are	[5]	['are']	31	186	0	0	0	0	148	148	148	148	-1	-1	3	1	0
4082	68	7	1	1	Theme	-1	demands	5	Theme		-1	-1	6	are	[5]	['are']	33	199	196	196	196	196	168	168	256	416	-1	-1	3	0	0
4084	68	7	1	1	Theme	-1	demands	5	Theme		-1	-1	6	are	[5]	['are']	35	189	148	148	148	148	180	180	180	180	-1	-1	3	0	0
4086	68	7	1	1	Theme	-1	demands	5	Theme		-1	-1	6	are	[5]	['are']	37	121	192	192	192	192	224	224	224	224	-1	-1	3	0	0
4087	68	7	1	1	Theme	-1	demands	5	Theme		-1	-1	6	are	[5]	['are']	38	28	0	0	0	0	224	224	224	348	-1	-1	3	1	0
4088	68	7	1	1	Theme	-1	demands	5	Theme		-1	-1	6	are	[5]	['are']	39	152	0	0	0	0	176	176	176	176	-1	-1	3	1	0
4089	68	7	1	1	Theme	-1	demands	5	Theme		-1	-1	6	are	[5]	['are']	40	174	0	0	0	0	172	172	172	172	-1	-1	3	1	0
4090	68	7	1	1	Theme	-1	demands	5	Theme		-1	-1	6	are	[5]	['are']	41	16	0	0	0	0	160	528	528	528	-1	-1	3	1	0
4091	68	7	1	1	Theme	-1	demands	5	Theme		-1	-1	6	are	[5]	['are']	42	90	176	176	176	176	348	348	348	348	-1	-1	3	0	0
4092	68	7	1	1	Theme	-1	demands	5	Theme		-1	-1	6	are	[5]	['are']	43	117	0	0	0	0	160	412	412	496	-1	-1	3	1	0
4093	69	2	2	2	Participant	-1	us	2	Agent		-1	-2	3	leave	[2]	['leave']	1	181	172	172	172	172	176	176	176	176	-1	-2	5	0	0
4094	69	2	2	2	Participant	-1	us	2	Agent		-1	-2	3	leave	[2]	['leave']	2	61	112	192	336	752	168	168	168	168	-1	-2	5	0	0
4095	69	2	2	2	Participant	-1	us	2	Agent		-1	-2	3	leave	[2]	['leave']	3	63	168	348	348	348	140	304	304	304	-1	-2	5	0	0
4096	69	2	2	2	Participant	-1	us	2	Agent		-1	-2	3	leave	[2]	['leave']	4	4	160	160	160	160	220	364	364	364	-1	-2	5	0	0
4098	69	2	2	2	Participant	-1	us	2	Agent		-1	-2	3	leave	[2]	['leave']	6	88	244	244	244	364	168	168	168	168	-1	-2	5	0	0
4099	69	2	2	2	Participant	-1	us	2	Agent		-1	-2	3	leave	[2]	['leave']	7	135	208	368	368	604	152	268	268	268	-1	-2	5	0	0
4100	69	2	2	2	Participant	-1	us	2	Agent		-1	-2	3	leave	[2]	['leave']	8	174	164	164	164	164	176	176	176	176	-1	-2	5	0	0
4101	69	2	2	2	Participant	-1	us	2	Agent		-1	-2	3	leave	[2]	['leave']	10	148	128	224	224	224	164	164	164	164	-1	-2	5	0	0
4102	69	2	2	2	Participant	-1	us	2	Agent		-1	-2	3	leave	[2]	['leave']	11	46	148	148	148	148	236	236	236	236	-1	-2	5	0	0
4103	69	2	2	2	Participant	-1	us	2	Agent		-1	-2	3	leave	[2]	['leave']	12	38	0	0	0	0	316	316	316	316	-1	-2	5	1	0
4104	69	2	2	2	Participant	-1	us	2	Agent		-1	-2	3	leave	[2]	['leave']	13	41	116	116	116	116	200	200	200	200	-1	-2	5	0	0
4105	69	2	2	2	Participant	-1	us	2	Agent		-1	-2	3	leave	[2]	['leave']	14	141	220	220	220	220	224	224	224	224	-1	-2	5	0	0
4107	69	2	2	2	Participant	-1	us	2	Agent		-1	-2	3	leave	[2]	['leave']	16	32	228	356	356	356	160	256	256	256	-1	-2	5	0	0
4108	69	2	2	2	Participant	-1	us	2	Agent		-1	-2	3	leave	[2]	['leave']	17	139	136	136	136	136	144	144	144	144	-1	-2	5	0	0
4110	69	2	2	2	Participant	-1	us	2	Agent		-1	-2	3	leave	[2]	['leave']	19	173	160	160	160	160	220	220	220	220	-1	-2	5	0	0
4111	69	2	2	2	Participant	-1	us	2	Agent		-1	-2	3	leave	[2]	['leave']	20	63	140	140	140	140	172	172	172	172	-1	-2	5	0	0
4113	69	2	2	2	Participant	-1	us	2	Agent		-1	-2	3	leave	[2]	['leave']	22	33	0	0	0	0	212	212	432	1088	-1	-2	5	1	0
4114	69	2	2	2	Participant	-1	us	2	Agent		-1	-2	3	leave	[2]	['leave']	23	139	168	168	168	168	220	220	220	220	-1	-2	5	0	0
4115	69	2	2	2	Participant	-1	us	2	Agent		-1	-2	3	leave	[2]	['leave']	24	33	0	0	0	0	152	152	316	792	-1	-2	5	1	0
4117	69	2	2	2	Participant	-1	us	2	Agent		-1	-2	3	leave	[2]	['leave']	27	159	0	0	0	0	208	208	208	208	-1	-2	5	1	0
4118	69	2	2	2	Participant	-1	us	2	Agent		-1	-2	3	leave	[2]	['leave']	28	105	200	200	468	996	216	652	652	652	-1	-2	5	0	0
4120	69	2	2	2	Participant	-1	us	2	Agent		-1	-2	3	leave	[2]	['leave']	30	7	196	196	380	988	108	108	108	108	-1	-2	5	0	0
4121	69	2	2	2	Participant	-1	us	2	Agent		-1	-2	3	leave	[2]	['leave']	31	128	228	228	228	228	144	144	144	144	-1	-2	5	0	0
4122	69	2	2	2	Participant	-1	us	2	Agent		-1	-2	3	leave	[2]	['leave']	32	47	200	200	200	200	264	264	264	264	-1	-2	5	0	0
4123	69	2	2	2	Participant	-1	us	2	Agent		-1	-2	3	leave	[2]	['leave']	33	176	60	204	400	628	136	308	308	308	-1	-2	5	0	0
4124	69	2	2	2	Participant	-1	us	2	Agent		-1	-2	3	leave	[2]	['leave']	34	78	200	200	200	200	204	204	204	384	-1	-2	5	0	0
4125	69	2	2	2	Participant	-1	us	2	Agent		-1	-2	3	leave	[2]	['leave']	35	49	148	288	288	288	156	156	156	156	-1	-2	5	0	0
4126	69	2	2	2	Participant	-1	us	2	Agent		-1	-2	3	leave	[2]	['leave']	36	73	0	0	0	0	104	104	252	700	-1	-2	5	1	0
4127	69	2	2	2	Participant	-1	us	2	Agent		-1	-2	3	leave	[2]	['leave']	37	95	136	136	136	136	212	212	212	212	-1	-2	5	0	0
4130	69	2	2	2	Participant	-1	us	2	Agent		-1	-2	3	leave	[2]	['leave']	40	71	248	384	384	384	132	132	132	132	-1	-2	5	0	0
4131	69	2	2	2	Participant	-1	us	2	Agent		-1	-2	3	leave	[2]	['leave']	41	107	0	0	0	0	248	248	412	816	-1	-2	5	1	0
4132	69	2	2	2	Participant	-1	us	2	Agent		-1	-2	3	leave	[2]	['leave']	42	92	152	152	152	152	184	184	184	184	-1	-2	5	0	0
4133	69	2	2	2	Participant	-1	us	2	Agent		-1	-2	3	leave	[2]	['leave']	43	198	176	176	176	176	144	144	144	144	-1	-2	5	0	0
4134	70	1	1	1	Agent	-1	Walter	1	Agent		-1	-1	2	closed	[1]	['closed']	1	205	272	428	428	428	252	252	252	252	-1	-1	6	0	0
4136	70	1	1	1	Agent	-1	Walter	1	Agent		-1	-1	2	closed	[1]	['closed']	3	96	164	164	164	488	148	148	148	348	-1	-1	6	0	0
4140	70	1	1	1	Agent	-1	Walter	1	Agent		-1	-1	2	closed	[1]	['closed']	7	194	156	372	372	372	156	156	280	772	-1	-1	6	0	0
4142	70	1	1	1	Agent	-1	Walter	1	Agent		-1	-1	2	closed	[1]	['closed']	10	202	168	168	168	168	156	156	156	156	-1	-1	6	0	0
4144	70	1	1	1	Agent	-1	Walter	1	Agent		-1	-1	2	closed	[1]	['closed']	12	184	172	172	172	172	176	176	176	176	-1	-1	6	0	0
4145	70	1	1	1	Agent	-1	Walter	1	Agent		-1	-1	2	closed	[1]	['closed']	13	103	292	292	292	292	212	212	212	212	-1	-1	6	0	0
4146	70	1	1	1	Agent	-1	Walter	1	Agent		-1	-1	2	closed	[1]	['closed']	14	106	212	212	212	416	164	164	164	164	-1	-1	6	0	0
4148	70	1	1	1	Agent	-1	Walter	1	Agent		-1	-1	2	closed	[1]	['closed']	16	26	152	152	152	152	148	148	148	148	-1	-1	6	0	0
4151	70	1	1	1	Agent	-1	Walter	1	Agent		-1	-1	2	closed	[1]	['closed']	19	91	188	188	188	188	180	180	180	180	-1	-1	6	0	0
4153	70	1	1	1	Agent	-1	Walter	1	Agent		-1	-1	2	closed	[1]	['closed']	21	150	84	84	220	412	144	144	144	144	-1	-1	6	0	0
4155	70	1	1	1	Agent	-1	Walter	1	Agent		-1	-1	2	closed	[1]	['closed']	23	118	384	384	384	384	164	164	164	164	-1	-1	6	0	0
4156	70	1	1	1	Agent	-1	Walter	1	Agent		-1	-1	2	closed	[1]	['closed']	24	108	180	180	180	180	260	260	260	260	-1	-1	6	0	0
4158	70	1	1	1	Agent	-1	Walter	1	Agent		-1	-1	2	closed	[1]	['closed']	27	73	240	476	788	1068	204	204	204	204	-1	-1	6	0	0
4160	70	1	1	1	Agent	-1	Walter	1	Agent		-1	-1	2	closed	[1]	['closed']	29	75	0	0	0	0	76	76	76	708	-1	-1	6	1	0
4164	70	1	1	1	Agent	-1	Walter	1	Agent		-1	-1	2	closed	[1]	['closed']	33	162	148	148	400	696	228	228	228	228	-1	-1	6	0	0
4168	70	1	1	1	Agent	-1	Walter	1	Agent		-1	-1	2	closed	[1]	['closed']	37	35	36	36	200	656	156	156	156	156	-1	-1	6	0	0
4172	70	1	1	1	Agent	-1	Walter	1	Agent		-1	-1	2	closed	[1]	['closed']	41	154	240	240	240	460	264	264	264	416	-1	-1	6	0	0
4184	70	4	1	1	Agent	-4	Walter	1	Agent		-1	-4	6	took	[5]	['took']	11	71	136	136	136	136	140	140	140	140	-4	-4	4	0	0
4186	70	4	1	1	Agent	-4	Walter	1	Agent		-1	-4	6	took	[5]	['took']	13	103	0	0	0	0	288	288	288	572	-4	-4	4	1	0
4188	70	4	1	1	Agent	-4	Walter	1	Agent		-1	-4	6	took	[5]	['took']	15	132	376	376	376	540	572	572	572	572	-4	-4	4	0	0
4189	70	4	1	1	Agent	-4	Walter	1	Agent		-1	-4	6	took	[5]	['took']	16	26	260	260	260	260	136	136	136	136	-4	-4	4	0	0
4190	70	4	1	1	Agent	-4	Walter	1	Agent		-1	-4	6	took	[5]	['took']	17	127	0	0	0	0	356	356	812	1484	-4	-4	4	1	0
4193	70	4	1	1	Agent	-4	Walter	1	Agent		-1	-4	6	took	[5]	['took']	20	87	0	0	0	0	248	840	1244	1960	-4	-4	4	1	0
4194	70	4	1	1	Agent	-4	Walter	1	Agent		-1	-4	6	took	[5]	['took']	21	150	132	132	132	132	192	192	192	192	-4	-4	4	0	0
4206	70	4	1	1	Agent	-4	Walter	1	Agent		-1	-4	6	took	[5]	['took']	34	170	0	0	0	0	196	196	196	628	-4	-4	4	1	0
4214	70	4	1	1	Agent	-4	Walter	1	Agent		-1	-4	6	took	[5]	['took']	42	112	0	0	0	0	372	372	372	372	-4	-4	4	1	0
4215	70	4	1	1	Agent	-4	Walter	1	Agent		-1	-4	6	took	[5]	['took']	43	199	228	228	228	228	232	232	232	376	-4	-4	4	0	0
4216	71	1	1	0	Agent	-1	William	1	Agent		-1	-1	2	sat	[1, 2, 3]	['sat', 'down', 'and']	1	11	168	168	168	168	264	264	264	264	-1	-1	3	0	0
4217	71	1	1	0	Agent	-1	William	1	Agent		-1	-1	2	sat	[1, 2, 3]	['sat', 'down', 'and']	2	19	168	168	168	168	128	128	128	128	-1	-1	3	0	0
4218	71	1	1	0	Agent	-1	William	1	Agent		-1	-1	2	sat	[1, 2, 3]	['sat', 'down', 'and']	3	53	320	320	320	320	128	128	128	128	-1	-1	3	0	0
4219	71	1	1	0	Agent	-1	William	1	Agent		-1	-1	2	sat	[1, 2, 3]	['sat', 'down', 'and']	4	80	0	0	0	0	224	224	224	1744	-1	-1	3	1	0
4220	71	1	1	0	Agent	-1	William	1	Agent		-1	-1	2	sat	[1, 2, 3]	['sat', 'down', 'and']	5	204	340	340	340	516	192	192	192	192	-1	-1	3	0	0
4221	71	1	1	0	Agent	-1	William	1	Agent		-1	-1	2	sat	[1, 2, 3]	['sat', 'down', 'and']	6	45	0	0	0	0	148	148	148	148	-1	-1	3	1	0
4222	71	1	1	0	Agent	-1	William	1	Agent		-1	-1	2	sat	[1, 2, 3]	['sat', 'down', 'and']	7	9	96	96	96	96	172	172	172	172	-1	-1	3	0	0
4223	71	1	1	0	Agent	-1	William	1	Agent		-1	-1	2	sat	[1, 2, 3]	['sat', 'down', 'and']	8	120	164	164	164	164	128	128	128	128	-1	-1	3	0	0
4224	71	1	1	0	Agent	-1	William	1	Agent		-1	-1	2	sat	[1, 2, 3]	['sat', 'down', 'and']	10	56	168	168	168	168	116	116	116	116	-1	-1	3	0	0
4225	71	1	1	0	Agent	-1	William	1	Agent		-1	-1	2	sat	[1, 2, 3]	['sat', 'down', 'and']	11	182	160	160	160	160	164	164	164	164	-1	-1	3	0	0
4226	71	1	1	0	Agent	-1	William	1	Agent		-1	-1	2	sat	[1, 2, 3]	['sat', 'down', 'and']	12	156	0	0	0	0	172	172	292	712	-1	-1	3	1	0
4227	71	1	1	0	Agent	-1	William	1	Agent		-1	-1	2	sat	[1, 2, 3]	['sat', 'down', 'and']	13	64	232	232	232	232	196	196	196	196	-1	-1	3	0	0
4228	71	1	1	0	Agent	-1	William	1	Agent		-1	-1	2	sat	[1, 2, 3]	['sat', 'down', 'and']	14	109	232	232	436	580	128	128	128	128	-1	-1	3	0	0
4230	71	1	1	0	Agent	-1	William	1	Agent		-1	-1	2	sat	[1, 2, 3]	['sat', 'down', 'and']	16	164	200	200	200	200	156	328	328	328	-1	-1	3	0	0
4231	71	1	1	0	Agent	-1	William	1	Agent		-1	-1	2	sat	[1, 2, 3]	['sat', 'down', 'and']	18	36	0	0	0	0	208	208	208	320	-1	-1	3	1	0
4232	71	1	1	0	Agent	-1	William	1	Agent		-1	-1	2	sat	[1, 2, 3]	['sat', 'down', 'and']	19	97	148	148	148	148	124	124	124	124	-1	-1	3	0	0
4233	71	1	1	0	Agent	-1	William	1	Agent		-1	-1	2	sat	[1, 2, 3]	['sat', 'down', 'and']	20	138	0	0	0	0	160	160	160	160	-1	-1	3	1	0
4234	71	1	1	0	Agent	-1	William	1	Agent		-1	-1	2	sat	[1, 2, 3]	['sat', 'down', 'and']	21	118	0	0	0	0	140	140	140	140	-1	-1	3	1	0
4235	71	1	1	0	Agent	-1	William	1	Agent		-1	-1	2	sat	[1, 2, 3]	['sat', 'down', 'and']	22	17	292	292	292	292	140	140	140	140	-1	-1	3	0	0
4236	71	1	1	0	Agent	-1	William	1	Agent		-1	-1	2	sat	[1, 2, 3]	['sat', 'down', 'and']	23	23	192	192	192	192	240	240	240	240	-1	-1	3	0	0
4237	71	1	1	0	Agent	-1	William	1	Agent		-1	-1	2	sat	[1, 2, 3]	['sat', 'down', 'and']	24	57	0	0	0	0	188	188	188	188	-1	-1	3	1	0
4238	71	1	1	0	Agent	-1	William	1	Agent		-1	-1	2	sat	[1, 2, 3]	['sat', 'down', 'and']	25	130	160	160	160	160	172	172	172	172	-1	-1	3	0	0
4240	71	1	1	0	Agent	-1	William	1	Agent		-1	-1	2	sat	[1, 2, 3]	['sat', 'down', 'and']	28	197	136	136	136	136	228	376	376	376	-1	-1	3	0	0
4241	71	1	1	0	Agent	-1	William	1	Agent		-1	-1	2	sat	[1, 2, 3]	['sat', 'down', 'and']	29	205	236	236	428	540	116	116	116	116	-1	-1	3	0	0
4242	71	1	1	0	Agent	-1	William	1	Agent		-1	-1	2	sat	[1, 2, 3]	['sat', 'down', 'and']	30	26	240	240	240	240	372	372	372	372	-1	-1	3	0	0
4243	71	1	1	0	Agent	-1	William	1	Agent		-1	-1	2	sat	[1, 2, 3]	['sat', 'down', 'and']	31	160	0	0	0	0	272	272	272	272	-1	-1	3	1	0
4244	71	1	1	0	Agent	-1	William	1	Agent		-1	-1	2	sat	[1, 2, 3]	['sat', 'down', 'and']	32	73	256	256	256	256	224	224	224	224	-1	-1	3	0	0
4245	71	1	1	0	Agent	-1	William	1	Agent		-1	-1	2	sat	[1, 2, 3]	['sat', 'down', 'and']	33	126	92	92	92	216	64	64	64	64	-1	-1	3	0	0
4246	71	1	1	0	Agent	-1	William	1	Agent		-1	-1	2	sat	[1, 2, 3]	['sat', 'down', 'and']	34	59	164	164	164	164	284	284	284	284	-1	-1	3	0	0
4247	71	1	1	0	Agent	-1	William	1	Agent		-1	-1	2	sat	[1, 2, 3]	['sat', 'down', 'and']	35	139	136	136	136	136	200	200	200	200	-1	-1	3	0	0
4248	71	1	1	0	Agent	-1	William	1	Agent		-1	-1	2	sat	[1, 2, 3]	['sat', 'down', 'and']	36	89	0	0	0	0	208	208	208	208	-1	-1	3	1	0
4249	71	1	1	0	Agent	-1	William	1	Agent		-1	-1	2	sat	[1, 2, 3]	['sat', 'down', 'and']	37	172	172	172	172	172	156	156	156	156	-1	-1	3	0	0
4252	71	1	1	0	Agent	-1	William	1	Agent		-1	-1	2	sat	[1, 2, 3]	['sat', 'down', 'and']	40	3	200	304	304	304	152	152	152	152	-1	-1	3	0	0
4253	71	1	1	0	Agent	-1	William	1	Agent		-1	-1	2	sat	[1, 2, 3]	['sat', 'down', 'and']	41	170	0	0	0	0	228	228	372	716	-1	-1	3	1	0
4255	71	1	1	0	Agent	-1	William	1	Agent		-1	-1	2	sat	[1, 2, 3]	['sat', 'down', 'and']	43	44	132	132	132	132	140	140	140	140	-1	-1	3	0	0
4256	71	3	1	1	Agent	-3	William	1	Agent		-1	-3	5	tucked	[4, 5]	['tucked', 'into']	1	11	160	160	160	160	408	408	408	408	-3	-3	6	0	0
4258	71	3	1	1	Agent	-3	William	1	Agent		-1	-3	5	tucked	[4, 5]	['tucked', 'into']	3	53	188	188	188	188	196	196	196	196	-3	-3	6	0	0
4260	71	3	1	1	Agent	-3	William	1	Agent		-1	-3	5	tucked	[4, 5]	['tucked', 'into']	5	204	248	248	248	248	196	196	196	196	-3	-3	6	0	0
4263	71	3	1	1	Agent	-3	William	1	Agent		-1	-3	5	tucked	[4, 5]	['tucked', 'into']	8	120	192	192	192	192	236	236	236	236	-3	-3	6	0	0
4264	71	3	1	1	Agent	-3	William	1	Agent		-1	-3	5	tucked	[4, 5]	['tucked', 'into']	10	56	160	160	160	160	140	140	140	140	-3	-3	6	0	0
4265	71	3	1	1	Agent	-3	William	1	Agent		-1	-3	5	tucked	[4, 5]	['tucked', 'into']	11	182	168	168	168	168	140	140	140	140	-3	-3	6	0	0
4266	71	3	1	1	Agent	-3	William	1	Agent		-1	-3	5	tucked	[4, 5]	['tucked', 'into']	12	156	208	468	468	468	208	208	208	208	-3	-3	6	0	0
4267	71	3	1	1	Agent	-3	William	1	Agent		-1	-3	5	tucked	[4, 5]	['tucked', 'into']	13	64	160	160	160	160	116	116	116	116	-3	-3	6	0	0
4268	71	3	1	1	Agent	-3	William	1	Agent		-1	-3	5	tucked	[4, 5]	['tucked', 'into']	14	109	184	184	184	184	280	280	280	280	-3	-3	6	0	0
4269	71	3	1	1	Agent	-3	William	1	Agent		-1	-3	5	tucked	[4, 5]	['tucked', 'into']	15	46	0	0	0	0	208	208	208	208	-3	-3	6	1	0
4270	71	3	1	1	Agent	-3	William	1	Agent		-1	-3	5	tucked	[4, 5]	['tucked', 'into']	16	164	164	164	164	164	196	356	356	356	-3	-3	6	0	0
4272	71	3	1	1	Agent	-3	William	1	Agent		-1	-3	5	tucked	[4, 5]	['tucked', 'into']	19	97	152	152	152	152	260	260	260	388	-3	-3	6	0	0
4273	71	3	1	1	Agent	-3	William	1	Agent		-1	-3	5	tucked	[4, 5]	['tucked', 'into']	20	138	112	112	112	112	132	132	132	132	-3	-3	6	0	0
4274	71	3	1	1	Agent	-3	William	1	Agent		-1	-3	5	tucked	[4, 5]	['tucked', 'into']	21	118	124	124	124	124	168	168	168	168	-3	-3	6	0	0
4275	71	3	1	1	Agent	-3	William	1	Agent		-1	-3	5	tucked	[4, 5]	['tucked', 'into']	22	17	192	192	192	192	208	372	372	372	-3	-3	6	0	0
4276	71	3	1	1	Agent	-3	William	1	Agent		-1	-3	5	tucked	[4, 5]	['tucked', 'into']	23	23	164	396	396	396	216	244	428	1064	-3	-3	6	0	0
4277	71	3	1	1	Agent	-3	William	1	Agent		-1	-3	5	tucked	[4, 5]	['tucked', 'into']	24	57	128	128	128	128	188	188	188	188	-3	-3	6	0	0
4279	71	3	1	1	Agent	-3	William	1	Agent		-1	-3	5	tucked	[4, 5]	['tucked', 'into']	27	118	148	148	148	148	192	192	340	520	-3	-3	6	0	0
4280	71	3	1	1	Agent	-3	William	1	Agent		-1	-3	5	tucked	[4, 5]	['tucked', 'into']	28	197	244	388	388	388	344	344	344	344	-3	-3	6	0	0
4281	71	3	1	1	Agent	-3	William	1	Agent		-1	-3	5	tucked	[4, 5]	['tucked', 'into']	29	205	232	232	232	232	180	180	180	180	-3	-3	6	0	0
4282	71	3	1	1	Agent	-3	William	1	Agent		-1	-3	5	tucked	[4, 5]	['tucked', 'into']	30	26	132	132	132	132	216	280	280	280	-3	-3	6	0	0
4284	71	3	1	1	Agent	-3	William	1	Agent		-1	-3	5	tucked	[4, 5]	['tucked', 'into']	32	73	180	328	328	328	228	228	228	228	-3	-3	6	0	0
4285	71	3	1	1	Agent	-3	William	1	Agent		-1	-3	5	tucked	[4, 5]	['tucked', 'into']	33	126	116	240	240	240	172	172	172	172	-3	-3	6	0	0
4286	71	3	1	1	Agent	-3	William	1	Agent		-1	-3	5	tucked	[4, 5]	['tucked', 'into']	34	59	208	208	208	208	152	152	152	152	-3	-3	6	0	0
4289	71	3	1	1	Agent	-3	William	1	Agent		-1	-3	5	tucked	[4, 5]	['tucked', 'into']	37	172	176	176	176	176	200	200	200	200	-3	-3	6	0	0
4292	71	3	1	1	Agent	-3	William	1	Agent		-1	-3	5	tucked	[4, 5]	['tucked', 'into']	40	3	140	140	140	140	204	336	336	336	-3	-3	6	0	0
4294	71	3	1	1	Agent	-3	William	1	Agent		-1	-3	5	tucked	[4, 5]	['tucked', 'into']	42	29	0	0	0	0	228	228	492	1148	-3	-3	6	1	0
4295	71	3	1	1	Agent	-3	William	1	Agent		-1	-3	5	tucked	[4, 5]	['tucked', 'into']	43	44	76	76	76	76	212	212	212	212	-3	-3	6	0	0
4296	72	1	1	2	Agent	-1	Alec	1	Agent		-1	-1	2	stood	[1, 2]	['stood', 'against']	1	117	156	156	156	156	148	272	272	272	-1	-1	5	0	0
4297	72	1	1	2	Agent	-1	Alec	1	Agent		-1	-1	2	stood	[1, 2]	['stood', 'against']	2	187	212	376	376	376	232	232	232	232	-1	-1	5	0	0
4298	72	1	1	2	Agent	-1	Alec	1	Agent		-1	-1	2	stood	[1, 2]	['stood', 'against']	3	58	264	684	684	684	228	228	228	228	-1	-1	5	0	0
4299	72	1	1	2	Agent	-1	Alec	1	Agent		-1	-1	2	stood	[1, 2]	['stood', 'against']	4	67	192	192	192	192	36	204	204	204	-1	-1	5	0	0
4300	72	1	1	2	Agent	-1	Alec	1	Agent		-1	-1	2	stood	[1, 2]	['stood', 'against']	5	96	0	0	0	0	232	352	612	1040	-1	-1	5	1	0
4301	72	1	1	2	Agent	-1	Alec	1	Agent		-1	-1	2	stood	[1, 2]	['stood', 'against']	6	113	312	312	312	312	136	136	136	136	-1	-1	5	0	0
4302	72	1	1	2	Agent	-1	Alec	1	Agent		-1	-1	2	stood	[1, 2]	['stood', 'against']	7	179	64	64	64	64	156	156	156	204	-1	-1	5	0	0
4303	72	1	1	2	Agent	-1	Alec	1	Agent		-1	-1	2	stood	[1, 2]	['stood', 'against']	8	199	348	500	500	500	192	192	344	540	-1	-1	5	0	0
4304	72	1	1	2	Agent	-1	Alec	1	Agent		-1	-1	2	stood	[1, 2]	['stood', 'against']	9	31	164	164	164	164	172	172	172	172	-1	-1	5	0	0
4306	72	1	1	2	Agent	-1	Alec	1	Agent		-1	-1	2	stood	[1, 2]	['stood', 'against']	11	109	140	140	140	140	136	136	136	136	-1	-1	5	0	0
4307	72	1	1	2	Agent	-1	Alec	1	Agent		-1	-1	2	stood	[1, 2]	['stood', 'against']	12	200	0	0	0	0	196	196	312	1032	-1	-1	5	1	0
4308	72	1	1	2	Agent	-1	Alec	1	Agent		-1	-1	2	stood	[1, 2]	['stood', 'against']	13	154	416	416	416	416	196	196	196	196	-1	-1	5	0	0
4309	72	1	1	2	Agent	-1	Alec	1	Agent		-1	-1	2	stood	[1, 2]	['stood', 'against']	14	68	72	272	500	664	168	168	168	168	-1	-1	5	0	0
4310	72	1	1	2	Agent	-1	Alec	1	Agent		-1	-1	2	stood	[1, 2]	['stood', 'against']	15	137	200	200	200	200	36	36	36	36	-1	-1	5	0	0
4311	72	1	1	2	Agent	-1	Alec	1	Agent		-1	-1	2	stood	[1, 2]	['stood', 'against']	16	131	160	160	160	160	160	348	348	348	-1	-1	5	0	0
4312	72	1	1	2	Agent	-1	Alec	1	Agent		-1	-1	2	stood	[1, 2]	['stood', 'against']	17	128	172	172	172	172	204	204	204	204	-1	-1	5	0	0
4313	72	1	1	2	Agent	-1	Alec	1	Agent		-1	-1	2	stood	[1, 2]	['stood', 'against']	18	190	276	276	276	276	264	264	264	264	-1	-1	5	0	0
4314	72	1	1	2	Agent	-1	Alec	1	Agent		-1	-1	2	stood	[1, 2]	['stood', 'against']	19	158	168	168	168	168	128	244	244	244	-1	-1	5	0	0
4315	72	1	1	2	Agent	-1	Alec	1	Agent		-1	-1	2	stood	[1, 2]	['stood', 'against']	20	110	180	180	180	180	148	148	148	148	-1	-1	5	0	0
4316	72	1	1	2	Agent	-1	Alec	1	Agent		-1	-1	2	stood	[1, 2]	['stood', 'against']	21	138	0	0	0	0	224	224	372	504	-1	-1	5	1	0
4317	72	1	1	2	Agent	-1	Alec	1	Agent		-1	-1	2	stood	[1, 2]	['stood', 'against']	22	158	140	140	348	576	312	312	312	312	-1	-1	5	0	0
4318	72	1	1	2	Agent	-1	Alec	1	Agent		-1	-1	2	stood	[1, 2]	['stood', 'against']	23	107	224	540	540	540	252	460	460	460	-1	-1	5	0	0
4319	72	1	1	2	Agent	-1	Alec	1	Agent		-1	-1	2	stood	[1, 2]	['stood', 'against']	24	131	144	144	144	144	312	312	312	312	-1	-1	5	0	0
4320	72	1	1	2	Agent	-1	Alec	1	Agent		-1	-1	2	stood	[1, 2]	['stood', 'against']	25	81	148	588	1100	1412	200	200	200	200	-1	-1	5	0	0
4321	72	1	1	2	Agent	-1	Alec	1	Agent		-1	-1	2	stood	[1, 2]	['stood', 'against']	27	59	228	716	716	716	180	180	180	180	-1	-1	5	0	0
4322	72	1	1	2	Agent	-1	Alec	1	Agent		-1	-1	2	stood	[1, 2]	['stood', 'against']	28	178	456	456	456	456	204	204	204	204	-1	-1	5	0	0
4323	72	1	1	2	Agent	-1	Alec	1	Agent		-1	-1	2	stood	[1, 2]	['stood', 'against']	29	79	324	324	324	324	292	292	292	292	-1	-1	5	0	0
4324	72	1	1	2	Agent	-1	Alec	1	Agent		-1	-1	2	stood	[1, 2]	['stood', 'against']	30	141	212	692	692	692	176	176	176	176	-1	-1	5	0	0
4325	72	1	1	2	Agent	-1	Alec	1	Agent		-1	-1	2	stood	[1, 2]	['stood', 'against']	31	201	264	492	492	492	60	60	60	60	-1	-1	5	0	0
4326	72	1	1	2	Agent	-1	Alec	1	Agent		-1	-1	2	stood	[1, 2]	['stood', 'against']	32	91	232	232	232	232	280	280	280	280	-1	-1	5	0	0
4327	72	1	1	2	Agent	-1	Alec	1	Agent		-1	-1	2	stood	[1, 2]	['stood', 'against']	33	107	72	72	72	72	152	212	212	212	-1	-1	5	0	0
4328	72	1	1	2	Agent	-1	Alec	1	Agent		-1	-1	2	stood	[1, 2]	['stood', 'against']	34	102	196	196	196	196	184	184	184	184	-1	-1	5	0	0
4329	72	1	1	2	Agent	-1	Alec	1	Agent		-1	-1	2	stood	[1, 2]	['stood', 'against']	35	115	276	276	276	276	180	180	180	180	-1	-1	5	0	0
4330	72	1	1	2	Agent	-1	Alec	1	Agent		-1	-1	2	stood	[1, 2]	['stood', 'against']	36	180	0	0	0	0	228	228	228	228	-1	-1	5	1	0
4331	72	1	1	2	Agent	-1	Alec	1	Agent		-1	-1	2	stood	[1, 2]	['stood', 'against']	37	84	156	156	156	156	184	184	184	184	-1	-1	5	0	0
4332	72	1	1	2	Agent	-1	Alec	1	Agent		-1	-1	2	stood	[1, 2]	['stood', 'against']	38	123	248	248	896	1316	192	192	192	192	-1	-1	5	0	0
4334	72	1	1	2	Agent	-1	Alec	1	Agent		-1	-1	2	stood	[1, 2]	['stood', 'against']	40	46	236	236	456	992	248	248	248	248	-1	-1	5	0	0
4336	72	1	1	2	Agent	-1	Alec	1	Agent		-1	-1	2	stood	[1, 2]	['stood', 'against']	42	106	48	396	396	396	212	340	340	340	-1	-1	5	0	0
4337	72	1	1	2	Agent	-1	Alec	1	Agent		-1	-1	2	stood	[1, 2]	['stood', 'against']	43	205	96	96	96	96	164	164	164	164	-1	-1	5	0	0
4338	72	4	1	1	Agent	-4	Alec	1	Agent		-1	-4	7	steady	[6]	['steady']	1	117	252	496	496	496	176	272	272	272	-4	-4	6	0	0
4339	72	4	1	1	Agent	-4	Alec	1	Agent		-1	-4	7	steady	[6]	['steady']	2	187	176	176	176	176	224	224	224	224	-4	-4	6	0	0
4340	72	4	1	1	Agent	-4	Alec	1	Agent		-1	-4	7	steady	[6]	['steady']	3	58	144	144	496	680	336	336	336	472	-4	-4	6	0	0
4341	72	4	1	1	Agent	-4	Alec	1	Agent		-1	-4	7	steady	[6]	['steady']	4	67	396	396	396	396	240	240	240	240	-4	-4	6	0	0
4342	72	4	1	1	Agent	-4	Alec	1	Agent		-1	-4	7	steady	[6]	['steady']	5	96	196	196	196	196	204	204	204	1068	-4	-4	6	0	0
4344	72	4	1	1	Agent	-4	Alec	1	Agent		-1	-4	7	steady	[6]	['steady']	7	179	184	184	184	184	104	104	216	1400	-4	-4	6	0	0
4345	72	4	1	1	Agent	-4	Alec	1	Agent		-1	-4	7	steady	[6]	['steady']	8	199	212	212	212	212	276	672	672	672	-4	-4	6	0	0
4346	72	4	1	1	Agent	-4	Alec	1	Agent		-1	-4	7	steady	[6]	['steady']	9	31	88	240	240	240	240	240	240	1328	-4	-4	6	0	0
4347	72	4	1	1	Agent	-4	Alec	1	Agent		-1	-4	7	steady	[6]	['steady']	10	110	48	48	204	988	232	232	232	944	-4	-4	6	0	0
4348	72	4	1	1	Agent	-4	Alec	1	Agent		-1	-4	7	steady	[6]	['steady']	11	109	144	144	244	420	236	236	236	236	-4	-4	6	0	0
4349	72	4	1	1	Agent	-4	Alec	1	Agent		-1	-4	7	steady	[6]	['steady']	12	200	244	244	244	244	120	120	120	796	-4	-4	6	0	0
4350	72	4	1	1	Agent	-4	Alec	1	Agent		-1	-4	7	steady	[6]	['steady']	13	154	116	116	116	116	200	200	200	712	-4	-4	6	0	0
4351	72	4	1	1	Agent	-4	Alec	1	Agent		-1	-4	7	steady	[6]	['steady']	14	68	248	248	248	248	88	88	88	368	-4	-4	6	0	0
4352	72	4	1	1	Agent	-4	Alec	1	Agent		-1	-4	7	steady	[6]	['steady']	15	137	160	160	160	160	84	84	84	516	-4	-4	6	0	0
4353	72	4	1	1	Agent	-4	Alec	1	Agent		-1	-4	7	steady	[6]	['steady']	16	131	344	512	512	512	248	248	248	248	-4	-4	6	0	0
4354	72	4	1	1	Agent	-4	Alec	1	Agent		-1	-4	7	steady	[6]	['steady']	17	128	104	104	104	104	284	284	284	504	-4	-4	6	0	0
4356	72	4	1	1	Agent	-4	Alec	1	Agent		-1	-4	7	steady	[6]	['steady']	19	158	212	212	212	212	76	76	76	328	-4	-4	6	0	0
4357	72	4	1	1	Agent	-4	Alec	1	Agent		-1	-4	7	steady	[6]	['steady']	20	110	0	0	0	0	180	304	304	848	-4	-4	6	1	0
4358	72	4	1	1	Agent	-4	Alec	1	Agent		-1	-4	7	steady	[6]	['steady']	21	138	192	192	192	192	148	148	148	148	-4	-4	6	0	0
4359	72	4	1	1	Agent	-4	Alec	1	Agent		-1	-4	7	steady	[6]	['steady']	22	158	220	220	220	220	184	184	356	1380	-4	-4	6	0	0
4360	72	4	1	1	Agent	-4	Alec	1	Agent		-1	-4	7	steady	[6]	['steady']	23	107	164	344	344	344	324	324	644	924	-4	-4	6	0	0
4361	72	4	1	1	Agent	-4	Alec	1	Agent		-1	-4	7	steady	[6]	['steady']	24	131	176	176	176	176	160	160	160	264	-4	-4	6	0	0
4362	72	4	1	1	Agent	-4	Alec	1	Agent		-1	-4	7	steady	[6]	['steady']	25	81	176	176	176	176	160	160	432	944	-4	-4	6	0	0
4363	72	4	1	1	Agent	-4	Alec	1	Agent		-1	-4	7	steady	[6]	['steady']	27	59	320	320	320	320	324	456	456	720	-4	-4	6	0	0
4364	72	4	1	1	Agent	-4	Alec	1	Agent		-1	-4	7	steady	[6]	['steady']	28	178	200	200	608	756	292	292	292	292	-4	-4	6	0	0
4365	72	4	1	1	Agent	-4	Alec	1	Agent		-1	-4	7	steady	[6]	['steady']	29	79	176	176	176	176	244	404	404	404	-4	-4	6	0	0
4366	72	4	1	1	Agent	-4	Alec	1	Agent		-1	-4	7	steady	[6]	['steady']	30	141	36	140	140	140	220	220	220	6512	-4	-4	6	0	0
4367	72	4	1	1	Agent	-4	Alec	1	Agent		-1	-4	7	steady	[6]	['steady']	31	201	160	160	160	160	124	124	124	124	-4	-4	6	0	0
4368	72	4	1	1	Agent	-4	Alec	1	Agent		-1	-4	7	steady	[6]	['steady']	32	91	212	360	360	360	184	184	184	184	-4	-4	6	0	0
4369	72	4	1	1	Agent	-4	Alec	1	Agent		-1	-4	7	steady	[6]	['steady']	33	107	200	316	316	316	100	100	252	376	-4	-4	6	0	0
4370	72	4	1	1	Agent	-4	Alec	1	Agent		-1	-4	7	steady	[6]	['steady']	34	102	140	140	140	140	204	204	204	204	-4	-4	6	0	0
4371	72	4	1	1	Agent	-4	Alec	1	Agent		-1	-4	7	steady	[6]	['steady']	35	115	160	160	160	160	152	152	152	152	-4	-4	6	0	0
4372	72	4	1	1	Agent	-4	Alec	1	Agent		-1	-4	7	steady	[6]	['steady']	36	180	200	200	200	200	100	100	100	100	-4	-4	6	0	0
4373	72	4	1	1	Agent	-4	Alec	1	Agent		-1	-4	7	steady	[6]	['steady']	37	84	132	352	352	352	112	112	112	112	-4	-4	6	0	0
4374	72	4	1	1	Agent	-4	Alec	1	Agent		-1	-4	7	steady	[6]	['steady']	38	123	224	224	224	224	124	124	124	124	-4	-4	6	0	0
4375	72	4	1	1	Agent	-4	Alec	1	Agent		-1	-4	7	steady	[6]	['steady']	39	94	0	0	0	0	272	356	356	548	-4	-4	6	1	0
4376	72	4	1	1	Agent	-4	Alec	1	Agent		-1	-4	7	steady	[6]	['steady']	40	46	180	180	180	180	200	200	312	916	-4	-4	6	0	0
4377	72	4	1	1	Agent	-4	Alec	1	Agent		-1	-4	7	steady	[6]	['steady']	41	49	136	324	324	324	136	136	136	296	-4	-4	6	0	0
4378	72	4	1	1	Agent	-4	Alec	1	Agent		-1	-4	7	steady	[6]	['steady']	42	106	188	188	188	188	80	80	80	332	-4	-4	6	0	0
4379	72	4	1	1	Agent	-4	Alec	1	Agent		-1	-4	7	steady	[6]	['steady']	43	205	196	196	196	196	236	236	236	356	-4	-4	6	0	0
4380	73	2	1	1	Experiencer	-2	No-one	1	Experiencer		-1	-2	4	dared	[3]	['dared']	1	172	184	184	396	560	428	428	428	428	-2	-2	5	0	0
4382	73	2	1	1	Experiencer	-2	No-one	1	Experiencer		-1	-2	4	dared	[3]	['dared']	3	17	172	428	428	428	184	184	184	184	-2	-2	5	0	0
4383	73	2	1	1	Experiencer	-2	No-one	1	Experiencer		-1	-2	4	dared	[3]	['dared']	4	44	248	248	248	248	188	188	188	188	-2	-2	5	0	0
4384	73	2	1	1	Experiencer	-2	No-one	1	Experiencer		-1	-2	4	dared	[3]	['dared']	5	31	212	212	212	628	284	284	284	284	-2	-2	5	0	0
4385	73	2	1	1	Experiencer	-2	No-one	1	Experiencer		-1	-2	4	dared	[3]	['dared']	6	148	180	180	300	416	176	176	176	176	-2	-2	5	0	0
4386	73	2	1	1	Experiencer	-2	No-one	1	Experiencer		-1	-2	4	dared	[3]	['dared']	7	134	116	116	440	1120	132	132	132	132	-2	-2	5	0	0
4387	73	2	1	1	Experiencer	-2	No-one	1	Experiencer		-1	-2	4	dared	[3]	['dared']	8	59	160	160	160	608	232	232	232	232	-2	-2	5	0	0
4388	73	2	1	1	Experiencer	-2	No-one	1	Experiencer		-1	-2	4	dared	[3]	['dared']	10	138	0	0	0	0	248	248	500	1304	-2	-2	5	1	0
4389	73	2	1	1	Experiencer	-2	No-one	1	Experiencer		-1	-2	4	dared	[3]	['dared']	11	35	152	272	272	452	188	188	188	188	-2	-2	5	0	0
4390	73	2	1	1	Experiencer	-2	No-one	1	Experiencer		-1	-2	4	dared	[3]	['dared']	12	83	200	336	336	336	152	152	152	152	-2	-2	5	0	0
4391	73	2	1	1	Experiencer	-2	No-one	1	Experiencer		-1	-2	4	dared	[3]	['dared']	13	4	176	176	176	176	336	336	336	336	-2	-2	5	0	0
4392	73	2	1	1	Experiencer	-2	No-one	1	Experiencer		-1	-2	4	dared	[3]	['dared']	14	100	184	184	184	328	288	288	288	288	-2	-2	5	0	0
4393	73	2	1	1	Experiencer	-2	No-one	1	Experiencer		-1	-2	4	dared	[3]	['dared']	15	6	0	0	0	0	176	176	176	176	-2	-2	5	1	0
4394	73	2	1	1	Experiencer	-2	No-one	1	Experiencer		-1	-2	4	dared	[3]	['dared']	16	17	196	196	196	196	184	184	184	184	-2	-2	5	0	0
4395	73	2	1	1	Experiencer	-2	No-one	1	Experiencer		-1	-2	4	dared	[3]	['dared']	17	2	156	156	156	156	252	252	252	252	-2	-2	5	0	0
4397	73	2	1	1	Experiencer	-2	No-one	1	Experiencer		-1	-2	4	dared	[3]	['dared']	19	43	196	196	196	196	176	176	176	176	-2	-2	5	0	0
4399	73	2	1	1	Experiencer	-2	No-one	1	Experiencer		-1	-2	4	dared	[3]	['dared']	21	162	204	204	204	204	200	348	348	348	-2	-2	5	0	0
4400	73	2	1	1	Experiencer	-2	No-one	1	Experiencer		-1	-2	4	dared	[3]	['dared']	22	84	256	376	376	376	200	200	200	200	-2	-2	5	0	0
4401	73	2	1	1	Experiencer	-2	No-one	1	Experiencer		-1	-2	4	dared	[3]	['dared']	23	97	540	540	540	540	208	208	208	208	-2	-2	5	0	0
4402	73	2	1	1	Experiencer	-2	No-one	1	Experiencer		-1	-2	4	dared	[3]	['dared']	24	9	212	212	212	492	168	168	168	168	-2	-2	5	0	0
4403	73	2	1	1	Experiencer	-2	No-one	1	Experiencer		-1	-2	4	dared	[3]	['dared']	25	193	176	176	580	784	204	204	204	204	-2	-2	5	0	0
4404	73	2	1	1	Experiencer	-2	No-one	1	Experiencer		-1	-2	4	dared	[3]	['dared']	27	31	160	356	356	356	304	304	304	304	-2	-2	5	0	0
4405	73	2	1	1	Experiencer	-2	No-one	1	Experiencer		-1	-2	4	dared	[3]	['dared']	28	86	384	384	384	384	256	256	256	256	-2	-2	5	0	0
4406	73	2	1	1	Experiencer	-2	No-one	1	Experiencer		-1	-2	4	dared	[3]	['dared']	29	32	236	236	436	1148	408	408	408	408	-2	-2	5	0	0
4407	73	2	1	1	Experiencer	-2	No-one	1	Experiencer		-1	-2	4	dared	[3]	['dared']	30	23	360	360	360	360	364	424	424	424	-2	-2	5	0	0
4408	73	2	1	1	Experiencer	-2	No-one	1	Experiencer		-1	-2	4	dared	[3]	['dared']	31	7	264	264	264	264	132	204	204	204	-2	-2	5	0	0
4409	73	2	1	1	Experiencer	-2	No-one	1	Experiencer		-1	-2	4	dared	[3]	['dared']	32	202	244	244	244	244	320	320	320	320	-2	-2	5	0	0
4410	73	2	1	1	Experiencer	-2	No-one	1	Experiencer		-1	-2	4	dared	[3]	['dared']	33	102	88	252	252	252	412	520	520	520	-2	-2	5	0	0
4411	73	2	1	1	Experiencer	-2	No-one	1	Experiencer		-1	-2	4	dared	[3]	['dared']	34	108	188	188	188	188	168	168	168	168	-2	-2	5	0	0
4412	73	2	1	1	Experiencer	-2	No-one	1	Experiencer		-1	-2	4	dared	[3]	['dared']	35	204	216	216	216	216	252	252	252	252	-2	-2	5	0	0
4414	73	2	1	1	Experiencer	-2	No-one	1	Experiencer		-1	-2	4	dared	[3]	['dared']	37	161	180	320	320	320	244	244	244	244	-2	-2	5	0	0
4415	73	2	1	1	Experiencer	-2	No-one	1	Experiencer		-1	-2	4	dared	[3]	['dared']	38	19	56	260	424	616	156	156	156	156	-2	-2	5	0	0
4418	73	2	1	1	Experiencer	-2	No-one	1	Experiencer		-1	-2	4	dared	[3]	['dared']	41	51	0	0	0	0	248	248	400	1076	-2	-2	5	1	0
4421	73	4	1	1	Theme	-4	No-one	1	Theme		-1	-4	5	step	[4, 5]	['step', 'within']	1	172	428	428	428	428	156	156	156	156	-4	-4	4	0	0
4422	73	4	1	1	Theme	-4	No-one	1	Theme		-1	-4	5	step	[4, 5]	['step', 'within']	2	6	0	0	0	0	176	176	320	680	-4	-4	4	1	0
4423	73	4	1	1	Theme	-4	No-one	1	Theme		-1	-4	5	step	[4, 5]	['step', 'within']	3	17	184	184	184	184	176	176	356	572	-4	-4	4	0	0
4424	73	4	1	1	Theme	-4	No-one	1	Theme		-1	-4	5	step	[4, 5]	['step', 'within']	4	44	188	188	188	188	224	224	224	224	-4	-4	4	0	0
4425	73	4	1	1	Theme	-4	No-one	1	Theme		-1	-4	5	step	[4, 5]	['step', 'within']	5	31	284	284	284	284	232	232	232	232	-4	-4	4	0	0
4427	73	4	1	1	Theme	-4	No-one	1	Theme		-1	-4	5	step	[4, 5]	['step', 'within']	7	134	132	132	132	132	92	92	92	92	-4	-4	4	0	0
4428	73	4	1	1	Theme	-4	No-one	1	Theme		-1	-4	5	step	[4, 5]	['step', 'within']	8	59	232	232	232	232	228	380	380	380	-4	-4	4	0	0
4429	73	4	1	1	Theme	-4	No-one	1	Theme		-1	-4	5	step	[4, 5]	['step', 'within']	10	138	248	248	500	1304	148	148	148	148	-4	-4	4	0	0
4430	73	4	1	1	Theme	-4	No-one	1	Theme		-1	-4	5	step	[4, 5]	['step', 'within']	11	35	188	188	188	188	144	252	468	604	-4	-4	4	0	0
4432	73	4	1	1	Theme	-4	No-one	1	Theme		-1	-4	5	step	[4, 5]	['step', 'within']	13	4	336	336	336	336	200	200	200	200	-4	-4	4	0	0
4433	73	4	1	1	Theme	-4	No-one	1	Theme		-1	-4	5	step	[4, 5]	['step', 'within']	14	100	288	288	288	288	212	212	212	212	-4	-4	4	0	0
4435	73	4	1	1	Theme	-4	No-one	1	Theme		-1	-4	5	step	[4, 5]	['step', 'within']	16	17	184	184	184	184	92	288	288	288	-4	-4	4	0	0
4436	73	4	1	1	Theme	-4	No-one	1	Theme		-1	-4	5	step	[4, 5]	['step', 'within']	17	2	252	252	252	252	256	256	256	256	-4	-4	4	0	0
4437	73	4	1	1	Theme	-4	No-one	1	Theme		-1	-4	5	step	[4, 5]	['step', 'within']	18	201	0	0	0	0	212	212	212	212	-4	-4	4	1	0
4438	73	4	1	1	Theme	-4	No-one	1	Theme		-1	-4	5	step	[4, 5]	['step', 'within']	19	43	176	176	176	176	184	184	184	184	-4	-4	4	0	0
4439	73	4	1	1	Theme	-4	No-one	1	Theme		-1	-4	5	step	[4, 5]	['step', 'within']	20	189	0	0	0	0	136	136	136	136	-4	-4	4	1	0
4440	73	4	1	1	Theme	-4	No-one	1	Theme		-1	-4	5	step	[4, 5]	['step', 'within']	21	162	200	348	348	348	240	240	240	240	-4	-4	4	0	0
4441	73	4	1	1	Theme	-4	No-one	1	Theme		-1	-4	5	step	[4, 5]	['step', 'within']	22	84	200	200	200	200	192	192	192	192	-4	-4	4	0	0
4442	73	4	1	1	Theme	-4	No-one	1	Theme		-1	-4	5	step	[4, 5]	['step', 'within']	23	97	208	208	208	208	296	456	456	456	-4	-4	4	0	0
4443	73	4	1	1	Theme	-4	No-one	1	Theme		-1	-4	5	step	[4, 5]	['step', 'within']	24	9	168	168	168	168	184	184	184	184	-4	-4	4	0	0
4444	73	4	1	1	Theme	-4	No-one	1	Theme		-1	-4	5	step	[4, 5]	['step', 'within']	25	193	204	204	204	204	180	180	180	180	-4	-4	4	0	0
4445	73	4	1	1	Theme	-4	No-one	1	Theme		-1	-4	5	step	[4, 5]	['step', 'within']	27	31	304	304	304	304	208	208	208	208	-4	-4	4	0	0
4446	73	4	1	1	Theme	-4	No-one	1	Theme		-1	-4	5	step	[4, 5]	['step', 'within']	28	86	256	256	256	256	272	272	272	272	-4	-4	4	0	0
4448	73	4	1	1	Theme	-4	No-one	1	Theme		-1	-4	5	step	[4, 5]	['step', 'within']	30	23	364	424	424	424	252	252	252	252	-4	-4	4	0	0
4450	73	4	1	1	Theme	-4	No-one	1	Theme		-1	-4	5	step	[4, 5]	['step', 'within']	32	202	320	320	320	320	236	236	236	236	-4	-4	4	0	0
4451	73	4	1	1	Theme	-4	No-one	1	Theme		-1	-4	5	step	[4, 5]	['step', 'within']	33	102	412	520	520	520	132	132	132	132	-4	-4	4	0	0
4453	73	4	1	1	Theme	-4	No-one	1	Theme		-1	-4	5	step	[4, 5]	['step', 'within']	35	204	252	252	252	252	228	228	228	228	-4	-4	4	0	0
4454	73	4	1	1	Theme	-4	No-one	1	Theme		-1	-4	5	step	[4, 5]	['step', 'within']	36	63	0	0	0	0	188	188	188	188	-4	-4	4	1	0
4455	73	4	1	1	Theme	-4	No-one	1	Theme		-1	-4	5	step	[4, 5]	['step', 'within']	37	161	244	244	244	244	176	176	176	176	-4	-4	4	0	0
4456	73	4	1	1	Theme	-4	No-one	1	Theme		-1	-4	5	step	[4, 5]	['step', 'within']	38	19	156	156	156	156	228	228	228	228	-4	-4	4	0	0
4457	73	4	1	1	Theme	-4	No-one	1	Theme		-1	-4	5	step	[4, 5]	['step', 'within']	39	155	0	0	0	0	172	172	172	172	-4	-4	4	1	0
4458	73	4	1	1	Theme	-4	No-one	1	Theme		-1	-4	5	step	[4, 5]	['step', 'within']	40	136	0	0	0	0	132	132	132	132	-4	-4	4	1	0
4459	73	4	1	1	Theme	-4	No-one	1	Theme		-1	-4	5	step	[4, 5]	['step', 'within']	41	51	248	248	400	1076	208	552	552	664	-4	-4	4	0	0
4460	73	4	1	1	Theme	-4	No-one	1	Theme		-1	-4	5	step	[4, 5]	['step', 'within']	42	141	0	0	0	0	156	156	156	272	-4	-4	4	1	0
4461	73	4	1	1	Theme	-4	No-one	1	Theme		-1	-4	5	step	[4, 5]	['step', 'within']	43	87	0	0	0	0	148	372	372	372	-4	-4	4	1	0
4462	74	3	1	1	Agent	-3		1	Agent		-1	-3	6	dress	[5, 6]	['dress', 'like']	1	98	328	328	328	328	468	468	468	468	-3	-3	5	0	0
4463	74	3	1	1	Agent	-3		1	Agent		-1	-3	6	dress	[5, 6]	['dress', 'like']	2	92	220	220	220	220	188	188	188	244	-3	-3	5	0	0
4464	74	3	1	1	Agent	-3		1	Agent		-1	-3	6	dress	[5, 6]	['dress', 'like']	3	57	196	196	196	196	232	232	232	232	-3	-3	5	0	0
4465	74	3	1	1	Agent	-3		1	Agent		-1	-3	6	dress	[5, 6]	['dress', 'like']	4	96	0	0	0	0	144	144	144	1140	-3	-3	5	1	0
4467	74	3	1	1	Agent	-3		1	Agent		-1	-3	6	dress	[5, 6]	['dress', 'like']	6	141	148	148	148	148	212	212	212	1092	-3	-3	5	0	0
4468	74	3	1	1	Agent	-3		1	Agent		-1	-3	6	dress	[5, 6]	['dress', 'like']	7	168	0	0	0	0	168	168	168	168	-3	-3	5	1	0
4469	74	3	1	1	Agent	-3		1	Agent		-1	-3	6	dress	[5, 6]	['dress', 'like']	8	109	200	200	200	200	356	356	356	356	-3	-3	5	0	0
4470	74	3	1	1	Agent	-3		1	Agent		-1	-3	6	dress	[5, 6]	['dress', 'like']	10	67	176	176	176	176	224	224	224	224	-3	-3	5	0	0
4471	74	3	1	1	Agent	-3		1	Agent		-1	-3	6	dress	[5, 6]	['dress', 'like']	11	55	200	200	200	200	220	468	468	468	-3	-3	5	0	0
4472	74	3	1	1	Agent	-3		1	Agent		-1	-3	6	dress	[5, 6]	['dress', 'like']	12	157	140	140	140	484	188	400	400	684	-3	-3	5	0	0
4473	74	3	1	1	Agent	-3		1	Agent		-1	-3	6	dress	[5, 6]	['dress', 'like']	13	180	160	160	160	160	224	224	224	224	-3	-3	5	0	0
4474	74	3	1	1	Agent	-3		1	Agent		-1	-3	6	dress	[5, 6]	['dress', 'like']	14	25	248	248	248	248	252	252	252	252	-3	-3	5	0	0
4476	74	3	1	1	Agent	-3		1	Agent		-1	-3	6	dress	[5, 6]	['dress', 'like']	16	165	212	212	212	212	228	728	728	728	-3	-3	5	0	0
4477	74	3	1	1	Agent	-3		1	Agent		-1	-3	6	dress	[5, 6]	['dress', 'like']	17	97	164	164	164	164	316	1172	1172	1220	-3	-3	5	0	0
4478	74	3	1	1	Agent	-3		1	Agent		-1	-3	6	dress	[5, 6]	['dress', 'like']	18	145	0	0	0	0	152	152	152	152	-3	-3	5	1	0
4479	74	3	1	1	Agent	-3		1	Agent		-1	-3	6	dress	[5, 6]	['dress', 'like']	19	64	224	224	364	1020	304	304	304	304	-3	-3	5	0	0
4481	74	3	1	1	Agent	-3		1	Agent		-1	-3	6	dress	[5, 6]	['dress', 'like']	21	129	228	228	360	972	128	128	128	128	-3	-3	5	0	0
4482	74	3	1	1	Agent	-3		1	Agent		-1	-3	6	dress	[5, 6]	['dress', 'like']	22	63	196	196	196	196	168	168	168	168	-3	-3	5	0	0
4483	74	3	1	1	Agent	-3		1	Agent		-1	-3	6	dress	[5, 6]	['dress', 'like']	23	16	236	236	236	236	200	200	200	200	-3	-3	5	0	0
4486	74	3	1	1	Agent	-3		1	Agent		-1	-3	6	dress	[5, 6]	['dress', 'like']	27	199	188	188	188	188	200	200	200	400	-3	-3	5	0	0
4487	74	3	1	1	Agent	-3		1	Agent		-1	-3	6	dress	[5, 6]	['dress', 'like']	28	47	244	244	244	244	240	240	240	240	-3	-3	5	0	0
4488	74	3	1	1	Agent	-3		1	Agent		-1	-3	6	dress	[5, 6]	['dress', 'like']	29	111	152	208	208	208	144	144	144	144	-3	-3	5	0	0
4489	74	3	1	1	Agent	-3		1	Agent		-1	-3	6	dress	[5, 6]	['dress', 'like']	30	97	244	244	244	244	412	412	412	768	-3	-3	5	0	0
4490	74	3	1	1	Agent	-3		1	Agent		-1	-3	6	dress	[5, 6]	['dress', 'like']	31	120	172	172	172	172	80	80	80	80	-3	-3	5	0	0
4491	74	3	1	1	Agent	-3		1	Agent		-1	-3	6	dress	[5, 6]	['dress', 'like']	32	36	316	316	316	316	244	244	244	244	-3	-3	5	0	0
4492	74	3	1	1	Agent	-3		1	Agent		-1	-3	6	dress	[5, 6]	['dress', 'like']	33	178	264	264	264	264	176	176	176	176	-3	-3	5	0	0
4493	74	3	1	1	Agent	-3		1	Agent		-1	-3	6	dress	[5, 6]	['dress', 'like']	34	138	180	180	180	180	600	600	600	600	-3	-3	5	0	0
4494	74	3	1	1	Agent	-3		1	Agent		-1	-3	6	dress	[5, 6]	['dress', 'like']	35	12	148	148	148	148	208	208	208	208	-3	-3	5	0	0
4495	74	3	1	1	Agent	-3		1	Agent		-1	-3	6	dress	[5, 6]	['dress', 'like']	36	11	0	0	0	0	368	368	368	664	-3	-3	5	1	0
4496	74	3	1	1	Agent	-3		1	Agent		-1	-3	6	dress	[5, 6]	['dress', 'like']	37	153	200	200	200	200	236	236	236	236	-3	-3	5	0	0
4498	74	3	1	1	Agent	-3		1	Agent		-1	-3	6	dress	[5, 6]	['dress', 'like']	39	168	312	312	312	312	240	240	240	240	-3	-3	5	0	0
4499	74	3	1	1	Agent	-3		1	Agent		-1	-3	6	dress	[5, 6]	['dress', 'like']	40	169	144	144	144	144	92	92	92	92	-3	-3	5	0	0
4500	74	3	1	1	Agent	-3		1	Agent		-1	-3	6	dress	[5, 6]	['dress', 'like']	41	11	0	0	0	0	176	176	176	176	-3	-3	5	1	0
4501	74	3	1	1	Agent	-3		1	Agent		-1	-3	6	dress	[5, 6]	['dress', 'like']	42	60	0	0	0	0	212	212	544	876	-3	-3	5	1	0
4503	75	1	1	2	Experiencer	-1	She	1	Experiencer		-1	-1	2	saw	[1]	['saw']	1	155	144	144	144	144	168	168	168	168	-1	-1	3	0	0
4504	75	1	1	2	Experiencer	-1	She	1	Experiencer		-1	-1	2	saw	[1]	['saw']	2	119	32	32	32	32	144	144	144	144	-1	-1	3	0	0
4505	75	1	1	2	Experiencer	-1	She	1	Experiencer		-1	-1	2	saw	[1]	['saw']	3	153	0	0	0	0	148	376	896	1276	-1	-1	3	1	0
4506	75	1	1	2	Experiencer	-1	She	1	Experiencer		-1	-1	2	saw	[1]	['saw']	4	130	0	0	0	0	220	220	388	652	-1	-1	3	1	0
4510	75	1	1	2	Experiencer	-1	She	1	Experiencer		-1	-1	2	saw	[1]	['saw']	8	175	160	160	160	160	180	180	180	180	-1	-1	3	0	0
4512	75	1	1	2	Experiencer	-1	She	1	Experiencer		-1	-1	2	saw	[1]	['saw']	11	85	148	148	148	148	200	200	200	200	-1	-1	3	0	0
4515	75	1	1	2	Experiencer	-1	She	1	Experiencer		-1	-1	2	saw	[1]	['saw']	14	30	300	432	432	432	120	120	120	120	-1	-1	3	0	0
4517	75	1	1	2	Experiencer	-1	She	1	Experiencer		-1	-1	2	saw	[1]	['saw']	16	63	404	404	404	404	236	236	236	236	-1	-1	3	0	0
4520	75	1	1	2	Experiencer	-1	She	1	Experiencer		-1	-1	2	saw	[1]	['saw']	19	162	120	120	120	120	212	212	212	212	-1	-1	3	0	0
4521	75	1	1	2	Experiencer	-1	She	1	Experiencer		-1	-1	2	saw	[1]	['saw']	20	95	0	0	0	0	88	88	88	300	-1	-1	3	1	0
4522	75	1	1	2	Experiencer	-1	She	1	Experiencer		-1	-1	2	saw	[1]	['saw']	21	78	216	216	216	216	120	120	120	120	-1	-1	3	0	0
4524	75	1	1	2	Experiencer	-1	She	1	Experiencer		-1	-1	2	saw	[1]	['saw']	23	187	168	168	168	168	184	184	184	184	-1	-1	3	0	0
4525	75	1	1	2	Experiencer	-1	She	1	Experiencer		-1	-1	2	saw	[1]	['saw']	24	190	396	396	396	396	268	268	268	268	-1	-1	3	0	0
4526	75	1	1	2	Experiencer	-1	She	1	Experiencer		-1	-1	2	saw	[1]	['saw']	25	120	0	0	0	0	172	172	172	268	-1	-1	3	1	0
4527	75	1	1	2	Experiencer	-1	She	1	Experiencer		-1	-1	2	saw	[1]	['saw']	27	1	296	772	772	772	160	160	160	160	-1	-1	3	0	0
4530	75	1	1	2	Experiencer	-1	She	1	Experiencer		-1	-1	2	saw	[1]	['saw']	30	14	164	444	444	444	208	300	300	300	-1	-1	3	0	0
4531	75	1	1	2	Experiencer	-1	She	1	Experiencer		-1	-1	2	saw	[1]	['saw']	31	135	0	0	0	0	152	152	152	152	-1	-1	3	1	0
4533	75	1	1	2	Experiencer	-1	She	1	Experiencer		-1	-1	2	saw	[1]	['saw']	33	120	0	0	0	0	172	172	172	172	-1	-1	3	1	0
4534	75	1	1	2	Experiencer	-1	She	1	Experiencer		-1	-1	2	saw	[1]	['saw']	34	37	0	0	0	0	260	260	260	260	-1	-1	3	1	0
4537	75	1	1	2	Experiencer	-1	She	1	Experiencer		-1	-1	2	saw	[1]	['saw']	37	122	0	0	0	0	260	260	260	260	-1	-1	3	1	0
4541	75	1	1	2	Experiencer	-1	She	1	Experiencer		-1	-1	2	saw	[1]	['saw']	41	57	240	432	432	432	116	116	116	116	-1	-1	3	0	0
4542	75	1	1	2	Experiencer	-1	She	1	Experiencer		-1	-1	2	saw	[1]	['saw']	42	168	0	0	0	0	124	124	124	124	-1	-1	3	1	0
4543	75	1	1	2	Experiencer	-1	She	1	Experiencer		-1	-1	2	saw	[1]	['saw']	43	186	284	284	284	488	224	224	224	224	-1	-1	3	0	0
4544	76	3	1	1	Agent	-3	She	1	Agent		-1	-3	3	smiling	[2, 3]	['smiling', 'in']	1	199	168	168	168	268	164	164	164	164	-3	-3	7	0	0
4546	76	3	1	1	Agent	-3	She	1	Agent		-1	-3	3	smiling	[2, 3]	['smiling', 'in']	3	64	136	292	292	292	164	164	164	164	-3	-3	7	0	0
4547	76	3	1	1	Agent	-3	She	1	Agent		-1	-3	3	smiling	[2, 3]	['smiling', 'in']	4	118	0	0	0	0	168	168	168	168	-3	-3	7	1	0
4548	76	3	1	1	Agent	-3	She	1	Agent		-1	-3	3	smiling	[2, 3]	['smiling', 'in']	5	37	232	344	344	612	136	136	136	136	-3	-3	7	0	0
4550	76	3	1	1	Agent	-3	She	1	Agent		-1	-3	3	smiling	[2, 3]	['smiling', 'in']	7	33	148	148	148	148	44	44	44	44	-3	-3	7	0	0
4552	76	3	1	1	Agent	-3	She	1	Agent		-1	-3	3	smiling	[2, 3]	['smiling', 'in']	10	114	156	156	156	156	176	176	176	176	-3	-3	7	0	0
4553	76	3	1	1	Agent	-3	She	1	Agent		-1	-3	3	smiling	[2, 3]	['smiling', 'in']	11	118	144	144	144	144	132	132	132	132	-3	-3	7	0	0
4554	76	3	1	1	Agent	-3	She	1	Agent		-1	-3	3	smiling	[2, 3]	['smiling', 'in']	12	160	192	192	192	192	128	128	128	128	-3	-3	7	0	0
4558	76	3	1	1	Agent	-3	She	1	Agent		-1	-3	3	smiling	[2, 3]	['smiling', 'in']	16	36	152	152	152	152	152	152	152	152	-3	-3	7	0	0
4561	76	3	1	1	Agent	-3	She	1	Agent		-1	-3	3	smiling	[2, 3]	['smiling', 'in']	19	9	180	180	180	180	156	156	156	156	-3	-3	7	0	0
4567	76	3	1	1	Agent	-3	She	1	Agent		-1	-3	3	smiling	[2, 3]	['smiling', 'in']	25	176	136	276	276	388	188	188	188	188	-3	-3	7	0	0
4570	76	3	1	1	Agent	-3	She	1	Agent		-1	-3	3	smiling	[2, 3]	['smiling', 'in']	29	46	0	0	0	0	248	248	248	624	-3	-3	7	1	0
4571	76	3	1	1	Agent	-3	She	1	Agent		-1	-3	3	smiling	[2, 3]	['smiling', 'in']	30	110	200	200	200	200	568	568	568	568	-3	-3	7	0	0
4573	76	3	1	1	Agent	-3	She	1	Agent		-1	-3	3	smiling	[2, 3]	['smiling', 'in']	32	128	208	208	208	208	208	208	208	208	-3	-3	7	0	0
4578	76	3	1	1	Agent	-3	She	1	Agent		-1	-3	3	smiling	[2, 3]	['smiling', 'in']	37	173	132	132	132	132	116	264	264	264	-3	-3	7	0	0
4626	77	1	1	1	Agent	-1		-1	Agent		-1	-1	1	Shut	[0]	['Shut']	1	6	100	264	264	264	220	528	528	528	-1	-1	4	0	0
4627	77	1	1	1	Agent	-1		-1	Agent		-1	-1	1	Shut	[0]	['Shut']	2	103	228	228	228	228	112	112	112	112	-1	-1	4	0	0
4628	77	1	1	1	Agent	-1		-1	Agent		-1	-1	1	Shut	[0]	['Shut']	3	171	100	100	100	100	192	192	348	576	-1	-1	4	0	0
4629	77	1	1	1	Agent	-1		-1	Agent		-1	-1	1	Shut	[0]	['Shut']	4	145	0	0	0	0	228	228	492	676	-1	-1	4	1	0
4631	77	1	1	1	Agent	-1		-1	Agent		-1	-1	1	Shut	[0]	['Shut']	6	166	72	72	72	72	152	152	152	152	-1	-1	4	0	0
4633	77	1	1	1	Agent	-1		-1	Agent		-1	-1	1	Shut	[0]	['Shut']	8	176	264	264	264	264	136	136	136	136	-1	-1	4	0	0
4634	77	1	1	1	Agent	-1		-1	Agent		-1	-1	1	Shut	[0]	['Shut']	10	151	0	0	0	0	292	472	472	616	-1	-1	4	1	0
4635	77	1	1	1	Agent	-1		-1	Agent		-1	-1	1	Shut	[0]	['Shut']	11	63	260	428	428	428	140	140	140	140	-1	-1	4	0	0
4636	77	1	1	1	Agent	-1		-1	Agent		-1	-1	1	Shut	[0]	['Shut']	12	50	240	240	240	240	228	364	364	364	-1	-1	4	0	0
4637	77	1	1	1	Agent	-1		-1	Agent		-1	-1	1	Shut	[0]	['Shut']	13	55	300	300	300	300	152	152	152	152	-1	-1	4	0	0
4639	77	1	1	1	Agent	-1		-1	Agent		-1	-1	1	Shut	[0]	['Shut']	15	186	32	32	32	32	212	212	212	212	-1	-1	4	0	0
4640	77	1	1	1	Agent	-1		-1	Agent		-1	-1	1	Shut	[0]	['Shut']	16	174	264	264	264	264	180	180	180	180	-1	-1	4	0	0
4644	77	1	1	1	Agent	-1		-1	Agent		-1	-1	1	Shut	[0]	['Shut']	20	46	0	0	0	0	284	440	440	568	-1	-1	4	1	0
4645	77	1	1	1	Agent	-1		-1	Agent		-1	-1	1	Shut	[0]	['Shut']	21	204	0	0	0	0	228	360	360	360	-1	-1	4	1	0
4646	77	1	1	1	Agent	-1		-1	Agent		-1	-1	1	Shut	[0]	['Shut']	22	202	84	332	332	332	156	156	156	156	-1	-1	4	0	0
4647	77	1	1	1	Agent	-1		-1	Agent		-1	-1	1	Shut	[0]	['Shut']	23	31	0	0	0	0	304	304	304	552	-1	-1	4	1	0
4648	77	1	1	1	Agent	-1		-1	Agent		-1	-1	1	Shut	[0]	['Shut']	24	129	260	260	260	260	172	172	172	172	-1	-1	4	0	0
4650	77	1	1	1	Agent	-1		-1	Agent		-1	-1	1	Shut	[0]	['Shut']	27	139	0	0	0	0	352	352	352	352	-1	-1	4	1	0
4651	77	1	1	1	Agent	-1		-1	Agent		-1	-1	1	Shut	[0]	['Shut']	28	73	0	0	0	0	256	256	256	256	-1	-1	4	1	0
4653	77	1	1	1	Agent	-1		-1	Agent		-1	-1	1	Shut	[0]	['Shut']	30	79	396	396	396	396	236	236	236	236	-1	-1	4	0	0
4654	77	1	1	1	Agent	-1		-1	Agent		-1	-1	1	Shut	[0]	['Shut']	31	163	272	272	272	272	68	720	720	1164	-1	-1	4	0	0
4655	77	1	1	1	Agent	-1		-1	Agent		-1	-1	1	Shut	[0]	['Shut']	32	15	24	456	456	456	180	180	180	180	-1	-1	4	0	0
4656	77	1	1	1	Agent	-1		-1	Agent		-1	-1	1	Shut	[0]	['Shut']	33	196	244	400	400	400	112	112	112	112	-1	-1	4	0	0
4657	77	1	1	1	Agent	-1		-1	Agent		-1	-1	1	Shut	[0]	['Shut']	34	158	0	0	0	0	248	248	248	248	-1	-1	4	1	0
4658	77	1	1	1	Agent	-1		-1	Agent		-1	-1	1	Shut	[0]	['Shut']	35	123	240	240	240	240	160	160	160	160	-1	-1	4	0	0
4660	77	1	1	1	Agent	-1		-1	Agent		-1	-1	1	Shut	[0]	['Shut']	37	197	156	156	156	156	32	32	32	272	-1	-1	4	0	0
4661	77	1	1	1	Agent	-1		-1	Agent		-1	-1	1	Shut	[0]	['Shut']	38	86	296	296	296	296	140	140	140	140	-1	-1	4	0	0
4665	77	1	1	1	Agent	-1		-1	Agent		-1	-1	1	Shut	[0]	['Shut']	42	148	360	360	360	360	124	124	124	124	-1	-1	4	0	0
4666	77	1	1	1	Agent	-1		-1	Agent		-1	-1	1	Shut	[0]	['Shut']	43	35	324	324	324	324	160	160	160	160	-1	-1	4	0	0
4667	77	6	1	0	Agent	-6		-1	Agent		-1	-6	7	sit	[6, 7]	['sit', 'down.']	1	6	316	316	316	316	64	64	64	544	-6	-6	3	0	0
4668	77	6	1	0	Agent	-6		-1	Agent		-1	-6	7	sit	[6, 7]	['sit', 'down.']	2	103	180	180	180	180	236	236	236	236	-6	-6	3	0	0
4669	77	6	1	0	Agent	-6		-1	Agent		-1	-6	7	sit	[6, 7]	['sit', 'down.']	3	171	172	172	172	172	216	216	216	216	-6	-6	3	0	0
4673	77	6	1	0	Agent	-6		-1	Agent		-1	-6	7	sit	[6, 7]	['sit', 'down.']	7	105	0	0	0	0	108	108	108	372	-6	-6	3	1	0
4674	77	6	1	0	Agent	-6		-1	Agent		-1	-6	7	sit	[6, 7]	['sit', 'down.']	8	176	152	152	152	152	360	360	360	360	-6	-6	3	0	0
4675	77	6	1	0	Agent	-6		-1	Agent		-1	-6	7	sit	[6, 7]	['sit', 'down.']	10	151	176	360	360	360	60	60	60	1184	-6	-6	3	0	0
4679	77	6	1	0	Agent	-6		-1	Agent		-1	-6	7	sit	[6, 7]	['sit', 'down.']	14	144	264	264	480	2380	316	316	316	812	-6	-6	3	0	0
4681	77	6	1	0	Agent	-6		-1	Agent		-1	-6	7	sit	[6, 7]	['sit', 'down.']	16	174	448	920	920	920	600	600	600	600	-6	-6	3	0	0
4685	77	6	1	0	Agent	-6		-1	Agent		-1	-6	7	sit	[6, 7]	['sit', 'down.']	20	46	316	316	316	1252	172	172	172	172	-6	-6	3	0	0
4686	77	6	1	0	Agent	-6		-1	Agent		-1	-6	7	sit	[6, 7]	['sit', 'down.']	21	204	0	0	0	0	576	576	576	576	-6	-6	3	1	0
4688	77	6	1	0	Agent	-6		-1	Agent		-1	-6	7	sit	[6, 7]	['sit', 'down.']	23	31	156	156	156	296	252	252	252	1312	-6	-6	3	0	0
4690	77	6	1	0	Agent	-6		-1	Agent		-1	-6	7	sit	[6, 7]	['sit', 'down.']	25	200	356	356	356	356	76	76	76	1168	-6	-6	3	0	0
4692	77	6	1	0	Agent	-6		-1	Agent		-1	-6	7	sit	[6, 7]	['sit', 'down.']	28	73	280	416	416	416	300	300	300	300	-6	-6	3	0	0
4693	77	6	1	0	Agent	-6		-1	Agent		-1	-6	7	sit	[6, 7]	['sit', 'down.']	29	29	172	172	172	172	292	292	292	292	-6	-6	3	0	0
4695	77	6	1	0	Agent	-6		-1	Agent		-1	-6	7	sit	[6, 7]	['sit', 'down.']	31	163	0	0	0	0	164	164	572	1868	-6	-6	3	1	0
4696	77	6	1	0	Agent	-6		-1	Agent		-1	-6	7	sit	[6, 7]	['sit', 'down.']	32	15	176	392	392	392	180	180	180	500	-6	-6	3	0	0
4702	77	6	1	0	Agent	-6		-1	Agent		-1	-6	7	sit	[6, 7]	['sit', 'down.']	38	86	268	552	552	552	128	128	128	128	-6	-6	3	0	0
4704	77	6	1	0	Agent	-6		-1	Agent		-1	-6	7	sit	[6, 7]	['sit', 'down.']	40	99	188	312	312	312	160	160	160	160	-6	-6	3	0	0
4705	77	6	1	0	Agent	-6		-1	Agent		-1	-6	7	sit	[6, 7]	['sit', 'down.']	41	145	272	272	272	272	88	88	88	88	-6	-6	3	0	0
4706	77	6	1	0	Agent	-6		-1	Agent		-1	-6	7	sit	[6, 7]	['sit', 'down.']	42	148	312	312	312	312	276	276	276	276	-6	-6	3	0	0
4707	77	6	1	0	Agent	-6		-1	Agent		-1	-6	7	sit	[6, 7]	['sit', 'down.']	43	35	148	148	148	328	64	64	64	740	-6	-6	3	0	0
4708	78	1	1	1	Agent	-1		-1	Agent		-1	-1	1	Tell	[0]	['Tell']	1	72	312	312	312	312	204	204	204	204	-1	-1	4	0	0
4709	78	1	1	1	Agent	-1		-1	Agent		-1	-1	1	Tell	[0]	['Tell']	2	10	236	236	236	236	104	208	208	208	-1	-1	4	0	0
4711	78	1	1	1	Agent	-1		-1	Agent		-1	-1	1	Tell	[0]	['Tell']	4	110	0	0	0	0	240	240	240	380	-1	-1	4	1	0
4714	78	1	1	1	Agent	-1		-1	Agent		-1	-1	1	Tell	[0]	['Tell']	7	100	0	0	0	0	260	260	260	260	-1	-1	4	1	0
4715	78	1	1	1	Agent	-1		-1	Agent		-1	-1	1	Tell	[0]	['Tell']	8	44	120	120	120	120	188	324	324	324	-1	-1	4	0	0
4717	78	1	1	1	Agent	-1		-1	Agent		-1	-1	1	Tell	[0]	['Tell']	11	145	260	260	260	260	200	200	200	200	-1	-1	4	0	0
4720	78	1	1	1	Agent	-1		-1	Agent		-1	-1	1	Tell	[0]	['Tell']	14	72	308	308	308	308	140	140	140	140	-1	-1	4	0	0
4722	78	1	1	1	Agent	-1		-1	Agent		-1	-1	1	Tell	[0]	['Tell']	16	14	276	276	276	276	252	252	252	252	-1	-1	4	0	0
4723	78	1	1	1	Agent	-1		-1	Agent		-1	-1	1	Tell	[0]	['Tell']	17	137	0	0	0	0	268	268	268	376	-1	-1	4	1	0
4727	78	1	1	1	Agent	-1		-1	Agent		-1	-1	1	Tell	[0]	['Tell']	21	151	0	0	0	0	432	432	432	432	-1	-1	4	1	0
4728	78	1	1	1	Agent	-1		-1	Agent		-1	-1	1	Tell	[0]	['Tell']	22	78	32	352	352	352	148	148	148	148	-1	-1	4	0	0
4730	78	1	1	1	Agent	-1		-1	Agent		-1	-1	1	Tell	[0]	['Tell']	24	65	0	0	0	0	272	272	272	312	-1	-1	4	1	0
4732	78	1	1	1	Agent	-1		-1	Agent		-1	-1	1	Tell	[0]	['Tell']	27	140	0	0	0	0	228	412	412	412	-1	-1	4	1	0
4735	78	1	1	1	Agent	-1		-1	Agent		-1	-1	1	Tell	[0]	['Tell']	30	180	292	292	292	292	188	188	188	188	-1	-1	4	0	0
4736	78	1	1	1	Agent	-1		-1	Agent		-1	-1	1	Tell	[0]	['Tell']	31	145	0	0	0	0	260	260	260	260	-1	-1	4	1	0
4737	78	1	1	1	Agent	-1		-1	Agent		-1	-1	1	Tell	[0]	['Tell']	32	180	224	224	224	224	172	172	172	172	-1	-1	4	0	0
4742	78	1	1	1	Agent	-1		-1	Agent		-1	-1	1	Tell	[0]	['Tell']	37	110	204	204	204	204	144	144	144	144	-1	-1	4	0	0
4743	78	1	1	1	Agent	-1		-1	Agent		-1	-1	1	Tell	[0]	['Tell']	38	128	0	0	0	0	252	252	252	384	-1	-1	4	1	0
4748	78	1	1	1	Agent	-1		-1	Agent		-1	-1	1	Tell	[0]	['Tell']	43	190	308	308	308	308	140	140	140	140	-1	-1	4	0	0
4751	78	5	2	1	Degree	-1	really	4	Theme	what	3	-2	5	happened	[4, 5]	['happened', 'to']	3	61	232	232	232	232	356	356	356	356	-1	-2	8	0	0
4763	78	5	2	1	Degree	-1	really	4	Theme	what	3	-2	5	happened	[4, 5]	['happened', 'to']	16	14	68	68	68	68	320	320	320	320	-1	-2	8	0	0
4780	78	5	2	1	Degree	-1	really	4	Theme	what	3	-2	5	happened	[4, 5]	['happened', 'to']	34	195	188	188	188	188	132	132	132	132	-1	-2	8	0	0
4789	78	5	2	1	Degree	-1	really	4	Theme	what	3	-2	5	happened	[4, 5]	['happened', 'to']	43	190	152	152	152	152	220	220	220	220	-1	-2	8	0	0
4790	79	2	1	0	Patient	-2	door	2	Patient		-1	-2	4	opened	[3, 4]	['opened', 'and']	1	159	132	132	132	132	260	260	260	416	-2	-2	6	0	0
4792	79	2	1	0	Patient	-2	door	2	Patient		-1	-2	4	opened	[3, 4]	['opened', 'and']	3	170	164	164	164	164	192	192	192	192	-2	-2	6	0	0
4794	79	2	1	0	Patient	-2	door	2	Patient		-1	-2	4	opened	[3, 4]	['opened', 'and']	5	41	188	188	188	188	164	164	164	164	-2	-2	6	0	0
4796	79	2	1	0	Patient	-2	door	2	Patient		-1	-2	4	opened	[3, 4]	['opened', 'and']	7	122	84	84	84	84	124	124	124	124	-2	-2	6	0	0
4797	79	2	1	0	Patient	-2	door	2	Patient		-1	-2	4	opened	[3, 4]	['opened', 'and']	8	13	0	0	0	0	144	144	144	144	-2	-2	6	1	0
4798	79	2	1	0	Patient	-2	door	2	Patient		-1	-2	4	opened	[3, 4]	['opened', 'and']	10	113	124	124	124	124	152	152	152	152	-2	-2	6	0	0
4801	79	2	1	0	Patient	-2	door	2	Patient		-1	-2	4	opened	[3, 4]	['opened', 'and']	13	12	0	0	0	0	192	192	192	192	-2	-2	6	1	0
4804	79	2	1	0	Patient	-2	door	2	Patient		-1	-2	4	opened	[3, 4]	['opened', 'and']	16	41	220	220	220	220	176	176	176	176	-2	-2	6	0	0
4808	79	2	1	0	Patient	-2	door	2	Patient		-1	-2	4	opened	[3, 4]	['opened', 'and']	20	168	116	116	116	324	220	220	220	552	-2	-2	6	0	0
4811	79	2	1	0	Patient	-2	door	2	Patient		-1	-2	4	opened	[3, 4]	['opened', 'and']	23	173	0	0	0	0	168	168	168	168	-2	-2	6	1	0
4814	79	2	1	0	Patient	-2	door	2	Patient		-1	-2	4	opened	[3, 4]	['opened', 'and']	27	128	176	176	176	756	168	168	168	168	-2	-2	6	0	0
4815	79	2	1	0	Patient	-2	door	2	Patient		-1	-2	4	opened	[3, 4]	['opened', 'and']	28	27	188	188	188	188	128	160	160	160	-2	-2	6	0	0
4819	79	2	1	0	Patient	-2	door	2	Patient		-1	-2	4	opened	[3, 4]	['opened', 'and']	32	193	256	256	256	256	156	156	156	156	-2	-2	6	0	0
4820	79	2	1	0	Patient	-2	door	2	Patient		-1	-2	4	opened	[3, 4]	['opened', 'and']	33	14	196	196	196	196	96	96	96	96	-2	-2	6	0	0
4822	79	2	1	0	Patient	-2	door	2	Patient		-1	-2	4	opened	[3, 4]	['opened', 'and']	35	162	172	172	172	172	148	148	148	148	-2	-2	6	0	0
4824	79	2	1	0	Patient	-2	door	2	Patient		-1	-2	4	opened	[3, 4]	['opened', 'and']	37	99	196	308	308	308	160	160	160	160	-2	-2	6	0	0
4831	79	4	1	0	Theme	-1	Alexander	6	Theme		-1	-1	7	walked	[6, 7]	['walked', 'out.']	1	159	360	360	360	360	284	284	284	428	-1	-1	6	0	0
4832	79	4	1	0	Theme	-1	Alexander	6	Theme		-1	-1	7	walked	[6, 7]	['walked', 'out.']	2	91	180	180	180	180	224	224	224	460	-1	-1	6	0	0
4833	79	4	1	0	Theme	-1	Alexander	6	Theme		-1	-1	7	walked	[6, 7]	['walked', 'out.']	3	170	284	284	284	284	152	152	152	328	-1	-1	6	0	0
4834	79	4	1	0	Theme	-1	Alexander	6	Theme		-1	-1	7	walked	[6, 7]	['walked', 'out.']	4	153	300	300	300	300	308	308	308	308	-1	-1	6	0	0
4837	79	4	1	0	Theme	-1	Alexander	6	Theme		-1	-1	7	walked	[6, 7]	['walked', 'out.']	7	122	180	180	324	724	132	132	132	1112	-1	-1	6	0	0
4840	79	4	1	0	Theme	-1	Alexander	6	Theme		-1	-1	7	walked	[6, 7]	['walked', 'out.']	11	126	124	124	308	528	136	136	136	136	-1	-1	6	0	0
4842	79	4	1	0	Theme	-1	Alexander	6	Theme		-1	-1	7	walked	[6, 7]	['walked', 'out.']	13	12	196	196	196	196	480	480	480	564	-1	-1	6	0	0
4845	79	4	1	0	Theme	-1	Alexander	6	Theme		-1	-1	7	walked	[6, 7]	['walked', 'out.']	16	41	192	632	632	632	312	312	312	684	-1	-1	6	0	0
4847	79	4	1	0	Theme	-1	Alexander	6	Theme		-1	-1	7	walked	[6, 7]	['walked', 'out.']	18	19	240	240	240	240	572	572	572	880	-1	-1	6	0	0
4849	79	4	1	0	Theme	-1	Alexander	6	Theme		-1	-1	7	walked	[6, 7]	['walked', 'out.']	20	168	152	152	152	476	196	340	340	1760	-1	-1	6	0	0
4851	79	4	1	0	Theme	-1	Alexander	6	Theme		-1	-1	7	walked	[6, 7]	['walked', 'out.']	22	24	224	472	640	848	204	344	344	344	-1	-1	6	0	0
4852	79	4	1	0	Theme	-1	Alexander	6	Theme		-1	-1	7	walked	[6, 7]	['walked', 'out.']	23	173	276	276	276	276	324	1220	1220	1220	-1	-1	6	0	0
4855	79	4	1	0	Theme	-1	Alexander	6	Theme		-1	-1	7	walked	[6, 7]	['walked', 'out.']	27	128	184	184	184	184	176	176	176	780	-1	-1	6	0	0
4856	79	4	1	0	Theme	-1	Alexander	6	Theme		-1	-1	7	walked	[6, 7]	['walked', 'out.']	28	27	0	0	0	0	364	364	364	1528	-1	-1	6	1	0
4857	79	4	1	0	Theme	-1	Alexander	6	Theme		-1	-1	7	walked	[6, 7]	['walked', 'out.']	29	7	256	256	256	256	188	188	188	188	-1	-1	6	0	0
4859	79	4	1	0	Theme	-1	Alexander	6	Theme		-1	-1	7	walked	[6, 7]	['walked', 'out.']	31	45	0	0	0	0	164	164	164	164	-1	-1	6	1	0
4860	79	4	1	0	Theme	-1	Alexander	6	Theme		-1	-1	7	walked	[6, 7]	['walked', 'out.']	32	193	204	204	204	204	184	184	184	184	-1	-1	6	0	0
4861	79	4	1	0	Theme	-1	Alexander	6	Theme		-1	-1	7	walked	[6, 7]	['walked', 'out.']	33	14	208	320	796	1928	44	44	44	324	-1	-1	6	0	0
4862	79	4	1	0	Theme	-1	Alexander	6	Theme		-1	-1	7	walked	[6, 7]	['walked', 'out.']	34	177	44	44	44	44	368	368	368	796	-1	-1	6	0	0
4863	79	4	1	0	Theme	-1	Alexander	6	Theme		-1	-1	7	walked	[6, 7]	['walked', 'out.']	35	162	168	168	168	168	196	196	196	196	-1	-1	6	0	0
4867	79	4	1	0	Theme	-1	Alexander	6	Theme		-1	-1	7	walked	[6, 7]	['walked', 'out.']	39	5	112	112	1180	3872	276	688	4004	32136	-1	-1	6	0	0
4871	79	4	1	0	Theme	-1	Alexander	6	Theme		-1	-1	7	walked	[6, 7]	['walked', 'out.']	43	109	292	292	292	432	276	276	276	276	-1	-1	6	0	0
4954	81	3	1	0	Patient	-1	men	4	Patient		-1	-1	6	kill	[5, 6, 7]	['kill', 'either', 'way.']	1	135	0	0	0	0	152	152	152	152	-1	-1	4	1	0
4955	81	3	1	0	Patient	-1	men	4	Patient		-1	-1	6	kill	[5, 6, 7]	['kill', 'either', 'way.']	2	12	0	0	0	0	168	168	168	168	-1	-1	4	1	0
4956	81	3	1	0	Patient	-1	men	4	Patient		-1	-1	6	kill	[5, 6, 7]	['kill', 'either', 'way.']	3	66	144	144	144	264	176	320	320	320	-1	-1	4	0	0
4957	81	3	1	0	Patient	-1	men	4	Patient		-1	-1	6	kill	[5, 6, 7]	['kill', 'either', 'way.']	4	53	208	208	208	208	192	192	192	192	-1	-1	4	0	0
4958	81	3	1	0	Patient	-1	men	4	Patient		-1	-1	6	kill	[5, 6, 7]	['kill', 'either', 'way.']	5	33	244	244	384	1048	196	360	672	1276	-1	-1	4	0	0
4960	81	3	1	0	Patient	-1	men	4	Patient		-1	-1	6	kill	[5, 6, 7]	['kill', 'either', 'way.']	7	136	124	124	124	124	196	196	196	664	-1	-1	4	0	0
4961	81	3	1	0	Patient	-1	men	4	Patient		-1	-1	6	kill	[5, 6, 7]	['kill', 'either', 'way.']	8	18	148	148	148	148	160	476	664	1888	-1	-1	4	0	0
4963	81	3	1	0	Patient	-1	men	4	Patient		-1	-1	6	kill	[5, 6, 7]	['kill', 'either', 'way.']	11	134	0	0	0	0	208	304	528	660	-1	-1	4	1	0
4964	81	3	1	0	Patient	-1	men	4	Patient		-1	-1	6	kill	[5, 6, 7]	['kill', 'either', 'way.']	12	62	240	240	392	920	372	372	372	372	-1	-1	4	0	0
4965	81	3	1	0	Patient	-1	men	4	Patient		-1	-1	6	kill	[5, 6, 7]	['kill', 'either', 'way.']	13	175	0	0	0	0	320	320	320	320	-1	-1	4	1	0
4966	81	3	1	0	Patient	-1	men	4	Patient		-1	-1	6	kill	[5, 6, 7]	['kill', 'either', 'way.']	14	204	268	268	268	268	296	604	604	604	-1	-1	4	0	0
4967	81	3	1	0	Patient	-1	men	4	Patient		-1	-1	6	kill	[5, 6, 7]	['kill', 'either', 'way.']	15	92	216	348	348	660	172	268	268	572	-1	-1	4	0	0
4968	81	3	1	0	Patient	-1	men	4	Patient		-1	-1	6	kill	[5, 6, 7]	['kill', 'either', 'way.']	16	10	88	88	292	556	212	212	212	212	-1	-1	4	0	0
4969	81	3	1	0	Patient	-1	men	4	Patient		-1	-1	6	kill	[5, 6, 7]	['kill', 'either', 'way.']	17	34	216	216	216	216	396	396	452	1164	-1	-1	4	0	0
4971	81	3	1	0	Patient	-1	men	4	Patient		-1	-1	6	kill	[5, 6, 7]	['kill', 'either', 'way.']	19	15	144	144	144	144	528	528	528	528	-1	-1	4	0	0
4972	81	3	1	0	Patient	-1	men	4	Patient		-1	-1	6	kill	[5, 6, 7]	['kill', 'either', 'way.']	20	156	244	244	244	244	208	556	732	1596	-1	-1	4	0	0
4973	81	3	1	0	Patient	-1	men	4	Patient		-1	-1	6	kill	[5, 6, 7]	['kill', 'either', 'way.']	21	27	244	244	244	244	116	116	268	752	-1	-1	4	0	0
4974	81	3	1	0	Patient	-1	men	4	Patient		-1	-1	6	kill	[5, 6, 7]	['kill', 'either', 'way.']	22	61	272	272	272	272	376	376	376	376	-1	-1	4	0	0
4975	81	3	1	0	Patient	-1	men	4	Patient		-1	-1	6	kill	[5, 6, 7]	['kill', 'either', 'way.']	23	162	0	0	0	0	452	652	652	652	-1	-1	4	1	0
4976	81	3	1	0	Patient	-1	men	4	Patient		-1	-1	6	kill	[5, 6, 7]	['kill', 'either', 'way.']	24	30	176	176	176	176	112	112	552	1056	-1	-1	4	0	0
4977	81	3	1	0	Patient	-1	men	4	Patient		-1	-1	6	kill	[5, 6, 7]	['kill', 'either', 'way.']	25	65	200	200	200	200	168	316	560	1020	-1	-1	4	0	0
4978	81	3	1	0	Patient	-1	men	4	Patient		-1	-1	6	kill	[5, 6, 7]	['kill', 'either', 'way.']	27	93	0	0	0	0	192	192	192	192	-1	-1	4	1	0
4979	81	3	1	0	Patient	-1	men	4	Patient		-1	-1	6	kill	[5, 6, 7]	['kill', 'either', 'way.']	28	59	224	224	224	224	260	828	828	1248	-1	-1	4	0	0
4980	81	3	1	0	Patient	-1	men	4	Patient		-1	-1	6	kill	[5, 6, 7]	['kill', 'either', 'way.']	29	70	220	220	220	220	184	412	412	412	-1	-1	4	0	0
4981	81	3	1	0	Patient	-1	men	4	Patient		-1	-1	6	kill	[5, 6, 7]	['kill', 'either', 'way.']	30	10	0	0	0	0	276	544	1320	1816	-1	-1	4	1	0
4983	81	3	1	0	Patient	-1	men	4	Patient		-1	-1	6	kill	[5, 6, 7]	['kill', 'either', 'way.']	32	27	0	0	0	0	212	348	348	348	-1	-1	4	1	0
4984	81	3	1	0	Patient	-1	men	4	Patient		-1	-1	6	kill	[5, 6, 7]	['kill', 'either', 'way.']	33	168	60	60	60	60	244	468	468	468	-1	-1	4	0	0
4985	81	3	1	0	Patient	-1	men	4	Patient		-1	-1	6	kill	[5, 6, 7]	['kill', 'either', 'way.']	34	103	228	228	228	228	156	156	156	380	-1	-1	4	0	0
4986	81	3	1	0	Patient	-1	men	4	Patient		-1	-1	6	kill	[5, 6, 7]	['kill', 'either', 'way.']	35	132	136	136	136	136	184	184	184	184	-1	-1	4	0	0
4987	81	3	1	0	Patient	-1	men	4	Patient		-1	-1	6	kill	[5, 6, 7]	['kill', 'either', 'way.']	36	10	0	0	0	0	332	332	332	332	-1	-1	4	1	0
4988	81	3	1	0	Patient	-1	men	4	Patient		-1	-1	6	kill	[5, 6, 7]	['kill', 'either', 'way.']	37	17	136	256	256	256	228	228	228	228	-1	-1	4	0	0
4989	81	3	1	0	Patient	-1	men	4	Patient		-1	-1	6	kill	[5, 6, 7]	['kill', 'either', 'way.']	38	42	148	148	148	148	252	252	252	252	-1	-1	4	0	0
4991	81	3	1	0	Patient	-1	men	4	Patient		-1	-1	6	kill	[5, 6, 7]	['kill', 'either', 'way.']	40	87	0	0	0	0	64	64	64	64	-1	-1	4	1	0
4992	81	3	1	0	Patient	-1	men	4	Patient		-1	-1	6	kill	[5, 6, 7]	['kill', 'either', 'way.']	41	101	0	0	0	0	220	220	360	1272	-1	-1	4	1	0
4993	81	3	1	0	Patient	-1	men	4	Patient		-1	-1	6	kill	[5, 6, 7]	['kill', 'either', 'way.']	42	100	0	0	0	0	484	484	484	484	-1	-1	4	1	0
4994	81	3	1	0	Patient	-1	men	4	Patient		-1	-1	6	kill	[5, 6, 7]	['kill', 'either', 'way.']	43	130	180	180	180	180	300	300	300	300	-1	-1	4	0	0
4995	82	2	1	2	Agent	-2	They	1	Agent		-1	-2	4	holding	[3]	['holding']	1	121	168	168	168	168	312	312	312	312	-2	-2	7	0	0
4996	82	2	1	2	Agent	-2	They	1	Agent		-1	-2	4	holding	[3]	['holding']	2	31	0	0	0	0	156	156	156	156	-2	-2	7	1	0
4997	82	2	1	2	Agent	-2	They	1	Agent		-1	-2	4	holding	[3]	['holding']	3	31	204	340	340	340	144	256	256	256	-2	-2	7	0	0
4998	82	2	1	2	Agent	-2	They	1	Agent		-1	-2	4	holding	[3]	['holding']	4	91	0	0	0	0	292	292	292	1052	-2	-2	7	1	0
4999	82	2	1	2	Agent	-2	They	1	Agent		-1	-2	4	holding	[3]	['holding']	5	35	284	284	284	284	180	180	180	180	-2	-2	7	0	0
5001	82	2	1	2	Agent	-2	They	1	Agent		-1	-2	4	holding	[3]	['holding']	7	84	176	176	176	176	140	140	140	140	-2	-2	7	0	0
5002	82	2	1	2	Agent	-2	They	1	Agent		-1	-2	4	holding	[3]	['holding']	9	14	164	164	164	164	204	256	256	256	-2	-2	7	0	0
5003	82	2	1	2	Agent	-2	They	1	Agent		-1	-2	4	holding	[3]	['holding']	10	29	160	160	160	160	116	116	116	116	-2	-2	7	0	0
5004	82	2	1	2	Agent	-2	They	1	Agent		-1	-2	4	holding	[3]	['holding']	11	171	184	184	184	184	200	200	200	200	-2	-2	7	0	0
5005	82	2	1	2	Agent	-2	They	1	Agent		-1	-2	4	holding	[3]	['holding']	12	117	148	148	148	148	220	220	220	220	-2	-2	7	0	0
5006	82	2	1	2	Agent	-2	They	1	Agent		-1	-2	4	holding	[3]	['holding']	13	116	204	204	204	204	156	156	156	156	-2	-2	7	0	0
5007	82	2	1	2	Agent	-2	They	1	Agent		-1	-2	4	holding	[3]	['holding']	14	116	256	404	404	404	180	180	180	180	-2	-2	7	0	0
5008	82	2	1	2	Agent	-2	They	1	Agent		-1	-2	4	holding	[3]	['holding']	15	19	0	0	0	0	156	156	156	156	-2	-2	7	1	0
5009	82	2	1	2	Agent	-2	They	1	Agent		-1	-2	4	holding	[3]	['holding']	16	45	128	380	380	380	124	124	124	124	-2	-2	7	0	0
5010	82	2	1	2	Agent	-2	They	1	Agent		-1	-2	4	holding	[3]	['holding']	17	174	196	196	196	196	184	184	184	184	-2	-2	7	0	0
5012	82	2	1	2	Agent	-2	They	1	Agent		-1	-2	4	holding	[3]	['holding']	19	181	144	144	144	144	104	104	104	104	-2	-2	7	0	0
5013	82	2	1	2	Agent	-2	They	1	Agent		-1	-2	4	holding	[3]	['holding']	20	135	0	0	0	0	156	156	156	156	-2	-2	7	1	0
5015	82	2	1	2	Agent	-2	They	1	Agent		-1	-2	4	holding	[3]	['holding']	22	79	284	284	284	284	172	172	172	172	-2	-2	7	0	0
5016	82	2	1	2	Agent	-2	They	1	Agent		-1	-2	4	holding	[3]	['holding']	23	34	172	248	248	248	196	196	196	196	-2	-2	7	0	0
5017	82	2	1	2	Agent	-2	They	1	Agent		-1	-2	4	holding	[3]	['holding']	24	159	184	184	184	184	156	156	156	156	-2	-2	7	0	0
5018	82	2	1	2	Agent	-2	They	1	Agent		-1	-2	4	holding	[3]	['holding']	25	86	164	300	300	300	164	164	164	164	-2	-2	7	0	0
5019	82	2	1	2	Agent	-2	They	1	Agent		-1	-2	4	holding	[3]	['holding']	27	182	220	220	220	220	144	144	144	144	-2	-2	7	0	0
5020	82	2	1	2	Agent	-2	They	1	Agent		-1	-2	4	holding	[3]	['holding']	28	155	204	324	324	324	304	304	304	304	-2	-2	7	0	0
5021	82	2	1	2	Agent	-2	They	1	Agent		-1	-2	4	holding	[3]	['holding']	29	49	200	200	200	200	188	188	188	188	-2	-2	7	0	0
5022	82	2	1	2	Agent	-2	They	1	Agent		-1	-2	4	holding	[3]	['holding']	30	155	216	216	216	216	280	420	420	544	-2	-2	7	0	0
5024	82	2	1	2	Agent	-2	They	1	Agent		-1	-2	4	holding	[3]	['holding']	32	84	208	328	328	328	232	232	232	232	-2	-2	7	0	0
5025	82	2	1	2	Agent	-2	They	1	Agent		-1	-2	4	holding	[3]	['holding']	33	116	188	312	312	312	244	244	244	244	-2	-2	7	0	0
5026	82	2	1	2	Agent	-2	They	1	Agent		-1	-2	4	holding	[3]	['holding']	34	142	0	0	0	0	164	164	164	164	-2	-2	7	1	0
5029	82	2	1	2	Agent	-2	They	1	Agent		-1	-2	4	holding	[3]	['holding']	37	157	164	412	412	412	196	196	196	196	-2	-2	7	0	0
5030	82	2	1	2	Agent	-2	They	1	Agent		-1	-2	4	holding	[3]	['holding']	38	79	228	228	228	228	240	240	240	240	-2	-2	7	0	0
5032	82	2	1	2	Agent	-2	They	1	Agent		-1	-2	4	holding	[3]	['holding']	40	19	116	272	272	272	144	144	144	144	-2	-2	7	0	0
5034	82	2	1	2	Agent	-2	They	1	Agent		-1	-2	4	holding	[3]	['holding']	42	123	0	0	0	0	220	220	220	220	-2	-2	7	1	0
5035	82	2	1	2	Agent	-2	They	1	Agent		-1	-2	4	holding	[3]	['holding']	43	98	220	220	220	220	176	176	176	176	-2	-2	7	0	0
5040	83	1	1	0	Agent	-1	Claudia	1	Agent		-1	-1	3	teaches	[2, 3, 4]	['teaches', 'and', 'still']	5	59	224	224	224	224	204	204	204	204	-1	-1	7	0	0
5044	83	1	1	0	Agent	-1	Claudia	1	Agent		-1	-1	3	teaches	[2, 3, 4]	['teaches', 'and', 'still']	10	69	152	152	152	152	144	144	144	144	-1	-1	7	0	0
5045	83	1	1	0	Agent	-1	Claudia	1	Agent		-1	-1	3	teaches	[2, 3, 4]	['teaches', 'and', 'still']	11	186	256	256	256	256	120	120	120	120	-1	-1	7	0	0
5046	83	1	1	0	Agent	-1	Claudia	1	Agent		-1	-1	3	teaches	[2, 3, 4]	['teaches', 'and', 'still']	12	123	192	192	192	192	116	116	116	116	-1	-1	7	0	0
5050	83	1	1	0	Agent	-1	Claudia	1	Agent		-1	-1	3	teaches	[2, 3, 4]	['teaches', 'and', 'still']	16	42	172	336	336	336	144	144	144	144	-1	-1	7	0	0
5054	83	1	1	0	Agent	-1	Claudia	1	Agent		-1	-1	3	teaches	[2, 3, 4]	['teaches', 'and', 'still']	20	84	176	176	176	176	144	144	144	144	-1	-1	7	0	0
5055	83	1	1	0	Agent	-1	Claudia	1	Agent		-1	-1	3	teaches	[2, 3, 4]	['teaches', 'and', 'still']	21	92	0	0	0	0	224	224	224	1044	-1	-1	7	1	0
5059	83	1	1	0	Agent	-1	Claudia	1	Agent		-1	-1	3	teaches	[2, 3, 4]	['teaches', 'and', 'still']	25	199	212	332	332	332	124	124	124	124	-1	-1	7	0	0
5061	83	1	1	0	Agent	-1	Claudia	1	Agent		-1	-1	3	teaches	[2, 3, 4]	['teaches', 'and', 'still']	28	31	140	464	464	464	252	252	252	252	-1	-1	7	0	0
5062	83	1	1	0	Agent	-1	Claudia	1	Agent		-1	-1	3	teaches	[2, 3, 4]	['teaches', 'and', 'still']	29	9	0	0	0	0	56	56	56	916	-1	-1	7	1	0
5063	83	1	1	0	Agent	-1	Claudia	1	Agent		-1	-1	3	teaches	[2, 3, 4]	['teaches', 'and', 'still']	30	128	420	420	420	616	152	152	152	152	-1	-1	7	0	0
5065	83	1	1	0	Agent	-1	Claudia	1	Agent		-1	-1	3	teaches	[2, 3, 4]	['teaches', 'and', 'still']	32	1	260	260	260	260	220	220	220	220	-1	-1	7	0	0
5066	83	1	1	0	Agent	-1	Claudia	1	Agent		-1	-1	3	teaches	[2, 3, 4]	['teaches', 'and', 'still']	33	50	172	324	324	324	140	140	140	140	-1	-1	7	0	0
5067	83	1	1	0	Agent	-1	Claudia	1	Agent		-1	-1	3	teaches	[2, 3, 4]	['teaches', 'and', 'still']	34	174	224	224	224	224	168	168	168	168	-1	-1	7	0	0
5077	83	3	1	1	Agent	-3	Claudia	1	Agent		-1	-3	6	claims	[5, 6]	['claims', 'to']	1	154	272	272	468	1900	168	168	168	168	-3	-3	6	0	0
5079	83	3	1	1	Agent	-3	Claudia	1	Agent		-1	-3	6	claims	[5, 6]	['claims', 'to']	3	27	256	256	256	256	200	364	364	364	-3	-3	6	0	0
5083	83	3	1	1	Agent	-3	Claudia	1	Agent		-1	-3	6	claims	[5, 6]	['claims', 'to']	7	85	0	0	0	0	120	120	120	120	-3	-3	6	1	0
5090	83	3	1	1	Agent	-3	Claudia	1	Agent		-1	-3	6	claims	[5, 6]	['claims', 'to']	15	44	0	0	0	0	260	260	260	260	-3	-3	6	1	0
5095	83	3	1	1	Agent	-3	Claudia	1	Agent		-1	-3	6	claims	[5, 6]	['claims', 'to']	20	84	0	0	0	0	160	160	160	160	-3	-3	6	1	0
5102	83	3	1	1	Agent	-3	Claudia	1	Agent		-1	-3	6	claims	[5, 6]	['claims', 'to']	28	31	288	288	288	288	176	176	176	176	-3	-3	6	0	0
5118	83	5	1	1	Experiencer	-5	Claudia	1	Experiencer		-1	-5	8	hate	[7]	['hate']	1	154	196	196	196	400	260	260	260	260	-5	-5	4	0	0
5119	83	5	1	1	Experiencer	-5	Claudia	1	Experiencer		-1	-5	8	hate	[7]	['hate']	2	26	0	0	0	0	148	148	148	812	-5	-5	4	1	0
5124	83	5	1	1	Experiencer	-5	Claudia	1	Experiencer		-1	-5	8	hate	[7]	['hate']	7	85	84	84	424	932	144	144	144	1356	-5	-5	4	0	0
5125	83	5	1	1	Experiencer	-5	Claudia	1	Experiencer		-1	-5	8	hate	[7]	['hate']	8	104	232	352	352	352	248	248	248	872	-5	-5	4	0	0
5126	83	5	1	1	Experiencer	-5	Claudia	1	Experiencer		-1	-5	8	hate	[7]	['hate']	10	69	224	224	224	224	192	192	192	1348	-5	-5	4	0	0
5130	83	5	1	1	Experiencer	-5	Claudia	1	Experiencer		-1	-5	8	hate	[7]	['hate']	14	60	196	196	492	724	112	112	112	112	-5	-5	4	0	0
5132	83	5	1	1	Experiencer	-5	Claudia	1	Experiencer		-1	-5	8	hate	[7]	['hate']	16	42	280	596	596	596	296	296	296	708	-5	-5	4	0	0
5133	83	5	1	1	Experiencer	-5	Claudia	1	Experiencer		-1	-5	8	hate	[7]	['hate']	17	126	288	288	288	288	144	144	260	1536	-5	-5	4	0	0
5137	83	5	1	1	Experiencer	-5	Claudia	1	Experiencer		-1	-5	8	hate	[7]	['hate']	21	92	220	220	220	220	164	164	164	544	-5	-5	4	0	0
5138	83	5	1	1	Experiencer	-5	Claudia	1	Experiencer		-1	-5	8	hate	[7]	['hate']	22	90	384	384	384	384	316	316	316	316	-5	-5	4	0	0
5139	83	5	1	1	Experiencer	-5	Claudia	1	Experiencer		-1	-5	8	hate	[7]	['hate']	23	180	388	388	388	388	308	308	308	308	-5	-5	4	0	0
5143	83	5	1	1	Experiencer	-5	Claudia	1	Experiencer		-1	-5	8	hate	[7]	['hate']	28	31	476	476	476	476	32	32	32	440	-5	-5	4	0	0
5144	83	5	1	1	Experiencer	-5	Claudia	1	Experiencer		-1	-5	8	hate	[7]	['hate']	29	9	196	420	420	420	116	356	356	356	-5	-5	4	0	0
5146	83	5	1	1	Experiencer	-5	Claudia	1	Experiencer		-1	-5	8	hate	[7]	['hate']	31	181	0	0	0	0	348	348	348	348	-5	-5	4	1	0
5147	83	5	1	1	Experiencer	-5	Claudia	1	Experiencer		-1	-5	8	hate	[7]	['hate']	32	1	220	360	508	744	276	276	276	276	-5	-5	4	0	0
5149	83	5	1	1	Experiencer	-5	Claudia	1	Experiencer		-1	-5	8	hate	[7]	['hate']	34	174	168	168	168	168	332	332	332	1052	-5	-5	4	0	0
5150	83	5	1	1	Experiencer	-5	Claudia	1	Experiencer		-1	-5	8	hate	[7]	['hate']	35	15	192	192	192	192	296	296	296	816	-5	-5	4	0	0
5152	83	5	1	1	Experiencer	-5	Claudia	1	Experiencer		-1	-5	8	hate	[7]	['hate']	37	162	208	348	348	348	68	68	68	68	-5	-5	4	0	0
5154	83	5	1	1	Experiencer	-5	Claudia	1	Experiencer		-1	-5	8	hate	[7]	['hate']	39	106	184	184	184	184	172	172	172	1060	-5	-5	4	0	0
5155	83	5	1	1	Experiencer	-5	Claudia	1	Experiencer		-1	-5	8	hate	[7]	['hate']	40	116	184	184	184	184	160	232	232	232	-5	-5	4	0	0
5156	83	5	1	1	Experiencer	-5	Claudia	1	Experiencer		-1	-5	8	hate	[7]	['hate']	41	162	180	180	180	320	160	160	160	784	-5	-5	4	0	0
5159	84	1	1	1	Agent	-1		-1	Agent		-1	-1	1	Burn	[0]	['Burn']	1	112	404	404	404	404	240	420	420	420	-1	-1	4	0	0
5162	84	1	1	1	Agent	-1		-1	Agent		-1	-1	1	Burn	[0]	['Burn']	4	81	0	0	0	0	352	352	352	352	-1	-1	4	1	0
5165	84	1	1	1	Agent	-1		-1	Agent		-1	-1	1	Burn	[0]	['Burn']	7	40	240	240	240	240	208	372	372	404	-1	-1	4	0	0
5166	84	1	1	1	Agent	-1		-1	Agent		-1	-1	1	Burn	[0]	['Burn']	8	50	0	0	0	0	252	252	404	576	-1	-1	4	1	0
5167	84	1	1	1	Agent	-1		-1	Agent		-1	-1	1	Burn	[0]	['Burn']	10	55	0	0	0	0	268	268	268	268	-1	-1	4	1	0
5168	84	1	1	1	Agent	-1		-1	Agent		-1	-1	1	Burn	[0]	['Burn']	11	205	268	268	268	268	164	312	312	312	-1	-1	4	0	0
5170	84	1	1	1	Agent	-1		-1	Agent		-1	-1	1	Burn	[0]	['Burn']	13	32	268	268	268	268	272	272	272	272	-1	-1	4	0	0
5172	84	1	1	1	Agent	-1		-1	Agent		-1	-1	1	Burn	[0]	['Burn']	15	162	144	144	144	144	176	176	176	176	-1	-1	4	0	0
5173	84	1	1	1	Agent	-1		-1	Agent		-1	-1	1	Burn	[0]	['Burn']	16	134	408	408	408	408	176	176	176	176	-1	-1	4	0	0
5174	84	1	1	1	Agent	-1		-1	Agent		-1	-1	1	Burn	[0]	['Burn']	17	165	312	312	312	312	220	220	220	220	-1	-1	4	0	0
5176	84	1	1	1	Agent	-1		-1	Agent		-1	-1	1	Burn	[0]	['Burn']	19	133	268	268	268	268	236	236	236	236	-1	-1	4	0	0
5179	84	1	1	1	Agent	-1		-1	Agent		-1	-1	1	Burn	[0]	['Burn']	22	145	88	228	228	228	480	480	480	480	-1	-1	4	0	0
5180	84	1	1	1	Agent	-1		-1	Agent		-1	-1	1	Burn	[0]	['Burn']	23	14	220	220	220	220	140	476	476	476	-1	-1	4	0	0
5181	84	1	1	1	Agent	-1		-1	Agent		-1	-1	1	Burn	[0]	['Burn']	24	98	264	264	264	264	248	248	248	248	-1	-1	4	0	0
5184	84	1	1	1	Agent	-1		-1	Agent		-1	-1	1	Burn	[0]	['Burn']	28	151	260	288	288	288	148	312	312	312	-1	-1	4	0	0
5186	84	1	1	1	Agent	-1		-1	Agent		-1	-1	1	Burn	[0]	['Burn']	30	18	280	728	728	728	296	296	296	296	-1	-1	4	0	0
5187	84	1	1	1	Agent	-1		-1	Agent		-1	-1	1	Burn	[0]	['Burn']	31	140	0	0	0	0	260	260	260	260	-1	-1	4	1	0
5188	84	1	1	1	Agent	-1		-1	Agent		-1	-1	1	Burn	[0]	['Burn']	32	146	220	400	400	400	184	184	184	184	-1	-1	4	0	0
5189	84	1	1	1	Agent	-1		-1	Agent		-1	-1	1	Burn	[0]	['Burn']	33	175	388	388	388	388	180	180	180	180	-1	-1	4	0	0
5191	84	1	1	1	Agent	-1		-1	Agent		-1	-1	1	Burn	[0]	['Burn']	35	161	224	224	224	224	144	144	144	144	-1	-1	4	0	0
5192	84	1	1	1	Agent	-1		-1	Agent		-1	-1	1	Burn	[0]	['Burn']	36	102	0	0	0	0	100	272	272	272	-1	-1	4	1	0
5193	84	1	1	1	Agent	-1		-1	Agent		-1	-1	1	Burn	[0]	['Burn']	37	55	0	0	0	0	248	248	436	624	-1	-1	4	1	0
5194	84	1	1	1	Agent	-1		-1	Agent		-1	-1	1	Burn	[0]	['Burn']	38	99	112	112	112	112	216	216	408	576	-1	-1	4	0	0
5200	84	5	1	1	Agent	-2		-1	Agent		-1	-2	5	wait	[4, 5]	['wait', 'for']	1	112	276	276	276	276	152	152	152	152	-2	-2	4	0	0
5202	84	5	1	1	Agent	-2		-1	Agent		-1	-2	5	wait	[4, 5]	['wait', 'for']	3	95	204	204	204	204	192	192	192	192	-2	-2	4	0	0
5203	84	5	1	1	Agent	-2		-1	Agent		-1	-2	5	wait	[4, 5]	['wait', 'for']	4	81	0	0	0	0	168	168	168	168	-2	-2	4	1	0
5207	84	5	1	1	Agent	-2		-1	Agent		-1	-2	5	wait	[4, 5]	['wait', 'for']	8	50	184	184	184	184	208	208	208	208	-2	-2	4	0	0
5208	84	5	1	1	Agent	-2		-1	Agent		-1	-2	5	wait	[4, 5]	['wait', 'for']	10	55	72	72	72	72	132	132	132	132	-2	-2	4	0	0
5210	84	5	1	1	Agent	-2		-1	Agent		-1	-2	5	wait	[4, 5]	['wait', 'for']	12	30	0	0	0	0	152	152	152	152	-2	-2	4	1	0
5212	84	5	1	1	Agent	-2		-1	Agent		-1	-2	5	wait	[4, 5]	['wait', 'for']	14	115	0	0	0	0	340	340	340	340	-2	-2	4	1	0
5214	84	5	1	1	Agent	-2		-1	Agent		-1	-2	5	wait	[4, 5]	['wait', 'for']	16	134	228	228	228	228	328	328	328	328	-2	-2	4	0	0
5217	84	5	1	1	Agent	-2		-1	Agent		-1	-2	5	wait	[4, 5]	['wait', 'for']	19	133	188	188	188	188	164	164	164	164	-2	-2	4	0	0
5218	84	5	1	1	Agent	-2		-1	Agent		-1	-2	5	wait	[4, 5]	['wait', 'for']	20	197	0	0	0	0	144	144	144	144	-2	-2	4	1	0
5220	84	5	1	1	Agent	-2		-1	Agent		-1	-2	5	wait	[4, 5]	['wait', 'for']	22	145	264	264	264	412	192	192	192	192	-2	-2	4	0	0
5221	84	5	1	1	Agent	-2		-1	Agent		-1	-2	5	wait	[4, 5]	['wait', 'for']	23	14	256	256	256	256	184	184	184	184	-2	-2	4	0	0
5222	84	5	1	1	Agent	-2		-1	Agent		-1	-2	5	wait	[4, 5]	['wait', 'for']	24	98	232	232	232	232	164	164	164	164	-2	-2	4	0	0
5225	84	5	1	1	Agent	-2		-1	Agent		-1	-2	5	wait	[4, 5]	['wait', 'for']	28	151	264	264	264	264	164	300	300	300	-2	-2	4	0	0
5226	84	5	1	1	Agent	-2		-1	Agent		-1	-2	5	wait	[4, 5]	['wait', 'for']	29	122	120	340	340	340	116	116	116	116	-2	-2	4	0	0
5227	84	5	1	1	Agent	-2		-1	Agent		-1	-2	5	wait	[4, 5]	['wait', 'for']	30	18	0	0	0	0	240	372	372	372	-2	-2	4	1	0
5229	84	5	1	1	Agent	-2		-1	Agent		-1	-2	5	wait	[4, 5]	['wait', 'for']	32	146	276	276	276	276	180	180	180	180	-2	-2	4	0	0
5230	84	5	1	1	Agent	-2		-1	Agent		-1	-2	5	wait	[4, 5]	['wait', 'for']	33	175	180	180	260	444	236	236	236	236	-2	-2	4	0	0
5231	84	5	1	1	Agent	-2		-1	Agent		-1	-2	5	wait	[4, 5]	['wait', 'for']	34	165	160	160	160	160	160	160	160	160	-2	-2	4	0	0
5234	84	5	1	1	Agent	-2		-1	Agent		-1	-2	5	wait	[4, 5]	['wait', 'for']	37	55	204	204	204	204	152	152	152	152	-2	-2	4	0	0
5235	84	5	1	1	Agent	-2		-1	Agent		-1	-2	5	wait	[4, 5]	['wait', 'for']	38	99	0	0	0	0	168	168	168	168	-2	-2	4	1	0
5237	84	5	1	1	Agent	-2		-1	Agent		-1	-2	5	wait	[4, 5]	['wait', 'for']	40	186	0	0	0	0	128	128	128	128	-2	-2	4	1	0
5282	85	2	1	1	Patient	-2		-1	Patient		-1	-2	2	die	[1, 2]	['die', 'of']	1	136	164	164	164	164	192	288	288	288	-2	-2	3	0	0
5283	85	2	1	1	Patient	-2		-1	Patient		-1	-2	2	die	[1, 2]	['die', 'of']	2	106	0	0	0	0	76	100	100	424	-2	-2	3	1	0
5287	85	2	1	1	Patient	-2		-1	Patient		-1	-2	2	die	[1, 2]	['die', 'of']	6	41	0	0	0	0	256	256	256	256	-2	-2	3	1	0
5292	85	2	1	1	Patient	-2		-1	Patient		-1	-2	2	die	[1, 2]	['die', 'of']	11	86	80	80	80	80	252	252	252	252	-2	-2	3	0	0
5293	85	2	1	1	Patient	-2		-1	Patient		-1	-2	2	die	[1, 2]	['die', 'of']	12	51	344	344	344	344	144	144	144	144	-2	-2	3	0	0
5299	85	2	1	1	Patient	-2		-1	Patient		-1	-2	2	die	[1, 2]	['die', 'of']	18	30	0	0	0	0	160	160	160	160	-2	-2	3	1	0
5301	85	2	1	1	Patient	-2		-1	Patient		-1	-2	2	die	[1, 2]	['die', 'of']	20	73	0	0	0	0	216	216	216	216	-2	-2	3	1	0
5302	85	2	1	1	Patient	-2		-1	Patient		-1	-2	2	die	[1, 2]	['die', 'of']	21	51	0	0	0	0	156	292	292	476	-2	-2	3	1	0
5309	85	2	1	1	Patient	-2		-1	Patient		-1	-2	2	die	[1, 2]	['die', 'of']	29	22	0	0	0	0	96	96	96	96	-2	-2	3	1	0
5310	85	2	1	1	Patient	-2		-1	Patient		-1	-2	2	die	[1, 2]	['die', 'of']	30	124	316	712	712	712	328	328	328	328	-2	-2	3	0	0
5313	85	2	1	1	Patient	-2		-1	Patient		-1	-2	2	die	[1, 2]	['die', 'of']	33	81	224	224	224	224	104	104	104	104	-2	-2	3	0	0
5314	85	2	1	1	Patient	-2		-1	Patient		-1	-2	2	die	[1, 2]	['die', 'of']	34	39	192	192	192	192	180	180	180	180	-2	-2	3	0	0
5315	85	2	1	1	Patient	-2		-1	Patient		-1	-2	2	die	[1, 2]	['die', 'of']	35	31	0	0	0	0	196	196	196	196	-2	-2	3	1	0
5316	85	2	1	1	Patient	-2		-1	Patient		-1	-2	2	die	[1, 2]	['die', 'of']	36	171	0	0	0	0	156	156	156	156	-2	-2	3	1	0
5317	85	2	1	1	Patient	-2		-1	Patient		-1	-2	2	die	[1, 2]	['die', 'of']	37	39	40	40	200	396	156	156	156	156	-2	-2	3	0	0
5318	85	2	1	1	Patient	-2		-1	Patient		-1	-2	2	die	[1, 2]	['die', 'of']	38	180	236	236	236	404	148	148	148	148	-2	-2	3	0	0
5320	85	2	1	1	Patient	-2		-1	Patient		-1	-2	2	die	[1, 2]	['die', 'of']	40	38	220	220	220	368	236	236	236	236	-2	-2	3	0	0
5324	85	5	2	1	Patient	-1	you	6	TPR	die	2	-3	7	die	[6, 7]	['die', 'in']	1	136	0	0	0	0	152	152	152	152	-1	-3	3	1	0
5326	85	5	2	1	Patient	-1	you	6	TPR	die	2	-3	7	die	[6, 7]	['die', 'in']	3	77	156	156	156	156	232	232	232	232	-1	-3	3	0	0
5327	85	5	2	1	Patient	-1	you	6	TPR	die	2	-3	7	die	[6, 7]	['die', 'in']	4	142	132	132	132	132	168	168	168	168	-1	-3	3	0	0
5331	85	5	2	1	Patient	-1	you	6	TPR	die	2	-3	7	die	[6, 7]	['die', 'in']	8	165	0	0	0	0	140	140	140	140	-1	-3	3	1	0
5332	85	5	2	1	Patient	-1	you	6	TPR	die	2	-3	7	die	[6, 7]	['die', 'in']	9	22	196	196	196	196	56	56	56	56	-1	-3	3	0	0
5333	85	5	2	1	Patient	-1	you	6	TPR	die	2	-3	7	die	[6, 7]	['die', 'in']	10	52	168	168	168	168	132	132	132	132	-1	-3	3	0	0
5334	85	5	2	1	Patient	-1	you	6	TPR	die	2	-3	7	die	[6, 7]	['die', 'in']	11	86	208	208	208	208	272	272	272	596	-1	-3	3	0	0
5338	85	5	2	1	Patient	-1	you	6	TPR	die	2	-3	7	die	[6, 7]	['die', 'in']	15	56	292	292	292	292	212	212	212	736	-1	-3	3	0	0
5341	85	5	2	1	Patient	-1	you	6	TPR	die	2	-3	7	die	[6, 7]	['die', 'in']	18	30	0	0	0	0	252	252	252	408	-1	-3	3	1	0
5342	85	5	2	1	Patient	-1	you	6	TPR	die	2	-3	7	die	[6, 7]	['die', 'in']	19	31	152	152	152	152	120	120	120	120	-1	-3	3	0	0
5343	85	5	2	1	Patient	-1	you	6	TPR	die	2	-3	7	die	[6, 7]	['die', 'in']	20	73	0	0	0	0	204	204	204	204	-1	-3	3	1	0
5345	85	5	2	1	Patient	-1	you	6	TPR	die	2	-3	7	die	[6, 7]	['die', 'in']	22	169	232	232	232	232	120	120	120	120	-1	-3	3	0	0
5347	85	5	2	1	Patient	-1	you	6	TPR	die	2	-3	7	die	[6, 7]	['die', 'in']	24	27	0	0	0	0	212	212	212	392	-1	-3	3	1	0
5355	85	5	2	1	Patient	-1	you	6	TPR	die	2	-3	7	die	[6, 7]	['die', 'in']	33	81	0	0	0	0	220	220	220	220	-1	-3	3	1	0
5356	85	5	2	1	Patient	-1	you	6	TPR	die	2	-3	7	die	[6, 7]	['die', 'in']	34	39	0	0	0	0	176	176	176	176	-1	-3	3	1	0
5357	85	5	2	1	Patient	-1	you	6	TPR	die	2	-3	7	die	[6, 7]	['die', 'in']	35	31	188	188	188	188	136	136	136	136	-1	-3	3	0	0
5358	85	5	2	1	Patient	-1	you	6	TPR	die	2	-3	7	die	[6, 7]	['die', 'in']	36	171	0	0	0	0	240	240	240	516	-1	-3	3	1	0
5365	85	5	2	1	Patient	-1	you	6	TPR	die	2	-3	7	die	[6, 7]	['die', 'in']	43	127	0	0	0	0	136	136	136	136	-1	-3	3	1	0
5366	86	5	1	0	Agent	-2	you	4	Agent		-1	-2	6	watching,	[5]	['watching,']	1	8	48	196	196	196	372	372	372	372	-2	-2	9	0	0
5368	86	5	1	0	Agent	-2	you	4	Agent		-1	-2	6	watching,	[5]	['watching,']	3	103	180	180	180	180	332	332	332	332	-2	-2	9	0	0
5370	86	5	1	0	Agent	-2	you	4	Agent		-1	-2	6	watching,	[5]	['watching,']	5	104	208	208	208	412	196	196	196	196	-2	-2	9	0	0
5373	86	5	1	0	Agent	-2	you	4	Agent		-1	-2	6	watching,	[5]	['watching,']	8	189	0	0	0	0	204	204	204	204	-2	-2	9	1	0
5374	86	5	1	0	Agent	-2	you	4	Agent		-1	-2	6	watching,	[5]	['watching,']	10	24	160	160	160	160	160	160	160	160	-2	-2	9	0	0
5375	86	5	1	0	Agent	-2	you	4	Agent		-1	-2	6	watching,	[5]	['watching,']	11	5	148	276	276	276	188	188	188	188	-2	-2	9	0	0
5376	86	5	1	0	Agent	-2	you	4	Agent		-1	-2	6	watching,	[5]	['watching,']	12	169	344	344	344	344	128	128	128	128	-2	-2	9	0	0
5377	86	5	1	0	Agent	-2	you	4	Agent		-1	-2	6	watching,	[5]	['watching,']	13	179	224	224	224	224	156	156	156	156	-2	-2	9	0	0
5378	86	5	1	0	Agent	-2	you	4	Agent		-1	-2	6	watching,	[5]	['watching,']	14	171	244	244	244	244	204	204	204	204	-2	-2	9	0	0
5380	86	5	1	0	Agent	-2	you	4	Agent		-1	-2	6	watching,	[5]	['watching,']	16	59	0	0	0	0	160	160	160	160	-2	-2	9	1	0
5382	86	5	1	0	Agent	-2	you	4	Agent		-1	-2	6	watching,	[5]	['watching,']	18	23	168	168	168	168	196	196	196	196	-2	-2	9	0	0
5383	86	5	1	0	Agent	-2	you	4	Agent		-1	-2	6	watching,	[5]	['watching,']	19	85	188	188	188	188	200	200	200	200	-2	-2	9	0	0
5384	86	5	1	0	Agent	-2	you	4	Agent		-1	-2	6	watching,	[5]	['watching,']	20	35	0	0	0	0	232	232	232	1064	-2	-2	9	1	0
5386	86	5	1	0	Agent	-2	you	4	Agent		-1	-2	6	watching,	[5]	['watching,']	22	5	436	436	436	436	220	220	220	504	-2	-2	9	0	0
5387	86	5	1	0	Agent	-2	you	4	Agent		-1	-2	6	watching,	[5]	['watching,']	23	170	232	232	232	232	224	224	224	224	-2	-2	9	0	0
5388	86	5	1	0	Agent	-2	you	4	Agent		-1	-2	6	watching,	[5]	['watching,']	24	85	216	216	216	404	184	184	184	184	-2	-2	9	0	0
5389	86	5	1	0	Agent	-2	you	4	Agent		-1	-2	6	watching,	[5]	['watching,']	25	133	212	212	212	212	156	236	236	236	-2	-2	9	0	0
5390	86	5	1	0	Agent	-2	you	4	Agent		-1	-2	6	watching,	[5]	['watching,']	27	129	240	240	240	464	232	232	232	232	-2	-2	9	0	0
5391	86	5	1	0	Agent	-2	you	4	Agent		-1	-2	6	watching,	[5]	['watching,']	28	44	176	176	344	500	324	324	324	324	-2	-2	9	0	0
5392	86	5	1	0	Agent	-2	you	4	Agent		-1	-2	6	watching,	[5]	['watching,']	29	129	140	304	304	304	216	216	216	216	-2	-2	9	0	0
5395	86	5	1	0	Agent	-2	you	4	Agent		-1	-2	6	watching,	[5]	['watching,']	32	134	236	236	236	236	220	220	220	220	-2	-2	9	0	0
5396	86	5	1	0	Agent	-2	you	4	Agent		-1	-2	6	watching,	[5]	['watching,']	33	30	108	108	108	108	216	216	216	216	-2	-2	9	0	0
5397	86	5	1	0	Agent	-2	you	4	Agent		-1	-2	6	watching,	[5]	['watching,']	34	101	204	204	204	204	124	124	124	124	-2	-2	9	0	0
5398	86	5	1	0	Agent	-2	you	4	Agent		-1	-2	6	watching,	[5]	['watching,']	35	11	228	228	228	228	188	188	188	188	-2	-2	9	0	0
5400	86	5	1	0	Agent	-2	you	4	Agent		-1	-2	6	watching,	[5]	['watching,']	37	8	204	204	204	204	140	292	292	292	-2	-2	9	0	0
5401	86	5	1	0	Agent	-2	you	4	Agent		-1	-2	6	watching,	[5]	['watching,']	38	89	180	180	272	532	164	164	164	164	-2	-2	9	0	0
5402	86	5	1	0	Agent	-2	you	4	Agent		-1	-2	6	watching,	[5]	['watching,']	39	184	180	180	180	180	124	124	124	124	-2	-2	9	0	0
5403	86	5	1	0	Agent	-2	you	4	Agent		-1	-2	6	watching,	[5]	['watching,']	40	163	0	0	0	0	168	220	220	220	-2	-2	9	1	0
5405	86	5	1	0	Agent	-2	you	4	Agent		-1	-2	6	watching,	[5]	['watching,']	42	80	0	0	0	0	100	100	100	988	-2	-2	9	1	0
5406	86	5	1	0	Agent	-2	you	4	Agent		-1	-2	6	watching,	[5]	['watching,']	43	79	128	128	128	128	208	208	208	208	-2	-2	9	0	0
5407	86	7	1	2	Agent	-1		-1	Agent		-1	-1	7	give	[6]	['give']	1	8	372	372	372	372	140	140	140	420	-1	-1	4	0	0
5408	86	7	1	2	Agent	-1		-1	Agent		-1	-1	7	give	[6]	['give']	2	109	0	0	0	0	164	164	164	260	-1	-1	4	1	0
5410	86	7	1	2	Agent	-1		-1	Agent		-1	-1	7	give	[6]	['give']	4	128	0	0	0	0	312	312	312	312	-1	-1	4	1	0
5421	86	7	1	2	Agent	-1		-1	Agent		-1	-1	7	give	[6]	['give']	16	59	160	160	160	160	216	216	216	216	-1	-1	4	0	0
5422	86	7	1	2	Agent	-1		-1	Agent		-1	-1	7	give	[6]	['give']	17	103	0	0	0	0	176	176	176	176	-1	-1	4	1	0
5424	86	7	1	2	Agent	-1		-1	Agent		-1	-1	7	give	[6]	['give']	19	85	200	200	200	200	260	260	260	700	-1	-1	4	0	0
5425	86	7	1	2	Agent	-1		-1	Agent		-1	-1	7	give	[6]	['give']	20	35	232	232	232	1064	156	156	156	156	-1	-1	4	0	0
5426	86	7	1	2	Agent	-1		-1	Agent		-1	-1	7	give	[6]	['give']	21	84	0	0	0	0	212	212	212	212	-1	-1	4	1	0
5434	86	7	1	2	Agent	-1		-1	Agent		-1	-1	7	give	[6]	['give']	30	77	0	0	0	0	144	368	368	368	-1	-1	4	1	0
5435	86	7	1	2	Agent	-1		-1	Agent		-1	-1	7	give	[6]	['give']	31	66	0	0	0	0	144	144	144	144	-1	-1	4	1	0
5440	86	7	1	2	Agent	-1		-1	Agent		-1	-1	7	give	[6]	['give']	36	142	0	0	0	0	208	208	208	208	-1	-1	4	1	0
5445	86	7	1	2	Agent	-1		-1	Agent		-1	-1	7	give	[6]	['give']	41	201	0	0	0	0	236	236	236	236	-1	-1	4	1	0
5446	86	7	1	2	Agent	-1		-1	Agent		-1	-1	7	give	[6]	['give']	42	80	100	100	100	988	152	152	152	284	-1	-1	4	0	0
5448	87	1	1	1	Agent	-1	He	1	Agent		-1	-1	2	heaved	[1]	['heaved']	1	63	132	568	568	568	216	216	216	216	-1	-1	6	0	0
5450	87	1	1	1	Agent	-1	He	1	Agent		-1	-1	2	heaved	[1]	['heaved']	3	161	196	508	508	508	144	144	528	808	-1	-1	6	0	0
5451	87	1	1	1	Agent	-1	He	1	Agent		-1	-1	2	heaved	[1]	['heaved']	4	23	172	536	536	536	248	248	248	248	-1	-1	6	0	0
5455	87	1	1	1	Agent	-1	He	1	Agent		-1	-1	2	heaved	[1]	['heaved']	8	203	356	356	356	356	200	200	200	200	-1	-1	6	0	0
5456	87	1	1	1	Agent	-1	He	1	Agent		-1	-1	2	heaved	[1]	['heaved']	9	19	276	276	276	276	200	200	200	200	-1	-1	6	0	0
5457	87	1	1	1	Agent	-1	He	1	Agent		-1	-1	2	heaved	[1]	['heaved']	10	115	0	0	0	0	292	292	476	820	-1	-1	6	1	0
5458	87	1	1	1	Agent	-1	He	1	Agent		-1	-1	2	heaved	[1]	['heaved']	11	128	216	216	216	216	144	144	144	144	-1	-1	6	0	0
5460	87	1	1	1	Agent	-1	He	1	Agent		-1	-1	2	heaved	[1]	['heaved']	13	141	224	224	224	224	216	216	216	216	-1	-1	6	0	0
5462	87	1	1	1	Agent	-1	He	1	Agent		-1	-1	2	heaved	[1]	['heaved']	15	153	0	0	0	0	300	300	300	300	-1	-1	6	1	0
5463	87	1	1	1	Agent	-1	He	1	Agent		-1	-1	2	heaved	[1]	['heaved']	16	177	416	416	416	416	160	160	160	160	-1	-1	6	0	0
5466	87	1	1	1	Agent	-1	He	1	Agent		-1	-1	2	heaved	[1]	['heaved']	19	86	92	92	272	412	300	300	300	300	-1	-1	6	0	0
5469	87	1	1	1	Agent	-1	He	1	Agent		-1	-1	2	heaved	[1]	['heaved']	22	188	212	784	784	784	204	204	204	204	-1	-1	6	0	0
5470	87	1	1	1	Agent	-1	He	1	Agent		-1	-1	2	heaved	[1]	['heaved']	23	112	208	208	208	208	280	280	448	1204	-1	-1	6	0	0
5471	87	1	1	1	Agent	-1	He	1	Agent		-1	-1	2	heaved	[1]	['heaved']	24	10	0	0	0	0	232	232	408	692	-1	-1	6	1	0
5472	87	1	1	1	Agent	-1	He	1	Agent		-1	-1	2	heaved	[1]	['heaved']	25	159	196	344	344	344	164	164	164	164	-1	-1	6	0	0
5473	87	1	1	1	Agent	-1	He	1	Agent		-1	-1	2	heaved	[1]	['heaved']	27	187	420	420	420	420	268	268	268	268	-1	-1	6	0	0
5474	87	1	1	1	Agent	-1	He	1	Agent		-1	-1	2	heaved	[1]	['heaved']	28	150	412	1072	1072	1072	312	312	312	312	-1	-1	6	0	0
5476	87	1	1	1	Agent	-1	He	1	Agent		-1	-1	2	heaved	[1]	['heaved']	30	149	236	1004	1004	1004	244	244	244	244	-1	-1	6	0	0
5478	87	1	1	1	Agent	-1	He	1	Agent		-1	-1	2	heaved	[1]	['heaved']	32	64	156	304	304	304	268	268	268	268	-1	-1	6	0	0
5479	87	1	1	1	Agent	-1	He	1	Agent		-1	-1	2	heaved	[1]	['heaved']	33	4	128	128	128	208	64	168	284	564	-1	-1	6	0	0
5480	87	1	1	1	Agent	-1	He	1	Agent		-1	-1	2	heaved	[1]	['heaved']	34	169	180	180	180	180	200	200	200	200	-1	-1	6	0	0
5481	87	1	1	1	Agent	-1	He	1	Agent		-1	-1	2	heaved	[1]	['heaved']	35	112	148	148	148	148	232	232	232	232	-1	-1	6	0	0
5483	87	1	1	1	Agent	-1	He	1	Agent		-1	-1	2	heaved	[1]	['heaved']	37	65	240	240	240	240	180	180	180	312	-1	-1	6	0	0
5486	87	1	1	1	Agent	-1	He	1	Agent		-1	-1	2	heaved	[1]	['heaved']	40	69	36	36	36	36	184	184	388	604	-1	-1	6	0	0
5488	87	1	1	1	Agent	-1	He	1	Agent		-1	-1	2	heaved	[1]	['heaved']	42	89	232	560	560	560	140	140	140	140	-1	-1	6	0	0
5489	87	1	1	1	Agent	-1	He	1	Agent		-1	-1	2	heaved	[1]	['heaved']	43	50	256	408	408	408	168	168	168	168	-1	-1	6	0	0
5490	87	5	1	1	Agent	-5	He	1	Agent		-1	-5	6	swung	[5]	['swung']	1	63	276	276	276	276	228	228	228	228	-5	-5	5	0	0
5492	87	5	1	1	Agent	-5	He	1	Agent		-1	-5	6	swung	[5]	['swung']	3	161	228	228	228	228	312	312	312	312	-5	-5	5	0	0
5493	87	5	1	1	Agent	-5	He	1	Agent		-1	-5	6	swung	[5]	['swung']	4	23	144	196	196	196	124	124	124	124	-5	-5	5	0	0
5501	87	5	1	1	Agent	-5	He	1	Agent		-1	-5	6	swung	[5]	['swung']	12	49	0	0	0	0	152	152	152	444	-5	-5	5	1	0
5502	87	5	1	1	Agent	-5	He	1	Agent		-1	-5	6	swung	[5]	['swung']	13	141	152	152	152	152	204	204	204	204	-5	-5	5	0	0
5504	87	5	1	1	Agent	-5	He	1	Agent		-1	-5	6	swung	[5]	['swung']	15	153	0	0	0	0	164	164	164	164	-5	-5	5	1	0
5507	87	5	1	1	Agent	-5	He	1	Agent		-1	-5	6	swung	[5]	['swung']	18	7	288	288	288	288	320	320	320	320	-5	-5	5	0	0
5508	87	5	1	1	Agent	-5	He	1	Agent		-1	-5	6	swung	[5]	['swung']	19	86	176	176	176	176	208	208	208	208	-5	-5	5	0	0
5512	87	5	1	1	Agent	-5	He	1	Agent		-1	-5	6	swung	[5]	['swung']	23	112	536	536	536	536	192	192	192	192	-5	-5	5	0	0
5515	87	5	1	1	Agent	-5	He	1	Agent		-1	-5	6	swung	[5]	['swung']	27	187	192	320	320	320	188	188	188	188	-5	-5	5	0	0
5517	87	5	1	1	Agent	-5	He	1	Agent		-1	-5	6	swung	[5]	['swung']	29	40	216	216	368	1008	132	132	132	132	-5	-5	5	0	0
5521	87	5	1	1	Agent	-5	He	1	Agent		-1	-5	6	swung	[5]	['swung']	33	4	196	196	196	196	152	152	152	152	-5	-5	5	0	0
5522	87	5	1	1	Agent	-5	He	1	Agent		-1	-5	6	swung	[5]	['swung']	34	169	164	164	164	164	136	1536	1536	1536	-5	-5	5	0	0
5527	87	5	1	1	Agent	-5	He	1	Agent		-1	-5	6	swung	[5]	['swung']	39	163	0	0	0	0	160	160	160	160	-5	-5	5	1	0
5529	87	5	1	1	Agent	-5	He	1	Agent		-1	-5	6	swung	[5]	['swung']	41	39	164	164	304	1228	164	164	164	164	-5	-5	5	0	0
5532	88	1	1	1	Agent	-1	He	1	Agent		-1	-1	2	is	[1, 2]	['is', 'after']	1	74	184	184	184	184	100	228	228	228	-1	-1	2	0	0
5533	88	1	1	1	Agent	-1	He	1	Agent		-1	-1	2	is	[1, 2]	['is', 'after']	2	52	200	200	200	200	56	92	264	552	-1	-1	2	0	0
5534	88	1	1	1	Agent	-1	He	1	Agent		-1	-1	2	is	[1, 2]	['is', 'after']	3	54	236	236	236	380	156	156	304	448	-1	-1	2	0	0
5535	88	1	1	1	Agent	-1	He	1	Agent		-1	-1	2	is	[1, 2]	['is', 'after']	4	205	244	388	388	388	164	164	164	164	-1	-1	2	0	0
5536	88	1	1	1	Agent	-1	He	1	Agent		-1	-1	2	is	[1, 2]	['is', 'after']	5	118	0	0	0	0	300	300	300	464	-1	-1	2	1	0
5537	88	1	1	1	Agent	-1	He	1	Agent		-1	-1	2	is	[1, 2]	['is', 'after']	6	68	0	0	0	0	184	184	184	184	-1	-1	2	1	0
5538	88	1	1	1	Agent	-1	He	1	Agent		-1	-1	2	is	[1, 2]	['is', 'after']	7	150	0	0	0	0	152	280	280	280	-1	-1	2	1	0
5539	88	1	1	1	Agent	-1	He	1	Agent		-1	-1	2	is	[1, 2]	['is', 'after']	8	107	240	392	392	392	244	392	392	392	-1	-1	2	0	0
5541	88	1	1	1	Agent	-1	He	1	Agent		-1	-1	2	is	[1, 2]	['is', 'after']	11	178	144	144	144	144	160	160	160	160	-1	-1	2	0	0
5542	88	1	1	1	Agent	-1	He	1	Agent		-1	-1	2	is	[1, 2]	['is', 'after']	12	145	0	0	0	0	252	572	784	996	-1	-1	2	1	0
5543	88	1	1	1	Agent	-1	He	1	Agent		-1	-1	2	is	[1, 2]	['is', 'after']	13	144	0	0	0	0	272	272	272	272	-1	-1	2	1	0
5544	88	1	1	1	Agent	-1	He	1	Agent		-1	-1	2	is	[1, 2]	['is', 'after']	14	137	240	376	376	376	264	264	264	264	-1	-1	2	0	0
5546	88	1	1	1	Agent	-1	He	1	Agent		-1	-1	2	is	[1, 2]	['is', 'after']	16	61	76	428	428	428	176	176	176	176	-1	-1	2	0	0
5547	88	1	1	1	Agent	-1	He	1	Agent		-1	-1	2	is	[1, 2]	['is', 'after']	18	131	0	0	0	0	384	384	384	384	-1	-1	2	1	0
5548	88	1	1	1	Agent	-1	He	1	Agent		-1	-1	2	is	[1, 2]	['is', 'after']	19	6	0	0	0	0	92	220	372	628	-1	-1	2	1	0
5549	88	1	1	1	Agent	-1	He	1	Agent		-1	-1	2	is	[1, 2]	['is', 'after']	20	76	280	280	280	280	184	184	184	184	-1	-1	2	0	0
5550	88	1	1	1	Agent	-1	He	1	Agent		-1	-1	2	is	[1, 2]	['is', 'after']	21	131	0	0	0	0	200	324	324	324	-1	-1	2	1	0
5551	88	1	1	1	Agent	-1	He	1	Agent		-1	-1	2	is	[1, 2]	['is', 'after']	22	168	316	316	316	316	332	332	332	332	-1	-1	2	0	0
5552	88	1	1	1	Agent	-1	He	1	Agent		-1	-1	2	is	[1, 2]	['is', 'after']	23	126	104	104	104	104	236	236	236	236	-1	-1	2	0	0
5553	88	1	1	1	Agent	-1	He	1	Agent		-1	-1	2	is	[1, 2]	['is', 'after']	24	198	248	356	356	356	308	308	308	308	-1	-1	2	0	0
5554	88	1	1	1	Agent	-1	He	1	Agent		-1	-1	2	is	[1, 2]	['is', 'after']	25	75	0	0	0	0	196	196	364	500	-1	-1	2	1	0
5555	88	1	1	1	Agent	-1	He	1	Agent		-1	-1	2	is	[1, 2]	['is', 'after']	27	10	0	0	0	0	264	428	656	864	-1	-1	2	1	0
5556	88	1	1	1	Agent	-1	He	1	Agent		-1	-1	2	is	[1, 2]	['is', 'after']	28	188	80	80	80	368	196	196	480	796	-1	-1	2	0	0
5558	88	1	1	1	Agent	-1	He	1	Agent		-1	-1	2	is	[1, 2]	['is', 'after']	30	31	0	0	0	0	180	180	472	944	-1	-1	2	1	0
5559	88	1	1	1	Agent	-1	He	1	Agent		-1	-1	2	is	[1, 2]	['is', 'after']	31	122	224	224	224	224	148	148	148	148	-1	-1	2	0	0
5560	88	1	1	1	Agent	-1	He	1	Agent		-1	-1	2	is	[1, 2]	['is', 'after']	32	153	0	0	0	0	372	372	372	372	-1	-1	2	1	0
5561	88	1	1	1	Agent	-1	He	1	Agent		-1	-1	2	is	[1, 2]	['is', 'after']	33	109	144	144	144	144	104	244	504	580	-1	-1	2	0	0
5562	88	1	1	1	Agent	-1	He	1	Agent		-1	-1	2	is	[1, 2]	['is', 'after']	34	128	204	204	204	204	236	236	236	448	-1	-1	2	0	0
5563	88	1	1	1	Agent	-1	He	1	Agent		-1	-1	2	is	[1, 2]	['is', 'after']	35	199	0	0	0	0	64	64	64	64	-1	-1	2	1	0
5564	88	1	1	1	Agent	-1	He	1	Agent		-1	-1	2	is	[1, 2]	['is', 'after']	36	3	0	0	0	0	212	212	212	212	-1	-1	2	1	0
5565	88	1	1	1	Agent	-1	He	1	Agent		-1	-1	2	is	[1, 2]	['is', 'after']	37	205	116	116	116	116	228	464	1016	1336	-1	-1	2	0	0
5566	88	1	1	1	Agent	-1	He	1	Agent		-1	-1	2	is	[1, 2]	['is', 'after']	38	91	320	320	320	320	308	308	496	684	-1	-1	2	0	0
5567	88	1	1	1	Agent	-1	He	1	Agent		-1	-1	2	is	[1, 2]	['is', 'after']	39	150	0	0	0	0	244	424	424	568	-1	-1	2	1	0
5569	88	1	1	1	Agent	-1	He	1	Agent		-1	-1	2	is	[1, 2]	['is', 'after']	41	176	248	248	248	248	168	556	556	556	-1	-1	2	0	0
5571	88	1	1	1	Agent	-1	He	1	Agent		-1	-1	2	is	[1, 2]	['is', 'after']	43	17	244	244	244	384	172	172	172	172	-1	-1	2	0	0
5572	88	4	1	1	Theme	-4	He	1	Theme		-1	-4	6	heads	[5, 6]	['heads', 'for']	1	74	172	172	172	172	112	112	364	612	-4	-4	5	0	0
5573	88	4	1	1	Theme	-4	He	1	Theme		-1	-4	6	heads	[5, 6]	['heads', 'for']	2	52	488	488	488	488	184	184	184	184	-4	-4	5	0	0
5574	88	4	1	1	Theme	-4	He	1	Theme		-1	-4	6	heads	[5, 6]	['heads', 'for']	3	54	244	344	344	344	184	184	184	184	-4	-4	5	0	0
5579	88	4	1	1	Theme	-4	He	1	Theme		-1	-4	6	heads	[5, 6]	['heads', 'for']	8	107	172	292	292	292	176	176	176	176	-4	-4	5	0	0
5581	88	4	1	1	Theme	-4	He	1	Theme		-1	-4	6	heads	[5, 6]	['heads', 'for']	11	178	176	176	176	176	188	188	188	188	-4	-4	5	0	0
5582	88	4	1	1	Theme	-4	He	1	Theme		-1	-4	6	heads	[5, 6]	['heads', 'for']	12	145	224	224	424	1064	212	212	212	212	-4	-4	5	0	0
5583	88	4	1	1	Theme	-4	He	1	Theme		-1	-4	6	heads	[5, 6]	['heads', 'for']	13	144	188	188	188	188	340	340	340	340	-4	-4	5	0	0
5586	88	4	1	1	Theme	-4	He	1	Theme		-1	-4	6	heads	[5, 6]	['heads', 'for']	16	61	144	284	284	284	332	332	332	332	-4	-4	5	0	0
5588	88	4	1	1	Theme	-4	He	1	Theme		-1	-4	6	heads	[5, 6]	['heads', 'for']	19	6	216	360	360	360	192	192	192	192	-4	-4	5	0	0
5592	88	4	1	1	Theme	-4	He	1	Theme		-1	-4	6	heads	[5, 6]	['heads', 'for']	23	126	296	296	296	296	116	296	296	296	-4	-4	5	0	0
5593	88	4	1	1	Theme	-4	He	1	Theme		-1	-4	6	heads	[5, 6]	['heads', 'for']	24	198	236	380	380	380	172	172	172	172	-4	-4	5	0	0
5595	88	4	1	1	Theme	-4	He	1	Theme		-1	-4	6	heads	[5, 6]	['heads', 'for']	27	10	372	496	496	496	220	220	220	220	-4	-4	5	0	0
5596	88	4	1	1	Theme	-4	He	1	Theme		-1	-4	6	heads	[5, 6]	['heads', 'for']	28	188	336	696	696	824	200	200	200	200	-4	-4	5	0	0
5597	88	4	1	1	Theme	-4	He	1	Theme		-1	-4	6	heads	[5, 6]	['heads', 'for']	29	15	276	276	276	276	180	180	180	356	-4	-4	5	0	0
5598	88	4	1	1	Theme	-4	He	1	Theme		-1	-4	6	heads	[5, 6]	['heads', 'for']	30	31	236	236	236	420	284	284	284	284	-4	-4	5	0	0
5599	88	4	1	1	Theme	-4	He	1	Theme		-1	-4	6	heads	[5, 6]	['heads', 'for']	31	122	0	0	0	0	120	120	120	196	-4	-4	5	1	0
5601	88	4	1	1	Theme	-4	He	1	Theme		-1	-4	6	heads	[5, 6]	['heads', 'for']	33	109	324	464	464	464	132	132	132	132	-4	-4	5	0	0
5605	88	4	1	1	Theme	-4	He	1	Theme		-1	-4	6	heads	[5, 6]	['heads', 'for']	37	205	192	412	412	412	196	196	196	196	-4	-4	5	0	0
5612	89	2	2	0	Manner	-1	just	2	Experiencer	He	1	-2	3	wished	[2]	['wished']	1	67	208	208	208	208	228	228	228	228	-1	-2	6	0	0
5614	89	2	2	0	Manner	-1	just	2	Experiencer	He	1	-2	3	wished	[2]	['wished']	3	148	144	144	144	144	288	288	288	436	-1	-2	6	0	0
5616	89	2	2	0	Manner	-1	just	2	Experiencer	He	1	-2	3	wished	[2]	['wished']	5	188	276	276	804	2012	160	160	160	160	-1	-2	6	0	0
5621	89	2	2	0	Manner	-1	just	2	Experiencer	He	1	-2	3	wished	[2]	['wished']	11	101	196	196	196	196	172	172	172	172	-1	-2	6	0	0
5622	89	2	2	0	Manner	-1	just	2	Experiencer	He	1	-2	3	wished	[2]	['wished']	12	126	0	0	0	0	212	212	212	212	-1	-2	6	1	0
5626	89	2	2	0	Manner	-1	just	2	Experiencer	He	1	-2	3	wished	[2]	['wished']	16	204	136	296	296	296	208	208	208	208	-1	-2	6	0	0
5631	89	2	2	0	Manner	-1	just	2	Experiencer	He	1	-2	3	wished	[2]	['wished']	22	9	0	0	0	0	164	164	164	2644	-1	-2	6	1	0
5633	89	2	2	0	Manner	-1	just	2	Experiencer	He	1	-2	3	wished	[2]	['wished']	24	176	312	312	312	312	196	196	196	196	-1	-2	6	0	0
5635	89	2	2	0	Manner	-1	just	2	Experiencer	He	1	-2	3	wished	[2]	['wished']	27	18	172	172	172	172	124	124	124	124	-1	-2	6	0	0
5638	89	2	2	0	Manner	-1	just	2	Experiencer	He	1	-2	3	wished	[2]	['wished']	30	99	264	392	392	392	500	500	500	500	-1	-2	6	0	0
5641	89	2	2	0	Manner	-1	just	2	Experiencer	He	1	-2	3	wished	[2]	['wished']	33	113	136	136	136	136	220	220	220	372	-1	-2	6	0	0
5645	89	2	2	0	Manner	-1	just	2	Experiencer	He	1	-2	3	wished	[2]	['wished']	37	83	236	236	236	236	172	172	172	172	-1	-2	6	0	0
5651	89	2	2	0	Manner	-1	just	2	Experiencer	He	1	-2	3	wished	[2]	['wished']	43	38	172	172	172	172	140	140	140	140	-1	-2	6	0	0
5652	89	5	1	1	Agent	-1	he	4	Agent		-1	-1	6	talk	[5, 6]	['talk', 'to']	1	67	308	308	308	308	344	344	344	344	-1	-1	4	0	0
5654	89	5	1	1	Agent	-1	he	4	Agent		-1	-1	6	talk	[5, 6]	['talk', 'to']	3	148	180	180	180	180	260	260	260	260	-1	-1	4	0	0
5657	89	5	1	1	Agent	-1	he	4	Agent		-1	-1	6	talk	[5, 6]	['talk', 'to']	6	81	0	0	0	0	368	368	368	368	-1	-1	4	1	0
5660	89	5	1	1	Agent	-1	he	4	Agent		-1	-1	6	talk	[5, 6]	['talk', 'to']	10	130	156	156	156	156	116	116	116	116	-1	-1	4	0	0
5663	89	5	1	1	Agent	-1	he	4	Agent		-1	-1	6	talk	[5, 6]	['talk', 'to']	13	193	204	204	204	204	228	228	228	228	-1	-1	4	0	0
5664	89	5	1	1	Agent	-1	he	4	Agent		-1	-1	6	talk	[5, 6]	['talk', 'to']	14	150	228	228	228	228	356	356	356	628	-1	-1	4	0	0
5666	89	5	1	1	Agent	-1	he	4	Agent		-1	-1	6	talk	[5, 6]	['talk', 'to']	16	204	220	220	220	220	84	84	84	84	-1	-1	4	0	0
5667	89	5	1	1	Agent	-1	he	4	Agent		-1	-1	6	talk	[5, 6]	['talk', 'to']	18	72	0	0	0	0	208	208	208	208	-1	-1	4	1	0
5669	89	5	1	1	Agent	-1	he	4	Agent		-1	-1	6	talk	[5, 6]	['talk', 'to']	20	123	0	0	0	0	152	152	152	152	-1	-1	4	1	0
5670	89	5	1	1	Agent	-1	he	4	Agent		-1	-1	6	talk	[5, 6]	['talk', 'to']	21	93	164	164	164	164	128	128	128	128	-1	-1	4	0	0
5672	89	5	1	1	Agent	-1	he	4	Agent		-1	-1	6	talk	[5, 6]	['talk', 'to']	23	48	216	216	216	216	224	224	224	224	-1	-1	4	0	0
5675	89	5	1	1	Agent	-1	he	4	Agent		-1	-1	6	talk	[5, 6]	['talk', 'to']	27	18	0	0	0	0	176	452	452	452	-1	-1	4	1	0
5676	89	5	1	1	Agent	-1	he	4	Agent		-1	-1	6	talk	[5, 6]	['talk', 'to']	28	184	0	0	0	0	140	140	140	140	-1	-1	4	1	0
5678	89	5	1	1	Agent	-1	he	4	Agent		-1	-1	6	talk	[5, 6]	['talk', 'to']	30	99	364	364	364	364	320	320	320	320	-1	-1	4	0	0
5681	89	5	1	1	Agent	-1	he	4	Agent		-1	-1	6	talk	[5, 6]	['talk', 'to']	33	113	152	152	152	152	296	296	296	296	-1	-1	4	0	0
5691	89	5	1	1	Agent	-1	he	4	Agent		-1	-1	6	talk	[5, 6]	['talk', 'to']	43	38	0	0	0	0	220	220	220	220	-1	-1	4	1	0
5692	90	1	1	1	Agent	-1	He	1	Agent		-1	-1	2	lay	[1]	['lay']	1	13	252	252	252	360	256	256	256	256	-1	-1	3	0	0
5693	90	1	1	1	Agent	-1	He	1	Agent		-1	-1	2	lay	[1]	['lay']	2	170	0	0	0	0	172	172	172	172	-1	-1	3	1	0
5694	90	1	1	1	Agent	-1	He	1	Agent		-1	-1	2	lay	[1]	['lay']	3	72	360	360	360	360	160	160	160	160	-1	-1	3	0	0
5696	90	1	1	1	Agent	-1	He	1	Agent		-1	-1	2	lay	[1]	['lay']	5	169	0	0	0	0	304	304	304	560	-1	-1	3	1	0
5697	90	1	1	1	Agent	-1	He	1	Agent		-1	-1	2	lay	[1]	['lay']	6	172	0	0	0	0	232	232	232	232	-1	-1	3	1	0
5699	90	1	1	1	Agent	-1	He	1	Agent		-1	-1	2	lay	[1]	['lay']	8	36	172	172	172	172	448	448	448	448	-1	-1	3	0	0
5701	90	1	1	1	Agent	-1	He	1	Agent		-1	-1	2	lay	[1]	['lay']	11	21	212	212	212	212	236	236	404	564	-1	-1	3	0	0
5703	90	1	1	1	Agent	-1	He	1	Agent		-1	-1	2	lay	[1]	['lay']	13	140	0	0	0	0	232	232	232	232	-1	-1	3	1	0
5704	90	1	1	1	Agent	-1	He	1	Agent		-1	-1	2	lay	[1]	['lay']	14	132	384	384	384	384	128	128	128	128	-1	-1	3	0	0
5705	90	1	1	1	Agent	-1	He	1	Agent		-1	-1	2	lay	[1]	['lay']	15	131	0	0	0	0	220	220	220	320	-1	-1	3	1	0
5706	90	1	1	1	Agent	-1	He	1	Agent		-1	-1	2	lay	[1]	['lay']	16	119	188	188	188	188	172	444	444	444	-1	-1	3	0	0
5707	90	1	1	1	Agent	-1	He	1	Agent		-1	-1	2	lay	[1]	['lay']	17	69	228	228	228	228	132	132	132	132	-1	-1	3	0	0
5709	90	1	1	1	Agent	-1	He	1	Agent		-1	-1	2	lay	[1]	['lay']	19	187	120	264	264	264	108	108	108	108	-1	-1	3	0	0
5710	90	1	1	1	Agent	-1	He	1	Agent		-1	-1	2	lay	[1]	['lay']	20	175	228	228	228	228	152	152	152	152	-1	-1	3	0	0
5712	90	1	1	1	Agent	-1	He	1	Agent		-1	-1	2	lay	[1]	['lay']	22	165	0	0	0	0	248	248	248	840	-1	-1	3	1	0
5713	90	1	1	1	Agent	-1	He	1	Agent		-1	-1	2	lay	[1]	['lay']	23	197	224	224	224	224	240	240	240	908	-1	-1	3	0	0
5714	90	1	1	1	Agent	-1	He	1	Agent		-1	-1	2	lay	[1]	['lay']	24	8	204	204	204	204	316	316	316	316	-1	-1	3	0	0
5716	90	1	1	1	Agent	-1	He	1	Agent		-1	-1	2	lay	[1]	['lay']	27	123	0	0	0	0	232	432	432	432	-1	-1	3	1	0
5717	90	1	1	1	Agent	-1	He	1	Agent		-1	-1	2	lay	[1]	['lay']	28	96	228	228	228	228	464	464	464	464	-1	-1	3	0	0
5719	90	1	1	1	Agent	-1	He	1	Agent		-1	-1	2	lay	[1]	['lay']	30	4	0	0	0	0	100	100	428	916	-1	-1	3	1	0
5721	90	1	1	1	Agent	-1	He	1	Agent		-1	-1	2	lay	[1]	['lay']	32	62	284	284	284	284	176	176	176	176	-1	-1	3	0	0
5722	90	1	1	1	Agent	-1	He	1	Agent		-1	-1	2	lay	[1]	['lay']	33	157	164	164	164	164	116	116	116	116	-1	-1	3	0	0
5723	90	1	1	1	Agent	-1	He	1	Agent		-1	-1	2	lay	[1]	['lay']	34	143	0	0	0	0	404	404	404	404	-1	-1	3	1	0
5726	90	1	1	1	Agent	-1	He	1	Agent		-1	-1	2	lay	[1]	['lay']	37	125	192	360	360	360	120	120	120	120	-1	-1	3	0	0
5731	90	1	1	1	Agent	-1	He	1	Agent		-1	-1	2	lay	[1]	['lay']	42	94	24	388	388	388	244	244	244	244	-1	-1	3	0	0
5733	90	5	1	1	Agent	-5	He	1	Agent		-1	-5	7	extended	[6]	['extended']	1	13	476	476	476	476	284	284	284	284	-5	-5	8	0	0
5734	90	5	1	1	Agent	-5	He	1	Agent		-1	-5	7	extended	[6]	['extended']	2	170	216	216	216	216	104	304	304	420	-5	-5	8	0	0
5735	90	5	1	1	Agent	-5	He	1	Agent		-1	-5	7	extended	[6]	['extended']	3	72	188	188	188	188	364	364	364	364	-5	-5	8	0	0
5737	90	5	1	1	Agent	-5	He	1	Agent		-1	-5	7	extended	[6]	['extended']	5	169	224	224	224	708	572	572	572	936	-5	-5	8	0	0
5740	90	5	1	1	Agent	-5	He	1	Agent		-1	-5	7	extended	[6]	['extended']	8	36	184	320	320	320	412	412	412	696	-5	-5	8	0	0
5741	90	5	1	1	Agent	-5	He	1	Agent		-1	-5	7	extended	[6]	['extended']	10	71	116	248	248	248	172	172	172	172	-5	-5	8	0	0
5742	90	5	1	1	Agent	-5	He	1	Agent		-1	-5	7	extended	[6]	['extended']	11	21	160	420	420	420	256	256	256	424	-5	-5	8	0	0
5743	90	5	1	1	Agent	-5	He	1	Agent		-1	-5	7	extended	[6]	['extended']	12	203	260	260	260	260	232	232	232	736	-5	-5	8	0	0
5744	90	5	1	1	Agent	-5	He	1	Agent		-1	-5	7	extended	[6]	['extended']	13	140	240	240	240	240	156	156	156	156	-5	-5	8	0	0
5745	90	5	1	1	Agent	-5	He	1	Agent		-1	-5	7	extended	[6]	['extended']	14	132	312	312	312	312	356	356	356	356	-5	-5	8	0	0
5746	90	5	1	1	Agent	-5	He	1	Agent		-1	-5	7	extended	[6]	['extended']	15	131	164	164	164	164	424	424	424	872	-5	-5	8	0	0
5750	90	5	1	1	Agent	-5	He	1	Agent		-1	-5	7	extended	[6]	['extended']	19	187	176	176	176	176	220	220	220	564	-5	-5	8	0	0
5754	90	5	1	1	Agent	-5	He	1	Agent		-1	-5	7	extended	[6]	['extended']	23	197	232	232	232	232	88	272	272	272	-5	-5	8	0	0
5757	90	5	1	1	Agent	-5	He	1	Agent		-1	-5	7	extended	[6]	['extended']	27	123	200	200	200	200	292	292	292	292	-5	-5	8	0	0
5758	90	5	1	1	Agent	-5	He	1	Agent		-1	-5	7	extended	[6]	['extended']	28	96	200	452	452	452	364	364	364	364	-5	-5	8	0	0
5761	90	5	1	1	Agent	-5	He	1	Agent		-1	-5	7	extended	[6]	['extended']	31	154	140	140	140	140	160	160	160	160	-5	-5	8	0	0
5762	90	5	1	1	Agent	-5	He	1	Agent		-1	-5	7	extended	[6]	['extended']	32	62	160	356	356	356	196	196	196	196	-5	-5	8	0	0
5767	90	5	1	1	Agent	-5	He	1	Agent		-1	-5	7	extended	[6]	['extended']	37	125	200	352	352	352	304	304	304	304	-5	-5	8	0	0
5769	90	5	1	1	Agent	-5	He	1	Agent		-1	-5	7	extended	[6]	['extended']	39	116	216	216	216	216	284	520	520	520	-5	-5	8	0	0
5773	90	5	1	1	Agent	-5	He	1	Agent		-1	-5	7	extended	[6]	['extended']	43	203	236	236	236	236	208	208	208	208	-5	-5	8	0	0
5774	91	1	1	0	Agent	-1	He	1	Agent		-1	-1	2	sighed	[1, 2]	['sighed', 'and']	1	143	140	140	140	140	280	280	280	400	-1	-1	6	0	0
5776	91	1	1	0	Agent	-1	He	1	Agent		-1	-1	2	sighed	[1, 2]	['sighed', 'and']	3	180	324	484	484	484	172	172	172	172	-1	-1	6	0	0
5778	91	1	1	0	Agent	-1	He	1	Agent		-1	-1	2	sighed	[1, 2]	['sighed', 'and']	5	127	0	0	0	0	248	248	248	556	-1	-1	6	1	0
5782	91	1	1	0	Agent	-1	He	1	Agent		-1	-1	2	sighed	[1, 2]	['sighed', 'and']	9	27	0	0	0	0	228	228	376	588	-1	-1	6	1	0
5783	91	1	1	0	Agent	-1	He	1	Agent		-1	-1	2	sighed	[1, 2]	['sighed', 'and']	10	77	128	128	128	128	140	140	140	140	-1	-1	6	0	0
5784	91	1	1	0	Agent	-1	He	1	Agent		-1	-1	2	sighed	[1, 2]	['sighed', 'and']	11	98	332	332	332	332	88	88	88	88	-1	-1	6	0	0
5785	91	1	1	0	Agent	-1	He	1	Agent		-1	-1	2	sighed	[1, 2]	['sighed', 'and']	12	80	0	0	0	0	256	256	256	472	-1	-1	6	1	0
5789	91	1	1	0	Agent	-1	He	1	Agent		-1	-1	2	sighed	[1, 2]	['sighed', 'and']	16	35	228	372	372	372	140	140	140	140	-1	-1	6	0	0
5790	91	1	1	0	Agent	-1	He	1	Agent		-1	-1	2	sighed	[1, 2]	['sighed', 'and']	17	102	548	1272	1272	1272	444	444	740	1444	-1	-1	6	0	0
5792	91	1	1	0	Agent	-1	He	1	Agent		-1	-1	2	sighed	[1, 2]	['sighed', 'and']	19	22	0	0	0	0	28	212	212	464	-1	-1	6	1	0
5795	91	1	1	0	Agent	-1	He	1	Agent		-1	-1	2	sighed	[1, 2]	['sighed', 'and']	22	44	0	0	0	0	232	232	460	968	-1	-1	6	1	0
5796	91	1	1	0	Agent	-1	He	1	Agent		-1	-1	2	sighed	[1, 2]	['sighed', 'and']	23	164	340	476	476	476	216	216	216	216	-1	-1	6	0	0
5797	91	1	1	0	Agent	-1	He	1	Agent		-1	-1	2	sighed	[1, 2]	['sighed', 'and']	24	12	0	0	0	0	256	256	484	788	-1	-1	6	1	0
5798	91	1	1	0	Agent	-1	He	1	Agent		-1	-1	2	sighed	[1, 2]	['sighed', 'and']	25	34	208	208	208	208	244	244	244	244	-1	-1	6	0	0
5799	91	1	1	0	Agent	-1	He	1	Agent		-1	-1	2	sighed	[1, 2]	['sighed', 'and']	27	54	0	0	0	0	132	132	132	448	-1	-1	6	1	0
5801	91	1	1	0	Agent	-1	He	1	Agent		-1	-1	2	sighed	[1, 2]	['sighed', 'and']	29	78	0	0	0	0	232	232	232	496	-1	-1	6	1	0
5802	91	1	1	0	Agent	-1	He	1	Agent		-1	-1	2	sighed	[1, 2]	['sighed', 'and']	30	147	308	564	564	564	256	256	256	256	-1	-1	6	0	0
5804	91	1	1	0	Agent	-1	He	1	Agent		-1	-1	2	sighed	[1, 2]	['sighed', 'and']	32	165	240	376	376	376	180	180	180	180	-1	-1	6	0	0
5806	91	1	1	0	Agent	-1	He	1	Agent		-1	-1	2	sighed	[1, 2]	['sighed', 'and']	34	179	0	0	0	0	316	316	316	316	-1	-1	6	1	0
5807	91	1	1	0	Agent	-1	He	1	Agent		-1	-1	2	sighed	[1, 2]	['sighed', 'and']	35	203	268	376	376	376	196	196	196	196	-1	-1	6	0	0
5812	91	1	1	0	Agent	-1	He	1	Agent		-1	-1	2	sighed	[1, 2]	['sighed', 'and']	40	41	60	60	60	60	160	160	160	516	-1	-1	6	0	0
5814	91	1	1	0	Agent	-1	He	1	Agent		-1	-1	2	sighed	[1, 2]	['sighed', 'and']	42	133	0	0	0	0	224	224	224	224	-1	-1	6	1	0
5815	91	1	1	0	Agent	-1	He	1	Agent		-1	-1	2	sighed	[1, 2]	['sighed', 'and']	43	91	268	400	400	400	168	168	168	168	-1	-1	6	0	0
5816	91	3	1	1	Theme	-3	He	1	Theme		-1	-3	4	walked	[3, 4, 5]	['walked', 'back', 'to']	1	143	192	192	192	192	176	176	176	176	-3	-3	6	0	0
5817	91	3	1	1	Theme	-3	He	1	Theme		-1	-3	4	walked	[3, 4, 5]	['walked', 'back', 'to']	2	105	84	128	368	536	192	192	192	192	-3	-3	6	0	0
5818	91	3	1	1	Theme	-3	He	1	Theme		-1	-3	4	walked	[3, 4, 5]	['walked', 'back', 'to']	3	180	156	156	156	156	160	160	160	160	-3	-3	6	0	0
5819	91	3	1	1	Theme	-3	He	1	Theme		-1	-3	4	walked	[3, 4, 5]	['walked', 'back', 'to']	4	101	188	188	188	188	136	288	288	288	-3	-3	6	0	0
5820	91	3	1	1	Theme	-3	He	1	Theme		-1	-3	4	walked	[3, 4, 5]	['walked', 'back', 'to']	5	127	256	256	256	256	224	224	224	224	-3	-3	6	0	0
5821	91	3	1	1	Theme	-3	He	1	Theme		-1	-3	4	walked	[3, 4, 5]	['walked', 'back', 'to']	6	67	200	200	200	200	140	140	140	140	-3	-3	6	0	0
5822	91	3	1	1	Theme	-3	He	1	Theme		-1	-3	4	walked	[3, 4, 5]	['walked', 'back', 'to']	7	60	148	148	148	296	200	200	200	200	-3	-3	6	0	0
5823	91	3	1	1	Theme	-3	He	1	Theme		-1	-3	4	walked	[3, 4, 5]	['walked', 'back', 'to']	8	17	188	308	308	308	188	188	188	188	-3	-3	6	0	0
5824	91	3	1	1	Theme	-3	He	1	Theme		-1	-3	4	walked	[3, 4, 5]	['walked', 'back', 'to']	9	27	120	120	120	120	192	192	192	192	-3	-3	6	0	0
5825	91	3	1	1	Theme	-3	He	1	Theme		-1	-3	4	walked	[3, 4, 5]	['walked', 'back', 'to']	10	77	104	104	104	104	232	232	232	232	-3	-3	6	0	0
5826	91	3	1	1	Theme	-3	He	1	Theme		-1	-3	4	walked	[3, 4, 5]	['walked', 'back', 'to']	11	98	184	184	184	184	136	136	136	136	-3	-3	6	0	0
5828	91	3	1	1	Theme	-3	He	1	Theme		-1	-3	4	walked	[3, 4, 5]	['walked', 'back', 'to']	13	135	200	200	200	200	176	176	176	176	-3	-3	6	0	0
5829	91	3	1	1	Theme	-3	He	1	Theme		-1	-3	4	walked	[3, 4, 5]	['walked', 'back', 'to']	14	157	200	200	200	200	140	140	140	140	-3	-3	6	0	0
5831	91	3	1	1	Theme	-3	He	1	Theme		-1	-3	4	walked	[3, 4, 5]	['walked', 'back', 'to']	16	35	156	156	156	156	184	316	316	316	-3	-3	6	0	0
5833	91	3	1	1	Theme	-3	He	1	Theme		-1	-3	4	walked	[3, 4, 5]	['walked', 'back', 'to']	18	46	236	236	236	236	208	208	208	208	-3	-3	6	0	0
5834	91	3	1	1	Theme	-3	He	1	Theme		-1	-3	4	walked	[3, 4, 5]	['walked', 'back', 'to']	19	22	180	180	180	180	176	176	176	176	-3	-3	6	0	0
5837	91	3	1	1	Theme	-3	He	1	Theme		-1	-3	4	walked	[3, 4, 5]	['walked', 'back', 'to']	22	44	212	212	212	212	192	192	192	192	-3	-3	6	0	0
5838	91	3	1	1	Theme	-3	He	1	Theme		-1	-3	4	walked	[3, 4, 5]	['walked', 'back', 'to']	23	164	268	268	268	268	232	232	232	232	-3	-3	6	0	0
5839	91	3	1	1	Theme	-3	He	1	Theme		-1	-3	4	walked	[3, 4, 5]	['walked', 'back', 'to']	24	12	188	188	188	188	172	172	172	172	-3	-3	6	0	0
5840	91	3	1	1	Theme	-3	He	1	Theme		-1	-3	4	walked	[3, 4, 5]	['walked', 'back', 'to']	25	34	144	144	144	144	160	292	292	292	-3	-3	6	0	0
5841	91	3	1	1	Theme	-3	He	1	Theme		-1	-3	4	walked	[3, 4, 5]	['walked', 'back', 'to']	27	54	172	320	320	320	172	172	172	172	-3	-3	6	0	0
5842	91	3	1	1	Theme	-3	He	1	Theme		-1	-3	4	walked	[3, 4, 5]	['walked', 'back', 'to']	28	34	0	0	0	0	228	228	460	996	-3	-3	6	1	0
5843	91	3	1	1	Theme	-3	He	1	Theme		-1	-3	4	walked	[3, 4, 5]	['walked', 'back', 'to']	29	78	292	292	292	292	208	208	208	208	-3	-3	6	0	0
5844	91	3	1	1	Theme	-3	He	1	Theme		-1	-3	4	walked	[3, 4, 5]	['walked', 'back', 'to']	30	147	208	208	208	208	340	340	340	340	-3	-3	6	0	0
5846	91	3	1	1	Theme	-3	He	1	Theme		-1	-3	4	walked	[3, 4, 5]	['walked', 'back', 'to']	32	165	248	248	248	248	244	244	244	244	-3	-3	6	0	0
5847	91	3	1	1	Theme	-3	He	1	Theme		-1	-3	4	walked	[3, 4, 5]	['walked', 'back', 'to']	33	63	244	244	244	244	176	176	176	176	-3	-3	6	0	0
5852	91	3	1	1	Theme	-3	He	1	Theme		-1	-3	4	walked	[3, 4, 5]	['walked', 'back', 'to']	38	98	244	244	244	324	232	408	408	408	-3	-3	6	0	0
5854	91	3	1	1	Theme	-3	He	1	Theme		-1	-3	4	walked	[3, 4, 5]	['walked', 'back', 'to']	40	41	204	204	204	204	184	184	184	184	-3	-3	6	0	0
5857	91	3	1	1	Theme	-3	He	1	Theme		-1	-3	4	walked	[3, 4, 5]	['walked', 'back', 'to']	43	91	136	136	136	136	180	180	180	180	-3	-3	6	0	0
5858	92	1	1	0	Agent	-1	He	1	Agent		-1	-1	2	smiled	[1, 2]	['smiled', 'when']	1	126	116	116	116	116	184	480	480	480	-1	-1	6	0	0
5859	92	1	1	0	Agent	-1	He	1	Agent		-1	-1	2	smiled	[1, 2]	['smiled', 'when']	2	38	152	152	152	152	156	156	156	156	-1	-1	6	0	0
5860	92	1	1	0	Agent	-1	He	1	Agent		-1	-1	2	smiled	[1, 2]	['smiled', 'when']	3	62	120	480	480	480	280	280	280	280	-1	-1	6	0	0
5864	92	1	1	0	Agent	-1	He	1	Agent		-1	-1	2	smiled	[1, 2]	['smiled', 'when']	7	78	120	120	120	120	104	104	104	104	-1	-1	6	0	0
5865	92	1	1	0	Agent	-1	He	1	Agent		-1	-1	2	smiled	[1, 2]	['smiled', 'when']	8	11	0	0	0	0	136	136	336	628	-1	-1	6	1	0
5866	92	1	1	0	Agent	-1	He	1	Agent		-1	-1	2	smiled	[1, 2]	['smiled', 'when']	10	156	288	404	404	404	172	172	172	172	-1	-1	6	0	0
5867	92	1	1	0	Agent	-1	He	1	Agent		-1	-1	2	smiled	[1, 2]	['smiled', 'when']	11	193	132	132	132	132	140	140	140	140	-1	-1	6	0	0
5868	92	1	1	0	Agent	-1	He	1	Agent		-1	-1	2	smiled	[1, 2]	['smiled', 'when']	12	45	0	0	0	0	236	416	584	780	-1	-1	6	1	0
5869	92	1	1	0	Agent	-1	He	1	Agent		-1	-1	2	smiled	[1, 2]	['smiled', 'when']	13	50	0	0	0	0	96	96	96	96	-1	-1	6	1	0
5870	92	1	1	0	Agent	-1	He	1	Agent		-1	-1	2	smiled	[1, 2]	['smiled', 'when']	14	111	228	584	584	584	152	152	152	152	-1	-1	6	0	0
5871	92	1	1	0	Agent	-1	He	1	Agent		-1	-1	2	smiled	[1, 2]	['smiled', 'when']	15	11	232	232	232	232	144	144	144	144	-1	-1	6	0	0
5872	92	1	1	0	Agent	-1	He	1	Agent		-1	-1	2	smiled	[1, 2]	['smiled', 'when']	16	146	252	408	408	408	148	296	296	296	-1	-1	6	0	0
5873	92	1	1	0	Agent	-1	He	1	Agent		-1	-1	2	smiled	[1, 2]	['smiled', 'when']	17	41	236	436	436	436	136	136	136	136	-1	-1	6	0	0
5874	92	1	1	0	Agent	-1	He	1	Agent		-1	-1	2	smiled	[1, 2]	['smiled', 'when']	18	143	328	328	328	328	176	176	176	176	-1	-1	6	0	0
5875	92	1	1	0	Agent	-1	He	1	Agent		-1	-1	2	smiled	[1, 2]	['smiled', 'when']	19	58	140	352	352	352	136	136	136	136	-1	-1	6	0	0
5877	92	1	1	0	Agent	-1	He	1	Agent		-1	-1	2	smiled	[1, 2]	['smiled', 'when']	21	65	196	196	196	196	144	144	144	252	-1	-1	6	0	0
5878	92	1	1	0	Agent	-1	He	1	Agent		-1	-1	2	smiled	[1, 2]	['smiled', 'when']	22	127	292	444	444	444	188	188	188	188	-1	-1	6	0	0
5879	92	1	1	0	Agent	-1	He	1	Agent		-1	-1	2	smiled	[1, 2]	['smiled', 'when']	23	105	0	0	0	0	1620	1620	1620	1620	-1	-1	6	1	0
5880	92	1	1	0	Agent	-1	He	1	Agent		-1	-1	2	smiled	[1, 2]	['smiled', 'when']	24	106	168	168	168	168	176	176	176	176	-1	-1	6	0	0
5881	92	1	1	0	Agent	-1	He	1	Agent		-1	-1	2	smiled	[1, 2]	['smiled', 'when']	25	202	240	456	456	456	104	104	104	104	-1	-1	6	0	0
5882	92	1	1	0	Agent	-1	He	1	Agent		-1	-1	2	smiled	[1, 2]	['smiled', 'when']	27	152	364	364	364	364	328	392	392	392	-1	-1	6	0	0
5883	92	1	1	0	Agent	-1	He	1	Agent		-1	-1	2	smiled	[1, 2]	['smiled', 'when']	28	104	236	520	520	520	272	272	272	272	-1	-1	6	0	0
5884	92	1	1	0	Agent	-1	He	1	Agent		-1	-1	2	smiled	[1, 2]	['smiled', 'when']	29	58	108	108	108	108	312	312	312	312	-1	-1	6	0	0
5885	92	1	1	0	Agent	-1	He	1	Agent		-1	-1	2	smiled	[1, 2]	['smiled', 'when']	30	9	260	260	472	892	252	252	252	252	-1	-1	6	0	0
5886	92	1	1	0	Agent	-1	He	1	Agent		-1	-1	2	smiled	[1, 2]	['smiled', 'when']	31	17	244	244	244	244	164	164	164	164	-1	-1	6	0	0
5887	92	1	1	0	Agent	-1	He	1	Agent		-1	-1	2	smiled	[1, 2]	['smiled', 'when']	32	201	144	576	576	576	232	232	232	232	-1	-1	6	0	0
5888	92	1	1	0	Agent	-1	He	1	Agent		-1	-1	2	smiled	[1, 2]	['smiled', 'when']	33	23	132	132	164	384	120	120	312	724	-1	-1	6	0	0
5889	92	1	1	0	Agent	-1	He	1	Agent		-1	-1	2	smiled	[1, 2]	['smiled', 'when']	34	136	196	196	196	196	172	172	172	172	-1	-1	6	0	0
5892	92	1	1	0	Agent	-1	He	1	Agent		-1	-1	2	smiled	[1, 2]	['smiled', 'when']	37	25	68	256	256	256	148	148	148	148	-1	-1	6	0	0
5893	92	1	1	0	Agent	-1	He	1	Agent		-1	-1	2	smiled	[1, 2]	['smiled', 'when']	38	31	168	444	444	444	172	172	172	172	-1	-1	6	0	0
5894	92	1	1	0	Agent	-1	He	1	Agent		-1	-1	2	smiled	[1, 2]	['smiled', 'when']	39	141	0	0	0	0	176	176	176	176	-1	-1	6	1	0
5896	92	1	1	0	Agent	-1	He	1	Agent		-1	-1	2	smiled	[1, 2]	['smiled', 'when']	41	18	236	452	452	452	196	196	196	196	-1	-1	6	0	0
5898	92	1	1	0	Agent	-1	He	1	Agent		-1	-1	2	smiled	[1, 2]	['smiled', 'when']	43	164	68	68	68	68	196	196	196	196	-1	-1	6	0	0
5899	92	4	2	1	Agent	-1	she	4	TIN	smiled	2	-3	5	let	[4, 5]	['let', 'out']	1	126	168	168	168	168	172	172	172	172	-1	-3	3	0	0
5901	92	4	2	1	Agent	-1	she	4	TIN	smiled	2	-3	5	let	[4, 5]	['let', 'out']	3	62	36	204	204	204	204	204	204	204	-1	-3	3	0	0
5902	92	4	2	1	Agent	-1	she	4	TIN	smiled	2	-3	5	let	[4, 5]	['let', 'out']	4	21	140	140	140	140	156	156	156	156	-1	-3	3	0	0
5903	92	4	2	1	Agent	-1	she	4	TIN	smiled	2	-3	5	let	[4, 5]	['let', 'out']	5	17	0	0	0	0	244	244	244	244	-1	-3	3	1	0
5904	92	4	2	1	Agent	-1	she	4	TIN	smiled	2	-3	5	let	[4, 5]	['let', 'out']	6	35	0	0	0	0	208	208	208	208	-1	-3	3	1	0
5905	92	4	2	1	Agent	-1	she	4	TIN	smiled	2	-3	5	let	[4, 5]	['let', 'out']	7	78	0	0	0	0	120	120	120	120	-1	-3	3	1	0
5906	92	4	2	1	Agent	-1	she	4	TIN	smiled	2	-3	5	let	[4, 5]	['let', 'out']	8	11	268	268	268	268	220	220	220	220	-1	-3	3	0	0
5907	92	4	2	1	Agent	-1	she	4	TIN	smiled	2	-3	5	let	[4, 5]	['let', 'out']	10	156	0	0	0	0	148	148	148	148	-1	-3	3	1	0
5908	92	4	2	1	Agent	-1	she	4	TIN	smiled	2	-3	5	let	[4, 5]	['let', 'out']	11	193	0	0	0	0	376	376	376	376	-1	-3	3	1	0
5910	92	4	2	1	Agent	-1	she	4	TIN	smiled	2	-3	5	let	[4, 5]	['let', 'out']	13	50	0	0	0	0	224	224	224	224	-1	-3	3	1	0
5912	92	4	2	1	Agent	-1	she	4	TIN	smiled	2	-3	5	let	[4, 5]	['let', 'out']	15	11	0	0	0	0	160	160	160	160	-1	-3	3	1	0
5913	92	4	2	1	Agent	-1	she	4	TIN	smiled	2	-3	5	let	[4, 5]	['let', 'out']	16	146	220	220	220	220	184	184	184	184	-1	-3	3	0	0
5917	92	4	2	1	Agent	-1	she	4	TIN	smiled	2	-3	5	let	[4, 5]	['let', 'out']	20	59	24	24	24	676	164	164	164	164	-1	-3	3	0	0
5919	92	4	2	1	Agent	-1	she	4	TIN	smiled	2	-3	5	let	[4, 5]	['let', 'out']	22	127	160	160	160	160	192	192	192	192	-1	-3	3	0	0
5920	92	4	2	1	Agent	-1	she	4	TIN	smiled	2	-3	5	let	[4, 5]	['let', 'out']	23	105	272	272	272	272	204	204	204	312	-1	-3	3	0	0
5923	92	4	2	1	Agent	-1	she	4	TIN	smiled	2	-3	5	let	[4, 5]	['let', 'out']	27	152	296	296	296	296	244	384	384	532	-1	-3	3	0	0
5925	92	4	2	1	Agent	-1	she	4	TIN	smiled	2	-3	5	let	[4, 5]	['let', 'out']	29	58	184	184	184	184	232	232	232	232	-1	-3	3	0	0
5926	92	4	2	1	Agent	-1	she	4	TIN	smiled	2	-3	5	let	[4, 5]	['let', 'out']	30	9	436	436	436	436	68	68	68	68	-1	-3	3	0	0
5929	92	4	2	1	Agent	-1	she	4	TIN	smiled	2	-3	5	let	[4, 5]	['let', 'out']	33	23	176	176	176	176	168	168	168	168	-1	-3	3	0	0
5933	92	4	2	1	Agent	-1	she	4	TIN	smiled	2	-3	5	let	[4, 5]	['let', 'out']	37	25	156	156	156	156	324	324	324	324	-1	-3	3	0	0
5935	92	4	2	1	Agent	-1	she	4	TIN	smiled	2	-3	5	let	[4, 5]	['let', 'out']	39	141	0	0	0	0	156	156	156	156	-1	-3	3	1	0
5937	92	4	2	1	Agent	-1	she	4	TIN	smiled	2	-3	5	let	[4, 5]	['let', 'out']	41	18	0	0	0	0	272	272	436	580	-1	-3	3	1	0
5938	92	4	2	1	Agent	-1	she	4	TIN	smiled	2	-3	5	let	[4, 5]	['let', 'out']	42	111	0	0	0	0	224	224	224	224	-1	-3	3	1	0
5939	92	4	2	1	Agent	-1	she	4	TIN	smiled	2	-3	5	let	[4, 5]	['let', 'out']	43	164	208	208	208	208	140	140	140	140	-1	-3	3	0	0
5940	93	3	1	1	Theme	-3	He	1	Theme		-1	-3	3	leaning	[2, 3]	['leaning', 'against']	1	193	176	176	176	176	160	160	160	160	-3	-3	7	0	0
5942	93	3	1	1	Theme	-3	He	1	Theme		-1	-3	3	leaning	[2, 3]	['leaning', 'against']	3	28	180	180	180	180	340	340	340	340	-3	-3	7	0	0
5943	93	3	1	1	Theme	-3	He	1	Theme		-1	-3	3	leaning	[2, 3]	['leaning', 'against']	4	146	124	124	124	124	252	252	252	252	-3	-3	7	0	0
5944	93	3	1	1	Theme	-3	He	1	Theme		-1	-3	3	leaning	[2, 3]	['leaning', 'against']	5	163	272	272	272	480	264	264	264	264	-3	-3	7	0	0
5945	93	3	1	1	Theme	-3	He	1	Theme		-1	-3	3	leaning	[2, 3]	['leaning', 'against']	6	25	0	0	0	0	196	196	384	600	-3	-3	7	1	0
5946	93	3	1	1	Theme	-3	He	1	Theme		-1	-3	3	leaning	[2, 3]	['leaning', 'against']	7	124	104	208	208	208	164	164	164	164	-3	-3	7	0	0
5947	93	3	1	1	Theme	-3	He	1	Theme		-1	-3	3	leaning	[2, 3]	['leaning', 'against']	8	144	136	136	136	136	152	152	152	152	-3	-3	7	0	0
5948	93	3	1	1	Theme	-3	He	1	Theme		-1	-3	3	leaning	[2, 3]	['leaning', 'against']	9	1	196	340	340	340	252	252	476	684	-3	-3	7	0	0
5950	93	3	1	1	Theme	-3	He	1	Theme		-1	-3	3	leaning	[2, 3]	['leaning', 'against']	11	25	152	152	152	152	168	168	168	168	-3	-3	7	0	0
5952	93	3	1	1	Theme	-3	He	1	Theme		-1	-3	3	leaning	[2, 3]	['leaning', 'against']	13	205	256	256	256	256	164	164	164	164	-3	-3	7	0	0
5953	93	3	1	1	Theme	-3	He	1	Theme		-1	-3	3	leaning	[2, 3]	['leaning', 'against']	14	167	516	516	516	516	192	356	356	356	-3	-3	7	0	0
5954	93	3	1	1	Theme	-3	He	1	Theme		-1	-3	3	leaning	[2, 3]	['leaning', 'against']	15	41	240	240	240	240	156	156	156	156	-3	-3	7	0	0
5955	93	3	1	1	Theme	-3	He	1	Theme		-1	-3	3	leaning	[2, 3]	['leaning', 'against']	16	2	208	340	340	340	152	152	152	152	-3	-3	7	0	0
5956	93	3	1	1	Theme	-3	He	1	Theme		-1	-3	3	leaning	[2, 3]	['leaning', 'against']	17	172	140	140	140	140	304	304	304	304	-3	-3	7	0	0
5957	93	3	1	1	Theme	-3	He	1	Theme		-1	-3	3	leaning	[2, 3]	['leaning', 'against']	18	92	168	168	168	168	292	292	292	292	-3	-3	7	0	0
5958	93	3	1	1	Theme	-3	He	1	Theme		-1	-3	3	leaning	[2, 3]	['leaning', 'against']	19	110	136	136	136	136	260	260	260	260	-3	-3	7	0	0
5959	93	3	1	1	Theme	-3	He	1	Theme		-1	-3	3	leaning	[2, 3]	['leaning', 'against']	20	62	268	268	268	268	172	172	172	172	-3	-3	7	0	0
5960	93	3	1	1	Theme	-3	He	1	Theme		-1	-3	3	leaning	[2, 3]	['leaning', 'against']	21	112	208	436	436	436	128	128	128	128	-3	-3	7	0	0
5962	93	3	1	1	Theme	-3	He	1	Theme		-1	-3	3	leaning	[2, 3]	['leaning', 'against']	23	32	328	328	328	328	180	456	456	456	-3	-3	7	0	0
5963	93	3	1	1	Theme	-3	He	1	Theme		-1	-3	3	leaning	[2, 3]	['leaning', 'against']	24	177	176	176	176	176	224	224	224	224	-3	-3	7	0	0
5964	93	3	1	1	Theme	-3	He	1	Theme		-1	-3	3	leaning	[2, 3]	['leaning', 'against']	25	135	0	0	0	0	180	180	388	816	-3	-3	7	1	0
5965	93	3	1	1	Theme	-3	He	1	Theme		-1	-3	3	leaning	[2, 3]	['leaning', 'against']	27	3	356	356	356	356	316	488	488	488	-3	-3	7	0	0
5966	93	3	1	1	Theme	-3	He	1	Theme		-1	-3	3	leaning	[2, 3]	['leaning', 'against']	28	90	220	220	424	832	380	380	380	380	-3	-3	7	0	0
5967	93	3	1	1	Theme	-3	He	1	Theme		-1	-3	3	leaning	[2, 3]	['leaning', 'against']	29	95	188	188	188	188	180	180	180	180	-3	-3	7	0	0
5968	93	3	1	1	Theme	-3	He	1	Theme		-1	-3	3	leaning	[2, 3]	['leaning', 'against']	30	1	368	612	612	612	232	232	232	232	-3	-3	7	0	0
5969	93	3	1	1	Theme	-3	He	1	Theme		-1	-3	3	leaning	[2, 3]	['leaning', 'against']	31	94	248	248	248	292	152	224	224	224	-3	-3	7	0	0
5970	93	3	1	1	Theme	-3	He	1	Theme		-1	-3	3	leaning	[2, 3]	['leaning', 'against']	32	29	192	192	356	704	220	220	220	220	-3	-3	7	0	0
5971	93	3	1	1	Theme	-3	He	1	Theme		-1	-3	3	leaning	[2, 3]	['leaning', 'against']	33	201	80	152	152	152	232	232	348	672	-3	-3	7	0	0
5972	93	3	1	1	Theme	-3	He	1	Theme		-1	-3	3	leaning	[2, 3]	['leaning', 'against']	34	12	296	296	296	296	200	384	384	384	-3	-3	7	0	0
5973	93	3	1	1	Theme	-3	He	1	Theme		-1	-3	3	leaning	[2, 3]	['leaning', 'against']	35	109	176	176	176	176	208	208	208	208	-3	-3	7	0	0
5976	93	3	1	1	Theme	-3	He	1	Theme		-1	-3	3	leaning	[2, 3]	['leaning', 'against']	38	62	180	180	180	180	212	212	212	212	-3	-3	7	0	0
5979	93	3	1	1	Theme	-3	He	1	Theme		-1	-3	3	leaning	[2, 3]	['leaning', 'against']	41	165	56	56	188	488	132	196	196	356	-3	-3	7	0	0
5980	93	3	1	1	Theme	-3	He	1	Theme		-1	-3	3	leaning	[2, 3]	['leaning', 'against']	42	124	120	120	120	120	200	200	200	200	-3	-3	7	0	0
5981	93	3	1	1	Theme	-3	He	1	Theme		-1	-3	3	leaning	[2, 3]	['leaning', 'against']	43	74	80	80	80	80	100	292	292	292	-3	-3	7	0	0
5983	93	6	1	1	Agent	-6	He	1	Agent		-1	-6	7	smoking	[6]	['smoking']	2	34	152	152	152	296	168	168	168	528	-6	-6	7	0	0
5984	93	6	1	1	Agent	-6	He	1	Agent		-1	-6	7	smoking	[6]	['smoking']	3	28	288	288	288	288	236	236	236	236	-6	-6	7	0	0
5987	93	6	1	1	Agent	-6	He	1	Agent		-1	-6	7	smoking	[6]	['smoking']	6	25	0	0	0	0	364	364	364	364	-6	-6	7	1	0
6002	93	6	1	1	Agent	-6	He	1	Agent		-1	-6	7	smoking	[6]	['smoking']	21	112	156	156	156	156	260	260	260	260	-6	-6	7	0	0
6004	93	6	1	1	Agent	-6	He	1	Agent		-1	-6	7	smoking	[6]	['smoking']	23	32	200	392	392	392	152	152	152	792	-6	-6	7	0	0
6008	93	6	1	1	Agent	-6	He	1	Agent		-1	-6	7	smoking	[6]	['smoking']	28	90	200	200	200	200	100	100	100	296	-6	-6	7	0	0
6014	93	6	1	1	Agent	-6	He	1	Agent		-1	-6	7	smoking	[6]	['smoking']	34	12	192	192	192	192	140	140	140	676	-6	-6	7	0	0
6025	94	2	1	1	Agent	-2	I	1	Agent		-1	-2	3	thinking	[2, 3]	['thinking', 'of']	2	194	228	228	228	228	144	144	144	144	-2	-2	8	0	0
6026	94	2	1	1	Agent	-2	I	1	Agent		-1	-2	3	thinking	[2, 3]	['thinking', 'of']	3	84	124	280	280	280	152	152	152	152	-2	-2	8	0	0
6030	94	2	1	1	Agent	-2	I	1	Agent		-1	-2	3	thinking	[2, 3]	['thinking', 'of']	7	183	120	120	120	120	68	68	68	68	-2	-2	8	0	0
6031	94	2	1	1	Agent	-2	I	1	Agent		-1	-2	3	thinking	[2, 3]	['thinking', 'of']	8	191	0	0	0	0	144	144	144	144	-2	-2	8	1	0
6034	94	2	1	1	Agent	-2	I	1	Agent		-1	-2	3	thinking	[2, 3]	['thinking', 'of']	12	90	404	404	404	404	140	140	140	140	-2	-2	8	0	0
6035	94	2	1	1	Agent	-2	I	1	Agent		-1	-2	3	thinking	[2, 3]	['thinking', 'of']	13	47	140	140	140	140	224	224	224	224	-2	-2	8	0	0
6038	94	2	1	1	Agent	-2	I	1	Agent		-1	-2	3	thinking	[2, 3]	['thinking', 'of']	16	147	184	184	184	184	176	176	176	176	-2	-2	8	0	0
6051	94	2	1	1	Agent	-2	I	1	Agent		-1	-2	3	thinking	[2, 3]	['thinking', 'of']	30	190	168	168	168	168	248	248	248	248	-2	-2	8	0	0
6058	94	2	1	1	Agent	-2	I	1	Agent		-1	-2	3	thinking	[2, 3]	['thinking', 'of']	37	81	152	152	152	152	176	176	176	176	-2	-2	8	0	0
6060	94	2	1	1	Agent	-2	I	1	Agent		-1	-2	3	thinking	[2, 3]	['thinking', 'of']	39	198	0	0	0	0	220	220	220	404	-2	-2	8	1	0
6064	94	2	1	1	Agent	-2	I	1	Agent		-1	-2	3	thinking	[2, 3]	['thinking', 'of']	43	51	0	0	0	0	140	140	140	140	-2	-2	8	1	0
6065	94	3	1	3	Agent	-3	I	1	Agent		-1	-3	5	getting	[4]	['getting']	1	59	216	216	216	216	300	300	300	300	-3	-3	7	0	0
6069	94	3	1	3	Agent	-3	I	1	Agent		-1	-3	5	getting	[4]	['getting']	5	9	196	196	196	196	188	188	188	188	-3	-3	7	0	0
6074	94	3	1	3	Agent	-3	I	1	Agent		-1	-3	5	getting	[4]	['getting']	11	54	160	160	160	160	160	160	160	160	-3	-3	7	0	0
6076	94	3	1	3	Agent	-3	I	1	Agent		-1	-3	5	getting	[4]	['getting']	13	47	0	0	0	0	200	200	200	200	-3	-3	7	1	0
6079	94	3	1	3	Agent	-3	I	1	Agent		-1	-3	5	getting	[4]	['getting']	16	147	196	196	196	196	180	180	180	180	-3	-3	7	0	0
6082	94	3	1	3	Agent	-3	I	1	Agent		-1	-3	5	getting	[4]	['getting']	19	161	132	132	132	132	124	124	124	124	-3	-3	7	0	0
6085	94	3	1	3	Agent	-3	I	1	Agent		-1	-3	5	getting	[4]	['getting']	22	106	252	252	252	252	140	140	140	140	-3	-3	7	0	0
6086	94	3	1	3	Agent	-3	I	1	Agent		-1	-3	5	getting	[4]	['getting']	23	167	392	392	392	392	240	240	240	240	-3	-3	7	0	0
6088	94	3	1	3	Agent	-3	I	1	Agent		-1	-3	5	getting	[4]	['getting']	25	194	244	360	360	360	272	272	272	272	-3	-3	7	0	0
6089	94	3	1	3	Agent	-3	I	1	Agent		-1	-3	5	getting	[4]	['getting']	27	164	136	136	136	136	204	204	204	204	-3	-3	7	0	0
6091	94	3	1	3	Agent	-3	I	1	Agent		-1	-3	5	getting	[4]	['getting']	29	36	300	420	420	420	164	164	164	164	-3	-3	7	0	0
6092	94	3	1	3	Agent	-3	I	1	Agent		-1	-3	5	getting	[4]	['getting']	30	190	0	0	0	0	284	284	284	284	-3	-3	7	1	0
6094	94	3	1	3	Agent	-3	I	1	Agent		-1	-3	5	getting	[4]	['getting']	32	71	196	372	372	372	212	212	212	212	-3	-3	7	0	0
6096	94	3	1	3	Agent	-3	I	1	Agent		-1	-3	5	getting	[4]	['getting']	34	166	172	172	172	172	160	160	160	160	-3	-3	7	0	0
6099	94	3	1	3	Agent	-3	I	1	Agent		-1	-3	5	getting	[4]	['getting']	37	81	136	136	136	136	224	224	224	224	-3	-3	7	0	0
6103	94	3	1	3	Agent	-3	I	1	Agent		-1	-3	5	getting	[4]	['getting']	41	81	180	180	180	180	224	224	224	224	-3	-3	7	0	0
6108	95	1	1	1	Theme	-1	It	1	Theme		-1	-1	2	is	[1]	['is']	3	168	388	388	388	388	160	160	160	160	-1	-1	2	0	0
6109	95	1	1	1	Theme	-1	It	1	Theme		-1	-1	2	is	[1]	['is']	4	159	484	484	484	484	176	176	176	176	-1	-1	2	0	0
6113	95	1	1	1	Theme	-1	It	1	Theme		-1	-1	2	is	[1]	['is']	8	116	0	0	0	0	236	236	236	440	-1	-1	2	1	0
6116	95	1	1	1	Theme	-1	It	1	Theme		-1	-1	2	is	[1]	['is']	11	202	0	0	0	0	228	228	228	228	-1	-1	2	1	0
6117	95	1	1	1	Theme	-1	It	1	Theme		-1	-1	2	is	[1]	['is']	12	91	0	0	0	0	332	332	332	332	-1	-1	2	1	0
6120	95	1	1	1	Theme	-1	It	1	Theme		-1	-1	2	is	[1]	['is']	15	111	0	0	0	0	272	272	272	272	-1	-1	2	1	0
6131	95	1	1	1	Theme	-1	It	1	Theme		-1	-1	2	is	[1]	['is']	27	112	0	0	0	0	388	388	388	388	-1	-1	2	1	0
6132	95	1	1	1	Theme	-1	It	1	Theme		-1	-1	2	is	[1]	['is']	28	40	0	0	0	0	164	164	164	472	-1	-1	2	1	0
6134	95	1	1	1	Theme	-1	It	1	Theme		-1	-1	2	is	[1]	['is']	30	112	548	1024	1024	1024	304	304	304	304	-1	-1	2	0	0
6141	95	1	1	1	Theme	-1	It	1	Theme		-1	-1	2	is	[1]	['is']	37	128	0	0	0	0	224	352	352	352	-1	-1	2	1	0
6142	95	1	1	1	Theme	-1	It	1	Theme		-1	-1	2	is	[1]	['is']	38	133	0	0	0	0	256	256	256	396	-1	-1	2	1	0
6148	96	1	1	2	Agent	-1	Arthur	1	Agent		-1	-1	2	placed	[1]	['placed']	1	134	220	220	220	220	244	244	244	244	-1	-1	6	0	0
6150	96	1	1	2	Agent	-1	Arthur	1	Agent		-1	-1	2	placed	[1]	['placed']	3	202	200	200	200	200	180	180	180	180	-1	-1	6	0	0
6151	96	1	1	2	Agent	-1	Arthur	1	Agent		-1	-1	2	placed	[1]	['placed']	4	55	172	172	172	172	152	152	152	152	-1	-1	6	0	0
6152	96	1	1	2	Agent	-1	Arthur	1	Agent		-1	-1	2	placed	[1]	['placed']	5	132	280	280	280	280	164	164	164	164	-1	-1	6	0	0
6156	96	1	1	2	Agent	-1	Arthur	1	Agent		-1	-1	2	placed	[1]	['placed']	10	194	140	140	140	140	84	84	84	84	-1	-1	6	0	0
6157	96	1	1	2	Agent	-1	Arthur	1	Agent		-1	-1	2	placed	[1]	['placed']	11	97	192	192	192	192	160	160	160	160	-1	-1	6	0	0
6158	96	1	1	2	Agent	-1	Arthur	1	Agent		-1	-1	2	placed	[1]	['placed']	12	111	32	32	164	928	160	160	160	160	-1	-1	6	0	0
6165	96	1	1	2	Agent	-1	Arthur	1	Agent		-1	-1	2	placed	[1]	['placed']	19	88	180	180	180	180	160	160	160	160	-1	-1	6	0	0
6166	96	1	1	2	Agent	-1	Arthur	1	Agent		-1	-1	2	placed	[1]	['placed']	20	184	112	112	112	112	228	228	228	228	-1	-1	6	0	0
6167	96	1	1	2	Agent	-1	Arthur	1	Agent		-1	-1	2	placed	[1]	['placed']	21	121	228	448	448	448	152	152	152	152	-1	-1	6	0	0
6172	96	1	1	2	Agent	-1	Arthur	1	Agent		-1	-1	2	placed	[1]	['placed']	27	185	176	176	176	176	320	320	320	320	-1	-1	6	0	0
6175	96	1	1	2	Agent	-1	Arthur	1	Agent		-1	-1	2	placed	[1]	['placed']	30	19	416	416	624	772	260	260	712	1400	-1	-1	6	0	0
6178	96	1	1	2	Agent	-1	Arthur	1	Agent		-1	-1	2	placed	[1]	['placed']	33	153	72	200	200	200	220	220	220	220	-1	-1	6	0	0
6182	96	1	1	2	Agent	-1	Arthur	1	Agent		-1	-1	2	placed	[1]	['placed']	37	114	212	296	504	816	96	96	96	96	-1	-1	6	0	0
6184	96	1	1	2	Agent	-1	Arthur	1	Agent		-1	-1	2	placed	[1]	['placed']	39	158	280	280	280	280	204	400	400	400	-1	-1	6	0	0
6189	97	1	1	2	Agent	-1	John	1	Agent		-1	-1	2	gave	[1]	['gave']	1	24	148	256	256	256	144	144	144	144	-1	-1	4	0	0
6190	97	1	1	2	Agent	-1	John	1	Agent		-1	-1	2	gave	[1]	['gave']	2	155	132	132	132	132	212	212	212	212	-1	-1	4	0	0
6191	97	1	1	2	Agent	-1	John	1	Agent		-1	-1	2	gave	[1]	['gave']	3	137	328	328	328	328	184	184	184	184	-1	-1	4	0	0
6192	97	1	1	2	Agent	-1	John	1	Agent		-1	-1	2	gave	[1]	['gave']	4	198	156	156	156	156	384	384	384	384	-1	-1	4	0	0
6193	97	1	1	2	Agent	-1	John	1	Agent		-1	-1	2	gave	[1]	['gave']	5	152	0	0	0	0	288	288	288	288	-1	-1	4	1	0
6194	97	1	1	2	Agent	-1	John	1	Agent		-1	-1	2	gave	[1]	['gave']	6	83	240	240	240	240	116	116	116	116	-1	-1	4	0	0
6195	97	1	1	2	Agent	-1	John	1	Agent		-1	-1	2	gave	[1]	['gave']	7	30	0	0	0	0	232	232	232	344	-1	-1	4	1	0
6196	97	1	1	2	Agent	-1	John	1	Agent		-1	-1	2	gave	[1]	['gave']	8	25	232	232	416	576	240	240	240	240	-1	-1	4	0	0
6198	97	1	1	2	Agent	-1	John	1	Agent		-1	-1	2	gave	[1]	['gave']	11	125	184	184	184	184	168	392	392	392	-1	-1	4	0	0
6199	97	1	1	2	Agent	-1	John	1	Agent		-1	-1	2	gave	[1]	['gave']	12	161	260	260	424	536	276	276	276	276	-1	-1	4	0	0
6200	97	1	1	2	Agent	-1	John	1	Agent		-1	-1	2	gave	[1]	['gave']	13	200	296	296	296	296	228	228	228	228	-1	-1	4	0	0
6201	97	1	1	2	Agent	-1	John	1	Agent		-1	-1	2	gave	[1]	['gave']	14	127	152	152	152	152	164	164	164	164	-1	-1	4	0	0
6202	97	1	1	2	Agent	-1	John	1	Agent		-1	-1	2	gave	[1]	['gave']	15	178	232	232	232	232	168	168	168	168	-1	-1	4	0	0
6203	97	1	1	2	Agent	-1	John	1	Agent		-1	-1	2	gave	[1]	['gave']	16	140	236	236	236	236	184	336	336	336	-1	-1	4	0	0
6204	97	1	1	2	Agent	-1	John	1	Agent		-1	-1	2	gave	[1]	['gave']	17	135	260	260	260	420	200	200	200	200	-1	-1	4	0	0
6205	97	1	1	2	Agent	-1	John	1	Agent		-1	-1	2	gave	[1]	['gave']	18	60	0	0	0	0	216	216	216	216	-1	-1	4	1	0
6206	97	1	1	2	Agent	-1	John	1	Agent		-1	-1	2	gave	[1]	['gave']	19	176	140	140	140	140	216	216	216	216	-1	-1	4	0	0
6207	97	1	1	2	Agent	-1	John	1	Agent		-1	-1	2	gave	[1]	['gave']	20	29	0	0	0	0	200	200	468	676	-1	-1	4	1	0
6208	97	1	1	2	Agent	-1	John	1	Agent		-1	-1	2	gave	[1]	['gave']	21	122	0	0	0	0	220	220	340	524	-1	-1	4	1	0
6209	97	1	1	2	Agent	-1	John	1	Agent		-1	-1	2	gave	[1]	['gave']	22	148	220	220	220	220	228	228	228	228	-1	-1	4	0	0
6210	97	1	1	2	Agent	-1	John	1	Agent		-1	-1	2	gave	[1]	['gave']	23	36	212	212	212	212	436	1280	1280	1280	-1	-1	4	0	0
6211	97	1	1	2	Agent	-1	John	1	Agent		-1	-1	2	gave	[1]	['gave']	24	18	160	160	160	160	236	236	236	236	-1	-1	4	0	0
6212	97	1	1	2	Agent	-1	John	1	Agent		-1	-1	2	gave	[1]	['gave']	25	188	0	0	0	0	220	220	428	584	-1	-1	4	1	0
6213	97	1	1	2	Agent	-1	John	1	Agent		-1	-1	2	gave	[1]	['gave']	27	156	156	156	508	672	260	260	260	344	-1	-1	4	0	0
6214	97	1	1	2	Agent	-1	John	1	Agent		-1	-1	2	gave	[1]	['gave']	28	135	256	256	256	256	232	428	428	428	-1	-1	4	0	0
6215	97	1	1	2	Agent	-1	John	1	Agent		-1	-1	2	gave	[1]	['gave']	29	57	112	112	112	112	144	304	304	304	-1	-1	4	0	0
6216	97	1	1	2	Agent	-1	John	1	Agent		-1	-1	2	gave	[1]	['gave']	30	60	840	840	840	840	268	396	396	396	-1	-1	4	0	0
6217	97	1	1	2	Agent	-1	John	1	Agent		-1	-1	2	gave	[1]	['gave']	31	62	260	260	260	384	176	176	176	176	-1	-1	4	0	0
6218	97	1	1	2	Agent	-1	John	1	Agent		-1	-1	2	gave	[1]	['gave']	32	123	232	232	232	232	296	296	296	296	-1	-1	4	0	0
6220	97	1	1	2	Agent	-1	John	1	Agent		-1	-1	2	gave	[1]	['gave']	34	93	280	280	280	280	252	380	380	712	-1	-1	4	0	0
6221	97	1	1	2	Agent	-1	John	1	Agent		-1	-1	2	gave	[1]	['gave']	35	58	44	44	44	292	156	356	356	356	-1	-1	4	0	0
6222	97	1	1	2	Agent	-1	John	1	Agent		-1	-1	2	gave	[1]	['gave']	36	87	0	0	0	0	188	188	188	188	-1	-1	4	1	0
6223	97	1	1	2	Agent	-1	John	1	Agent		-1	-1	2	gave	[1]	['gave']	37	28	112	112	280	476	216	364	364	364	-1	-1	4	0	0
6224	97	1	1	2	Agent	-1	John	1	Agent		-1	-1	2	gave	[1]	['gave']	38	49	232	232	232	232	264	264	264	264	-1	-1	4	0	0
6225	97	1	1	2	Agent	-1	John	1	Agent		-1	-1	2	gave	[1]	['gave']	39	167	0	0	0	0	196	196	196	196	-1	-1	4	1	0
6228	97	1	1	2	Agent	-1	John	1	Agent		-1	-1	2	gave	[1]	['gave']	42	166	0	0	0	0	252	252	252	252	-1	-1	4	1	0
6229	97	1	1	2	Agent	-1	John	1	Agent		-1	-1	2	gave	[1]	['gave']	43	59	248	248	248	396	184	184	184	184	-1	-1	4	0	0
6230	98	1	1	0	Theme	-1		-1	Theme		-1	-1	2	get	[1, 2, 3]	['get', 'out', 'and']	1	201	292	292	292	292	140	140	140	140	-1	-1	3	0	0
6232	98	1	1	0	Theme	-1		-1	Theme		-1	-1	2	get	[1, 2, 3]	['get', 'out', 'and']	3	81	104	104	340	624	200	324	324	324	-1	-1	3	0	0
6233	98	1	1	0	Theme	-1		-1	Theme		-1	-1	2	get	[1, 2, 3]	['get', 'out', 'and']	4	83	152	152	152	152	256	256	256	256	-1	-1	3	0	0
6237	98	1	1	0	Theme	-1		-1	Theme		-1	-1	2	get	[1, 2, 3]	['get', 'out', 'and']	8	3	196	196	196	196	208	208	208	208	-1	-1	3	0	0
6238	98	1	1	0	Theme	-1		-1	Theme		-1	-1	2	get	[1, 2, 3]	['get', 'out', 'and']	10	7	40	188	188	188	168	168	168	168	-1	-1	3	0	0
6239	98	1	1	0	Theme	-1		-1	Theme		-1	-1	2	get	[1, 2, 3]	['get', 'out', 'and']	11	52	192	192	192	192	164	164	164	164	-1	-1	3	0	0
6241	98	1	1	0	Theme	-1		-1	Theme		-1	-1	2	get	[1, 2, 3]	['get', 'out', 'and']	13	1	164	164	164	164	168	168	168	168	-1	-1	3	0	0
6244	98	1	1	0	Theme	-1		-1	Theme		-1	-1	2	get	[1, 2, 3]	['get', 'out', 'and']	16	33	152	152	152	152	228	336	336	336	-1	-1	3	0	0
6245	98	1	1	0	Theme	-1		-1	Theme		-1	-1	2	get	[1, 2, 3]	['get', 'out', 'and']	17	52	156	156	156	156	140	140	140	140	-1	-1	3	0	0
6246	98	1	1	0	Theme	-1		-1	Theme		-1	-1	2	get	[1, 2, 3]	['get', 'out', 'and']	18	59	64	64	64	64	276	276	276	276	-1	-1	3	0	0
6247	98	1	1	0	Theme	-1		-1	Theme		-1	-1	2	get	[1, 2, 3]	['get', 'out', 'and']	19	100	0	0	0	0	32	32	184	580	-1	-1	3	1	0
6249	98	1	1	0	Theme	-1		-1	Theme		-1	-1	2	get	[1, 2, 3]	['get', 'out', 'and']	21	196	124	124	124	124	128	128	128	128	-1	-1	3	0	0
6251	98	1	1	0	Theme	-1		-1	Theme		-1	-1	2	get	[1, 2, 3]	['get', 'out', 'and']	23	143	196	196	196	196	288	288	288	288	-1	-1	3	0	0
6252	98	1	1	0	Theme	-1		-1	Theme		-1	-1	2	get	[1, 2, 3]	['get', 'out', 'and']	24	71	176	176	176	176	256	412	412	412	-1	-1	3	0	0
6256	98	1	1	0	Theme	-1		-1	Theme		-1	-1	2	get	[1, 2, 3]	['get', 'out', 'and']	29	163	36	36	36	316	172	344	344	344	-1	-1	3	0	0
6257	98	1	1	0	Theme	-1		-1	Theme		-1	-1	2	get	[1, 2, 3]	['get', 'out', 'and']	30	80	192	496	496	496	136	136	136	136	-1	-1	3	0	0
6258	98	1	1	0	Theme	-1		-1	Theme		-1	-1	2	get	[1, 2, 3]	['get', 'out', 'and']	31	132	0	0	0	0	184	184	184	184	-1	-1	3	1	0
6259	98	1	1	0	Theme	-1		-1	Theme		-1	-1	2	get	[1, 2, 3]	['get', 'out', 'and']	32	157	244	244	244	244	256	256	256	256	-1	-1	3	0	0
6260	98	1	1	0	Theme	-1		-1	Theme		-1	-1	2	get	[1, 2, 3]	['get', 'out', 'and']	33	108	208	208	208	208	52	52	52	52	-1	-1	3	0	0
6264	98	1	1	0	Theme	-1		-1	Theme		-1	-1	2	get	[1, 2, 3]	['get', 'out', 'and']	37	124	164	164	164	164	124	292	292	292	-1	-1	3	0	0
6266	98	1	1	0	Theme	-1		-1	Theme		-1	-1	2	get	[1, 2, 3]	['get', 'out', 'and']	39	9	0	0	0	0	248	248	248	248	-1	-1	3	1	0
6269	98	1	1	0	Theme	-1		-1	Theme		-1	-1	2	get	[1, 2, 3]	['get', 'out', 'and']	42	127	0	0	0	0	112	112	112	112	-1	-1	3	1	0
6271	98	4	1	2	Agent	-2	I'll	5	Agent		-1	-2	6	buy	[5]	['buy']	1	201	0	0	0	0	140	140	140	140	-2	-2	3	1	0
6272	98	4	1	2	Agent	-2	I'll	5	Agent		-1	-2	6	buy	[5]	['buy']	2	199	0	0	0	0	164	164	164	164	-2	-2	3	1	0
6273	98	4	1	2	Agent	-2	I'll	5	Agent		-1	-2	6	buy	[5]	['buy']	3	81	200	200	200	200	216	216	216	216	-2	-2	3	0	0
6275	98	4	1	2	Agent	-2	I'll	5	Agent		-1	-2	6	buy	[5]	['buy']	5	7	216	216	216	816	144	144	144	144	-2	-2	3	0	0
6278	98	4	1	2	Agent	-2	I'll	5	Agent		-1	-2	6	buy	[5]	['buy']	8	3	136	136	332	980	200	200	200	200	-2	-2	3	0	0
6280	98	4	1	2	Agent	-2	I'll	5	Agent		-1	-2	6	buy	[5]	['buy']	11	52	180	180	180	180	196	196	196	196	-2	-2	3	0	0
6287	98	4	1	2	Agent	-2	I'll	5	Agent		-1	-2	6	buy	[5]	['buy']	18	59	0	0	0	0	168	168	168	168	-2	-2	3	1	0
6291	98	4	1	2	Agent	-2	I'll	5	Agent		-1	-2	6	buy	[5]	['buy']	22	137	156	156	156	156	276	276	276	276	-2	-2	3	0	0
6292	98	4	1	2	Agent	-2	I'll	5	Agent		-1	-2	6	buy	[5]	['buy']	23	143	252	252	252	252	216	216	216	216	-2	-2	3	0	0
6295	98	4	1	2	Agent	-2	I'll	5	Agent		-1	-2	6	buy	[5]	['buy']	27	151	0	0	0	0	232	232	232	232	-2	-2	3	1	0
6296	98	4	1	2	Agent	-2	I'll	5	Agent		-1	-2	6	buy	[5]	['buy']	28	10	316	316	316	316	204	204	204	204	-2	-2	3	0	0
6298	98	4	1	2	Agent	-2	I'll	5	Agent		-1	-2	6	buy	[5]	['buy']	30	80	200	200	200	200	344	344	344	344	-2	-2	3	0	0
6299	98	4	1	2	Agent	-2	I'll	5	Agent		-1	-2	6	buy	[5]	['buy']	31	132	0	0	0	0	148	148	148	148	-2	-2	3	1	0
6301	98	4	1	2	Agent	-2	I'll	5	Agent		-1	-2	6	buy	[5]	['buy']	33	108	176	176	176	176	140	140	140	140	-2	-2	3	0	0
6305	98	4	1	2	Agent	-2	I'll	5	Agent		-1	-2	6	buy	[5]	['buy']	37	124	136	136	136	136	124	296	296	296	-2	-2	3	0	0
6306	98	4	1	2	Agent	-2	I'll	5	Agent		-1	-2	6	buy	[5]	['buy']	38	124	264	264	264	264	136	136	136	136	-2	-2	3	0	0
6308	98	4	1	2	Agent	-2	I'll	5	Agent		-1	-2	6	buy	[5]	['buy']	40	151	0	0	0	0	144	144	144	144	-2	-2	3	1	0
6309	98	4	1	2	Agent	-2	I'll	5	Agent		-1	-2	6	buy	[5]	['buy']	41	111	0	0	0	0	164	164	164	1236	-2	-2	3	1	0
6310	98	4	1	2	Agent	-2	I'll	5	Agent		-1	-2	6	buy	[5]	['buy']	42	127	0	0	0	0	116	116	116	116	-2	-2	3	1	0
6312	99	3	1	1	Agent	-1	Let's	1	Agent		-1	-1	2	have	[1]	['have']	1	195	292	292	508	612	232	356	356	356	-1	-1	4	0	0
6317	99	3	1	1	Agent	-1	Let's	1	Agent		-1	-1	2	have	[1]	['have']	6	164	0	0	0	0	120	120	120	120	-1	-1	4	1	0
6319	99	3	1	1	Agent	-1	Let's	1	Agent		-1	-1	2	have	[1]	['have']	8	19	184	184	352	540	152	152	152	152	-1	-1	4	0	0
6321	99	3	1	1	Agent	-1	Let's	1	Agent		-1	-1	2	have	[1]	['have']	11	198	164	164	164	164	148	148	148	148	-1	-1	4	0	0
6322	99	3	1	1	Agent	-1	Let's	1	Agent		-1	-1	2	have	[1]	['have']	12	32	0	0	0	0	236	236	236	236	-1	-1	4	1	0
6323	99	3	1	1	Agent	-1	Let's	1	Agent		-1	-1	2	have	[1]	['have']	13	126	0	0	0	0	236	236	236	236	-1	-1	4	1	0
6324	99	3	1	1	Agent	-1	Let's	1	Agent		-1	-1	2	have	[1]	['have']	14	138	140	140	140	140	152	152	152	152	-1	-1	4	0	0
6326	99	3	1	1	Agent	-1	Let's	1	Agent		-1	-1	2	have	[1]	['have']	16	116	168	168	168	168	208	428	428	428	-1	-1	4	0	0
6329	99	3	1	1	Agent	-1	Let's	1	Agent		-1	-1	2	have	[1]	['have']	19	143	120	120	120	120	96	96	96	96	-1	-1	4	0	0
6330	99	3	1	1	Agent	-1	Let's	1	Agent		-1	-1	2	have	[1]	['have']	20	185	20	20	20	312	152	152	152	152	-1	-1	4	0	0
6331	99	3	1	1	Agent	-1	Let's	1	Agent		-1	-1	2	have	[1]	['have']	21	49	0	0	0	0	156	156	156	156	-1	-1	4	1	0
6332	99	3	1	1	Agent	-1	Let's	1	Agent		-1	-1	2	have	[1]	['have']	22	99	224	224	224	224	172	172	172	172	-1	-1	4	0	0
6333	99	3	1	1	Agent	-1	Let's	1	Agent		-1	-1	2	have	[1]	['have']	23	38	160	160	160	160	112	112	112	112	-1	-1	4	0	0
6334	99	3	1	1	Agent	-1	Let's	1	Agent		-1	-1	2	have	[1]	['have']	24	50	188	188	188	188	160	160	160	160	-1	-1	4	0	0
6335	99	3	1	1	Agent	-1	Let's	1	Agent		-1	-1	2	have	[1]	['have']	25	136	228	228	228	288	192	192	192	192	-1	-1	4	0	0
6336	99	3	1	1	Agent	-1	Let's	1	Agent		-1	-1	2	have	[1]	['have']	27	155	228	228	228	424	248	248	248	520	-1	-1	4	0	0
6342	99	3	1	1	Agent	-1	Let's	1	Agent		-1	-1	2	have	[1]	['have']	33	21	204	276	276	276	168	168	168	168	-1	-1	4	0	0
6343	99	3	1	1	Agent	-1	Let's	1	Agent		-1	-1	2	have	[1]	['have']	34	178	0	0	0	0	1128	1128	1128	1128	-1	-1	4	1	0
6348	99	3	1	1	Agent	-1	Let's	1	Agent		-1	-1	2	have	[1]	['have']	39	105	0	0	0	0	144	144	144	144	-1	-1	4	1	0
6351	99	3	1	1	Agent	-1	Let's	1	Agent		-1	-1	2	have	[1]	['have']	42	137	0	0	0	0	168	168	168	168	-1	-1	4	1	0
6352	99	3	1	1	Agent	-1	Let's	1	Agent		-1	-1	2	have	[1]	['have']	43	7	244	244	244	384	156	156	156	260	-1	-1	4	0	0
6353	99	5	1	0	Patient	-1	gates	4	Patient		-1	-1	5	closed	[4, 5]	['closed', 'and']	1	195	236	236	236	236	412	412	412	412	-1	-1	6	0	0
6355	99	5	1	0	Patient	-1	gates	4	Patient		-1	-1	5	closed	[4, 5]	['closed', 'and']	3	26	0	0	0	0	248	248	400	1596	-1	-1	6	1	0
6358	99	5	1	0	Patient	-1	gates	4	Patient		-1	-1	5	closed	[4, 5]	['closed', 'and']	6	164	116	116	116	116	172	172	172	172	-1	-1	6	0	0
6359	99	5	1	0	Patient	-1	gates	4	Patient		-1	-1	5	closed	[4, 5]	['closed', 'and']	7	104	228	228	228	228	72	72	72	72	-1	-1	6	0	0
6367	99	5	1	0	Patient	-1	gates	4	Patient		-1	-1	5	closed	[4, 5]	['closed', 'and']	16	116	208	388	388	388	168	168	168	168	-1	-1	6	0	0
6370	99	5	1	0	Patient	-1	gates	4	Patient		-1	-1	5	closed	[4, 5]	['closed', 'and']	19	143	236	236	236	236	200	200	200	200	-1	-1	6	0	0
6371	99	5	1	0	Patient	-1	gates	4	Patient		-1	-1	5	closed	[4, 5]	['closed', 'and']	20	185	0	0	0	0	140	140	140	140	-1	-1	6	1	0
6374	99	5	1	0	Patient	-1	gates	4	Patient		-1	-1	5	closed	[4, 5]	['closed', 'and']	23	38	244	400	400	400	212	212	212	212	-1	-1	6	0	0
6375	99	5	1	0	Patient	-1	gates	4	Patient		-1	-1	5	closed	[4, 5]	['closed', 'and']	24	50	148	148	148	148	164	164	164	164	-1	-1	6	0	0
6377	99	5	1	0	Patient	-1	gates	4	Patient		-1	-1	5	closed	[4, 5]	['closed', 'and']	27	155	152	152	152	152	248	248	248	248	-1	-1	6	0	0
6379	99	5	1	0	Patient	-1	gates	4	Patient		-1	-1	5	closed	[4, 5]	['closed', 'and']	29	23	252	252	252	252	124	124	124	124	-1	-1	6	0	0
6380	99	5	1	0	Patient	-1	gates	4	Patient		-1	-1	5	closed	[4, 5]	['closed', 'and']	30	47	176	176	176	176	192	192	192	192	-1	-1	6	0	0
6383	99	5	1	0	Patient	-1	gates	4	Patient		-1	-1	5	closed	[4, 5]	['closed', 'and']	33	21	248	464	464	464	88	112	112	112	-1	-1	6	0	0
6384	99	5	1	0	Patient	-1	gates	4	Patient		-1	-1	5	closed	[4, 5]	['closed', 'and']	34	178	0	0	0	0	140	140	140	140	-1	-1	6	1	0
6389	99	5	1	0	Patient	-1	gates	4	Patient		-1	-1	5	closed	[4, 5]	['closed', 'and']	39	105	180	180	180	180	132	132	132	132	-1	-1	6	0	0
6396	99	7	1	1	Patient	-5	Let's	1	Patient		-1	-5	7	go	[6]	['go']	3	26	140	268	268	268	208	208	208	208	-5	-5	2	0	0
6398	99	7	1	1	Patient	-5	Let's	1	Patient		-1	-5	7	go	[6]	['go']	5	140	236	236	236	236	132	132	132	980	-5	-5	2	0	0
6401	99	7	1	1	Patient	-5	Let's	1	Patient		-1	-5	7	go	[6]	['go']	8	19	0	0	0	0	228	412	412	412	-5	-5	2	1	0
6402	99	7	1	1	Patient	-5	Let's	1	Patient		-1	-5	7	go	[6]	['go']	10	122	156	156	156	156	204	204	204	204	-5	-5	2	0	0
6403	99	7	1	1	Patient	-5	Let's	1	Patient		-1	-5	7	go	[6]	['go']	11	198	136	136	136	136	256	384	384	384	-5	-5	2	0	0
6404	99	7	1	1	Patient	-5	Let's	1	Patient		-1	-5	7	go	[6]	['go']	12	32	204	204	204	204	288	348	928	1576	-5	-5	2	0	0
6405	99	7	1	1	Patient	-5	Let's	1	Patient		-1	-5	7	go	[6]	['go']	13	126	184	184	184	184	196	196	196	196	-5	-5	2	0	0
6406	99	7	1	1	Patient	-5	Let's	1	Patient		-1	-5	7	go	[6]	['go']	14	138	152	152	152	152	196	196	196	196	-5	-5	2	0	0
6408	99	7	1	1	Patient	-5	Let's	1	Patient		-1	-5	7	go	[6]	['go']	16	116	164	164	164	164	272	604	604	1216	-5	-5	2	0	0
6410	99	7	1	1	Patient	-5	Let's	1	Patient		-1	-5	7	go	[6]	['go']	18	64	0	0	0	0	232	232	232	232	-5	-5	2	1	0
6411	99	7	1	1	Patient	-5	Let's	1	Patient		-1	-5	7	go	[6]	['go']	19	143	0	0	0	0	204	204	204	204	-5	-5	2	1	0
6412	99	7	1	1	Patient	-5	Let's	1	Patient		-1	-5	7	go	[6]	['go']	20	185	0	0	0	0	264	264	264	264	-5	-5	2	1	0
6413	99	7	1	1	Patient	-5	Let's	1	Patient		-1	-5	7	go	[6]	['go']	21	49	0	0	0	0	272	272	272	272	-5	-5	2	1	0
6414	99	7	1	1	Patient	-5	Let's	1	Patient		-1	-5	7	go	[6]	['go']	22	99	196	196	196	196	236	236	236	356	-5	-5	2	0	0
6415	99	7	1	1	Patient	-5	Let's	1	Patient		-1	-5	7	go	[6]	['go']	23	38	0	0	0	0	184	184	184	184	-5	-5	2	1	0
6417	99	7	1	1	Patient	-5	Let's	1	Patient		-1	-5	7	go	[6]	['go']	25	136	292	292	292	292	212	212	212	212	-5	-5	2	0	0
6418	99	7	1	1	Patient	-5	Let's	1	Patient		-1	-5	7	go	[6]	['go']	27	155	148	148	148	148	324	324	324	864	-5	-5	2	0	0
6420	99	7	1	1	Patient	-5	Let's	1	Patient		-1	-5	7	go	[6]	['go']	29	23	0	0	0	0	176	176	308	416	-5	-5	2	1	0
6421	99	7	1	1	Patient	-5	Let's	1	Patient		-1	-5	7	go	[6]	['go']	30	47	0	0	0	0	268	268	268	376	-5	-5	2	1	0
6422	99	7	1	1	Patient	-5	Let's	1	Patient		-1	-5	7	go	[6]	['go']	31	184	0	0	0	0	508	508	508	508	-5	-5	2	1	0
6423	99	7	1	1	Patient	-5	Let's	1	Patient		-1	-5	7	go	[6]	['go']	32	75	228	228	228	228	296	296	296	296	-5	-5	2	0	0
6424	99	7	1	1	Patient	-5	Let's	1	Patient		-1	-5	7	go	[6]	['go']	33	21	84	264	264	264	456	456	456	1780	-5	-5	2	0	0
6425	99	7	1	1	Patient	-5	Let's	1	Patient		-1	-5	7	go	[6]	['go']	34	178	0	0	0	0	448	448	448	1568	-5	-5	2	1	0
6426	99	7	1	1	Patient	-5	Let's	1	Patient		-1	-5	7	go	[6]	['go']	35	10	240	240	240	240	280	280	280	280	-5	-5	2	0	0
6427	99	7	1	1	Patient	-5	Let's	1	Patient		-1	-5	7	go	[6]	['go']	36	79	0	0	0	0	204	204	204	204	-5	-5	2	1	0
6428	99	7	1	1	Patient	-5	Let's	1	Patient		-1	-5	7	go	[6]	['go']	37	198	156	156	156	156	136	252	252	252	-5	-5	2	0	0
6429	99	7	1	1	Patient	-5	Let's	1	Patient		-1	-5	7	go	[6]	['go']	38	53	248	248	248	248	172	172	172	172	-5	-5	2	0	0
6431	99	7	1	1	Patient	-5	Let's	1	Patient		-1	-5	7	go	[6]	['go']	40	178	0	0	0	0	156	156	156	408	-5	-5	2	1	0
6432	99	7	1	1	Patient	-5	Let's	1	Patient		-1	-5	7	go	[6]	['go']	41	46	236	236	236	1516	116	116	232	420	-5	-5	2	0	0
6433	99	7	1	1	Patient	-5	Let's	1	Patient		-1	-5	7	go	[6]	['go']	42	137	180	180	180	180	400	400	400	736	-5	-5	2	0	0
6434	99	7	1	1	Patient	-5	Let's	1	Patient		-1	-5	7	go	[6]	['go']	43	7	180	180	180	180	168	168	168	168	-5	-5	2	0	0
6436	100	1	1	2	Agent	-1	Andrew	1	Agent		-1	-1	2	closed	[1]	['closed']	2	64	152	152	152	152	124	124	124	124	-1	-1	6	0	0
6437	100	1	1	2	Agent	-1	Andrew	1	Agent		-1	-1	2	closed	[1]	['closed']	3	14	204	204	204	204	208	388	388	388	-1	-1	6	0	0
6441	100	1	1	2	Agent	-1	Andrew	1	Agent		-1	-1	2	closed	[1]	['closed']	7	72	112	112	112	112	156	288	288	288	-1	-1	6	0	0
6443	100	1	1	2	Agent	-1	Andrew	1	Agent		-1	-1	2	closed	[1]	['closed']	10	136	108	108	108	108	160	160	160	160	-1	-1	6	0	0
6444	100	1	1	2	Agent	-1	Andrew	1	Agent		-1	-1	2	closed	[1]	['closed']	11	13	216	216	216	216	128	128	128	128	-1	-1	6	0	0
6445	100	1	1	2	Agent	-1	Andrew	1	Agent		-1	-1	2	closed	[1]	['closed']	12	119	120	120	120	120	148	148	148	148	-1	-1	6	0	0
6446	100	1	1	2	Agent	-1	Andrew	1	Agent		-1	-1	2	closed	[1]	['closed']	13	86	200	200	200	200	128	128	128	128	-1	-1	6	0	0
6448	100	1	1	2	Agent	-1	Andrew	1	Agent		-1	-1	2	closed	[1]	['closed']	15	74	112	264	264	264	116	116	116	116	-1	-1	6	0	0
6449	100	1	1	2	Agent	-1	Andrew	1	Agent		-1	-1	2	closed	[1]	['closed']	16	150	156	296	296	296	160	160	160	160	-1	-1	6	0	0
6458	100	1	1	2	Agent	-1	Andrew	1	Agent		-1	-1	2	closed	[1]	['closed']	25	37	208	208	388	660	172	172	172	172	-1	-1	6	0	0
6459	100	1	1	2	Agent	-1	Andrew	1	Agent		-1	-1	2	closed	[1]	['closed']	27	169	208	208	208	208	136	136	136	136	-1	-1	6	0	0
6462	100	1	1	2	Agent	-1	Andrew	1	Agent		-1	-1	2	closed	[1]	['closed']	30	104	188	188	188	188	292	292	292	292	-1	-1	6	0	0
6464	100	1	1	2	Agent	-1	Andrew	1	Agent		-1	-1	2	closed	[1]	['closed']	32	148	240	240	240	240	168	168	168	168	-1	-1	6	0	0
6467	100	1	1	2	Agent	-1	Andrew	1	Agent		-1	-1	2	closed	[1]	['closed']	35	154	140	140	140	140	168	168	168	168	-1	-1	6	0	0
6469	100	1	1	2	Agent	-1	Andrew	1	Agent		-1	-1	2	closed	[1]	['closed']	37	139	224	224	224	224	148	148	148	148	-1	-1	6	0	0
6473	100	1	1	2	Agent	-1	Andrew	1	Agent		-1	-1	2	closed	[1]	['closed']	41	90	0	0	0	0	228	228	228	732	-1	-1	6	1	0
6476	101	1	1	1	Experiencer	-1	Charles	1	Experiencer		-1	-1	2	felt	[1]	['felt']	1	82	136	136	136	136	216	216	216	216	-1	-1	4	0	0
6477	101	1	1	1	Experiencer	-1	Charles	1	Experiencer		-1	-1	2	felt	[1]	['felt']	2	133	100	100	100	100	220	220	220	220	-1	-1	4	0	0
6478	101	1	1	1	Experiencer	-1	Charles	1	Experiencer		-1	-1	2	felt	[1]	['felt']	3	192	172	288	288	288	152	152	152	152	-1	-1	4	0	0
6479	101	1	1	1	Experiencer	-1	Charles	1	Experiencer		-1	-1	2	felt	[1]	['felt']	4	189	140	140	140	140	184	184	184	184	-1	-1	4	0	0
6481	101	1	1	1	Experiencer	-1	Charles	1	Experiencer		-1	-1	2	felt	[1]	['felt']	6	184	0	0	0	0	140	140	140	140	-1	-1	4	1	0
6482	101	1	1	1	Experiencer	-1	Charles	1	Experiencer		-1	-1	2	felt	[1]	['felt']	7	77	76	76	76	76	140	228	228	228	-1	-1	4	0	0
6483	101	1	1	1	Experiencer	-1	Charles	1	Experiencer		-1	-1	2	felt	[1]	['felt']	8	49	160	160	160	160	216	216	216	216	-1	-1	4	0	0
6485	101	1	1	1	Experiencer	-1	Charles	1	Experiencer		-1	-1	2	felt	[1]	['felt']	11	156	160	160	160	160	164	164	164	164	-1	-1	4	0	0
6486	101	1	1	1	Experiencer	-1	Charles	1	Experiencer		-1	-1	2	felt	[1]	['felt']	12	155	144	144	300	516	200	200	200	200	-1	-1	4	0	0
6488	101	1	1	1	Experiencer	-1	Charles	1	Experiencer		-1	-1	2	felt	[1]	['felt']	14	4	164	164	164	164	168	168	168	168	-1	-1	4	0	0
6489	101	1	1	1	Experiencer	-1	Charles	1	Experiencer		-1	-1	2	felt	[1]	['felt']	15	143	0	0	0	0	248	248	248	248	-1	-1	4	1	0
6490	101	1	1	1	Experiencer	-1	Charles	1	Experiencer		-1	-1	2	felt	[1]	['felt']	16	148	132	132	132	132	156	156	156	156	-1	-1	4	0	0
6493	101	1	1	1	Experiencer	-1	Charles	1	Experiencer		-1	-1	2	felt	[1]	['felt']	19	73	72	188	188	188	260	260	260	448	-1	-1	4	0	0
6494	101	1	1	1	Experiencer	-1	Charles	1	Experiencer		-1	-1	2	felt	[1]	['felt']	20	124	164	164	164	164	148	148	148	148	-1	-1	4	0	0
6495	101	1	1	1	Experiencer	-1	Charles	1	Experiencer		-1	-1	2	felt	[1]	['felt']	21	35	236	236	236	432	192	192	192	284	-1	-1	4	0	0
6497	101	1	1	1	Experiencer	-1	Charles	1	Experiencer		-1	-1	2	felt	[1]	['felt']	23	26	192	192	192	192	192	192	192	192	-1	-1	4	0	0
6498	101	1	1	1	Experiencer	-1	Charles	1	Experiencer		-1	-1	2	felt	[1]	['felt']	24	66	172	172	172	172	152	152	152	152	-1	-1	4	0	0
6499	101	1	1	1	Experiencer	-1	Charles	1	Experiencer		-1	-1	2	felt	[1]	['felt']	25	169	212	212	212	212	236	236	236	236	-1	-1	4	0	0
6500	101	1	1	1	Experiencer	-1	Charles	1	Experiencer		-1	-1	2	felt	[1]	['felt']	27	172	196	360	360	360	164	164	164	164	-1	-1	4	0	0
6501	101	1	1	1	Experiencer	-1	Charles	1	Experiencer		-1	-1	2	felt	[1]	['felt']	28	182	200	200	200	200	284	284	500	728	-1	-1	4	0	0
6502	101	1	1	1	Experiencer	-1	Charles	1	Experiencer		-1	-1	2	felt	[1]	['felt']	29	123	200	200	200	200	156	156	156	156	-1	-1	4	0	0
6503	101	1	1	1	Experiencer	-1	Charles	1	Experiencer		-1	-1	2	felt	[1]	['felt']	30	42	0	0	0	0	296	296	296	348	-1	-1	4	1	0
6505	101	1	1	1	Experiencer	-1	Charles	1	Experiencer		-1	-1	2	felt	[1]	['felt']	32	127	272	272	272	272	260	260	260	260	-1	-1	4	0	0
6506	101	1	1	1	Experiencer	-1	Charles	1	Experiencer		-1	-1	2	felt	[1]	['felt']	33	54	168	168	168	168	168	168	168	168	-1	-1	4	0	0
6508	101	1	1	1	Experiencer	-1	Charles	1	Experiencer		-1	-1	2	felt	[1]	['felt']	35	22	0	0	0	0	212	212	212	212	-1	-1	4	1	0
6510	101	1	1	1	Experiencer	-1	Charles	1	Experiencer		-1	-1	2	felt	[1]	['felt']	37	71	180	180	180	180	144	144	144	144	-1	-1	4	0	0
6511	101	1	1	1	Experiencer	-1	Charles	1	Experiencer		-1	-1	2	felt	[1]	['felt']	38	4	344	580	580	580	180	180	180	180	-1	-1	4	0	0
6515	101	1	1	1	Experiencer	-1	Charles	1	Experiencer		-1	-1	2	felt	[1]	['felt']	42	140	228	228	228	228	116	116	116	116	-1	-1	4	0	0
6516	101	1	1	1	Experiencer	-1	Charles	1	Experiencer		-1	-1	2	felt	[1]	['felt']	43	134	160	160	160	160	140	140	140	140	-1	-1	4	0	0
6517	102	1	1	0	Agent	-1	Christopher	1	Agent		-1	-1	2	groaned	[1, 2]	['groaned', 'and']	1	122	256	256	256	256	280	280	280	280	-1	-1	7	0	0
6521	102	1	1	0	Agent	-1	Christopher	1	Agent		-1	-1	2	groaned	[1, 2]	['groaned', 'and']	5	57	340	340	492	816	224	224	224	224	-1	-1	7	0	0
6523	102	1	1	0	Agent	-1	Christopher	1	Agent		-1	-1	2	groaned	[1, 2]	['groaned', 'and']	7	116	92	92	92	92	180	180	180	180	-1	-1	7	0	0
6525	102	1	1	0	Agent	-1	Christopher	1	Agent		-1	-1	2	groaned	[1, 2]	['groaned', 'and']	10	12	80	264	264	264	140	140	140	140	-1	-1	7	0	0
6526	102	1	1	0	Agent	-1	Christopher	1	Agent		-1	-1	2	groaned	[1, 2]	['groaned', 'and']	11	179	176	272	272	272	160	160	160	160	-1	-1	7	0	0
6529	102	1	1	0	Agent	-1	Christopher	1	Agent		-1	-1	2	groaned	[1, 2]	['groaned', 'and']	14	125	208	208	208	208	148	148	148	148	-1	-1	7	0	0
6530	102	1	1	0	Agent	-1	Christopher	1	Agent		-1	-1	2	groaned	[1, 2]	['groaned', 'and']	15	194	0	0	0	0	216	216	216	380	-1	-1	7	1	0
6536	102	1	1	0	Agent	-1	Christopher	1	Agent		-1	-1	2	groaned	[1, 2]	['groaned', 'and']	21	109	136	136	136	136	124	124	124	124	-1	-1	7	0	0
6540	102	1	1	0	Agent	-1	Christopher	1	Agent		-1	-1	2	groaned	[1, 2]	['groaned', 'and']	25	138	328	328	328	328	132	132	132	132	-1	-1	7	0	0
6541	102	1	1	0	Agent	-1	Christopher	1	Agent		-1	-1	2	groaned	[1, 2]	['groaned', 'and']	27	38	320	320	320	516	192	192	192	192	-1	-1	7	0	0
6544	102	1	1	0	Agent	-1	Christopher	1	Agent		-1	-1	2	groaned	[1, 2]	['groaned', 'and']	30	12	192	192	192	192	228	440	440	440	-1	-1	7	0	0
6546	102	1	1	0	Agent	-1	Christopher	1	Agent		-1	-1	2	groaned	[1, 2]	['groaned', 'and']	32	179	216	216	216	216	224	224	224	224	-1	-1	7	0	0
6548	102	1	1	0	Agent	-1	Christopher	1	Agent		-1	-1	2	groaned	[1, 2]	['groaned', 'and']	34	63	196	196	196	196	188	188	188	188	-1	-1	7	0	0
6550	102	1	1	0	Agent	-1	Christopher	1	Agent		-1	-1	2	groaned	[1, 2]	['groaned', 'and']	36	47	256	256	256	508	196	196	196	196	-1	-1	7	0	0
6551	102	1	1	0	Agent	-1	Christopher	1	Agent		-1	-1	2	groaned	[1, 2]	['groaned', 'and']	37	189	172	172	172	172	116	116	116	116	-1	-1	7	0	0
6554	102	1	1	0	Agent	-1	Christopher	1	Agent		-1	-1	2	groaned	[1, 2]	['groaned', 'and']	40	150	0	0	0	0	128	128	128	128	-1	-1	7	1	0
6557	102	1	1	0	Agent	-1	Christopher	1	Agent		-1	-1	2	groaned	[1, 2]	['groaned', 'and']	43	80	184	184	184	184	160	160	160	160	-1	-1	7	0	0
6560	102	3	1	2	Agent	-3	Christopher	1	Agent		-1	-3	4	lay	[3]	['lay']	3	167	164	164	164	164	160	320	320	320	-3	-3	3	0	0
6562	102	3	1	2	Agent	-3	Christopher	1	Agent		-1	-3	4	lay	[3]	['lay']	5	57	188	188	188	188	368	368	368	368	-3	-3	3	0	0
6564	102	3	1	2	Agent	-3	Christopher	1	Agent		-1	-3	4	lay	[3]	['lay']	7	116	0	0	0	0	96	96	96	96	-3	-3	3	1	0
6565	102	3	1	2	Agent	-3	Christopher	1	Agent		-1	-3	4	lay	[3]	['lay']	8	34	340	340	340	340	464	464	464	464	-3	-3	3	0	0
6568	102	3	1	2	Agent	-3	Christopher	1	Agent		-1	-3	4	lay	[3]	['lay']	12	113	148	148	148	148	128	128	128	128	-3	-3	3	0	0
6570	102	3	1	2	Agent	-3	Christopher	1	Agent		-1	-3	4	lay	[3]	['lay']	14	125	0	0	0	0	196	196	196	196	-3	-3	3	1	0
6572	102	3	1	2	Agent	-3	Christopher	1	Agent		-1	-3	4	lay	[3]	['lay']	16	7	172	172	172	172	164	164	164	164	-3	-3	3	0	0
6575	102	3	1	2	Agent	-3	Christopher	1	Agent		-1	-3	4	lay	[3]	['lay']	19	157	100	100	100	100	188	188	188	188	-3	-3	3	0	0
6576	102	3	1	2	Agent	-3	Christopher	1	Agent		-1	-3	4	lay	[3]	['lay']	20	159	0	0	0	0	256	256	256	256	-3	-3	3	1	0
6579	102	3	1	2	Agent	-3	Christopher	1	Agent		-1	-3	4	lay	[3]	['lay']	23	202	224	224	224	224	176	176	176	176	-3	-3	3	0	0
6580	102	3	1	2	Agent	-3	Christopher	1	Agent		-1	-3	4	lay	[3]	['lay']	24	83	160	160	160	160	168	168	168	168	-3	-3	3	0	0
6581	102	3	1	2	Agent	-3	Christopher	1	Agent		-1	-3	4	lay	[3]	['lay']	25	138	352	492	492	492	120	120	120	120	-3	-3	3	0	0
6582	102	3	1	2	Agent	-3	Christopher	1	Agent		-1	-3	4	lay	[3]	['lay']	27	38	128	128	128	128	240	240	240	240	-3	-3	3	0	0
6583	102	3	1	2	Agent	-3	Christopher	1	Agent		-1	-3	4	lay	[3]	['lay']	28	92	208	208	208	208	372	564	852	1072	-3	-3	3	0	0
6584	102	3	1	2	Agent	-3	Christopher	1	Agent		-1	-3	4	lay	[3]	['lay']	29	90	0	0	0	0	184	184	184	184	-3	-3	3	1	0
6585	102	3	1	2	Agent	-3	Christopher	1	Agent		-1	-3	4	lay	[3]	['lay']	30	12	208	208	208	348	440	440	664	1400	-3	-3	3	0	0
6586	102	3	1	2	Agent	-3	Christopher	1	Agent		-1	-3	4	lay	[3]	['lay']	31	164	0	0	0	0	144	144	144	256	-3	-3	3	1	0
6588	102	3	1	2	Agent	-3	Christopher	1	Agent		-1	-3	4	lay	[3]	['lay']	33	189	132	132	132	132	192	192	192	192	-3	-3	3	0	0
6589	102	3	1	2	Agent	-3	Christopher	1	Agent		-1	-3	4	lay	[3]	['lay']	34	63	196	196	196	196	164	164	164	164	-3	-3	3	0	0
6592	102	3	1	2	Agent	-3	Christopher	1	Agent		-1	-3	4	lay	[3]	['lay']	37	189	192	192	192	192	284	284	284	284	-3	-3	3	0	0
6593	102	3	1	2	Agent	-3	Christopher	1	Agent		-1	-3	4	lay	[3]	['lay']	38	144	0	0	0	0	296	296	296	404	-3	-3	3	1	0
6595	102	3	1	2	Agent	-3	Christopher	1	Agent		-1	-3	4	lay	[3]	['lay']	40	150	0	0	0	0	148	148	148	148	-3	-3	3	1	0
6597	102	3	1	2	Agent	-3	Christopher	1	Agent		-1	-3	4	lay	[3]	['lay']	42	128	180	180	180	180	144	144	144	144	-3	-3	3	0	0
6599	103	1	1	2	Agent	-1	Dave	1	Agent		-1	-1	2	kicked	[1]	['kicked']	1	129	152	152	152	152	316	316	316	316	-1	-1	6	0	0
6601	103	1	1	2	Agent	-1	Dave	1	Agent		-1	-1	2	kicked	[1]	['kicked']	3	79	228	228	736	1336	152	152	152	152	-1	-1	6	0	0
6606	103	1	1	2	Agent	-1	Dave	1	Agent		-1	-1	2	kicked	[1]	['kicked']	8	102	252	252	252	252	268	268	268	268	-1	-1	6	0	0
6607	103	1	1	2	Agent	-1	Dave	1	Agent		-1	-1	2	kicked	[1]	['kicked']	10	150	0	0	0	0	160	160	376	736	-1	-1	6	1	0
6608	103	1	1	2	Agent	-1	Dave	1	Agent		-1	-1	2	kicked	[1]	['kicked']	11	68	128	128	128	128	112	112	112	228	-1	-1	6	0	0
6609	103	1	1	2	Agent	-1	Dave	1	Agent		-1	-1	2	kicked	[1]	['kicked']	12	166	376	376	668	848	212	212	512	892	-1	-1	6	0	0
6610	103	1	1	2	Agent	-1	Dave	1	Agent		-1	-1	2	kicked	[1]	['kicked']	13	131	248	248	248	248	164	164	164	164	-1	-1	6	0	0
6613	103	1	1	2	Agent	-1	Dave	1	Agent		-1	-1	2	kicked	[1]	['kicked']	16	98	196	348	348	348	184	184	184	184	-1	-1	6	0	0
6616	103	1	1	2	Agent	-1	Dave	1	Agent		-1	-1	2	kicked	[1]	['kicked']	19	26	196	196	196	196	280	280	280	280	-1	-1	6	0	0
6620	103	1	1	2	Agent	-1	Dave	1	Agent		-1	-1	2	kicked	[1]	['kicked']	23	149	100	252	704	1044	176	176	176	176	-1	-1	6	0	0
6621	103	1	1	2	Agent	-1	Dave	1	Agent		-1	-1	2	kicked	[1]	['kicked']	24	193	188	188	188	188	232	232	232	232	-1	-1	6	0	0
6623	103	1	1	2	Agent	-1	Dave	1	Agent		-1	-1	2	kicked	[1]	['kicked']	27	40	200	636	636	636	224	224	224	224	-1	-1	6	0	0
6624	103	1	1	2	Agent	-1	Dave	1	Agent		-1	-1	2	kicked	[1]	['kicked']	28	53	280	280	280	280	264	264	264	264	-1	-1	6	0	0
6626	103	1	1	2	Agent	-1	Dave	1	Agent		-1	-1	2	kicked	[1]	['kicked']	30	140	188	188	668	876	176	176	176	176	-1	-1	6	0	0
6627	103	1	1	2	Agent	-1	Dave	1	Agent		-1	-1	2	kicked	[1]	['kicked']	31	121	132	132	132	132	144	144	144	144	-1	-1	6	0	0
6628	103	1	1	2	Agent	-1	Dave	1	Agent		-1	-1	2	kicked	[1]	['kicked']	32	10	60	60	60	308	144	144	324	1004	-1	-1	6	0	0
6629	103	1	1	2	Agent	-1	Dave	1	Agent		-1	-1	2	kicked	[1]	['kicked']	33	187	160	160	160	160	436	436	436	436	-1	-1	6	0	0
6632	103	1	1	2	Agent	-1	Dave	1	Agent		-1	-1	2	kicked	[1]	['kicked']	36	108	0	0	0	0	136	136	136	136	-1	-1	6	1	0
6633	103	1	1	2	Agent	-1	Dave	1	Agent		-1	-1	2	kicked	[1]	['kicked']	37	41	28	28	160	388	196	196	196	196	-1	-1	6	0	0
6634	103	1	1	2	Agent	-1	Dave	1	Agent		-1	-1	2	kicked	[1]	['kicked']	38	56	292	292	292	396	224	372	372	372	-1	-1	6	0	0
6635	103	1	1	2	Agent	-1	Dave	1	Agent		-1	-1	2	kicked	[1]	['kicked']	39	189	0	0	0	0	152	152	152	152	-1	-1	6	1	0
6636	103	1	1	2	Agent	-1	Dave	1	Agent		-1	-1	2	kicked	[1]	['kicked']	40	53	236	236	404	496	252	252	252	252	-1	-1	6	0	0
6638	103	1	1	2	Agent	-1	Dave	1	Agent		-1	-1	2	kicked	[1]	['kicked']	42	194	160	160	160	160	208	208	208	208	-1	-1	6	0	0
6639	103	1	1	2	Agent	-1	Dave	1	Agent		-1	-1	2	kicked	[1]	['kicked']	43	173	252	252	252	448	212	212	212	212	-1	-1	6	0	0
6681	104	1	1	1	Agent	-1	Dexter	1	Agent		-1	-1	2	opened	[1]	['opened']	1	95	136	392	392	392	224	224	224	224	-1	-1	6	0	0
6683	104	1	1	1	Agent	-1	Dexter	1	Agent		-1	-1	2	opened	[1]	['opened']	3	184	180	312	312	312	200	200	200	200	-1	-1	6	0	0
6687	104	1	1	1	Agent	-1	Dexter	1	Agent		-1	-1	2	opened	[1]	['opened']	7	147	152	152	380	460	184	288	288	288	-1	-1	6	0	0
6688	104	1	1	1	Agent	-1	Dexter	1	Agent		-1	-1	2	opened	[1]	['opened']	8	98	160	160	160	160	208	208	208	208	-1	-1	6	0	0
6689	104	1	1	1	Agent	-1	Dexter	1	Agent		-1	-1	2	opened	[1]	['opened']	10	201	172	172	264	544	184	184	184	184	-1	-1	6	0	0
6690	104	1	1	1	Agent	-1	Dexter	1	Agent		-1	-1	2	opened	[1]	['opened']	11	124	204	204	204	204	180	180	180	180	-1	-1	6	0	0
6691	104	1	1	1	Agent	-1	Dexter	1	Agent		-1	-1	2	opened	[1]	['opened']	12	5	0	0	0	0	160	160	160	160	-1	-1	6	1	0
6692	104	1	1	1	Agent	-1	Dexter	1	Agent		-1	-1	2	opened	[1]	['opened']	13	101	236	236	236	236	232	232	232	232	-1	-1	6	0	0
6693	104	1	1	1	Agent	-1	Dexter	1	Agent		-1	-1	2	opened	[1]	['opened']	14	142	224	224	224	224	212	212	212	212	-1	-1	6	0	0
6694	104	1	1	1	Agent	-1	Dexter	1	Agent		-1	-1	2	opened	[1]	['opened']	15	149	184	184	184	184	132	132	132	132	-1	-1	6	0	0
6695	104	1	1	1	Agent	-1	Dexter	1	Agent		-1	-1	2	opened	[1]	['opened']	16	49	180	180	180	180	220	220	220	220	-1	-1	6	0	0
6698	104	1	1	1	Agent	-1	Dexter	1	Agent		-1	-1	2	opened	[1]	['opened']	19	113	172	172	172	172	156	156	156	156	-1	-1	6	0	0
6702	104	1	1	1	Agent	-1	Dexter	1	Agent		-1	-1	2	opened	[1]	['opened']	23	93	164	376	376	376	204	204	204	204	-1	-1	6	0	0
6703	104	1	1	1	Agent	-1	Dexter	1	Agent		-1	-1	2	opened	[1]	['opened']	24	78	128	312	312	312	152	152	152	152	-1	-1	6	0	0
6704	104	1	1	1	Agent	-1	Dexter	1	Agent		-1	-1	2	opened	[1]	['opened']	25	35	152	284	284	724	240	240	240	240	-1	-1	6	0	0
6708	104	1	1	1	Agent	-1	Dexter	1	Agent		-1	-1	2	opened	[1]	['opened']	30	27	256	256	256	256	288	288	288	288	-1	-1	6	0	0
6710	104	1	1	1	Agent	-1	Dexter	1	Agent		-1	-1	2	opened	[1]	['opened']	32	192	264	264	264	264	188	188	188	188	-1	-1	6	0	0
6713	104	1	1	1	Agent	-1	Dexter	1	Agent		-1	-1	2	opened	[1]	['opened']	35	27	204	204	204	204	164	164	164	164	-1	-1	6	0	0
6715	104	1	1	1	Agent	-1	Dexter	1	Agent		-1	-1	2	opened	[1]	['opened']	37	9	140	140	140	140	272	272	272	272	-1	-1	6	0	0
6717	104	1	1	1	Agent	-1	Dexter	1	Agent		-1	-1	2	opened	[1]	['opened']	39	22	0	0	0	0	292	292	292	1456	-1	-1	6	1	0
6719	104	1	1	1	Agent	-1	Dexter	1	Agent		-1	-1	2	opened	[1]	['opened']	41	204	264	264	460	652	208	208	208	208	-1	-1	6	0	0
6728	104	5	1	2	Agent	-5	Dexter	1	Agent		-1	-5	6	found	[5]	['found']	7	147	0	0	0	0	128	128	128	128	-5	-5	5	1	0
6734	104	5	1	2	Agent	-5	Dexter	1	Agent		-1	-5	6	found	[5]	['found']	14	142	160	160	160	160	208	208	208	208	-5	-5	5	0	0
6754	104	5	1	2	Agent	-5	Dexter	1	Agent		-1	-5	6	found	[5]	['found']	35	27	156	156	156	156	152	152	152	152	-5	-5	5	0	0
6760	104	5	1	2	Agent	-5	Dexter	1	Agent		-1	-5	6	found	[5]	['found']	41	204	0	0	0	0	164	164	164	164	-5	-5	5	1	0
6763	105	1	1	1	Agent	-1	Duncan	1	Agent		-1	-1	2	took	[1]	['took']	1	188	144	144	144	144	216	216	216	216	-1	-1	4	0	0
6764	105	1	1	1	Agent	-1	Duncan	1	Agent		-1	-1	2	took	[1]	['took']	2	126	156	156	156	156	60	60	60	60	-1	-1	4	0	0
6765	105	1	1	1	Agent	-1	Duncan	1	Agent		-1	-1	2	took	[1]	['took']	3	5	216	216	216	216	328	328	328	328	-1	-1	4	0	0
6768	105	1	1	1	Agent	-1	Duncan	1	Agent		-1	-1	2	took	[1]	['took']	6	168	0	0	0	0	252	368	368	368	-1	-1	4	1	0
6769	105	1	1	1	Agent	-1	Duncan	1	Agent		-1	-1	2	took	[1]	['took']	7	125	228	228	228	328	104	104	104	104	-1	-1	4	0	0
6770	105	1	1	1	Agent	-1	Duncan	1	Agent		-1	-1	2	took	[1]	['took']	8	1	220	220	220	220	120	120	120	120	-1	-1	4	0	0
6772	105	1	1	1	Agent	-1	Duncan	1	Agent		-1	-1	2	took	[1]	['took']	11	76	200	320	320	320	220	220	220	220	-1	-1	4	0	0
6774	105	1	1	1	Agent	-1	Duncan	1	Agent		-1	-1	2	took	[1]	['took']	13	45	156	156	156	156	304	304	304	304	-1	-1	4	0	0
6782	105	1	1	1	Agent	-1	Duncan	1	Agent		-1	-1	2	took	[1]	['took']	21	153	152	248	248	408	136	136	136	136	-1	-1	4	0	0
6785	105	1	1	1	Agent	-1	Duncan	1	Agent		-1	-1	2	took	[1]	['took']	24	167	140	140	140	140	120	120	120	120	-1	-1	4	0	0
6787	105	1	1	1	Agent	-1	Duncan	1	Agent		-1	-1	2	took	[1]	['took']	27	77	220	220	220	408	180	180	180	180	-1	-1	4	0	0
6790	105	1	1	1	Agent	-1	Duncan	1	Agent		-1	-1	2	took	[1]	['took']	30	43	332	332	332	332	232	232	232	232	-1	-1	4	0	0
6805	105	4	1	1	Pivot	-4	Duncan	1	Pivot		-1	-4	6	wanted	[5, 6, 7]	['wanted', 'to', 'be']	2	126	160	160	160	160	160	160	160	160	-4	-4	6	0	0
6806	105	4	1	1	Pivot	-4	Duncan	1	Pivot		-1	-4	6	wanted	[5, 6, 7]	['wanted', 'to', 'be']	3	5	176	176	176	176	128	276	276	276	-4	-4	6	0	0
6810	105	4	1	1	Pivot	-4	Duncan	1	Pivot		-1	-4	6	wanted	[5, 6, 7]	['wanted', 'to', 'be']	7	125	116	116	116	116	124	124	124	124	-4	-4	6	0	0
6813	105	4	1	1	Pivot	-4	Duncan	1	Pivot		-1	-4	6	wanted	[5, 6, 7]	['wanted', 'to', 'be']	11	76	180	180	180	180	192	192	192	192	-4	-4	6	0	0
6816	105	4	1	1	Pivot	-4	Duncan	1	Pivot		-1	-4	6	wanted	[5, 6, 7]	['wanted', 'to', 'be']	14	136	192	192	468	720	324	396	396	396	-4	-4	6	0	0
6836	105	4	1	1	Pivot	-4	Duncan	1	Pivot		-1	-4	6	wanted	[5, 6, 7]	['wanted', 'to', 'be']	35	55	184	184	184	184	140	140	140	140	-4	-4	6	0	0
6840	105	4	1	1	Pivot	-4	Duncan	1	Pivot		-1	-4	6	wanted	[5, 6, 7]	['wanted', 'to', 'be']	39	139	0	0	0	0	368	368	368	368	-4	-4	6	1	0
6843	105	4	1	1	Pivot	-4	Duncan	1	Pivot		-1	-4	6	wanted	[5, 6, 7]	['wanted', 'to', 'be']	42	195	0	0	0	0	172	172	172	172	-4	-4	6	1	0
6845	106	1	1	1	Agent	-1	Edward	1	Agent		-1	-1	2	washed	[1]	['washed']	1	108	128	316	316	316	164	212	212	212	-1	-1	6	0	0
6846	106	1	1	1	Agent	-1	Edward	1	Agent		-1	-1	2	washed	[1]	['washed']	2	154	196	196	196	196	164	164	164	164	-1	-1	6	0	0
6847	106	1	1	1	Agent	-1	Edward	1	Agent		-1	-1	2	washed	[1]	['washed']	3	177	320	320	320	320	132	248	248	248	-1	-1	6	0	0
6849	106	1	1	1	Agent	-1	Edward	1	Agent		-1	-1	2	washed	[1]	['washed']	5	108	0	0	0	0	216	216	216	904	-1	-1	6	1	0
6850	106	1	1	1	Agent	-1	Edward	1	Agent		-1	-1	2	washed	[1]	['washed']	6	127	136	136	136	136	124	124	124	124	-1	-1	6	0	0
6851	106	1	1	1	Agent	-1	Edward	1	Agent		-1	-1	2	washed	[1]	['washed']	7	16	132	132	132	132	116	116	116	116	-1	-1	6	0	0
6852	106	1	1	1	Agent	-1	Edward	1	Agent		-1	-1	2	washed	[1]	['washed']	8	113	224	224	224	224	224	224	224	224	-1	-1	6	0	0
6854	106	1	1	1	Agent	-1	Edward	1	Agent		-1	-1	2	washed	[1]	['washed']	11	187	172	172	172	172	164	164	164	164	-1	-1	6	0	0
6856	106	1	1	1	Agent	-1	Edward	1	Agent		-1	-1	2	washed	[1]	['washed']	13	196	124	124	124	124	184	184	184	184	-1	-1	6	0	0
6859	106	1	1	1	Agent	-1	Edward	1	Agent		-1	-1	2	washed	[1]	['washed']	16	16	260	260	396	536	188	188	188	188	-1	-1	6	0	0
6862	106	1	1	1	Agent	-1	Edward	1	Agent		-1	-1	2	washed	[1]	['washed']	19	2	136	136	136	136	200	200	200	200	-1	-1	6	0	0
6863	106	1	1	1	Agent	-1	Edward	1	Agent		-1	-1	2	washed	[1]	['washed']	20	196	168	168	168	168	136	136	136	136	-1	-1	6	0	0
6864	106	1	1	1	Agent	-1	Edward	1	Agent		-1	-1	2	washed	[1]	['washed']	21	179	132	132	132	132	128	128	128	128	-1	-1	6	0	0
6866	106	1	1	1	Agent	-1	Edward	1	Agent		-1	-1	2	washed	[1]	['washed']	23	52	236	236	236	236	176	176	176	176	-1	-1	6	0	0
6867	106	1	1	1	Agent	-1	Edward	1	Agent		-1	-1	2	washed	[1]	['washed']	24	137	156	356	356	356	128	128	128	128	-1	-1	6	0	0
6868	106	1	1	1	Agent	-1	Edward	1	Agent		-1	-1	2	washed	[1]	['washed']	25	129	0	0	0	0	264	264	264	828	-1	-1	6	1	0
6869	106	1	1	1	Agent	-1	Edward	1	Agent		-1	-1	2	washed	[1]	['washed']	27	146	156	156	156	156	232	232	232	232	-1	-1	6	0	0
6870	106	1	1	1	Agent	-1	Edward	1	Agent		-1	-1	2	washed	[1]	['washed']	28	20	0	0	0	0	120	228	228	228	-1	-1	6	1	0
6872	106	1	1	1	Agent	-1	Edward	1	Agent		-1	-1	2	washed	[1]	['washed']	30	2	260	260	260	260	248	248	248	248	-1	-1	6	0	0
6874	106	1	1	1	Agent	-1	Edward	1	Agent		-1	-1	2	washed	[1]	['washed']	32	133	252	252	252	252	244	244	244	244	-1	-1	6	0	0
6885	106	1	1	1	Agent	-1	Edward	1	Agent		-1	-1	2	washed	[1]	['washed']	43	85	196	196	196	196	224	224	224	224	-1	-1	6	0	0
6886	106	5	1	2	Agent	-5	Edward	1	Agent		-1	-5	6	flicked	[5]	['flicked']	1	108	152	152	152	244	288	824	824	824	-5	-5	7	0	0
6887	106	5	1	2	Agent	-5	Edward	1	Agent		-1	-5	6	flicked	[5]	['flicked']	2	154	188	188	188	188	208	208	208	208	-5	-5	7	0	0
6888	106	5	1	2	Agent	-5	Edward	1	Agent		-1	-5	6	flicked	[5]	['flicked']	3	177	196	424	424	424	288	424	424	424	-5	-5	7	0	0
6889	106	5	1	2	Agent	-5	Edward	1	Agent		-1	-5	6	flicked	[5]	['flicked']	4	77	184	184	184	184	296	296	296	296	-5	-5	7	0	0
6890	106	5	1	2	Agent	-5	Edward	1	Agent		-1	-5	6	flicked	[5]	['flicked']	5	108	232	232	232	232	216	216	216	216	-5	-5	7	0	0
6891	106	5	1	2	Agent	-5	Edward	1	Agent		-1	-5	6	flicked	[5]	['flicked']	6	127	0	0	0	0	312	312	312	312	-5	-5	7	1	0
6893	106	5	1	2	Agent	-5	Edward	1	Agent		-1	-5	6	flicked	[5]	['flicked']	8	113	132	132	132	132	232	364	364	364	-5	-5	7	0	0
6894	106	5	1	2	Agent	-5	Edward	1	Agent		-1	-5	6	flicked	[5]	['flicked']	10	76	160	272	272	272	188	188	188	188	-5	-5	7	0	0
6895	106	5	1	2	Agent	-5	Edward	1	Agent		-1	-5	6	flicked	[5]	['flicked']	11	187	156	156	156	156	244	244	244	244	-5	-5	7	0	0
6896	106	5	1	2	Agent	-5	Edward	1	Agent		-1	-5	6	flicked	[5]	['flicked']	12	194	216	216	216	216	412	412	412	412	-5	-5	7	0	0
6897	106	5	1	2	Agent	-5	Edward	1	Agent		-1	-5	6	flicked	[5]	['flicked']	13	196	228	228	228	228	216	216	216	216	-5	-5	7	0	0
6898	106	5	1	2	Agent	-5	Edward	1	Agent		-1	-5	6	flicked	[5]	['flicked']	14	160	240	240	240	240	428	428	428	428	-5	-5	7	0	0
6900	106	5	1	2	Agent	-5	Edward	1	Agent		-1	-5	6	flicked	[5]	['flicked']	16	16	148	148	148	148	184	232	316	432	-5	-5	7	0	0
6901	106	5	1	2	Agent	-5	Edward	1	Agent		-1	-5	6	flicked	[5]	['flicked']	17	74	116	460	460	460	140	236	428	708	-5	-5	7	0	0
6903	106	5	1	2	Agent	-5	Edward	1	Agent		-1	-5	6	flicked	[5]	['flicked']	19	2	172	172	172	172	268	364	364	364	-5	-5	7	0	0
6904	106	5	1	2	Agent	-5	Edward	1	Agent		-1	-5	6	flicked	[5]	['flicked']	20	196	0	0	0	0	148	148	148	148	-5	-5	7	1	0
6905	106	5	1	2	Agent	-5	Edward	1	Agent		-1	-5	6	flicked	[5]	['flicked']	21	179	212	212	212	212	236	236	236	236	-5	-5	7	0	0
6906	106	5	1	2	Agent	-5	Edward	1	Agent		-1	-5	6	flicked	[5]	['flicked']	22	23	188	344	344	344	308	308	308	308	-5	-5	7	0	0
6907	106	5	1	2	Agent	-5	Edward	1	Agent		-1	-5	6	flicked	[5]	['flicked']	23	52	224	392	392	392	268	424	424	424	-5	-5	7	0	0
6908	106	5	1	2	Agent	-5	Edward	1	Agent		-1	-5	6	flicked	[5]	['flicked']	24	137	164	392	392	392	244	244	244	468	-5	-5	7	0	0
6909	106	5	1	2	Agent	-5	Edward	1	Agent		-1	-5	6	flicked	[5]	['flicked']	25	129	160	160	160	160	224	224	224	224	-5	-5	7	0	0
6910	106	5	1	2	Agent	-5	Edward	1	Agent		-1	-5	6	flicked	[5]	['flicked']	27	146	152	152	152	152	276	432	432	432	-5	-5	7	0	0
6911	106	5	1	2	Agent	-5	Edward	1	Agent		-1	-5	6	flicked	[5]	['flicked']	28	20	248	248	248	248	160	160	160	160	-5	-5	7	0	0
6912	106	5	1	2	Agent	-5	Edward	1	Agent		-1	-5	6	flicked	[5]	['flicked']	29	116	192	340	340	340	220	220	220	220	-5	-5	7	0	0
6913	106	5	1	2	Agent	-5	Edward	1	Agent		-1	-5	6	flicked	[5]	['flicked']	30	2	164	164	164	164	652	652	652	652	-5	-5	7	0	0
6915	106	5	1	2	Agent	-5	Edward	1	Agent		-1	-5	6	flicked	[5]	['flicked']	32	133	164	164	164	164	244	244	244	244	-5	-5	7	0	0
6916	106	5	1	2	Agent	-5	Edward	1	Agent		-1	-5	6	flicked	[5]	['flicked']	33	52	108	360	360	360	196	196	388	588	-5	-5	7	0	0
6917	106	5	1	2	Agent	-5	Edward	1	Agent		-1	-5	6	flicked	[5]	['flicked']	34	16	164	352	352	352	276	276	276	276	-5	-5	7	0	0
6918	106	5	1	2	Agent	-5	Edward	1	Agent		-1	-5	6	flicked	[5]	['flicked']	35	159	208	208	208	208	144	144	144	144	-5	-5	7	0	0
6920	106	5	1	2	Agent	-5	Edward	1	Agent		-1	-5	6	flicked	[5]	['flicked']	37	18	148	148	148	148	184	232	336	464	-5	-5	7	0	0
6921	106	5	1	2	Agent	-5	Edward	1	Agent		-1	-5	6	flicked	[5]	['flicked']	38	20	252	252	252	364	172	172	172	172	-5	-5	7	0	0
6923	106	5	1	2	Agent	-5	Edward	1	Agent		-1	-5	6	flicked	[5]	['flicked']	40	91	128	128	196	280	152	152	152	152	-5	-5	7	0	0
6924	106	5	1	2	Agent	-5	Edward	1	Agent		-1	-5	6	flicked	[5]	['flicked']	41	22	244	244	396	1340	120	120	120	120	-5	-5	7	0	0
6925	106	5	1	2	Agent	-5	Edward	1	Agent		-1	-5	6	flicked	[5]	['flicked']	42	110	280	280	400	576	384	384	384	484	-5	-5	7	0	0
6926	106	5	1	2	Agent	-5	Edward	1	Agent		-1	-5	6	flicked	[5]	['flicked']	43	85	200	200	200	200	248	248	248	248	-5	-5	7	0	0
6927	107	1	1	0	Agent	-1	She	1	Agent		-1	-1	2	turned	[1, 2]	['turned', 'and']	1	94	156	156	156	156	148	148	148	148	-1	-1	6	0	0
6929	107	1	1	0	Agent	-1	She	1	Agent		-1	-1	2	turned	[1, 2]	['turned', 'and']	3	94	212	284	284	284	192	192	192	192	-1	-1	6	0	0
6930	107	1	1	0	Agent	-1	She	1	Agent		-1	-1	2	turned	[1, 2]	['turned', 'and']	4	6	288	288	288	432	256	256	256	256	-1	-1	6	0	0
6931	107	1	1	0	Agent	-1	She	1	Agent		-1	-1	2	turned	[1, 2]	['turned', 'and']	5	172	296	296	296	492	208	208	208	208	-1	-1	6	0	0
6932	107	1	1	0	Agent	-1	She	1	Agent		-1	-1	2	turned	[1, 2]	['turned', 'and']	6	123	0	0	0	0	252	252	252	424	-1	-1	6	1	0
6933	107	1	1	0	Agent	-1	She	1	Agent		-1	-1	2	turned	[1, 2]	['turned', 'and']	7	115	144	144	144	144	104	104	104	104	-1	-1	6	0	0
6934	107	1	1	0	Agent	-1	She	1	Agent		-1	-1	2	turned	[1, 2]	['turned', 'and']	8	71	268	396	396	396	168	168	168	168	-1	-1	6	0	0
6936	107	1	1	0	Agent	-1	She	1	Agent		-1	-1	2	turned	[1, 2]	['turned', 'and']	11	154	172	172	172	172	180	180	180	180	-1	-1	6	0	0
6937	107	1	1	0	Agent	-1	She	1	Agent		-1	-1	2	turned	[1, 2]	['turned', 'and']	12	196	0	0	0	0	140	140	140	140	-1	-1	6	1	0
6940	107	1	1	0	Agent	-1	She	1	Agent		-1	-1	2	turned	[1, 2]	['turned', 'and']	15	199	0	0	0	0	148	148	148	296	-1	-1	6	1	0
6941	107	1	1	0	Agent	-1	She	1	Agent		-1	-1	2	turned	[1, 2]	['turned', 'and']	16	189	288	356	356	356	244	380	380	380	-1	-1	6	0	0
6942	107	1	1	0	Agent	-1	She	1	Agent		-1	-1	2	turned	[1, 2]	['turned', 'and']	17	109	96	96	96	96	212	212	212	212	-1	-1	6	0	0
6945	107	1	1	0	Agent	-1	She	1	Agent		-1	-1	2	turned	[1, 2]	['turned', 'and']	20	151	144	280	280	280	128	128	128	128	-1	-1	6	0	0
6946	107	1	1	0	Agent	-1	She	1	Agent		-1	-1	2	turned	[1, 2]	['turned', 'and']	21	124	0	0	0	0	212	212	212	424	-1	-1	6	1	0
6948	107	1	1	0	Agent	-1	She	1	Agent		-1	-1	2	turned	[1, 2]	['turned', 'and']	23	128	216	400	400	400	244	244	244	244	-1	-1	6	0	0
6949	107	1	1	0	Agent	-1	She	1	Agent		-1	-1	2	turned	[1, 2]	['turned', 'and']	24	17	212	212	380	640	244	244	244	244	-1	-1	6	0	0
6950	107	1	1	0	Agent	-1	She	1	Agent		-1	-1	2	turned	[1, 2]	['turned', 'and']	25	64	0	0	0	0	268	268	268	728	-1	-1	6	1	0
6951	107	1	1	0	Agent	-1	She	1	Agent		-1	-1	2	turned	[1, 2]	['turned', 'and']	27	17	0	0	0	0	192	192	192	528	-1	-1	6	1	0
6954	107	1	1	0	Agent	-1	She	1	Agent		-1	-1	2	turned	[1, 2]	['turned', 'and']	30	142	260	700	700	700	248	248	248	248	-1	-1	6	0	0
6956	107	1	1	0	Agent	-1	She	1	Agent		-1	-1	2	turned	[1, 2]	['turned', 'and']	32	104	280	280	280	436	212	212	212	556	-1	-1	6	0	0
6957	107	1	1	0	Agent	-1	She	1	Agent		-1	-1	2	turned	[1, 2]	['turned', 'and']	33	96	236	236	236	236	92	324	324	324	-1	-1	6	0	0
6961	107	1	1	0	Agent	-1	She	1	Agent		-1	-1	2	turned	[1, 2]	['turned', 'and']	37	52	88	328	328	328	160	248	248	248	-1	-1	6	0	0
6963	107	1	1	0	Agent	-1	She	1	Agent		-1	-1	2	turned	[1, 2]	['turned', 'and']	39	54	0	0	0	0	244	244	244	408	-1	-1	6	1	0
6967	107	1	1	0	Agent	-1	She	1	Agent		-1	-1	2	turned	[1, 2]	['turned', 'and']	43	27	160	160	160	160	212	212	212	212	-1	-1	6	0	0
6969	107	3	1	0	Experiencer	-3	She	1	Experiencer		-1	-3	4	saw	[3]	['saw']	2	104	152	152	152	152	156	156	156	156	-3	-3	3	0	0
6970	107	3	1	0	Experiencer	-3	She	1	Experiencer		-1	-3	4	saw	[3]	['saw']	3	94	148	148	148	148	140	140	140	140	-3	-3	3	0	0
6971	107	3	1	0	Experiencer	-3	She	1	Experiencer		-1	-3	4	saw	[3]	['saw']	4	6	124	124	124	124	148	148	148	148	-3	-3	3	0	0
6972	107	3	1	0	Experiencer	-3	She	1	Experiencer		-1	-3	4	saw	[3]	['saw']	5	172	196	196	196	196	176	176	176	176	-3	-3	3	0	0
6973	107	3	1	0	Experiencer	-3	She	1	Experiencer		-1	-3	4	saw	[3]	['saw']	6	123	0	0	0	0	152	152	152	152	-3	-3	3	1	0
6974	107	3	1	0	Experiencer	-3	She	1	Experiencer		-1	-3	4	saw	[3]	['saw']	7	115	0	0	0	0	120	120	120	376	-3	-3	3	1	0
6975	107	3	1	0	Experiencer	-3	She	1	Experiencer		-1	-3	4	saw	[3]	['saw']	8	71	224	224	224	224	148	148	148	148	-3	-3	3	0	0
6977	107	3	1	0	Experiencer	-3	She	1	Experiencer		-1	-3	4	saw	[3]	['saw']	11	154	112	112	112	112	140	140	140	140	-3	-3	3	0	0
6980	107	3	1	0	Experiencer	-3	She	1	Experiencer		-1	-3	4	saw	[3]	['saw']	14	193	212	212	212	212	292	292	292	292	-3	-3	3	0	0
6982	107	3	1	0	Experiencer	-3	She	1	Experiencer		-1	-3	4	saw	[3]	['saw']	16	189	196	196	196	196	156	156	156	156	-3	-3	3	0	0
6985	107	3	1	0	Experiencer	-3	She	1	Experiencer		-1	-3	4	saw	[3]	['saw']	19	120	204	204	320	672	196	196	196	196	-3	-3	3	0	0
6986	107	3	1	0	Experiencer	-3	She	1	Experiencer		-1	-3	4	saw	[3]	['saw']	20	151	0	0	0	0	172	172	172	172	-3	-3	3	1	0
6989	107	3	1	0	Experiencer	-3	She	1	Experiencer		-1	-3	4	saw	[3]	['saw']	23	128	268	620	620	620	168	168	168	168	-3	-3	3	0	0
6992	107	3	1	0	Experiencer	-3	She	1	Experiencer		-1	-3	4	saw	[3]	['saw']	27	17	264	264	264	264	252	344	344	592	-3	-3	3	0	0
6994	107	3	1	0	Experiencer	-3	She	1	Experiencer		-1	-3	4	saw	[3]	['saw']	29	151	212	212	212	212	448	448	448	448	-3	-3	3	0	0
6995	107	3	1	0	Experiencer	-3	She	1	Experiencer		-1	-3	4	saw	[3]	['saw']	30	142	164	164	164	164	260	260	260	260	-3	-3	3	0	0
6997	107	3	1	0	Experiencer	-3	She	1	Experiencer		-1	-3	4	saw	[3]	['saw']	32	104	256	256	256	256	164	164	164	164	-3	-3	3	0	0
6998	107	3	1	0	Experiencer	-3	She	1	Experiencer		-1	-3	4	saw	[3]	['saw']	33	96	164	164	164	164	212	212	212	212	-3	-3	3	0	0
7000	107	3	1	0	Experiencer	-3	She	1	Experiencer		-1	-3	4	saw	[3]	['saw']	35	116	208	208	208	208	144	144	144	144	-3	-3	3	0	0
7002	107	3	1	0	Experiencer	-3	She	1	Experiencer		-1	-3	4	saw	[3]	['saw']	37	52	152	152	152	152	132	132	132	132	-3	-3	3	0	0
7003	107	3	1	0	Experiencer	-3	She	1	Experiencer		-1	-3	4	saw	[3]	['saw']	38	12	192	192	192	192	152	152	152	152	-3	-3	3	0	0
7004	107	3	1	0	Experiencer	-3	She	1	Experiencer		-1	-3	4	saw	[3]	['saw']	39	54	0	0	0	0	396	396	532	748	-3	-3	3	1	0
7009	107	6	1	1	Theme	-1	him	5	Theme		-1	-1	6	standing	[5, 6]	['standing', 'in']	1	94	124	124	336	612	156	156	156	156	-1	-1	8	0	0
7017	107	6	1	1	Theme	-1	him	5	Theme		-1	-1	6	standing	[5, 6]	['standing', 'in']	10	183	0	0	0	0	280	280	280	1112	-1	-1	8	1	0
7021	107	6	1	1	Theme	-1	him	5	Theme		-1	-1	6	standing	[5, 6]	['standing', 'in']	14	193	208	208	208	208	272	272	272	272	-1	-1	8	0	0
7023	107	6	1	1	Theme	-1	him	5	Theme		-1	-1	6	standing	[5, 6]	['standing', 'in']	16	189	156	156	156	156	192	192	192	192	-1	-1	8	0	0
7026	107	6	1	1	Theme	-1	him	5	Theme		-1	-1	6	standing	[5, 6]	['standing', 'in']	19	120	176	176	176	176	200	200	200	316	-1	-1	8	0	0
7028	107	6	1	1	Theme	-1	him	5	Theme		-1	-1	6	standing	[5, 6]	['standing', 'in']	21	124	140	140	140	140	136	136	136	136	-1	-1	8	0	0
7030	107	6	1	1	Theme	-1	him	5	Theme		-1	-1	6	standing	[5, 6]	['standing', 'in']	23	128	212	528	528	528	160	312	312	312	-1	-1	8	0	0
7040	107	6	1	1	Theme	-1	him	5	Theme		-1	-1	6	standing	[5, 6]	['standing', 'in']	34	129	184	184	184	184	196	196	196	196	-1	-1	8	0	0
7047	107	6	1	1	Theme	-1	him	5	Theme		-1	-1	6	standing	[5, 6]	['standing', 'in']	41	13	0	0	0	0	260	260	260	1280	-1	-1	8	1	0
7050	108	4	3	0	Theme	-1	Frankie	6	Destination	They	1	-4	7	walked	[6, 7]	['walked', 'toward']	1	113	212	212	212	212	256	256	256	256	-1	-4	6	0	0
7051	108	4	3	0	Theme	-1	Frankie	6	Destination	They	1	-4	7	walked	[6, 7]	['walked', 'toward']	2	115	156	156	156	156	248	248	248	248	-1	-4	6	0	0
7052	108	4	3	0	Theme	-1	Frankie	6	Destination	They	1	-4	7	walked	[6, 7]	['walked', 'toward']	3	190	196	364	364	364	300	300	300	300	-1	-4	6	0	0
7053	108	4	3	0	Theme	-1	Frankie	6	Destination	They	1	-4	7	walked	[6, 7]	['walked', 'toward']	4	56	212	212	212	212	236	236	236	236	-1	-4	6	0	0
7055	108	4	3	0	Theme	-1	Frankie	6	Destination	They	1	-4	7	walked	[6, 7]	['walked', 'toward']	6	91	216	216	216	248	248	248	248	248	-1	-4	6	0	0
7056	108	4	3	0	Theme	-1	Frankie	6	Destination	They	1	-4	7	walked	[6, 7]	['walked', 'toward']	7	94	132	132	132	132	148	148	148	848	-1	-4	6	0	0
7057	108	4	3	0	Theme	-1	Frankie	6	Destination	They	1	-4	7	walked	[6, 7]	['walked', 'toward']	8	130	192	192	192	192	328	328	328	328	-1	-4	6	0	0
7058	108	4	3	0	Theme	-1	Frankie	6	Destination	They	1	-4	7	walked	[6, 7]	['walked', 'toward']	9	12	180	180	180	180	312	312	312	312	-1	-4	6	0	0
7059	108	4	3	0	Theme	-1	Frankie	6	Destination	They	1	-4	7	walked	[6, 7]	['walked', 'toward']	10	30	168	168	168	168	204	204	204	204	-1	-4	6	0	0
7060	108	4	3	0	Theme	-1	Frankie	6	Destination	They	1	-4	7	walked	[6, 7]	['walked', 'toward']	11	49	188	188	188	188	284	684	684	684	-1	-4	6	0	0
7061	108	4	3	0	Theme	-1	Frankie	6	Destination	They	1	-4	7	walked	[6, 7]	['walked', 'toward']	12	57	192	192	192	192	248	248	248	248	-1	-4	6	0	0
7062	108	4	3	0	Theme	-1	Frankie	6	Destination	They	1	-4	7	walked	[6, 7]	['walked', 'toward']	13	153	248	248	248	248	244	244	244	244	-1	-4	6	0	0
7063	108	4	3	0	Theme	-1	Frankie	6	Destination	They	1	-4	7	walked	[6, 7]	['walked', 'toward']	14	118	276	276	276	276	264	264	264	264	-1	-4	6	0	0
7065	108	4	3	0	Theme	-1	Frankie	6	Destination	They	1	-4	7	walked	[6, 7]	['walked', 'toward']	16	121	180	180	180	180	216	692	692	692	-1	-4	6	0	0
7066	108	4	3	0	Theme	-1	Frankie	6	Destination	They	1	-4	7	walked	[6, 7]	['walked', 'toward']	17	26	236	236	236	236	296	388	388	388	-1	-4	6	0	0
7067	108	4	3	0	Theme	-1	Frankie	6	Destination	They	1	-4	7	walked	[6, 7]	['walked', 'toward']	18	172	196	196	196	196	344	344	344	344	-1	-4	6	0	0
7068	108	4	3	0	Theme	-1	Frankie	6	Destination	They	1	-4	7	walked	[6, 7]	['walked', 'toward']	19	126	152	268	268	268	232	232	232	232	-1	-4	6	0	0
7069	108	4	3	0	Theme	-1	Frankie	6	Destination	They	1	-4	7	walked	[6, 7]	['walked', 'toward']	20	69	132	132	132	132	148	148	148	148	-1	-4	6	0	0
7071	108	4	3	0	Theme	-1	Frankie	6	Destination	They	1	-4	7	walked	[6, 7]	['walked', 'toward']	22	76	124	336	336	336	608	608	608	608	-1	-4	6	0	0
7072	108	4	3	0	Theme	-1	Frankie	6	Destination	They	1	-4	7	walked	[6, 7]	['walked', 'toward']	23	169	292	292	292	292	324	324	324	324	-1	-4	6	0	0
7073	108	4	3	0	Theme	-1	Frankie	6	Destination	They	1	-4	7	walked	[6, 7]	['walked', 'toward']	24	96	208	208	208	208	316	316	316	488	-1	-4	6	0	0
7074	108	4	3	0	Theme	-1	Frankie	6	Destination	They	1	-4	7	walked	[6, 7]	['walked', 'toward']	25	29	176	176	176	176	304	304	304	304	-1	-4	6	0	0
7075	108	4	3	0	Theme	-1	Frankie	6	Destination	They	1	-4	7	walked	[6, 7]	['walked', 'toward']	27	48	236	236	236	236	364	364	364	532	-1	-4	6	0	0
7077	108	4	3	0	Theme	-1	Frankie	6	Destination	They	1	-4	7	walked	[6, 7]	['walked', 'toward']	29	178	116	260	260	260	204	204	204	204	-1	-4	6	0	0
7078	108	4	3	0	Theme	-1	Frankie	6	Destination	They	1	-4	7	walked	[6, 7]	['walked', 'toward']	30	200	128	316	316	316	248	248	248	248	-1	-4	6	0	0
7080	108	4	3	0	Theme	-1	Frankie	6	Destination	They	1	-4	7	walked	[6, 7]	['walked', 'toward']	32	52	212	404	404	404	208	208	208	208	-1	-4	6	0	0
7081	108	4	3	0	Theme	-1	Frankie	6	Destination	They	1	-4	7	walked	[6, 7]	['walked', 'toward']	33	154	136	280	280	280	336	336	336	336	-1	-4	6	0	0
7082	108	4	3	0	Theme	-1	Frankie	6	Destination	They	1	-4	7	walked	[6, 7]	['walked', 'toward']	34	85	148	148	148	148	360	360	360	1392	-1	-4	6	0	0
7083	108	4	3	0	Theme	-1	Frankie	6	Destination	They	1	-4	7	walked	[6, 7]	['walked', 'toward']	35	6	244	244	244	244	248	248	248	248	-1	-4	6	0	0
7085	108	4	3	0	Theme	-1	Frankie	6	Destination	They	1	-4	7	walked	[6, 7]	['walked', 'toward']	37	62	232	232	232	232	532	532	532	828	-1	-4	6	0	0
7086	108	4	3	0	Theme	-1	Frankie	6	Destination	They	1	-4	7	walked	[6, 7]	['walked', 'toward']	38	92	0	0	0	0	224	356	356	436	-1	-4	6	1	0
7087	108	4	3	0	Theme	-1	Frankie	6	Destination	They	1	-4	7	walked	[6, 7]	['walked', 'toward']	39	39	0	0	0	0	176	176	176	176	-1	-4	6	1	0
7089	108	4	3	0	Theme	-1	Frankie	6	Destination	They	1	-4	7	walked	[6, 7]	['walked', 'toward']	41	99	120	120	120	120	252	376	376	564	-1	-4	6	0	0
7090	108	4	3	0	Theme	-1	Frankie	6	Destination	They	1	-4	7	walked	[6, 7]	['walked', 'toward']	42	28	152	152	152	152	304	304	304	2260	-1	-4	6	0	0
7091	108	4	3	0	Theme	-1	Frankie	6	Destination	They	1	-4	7	walked	[6, 7]	['walked', 'toward']	43	105	192	192	192	192	292	292	292	292	-1	-4	6	0	0
7094	109	4	2	1	Agent	-2	hand	5	Location	table	3	-4	7	gripping	[6]	['gripping']	3	160	184	376	376	376	204	204	204	204	-2	-4	8	0	0
7103	109	4	2	1	Agent	-2	hand	5	Location	table	3	-4	7	gripping	[6]	['gripping']	13	133	156	156	156	156	200	200	200	472	-2	-4	8	0	0
7110	109	4	2	1	Agent	-2	hand	5	Location	table	3	-4	7	gripping	[6]	['gripping']	20	4	232	232	372	1660	136	136	136	136	-2	-4	8	0	0
7112	109	4	2	1	Agent	-2	hand	5	Location	table	3	-4	7	gripping	[6]	['gripping']	22	180	280	280	280	280	284	284	284	284	-2	-4	8	0	0
7114	109	4	2	1	Agent	-2	hand	5	Location	table	3	-4	7	gripping	[6]	['gripping']	24	15	200	200	200	200	184	184	184	380	-2	-4	8	0	0
7116	109	4	2	1	Agent	-2	hand	5	Location	table	3	-4	7	gripping	[6]	['gripping']	27	175	160	160	160	160	252	484	484	484	-2	-4	8	0	0
7117	109	4	2	1	Agent	-2	hand	5	Location	table	3	-4	7	gripping	[6]	['gripping']	28	183	148	308	308	308	192	252	252	512	-2	-4	8	0	0
7133	110	1	1	1	Experiencer	-1	Peter	2	Experiencer		-1	-1	3	heard	[2]	['heard']	1	166	388	584	916	6028	244	244	244	244	-1	-1	5	0	0
7134	110	1	1	1	Experiencer	-1	Peter	2	Experiencer		-1	-1	3	heard	[2]	['heard']	2	162	152	152	152	152	148	148	148	148	-1	-1	5	0	0
7135	110	1	1	1	Experiencer	-1	Peter	2	Experiencer		-1	-1	3	heard	[2]	['heard']	3	49	232	356	356	356	152	152	152	152	-1	-1	5	0	0
7136	110	1	1	1	Experiencer	-1	Peter	2	Experiencer		-1	-1	3	heard	[2]	['heard']	4	60	288	288	288	288	160	160	160	160	-1	-1	5	0	0
7138	110	1	1	1	Experiencer	-1	Peter	2	Experiencer		-1	-1	3	heard	[2]	['heard']	6	99	0	0	0	0	152	152	152	152	-1	-1	5	1	0
7140	110	1	1	1	Experiencer	-1	Peter	2	Experiencer		-1	-1	3	heard	[2]	['heard']	8	135	64	64	384	628	192	192	192	192	-1	-1	5	0	0
7141	110	1	1	1	Experiencer	-1	Peter	2	Experiencer		-1	-1	3	heard	[2]	['heard']	10	90	132	132	132	132	188	188	188	188	-1	-1	5	0	0
7142	110	1	1	1	Experiencer	-1	Peter	2	Experiencer		-1	-1	3	heard	[2]	['heard']	11	77	244	244	244	244	216	216	216	216	-1	-1	5	0	0
7143	110	1	1	1	Experiencer	-1	Peter	2	Experiencer		-1	-1	3	heard	[2]	['heard']	12	14	224	224	392	1016	308	308	308	308	-1	-1	5	0	0
7144	110	1	1	1	Experiencer	-1	Peter	2	Experiencer		-1	-1	3	heard	[2]	['heard']	13	151	236	236	236	236	156	156	156	156	-1	-1	5	0	0
7145	110	1	1	1	Experiencer	-1	Peter	2	Experiencer		-1	-1	3	heard	[2]	['heard']	14	53	224	224	224	224	148	148	148	148	-1	-1	5	0	0
7146	110	1	1	1	Experiencer	-1	Peter	2	Experiencer		-1	-1	3	heard	[2]	['heard']	15	31	0	0	0	0	164	164	164	164	-1	-1	5	1	0
7147	110	1	1	1	Experiencer	-1	Peter	2	Experiencer		-1	-1	3	heard	[2]	['heard']	16	20	184	184	184	184	196	196	196	196	-1	-1	5	0	0
7150	110	1	1	1	Experiencer	-1	Peter	2	Experiencer		-1	-1	3	heard	[2]	['heard']	19	69	192	192	192	192	124	236	236	236	-1	-1	5	0	0
7151	110	1	1	1	Experiencer	-1	Peter	2	Experiencer		-1	-1	3	heard	[2]	['heard']	20	112	0	0	0	0	152	152	152	152	-1	-1	5	1	0
7152	110	1	1	1	Experiencer	-1	Peter	2	Experiencer		-1	-1	3	heard	[2]	['heard']	21	127	224	224	420	644	156	156	156	156	-1	-1	5	0	0
7153	110	1	1	1	Experiencer	-1	Peter	2	Experiencer		-1	-1	3	heard	[2]	['heard']	22	40	208	208	208	208	264	264	264	452	-1	-1	5	0	0
7154	110	1	1	1	Experiencer	-1	Peter	2	Experiencer		-1	-1	3	heard	[2]	['heard']	23	176	344	1420	1420	1420	288	288	288	288	-1	-1	5	0	0
7160	110	1	1	1	Experiencer	-1	Peter	2	Experiencer		-1	-1	3	heard	[2]	['heard']	30	161	268	500	500	500	188	188	188	188	-1	-1	5	0	0
7161	110	1	1	1	Experiencer	-1	Peter	2	Experiencer		-1	-1	3	heard	[2]	['heard']	31	89	0	0	0	0	104	104	104	216	-1	-1	5	1	0
7162	110	1	1	1	Experiencer	-1	Peter	2	Experiencer		-1	-1	3	heard	[2]	['heard']	32	66	332	332	332	332	208	208	208	208	-1	-1	5	0	0
7163	110	1	1	1	Experiencer	-1	Peter	2	Experiencer		-1	-1	3	heard	[2]	['heard']	33	25	268	644	644	644	224	224	224	224	-1	-1	5	0	0
7167	110	1	1	1	Experiencer	-1	Peter	2	Experiencer		-1	-1	3	heard	[2]	['heard']	37	156	252	252	252	252	176	176	176	176	-1	-1	5	0	0
7168	110	1	1	1	Experiencer	-1	Peter	2	Experiencer		-1	-1	3	heard	[2]	['heard']	38	136	264	264	264	264	152	152	152	152	-1	-1	5	0	0
7170	110	1	1	1	Experiencer	-1	Peter	2	Experiencer		-1	-1	3	heard	[2]	['heard']	40	182	0	0	0	0	204	332	332	332	-1	-1	5	1	0
7173	110	1	1	1	Experiencer	-1	Peter	2	Experiencer		-1	-1	3	heard	[2]	['heard']	43	178	96	96	96	96	268	268	268	268	-1	-1	5	0	0
7217	111	1	1	2	Agent	-1	You	1	Agent		-1	-1	2	give	[1]	['give']	3	112	136	136	136	136	188	188	188	188	-1	-1	4	0	0
7221	111	1	1	2	Agent	-1	You	1	Agent		-1	-1	2	give	[1]	['give']	7	41	0	0	0	0	196	196	196	296	-1	-1	4	1	0
7222	111	1	1	2	Agent	-1	You	1	Agent		-1	-1	2	give	[1]	['give']	8	54	0	0	0	0	288	288	468	1076	-1	-1	4	1	0
7223	111	1	1	2	Agent	-1	You	1	Agent		-1	-1	2	give	[1]	['give']	10	70	108	108	108	108	296	296	416	580	-1	-1	4	0	0
7224	111	1	1	2	Agent	-1	You	1	Agent		-1	-1	2	give	[1]	['give']	11	30	180	180	180	180	136	136	136	136	-1	-1	4	0	0
7227	111	1	1	2	Agent	-1	You	1	Agent		-1	-1	2	give	[1]	['give']	14	28	248	296	296	296	180	180	180	180	-1	-1	4	0	0
7228	111	1	1	2	Agent	-1	You	1	Agent		-1	-1	2	give	[1]	['give']	15	52	0	0	0	0	256	256	256	256	-1	-1	4	1	0
7229	111	1	1	2	Agent	-1	You	1	Agent		-1	-1	2	give	[1]	['give']	16	180	152	152	152	152	196	196	196	196	-1	-1	4	0	0
7231	111	1	1	2	Agent	-1	You	1	Agent		-1	-1	2	give	[1]	['give']	18	125	0	0	0	0	132	132	132	132	-1	-1	4	1	0
7232	111	1	1	2	Agent	-1	You	1	Agent		-1	-1	2	give	[1]	['give']	19	156	80	80	80	80	96	96	96	96	-1	-1	4	0	0
7233	111	1	1	2	Agent	-1	You	1	Agent		-1	-1	2	give	[1]	['give']	20	130	0	0	0	0	188	188	188	188	-1	-1	4	1	0
7236	111	1	1	2	Agent	-1	You	1	Agent		-1	-1	2	give	[1]	['give']	23	70	176	176	176	176	204	204	204	204	-1	-1	4	0	0
7237	111	1	1	2	Agent	-1	You	1	Agent		-1	-1	2	give	[1]	['give']	24	202	220	220	220	220	196	196	196	196	-1	-1	4	0	0
7240	111	1	1	2	Agent	-1	You	1	Agent		-1	-1	2	give	[1]	['give']	28	122	144	780	780	780	180	180	180	180	-1	-1	4	0	0
7242	111	1	1	2	Agent	-1	You	1	Agent		-1	-1	2	give	[1]	['give']	30	111	236	820	820	820	252	252	252	252	-1	-1	4	0	0
7244	111	1	1	2	Agent	-1	You	1	Agent		-1	-1	2	give	[1]	['give']	32	166	224	224	224	224	188	188	188	188	-1	-1	4	0	0
7247	111	1	1	2	Agent	-1	You	1	Agent		-1	-1	2	give	[1]	['give']	35	196	256	360	360	360	156	156	156	156	-1	-1	4	0	0
7253	111	1	1	2	Agent	-1	You	1	Agent		-1	-1	2	give	[1]	['give']	41	149	0	0	0	0	136	136	136	304	-1	-1	4	1	0
7254	111	1	1	2	Agent	-1	You	1	Agent		-1	-1	2	give	[1]	['give']	42	172	0	0	0	0	160	160	160	160	-1	-1	4	1	0
7256	111	7	1	1	Agent	-2	I'll	7	Agent		-1	-2	8	follow	[7]	['follow']	1	2	140	140	140	140	356	556	556	964	-2	-2	6	0	0
7258	111	7	1	1	Agent	-2	I'll	7	Agent		-1	-2	8	follow	[7]	['follow']	3	112	136	136	136	136	180	180	180	180	-2	-2	6	0	0
7259	111	7	1	1	Agent	-2	I'll	7	Agent		-1	-2	8	follow	[7]	['follow']	4	43	176	176	176	176	84	152	152	152	-2	-2	6	0	0
7262	111	7	1	1	Agent	-2	I'll	7	Agent		-1	-2	8	follow	[7]	['follow']	7	41	176	176	316	476	244	244	244	244	-2	-2	6	0	0
7263	111	7	1	1	Agent	-2	I'll	7	Agent		-1	-2	8	follow	[7]	['follow']	8	54	148	148	148	148	212	212	212	212	-2	-2	6	0	0
7264	111	7	1	1	Agent	-2	I'll	7	Agent		-1	-2	8	follow	[7]	['follow']	10	70	164	164	164	164	180	180	180	260	-2	-2	6	0	0
7265	111	7	1	1	Agent	-2	I'll	7	Agent		-1	-2	8	follow	[7]	['follow']	11	30	192	192	192	192	148	148	620	1016	-2	-2	6	0	0
7270	111	7	1	1	Agent	-2	I'll	7	Agent		-1	-2	8	follow	[7]	['follow']	16	180	212	212	588	744	240	240	240	240	-2	-2	6	0	0
7273	111	7	1	1	Agent	-2	I'll	7	Agent		-1	-2	8	follow	[7]	['follow']	19	156	144	144	144	144	76	76	76	168	-2	-2	6	0	0
7277	111	7	1	1	Agent	-2	I'll	7	Agent		-1	-2	8	follow	[7]	['follow']	23	70	208	208	208	208	180	180	180	900	-2	-2	6	0	0
7278	111	7	1	1	Agent	-2	I'll	7	Agent		-1	-2	8	follow	[7]	['follow']	24	202	488	488	488	488	24	332	332	444	-2	-2	6	0	0
7281	111	7	1	1	Agent	-2	I'll	7	Agent		-1	-2	8	follow	[7]	['follow']	28	122	204	204	204	204	228	228	228	396	-2	-2	6	0	0
7282	111	7	1	1	Agent	-2	I'll	7	Agent		-1	-2	8	follow	[7]	['follow']	29	110	188	188	188	188	208	208	208	208	-2	-2	6	0	0
7284	111	7	1	1	Agent	-2	I'll	7	Agent		-1	-2	8	follow	[7]	['follow']	31	11	164	164	340	492	104	104	104	104	-2	-2	6	0	0
7288	111	7	1	1	Agent	-2	I'll	7	Agent		-1	-2	8	follow	[7]	['follow']	35	196	152	152	152	152	108	108	108	108	-2	-2	6	0	0
7291	111	7	1	1	Agent	-2	I'll	7	Agent		-1	-2	8	follow	[7]	['follow']	38	150	176	176	176	176	104	104	104	104	-2	-2	6	0	0
7293	111	7	1	1	Agent	-2	I'll	7	Agent		-1	-2	8	follow	[7]	['follow']	40	107	0	0	0	0	208	208	208	464	-2	-2	6	1	0
7296	111	7	1	1	Agent	-2	I'll	7	Agent		-1	-2	8	follow	[7]	['follow']	43	121	180	180	180	180	60	60	60	444	-2	-2	6	0	0
7297	112	5	1	0	Theme	-5	All	1	Theme		-1	-5	9	cleared	[8, 9]	['cleared', 'up.']	1	65	448	600	600	600	276	276	276	576	-5	-5	7	0	0
7299	112	5	1	0	Theme	-5	All	1	Theme		-1	-5	9	cleared	[8, 9]	['cleared', 'up.']	3	67	312	312	312	312	32	300	300	300	-5	-5	7	0	0
7301	112	5	1	0	Theme	-5	All	1	Theme		-1	-5	9	cleared	[8, 9]	['cleared', 'up.']	5	36	132	132	132	132	184	184	184	1100	-5	-5	7	0	0
7304	112	5	1	0	Theme	-5	All	1	Theme		-1	-5	9	cleared	[8, 9]	['cleared', 'up.']	8	204	252	252	252	252	252	252	252	252	-5	-5	7	0	0
7306	112	5	1	0	Theme	-5	All	1	Theme		-1	-5	9	cleared	[8, 9]	['cleared', 'up.']	11	104	144	592	592	592	84	84	84	84	-5	-5	7	0	0
7308	112	5	1	0	Theme	-5	All	1	Theme		-1	-5	9	cleared	[8, 9]	['cleared', 'up.']	13	8	344	476	476	476	524	524	524	524	-5	-5	7	0	0
7309	112	5	1	0	Theme	-5	All	1	Theme		-1	-5	9	cleared	[8, 9]	['cleared', 'up.']	14	58	208	348	348	348	196	196	196	416	-5	-5	7	0	0
7315	112	5	1	0	Theme	-5	All	1	Theme		-1	-5	9	cleared	[8, 9]	['cleared', 'up.']	20	145	124	124	124	124	152	152	316	1784	-5	-5	7	0	0
7318	112	5	1	0	Theme	-5	All	1	Theme		-1	-5	9	cleared	[8, 9]	['cleared', 'up.']	23	58	288	288	288	288	140	140	140	1392	-5	-5	7	0	0
7322	112	5	1	0	Theme	-5	All	1	Theme		-1	-5	9	cleared	[8, 9]	['cleared', 'up.']	28	118	228	228	228	356	180	180	180	180	-5	-5	7	0	0
7323	112	5	1	0	Theme	-5	All	1	Theme		-1	-5	9	cleared	[8, 9]	['cleared', 'up.']	29	183	148	316	316	316	276	276	276	276	-5	-5	7	0	0
7325	112	5	1	0	Theme	-5	All	1	Theme		-1	-5	9	cleared	[8, 9]	['cleared', 'up.']	31	81	196	196	196	196	316	316	316	316	-5	-5	7	0	0
7327	112	5	1	0	Theme	-5	All	1	Theme		-1	-5	9	cleared	[8, 9]	['cleared', 'up.']	33	151	200	200	200	200	112	112	112	904	-5	-5	7	0	0
7332	112	5	1	0	Theme	-5	All	1	Theme		-1	-5	9	cleared	[8, 9]	['cleared', 'up.']	38	135	320	320	320	320	144	144	144	144	-5	-5	7	0	0
7333	112	5	1	0	Theme	-5	All	1	Theme		-1	-5	9	cleared	[8, 9]	['cleared', 'up.']	39	164	0	0	0	0	652	652	652	652	-5	-5	7	1	0
7334	112	5	1	0	Theme	-5	All	1	Theme		-1	-5	9	cleared	[8, 9]	['cleared', 'up.']	40	9	180	180	180	180	144	144	144	1900	-5	-5	7	0	0
7335	112	5	1	0	Theme	-5	All	1	Theme		-1	-5	9	cleared	[8, 9]	['cleared', 'up.']	41	75	252	252	252	252	108	108	108	568	-5	-5	7	0	0
7336	112	5	1	0	Theme	-5	All	1	Theme		-1	-5	9	cleared	[8, 9]	['cleared', 'up.']	42	152	224	224	224	224	444	444	444	444	-5	-5	7	0	0
7337	112	5	1	0	Theme	-5	All	1	Theme		-1	-5	9	cleared	[8, 9]	['cleared', 'up.']	43	21	204	204	204	204	128	128	128	128	-5	-5	7	0	0
7338	114	4	1	1	Agent	-3	men	2	Agent		-1	-3	5	follow	[4]	['follow']	1	79	236	236	236	236	236	236	236	236	-3	-3	6	0	0
7339	114	4	1	1	Agent	-3	men	2	Agent		-1	-3	5	follow	[4]	['follow']	2	24	200	200	200	200	92	92	92	92	-3	-3	6	0	0
7340	114	4	1	1	Agent	-3	men	2	Agent		-1	-3	5	follow	[4]	['follow']	3	127	124	124	124	312	284	284	284	284	-3	-3	6	0	0
7341	114	4	1	1	Agent	-3	men	2	Agent		-1	-3	5	follow	[4]	['follow']	4	74	152	152	152	152	140	140	140	140	-3	-3	6	0	0
7342	114	4	1	1	Agent	-3	men	2	Agent		-1	-3	5	follow	[4]	['follow']	5	121	176	176	176	176	424	424	424	424	-3	-3	6	0	0
7344	114	4	1	1	Agent	-3	men	2	Agent		-1	-3	5	follow	[4]	['follow']	7	52	56	56	56	124	244	244	244	244	-3	-3	6	0	0
7346	114	4	1	1	Agent	-3	men	2	Agent		-1	-3	5	follow	[4]	['follow']	10	48	152	328	328	328	160	160	160	160	-3	-3	6	0	0
7347	114	4	1	1	Agent	-3	men	2	Agent		-1	-3	5	follow	[4]	['follow']	11	121	100	100	100	100	228	228	228	228	-3	-3	6	0	0
7349	114	4	1	1	Agent	-3	men	2	Agent		-1	-3	5	follow	[4]	['follow']	13	161	148	148	148	148	160	160	160	160	-3	-3	6	0	0
7351	114	4	1	1	Agent	-3	men	2	Agent		-1	-3	5	follow	[4]	['follow']	15	127	0	0	0	0	292	292	292	584	-3	-3	6	1	0
7352	114	4	1	1	Agent	-3	men	2	Agent		-1	-3	5	follow	[4]	['follow']	16	135	144	144	144	144	208	348	348	348	-3	-3	6	0	0
7355	114	4	1	1	Agent	-3	men	2	Agent		-1	-3	5	follow	[4]	['follow']	19	12	0	0	0	0	120	120	120	120	-3	-3	6	1	0
7356	114	4	1	1	Agent	-3	men	2	Agent		-1	-3	5	follow	[4]	['follow']	20	147	164	164	164	164	76	76	76	324	-3	-3	6	0	0
7358	114	4	1	1	Agent	-3	men	2	Agent		-1	-3	5	follow	[4]	['follow']	22	132	152	152	152	152	200	200	200	200	-3	-3	6	0	0
7359	114	4	1	1	Agent	-3	men	2	Agent		-1	-3	5	follow	[4]	['follow']	23	205	252	252	252	252	220	220	220	220	-3	-3	6	0	0
7360	114	4	1	1	Agent	-3	men	2	Agent		-1	-3	5	follow	[4]	['follow']	24	147	172	172	172	172	312	312	312	312	-3	-3	6	0	0
7362	114	4	1	1	Agent	-3	men	2	Agent		-1	-3	5	follow	[4]	['follow']	27	67	0	0	0	0	240	240	240	548	-3	-3	6	1	0
7363	114	4	1	1	Agent	-3	men	2	Agent		-1	-3	5	follow	[4]	['follow']	28	170	0	0	0	0	268	268	268	268	-3	-3	6	1	0
7365	114	4	1	1	Agent	-3	men	2	Agent		-1	-3	5	follow	[4]	['follow']	30	170	260	260	260	260	320	320	320	320	-3	-3	6	0	0
7366	114	4	1	1	Agent	-3	men	2	Agent		-1	-3	5	follow	[4]	['follow']	31	150	296	296	296	296	164	164	164	164	-3	-3	6	0	0
7367	114	4	1	1	Agent	-3	men	2	Agent		-1	-3	5	follow	[4]	['follow']	32	135	184	184	184	184	300	300	300	300	-3	-3	6	0	0
7368	114	4	1	1	Agent	-3	men	2	Agent		-1	-3	5	follow	[4]	['follow']	33	51	108	108	108	108	196	324	324	324	-3	-3	6	0	0
7371	114	4	1	1	Agent	-3	men	2	Agent		-1	-3	5	follow	[4]	['follow']	36	178	204	204	204	204	216	216	216	216	-3	-3	6	0	0
7372	114	4	1	1	Agent	-3	men	2	Agent		-1	-3	5	follow	[4]	['follow']	37	180	208	208	208	208	188	188	188	188	-3	-3	6	0	0
7378	114	4	1	1	Agent	-3	men	2	Agent		-1	-3	5	follow	[4]	['follow']	43	147	252	252	252	252	232	232	232	232	-3	-3	6	0	0
7379	114	7	1	1	Theme	-1	they	8	Theme		-1	-1	9	are	[8]	['are']	1	79	236	236	236	236	404	560	560	880	-1	-1	3	0	0
7380	114	7	1	1	Theme	-1	they	8	Theme		-1	-1	9	are	[8]	['are']	2	24	0	0	0	0	220	220	220	868	-1	-1	3	1	0
7382	114	7	1	1	Theme	-1	they	8	Theme		-1	-1	9	are	[8]	['are']	4	74	168	168	168	168	268	388	388	1208	-1	-1	3	0	0
7383	114	7	1	1	Theme	-1	they	8	Theme		-1	-1	9	are	[8]	['are']	5	121	216	216	216	216	156	156	156	792	-1	-1	3	0	0
7384	114	7	1	1	Theme	-1	they	8	Theme		-1	-1	9	are	[8]	['are']	6	75	412	412	620	828	588	588	588	588	-1	-1	3	0	0
7385	114	7	1	1	Theme	-1	they	8	Theme		-1	-1	9	are	[8]	['are']	7	52	220	220	220	272	168	168	168	2424	-1	-1	3	0	0
7386	114	7	1	1	Theme	-1	they	8	Theme		-1	-1	9	are	[8]	['are']	8	195	204	204	204	328	528	528	528	528	-1	-1	3	0	0
7387	114	7	1	1	Theme	-1	they	8	Theme		-1	-1	9	are	[8]	['are']	10	48	132	132	132	132	148	148	868	1400	-1	-1	3	0	0
7388	114	7	1	1	Theme	-1	they	8	Theme		-1	-1	9	are	[8]	['are']	11	121	288	288	288	288	140	140	408	708	-1	-1	3	0	0
7389	114	7	1	1	Theme	-1	they	8	Theme		-1	-1	9	are	[8]	['are']	12	128	0	0	0	0	92	92	496	3128	-1	-1	3	1	0
7391	114	7	1	1	Theme	-1	they	8	Theme		-1	-1	9	are	[8]	['are']	14	76	0	0	0	0	440	440	440	440	-1	-1	3	1	0
7392	114	7	1	1	Theme	-1	they	8	Theme		-1	-1	9	are	[8]	['are']	15	127	272	272	272	580	180	180	180	180	-1	-1	3	0	0
7393	114	7	1	1	Theme	-1	they	8	Theme		-1	-1	9	are	[8]	['are']	16	135	268	268	268	268	228	228	228	860	-1	-1	3	0	0
7394	114	7	1	1	Theme	-1	they	8	Theme		-1	-1	9	are	[8]	['are']	17	6	0	0	0	0	352	492	492	880	-1	-1	3	1	0
7395	114	7	1	1	Theme	-1	they	8	Theme		-1	-1	9	are	[8]	['are']	18	158	196	348	348	348	268	384	804	1004	-1	-1	3	0	0
7396	114	7	1	1	Theme	-1	they	8	Theme		-1	-1	9	are	[8]	['are']	19	12	0	0	0	0	144	144	256	1476	-1	-1	3	1	0
7397	114	7	1	1	Theme	-1	they	8	Theme		-1	-1	9	are	[8]	['are']	20	147	140	140	140	140	208	356	356	1880	-1	-1	3	0	0
7398	114	7	1	1	Theme	-1	they	8	Theme		-1	-1	9	are	[8]	['are']	21	33	0	0	0	0	172	172	172	172	-1	-1	3	1	0
7399	114	7	1	1	Theme	-1	they	8	Theme		-1	-1	9	are	[8]	['are']	22	132	212	212	212	212	380	380	380	960	-1	-1	3	0	0
7400	114	7	1	1	Theme	-1	they	8	Theme		-1	-1	9	are	[8]	['are']	23	205	0	0	0	0	172	488	488	1392	-1	-1	3	1	0
7401	114	7	1	1	Theme	-1	they	8	Theme		-1	-1	9	are	[8]	['are']	24	147	184	184	720	948	180	180	180	180	-1	-1	3	0	0
7402	114	7	1	1	Theme	-1	they	8	Theme		-1	-1	9	are	[8]	['are']	25	101	152	152	152	152	232	232	232	632	-1	-1	3	0	0
7403	114	7	1	1	Theme	-1	they	8	Theme		-1	-1	9	are	[8]	['are']	27	67	212	212	212	212	80	80	80	364	-1	-1	3	0	0
7404	114	7	1	1	Theme	-1	they	8	Theme		-1	-1	9	are	[8]	['are']	28	170	172	172	172	172	172	172	172	172	-1	-1	3	0	0
7405	114	7	1	1	Theme	-1	they	8	Theme		-1	-1	9	are	[8]	['are']	29	167	0	0	0	0	160	308	308	308	-1	-1	3	1	0
7406	114	7	1	1	Theme	-1	they	8	Theme		-1	-1	9	are	[8]	['are']	30	170	324	324	324	324	152	152	152	152	-1	-1	3	0	0
7407	114	7	1	1	Theme	-1	they	8	Theme		-1	-1	9	are	[8]	['are']	31	150	124	124	124	240	124	324	324	324	-1	-1	3	0	0
7409	114	7	1	1	Theme	-1	they	8	Theme		-1	-1	9	are	[8]	['are']	33	51	60	200	344	1524	232	300	300	1000	-1	-1	3	0	0
7411	114	7	1	1	Theme	-1	they	8	Theme		-1	-1	9	are	[8]	['are']	35	23	172	172	172	172	252	252	252	1008	-1	-1	3	0	0
7413	114	7	1	1	Theme	-1	they	8	Theme		-1	-1	9	are	[8]	['are']	37	180	144	144	144	144	88	220	484	1244	-1	-1	3	0	0
7414	114	7	1	1	Theme	-1	they	8	Theme		-1	-1	9	are	[8]	['are']	38	100	0	0	0	0	244	244	244	676	-1	-1	3	1	0
7415	114	7	1	1	Theme	-1	they	8	Theme		-1	-1	9	are	[8]	['are']	39	3	0	0	0	0	176	176	176	2372	-1	-1	3	1	0
7416	114	7	1	1	Theme	-1	they	8	Theme		-1	-1	9	are	[8]	['are']	40	135	0	0	0	0	128	296	296	348	-1	-1	3	1	0
7417	114	7	1	1	Theme	-1	they	8	Theme		-1	-1	9	are	[8]	['are']	41	103	252	252	252	252	220	220	220	220	-1	-1	3	0	0
7418	114	7	1	1	Theme	-1	they	8	Theme		-1	-1	9	are	[8]	['are']	42	52	428	428	428	428	476	476	648	2544	-1	-1	3	0	0
7420	115	2	1	1	Agent	-2	I'll	1	Agent		-1	-2	2	break	[1]	['break']	1	61	136	136	136	136	176	176	176	176	-2	-2	5	0	0
7422	115	2	1	1	Agent	-2	I'll	1	Agent		-1	-2	2	break	[1]	['break']	3	109	136	252	252	252	228	228	228	228	-2	-2	5	0	0
7423	115	2	1	1	Agent	-2	I'll	1	Agent		-1	-2	2	break	[1]	['break']	4	38	200	200	200	200	168	168	168	168	-2	-2	5	0	0
7425	115	2	1	1	Agent	-2	I'll	1	Agent		-1	-2	2	break	[1]	['break']	6	33	0	0	0	0	240	240	240	240	-2	-2	5	1	0
7428	115	2	1	1	Agent	-2	I'll	1	Agent		-1	-2	2	break	[1]	['break']	10	164	0	0	0	0	132	132	132	132	-2	-2	5	1	0
7429	115	2	1	1	Agent	-2	I'll	1	Agent		-1	-2	2	break	[1]	['break']	11	159	164	164	164	164	156	156	156	156	-2	-2	5	0	0
7430	115	2	1	1	Agent	-2	I'll	1	Agent		-1	-2	2	break	[1]	['break']	12	63	240	468	468	468	156	156	156	156	-2	-2	5	0	0
7431	115	2	1	1	Agent	-2	I'll	1	Agent		-1	-2	2	break	[1]	['break']	13	127	264	264	264	264	180	180	180	180	-2	-2	5	0	0
7432	115	2	1	1	Agent	-2	I'll	1	Agent		-1	-2	2	break	[1]	['break']	14	42	264	364	364	364	160	160	160	160	-2	-2	5	0	0
7434	115	2	1	1	Agent	-2	I'll	1	Agent		-1	-2	2	break	[1]	['break']	16	27	180	180	180	180	192	332	332	332	-2	-2	5	0	0
7435	115	2	1	1	Agent	-2	I'll	1	Agent		-1	-2	2	break	[1]	['break']	17	4	312	312	312	312	188	188	188	188	-2	-2	5	0	0
7437	115	2	1	1	Agent	-2	I'll	1	Agent		-1	-2	2	break	[1]	['break']	19	98	144	144	144	144	188	188	188	188	-2	-2	5	0	0
7438	115	2	1	1	Agent	-2	I'll	1	Agent		-1	-2	2	break	[1]	['break']	20	28	176	176	176	176	180	180	180	180	-2	-2	5	0	0
7442	115	2	1	1	Agent	-2	I'll	1	Agent		-1	-2	2	break	[1]	['break']	24	25	268	268	268	380	244	244	244	244	-2	-2	5	0	0
7444	115	2	1	1	Agent	-2	I'll	1	Agent		-1	-2	2	break	[1]	['break']	27	35	276	516	516	516	252	252	252	252	-2	-2	5	0	0
7445	115	2	1	1	Agent	-2	I'll	1	Agent		-1	-2	2	break	[1]	['break']	28	158	128	128	396	656	176	300	300	300	-2	-2	5	0	0
7446	115	2	1	1	Agent	-2	I'll	1	Agent		-1	-2	2	break	[1]	['break']	29	133	248	248	248	336	140	140	140	140	-2	-2	5	0	0
7447	115	2	1	1	Agent	-2	I'll	1	Agent		-1	-2	2	break	[1]	['break']	30	175	232	408	408	408	264	264	264	264	-2	-2	5	0	0
7448	115	2	1	1	Agent	-2	I'll	1	Agent		-1	-2	2	break	[1]	['break']	31	110	380	380	380	380	160	160	160	160	-2	-2	5	0	0
7449	115	2	1	1	Agent	-2	I'll	1	Agent		-1	-2	2	break	[1]	['break']	32	163	204	204	204	204	176	176	176	176	-2	-2	5	0	0
7450	115	2	1	1	Agent	-2	I'll	1	Agent		-1	-2	2	break	[1]	['break']	33	127	160	160	160	160	180	180	180	180	-2	-2	5	0	0
7451	115	2	1	1	Agent	-2	I'll	1	Agent		-1	-2	2	break	[1]	['break']	34	125	168	168	168	168	124	124	124	124	-2	-2	5	0	0
7452	115	2	1	1	Agent	-2	I'll	1	Agent		-1	-2	2	break	[1]	['break']	35	51	144	144	144	144	148	148	148	148	-2	-2	5	0	0
7453	115	2	1	1	Agent	-2	I'll	1	Agent		-1	-2	2	break	[1]	['break']	36	193	0	0	0	0	188	188	188	188	-2	-2	5	1	0
7454	115	2	1	1	Agent	-2	I'll	1	Agent		-1	-2	2	break	[1]	['break']	37	151	120	252	252	252	136	136	136	136	-2	-2	5	0	0
7455	115	2	1	1	Agent	-2	I'll	1	Agent		-1	-2	2	break	[1]	['break']	38	173	0	0	0	0	284	284	284	284	-2	-2	5	1	0
7457	115	2	1	1	Agent	-2	I'll	1	Agent		-1	-2	2	break	[1]	['break']	40	23	176	176	316	452	236	320	320	320	-2	-2	5	0	0
7458	115	2	1	1	Agent	-2	I'll	1	Agent		-1	-2	2	break	[1]	['break']	41	87	176	348	348	348	88	88	88	88	-2	-2	5	0	0
7460	115	2	1	1	Agent	-2	I'll	1	Agent		-1	-2	2	break	[1]	['break']	43	71	100	100	100	100	112	112	112	112	-2	-2	5	0	0
7461	115	7	1	1	Agent	-2	you	6	Agent		-1	-2	8	fix	[7]	['fix']	1	61	136	136	136	136	220	220	220	220	-2	-2	3	0	0
7462	115	7	1	1	Agent	-2	you	6	Agent		-1	-2	8	fix	[7]	['fix']	2	169	0	0	0	0	184	184	184	184	-2	-2	3	1	0
7463	115	7	1	1	Agent	-2	you	6	Agent		-1	-2	8	fix	[7]	['fix']	3	109	176	176	176	176	264	264	264	264	-2	-2	3	0	0
7464	115	7	1	1	Agent	-2	you	6	Agent		-1	-2	8	fix	[7]	['fix']	4	38	0	0	0	0	160	160	160	160	-2	-2	3	1	0
7469	115	7	1	1	Agent	-2	you	6	Agent		-1	-2	8	fix	[7]	['fix']	10	164	148	148	148	148	176	176	176	176	-2	-2	3	0	0
7472	115	7	1	1	Agent	-2	you	6	Agent		-1	-2	8	fix	[7]	['fix']	13	127	164	164	164	164	604	604	604	604	-2	-2	3	0	0
7473	115	7	1	1	Agent	-2	you	6	Agent		-1	-2	8	fix	[7]	['fix']	14	42	0	0	0	0	136	136	136	136	-2	-2	3	1	0
7474	115	7	1	1	Agent	-2	you	6	Agent		-1	-2	8	fix	[7]	['fix']	15	60	0	0	0	0	380	380	380	380	-2	-2	3	1	0
7475	115	7	1	1	Agent	-2	you	6	Agent		-1	-2	8	fix	[7]	['fix']	16	27	188	188	188	188	244	244	244	244	-2	-2	3	0	0
7476	115	7	1	1	Agent	-2	you	6	Agent		-1	-2	8	fix	[7]	['fix']	17	4	0	0	0	0	224	224	224	224	-2	-2	3	1	0
7478	115	7	1	1	Agent	-2	you	6	Agent		-1	-2	8	fix	[7]	['fix']	19	98	120	120	120	120	344	344	344	344	-2	-2	3	0	0
7480	115	7	1	1	Agent	-2	you	6	Agent		-1	-2	8	fix	[7]	['fix']	21	88	136	136	136	136	132	132	132	132	-2	-2	3	0	0
7481	115	7	1	1	Agent	-2	you	6	Agent		-1	-2	8	fix	[7]	['fix']	22	37	180	180	180	180	412	412	412	412	-2	-2	3	0	0
7482	115	7	1	1	Agent	-2	you	6	Agent		-1	-2	8	fix	[7]	['fix']	23	87	0	0	0	0	212	352	352	352	-2	-2	3	1	0
7484	115	7	1	1	Agent	-2	you	6	Agent		-1	-2	8	fix	[7]	['fix']	25	38	0	0	0	0	160	160	160	236	-2	-2	3	1	0
7489	115	7	1	1	Agent	-2	you	6	Agent		-1	-2	8	fix	[7]	['fix']	31	110	0	0	0	0	160	160	160	160	-2	-2	3	1	0
7491	115	7	1	1	Agent	-2	you	6	Agent		-1	-2	8	fix	[7]	['fix']	33	127	192	192	192	192	264	264	264	264	-2	-2	3	0	0
7493	115	7	1	1	Agent	-2	you	6	Agent		-1	-2	8	fix	[7]	['fix']	35	51	188	188	188	188	160	160	160	160	-2	-2	3	0	0
7494	115	7	1	1	Agent	-2	you	6	Agent		-1	-2	8	fix	[7]	['fix']	36	193	0	0	0	0	128	128	128	128	-2	-2	3	1	0
7496	115	7	1	1	Agent	-2	you	6	Agent		-1	-2	8	fix	[7]	['fix']	38	173	192	192	192	192	164	164	164	164	-2	-2	3	0	0
7497	115	7	1	1	Agent	-2	you	6	Agent		-1	-2	8	fix	[7]	['fix']	39	19	0	0	0	0	164	164	164	164	-2	-2	3	1	0
7498	115	7	1	1	Agent	-2	you	6	Agent		-1	-2	8	fix	[7]	['fix']	40	23	196	196	196	196	180	180	180	180	-2	-2	3	0	0
7499	115	7	1	1	Agent	-2	you	6	Agent		-1	-2	8	fix	[7]	['fix']	41	87	152	152	152	152	120	120	120	120	-2	-2	3	0	0
7500	115	7	1	1	Agent	-2	you	6	Agent		-1	-2	8	fix	[7]	['fix']	42	167	0	0	0	0	156	156	156	156	-2	-2	3	1	0
7501	115	7	1	1	Agent	-2	you	6	Agent		-1	-2	8	fix	[7]	['fix']	43	71	0	0	0	0	168	168	168	168	-2	-2	3	1	0
7502	116	1	1	3	Agent	-1	Ian	1	Agent		-1	-1	2	gave	[1]	['gave']	1	71	108	108	692	1720	140	140	416	592	-1	-1	4	0	0
7503	116	1	1	3	Agent	-1	Ian	1	Agent		-1	-1	2	gave	[1]	['gave']	2	183	84	84	84	84	184	184	184	184	-1	-1	4	0	0
7504	116	1	1	3	Agent	-1	Ian	1	Agent		-1	-1	2	gave	[1]	['gave']	3	146	240	240	504	640	272	532	532	532	-1	-1	4	0	0
7505	116	1	1	3	Agent	-1	Ian	1	Agent		-1	-1	2	gave	[1]	['gave']	4	136	284	584	584	584	204	204	204	204	-1	-1	4	0	0
7506	116	1	1	3	Agent	-1	Ian	1	Agent		-1	-1	2	gave	[1]	['gave']	5	116	316	316	316	316	172	172	316	456	-1	-1	4	0	0
7507	116	1	1	3	Agent	-1	Ian	1	Agent		-1	-1	2	gave	[1]	['gave']	6	73	136	136	136	136	168	168	168	168	-1	-1	4	0	0
7508	116	1	1	3	Agent	-1	Ian	1	Agent		-1	-1	2	gave	[1]	['gave']	7	39	140	228	228	292	132	132	132	132	-1	-1	4	0	0
7509	116	1	1	3	Agent	-1	Ian	1	Agent		-1	-1	2	gave	[1]	['gave']	8	184	260	260	260	260	132	132	132	296	-1	-1	4	0	0
7510	116	1	1	3	Agent	-1	Ian	1	Agent		-1	-1	2	gave	[1]	['gave']	10	121	0	0	0	0	268	268	380	1456	-1	-1	4	1	0
7511	116	1	1	3	Agent	-1	Ian	1	Agent		-1	-1	2	gave	[1]	['gave']	11	84	164	164	352	532	196	332	332	332	-1	-1	4	0	0
7512	116	1	1	3	Agent	-1	Ian	1	Agent		-1	-1	2	gave	[1]	['gave']	12	98	248	248	248	248	108	108	356	884	-1	-1	4	0	0
7513	116	1	1	3	Agent	-1	Ian	1	Agent		-1	-1	2	gave	[1]	['gave']	13	118	252	252	252	252	24	248	248	248	-1	-1	4	0	0
7514	116	1	1	3	Agent	-1	Ian	1	Agent		-1	-1	2	gave	[1]	['gave']	14	119	388	388	388	388	204	428	428	608	-1	-1	4	0	0
7515	116	1	1	3	Agent	-1	Ian	1	Agent		-1	-1	2	gave	[1]	['gave']	15	43	0	0	0	0	232	232	232	380	-1	-1	4	1	0
7516	116	1	1	3	Agent	-1	Ian	1	Agent		-1	-1	2	gave	[1]	['gave']	16	145	120	120	120	312	180	336	336	336	-1	-1	4	0	0
7517	116	1	1	3	Agent	-1	Ian	1	Agent		-1	-1	2	gave	[1]	['gave']	17	147	268	268	268	268	376	376	376	376	-1	-1	4	0	0
7519	116	1	1	3	Agent	-1	Ian	1	Agent		-1	-1	2	gave	[1]	['gave']	19	149	144	144	144	268	152	152	252	456	-1	-1	4	0	0
7520	116	1	1	3	Agent	-1	Ian	1	Agent		-1	-1	2	gave	[1]	['gave']	20	93	404	404	404	404	144	368	368	368	-1	-1	4	0	0
7521	116	1	1	3	Agent	-1	Ian	1	Agent		-1	-1	2	gave	[1]	['gave']	21	114	220	320	320	320	204	204	204	204	-1	-1	4	0	0
7522	116	1	1	3	Agent	-1	Ian	1	Agent		-1	-1	2	gave	[1]	['gave']	22	45	0	0	0	0	192	192	504	1260	-1	-1	4	1	0
7523	116	1	1	3	Agent	-1	Ian	1	Agent		-1	-1	2	gave	[1]	['gave']	23	45	340	340	472	656	304	304	304	304	-1	-1	4	0	0
7524	116	1	1	3	Agent	-1	Ian	1	Agent		-1	-1	2	gave	[1]	['gave']	24	53	152	152	152	152	140	140	296	588	-1	-1	4	0	0
7525	116	1	1	3	Agent	-1	Ian	1	Agent		-1	-1	2	gave	[1]	['gave']	25	55	0	0	0	0	176	176	656	1048	-1	-1	4	1	0
7526	116	1	1	3	Agent	-1	Ian	1	Agent		-1	-1	2	gave	[1]	['gave']	27	74	0	0	0	0	120	120	400	776	-1	-1	4	1	0
7527	116	1	1	3	Agent	-1	Ian	1	Agent		-1	-1	2	gave	[1]	['gave']	28	132	232	232	752	1244	340	340	340	552	-1	-1	4	0	0
7528	116	1	1	3	Agent	-1	Ian	1	Agent		-1	-1	2	gave	[1]	['gave']	29	170	248	248	248	248	220	396	396	640	-1	-1	4	0	0
7529	116	1	1	3	Agent	-1	Ian	1	Agent		-1	-1	2	gave	[1]	['gave']	30	49	172	172	508	1908	256	580	580	580	-1	-1	4	0	0
7530	116	1	1	3	Agent	-1	Ian	1	Agent		-1	-1	2	gave	[1]	['gave']	31	197	0	0	0	0	136	136	284	532	-1	-1	4	1	0
7531	116	1	1	3	Agent	-1	Ian	1	Agent		-1	-1	2	gave	[1]	['gave']	32	100	248	248	248	460	232	232	232	232	-1	-1	4	0	0
7532	116	1	1	3	Agent	-1	Ian	1	Agent		-1	-1	2	gave	[1]	['gave']	33	87	144	260	576	704	180	180	180	180	-1	-1	4	0	0
7533	116	1	1	3	Agent	-1	Ian	1	Agent		-1	-1	2	gave	[1]	['gave']	34	42	168	168	168	168	328	620	620	620	-1	-1	4	0	0
7534	116	1	1	3	Agent	-1	Ian	1	Agent		-1	-1	2	gave	[1]	['gave']	35	79	0	0	0	0	184	392	392	392	-1	-1	4	1	0
7535	116	1	1	3	Agent	-1	Ian	1	Agent		-1	-1	2	gave	[1]	['gave']	36	144	0	0	0	0	216	216	216	216	-1	-1	4	1	0
7536	116	1	1	3	Agent	-1	Ian	1	Agent		-1	-1	2	gave	[1]	['gave']	37	19	156	156	156	156	192	192	192	192	-1	-1	4	0	0
7538	116	1	1	3	Agent	-1	Ian	1	Agent		-1	-1	2	gave	[1]	['gave']	39	59	132	132	132	132	168	348	348	520	-1	-1	4	0	0
7539	116	1	1	3	Agent	-1	Ian	1	Agent		-1	-1	2	gave	[1]	['gave']	40	13	32	372	668	860	200	340	340	340	-1	-1	4	0	0
7541	116	1	1	3	Agent	-1	Ian	1	Agent		-1	-1	2	gave	[1]	['gave']	42	114	0	0	0	0	340	340	340	340	-1	-1	4	1	0
7542	116	1	1	3	Agent	-1	Ian	1	Agent		-1	-1	2	gave	[1]	['gave']	43	155	288	288	288	288	80	80	80	80	-1	-1	4	0	0
7543	117	1	1	1	Agent	-1	Jake	1	Agent		-1	-1	2	smiled	[1, 2, 3]	['smiled', 'again', 'at']	1	48	160	160	160	160	168	168	168	168	-1	-1	6	0	0
7544	117	1	1	1	Agent	-1	Jake	1	Agent		-1	-1	2	smiled	[1, 2, 3]	['smiled', 'again', 'at']	2	46	240	240	240	240	80	80	80	80	-1	-1	6	0	0
7545	117	1	1	1	Agent	-1	Jake	1	Agent		-1	-1	2	smiled	[1, 2, 3]	['smiled', 'again', 'at']	3	178	224	224	224	224	160	268	268	268	-1	-1	6	0	0
7546	117	1	1	1	Agent	-1	Jake	1	Agent		-1	-1	2	smiled	[1, 2, 3]	['smiled', 'again', 'at']	4	154	240	240	240	240	196	196	196	196	-1	-1	6	0	0
7548	117	1	1	1	Agent	-1	Jake	1	Agent		-1	-1	2	smiled	[1, 2, 3]	['smiled', 'again', 'at']	6	110	148	148	148	148	132	132	132	132	-1	-1	6	0	0
7550	117	1	1	1	Agent	-1	Jake	1	Agent		-1	-1	2	smiled	[1, 2, 3]	['smiled', 'again', 'at']	8	168	172	328	328	328	160	160	160	160	-1	-1	6	0	0
7551	117	1	1	1	Agent	-1	Jake	1	Agent		-1	-1	2	smiled	[1, 2, 3]	['smiled', 'again', 'at']	10	143	364	464	464	464	140	140	140	140	-1	-1	6	0	0
7552	117	1	1	1	Agent	-1	Jake	1	Agent		-1	-1	2	smiled	[1, 2, 3]	['smiled', 'again', 'at']	11	117	168	168	168	168	192	192	192	192	-1	-1	6	0	0
7554	117	1	1	1	Agent	-1	Jake	1	Agent		-1	-1	2	smiled	[1, 2, 3]	['smiled', 'again', 'at']	13	36	152	152	152	152	196	196	196	196	-1	-1	6	0	0
7556	117	1	1	1	Agent	-1	Jake	1	Agent		-1	-1	2	smiled	[1, 2, 3]	['smiled', 'again', 'at']	15	168	264	264	264	264	144	144	144	144	-1	-1	6	0	0
7557	117	1	1	1	Agent	-1	Jake	1	Agent		-1	-1	2	smiled	[1, 2, 3]	['smiled', 'again', 'at']	16	205	276	276	860	1008	180	180	180	180	-1	-1	6	0	0
7558	117	1	1	1	Agent	-1	Jake	1	Agent		-1	-1	2	smiled	[1, 2, 3]	['smiled', 'again', 'at']	18	74	132	132	132	360	248	248	248	248	-1	-1	6	0	0
7559	117	1	1	1	Agent	-1	Jake	1	Agent		-1	-1	2	smiled	[1, 2, 3]	['smiled', 'again', 'at']	19	159	240	240	240	240	144	144	144	144	-1	-1	6	0	0
7560	117	1	1	1	Agent	-1	Jake	1	Agent		-1	-1	2	smiled	[1, 2, 3]	['smiled', 'again', 'at']	20	100	0	0	0	0	128	128	256	580	-1	-1	6	1	0
7561	117	1	1	1	Agent	-1	Jake	1	Agent		-1	-1	2	smiled	[1, 2, 3]	['smiled', 'again', 'at']	21	24	208	344	344	344	124	276	276	276	-1	-1	6	0	0
7562	117	1	1	1	Agent	-1	Jake	1	Agent		-1	-1	2	smiled	[1, 2, 3]	['smiled', 'again', 'at']	22	135	308	308	308	308	224	224	224	224	-1	-1	6	0	0
7563	117	1	1	1	Agent	-1	Jake	1	Agent		-1	-1	2	smiled	[1, 2, 3]	['smiled', 'again', 'at']	23	183	240	240	240	240	172	172	172	572	-1	-1	6	0	0
7564	117	1	1	1	Agent	-1	Jake	1	Agent		-1	-1	2	smiled	[1, 2, 3]	['smiled', 'again', 'at']	24	5	216	352	488	652	136	136	136	136	-1	-1	6	0	0
7565	117	1	1	1	Agent	-1	Jake	1	Agent		-1	-1	2	smiled	[1, 2, 3]	['smiled', 'again', 'at']	25	47	0	0	0	0	208	208	396	968	-1	-1	6	1	0
7566	117	1	1	1	Agent	-1	Jake	1	Agent		-1	-1	2	smiled	[1, 2, 3]	['smiled', 'again', 'at']	27	78	120	576	576	576	208	208	208	208	-1	-1	6	0	0
7567	117	1	1	1	Agent	-1	Jake	1	Agent		-1	-1	2	smiled	[1, 2, 3]	['smiled', 'again', 'at']	28	37	244	244	244	244	204	204	204	204	-1	-1	6	0	0
7568	117	1	1	1	Agent	-1	Jake	1	Agent		-1	-1	2	smiled	[1, 2, 3]	['smiled', 'again', 'at']	29	85	240	240	448	632	256	256	256	424	-1	-1	6	0	0
7569	117	1	1	1	Agent	-1	Jake	1	Agent		-1	-1	2	smiled	[1, 2, 3]	['smiled', 'again', 'at']	30	71	192	652	652	652	24	276	344	376	-1	-1	6	0	0
7571	117	1	1	1	Agent	-1	Jake	1	Agent		-1	-1	2	smiled	[1, 2, 3]	['smiled', 'again', 'at']	32	80	216	216	216	216	248	248	248	248	-1	-1	6	0	0
7572	117	1	1	1	Agent	-1	Jake	1	Agent		-1	-1	2	smiled	[1, 2, 3]	['smiled', 'again', 'at']	33	26	296	400	400	400	248	248	248	248	-1	-1	6	0	0
7573	117	1	1	1	Agent	-1	Jake	1	Agent		-1	-1	2	smiled	[1, 2, 3]	['smiled', 'again', 'at']	34	8	304	460	460	460	180	180	180	180	-1	-1	6	0	0
7574	117	1	1	1	Agent	-1	Jake	1	Agent		-1	-1	2	smiled	[1, 2, 3]	['smiled', 'again', 'at']	35	190	40	40	40	40	220	220	220	432	-1	-1	6	0	0
7576	117	1	1	1	Agent	-1	Jake	1	Agent		-1	-1	2	smiled	[1, 2, 3]	['smiled', 'again', 'at']	37	107	180	180	328	468	160	292	292	292	-1	-1	6	0	0
7577	117	1	1	1	Agent	-1	Jake	1	Agent		-1	-1	2	smiled	[1, 2, 3]	['smiled', 'again', 'at']	38	176	296	380	380	380	160	160	160	160	-1	-1	6	0	0
7578	117	1	1	1	Agent	-1	Jake	1	Agent		-1	-1	2	smiled	[1, 2, 3]	['smiled', 'again', 'at']	39	32	0	0	0	0	268	268	268	548	-1	-1	6	1	0
7580	117	1	1	1	Agent	-1	Jake	1	Agent		-1	-1	2	smiled	[1, 2, 3]	['smiled', 'again', 'at']	41	108	260	260	260	416	136	136	136	136	-1	-1	6	0	0
7582	117	1	1	1	Agent	-1	Jake	1	Agent		-1	-1	2	smiled	[1, 2, 3]	['smiled', 'again', 'at']	43	66	128	128	128	128	152	152	152	152	-1	-1	6	0	0
7583	118	1	1	1	Experiencer	-1	Jimmy	1	Experiencer		-1	-1	2	liked	[1]	['liked']	1	88	288	288	288	288	548	548	548	548	-1	-1	5	0	0
7585	118	1	1	1	Experiencer	-1	Jimmy	1	Experiencer		-1	-1	2	liked	[1]	['liked']	3	144	176	176	176	176	168	168	168	168	-1	-1	5	0	0
7586	118	1	1	1	Experiencer	-1	Jimmy	1	Experiencer		-1	-1	2	liked	[1]	['liked']	4	65	184	184	184	184	160	160	160	160	-1	-1	5	0	0
7587	118	1	1	1	Experiencer	-1	Jimmy	1	Experiencer		-1	-1	2	liked	[1]	['liked']	5	191	0	0	0	0	192	192	192	192	-1	-1	5	1	0
7589	118	1	1	1	Experiencer	-1	Jimmy	1	Experiencer		-1	-1	2	liked	[1]	['liked']	7	180	232	232	232	304	108	108	108	108	-1	-1	5	0	0
7591	118	1	1	1	Experiencer	-1	Jimmy	1	Experiencer		-1	-1	2	liked	[1]	['liked']	10	165	200	200	200	200	192	192	192	192	-1	-1	5	0	0
7592	118	1	1	1	Experiencer	-1	Jimmy	1	Experiencer		-1	-1	2	liked	[1]	['liked']	11	151	136	136	136	136	148	148	148	148	-1	-1	5	0	0
7593	118	1	1	1	Experiencer	-1	Jimmy	1	Experiencer		-1	-1	2	liked	[1]	['liked']	12	22	152	152	152	152	144	144	144	144	-1	-1	5	0	0
7597	118	1	1	1	Experiencer	-1	Jimmy	1	Experiencer		-1	-1	2	liked	[1]	['liked']	16	142	264	264	264	400	140	140	140	140	-1	-1	5	0	0
7598	118	1	1	1	Experiencer	-1	Jimmy	1	Experiencer		-1	-1	2	liked	[1]	['liked']	18	75	0	0	0	0	156	156	156	156	-1	-1	5	1	0
7599	118	1	1	1	Experiencer	-1	Jimmy	1	Experiencer		-1	-1	2	liked	[1]	['liked']	19	194	208	208	208	208	144	144	144	144	-1	-1	5	0	0
7602	118	1	1	1	Experiencer	-1	Jimmy	1	Experiencer		-1	-1	2	liked	[1]	['liked']	22	77	204	204	204	204	172	172	172	172	-1	-1	5	0	0
7604	118	1	1	1	Experiencer	-1	Jimmy	1	Experiencer		-1	-1	2	liked	[1]	['liked']	24	161	208	208	208	208	252	252	252	524	-1	-1	5	0	0
7606	118	1	1	1	Experiencer	-1	Jimmy	1	Experiencer		-1	-1	2	liked	[1]	['liked']	27	200	136	136	136	136	224	224	224	224	-1	-1	5	0	0
7609	118	1	1	1	Experiencer	-1	Jimmy	1	Experiencer		-1	-1	2	liked	[1]	['liked']	30	162	280	280	496	944	248	248	248	248	-1	-1	5	0	0
7611	118	1	1	1	Experiencer	-1	Jimmy	1	Experiencer		-1	-1	2	liked	[1]	['liked']	32	155	224	224	224	224	176	176	176	176	-1	-1	5	0	0
7613	118	1	1	1	Experiencer	-1	Jimmy	1	Experiencer		-1	-1	2	liked	[1]	['liked']	34	194	156	156	156	156	160	160	160	160	-1	-1	5	0	0
7615	118	1	1	1	Experiencer	-1	Jimmy	1	Experiencer		-1	-1	2	liked	[1]	['liked']	36	21	232	232	232	232	132	132	132	132	-1	-1	5	0	0
7622	118	1	1	1	Experiencer	-1	Jimmy	1	Experiencer		-1	-1	2	liked	[1]	['liked']	43	182	208	208	208	208	172	172	172	172	-1	-1	5	0	0
7623	118	6	1	2	Agent	-2	they	5	Agent		-1	-2	7	calling	[6]	['calling']	1	88	188	188	188	188	264	264	264	604	-2	-2	7	0	0
7626	118	6	1	2	Agent	-2	they	5	Agent		-1	-2	7	calling	[6]	['calling']	4	65	372	372	372	372	196	196	196	196	-2	-2	7	0	0
7628	118	6	1	2	Agent	-2	they	5	Agent		-1	-2	7	calling	[6]	['calling']	6	125	0	0	0	0	176	176	176	176	-2	-2	7	1	0
7629	118	6	1	2	Agent	-2	they	5	Agent		-1	-2	7	calling	[6]	['calling']	7	180	216	216	216	456	176	244	244	1016	-2	-2	7	0	0
7631	118	6	1	2	Agent	-2	they	5	Agent		-1	-2	7	calling	[6]	['calling']	10	165	116	116	116	116	116	116	116	116	-2	-2	7	0	0
7636	118	6	1	2	Agent	-2	they	5	Agent		-1	-2	7	calling	[6]	['calling']	15	164	148	148	148	148	144	144	144	380	-2	-2	7	0	0
7638	118	6	1	2	Agent	-2	they	5	Agent		-1	-2	7	calling	[6]	['calling']	18	75	0	0	0	0	248	248	248	248	-2	-2	7	1	0
7639	118	6	1	2	Agent	-2	they	5	Agent		-1	-2	7	calling	[6]	['calling']	19	194	132	132	132	132	212	212	212	344	-2	-2	7	0	0
7640	118	6	1	2	Agent	-2	they	5	Agent		-1	-2	7	calling	[6]	['calling']	20	11	120	120	356	1132	264	264	264	264	-2	-2	7	0	0
7643	118	6	1	2	Agent	-2	they	5	Agent		-1	-2	7	calling	[6]	['calling']	23	179	228	228	228	228	60	60	60	60	-2	-2	7	0	0
7646	118	6	1	2	Agent	-2	they	5	Agent		-1	-2	7	calling	[6]	['calling']	27	200	144	144	144	144	184	184	184	184	-2	-2	7	0	0
7649	118	6	1	2	Agent	-2	they	5	Agent		-1	-2	7	calling	[6]	['calling']	30	162	260	260	260	260	252	252	252	252	-2	-2	7	0	0
7653	118	6	1	2	Agent	-2	they	5	Agent		-1	-2	7	calling	[6]	['calling']	34	194	0	0	0	0	148	148	148	148	-2	-2	7	1	0
7654	118	6	1	2	Agent	-2	they	5	Agent		-1	-2	7	calling	[6]	['calling']	35	135	132	132	132	132	148	148	148	148	-2	-2	7	0	0
7656	118	6	1	2	Agent	-2	they	5	Agent		-1	-2	7	calling	[6]	['calling']	37	7	168	356	488	3708	216	216	216	216	-2	-2	7	0	0
7658	118	6	1	2	Agent	-2	they	5	Agent		-1	-2	7	calling	[6]	['calling']	39	99	168	168	168	168	176	176	176	176	-2	-2	7	0	0
7661	118	6	1	2	Agent	-2	they	5	Agent		-1	-2	7	calling	[6]	['calling']	42	180	56	56	56	56	232	232	232	232	-2	-2	7	0	0
7663	119	1	1	0	Agent	-1	Brian	1	Agent		-1	-1	2	sniffed	[1, 2]	['sniffed', 'and']	1	139	104	104	104	104	192	420	420	420	-1	-1	7	0	0
7665	119	1	1	0	Agent	-1	Brian	1	Agent		-1	-1	2	sniffed	[1, 2]	['sniffed', 'and']	3	139	172	300	300	300	132	132	132	132	-1	-1	7	0	0
7668	119	1	1	0	Agent	-1	Brian	1	Agent		-1	-1	2	sniffed	[1, 2]	['sniffed', 'and']	6	128	124	124	124	124	152	152	152	152	-1	-1	7	0	0
7671	119	1	1	0	Agent	-1	Brian	1	Agent		-1	-1	2	sniffed	[1, 2]	['sniffed', 'and']	10	62	280	280	448	636	164	164	164	164	-1	-1	7	0	0
7672	119	1	1	0	Agent	-1	Brian	1	Agent		-1	-1	2	sniffed	[1, 2]	['sniffed', 'and']	11	89	172	308	308	308	140	140	140	140	-1	-1	7	0	0
7673	119	1	1	0	Agent	-1	Brian	1	Agent		-1	-1	2	sniffed	[1, 2]	['sniffed', 'and']	12	140	0	0	0	0	168	168	168	168	-1	-1	7	1	0
7677	119	1	1	0	Agent	-1	Brian	1	Agent		-1	-1	2	sniffed	[1, 2]	['sniffed', 'and']	16	3	148	500	500	500	144	144	144	144	-1	-1	7	0	0
7680	119	1	1	0	Agent	-1	Brian	1	Agent		-1	-1	2	sniffed	[1, 2]	['sniffed', 'and']	19	201	160	160	160	160	156	156	156	156	-1	-1	7	0	0
7684	119	1	1	0	Agent	-1	Brian	1	Agent		-1	-1	2	sniffed	[1, 2]	['sniffed', 'and']	23	140	304	304	536	872	248	248	248	248	-1	-1	7	0	0
7685	119	1	1	0	Agent	-1	Brian	1	Agent		-1	-1	2	sniffed	[1, 2]	['sniffed', 'and']	24	47	236	408	408	408	280	280	280	280	-1	-1	7	0	0
7690	119	1	1	0	Agent	-1	Brian	1	Agent		-1	-1	2	sniffed	[1, 2]	['sniffed', 'and']	30	178	248	248	448	656	320	320	548	736	-1	-1	7	0	0
7692	119	1	1	0	Agent	-1	Brian	1	Agent		-1	-1	2	sniffed	[1, 2]	['sniffed', 'and']	32	98	288	288	288	288	204	204	204	204	-1	-1	7	0	0
7693	119	1	1	0	Agent	-1	Brian	1	Agent		-1	-1	2	sniffed	[1, 2]	['sniffed', 'and']	33	73	76	284	284	284	184	184	184	184	-1	-1	7	0	0
7694	119	1	1	0	Agent	-1	Brian	1	Agent		-1	-1	2	sniffed	[1, 2]	['sniffed', 'and']	34	70	340	492	492	492	180	180	180	180	-1	-1	7	0	0
7696	119	1	1	0	Agent	-1	Brian	1	Agent		-1	-1	2	sniffed	[1, 2]	['sniffed', 'and']	36	7	144	144	144	212	220	220	220	220	-1	-1	7	0	0
7697	119	1	1	0	Agent	-1	Brian	1	Agent		-1	-1	2	sniffed	[1, 2]	['sniffed', 'and']	37	53	100	100	312	592	144	144	144	144	-1	-1	7	0	0
7703	119	1	1	0	Agent	-1	Brian	1	Agent		-1	-1	2	sniffed	[1, 2]	['sniffed', 'and']	43	96	184	184	184	184	168	168	168	168	-1	-1	7	0	0
7704	119	3	1	2	Agent	-3	Brian	1	Agent		-1	-3	4	wiped	[3]	['wiped']	1	139	192	192	192	192	196	196	196	196	-3	-3	5	0	0
7706	119	3	1	2	Agent	-3	Brian	1	Agent		-1	-3	4	wiped	[3]	['wiped']	3	139	156	156	156	156	156	156	156	156	-3	-3	5	0	0
7707	119	3	1	2	Agent	-3	Brian	1	Agent		-1	-3	4	wiped	[3]	['wiped']	4	196	212	212	212	212	180	180	180	180	-3	-3	5	0	0
7708	119	3	1	2	Agent	-3	Brian	1	Agent		-1	-3	4	wiped	[3]	['wiped']	5	44	236	236	236	236	344	344	344	344	-3	-3	5	0	0
7709	119	3	1	2	Agent	-3	Brian	1	Agent		-1	-3	4	wiped	[3]	['wiped']	6	128	0	0	0	0	212	212	212	212	-3	-3	5	1	0
7710	119	3	1	2	Agent	-3	Brian	1	Agent		-1	-3	4	wiped	[3]	['wiped']	7	79	204	204	204	260	32	32	32	32	-3	-3	5	0	0
7711	119	3	1	2	Agent	-3	Brian	1	Agent		-1	-3	4	wiped	[3]	['wiped']	8	122	192	192	192	192	152	152	152	152	-3	-3	5	0	0
7713	119	3	1	2	Agent	-3	Brian	1	Agent		-1	-3	4	wiped	[3]	['wiped']	11	89	160	160	160	160	140	140	140	140	-3	-3	5	0	0
7714	119	3	1	2	Agent	-3	Brian	1	Agent		-1	-3	4	wiped	[3]	['wiped']	12	140	240	240	240	240	136	136	136	136	-3	-3	5	0	0
7715	119	3	1	2	Agent	-3	Brian	1	Agent		-1	-3	4	wiped	[3]	['wiped']	13	137	244	244	244	244	164	164	164	164	-3	-3	5	0	0
7716	119	3	1	2	Agent	-3	Brian	1	Agent		-1	-3	4	wiped	[3]	['wiped']	14	175	188	188	188	188	148	148	148	148	-3	-3	5	0	0
7717	119	3	1	2	Agent	-3	Brian	1	Agent		-1	-3	4	wiped	[3]	['wiped']	15	64	0	0	0	0	168	168	168	168	-3	-3	5	1	0
7718	119	3	1	2	Agent	-3	Brian	1	Agent		-1	-3	4	wiped	[3]	['wiped']	16	3	180	180	180	180	208	208	208	208	-3	-3	5	0	0
7721	119	3	1	2	Agent	-3	Brian	1	Agent		-1	-3	4	wiped	[3]	['wiped']	19	201	168	168	168	168	172	172	172	172	-3	-3	5	0	0
7725	119	3	1	2	Agent	-3	Brian	1	Agent		-1	-3	4	wiped	[3]	['wiped']	23	140	272	272	272	272	160	160	160	160	-3	-3	5	0	0
7726	119	3	1	2	Agent	-3	Brian	1	Agent		-1	-3	4	wiped	[3]	['wiped']	24	47	200	200	200	200	172	172	172	172	-3	-3	5	0	0
7728	119	3	1	2	Agent	-3	Brian	1	Agent		-1	-3	4	wiped	[3]	['wiped']	27	111	176	344	344	344	240	240	240	240	-3	-3	5	0	0
7729	119	3	1	2	Agent	-3	Brian	1	Agent		-1	-3	4	wiped	[3]	['wiped']	28	58	228	228	228	228	296	296	296	296	-3	-3	5	0	0
7731	119	3	1	2	Agent	-3	Brian	1	Agent		-1	-3	4	wiped	[3]	['wiped']	30	178	248	248	248	248	280	280	280	280	-3	-3	5	0	0
7736	119	3	1	2	Agent	-3	Brian	1	Agent		-1	-3	4	wiped	[3]	['wiped']	35	19	204	204	204	204	184	184	184	184	-3	-3	5	0	0
7738	119	3	1	2	Agent	-3	Brian	1	Agent		-1	-3	4	wiped	[3]	['wiped']	37	53	204	336	336	336	180	180	180	180	-3	-3	5	0	0
7739	119	3	1	2	Agent	-3	Brian	1	Agent		-1	-3	4	wiped	[3]	['wiped']	38	18	268	268	268	408	184	184	184	184	-3	-3	5	0	0
7742	119	3	1	2	Agent	-3	Brian	1	Agent		-1	-3	4	wiped	[3]	['wiped']	41	143	0	0	0	0	220	220	220	1084	-3	-3	5	1	0
7744	119	3	1	2	Agent	-3	Brian	1	Agent		-1	-3	4	wiped	[3]	['wiped']	43	96	148	148	148	148	172	172	172	172	-3	-3	5	0	0
7745	120	1	1	2	Agent	-1	Phil	1	Agent		-1	-1	2	let	[1]	['let']	1	171	184	184	184	184	148	148	148	148	-1	-1	3	0	0
7746	120	1	1	2	Agent	-1	Phil	1	Agent		-1	-1	2	let	[1]	['let']	2	57	212	464	464	464	120	232	232	232	-1	-1	3	0	0
7747	120	1	1	2	Agent	-1	Phil	1	Agent		-1	-1	2	let	[1]	['let']	3	155	320	320	320	320	312	312	312	312	-1	-1	3	0	0
7748	120	1	1	2	Agent	-1	Phil	1	Agent		-1	-1	2	let	[1]	['let']	4	191	412	412	412	412	148	148	148	148	-1	-1	3	0	0
7749	120	1	1	2	Agent	-1	Phil	1	Agent		-1	-1	2	let	[1]	['let']	5	162	0	0	0	0	188	188	188	416	-1	-1	3	1	0
7750	120	1	1	2	Agent	-1	Phil	1	Agent		-1	-1	2	let	[1]	['let']	6	103	0	0	0	0	120	120	120	120	-1	-1	3	1	0
7752	120	1	1	2	Agent	-1	Phil	1	Agent		-1	-1	2	let	[1]	['let']	8	143	260	260	460	684	284	284	284	284	-1	-1	3	0	0
7753	120	1	1	2	Agent	-1	Phil	1	Agent		-1	-1	2	let	[1]	['let']	10	185	300	300	300	300	132	132	132	132	-1	-1	3	0	0
7754	120	1	1	2	Agent	-1	Phil	1	Agent		-1	-1	2	let	[1]	['let']	11	66	148	148	148	148	156	156	156	156	-1	-1	3	0	0
7755	120	1	1	2	Agent	-1	Phil	1	Agent		-1	-1	2	let	[1]	['let']	12	108	220	220	220	1008	196	196	196	196	-1	-1	3	0	0
7756	120	1	1	2	Agent	-1	Phil	1	Agent		-1	-1	2	let	[1]	['let']	13	44	192	192	192	192	360	360	360	360	-1	-1	3	0	0
7759	120	1	1	2	Agent	-1	Phil	1	Agent		-1	-1	2	let	[1]	['let']	16	1	0	0	0	0	144	344	344	344	-1	-1	3	1	0
7760	120	1	1	2	Agent	-1	Phil	1	Agent		-1	-1	2	let	[1]	['let']	17	99	380	380	380	380	208	208	208	208	-1	-1	3	0	0
7761	120	1	1	2	Agent	-1	Phil	1	Agent		-1	-1	2	let	[1]	['let']	18	204	324	324	324	324	248	248	248	248	-1	-1	3	0	0
7763	120	1	1	2	Agent	-1	Phil	1	Agent		-1	-1	2	let	[1]	['let']	20	193	68	68	68	260	236	236	236	236	-1	-1	3	0	0
7764	120	1	1	2	Agent	-1	Phil	1	Agent		-1	-1	2	let	[1]	['let']	21	17	0	0	0	0	244	244	576	812	-1	-1	3	1	0
7765	120	1	1	2	Agent	-1	Phil	1	Agent		-1	-1	2	let	[1]	['let']	22	75	192	192	192	192	312	312	312	312	-1	-1	3	0	0
7766	120	1	1	2	Agent	-1	Phil	1	Agent		-1	-1	2	let	[1]	['let']	23	51	160	304	528	876	140	140	140	140	-1	-1	3	0	0
7767	120	1	1	2	Agent	-1	Phil	1	Agent		-1	-1	2	let	[1]	['let']	24	54	272	272	500	668	496	496	496	644	-1	-1	3	0	0
7768	120	1	1	2	Agent	-1	Phil	1	Agent		-1	-1	2	let	[1]	['let']	25	102	260	260	260	384	168	168	168	168	-1	-1	3	0	0
7770	120	1	1	2	Agent	-1	Phil	1	Agent		-1	-1	2	let	[1]	['let']	28	166	0	0	0	0	120	120	328	1100	-1	-1	3	1	0
7771	120	1	1	2	Agent	-1	Phil	1	Agent		-1	-1	2	let	[1]	['let']	29	165	232	232	452	592	200	200	200	200	-1	-1	3	0	0
7772	120	1	1	2	Agent	-1	Phil	1	Agent		-1	-1	2	let	[1]	['let']	30	53	224	336	336	336	372	372	372	372	-1	-1	3	0	0
7773	120	1	1	2	Agent	-1	Phil	1	Agent		-1	-1	2	let	[1]	['let']	31	5	0	0	0	0	136	136	136	468	-1	-1	3	1	0
7775	120	1	1	2	Agent	-1	Phil	1	Agent		-1	-1	2	let	[1]	['let']	33	57	152	320	320	320	244	244	244	400	-1	-1	3	0	0
7777	120	1	1	2	Agent	-1	Phil	1	Agent		-1	-1	2	let	[1]	['let']	35	183	0	0	0	0	188	188	188	188	-1	-1	3	1	0
7779	120	1	1	2	Agent	-1	Phil	1	Agent		-1	-1	2	let	[1]	['let']	37	144	196	196	196	196	212	212	212	212	-1	-1	3	0	0
7780	120	1	1	2	Agent	-1	Phil	1	Agent		-1	-1	2	let	[1]	['let']	38	6	264	264	264	440	260	260	260	260	-1	-1	3	0	0
7784	120	1	1	2	Agent	-1	Phil	1	Agent		-1	-1	2	let	[1]	['let']	42	59	0	0	0	0	148	148	148	148	-1	-1	3	1	0
7785	120	1	1	2	Agent	-1	Phil	1	Agent		-1	-1	2	let	[1]	['let']	43	197	128	128	128	128	168	168	168	168	-1	-1	3	0	0
7787	120	4	1	0	Theme	-1	him	3	Theme		-1	-1	4	go	[3, 4]	['go', 'and']	2	57	0	0	0	0	136	136	136	136	-1	-1	2	1	0
7794	120	4	1	0	Theme	-1	him	3	Theme		-1	-1	4	go	[3, 4]	['go', 'and']	10	185	0	0	0	0	144	144	144	144	-1	-1	2	1	0
7798	120	4	1	0	Theme	-1	him	3	Theme		-1	-1	4	go	[3, 4]	['go', 'and']	14	183	236	236	236	492	184	184	184	184	-1	-1	2	0	0
7799	120	4	1	0	Theme	-1	him	3	Theme		-1	-1	4	go	[3, 4]	['go', 'and']	15	138	0	0	0	0	212	212	212	212	-1	-1	2	1	0
7800	120	4	1	0	Theme	-1	him	3	Theme		-1	-1	4	go	[3, 4]	['go', 'and']	16	1	196	196	196	196	120	120	120	120	-1	-1	2	0	0
7801	120	4	1	0	Theme	-1	him	3	Theme		-1	-1	4	go	[3, 4]	['go', 'and']	17	99	0	0	0	0	148	148	148	148	-1	-1	2	1	0
7802	120	4	1	0	Theme	-1	him	3	Theme		-1	-1	4	go	[3, 4]	['go', 'and']	18	204	0	0	0	0	132	132	132	132	-1	-1	2	1	0
7804	120	4	1	0	Theme	-1	him	3	Theme		-1	-1	4	go	[3, 4]	['go', 'and']	20	193	0	0	0	0	296	296	296	296	-1	-1	2	1	0
7807	120	4	1	0	Theme	-1	him	3	Theme		-1	-1	4	go	[3, 4]	['go', 'and']	23	51	176	176	176	176	356	356	356	356	-1	-1	2	0	0
7809	120	4	1	0	Theme	-1	him	3	Theme		-1	-1	4	go	[3, 4]	['go', 'and']	25	102	0	0	0	0	184	184	184	664	-1	-1	2	1	0
7810	120	4	1	0	Theme	-1	him	3	Theme		-1	-1	4	go	[3, 4]	['go', 'and']	27	56	200	200	200	200	172	172	172	172	-1	-1	2	0	0
7811	120	4	1	0	Theme	-1	him	3	Theme		-1	-1	4	go	[3, 4]	['go', 'and']	28	166	0	0	0	0	160	160	160	160	-1	-1	2	1	0
7813	120	4	1	0	Theme	-1	him	3	Theme		-1	-1	4	go	[3, 4]	['go', 'and']	30	53	204	204	204	204	196	196	196	196	-1	-1	2	0	0
7816	120	4	1	0	Theme	-1	him	3	Theme		-1	-1	4	go	[3, 4]	['go', 'and']	33	57	168	168	168	168	196	196	196	196	-1	-1	2	0	0
7817	120	4	1	0	Theme	-1	him	3	Theme		-1	-1	4	go	[3, 4]	['go', 'and']	34	187	0	0	0	0	188	188	188	188	-1	-1	2	1	0
7819	120	4	1	0	Theme	-1	him	3	Theme		-1	-1	4	go	[3, 4]	['go', 'and']	36	44	0	0	0	0	236	236	236	388	-1	-1	2	1	0
7820	120	4	1	0	Theme	-1	him	3	Theme		-1	-1	4	go	[3, 4]	['go', 'and']	37	144	88	88	520	1076	108	108	108	108	-1	-1	2	0	0
7821	120	4	1	0	Theme	-1	him	3	Theme		-1	-1	4	go	[3, 4]	['go', 'and']	38	6	0	0	0	0	264	264	264	264	-1	-1	2	1	0
7824	120	4	1	0	Theme	-1	him	3	Theme		-1	-1	4	go	[3, 4]	['go', 'and']	41	26	0	0	0	0	252	252	528	1200	-1	-1	2	1	0
7825	120	4	1	0	Theme	-1	him	3	Theme		-1	-1	4	go	[3, 4]	['go', 'and']	42	59	152	152	152	152	152	152	152	152	-1	-1	2	0	0
7826	120	4	1	0	Theme	-1	him	3	Theme		-1	-1	4	go	[3, 4]	['go', 'and']	43	197	0	0	0	0	236	236	236	236	-1	-1	2	1	0
7828	120	6	1	1	Theme	-1	Charlie	6	Theme		-1	-1	7	fell	[6, 7]	['fell', 'to']	2	57	216	216	216	284	92	92	92	92	-1	-1	4	0	0
7829	120	6	1	1	Theme	-1	Charlie	6	Theme		-1	-1	7	fell	[6, 7]	['fell', 'to']	3	155	132	312	312	312	260	260	260	260	-1	-1	4	0	0
7830	120	6	1	1	Theme	-1	Charlie	6	Theme		-1	-1	7	fell	[6, 7]	['fell', 'to']	4	191	0	0	0	0	156	156	156	156	-1	-1	4	1	0
7831	120	6	1	1	Theme	-1	Charlie	6	Theme		-1	-1	7	fell	[6, 7]	['fell', 'to']	5	162	156	156	156	808	180	180	180	180	-1	-1	4	0	0
7832	120	6	1	1	Theme	-1	Charlie	6	Theme		-1	-1	7	fell	[6, 7]	['fell', 'to']	6	103	0	0	0	0	276	276	276	276	-1	-1	4	1	0
7837	120	6	1	1	Theme	-1	Charlie	6	Theme		-1	-1	7	fell	[6, 7]	['fell', 'to']	12	108	0	0	0	0	100	100	100	100	-1	-1	4	1	0
7839	120	6	1	1	Theme	-1	Charlie	6	Theme		-1	-1	7	fell	[6, 7]	['fell', 'to']	14	183	0	0	0	0	156	156	156	156	-1	-1	4	1	0
7841	120	6	1	1	Theme	-1	Charlie	6	Theme		-1	-1	7	fell	[6, 7]	['fell', 'to']	16	1	196	196	196	196	220	220	220	220	-1	-1	4	0	0
7845	120	6	1	1	Theme	-1	Charlie	6	Theme		-1	-1	7	fell	[6, 7]	['fell', 'to']	20	193	132	132	324	696	172	172	172	172	-1	-1	4	0	0
7846	120	6	1	1	Theme	-1	Charlie	6	Theme		-1	-1	7	fell	[6, 7]	['fell', 'to']	21	17	228	228	228	364	128	128	128	128	-1	-1	4	0	0
7849	120	6	1	1	Theme	-1	Charlie	6	Theme		-1	-1	7	fell	[6, 7]	['fell', 'to']	24	54	180	180	180	180	196	196	196	196	-1	-1	4	0	0
7855	120	6	1	1	Theme	-1	Charlie	6	Theme		-1	-1	7	fell	[6, 7]	['fell', 'to']	31	5	0	0	0	0	152	204	204	204	-1	-1	4	1	0
7858	120	6	1	1	Theme	-1	Charlie	6	Theme		-1	-1	7	fell	[6, 7]	['fell', 'to']	34	187	0	0	0	0	256	256	256	628	-1	-1	4	1	0
7861	120	6	1	1	Theme	-1	Charlie	6	Theme		-1	-1	7	fell	[6, 7]	['fell', 'to']	37	144	164	164	164	164	184	184	184	184	-1	-1	4	0	0
7863	120	6	1	1	Theme	-1	Charlie	6	Theme		-1	-1	7	fell	[6, 7]	['fell', 'to']	39	156	0	0	0	0	140	140	140	140	-1	-1	4	1	0
7865	120	6	1	1	Theme	-1	Charlie	6	Theme		-1	-1	7	fell	[6, 7]	['fell', 'to']	41	26	180	180	180	180	200	200	200	200	-1	-1	4	0	0
7868	121	1	1	2	Agent	-1		-1	Agent		-1	-1	1	Let	[0]	['Let']	1	179	0	0	0	0	76	76	76	292	-1	-1	3	1	0
7869	121	1	1	2	Agent	-1		-1	Agent		-1	-1	1	Let	[0]	['Let']	2	80	160	160	160	160	128	128	128	128	-1	-1	3	0	0
7875	121	1	1	2	Agent	-1		-1	Agent		-1	-1	1	Let	[0]	['Let']	8	99	0	0	0	0	244	352	352	352	-1	-1	3	1	0
7877	121	1	1	2	Agent	-1		-1	Agent		-1	-1	1	Let	[0]	['Let']	11	149	244	244	244	244	136	136	136	136	-1	-1	3	0	0
7878	121	1	1	2	Agent	-1		-1	Agent		-1	-1	1	Let	[0]	['Let']	12	67	0	0	0	0	316	316	316	316	-1	-1	3	1	0
7879	121	1	1	2	Agent	-1		-1	Agent		-1	-1	1	Let	[0]	['Let']	13	112	308	308	308	308	296	296	296	296	-1	-1	3	0	0
7880	121	1	1	2	Agent	-1		-1	Agent		-1	-1	1	Let	[0]	['Let']	14	51	0	0	0	0	268	268	268	412	-1	-1	3	1	0
7882	121	1	1	2	Agent	-1		-1	Agent		-1	-1	1	Let	[0]	['Let']	16	28	284	284	284	284	252	252	252	252	-1	-1	3	0	0
7883	121	1	1	2	Agent	-1		-1	Agent		-1	-1	1	Let	[0]	['Let']	17	76	0	0	0	0	424	424	424	424	-1	-1	3	1	0
7884	121	1	1	2	Agent	-1		-1	Agent		-1	-1	1	Let	[0]	['Let']	18	146	0	0	0	0	264	264	264	264	-1	-1	3	1	0
7886	121	1	1	2	Agent	-1		-1	Agent		-1	-1	1	Let	[0]	['Let']	20	75	0	0	0	0	88	360	360	360	-1	-1	3	1	0
7888	121	1	1	2	Agent	-1		-1	Agent		-1	-1	1	Let	[0]	['Let']	22	35	0	0	0	0	88	88	368	512	-1	-1	3	1	0
7889	121	1	1	2	Agent	-1		-1	Agent		-1	-1	1	Let	[0]	['Let']	23	106	272	396	396	396	140	140	140	140	-1	-1	3	0	0
7895	121	1	1	2	Agent	-1		-1	Agent		-1	-1	1	Let	[0]	['Let']	30	167	400	400	400	400	268	268	268	268	-1	-1	3	0	0
7897	121	1	1	2	Agent	-1		-1	Agent		-1	-1	1	Let	[0]	['Let']	32	181	372	372	372	372	152	152	152	152	-1	-1	3	0	0
7898	121	1	1	2	Agent	-1		-1	Agent		-1	-1	1	Let	[0]	['Let']	33	44	260	372	372	372	144	144	144	144	-1	-1	3	0	0
7901	121	1	1	2	Agent	-1		-1	Agent		-1	-1	1	Let	[0]	['Let']	36	138	0	0	0	0	72	72	72	228	-1	-1	3	1	0
7902	121	1	1	2	Agent	-1		-1	Agent		-1	-1	1	Let	[0]	['Let']	37	79	320	320	320	320	140	140	140	140	-1	-1	3	0	0
7903	121	1	1	2	Agent	-1		-1	Agent		-1	-1	1	Let	[0]	['Let']	38	177	124	124	124	124	184	184	184	184	-1	-1	3	0	0
7908	121	1	1	2	Agent	-1		-1	Agent		-1	-1	1	Let	[0]	['Let']	43	62	0	0	0	0	252	252	252	356	-1	-1	3	1	0
7909	121	6	1	1	Experiencer	-2	you'll	5	Experiencer		-1	-2	6	hear	[5, 6]	['hear', 'nothing']	1	179	152	152	152	304	284	284	284	284	-2	-2	4	0	0
7910	121	6	1	1	Experiencer	-2	you'll	5	Experiencer		-1	-2	6	hear	[5, 6]	['hear', 'nothing']	2	80	168	168	168	168	148	148	148	148	-2	-2	4	0	0
7911	121	6	1	1	Experiencer	-2	you'll	5	Experiencer		-1	-2	6	hear	[5, 6]	['hear', 'nothing']	3	65	168	168	168	168	176	176	404	828	-2	-2	4	0	0
7912	121	6	1	1	Experiencer	-2	you'll	5	Experiencer		-1	-2	6	hear	[5, 6]	['hear', 'nothing']	4	104	156	156	156	156	160	160	160	160	-2	-2	4	0	0
7913	121	6	1	1	Experiencer	-2	you'll	5	Experiencer		-1	-2	6	hear	[5, 6]	['hear', 'nothing']	5	2	152	152	152	152	192	192	192	192	-2	-2	4	0	0
7914	121	6	1	1	Experiencer	-2	you'll	5	Experiencer		-1	-2	6	hear	[5, 6]	['hear', 'nothing']	6	13	0	0	0	0	340	340	340	500	-2	-2	4	1	0
7915	121	6	1	1	Experiencer	-2	you'll	5	Experiencer		-1	-2	6	hear	[5, 6]	['hear', 'nothing']	7	144	92	92	92	92	136	136	136	136	-2	-2	4	0	0
7916	121	6	1	1	Experiencer	-2	you'll	5	Experiencer		-1	-2	6	hear	[5, 6]	['hear', 'nothing']	8	99	188	188	188	188	236	504	504	504	-2	-2	4	0	0
7917	121	6	1	1	Experiencer	-2	you'll	5	Experiencer		-1	-2	6	hear	[5, 6]	['hear', 'nothing']	10	49	84	84	84	84	92	92	92	92	-2	-2	4	0	0
7918	121	6	1	1	Experiencer	-2	you'll	5	Experiencer		-1	-2	6	hear	[5, 6]	['hear', 'nothing']	11	149	228	228	228	228	124	124	124	124	-2	-2	4	0	0
7919	121	6	1	1	Experiencer	-2	you'll	5	Experiencer		-1	-2	6	hear	[5, 6]	['hear', 'nothing']	12	67	156	328	328	328	228	228	228	228	-2	-2	4	0	0
7920	121	6	1	1	Experiencer	-2	you'll	5	Experiencer		-1	-2	6	hear	[5, 6]	['hear', 'nothing']	13	112	112	112	112	112	172	172	172	172	-2	-2	4	0	0
7921	121	6	1	1	Experiencer	-2	you'll	5	Experiencer		-1	-2	6	hear	[5, 6]	['hear', 'nothing']	14	51	288	452	452	452	184	184	184	184	-2	-2	4	0	0
7923	121	6	1	1	Experiencer	-2	you'll	5	Experiencer		-1	-2	6	hear	[5, 6]	['hear', 'nothing']	16	28	200	200	200	200	176	316	316	316	-2	-2	4	0	0
7924	121	6	1	1	Experiencer	-2	you'll	5	Experiencer		-1	-2	6	hear	[5, 6]	['hear', 'nothing']	17	76	352	352	476	876	160	160	160	160	-2	-2	4	0	0
7925	121	6	1	1	Experiencer	-2	you'll	5	Experiencer		-1	-2	6	hear	[5, 6]	['hear', 'nothing']	18	146	0	0	0	0	160	160	160	160	-2	-2	4	1	0
7926	121	6	1	1	Experiencer	-2	you'll	5	Experiencer		-1	-2	6	hear	[5, 6]	['hear', 'nothing']	19	44	0	0	0	0	232	232	372	1380	-2	-2	4	1	0
7927	121	6	1	1	Experiencer	-2	you'll	5	Experiencer		-1	-2	6	hear	[5, 6]	['hear', 'nothing']	20	75	124	124	124	124	212	212	212	212	-2	-2	4	0	0
7928	121	6	1	1	Experiencer	-2	you'll	5	Experiencer		-1	-2	6	hear	[5, 6]	['hear', 'nothing']	21	53	0	0	0	0	144	292	292	292	-2	-2	4	1	0
7929	121	6	1	1	Experiencer	-2	you'll	5	Experiencer		-1	-2	6	hear	[5, 6]	['hear', 'nothing']	22	35	220	220	220	220	168	368	368	368	-2	-2	4	0	0
7930	121	6	1	1	Experiencer	-2	you'll	5	Experiencer		-1	-2	6	hear	[5, 6]	['hear', 'nothing']	23	106	284	284	284	284	272	272	272	272	-2	-2	4	0	0
7931	121	6	1	1	Experiencer	-2	you'll	5	Experiencer		-1	-2	6	hear	[5, 6]	['hear', 'nothing']	24	117	152	152	152	152	200	200	200	200	-2	-2	4	0	0
7932	121	6	1	1	Experiencer	-2	you'll	5	Experiencer		-1	-2	6	hear	[5, 6]	['hear', 'nothing']	25	110	132	132	132	132	200	200	200	200	-2	-2	4	0	0
7933	121	6	1	1	Experiencer	-2	you'll	5	Experiencer		-1	-2	6	hear	[5, 6]	['hear', 'nothing']	27	179	216	216	216	216	116	116	116	116	-2	-2	4	0	0
7934	121	6	1	1	Experiencer	-2	you'll	5	Experiencer		-1	-2	6	hear	[5, 6]	['hear', 'nothing']	28	99	192	192	192	192	352	352	352	352	-2	-2	4	0	0
7935	121	6	1	1	Experiencer	-2	you'll	5	Experiencer		-1	-2	6	hear	[5, 6]	['hear', 'nothing']	29	62	112	112	112	112	164	352	352	352	-2	-2	4	0	0
7936	121	6	1	1	Experiencer	-2	you'll	5	Experiencer		-1	-2	6	hear	[5, 6]	['hear', 'nothing']	30	167	220	220	220	220	208	208	208	208	-2	-2	4	0	0
7937	121	6	1	1	Experiencer	-2	you'll	5	Experiencer		-1	-2	6	hear	[5, 6]	['hear', 'nothing']	31	171	144	144	144	144	152	152	152	152	-2	-2	4	0	0
7938	121	6	1	1	Experiencer	-2	you'll	5	Experiencer		-1	-2	6	hear	[5, 6]	['hear', 'nothing']	32	181	168	168	168	168	188	188	188	188	-2	-2	4	0	0
7939	121	6	1	1	Experiencer	-2	you'll	5	Experiencer		-1	-2	6	hear	[5, 6]	['hear', 'nothing']	33	44	192	192	192	192	56	56	56	56	-2	-2	4	0	0
7941	121	6	1	1	Experiencer	-2	you'll	5	Experiencer		-1	-2	6	hear	[5, 6]	['hear', 'nothing']	35	176	168	168	168	168	160	160	160	160	-2	-2	4	0	0
7943	121	6	1	1	Experiencer	-2	you'll	5	Experiencer		-1	-2	6	hear	[5, 6]	['hear', 'nothing']	37	79	160	160	160	160	168	168	168	168	-2	-2	4	0	0
7944	121	6	1	1	Experiencer	-2	you'll	5	Experiencer		-1	-2	6	hear	[5, 6]	['hear', 'nothing']	38	177	64	64	64	64	252	252	252	252	-2	-2	4	0	0
7945	121	6	1	1	Experiencer	-2	you'll	5	Experiencer		-1	-2	6	hear	[5, 6]	['hear', 'nothing']	39	65	0	0	0	0	208	208	392	784	-2	-2	4	1	0
7946	121	6	1	1	Experiencer	-2	you'll	5	Experiencer		-1	-2	6	hear	[5, 6]	['hear', 'nothing']	40	89	0	0	0	0	140	140	140	140	-2	-2	4	1	0
7947	121	6	1	1	Experiencer	-2	you'll	5	Experiencer		-1	-2	6	hear	[5, 6]	['hear', 'nothing']	41	189	0	0	0	0	152	312	312	312	-2	-2	4	1	0
7948	121	6	1	1	Experiencer	-2	you'll	5	Experiencer		-1	-2	6	hear	[5, 6]	['hear', 'nothing']	42	107	76	76	76	76	128	128	128	128	-2	-2	4	0	0
7949	121	6	1	1	Experiencer	-2	you'll	5	Experiencer		-1	-2	6	hear	[5, 6]	['hear', 'nothing']	43	62	148	148	148	148	136	136	136	136	-2	-2	4	0	0
7950	123	1	1	2	Agent	-1	Gilbert	1	Agent		-1	-1	2	sat	[1, 2]	['sat', 'as']	1	90	204	608	608	808	168	296	296	296	-1	-1	3	0	0
7951	123	1	1	2	Agent	-1	Gilbert	1	Agent		-1	-1	2	sat	[1, 2]	['sat', 'as']	2	108	0	0	0	0	160	160	160	288	-1	-1	3	1	0
7954	123	1	1	2	Agent	-1	Gilbert	1	Agent		-1	-1	2	sat	[1, 2]	['sat', 'as']	5	182	0	0	0	0	216	216	216	648	-1	-1	3	1	0
7956	123	1	1	2	Agent	-1	Gilbert	1	Agent		-1	-1	2	sat	[1, 2]	['sat', 'as']	7	162	0	0	0	0	204	204	204	372	-1	-1	3	1	0
7957	123	1	1	2	Agent	-1	Gilbert	1	Agent		-1	-1	2	sat	[1, 2]	['sat', 'as']	8	91	208	208	208	208	336	336	716	884	-1	-1	3	0	0
7960	123	1	1	2	Agent	-1	Gilbert	1	Agent		-1	-1	2	sat	[1, 2]	['sat', 'as']	11	131	196	196	196	196	248	396	396	396	-1	-1	3	0	0
7961	123	1	1	2	Agent	-1	Gilbert	1	Agent		-1	-1	2	sat	[1, 2]	['sat', 'as']	12	170	212	212	480	692	160	160	160	160	-1	-1	3	0	0
7962	123	1	1	2	Agent	-1	Gilbert	1	Agent		-1	-1	2	sat	[1, 2]	['sat', 'as']	13	119	212	212	212	212	260	260	260	260	-1	-1	3	0	0
7963	123	1	1	2	Agent	-1	Gilbert	1	Agent		-1	-1	2	sat	[1, 2]	['sat', 'as']	14	99	240	240	240	240	156	156	156	156	-1	-1	3	0	0
7965	123	1	1	2	Agent	-1	Gilbert	1	Agent		-1	-1	2	sat	[1, 2]	['sat', 'as']	16	25	156	156	156	156	324	324	324	324	-1	-1	3	0	0
7966	123	1	1	2	Agent	-1	Gilbert	1	Agent		-1	-1	2	sat	[1, 2]	['sat', 'as']	17	51	0	0	0	0	44	44	44	440	-1	-1	3	1	0
7967	123	1	1	2	Agent	-1	Gilbert	1	Agent		-1	-1	2	sat	[1, 2]	['sat', 'as']	18	106	0	0	0	0	300	300	300	300	-1	-1	3	1	0
7970	123	1	1	2	Agent	-1	Gilbert	1	Agent		-1	-1	2	sat	[1, 2]	['sat', 'as']	21	94	0	0	0	0	112	112	112	544	-1	-1	3	1	0
7972	123	1	1	2	Agent	-1	Gilbert	1	Agent		-1	-1	2	sat	[1, 2]	['sat', 'as']	23	198	312	312	312	1000	992	1116	1116	1116	-1	-1	3	0	0
7973	123	1	1	2	Agent	-1	Gilbert	1	Agent		-1	-1	2	sat	[1, 2]	['sat', 'as']	24	189	180	180	180	180	220	220	364	536	-1	-1	3	0	0
7976	123	1	1	2	Agent	-1	Gilbert	1	Agent		-1	-1	2	sat	[1, 2]	['sat', 'as']	28	159	180	416	416	416	328	328	328	476	-1	-1	3	0	0
7978	123	1	1	2	Agent	-1	Gilbert	1	Agent		-1	-1	2	sat	[1, 2]	['sat', 'as']	30	44	248	248	524	800	196	196	196	196	-1	-1	3	0	0
7979	123	1	1	2	Agent	-1	Gilbert	1	Agent		-1	-1	2	sat	[1, 2]	['sat', 'as']	31	113	0	0	0	0	176	176	176	176	-1	-1	3	1	0
7980	123	1	1	2	Agent	-1	Gilbert	1	Agent		-1	-1	2	sat	[1, 2]	['sat', 'as']	32	24	272	272	272	272	216	216	216	216	-1	-1	3	0	0
7981	123	1	1	2	Agent	-1	Gilbert	1	Agent		-1	-1	2	sat	[1, 2]	['sat', 'as']	33	24	172	352	352	352	76	76	292	668	-1	-1	3	0	0
7982	123	1	1	2	Agent	-1	Gilbert	1	Agent		-1	-1	2	sat	[1, 2]	['sat', 'as']	34	201	0	0	0	0	404	404	404	404	-1	-1	3	1	0
7985	123	1	1	2	Agent	-1	Gilbert	1	Agent		-1	-1	2	sat	[1, 2]	['sat', 'as']	37	123	316	316	316	316	220	220	220	220	-1	-1	3	0	0
7990	123	1	1	2	Agent	-1	Gilbert	1	Agent		-1	-1	2	sat	[1, 2]	['sat', 'as']	42	74	0	0	0	0	116	116	116	116	-1	-1	3	1	0
7991	123	1	1	2	Agent	-1	Gilbert	1	Agent		-1	-1	2	sat	[1, 2]	['sat', 'as']	43	12	172	172	172	172	280	280	280	280	-1	-1	3	0	0
7992	123	6	2	0	Agent	-1	he	6	Participant	as	5	-2	7	could	[6]	['could']	1	90	172	172	172	172	224	224	224	224	-1	-2	5	0	0
7993	123	6	2	0	Agent	-1	he	6	Participant	as	5	-2	7	could	[6]	['could']	2	108	148	148	148	148	148	148	148	148	-1	-2	5	0	0
7994	123	6	2	0	Agent	-1	he	6	Participant	as	5	-2	7	could	[6]	['could']	3	199	128	300	300	300	360	360	360	360	-1	-2	5	0	0
7995	123	6	2	0	Agent	-1	he	6	Participant	as	5	-2	7	could	[6]	['could']	4	103	236	236	384	1608	188	188	188	188	-1	-2	5	0	0
7996	123	6	2	0	Agent	-1	he	6	Participant	as	5	-2	7	could	[6]	['could']	5	182	252	252	252	428	256	256	256	256	-1	-2	5	0	0
7997	123	6	2	0	Agent	-1	he	6	Participant	as	5	-2	7	could	[6]	['could']	6	58	148	148	148	148	524	524	524	524	-1	-2	5	0	0
7998	123	6	2	0	Agent	-1	he	6	Participant	as	5	-2	7	could	[6]	['could']	7	162	80	80	80	80	116	116	116	116	-1	-2	5	0	0
7999	123	6	2	0	Agent	-1	he	6	Participant	as	5	-2	7	could	[6]	['could']	8	91	0	0	0	0	168	320	320	504	-1	-2	5	1	0
8000	123	6	2	0	Agent	-1	he	6	Participant	as	5	-2	7	could	[6]	['could']	9	24	160	208	208	208	208	208	208	208	-1	-2	5	0	0
8001	123	6	2	0	Agent	-1	he	6	Participant	as	5	-2	7	could	[6]	['could']	10	128	0	0	0	0	276	276	492	1748	-1	-2	5	1	0
8002	123	6	2	0	Agent	-1	he	6	Participant	as	5	-2	7	could	[6]	['could']	11	131	224	224	224	224	144	144	312	536	-1	-2	5	0	0
8003	123	6	2	0	Agent	-1	he	6	Participant	as	5	-2	7	could	[6]	['could']	12	170	196	196	196	196	240	240	672	852	-1	-2	5	0	0
8004	123	6	2	0	Agent	-1	he	6	Participant	as	5	-2	7	could	[6]	['could']	13	119	188	188	188	188	332	332	452	712	-1	-2	5	0	0
8005	123	6	2	0	Agent	-1	he	6	Participant	as	5	-2	7	could	[6]	['could']	14	99	160	160	160	160	224	224	224	224	-1	-2	5	0	0
8006	123	6	2	0	Agent	-1	he	6	Participant	as	5	-2	7	could	[6]	['could']	15	25	0	0	0	0	144	144	144	144	-1	-2	5	1	0
8007	123	6	2	0	Agent	-1	he	6	Participant	as	5	-2	7	could	[6]	['could']	16	25	200	200	200	200	216	356	356	356	-1	-2	5	0	0
8008	123	6	2	0	Agent	-1	he	6	Participant	as	5	-2	7	could	[6]	['could']	17	51	64	280	280	556	184	360	360	360	-1	-2	5	0	0
8009	123	6	2	0	Agent	-1	he	6	Participant	as	5	-2	7	could	[6]	['could']	18	106	0	0	0	0	224	224	224	224	-1	-2	5	1	0
8010	123	6	2	0	Agent	-1	he	6	Participant	as	5	-2	7	could	[6]	['could']	19	164	160	160	160	160	172	172	172	172	-1	-2	5	0	0
8011	123	6	2	0	Agent	-1	he	6	Participant	as	5	-2	7	could	[6]	['could']	20	170	0	0	0	0	140	140	140	140	-1	-2	5	1	0
8012	123	6	2	0	Agent	-1	he	6	Participant	as	5	-2	7	could	[6]	['could']	21	94	0	0	0	0	140	140	320	444	-1	-2	5	1	0
8013	123	6	2	0	Agent	-1	he	6	Participant	as	5	-2	7	could	[6]	['could']	22	72	128	284	284	284	292	292	292	292	-1	-2	5	0	0
8014	123	6	2	0	Agent	-1	he	6	Participant	as	5	-2	7	could	[6]	['could']	23	198	200	200	200	200	264	264	556	752	-1	-2	5	0	0
8015	123	6	2	0	Agent	-1	he	6	Participant	as	5	-2	7	could	[6]	['could']	24	189	140	140	140	140	136	136	136	136	-1	-2	5	0	0
8016	123	6	2	0	Agent	-1	he	6	Participant	as	5	-2	7	could	[6]	['could']	25	107	140	140	284	412	320	320	320	320	-1	-2	5	0	0
8017	123	6	2	0	Agent	-1	he	6	Participant	as	5	-2	7	could	[6]	['could']	27	15	228	228	228	228	212	212	212	212	-1	-2	5	0	0
8018	123	6	2	0	Agent	-1	he	6	Participant	as	5	-2	7	could	[6]	['could']	28	159	140	140	140	140	300	300	500	748	-1	-2	5	0	0
8019	123	6	2	0	Agent	-1	he	6	Participant	as	5	-2	7	could	[6]	['could']	29	117	0	0	0	0	160	272	272	272	-1	-2	5	1	0
8020	123	6	2	0	Agent	-1	he	6	Participant	as	5	-2	7	could	[6]	['could']	30	44	192	192	192	192	388	388	388	388	-1	-2	5	0	0
8021	123	6	2	0	Agent	-1	he	6	Participant	as	5	-2	7	could	[6]	['could']	31	113	192	192	192	192	124	124	124	124	-1	-2	5	0	0
8022	123	6	2	0	Agent	-1	he	6	Participant	as	5	-2	7	could	[6]	['could']	32	24	176	176	176	176	220	384	384	384	-1	-2	5	0	0
8023	123	6	2	0	Agent	-1	he	6	Participant	as	5	-2	7	could	[6]	['could']	33	24	136	136	136	136	228	228	228	228	-1	-2	5	0	0
8024	123	6	2	0	Agent	-1	he	6	Participant	as	5	-2	7	could	[6]	['could']	34	201	56	56	56	56	16	1836	1836	1836	-1	-2	5	0	0
8025	123	6	2	0	Agent	-1	he	6	Participant	as	5	-2	7	could	[6]	['could']	35	48	224	224	224	224	224	224	224	224	-1	-2	5	0	0
8027	123	6	2	0	Agent	-1	he	6	Participant	as	5	-2	7	could	[6]	['could']	37	123	208	208	208	208	176	860	860	860	-1	-2	5	0	0
8028	123	6	2	0	Agent	-1	he	6	Participant	as	5	-2	7	could	[6]	['could']	38	23	192	192	192	192	240	240	240	240	-1	-2	5	0	0
8029	123	6	2	0	Agent	-1	he	6	Participant	as	5	-2	7	could	[6]	['could']	39	162	172	172	172	172	148	148	148	148	-1	-2	5	0	0
8031	123	6	2	0	Agent	-1	he	6	Participant	as	5	-2	7	could	[6]	['could']	41	138	212	212	584	1552	252	252	252	252	-1	-2	5	0	0
8032	123	6	2	0	Agent	-1	he	6	Participant	as	5	-2	7	could	[6]	['could']	42	74	296	296	296	296	144	456	456	456	-1	-2	5	0	0
8033	123	6	2	0	Agent	-1	he	6	Participant	as	5	-2	7	could	[6]	['could']	43	12	160	160	160	160	224	224	224	224	-1	-2	5	0	0
8034	123	8	1	1	Agent	-8	Gilbert	1	Agent		-1	-8	8	nursing	[7]	['nursing']	1	90	224	224	224	224	108	108	108	488	-8	-8	7	0	0
8035	123	8	1	1	Agent	-8	Gilbert	1	Agent		-1	-8	8	nursing	[7]	['nursing']	2	108	148	148	148	148	204	204	204	384	-8	-8	7	0	0
8040	123	8	1	1	Agent	-8	Gilbert	1	Agent		-1	-8	8	nursing	[7]	['nursing']	7	162	116	116	116	116	164	164	164	296	-8	-8	7	0	0
8041	123	8	1	1	Agent	-8	Gilbert	1	Agent		-1	-8	8	nursing	[7]	['nursing']	8	91	168	320	320	504	132	132	132	132	-8	-8	7	0	0
8045	123	8	1	1	Agent	-8	Gilbert	1	Agent		-1	-8	8	nursing	[7]	['nursing']	12	170	240	240	672	852	92	92	92	208	-8	-8	7	0	0
8048	123	8	1	1	Agent	-8	Gilbert	1	Agent		-1	-8	8	nursing	[7]	['nursing']	15	25	144	144	144	144	152	152	152	152	-8	-8	7	0	0
8049	123	8	1	1	Agent	-8	Gilbert	1	Agent		-1	-8	8	nursing	[7]	['nursing']	16	25	216	356	356	356	172	468	468	960	-8	-8	7	0	0
8051	123	8	1	1	Agent	-8	Gilbert	1	Agent		-1	-8	8	nursing	[7]	['nursing']	18	106	224	224	224	224	304	304	304	304	-8	-8	7	0	0
8052	123	8	1	1	Agent	-8	Gilbert	1	Agent		-1	-8	8	nursing	[7]	['nursing']	19	164	172	172	172	172	80	80	184	784	-8	-8	7	0	0
8053	123	8	1	1	Agent	-8	Gilbert	1	Agent		-1	-8	8	nursing	[7]	['nursing']	20	170	140	140	140	140	188	188	188	188	-8	-8	7	0	0
8055	123	8	1	1	Agent	-8	Gilbert	1	Agent		-1	-8	8	nursing	[7]	['nursing']	22	72	292	292	292	292	312	312	312	312	-8	-8	7	0	0
8063	123	8	1	1	Agent	-8	Gilbert	1	Agent		-1	-8	8	nursing	[7]	['nursing']	31	113	124	124	124	124	140	140	140	140	-8	-8	7	0	0
8064	123	8	1	1	Agent	-8	Gilbert	1	Agent		-1	-8	8	nursing	[7]	['nursing']	32	24	220	384	384	384	324	324	324	324	-8	-8	7	0	0
8065	123	8	1	1	Agent	-8	Gilbert	1	Agent		-1	-8	8	nursing	[7]	['nursing']	33	24	228	228	228	228	364	364	1008	2844	-8	-8	7	0	0
8066	123	8	1	1	Agent	-8	Gilbert	1	Agent		-1	-8	8	nursing	[7]	['nursing']	34	201	16	1836	1836	1836	228	228	228	1652	-8	-8	7	0	0
8068	123	8	1	1	Agent	-8	Gilbert	1	Agent		-1	-8	8	nursing	[7]	['nursing']	36	55	0	0	0	0	292	292	292	480	-8	-8	7	1	0
8069	123	8	1	1	Agent	-8	Gilbert	1	Agent		-1	-8	8	nursing	[7]	['nursing']	37	123	176	860	860	860	68	68	68	580	-8	-8	7	0	0
8070	123	8	1	1	Agent	-8	Gilbert	1	Agent		-1	-8	8	nursing	[7]	['nursing']	38	23	240	240	240	240	240	240	240	240	-8	-8	7	0	0
8074	123	8	1	1	Agent	-8	Gilbert	1	Agent		-1	-8	8	nursing	[7]	['nursing']	42	74	144	456	456	456	92	92	376	1552	-8	-8	7	0	0
8075	123	8	1	1	Agent	-8	Gilbert	1	Agent		-1	-8	8	nursing	[7]	['nursing']	43	12	224	224	224	224	340	340	340	340	-8	-8	7	0	0
8076	124	1	1	0	Agent	-1	Jacques	1	Agent		-1	-1	2	sighed	[1, 2]	['sighed', 'and']	1	187	360	360	360	360	316	316	316	452	-1	-1	6	0	0
8078	124	1	1	0	Agent	-1	Jacques	1	Agent		-1	-1	2	sighed	[1, 2]	['sighed', 'and']	3	45	276	276	276	276	360	360	360	360	-1	-1	6	0	0
8079	124	1	1	0	Agent	-1	Jacques	1	Agent		-1	-1	2	sighed	[1, 2]	['sighed', 'and']	4	69	304	304	304	304	148	148	148	148	-1	-1	6	0	0
8080	124	1	1	0	Agent	-1	Jacques	1	Agent		-1	-1	2	sighed	[1, 2]	['sighed', 'and']	5	62	296	296	296	616	208	208	208	208	-1	-1	6	0	0
8085	124	1	1	0	Agent	-1	Jacques	1	Agent		-1	-1	2	sighed	[1, 2]	['sighed', 'and']	10	105	224	292	448	684	116	116	116	116	-1	-1	6	0	0
8086	124	1	1	0	Agent	-1	Jacques	1	Agent		-1	-1	2	sighed	[1, 2]	['sighed', 'and']	11	79	380	380	380	380	132	132	132	132	-1	-1	6	0	0
8087	124	1	1	0	Agent	-1	Jacques	1	Agent		-1	-1	2	sighed	[1, 2]	['sighed', 'and']	12	138	0	0	0	0	240	240	240	380	-1	-1	6	1	0
8088	124	1	1	0	Agent	-1	Jacques	1	Agent		-1	-1	2	sighed	[1, 2]	['sighed', 'and']	13	199	248	248	248	248	160	160	160	160	-1	-1	6	0	0
8094	124	1	1	0	Agent	-1	Jacques	1	Agent		-1	-1	2	sighed	[1, 2]	['sighed', 'and']	19	5	224	224	224	224	156	156	156	156	-1	-1	6	0	0
8096	124	1	1	0	Agent	-1	Jacques	1	Agent		-1	-1	2	sighed	[1, 2]	['sighed', 'and']	21	190	176	176	176	176	264	264	264	264	-1	-1	6	0	0
8097	124	1	1	0	Agent	-1	Jacques	1	Agent		-1	-1	2	sighed	[1, 2]	['sighed', 'and']	22	16	0	0	0	0	220	220	220	828	-1	-1	6	1	0
8098	124	1	1	0	Agent	-1	Jacques	1	Agent		-1	-1	2	sighed	[1, 2]	['sighed', 'and']	23	79	176	584	584	584	396	396	396	520	-1	-1	6	0	0
8099	124	1	1	0	Agent	-1	Jacques	1	Agent		-1	-1	2	sighed	[1, 2]	['sighed', 'and']	24	99	344	484	484	484	144	144	144	144	-1	-1	6	0	0
8100	124	1	1	0	Agent	-1	Jacques	1	Agent		-1	-1	2	sighed	[1, 2]	['sighed', 'and']	25	125	0	0	0	0	244	244	352	892	-1	-1	6	1	0
8102	124	1	1	0	Agent	-1	Jacques	1	Agent		-1	-1	2	sighed	[1, 2]	['sighed', 'and']	28	16	0	0	0	0	268	268	268	268	-1	-1	6	1	0
8104	124	1	1	0	Agent	-1	Jacques	1	Agent		-1	-1	2	sighed	[1, 2]	['sighed', 'and']	30	152	232	232	720	952	216	428	428	428	-1	-1	6	0	0
8106	124	1	1	0	Agent	-1	Jacques	1	Agent		-1	-1	2	sighed	[1, 2]	['sighed', 'and']	32	76	268	268	268	268	200	200	200	200	-1	-1	6	0	0
8107	124	1	1	0	Agent	-1	Jacques	1	Agent		-1	-1	2	sighed	[1, 2]	['sighed', 'and']	33	9	252	252	732	924	228	228	228	228	-1	-1	6	0	0
8108	124	1	1	0	Agent	-1	Jacques	1	Agent		-1	-1	2	sighed	[1, 2]	['sighed', 'and']	34	162	0	0	0	0	236	236	236	236	-1	-1	6	1	0
8112	124	1	1	0	Agent	-1	Jacques	1	Agent		-1	-1	2	sighed	[1, 2]	['sighed', 'and']	38	125	212	212	212	212	168	168	168	168	-1	-1	6	0	0
8113	124	1	1	0	Agent	-1	Jacques	1	Agent		-1	-1	2	sighed	[1, 2]	['sighed', 'and']	39	62	0	0	0	0	232	232	416	704	-1	-1	6	1	0
8119	124	3	1	1	Agent	-3	Jacques	1	Agent		-1	-3	4	tried	[3, 4]	['tried', 'to']	2	55	224	224	224	224	152	152	152	152	-3	-3	5	0	0
8128	124	3	1	1	Agent	-3	Jacques	1	Agent		-1	-3	4	tried	[3, 4]	['tried', 'to']	11	79	164	368	368	368	136	136	136	136	-3	-3	5	0	0
8133	124	3	1	1	Agent	-3	Jacques	1	Agent		-1	-3	4	tried	[3, 4]	['tried', 'to']	16	186	168	384	384	384	192	192	192	192	-3	-3	5	0	0
8137	124	3	1	1	Agent	-3	Jacques	1	Agent		-1	-3	4	tried	[3, 4]	['tried', 'to']	20	16	0	0	0	0	236	236	236	236	-3	-3	5	1	0
8140	124	3	1	1	Agent	-3	Jacques	1	Agent		-1	-3	4	tried	[3, 4]	['tried', 'to']	23	79	324	424	424	424	104	104	104	736	-3	-3	5	0	0
8146	124	3	1	1	Agent	-3	Jacques	1	Agent		-1	-3	4	tried	[3, 4]	['tried', 'to']	30	152	152	152	152	152	260	260	260	260	-3	-3	5	0	0
8147	124	3	1	1	Agent	-3	Jacques	1	Agent		-1	-3	4	tried	[3, 4]	['tried', 'to']	31	182	112	448	448	576	156	156	156	156	-3	-3	5	0	0
8159	124	3	1	1	Agent	-3	Jacques	1	Agent		-1	-3	4	tried	[3, 4]	['tried', 'to']	43	47	200	200	200	200	88	88	88	88	-3	-3	5	0	0
8160	124	5	1	1	Theme	-5	Jacques	1	Theme		-1	-5	6	move	[5, 6, 7]	['move', 'out', 'of']	1	187	204	616	616	616	212	212	212	344	-5	-5	4	0	0
8161	124	5	1	1	Theme	-5	Jacques	1	Theme		-1	-5	6	move	[5, 6, 7]	['move', 'out', 'of']	2	55	160	160	160	160	204	204	204	204	-5	-5	4	0	0
8162	124	5	1	1	Theme	-5	Jacques	1	Theme		-1	-5	6	move	[5, 6, 7]	['move', 'out', 'of']	3	45	168	328	328	328	188	188	188	188	-5	-5	4	0	0
8164	124	5	1	1	Theme	-5	Jacques	1	Theme		-1	-5	6	move	[5, 6, 7]	['move', 'out', 'of']	5	62	260	260	260	260	312	372	372	372	-5	-5	4	0	0
8166	124	5	1	1	Theme	-5	Jacques	1	Theme		-1	-5	6	move	[5, 6, 7]	['move', 'out', 'of']	7	164	124	124	124	124	172	172	172	172	-5	-5	4	0	0
8167	124	5	1	1	Theme	-5	Jacques	1	Theme		-1	-5	6	move	[5, 6, 7]	['move', 'out', 'of']	8	10	236	236	236	236	356	356	356	356	-5	-5	4	0	0
8169	124	5	1	1	Theme	-5	Jacques	1	Theme		-1	-5	6	move	[5, 6, 7]	['move', 'out', 'of']	10	105	152	152	152	152	176	176	176	176	-5	-5	4	0	0
8170	124	5	1	1	Theme	-5	Jacques	1	Theme		-1	-5	6	move	[5, 6, 7]	['move', 'out', 'of']	11	79	136	136	136	136	140	140	140	140	-5	-5	4	0	0
8171	124	5	1	1	Theme	-5	Jacques	1	Theme		-1	-5	6	move	[5, 6, 7]	['move', 'out', 'of']	12	138	248	248	248	248	136	136	136	136	-5	-5	4	0	0
8173	124	5	1	1	Theme	-5	Jacques	1	Theme		-1	-5	6	move	[5, 6, 7]	['move', 'out', 'of']	14	52	160	288	288	288	132	132	132	132	-5	-5	4	0	0
8174	124	5	1	1	Theme	-5	Jacques	1	Theme		-1	-5	6	move	[5, 6, 7]	['move', 'out', 'of']	15	94	0	0	0	0	172	172	172	172	-5	-5	4	1	0
8175	124	5	1	1	Theme	-5	Jacques	1	Theme		-1	-5	6	move	[5, 6, 7]	['move', 'out', 'of']	16	186	184	184	184	184	148	344	344	344	-5	-5	4	0	0
8178	124	5	1	1	Theme	-5	Jacques	1	Theme		-1	-5	6	move	[5, 6, 7]	['move', 'out', 'of']	19	5	180	180	180	180	236	236	236	236	-5	-5	4	0	0
8180	124	5	1	1	Theme	-5	Jacques	1	Theme		-1	-5	6	move	[5, 6, 7]	['move', 'out', 'of']	21	190	132	132	132	132	176	176	176	176	-5	-5	4	0	0
8182	124	5	1	1	Theme	-5	Jacques	1	Theme		-1	-5	6	move	[5, 6, 7]	['move', 'out', 'of']	23	79	240	240	240	240	192	192	192	192	-5	-5	4	0	0
8183	124	5	1	1	Theme	-5	Jacques	1	Theme		-1	-5	6	move	[5, 6, 7]	['move', 'out', 'of']	24	99	196	196	196	196	164	164	164	164	-5	-5	4	0	0
8186	124	5	1	1	Theme	-5	Jacques	1	Theme		-1	-5	6	move	[5, 6, 7]	['move', 'out', 'of']	28	16	208	208	208	208	192	192	192	192	-5	-5	4	0	0
8187	124	5	1	1	Theme	-5	Jacques	1	Theme		-1	-5	6	move	[5, 6, 7]	['move', 'out', 'of']	29	82	216	216	216	216	156	156	156	156	-5	-5	4	0	0
8188	124	5	1	1	Theme	-5	Jacques	1	Theme		-1	-5	6	move	[5, 6, 7]	['move', 'out', 'of']	30	152	100	100	100	100	232	232	232	232	-5	-5	4	0	0
8189	124	5	1	1	Theme	-5	Jacques	1	Theme		-1	-5	6	move	[5, 6, 7]	['move', 'out', 'of']	31	182	0	0	0	0	136	136	136	136	-5	-5	4	1	0
8190	124	5	1	1	Theme	-5	Jacques	1	Theme		-1	-5	6	move	[5, 6, 7]	['move', 'out', 'of']	32	76	272	272	272	272	212	212	212	212	-5	-5	4	0	0
8191	124	5	1	1	Theme	-5	Jacques	1	Theme		-1	-5	6	move	[5, 6, 7]	['move', 'out', 'of']	33	9	180	180	180	180	172	172	172	172	-5	-5	4	0	0
8192	124	5	1	1	Theme	-5	Jacques	1	Theme		-1	-5	6	move	[5, 6, 7]	['move', 'out', 'of']	34	162	260	260	260	260	260	260	260	260	-5	-5	4	0	0
8194	124	5	1	1	Theme	-5	Jacques	1	Theme		-1	-5	6	move	[5, 6, 7]	['move', 'out', 'of']	36	96	0	0	0	0	268	268	268	268	-5	-5	4	1	0
8195	124	5	1	1	Theme	-5	Jacques	1	Theme		-1	-5	6	move	[5, 6, 7]	['move', 'out', 'of']	37	138	216	216	216	216	160	160	160	160	-5	-5	4	0	0
8199	124	5	1	1	Theme	-5	Jacques	1	Theme		-1	-5	6	move	[5, 6, 7]	['move', 'out', 'of']	41	80	280	280	280	280	164	164	164	164	-5	-5	4	0	0
8200	124	5	1	1	Theme	-5	Jacques	1	Theme		-1	-5	6	move	[5, 6, 7]	['move', 'out', 'of']	42	47	0	0	0	0	252	252	252	1276	-5	-5	4	1	0
8201	124	5	1	1	Theme	-5	Jacques	1	Theme		-1	-5	6	move	[5, 6, 7]	['move', 'out', 'of']	43	47	0	0	0	0	140	140	140	140	-5	-5	4	1	0
8207	125	1	1	1	Agent	-1	Jamie	1	Agent		-1	-1	2	took	[1]	['took']	6	124	0	0	0	0	124	124	124	124	-1	-1	4	1	0
8216	125	1	1	1	Agent	-1	Jamie	1	Agent		-1	-1	2	took	[1]	['took']	16	60	304	304	304	304	116	116	116	116	-1	-1	4	0	0
8218	125	1	1	1	Agent	-1	Jamie	1	Agent		-1	-1	2	took	[1]	['took']	18	191	88	88	88	284	180	180	180	180	-1	-1	4	0	0
8226	125	1	1	1	Agent	-1	Jamie	1	Agent		-1	-1	2	took	[1]	['took']	27	51	276	468	468	468	180	180	180	180	-1	-1	4	0	0
8234	125	1	1	1	Agent	-1	Jamie	1	Agent		-1	-1	2	took	[1]	['took']	35	66	0	0	0	0	184	184	184	184	-1	-1	4	1	0
8243	125	5	1	2	Agent	-1	Andy	6	Agent		-1	-1	7	gave	[6]	['gave']	1	141	188	188	188	188	304	304	304	304	-1	-1	4	0	0
8244	125	5	1	2	Agent	-1	Andy	6	Agent		-1	-1	7	gave	[6]	['gave']	2	42	144	144	144	144	172	172	172	292	-1	-1	4	0	0
8245	125	5	1	2	Agent	-1	Andy	6	Agent		-1	-1	7	gave	[6]	['gave']	3	42	196	196	196	196	176	176	176	176	-1	-1	4	0	0
8249	125	5	1	2	Agent	-1	Andy	6	Agent		-1	-1	7	gave	[6]	['gave']	7	87	92	92	92	92	168	168	168	168	-1	-1	4	0	0
8251	125	5	1	2	Agent	-1	Andy	6	Agent		-1	-1	7	gave	[6]	['gave']	10	21	0	0	0	0	140	140	140	140	-1	-1	4	1	0
8253	125	5	1	2	Agent	-1	Andy	6	Agent		-1	-1	7	gave	[6]	['gave']	12	87	120	120	120	120	176	176	176	364	-1	-1	4	0	0
8254	125	5	1	2	Agent	-1	Andy	6	Agent		-1	-1	7	gave	[6]	['gave']	13	147	0	0	0	0	232	232	232	232	-1	-1	4	1	0
8256	125	5	1	2	Agent	-1	Andy	6	Agent		-1	-1	7	gave	[6]	['gave']	15	95	0	0	0	0	164	164	164	164	-1	-1	4	1	0
8257	125	5	1	2	Agent	-1	Andy	6	Agent		-1	-1	7	gave	[6]	['gave']	16	60	156	156	156	156	204	340	340	340	-1	-1	4	0	0
8260	125	5	1	2	Agent	-1	Andy	6	Agent		-1	-1	7	gave	[6]	['gave']	19	102	92	92	92	92	180	436	436	756	-1	-1	4	0	0
8261	125	5	1	2	Agent	-1	Andy	6	Agent		-1	-1	7	gave	[6]	['gave']	20	53	0	0	0	0	128	128	128	128	-1	-1	4	1	0
8262	125	5	1	2	Agent	-1	Andy	6	Agent		-1	-1	7	gave	[6]	['gave']	21	76	264	400	400	400	128	128	128	128	-1	-1	4	0	0
8263	125	5	1	2	Agent	-1	Andy	6	Agent		-1	-1	7	gave	[6]	['gave']	22	141	0	0	0	0	224	224	224	224	-1	-1	4	1	0
8264	125	5	1	2	Agent	-1	Andy	6	Agent		-1	-1	7	gave	[6]	['gave']	23	125	208	380	380	380	192	192	192	192	-1	-1	4	0	0
8266	125	5	1	2	Agent	-1	Andy	6	Agent		-1	-1	7	gave	[6]	['gave']	25	171	0	0	0	0	216	216	216	216	-1	-1	4	1	0
8267	125	5	1	2	Agent	-1	Andy	6	Agent		-1	-1	7	gave	[6]	['gave']	27	51	364	364	364	364	160	160	160	160	-1	-1	4	0	0
8269	125	5	1	2	Agent	-1	Andy	6	Agent		-1	-1	7	gave	[6]	['gave']	29	194	220	220	220	220	152	152	152	152	-1	-1	4	0	0
8270	125	5	1	2	Agent	-1	Andy	6	Agent		-1	-1	7	gave	[6]	['gave']	30	185	284	412	412	412	180	180	180	180	-1	-1	4	0	0
8271	125	5	1	2	Agent	-1	Andy	6	Agent		-1	-1	7	gave	[6]	['gave']	31	29	0	0	0	0	172	172	172	172	-1	-1	4	1	0
8273	125	5	1	2	Agent	-1	Andy	6	Agent		-1	-1	7	gave	[6]	['gave']	33	77	180	180	180	180	212	212	212	212	-1	-1	4	0	0
8274	125	5	1	2	Agent	-1	Andy	6	Agent		-1	-1	7	gave	[6]	['gave']	34	191	188	188	188	188	164	164	164	164	-1	-1	4	0	0
8278	125	5	1	2	Agent	-1	Andy	6	Agent		-1	-1	7	gave	[6]	['gave']	38	181	92	92	92	92	164	164	164	164	-1	-1	4	0	0
8279	125	5	1	2	Agent	-1	Andy	6	Agent		-1	-1	7	gave	[6]	['gave']	39	169	0	0	0	0	108	108	108	108	-1	-1	4	1	0
8282	125	5	1	2	Agent	-1	Andy	6	Agent		-1	-1	7	gave	[6]	['gave']	42	97	116	116	116	116	160	160	160	160	-1	-1	4	0	0
8284	126	1	1	1	Theme	-1	Joseph	1	Theme		-1	-1	2	walked	[1, 2]	['walked', 'into']	1	105	188	188	188	188	156	156	156	156	-1	-1	6	0	0
8285	126	1	1	1	Theme	-1	Joseph	1	Theme		-1	-1	2	walked	[1, 2]	['walked', 'into']	2	184	272	272	272	272	108	168	168	168	-1	-1	6	0	0
8286	126	1	1	1	Theme	-1	Joseph	1	Theme		-1	-1	2	walked	[1, 2]	['walked', 'into']	3	189	136	440	440	440	204	204	204	204	-1	-1	6	0	0
8290	126	1	1	1	Theme	-1	Joseph	1	Theme		-1	-1	2	walked	[1, 2]	['walked', 'into']	7	110	92	92	92	92	132	132	132	132	-1	-1	6	0	0
8291	126	1	1	1	Theme	-1	Joseph	1	Theme		-1	-1	2	walked	[1, 2]	['walked', 'into']	8	21	188	188	188	188	208	208	208	208	-1	-1	6	0	0
8292	126	1	1	1	Theme	-1	Joseph	1	Theme		-1	-1	2	walked	[1, 2]	['walked', 'into']	10	186	140	140	140	140	132	132	132	132	-1	-1	6	0	0
8293	126	1	1	1	Theme	-1	Joseph	1	Theme		-1	-1	2	walked	[1, 2]	['walked', 'into']	11	180	196	196	196	196	224	224	224	224	-1	-1	6	0	0
8294	126	1	1	1	Theme	-1	Joseph	1	Theme		-1	-1	2	walked	[1, 2]	['walked', 'into']	12	142	148	148	148	148	132	132	132	132	-1	-1	6	0	0
8295	126	1	1	1	Theme	-1	Joseph	1	Theme		-1	-1	2	walked	[1, 2]	['walked', 'into']	13	87	200	200	200	200	224	224	224	224	-1	-1	6	0	0
8296	126	1	1	1	Theme	-1	Joseph	1	Theme		-1	-1	2	walked	[1, 2]	['walked', 'into']	14	50	220	220	220	220	152	152	152	152	-1	-1	6	0	0
8297	126	1	1	1	Theme	-1	Joseph	1	Theme		-1	-1	2	walked	[1, 2]	['walked', 'into']	15	61	0	0	0	0	200	200	200	200	-1	-1	6	1	0
8298	126	1	1	1	Theme	-1	Joseph	1	Theme		-1	-1	2	walked	[1, 2]	['walked', 'into']	16	185	164	164	164	164	204	304	304	304	-1	-1	6	0	0
8299	126	1	1	1	Theme	-1	Joseph	1	Theme		-1	-1	2	walked	[1, 2]	['walked', 'into']	17	124	232	232	232	232	164	164	164	164	-1	-1	6	0	0
8301	126	1	1	1	Theme	-1	Joseph	1	Theme		-1	-1	2	walked	[1, 2]	['walked', 'into']	19	11	172	172	172	172	148	148	148	148	-1	-1	6	0	0
8305	126	1	1	1	Theme	-1	Joseph	1	Theme		-1	-1	2	walked	[1, 2]	['walked', 'into']	23	40	380	380	688	1128	200	200	200	200	-1	-1	6	0	0
8306	126	1	1	1	Theme	-1	Joseph	1	Theme		-1	-1	2	walked	[1, 2]	['walked', 'into']	24	180	160	160	160	160	192	192	192	192	-1	-1	6	0	0
8311	126	1	1	1	Theme	-1	Joseph	1	Theme		-1	-1	2	walked	[1, 2]	['walked', 'into']	30	51	164	320	320	320	316	316	316	316	-1	-1	6	0	0
8312	126	1	1	1	Theme	-1	Joseph	1	Theme		-1	-1	2	walked	[1, 2]	['walked', 'into']	31	102	228	228	228	228	100	100	100	100	-1	-1	6	0	0
8313	126	1	1	1	Theme	-1	Joseph	1	Theme		-1	-1	2	walked	[1, 2]	['walked', 'into']	32	2	208	208	208	208	220	220	220	220	-1	-1	6	0	0
8314	126	1	1	1	Theme	-1	Joseph	1	Theme		-1	-1	2	walked	[1, 2]	['walked', 'into']	33	114	108	140	140	140	96	96	96	96	-1	-1	6	0	0
8315	126	1	1	1	Theme	-1	Joseph	1	Theme		-1	-1	2	walked	[1, 2]	['walked', 'into']	34	182	0	0	0	0	300	408	408	408	-1	-1	6	1	0
8316	126	1	1	1	Theme	-1	Joseph	1	Theme		-1	-1	2	walked	[1, 2]	['walked', 'into']	35	120	156	156	156	156	152	152	152	152	-1	-1	6	0	0
8317	126	1	1	1	Theme	-1	Joseph	1	Theme		-1	-1	2	walked	[1, 2]	['walked', 'into']	36	181	164	164	164	164	160	160	160	160	-1	-1	6	0	0
8318	126	1	1	1	Theme	-1	Joseph	1	Theme		-1	-1	2	walked	[1, 2]	['walked', 'into']	37	56	240	240	436	680	228	228	228	228	-1	-1	6	0	0
8319	126	1	1	1	Theme	-1	Joseph	1	Theme		-1	-1	2	walked	[1, 2]	['walked', 'into']	38	152	244	244	244	244	212	212	212	212	-1	-1	6	0	0
8324	126	1	1	1	Theme	-1	Joseph	1	Theme		-1	-1	2	walked	[1, 2]	['walked', 'into']	43	70	80	80	80	80	172	172	172	172	-1	-1	6	0	0
8336	126	4	1	1	Agent	-4	Joseph	1	Agent		-1	-4	7	removed	[6]	['removed']	13	87	188	188	188	188	248	248	248	248	-4	-4	7	0	0
8337	126	4	1	1	Agent	-4	Joseph	1	Agent		-1	-4	7	removed	[6]	['removed']	14	50	228	228	228	228	156	156	156	156	-4	-4	7	0	0
8339	126	4	1	1	Agent	-4	Joseph	1	Agent		-1	-4	7	removed	[6]	['removed']	16	185	176	340	340	340	256	256	256	256	-4	-4	7	0	0
8340	126	4	1	1	Agent	-4	Joseph	1	Agent		-1	-4	7	removed	[6]	['removed']	17	124	72	236	236	236	1244	1244	1244	1244	-4	-4	7	0	0
8343	126	4	1	1	Agent	-4	Joseph	1	Agent		-1	-4	7	removed	[6]	['removed']	20	60	0	0	0	0	228	228	228	228	-4	-4	7	1	0
8350	126	4	1	1	Agent	-4	Joseph	1	Agent		-1	-4	7	removed	[6]	['removed']	28	17	0	0	0	0	148	148	148	148	-4	-4	7	1	0
8354	126	4	1	1	Agent	-4	Joseph	1	Agent		-1	-4	7	removed	[6]	['removed']	32	2	204	360	360	360	220	220	220	220	-4	-4	7	0	0
8355	126	4	1	1	Agent	-4	Joseph	1	Agent		-1	-4	7	removed	[6]	['removed']	33	114	160	308	308	308	184	184	184	184	-4	-4	7	0	0
8364	126	4	1	1	Agent	-4	Joseph	1	Agent		-1	-4	7	removed	[6]	['removed']	42	175	172	172	172	172	148	148	148	148	-4	-4	7	0	0
8366	127	3	1	0	Patient	-3	She	1	Patient		-1	-3	5	found	[4, 5]	['found', 'if']	1	204	0	0	0	0	180	180	180	180	-3	-3	5	1	0
8374	127	3	1	0	Patient	-3	She	1	Patient		-1	-3	5	found	[4, 5]	['found', 'if']	10	16	92	92	92	92	140	140	140	140	-3	-3	5	0	0
8385	127	3	1	0	Patient	-3	She	1	Patient		-1	-3	5	found	[4, 5]	['found', 'if']	21	14	132	132	132	132	124	124	124	124	-3	-3	5	0	0
8386	127	3	1	0	Patient	-3	She	1	Patient		-1	-3	5	found	[4, 5]	['found', 'if']	22	80	316	316	668	1264	200	200	200	200	-3	-3	5	0	0
8389	127	3	1	0	Patient	-3	She	1	Patient		-1	-3	5	found	[4, 5]	['found', 'if']	25	6	0	0	0	0	196	196	196	232	-3	-3	5	1	0
8393	127	3	1	0	Patient	-3	She	1	Patient		-1	-3	5	found	[4, 5]	['found', 'if']	30	179	208	208	208	208	260	260	260	260	-3	-3	5	0	0
8395	127	3	1	0	Patient	-3	She	1	Patient		-1	-3	5	found	[4, 5]	['found', 'if']	32	33	208	208	208	356	224	224	224	224	-3	-3	5	0	0
8398	127	3	1	0	Patient	-3	She	1	Patient		-1	-3	5	found	[4, 5]	['found', 'if']	35	171	388	388	608	1020	196	196	196	196	-3	-3	5	0	0
8402	127	3	1	0	Patient	-3	She	1	Patient		-1	-3	5	found	[4, 5]	['found', 'if']	39	1	0	0	0	0	156	156	156	156	-3	-3	5	1	0
8404	127	3	1	0	Patient	-3	She	1	Patient		-1	-3	5	found	[4, 5]	['found', 'if']	41	175	0	0	0	0	224	224	224	2040	-3	-3	5	1	0
8409	127	5	1	1	Agent	-1	she	7	Agent		-1	-1	8	tried	[7, 8]	['tried', 'to']	3	116	168	252	252	252	268	268	268	268	-1	-1	5	0	0
8412	127	5	1	1	Agent	-1	she	7	Agent		-1	-1	8	tried	[7, 8]	['tried', 'to']	6	97	172	172	172	172	216	216	216	216	-1	-1	5	0	0
8413	127	5	1	1	Agent	-1	she	7	Agent		-1	-1	8	tried	[7, 8]	['tried', 'to']	7	1	0	0	0	0	144	144	144	1132	-1	-1	5	1	0
8414	127	5	1	1	Agent	-1	she	7	Agent		-1	-1	8	tried	[7, 8]	['tried', 'to']	8	192	200	200	200	200	328	328	328	328	-1	-1	5	0	0
8415	127	5	1	1	Agent	-1	she	7	Agent		-1	-1	8	tried	[7, 8]	['tried', 'to']	10	16	132	132	132	132	120	120	120	120	-1	-1	5	0	0
8419	127	5	1	1	Agent	-1	she	7	Agent		-1	-1	8	tried	[7, 8]	['tried', 'to']	14	24	232	416	416	416	108	108	108	108	-1	-1	5	0	0
8420	127	5	1	1	Agent	-1	she	7	Agent		-1	-1	8	tried	[7, 8]	['tried', 'to']	15	96	132	132	132	132	364	364	364	616	-1	-1	5	0	0
8421	127	5	1	1	Agent	-1	she	7	Agent		-1	-1	8	tried	[7, 8]	['tried', 'to']	16	12	148	148	148	148	140	140	140	140	-1	-1	5	0	0
8423	127	5	1	1	Agent	-1	she	7	Agent		-1	-1	8	tried	[7, 8]	['tried', 'to']	18	113	0	0	0	0	288	288	288	288	-1	-1	5	1	0
8425	127	5	1	1	Agent	-1	she	7	Agent		-1	-1	8	tried	[7, 8]	['tried', 'to']	20	153	224	224	224	224	132	132	132	132	-1	-1	5	0	0
8428	127	5	1	1	Agent	-1	she	7	Agent		-1	-1	8	tried	[7, 8]	['tried', 'to']	23	191	84	84	300	1060	56	56	56	56	-1	-1	5	0	0
8430	127	5	1	1	Agent	-1	she	7	Agent		-1	-1	8	tried	[7, 8]	['tried', 'to']	25	6	128	128	128	128	152	152	152	152	-1	-1	5	0	0
8431	127	5	1	1	Agent	-1	she	7	Agent		-1	-1	8	tried	[7, 8]	['tried', 'to']	27	84	140	140	140	140	164	164	164	388	-1	-1	5	0	0
8435	127	5	1	1	Agent	-1	she	7	Agent		-1	-1	8	tried	[7, 8]	['tried', 'to']	31	21	156	156	156	248	148	148	148	148	-1	-1	5	0	0
8437	127	5	1	1	Agent	-1	she	7	Agent		-1	-1	8	tried	[7, 8]	['tried', 'to']	33	39	184	184	184	444	248	248	248	248	-1	-1	5	0	0
8443	127	5	1	1	Agent	-1	she	7	Agent		-1	-1	8	tried	[7, 8]	['tried', 'to']	39	1	96	96	96	96	184	184	184	1544	-1	-1	5	0	0
8489	128	2	1	0	Agent	-2	brothers	2	Agent		-1	-2	3	stood	[2, 3, 4]	['stood', 'up', 'and']	1	149	180	180	180	180	196	196	196	196	-2	-2	5	0	0
8491	128	2	1	0	Agent	-2	brothers	2	Agent		-1	-2	3	stood	[2, 3, 4]	['stood', 'up', 'and']	3	1	164	288	288	288	172	172	172	172	-2	-2	5	0	0
8493	128	2	1	0	Agent	-2	brothers	2	Agent		-1	-2	3	stood	[2, 3, 4]	['stood', 'up', 'and']	5	135	212	212	212	212	164	164	164	164	-2	-2	5	0	0
8494	128	2	1	0	Agent	-2	brothers	2	Agent		-1	-2	3	stood	[2, 3, 4]	['stood', 'up', 'and']	6	80	0	0	0	0	132	132	132	132	-2	-2	5	1	0
8498	128	2	1	0	Agent	-2	brothers	2	Agent		-1	-2	3	stood	[2, 3, 4]	['stood', 'up', 'and']	11	74	212	212	212	212	200	200	200	200	-2	-2	5	0	0
8503	128	2	1	0	Agent	-2	brothers	2	Agent		-1	-2	3	stood	[2, 3, 4]	['stood', 'up', 'and']	16	66	200	200	200	200	164	164	164	164	-2	-2	5	0	0
8505	128	2	1	0	Agent	-2	brothers	2	Agent		-1	-2	3	stood	[2, 3, 4]	['stood', 'up', 'and']	18	83	0	0	0	0	152	152	152	152	-2	-2	5	1	0
8506	128	2	1	0	Agent	-2	brothers	2	Agent		-1	-2	3	stood	[2, 3, 4]	['stood', 'up', 'and']	19	148	200	200	200	200	144	144	144	144	-2	-2	5	0	0
8511	128	2	1	0	Agent	-2	brothers	2	Agent		-1	-2	3	stood	[2, 3, 4]	['stood', 'up', 'and']	24	142	156	156	156	156	232	232	232	232	-2	-2	5	0	0
8516	128	2	1	0	Agent	-2	brothers	2	Agent		-1	-2	3	stood	[2, 3, 4]	['stood', 'up', 'and']	30	139	260	568	568	568	148	148	148	148	-2	-2	5	0	0
8517	128	2	1	0	Agent	-2	brothers	2	Agent		-1	-2	3	stood	[2, 3, 4]	['stood', 'up', 'and']	31	28	0	0	0	0	228	228	228	228	-2	-2	5	1	0
8518	128	2	1	0	Agent	-2	brothers	2	Agent		-1	-2	3	stood	[2, 3, 4]	['stood', 'up', 'and']	32	140	264	264	264	264	208	208	208	208	-2	-2	5	0	0
8521	128	2	1	0	Agent	-2	brothers	2	Agent		-1	-2	3	stood	[2, 3, 4]	['stood', 'up', 'and']	35	202	160	160	160	160	152	152	152	152	-2	-2	5	0	0
8523	128	2	1	0	Agent	-2	brothers	2	Agent		-1	-2	3	stood	[2, 3, 4]	['stood', 'up', 'and']	37	166	164	164	164	164	136	136	136	136	-2	-2	5	0	0
8526	128	2	1	0	Agent	-2	brothers	2	Agent		-1	-2	3	stood	[2, 3, 4]	['stood', 'up', 'and']	40	5	188	188	188	188	220	220	220	220	-2	-2	5	0	0
8530	128	4	1	1	Theme	-4	brothers	2	Theme		-1	-4	6	came	[5, 6, 7]	['came', 'down', 'from']	1	149	136	136	276	528	136	136	136	136	-4	-4	4	0	0
8532	128	4	1	1	Theme	-4	brothers	2	Theme		-1	-4	6	came	[5, 6, 7]	['came', 'down', 'from']	3	1	156	156	156	156	68	556	556	556	-4	-4	4	0	0
8534	128	4	1	1	Theme	-4	brothers	2	Theme		-1	-4	6	came	[5, 6, 7]	['came', 'down', 'from']	5	135	0	0	0	0	216	216	216	216	-4	-4	4	1	0
8536	128	4	1	1	Theme	-4	brothers	2	Theme		-1	-4	6	came	[5, 6, 7]	['came', 'down', 'from']	7	196	0	0	0	0	192	192	192	192	-4	-4	4	1	0
8537	128	4	1	1	Theme	-4	brothers	2	Theme		-1	-4	6	came	[5, 6, 7]	['came', 'down', 'from']	8	100	168	168	168	168	220	220	220	220	-4	-4	4	0	0
8538	128	4	1	1	Theme	-4	brothers	2	Theme		-1	-4	6	came	[5, 6, 7]	['came', 'down', 'from']	10	147	96	96	96	96	164	164	164	164	-4	-4	4	0	0
8542	128	4	1	1	Theme	-4	brothers	2	Theme		-1	-4	6	came	[5, 6, 7]	['came', 'down', 'from']	14	10	0	0	0	0	208	208	208	1092	-4	-4	4	1	0
8543	128	4	1	1	Theme	-4	brothers	2	Theme		-1	-4	6	came	[5, 6, 7]	['came', 'down', 'from']	15	59	0	0	0	0	260	320	320	320	-4	-4	4	1	0
8544	128	4	1	1	Theme	-4	brothers	2	Theme		-1	-4	6	came	[5, 6, 7]	['came', 'down', 'from']	16	66	184	184	184	184	188	188	188	188	-4	-4	4	0	0
8547	128	4	1	1	Theme	-4	brothers	2	Theme		-1	-4	6	came	[5, 6, 7]	['came', 'down', 'from']	19	148	156	156	156	156	180	180	180	180	-4	-4	4	0	0
8548	128	4	1	1	Theme	-4	brothers	2	Theme		-1	-4	6	came	[5, 6, 7]	['came', 'down', 'from']	20	133	144	144	144	144	144	144	144	144	-4	-4	4	0	0
8551	128	4	1	1	Theme	-4	brothers	2	Theme		-1	-4	6	came	[5, 6, 7]	['came', 'down', 'from']	23	41	152	460	460	460	112	112	112	112	-4	-4	4	0	0
8552	128	4	1	1	Theme	-4	brothers	2	Theme		-1	-4	6	came	[5, 6, 7]	['came', 'down', 'from']	24	142	172	172	172	172	192	192	192	192	-4	-4	4	0	0
8554	128	4	1	1	Theme	-4	brothers	2	Theme		-1	-4	6	came	[5, 6, 7]	['came', 'down', 'from']	27	97	0	0	0	0	440	612	768	3272	-4	-4	4	1	0
8555	128	4	1	1	Theme	-4	brothers	2	Theme		-1	-4	6	came	[5, 6, 7]	['came', 'down', 'from']	28	161	240	356	356	356	256	256	256	256	-4	-4	4	0	0
8556	128	4	1	1	Theme	-4	brothers	2	Theme		-1	-4	6	came	[5, 6, 7]	['came', 'down', 'from']	29	121	148	148	148	148	216	216	216	216	-4	-4	4	0	0
8557	128	4	1	1	Theme	-4	brothers	2	Theme		-1	-4	6	came	[5, 6, 7]	['came', 'down', 'from']	30	139	264	444	444	444	272	272	272	272	-4	-4	4	0	0
8559	128	4	1	1	Theme	-4	brothers	2	Theme		-1	-4	6	came	[5, 6, 7]	['came', 'down', 'from']	32	140	216	216	216	216	168	312	312	312	-4	-4	4	0	0
8562	128	4	1	1	Theme	-4	brothers	2	Theme		-1	-4	6	came	[5, 6, 7]	['came', 'down', 'from']	35	202	180	180	180	180	188	188	188	188	-4	-4	4	0	0
8564	128	4	1	1	Theme	-4	brothers	2	Theme		-1	-4	6	came	[5, 6, 7]	['came', 'down', 'from']	37	166	240	240	240	240	112	312	312	312	-4	-4	4	0	0
8567	128	4	1	1	Theme	-4	brothers	2	Theme		-1	-4	6	came	[5, 6, 7]	['came', 'down', 'from']	40	5	224	596	596	596	184	184	184	184	-4	-4	4	0	0
8568	128	4	1	1	Theme	-4	brothers	2	Theme		-1	-4	6	came	[5, 6, 7]	['came', 'down', 'from']	41	72	224	224	224	856	148	148	148	148	-4	-4	4	0	0
8571	129	2	1	2	Theme	-2	Anthony	1	Theme		-1	-2	3	approached	[2, 3]	['approached,', 'just']	1	168	144	144	396	560	184	184	184	184	-2	-2	10	0	0
8572	129	2	1	2	Theme	-2	Anthony	1	Theme		-1	-2	3	approached	[2, 3]	['approached,', 'just']	2	182	232	232	232	232	252	252	252	252	-2	-2	10	0	0
8573	129	2	1	2	Theme	-2	Anthony	1	Theme		-1	-2	3	approached	[2, 3]	['approached,', 'just']	3	131	136	136	288	484	188	188	188	188	-2	-2	10	0	0
8574	129	2	1	2	Theme	-2	Anthony	1	Theme		-1	-2	3	approached	[2, 3]	['approached,', 'just']	4	168	280	472	472	696	192	192	192	192	-2	-2	10	0	0
8575	129	2	1	2	Theme	-2	Anthony	1	Theme		-1	-2	3	approached	[2, 3]	['approached,', 'just']	5	156	0	0	0	0	368	368	368	368	-2	-2	10	1	0
8576	129	2	1	2	Theme	-2	Anthony	1	Theme		-1	-2	3	approached	[2, 3]	['approached,', 'just']	6	26	192	192	192	192	332	332	332	332	-2	-2	10	0	0
8578	129	2	1	2	Theme	-2	Anthony	1	Theme		-1	-2	3	approached	[2, 3]	['approached,', 'just']	8	85	160	160	160	160	148	148	148	148	-2	-2	10	0	0
8579	129	2	1	2	Theme	-2	Anthony	1	Theme		-1	-2	3	approached	[2, 3]	['approached,', 'just']	10	134	152	308	308	308	128	128	128	128	-2	-2	10	0	0
8580	129	2	1	2	Theme	-2	Anthony	1	Theme		-1	-2	3	approached	[2, 3]	['approached,', 'just']	11	142	140	140	140	140	136	136	248	424	-2	-2	10	0	0
8581	129	2	1	2	Theme	-2	Anthony	1	Theme		-1	-2	3	approached	[2, 3]	['approached,', 'just']	12	144	140	296	296	296	188	188	188	188	-2	-2	10	0	0
8582	129	2	1	2	Theme	-2	Anthony	1	Theme		-1	-2	3	approached	[2, 3]	['approached,', 'just']	13	109	204	204	204	204	132	132	132	132	-2	-2	10	0	0
8583	129	2	1	2	Theme	-2	Anthony	1	Theme		-1	-2	3	approached	[2, 3]	['approached,', 'just']	14	36	156	156	156	156	184	184	184	184	-2	-2	10	0	0
8585	129	2	1	2	Theme	-2	Anthony	1	Theme		-1	-2	3	approached	[2, 3]	['approached,', 'just']	16	67	204	268	268	268	156	328	328	328	-2	-2	10	0	0
8586	129	2	1	2	Theme	-2	Anthony	1	Theme		-1	-2	3	approached	[2, 3]	['approached,', 'just']	17	118	188	188	188	188	180	180	180	180	-2	-2	10	0	0
8588	129	2	1	2	Theme	-2	Anthony	1	Theme		-1	-2	3	approached	[2, 3]	['approached,', 'just']	19	54	148	360	360	360	180	180	180	180	-2	-2	10	0	0
8590	129	2	1	2	Theme	-2	Anthony	1	Theme		-1	-2	3	approached	[2, 3]	['approached,', 'just']	21	25	212	212	212	212	196	196	196	196	-2	-2	10	0	0
8591	129	2	1	2	Theme	-2	Anthony	1	Theme		-1	-2	3	approached	[2, 3]	['approached,', 'just']	22	94	216	216	216	216	320	320	320	320	-2	-2	10	0	0
8592	129	2	1	2	Theme	-2	Anthony	1	Theme		-1	-2	3	approached	[2, 3]	['approached,', 'just']	23	172	352	352	352	352	192	192	192	192	-2	-2	10	0	0
8593	129	2	1	2	Theme	-2	Anthony	1	Theme		-1	-2	3	approached	[2, 3]	['approached,', 'just']	24	120	164	448	448	816	204	204	204	204	-2	-2	10	0	0
8595	129	2	1	2	Theme	-2	Anthony	1	Theme		-1	-2	3	approached	[2, 3]	['approached,', 'just']	27	89	236	424	424	424	252	252	252	252	-2	-2	10	0	0
8596	129	2	1	2	Theme	-2	Anthony	1	Theme		-1	-2	3	approached	[2, 3]	['approached,', 'just']	28	120	296	432	432	432	456	456	456	456	-2	-2	10	0	0
8597	129	2	1	2	Theme	-2	Anthony	1	Theme		-1	-2	3	approached	[2, 3]	['approached,', 'just']	29	150	144	316	316	316	260	260	260	260	-2	-2	10	0	0
8598	129	2	1	2	Theme	-2	Anthony	1	Theme		-1	-2	3	approached	[2, 3]	['approached,', 'just']	30	34	292	292	668	1512	220	220	220	220	-2	-2	10	0	0
8600	129	2	1	2	Theme	-2	Anthony	1	Theme		-1	-2	3	approached	[2, 3]	['approached,', 'just']	32	11	192	452	452	452	204	204	204	204	-2	-2	10	0	0
8601	129	2	1	2	Theme	-2	Anthony	1	Theme		-1	-2	3	approached	[2, 3]	['approached,', 'just']	33	93	184	184	184	232	136	136	136	136	-2	-2	10	0	0
8602	129	2	1	2	Theme	-2	Anthony	1	Theme		-1	-2	3	approached	[2, 3]	['approached,', 'just']	34	10	260	260	260	260	144	144	144	144	-2	-2	10	0	0
8603	129	2	1	2	Theme	-2	Anthony	1	Theme		-1	-2	3	approached	[2, 3]	['approached,', 'just']	35	155	144	300	300	300	196	196	196	196	-2	-2	10	0	0
8604	129	2	1	2	Theme	-2	Anthony	1	Theme		-1	-2	3	approached	[2, 3]	['approached,', 'just']	36	119	224	224	224	224	164	164	164	164	-2	-2	10	0	0
8605	129	2	1	2	Theme	-2	Anthony	1	Theme		-1	-2	3	approached	[2, 3]	['approached,', 'just']	37	46	192	568	568	568	252	320	460	1004	-2	-2	10	0	0
8609	129	2	1	2	Theme	-2	Anthony	1	Theme		-1	-2	3	approached	[2, 3]	['approached,', 'just']	41	38	332	332	332	416	200	200	200	200	-2	-2	10	0	0
8611	129	2	1	2	Theme	-2	Anthony	1	Theme		-1	-2	3	approached	[2, 3]	['approached,', 'just']	43	185	216	216	424	628	176	176	176	176	-2	-2	10	0	0
8646	129	5	2	0	Agent	-1	he	6	Participant	as	5	-2	8	predicted	[7, 8]	['predicted,', 'in']	37	46	200	360	360	360	156	156	156	552	-1	-2	9	0	0
8650	129	5	2	0	Agent	-1	he	6	Participant	as	5	-2	8	predicted	[7, 8]	['predicted,', 'in']	41	38	176	176	176	392	144	144	144	144	-1	-2	9	0	0
8653	131	1	1	1	Agent	-1	He	1	Agent		-1	-1	2	called	[1]	['called']	1	115	180	180	180	180	204	504	504	504	-1	-1	6	0	0
8654	131	1	1	1	Agent	-1	He	1	Agent		-1	-1	2	called	[1]	['called']	2	90	172	172	172	172	120	120	120	120	-1	-1	6	0	0
8655	131	1	1	1	Agent	-1	He	1	Agent		-1	-1	2	called	[1]	['called']	3	154	340	520	520	520	204	204	204	204	-1	-1	6	0	0
8657	131	1	1	1	Agent	-1	He	1	Agent		-1	-1	2	called	[1]	['called']	5	173	0	0	0	0	364	500	500	728	-1	-1	6	1	0
8659	131	1	1	1	Agent	-1	He	1	Agent		-1	-1	2	called	[1]	['called']	7	97	128	220	220	220	84	84	84	84	-1	-1	6	0	0
8660	131	1	1	1	Agent	-1	He	1	Agent		-1	-1	2	called	[1]	['called']	8	142	252	252	252	252	184	184	184	256	-1	-1	6	0	0
8661	131	1	1	1	Agent	-1	He	1	Agent		-1	-1	2	called	[1]	['called']	10	17	232	348	348	348	180	180	180	180	-1	-1	6	0	0
8662	131	1	1	1	Agent	-1	He	1	Agent		-1	-1	2	called	[1]	['called']	11	141	156	156	156	156	244	244	244	244	-1	-1	6	0	0
8663	131	1	1	1	Agent	-1	He	1	Agent		-1	-1	2	called	[1]	['called']	12	136	164	164	164	164	108	108	108	108	-1	-1	6	0	0
8664	131	1	1	1	Agent	-1	He	1	Agent		-1	-1	2	called	[1]	['called']	13	99	180	180	180	180	104	104	104	104	-1	-1	6	0	0
8665	131	1	1	1	Agent	-1	He	1	Agent		-1	-1	2	called	[1]	['called']	14	184	556	916	916	916	180	180	180	180	-1	-1	6	0	0
8667	131	1	1	1	Agent	-1	He	1	Agent		-1	-1	2	called	[1]	['called']	16	107	284	500	500	500	164	308	308	308	-1	-1	6	0	0
8668	131	1	1	1	Agent	-1	He	1	Agent		-1	-1	2	called	[1]	['called']	17	55	336	336	336	336	244	244	244	244	-1	-1	6	0	0
8669	131	1	1	1	Agent	-1	He	1	Agent		-1	-1	2	called	[1]	['called']	18	174	316	316	316	316	156	156	156	156	-1	-1	6	0	0
8670	131	1	1	1	Agent	-1	He	1	Agent		-1	-1	2	called	[1]	['called']	19	139	136	136	136	136	264	264	264	264	-1	-1	6	0	0
8671	131	1	1	1	Agent	-1	He	1	Agent		-1	-1	2	called	[1]	['called']	20	74	236	376	376	376	204	204	204	204	-1	-1	6	0	0
8672	131	1	1	1	Agent	-1	He	1	Agent		-1	-1	2	called	[1]	['called']	21	170	216	328	328	328	128	128	128	128	-1	-1	6	0	0
8673	131	1	1	1	Agent	-1	He	1	Agent		-1	-1	2	called	[1]	['called']	22	153	284	716	716	716	336	336	336	336	-1	-1	6	0	0
8674	131	1	1	1	Agent	-1	He	1	Agent		-1	-1	2	called	[1]	['called']	23	146	100	348	348	348	136	524	524	524	-1	-1	6	0	0
8675	131	1	1	1	Agent	-1	He	1	Agent		-1	-1	2	called	[1]	['called']	24	141	140	140	140	140	300	300	300	300	-1	-1	6	0	0
8676	131	1	1	1	Agent	-1	He	1	Agent		-1	-1	2	called	[1]	['called']	25	78	264	264	264	264	288	340	340	340	-1	-1	6	0	0
8677	131	1	1	1	Agent	-1	He	1	Agent		-1	-1	2	called	[1]	['called']	27	189	124	336	336	336	236	236	236	416	-1	-1	6	0	0
8678	131	1	1	1	Agent	-1	He	1	Agent		-1	-1	2	called	[1]	['called']	28	121	360	512	512	512	240	376	376	376	-1	-1	6	0	0
8679	131	1	1	1	Agent	-1	He	1	Agent		-1	-1	2	called	[1]	['called']	29	26	0	0	0	0	232	232	632	1152	-1	-1	6	1	0
8680	131	1	1	1	Agent	-1	He	1	Agent		-1	-1	2	called	[1]	['called']	30	28	300	540	540	540	464	464	464	464	-1	-1	6	0	0
8681	131	1	1	1	Agent	-1	He	1	Agent		-1	-1	2	called	[1]	['called']	31	92	312	312	312	312	156	156	156	156	-1	-1	6	0	0
8682	131	1	1	1	Agent	-1	He	1	Agent		-1	-1	2	called	[1]	['called']	32	113	408	948	948	948	316	316	316	316	-1	-1	6	0	0
8683	131	1	1	1	Agent	-1	He	1	Agent		-1	-1	2	called	[1]	['called']	33	167	188	188	188	188	60	60	280	600	-1	-1	6	0	0
8684	131	1	1	1	Agent	-1	He	1	Agent		-1	-1	2	called	[1]	['called']	34	196	216	216	216	216	168	168	168	168	-1	-1	6	0	0
8685	131	1	1	1	Agent	-1	He	1	Agent		-1	-1	2	called	[1]	['called']	35	61	140	140	140	140	176	176	176	176	-1	-1	6	0	0
8687	131	1	1	1	Agent	-1	He	1	Agent		-1	-1	2	called	[1]	['called']	37	163	156	156	156	156	176	412	412	412	-1	-1	6	0	0
8688	131	1	1	1	Agent	-1	He	1	Agent		-1	-1	2	called	[1]	['called']	38	109	268	384	384	384	208	208	208	208	-1	-1	6	0	0
8689	131	1	1	1	Agent	-1	He	1	Agent		-1	-1	2	called	[1]	['called']	39	33	0	0	0	0	280	280	280	404	-1	-1	6	1	0
8692	131	1	1	1	Agent	-1	He	1	Agent		-1	-1	2	called	[1]	['called']	42	191	136	136	136	136	212	312	312	312	-1	-1	6	0	0
8693	131	1	1	1	Agent	-1	He	1	Agent		-1	-1	2	called	[1]	['called']	43	2	140	140	140	140	244	244	244	244	-1	-1	6	0	0
8695	131	5	1	1	Agent	-1	I	5	Agent		-1	-1	7	arranged	[6, 7]	['arranged', 'to']	2	90	152	152	152	152	156	156	156	156	-1	-1	8	0	0
8702	131	5	1	1	Agent	-1	I	5	Agent		-1	-1	7	arranged	[6, 7]	['arranged', 'to']	10	17	228	228	228	228	52	52	52	52	-1	-1	8	0	0
8707	131	5	1	1	Agent	-1	I	5	Agent		-1	-1	7	arranged	[6, 7]	['arranged', 'to']	15	42	0	0	0	0	136	136	136	136	-1	-1	8	1	0
8708	131	5	1	1	Agent	-1	I	5	Agent		-1	-1	7	arranged	[6, 7]	['arranged', 'to']	16	107	204	204	204	204	152	152	152	152	-1	-1	8	0	0
8712	131	5	1	1	Agent	-1	I	5	Agent		-1	-1	7	arranged	[6, 7]	['arranged', 'to']	20	74	128	128	128	128	148	148	148	148	-1	-1	8	0	0
8720	131	5	1	1	Agent	-1	I	5	Agent		-1	-1	7	arranged	[6, 7]	['arranged', 'to']	29	26	196	196	196	364	188	188	188	188	-1	-1	8	0	0
8724	131	5	1	1	Agent	-1	I	5	Agent		-1	-1	7	arranged	[6, 7]	['arranged', 'to']	33	167	332	332	332	332	172	172	172	172	-1	-1	8	0	0
8735	131	7	1	1	Agent	-3	I	5	Agent		-1	-3	9	go	[8]	['go']	1	115	496	496	496	496	192	192	192	192	-3	-3	2	0	0
8736	131	7	1	1	Agent	-3	I	5	Agent		-1	-3	9	go	[8]	['go']	2	90	0	0	0	0	224	224	224	224	-3	-3	2	1	0
8737	131	7	1	1	Agent	-3	I	5	Agent		-1	-3	9	go	[8]	['go']	3	154	136	552	552	552	144	144	144	144	-3	-3	2	0	0
8738	131	7	1	1	Agent	-3	I	5	Agent		-1	-3	9	go	[8]	['go']	4	108	0	0	0	0	272	428	428	428	-3	-3	2	1	0
8739	131	7	1	1	Agent	-3	I	5	Agent		-1	-3	9	go	[8]	['go']	5	173	0	0	0	0	172	756	756	756	-3	-3	2	1	0
8740	131	7	1	1	Agent	-3	I	5	Agent		-1	-3	9	go	[8]	['go']	6	151	0	0	0	0	280	280	280	564	-3	-3	2	1	0
8741	131	7	1	1	Agent	-3	I	5	Agent		-1	-3	9	go	[8]	['go']	7	97	0	0	0	0	160	316	316	316	-3	-3	2	1	0
8742	131	7	1	1	Agent	-3	I	5	Agent		-1	-3	9	go	[8]	['go']	8	142	0	0	0	0	140	140	340	816	-3	-3	2	1	0
8743	131	7	1	1	Agent	-3	I	5	Agent		-1	-3	9	go	[8]	['go']	10	17	0	0	0	0	156	156	156	156	-3	-3	2	1	0
8744	131	7	1	1	Agent	-3	I	5	Agent		-1	-3	9	go	[8]	['go']	11	141	0	0	0	0	148	284	284	284	-3	-3	2	1	0
8745	131	7	1	1	Agent	-3	I	5	Agent		-1	-3	9	go	[8]	['go']	12	136	244	244	244	244	232	232	232	232	-3	-3	2	0	0
8747	131	7	1	1	Agent	-3	I	5	Agent		-1	-3	9	go	[8]	['go']	14	184	0	0	0	0	256	256	256	256	-3	-3	2	1	0
8748	131	7	1	1	Agent	-3	I	5	Agent		-1	-3	9	go	[8]	['go']	15	42	0	0	0	0	172	172	172	172	-3	-3	2	1	0
8749	131	7	1	1	Agent	-3	I	5	Agent		-1	-3	9	go	[8]	['go']	16	107	0	0	0	0	176	576	576	576	-3	-3	2	1	0
8750	131	7	1	1	Agent	-3	I	5	Agent		-1	-3	9	go	[8]	['go']	17	55	0	0	0	0	188	188	188	188	-3	-3	2	1	0
8751	131	7	1	1	Agent	-3	I	5	Agent		-1	-3	9	go	[8]	['go']	18	174	0	0	0	0	232	232	232	232	-3	-3	2	1	0
8752	131	7	1	1	Agent	-3	I	5	Agent		-1	-3	9	go	[8]	['go']	19	139	192	192	192	192	72	72	172	940	-3	-3	2	0	0
8753	131	7	1	1	Agent	-3	I	5	Agent		-1	-3	9	go	[8]	['go']	20	74	0	0	0	0	200	200	200	200	-3	-3	2	1	0
8754	131	7	1	1	Agent	-3	I	5	Agent		-1	-3	9	go	[8]	['go']	21	170	0	0	0	0	164	328	328	328	-3	-3	2	1	0
8755	131	7	1	1	Agent	-3	I	5	Agent		-1	-3	9	go	[8]	['go']	22	153	0	0	0	0	204	472	472	472	-3	-3	2	1	0
8756	131	7	1	1	Agent	-3	I	5	Agent		-1	-3	9	go	[8]	['go']	23	146	0	0	0	0	248	492	492	492	-3	-3	2	1	0
8757	131	7	1	1	Agent	-3	I	5	Agent		-1	-3	9	go	[8]	['go']	24	141	0	0	0	0	156	156	156	156	-3	-3	2	1	0
8758	131	7	1	1	Agent	-3	I	5	Agent		-1	-3	9	go	[8]	['go']	25	78	0	0	0	0	204	356	356	356	-3	-3	2	1	0
8759	131	7	1	1	Agent	-3	I	5	Agent		-1	-3	9	go	[8]	['go']	27	189	0	0	0	0	264	388	388	388	-3	-3	2	1	0
8760	131	7	1	1	Agent	-3	I	5	Agent		-1	-3	9	go	[8]	['go']	28	121	0	0	0	0	240	528	528	528	-3	-3	2	1	0
8761	131	7	1	1	Agent	-3	I	5	Agent		-1	-3	9	go	[8]	['go']	29	26	0	0	0	0	196	196	196	196	-3	-3	2	1	0
8762	131	7	1	1	Agent	-3	I	5	Agent		-1	-3	9	go	[8]	['go']	30	28	0	0	0	0	208	208	208	208	-3	-3	2	1	0
8763	131	7	1	1	Agent	-3	I	5	Agent		-1	-3	9	go	[8]	['go']	31	92	0	0	0	0	168	168	168	168	-3	-3	2	1	0
8764	131	7	1	1	Agent	-3	I	5	Agent		-1	-3	9	go	[8]	['go']	32	113	228	228	228	228	200	380	380	380	-3	-3	2	0	0
8765	131	7	1	1	Agent	-3	I	5	Agent		-1	-3	9	go	[8]	['go']	33	167	204	204	204	204	136	136	136	136	-3	-3	2	0	0
8766	131	7	1	1	Agent	-3	I	5	Agent		-1	-3	9	go	[8]	['go']	34	196	0	0	0	0	1080	1080	1080	1080	-3	-3	2	1	0
8767	131	7	1	1	Agent	-3	I	5	Agent		-1	-3	9	go	[8]	['go']	35	61	212	212	212	212	216	216	216	216	-3	-3	2	0	0
8769	131	7	1	1	Agent	-3	I	5	Agent		-1	-3	9	go	[8]	['go']	37	163	0	0	0	0	196	448	448	448	-3	-3	2	1	0
8770	131	7	1	1	Agent	-3	I	5	Agent		-1	-3	9	go	[8]	['go']	38	109	0	0	0	0	236	424	424	424	-3	-3	2	1	0
8771	131	7	1	1	Agent	-3	I	5	Agent		-1	-3	9	go	[8]	['go']	39	33	0	0	0	0	172	296	296	296	-3	-3	2	1	0
8773	131	7	1	1	Agent	-3	I	5	Agent		-1	-3	9	go	[8]	['go']	41	120	0	0	0	0	200	444	444	444	-3	-3	2	1	0
8774	131	7	1	1	Agent	-3	I	5	Agent		-1	-3	9	go	[8]	['go']	42	191	220	220	220	220	156	156	156	156	-3	-3	2	0	0
8775	131	7	1	1	Agent	-3	I	5	Agent		-1	-3	9	go	[8]	['go']	43	2	184	184	184	184	160	160	160	160	-3	-3	2	0	0
8776	131	8	1	0	Theme	-4	I	5	Theme		-1	-4	10	swimming	[9]	['swimming']	1	115	192	192	192	192	336	336	336	336	-4	-4	8	0	0
8777	131	8	1	0	Theme	-4	I	5	Theme		-1	-4	10	swimming	[9]	['swimming']	2	90	224	224	224	224	124	124	196	624	-4	-4	8	0	0
8778	131	8	1	0	Theme	-4	I	5	Theme		-1	-4	10	swimming	[9]	['swimming']	3	154	144	144	144	144	104	104	104	104	-4	-4	8	0	0
8779	131	8	1	0	Theme	-4	I	5	Theme		-1	-4	10	swimming	[9]	['swimming']	4	108	272	428	428	428	148	148	148	656	-4	-4	8	0	0
8780	131	8	1	0	Theme	-4	I	5	Theme		-1	-4	10	swimming	[9]	['swimming']	5	173	172	756	756	756	272	272	272	416	-4	-4	8	0	0
8782	131	8	1	0	Theme	-4	I	5	Theme		-1	-4	10	swimming	[9]	['swimming']	7	97	160	316	316	316	124	124	396	1796	-4	-4	8	0	0
8783	131	8	1	0	Theme	-4	I	5	Theme		-1	-4	10	swimming	[9]	['swimming']	8	142	140	140	340	816	280	280	540	2368	-4	-4	8	0	0
8784	131	8	1	0	Theme	-4	I	5	Theme		-1	-4	10	swimming	[9]	['swimming']	10	17	156	156	156	156	160	364	364	2084	-4	-4	8	0	0
8785	131	8	1	0	Theme	-4	I	5	Theme		-1	-4	10	swimming	[9]	['swimming']	11	141	148	284	284	284	196	196	196	732	-4	-4	8	0	0
8786	131	8	1	0	Theme	-4	I	5	Theme		-1	-4	10	swimming	[9]	['swimming']	12	136	232	232	232	232	148	148	148	1628	-4	-4	8	0	0
8787	131	8	1	0	Theme	-4	I	5	Theme		-1	-4	10	swimming	[9]	['swimming']	13	99	0	0	0	0	232	232	568	804	-4	-4	8	1	0
8788	131	8	1	0	Theme	-4	I	5	Theme		-1	-4	10	swimming	[9]	['swimming']	14	184	256	256	256	256	236	236	236	236	-4	-4	8	0	0
8789	131	8	1	0	Theme	-4	I	5	Theme		-1	-4	10	swimming	[9]	['swimming']	15	42	172	172	172	172	64	64	64	1404	-4	-4	8	0	0
8790	131	8	1	0	Theme	-4	I	5	Theme		-1	-4	10	swimming	[9]	['swimming']	16	107	176	576	576	576	260	260	476	1804	-4	-4	8	0	0
8791	131	8	1	0	Theme	-4	I	5	Theme		-1	-4	10	swimming	[9]	['swimming']	17	55	188	188	188	188	368	368	368	368	-4	-4	8	0	0
8792	131	8	1	0	Theme	-4	I	5	Theme		-1	-4	10	swimming	[9]	['swimming']	18	174	232	232	232	232	104	104	104	104	-4	-4	8	0	0
8793	131	8	1	0	Theme	-4	I	5	Theme		-1	-4	10	swimming	[9]	['swimming']	19	139	72	72	172	940	204	204	320	1564	-4	-4	8	0	0
8794	131	8	1	0	Theme	-4	I	5	Theme		-1	-4	10	swimming	[9]	['swimming']	20	74	200	200	200	200	192	192	192	1280	-4	-4	8	0	0
8795	131	8	1	0	Theme	-4	I	5	Theme		-1	-4	10	swimming	[9]	['swimming']	21	170	164	328	328	328	268	268	268	268	-4	-4	8	0	0
8796	131	8	1	0	Theme	-4	I	5	Theme		-1	-4	10	swimming	[9]	['swimming']	22	153	204	472	472	472	168	168	168	556	-4	-4	8	0	0
8797	131	8	1	0	Theme	-4	I	5	Theme		-1	-4	10	swimming	[9]	['swimming']	23	146	248	492	492	492	688	688	840	2204	-4	-4	8	0	0
8798	131	8	1	0	Theme	-4	I	5	Theme		-1	-4	10	swimming	[9]	['swimming']	24	141	156	156	156	156	128	128	348	1680	-4	-4	8	0	0
8799	131	8	1	0	Theme	-4	I	5	Theme		-1	-4	10	swimming	[9]	['swimming']	25	78	204	356	356	356	272	272	272	892	-4	-4	8	0	0
8800	131	8	1	0	Theme	-4	I	5	Theme		-1	-4	10	swimming	[9]	['swimming']	27	189	264	388	388	388	284	284	284	436	-4	-4	8	0	0
8801	131	8	1	0	Theme	-4	I	5	Theme		-1	-4	10	swimming	[9]	['swimming']	28	121	240	528	528	528	436	436	436	436	-4	-4	8	0	0
8802	131	8	1	0	Theme	-4	I	5	Theme		-1	-4	10	swimming	[9]	['swimming']	29	26	196	196	196	196	168	356	356	504	-4	-4	8	0	0
8803	131	8	1	0	Theme	-4	I	5	Theme		-1	-4	10	swimming	[9]	['swimming']	30	28	208	208	208	208	188	188	188	772	-4	-4	8	0	0
8805	131	8	1	0	Theme	-4	I	5	Theme		-1	-4	10	swimming	[9]	['swimming']	32	113	200	380	380	380	484	484	484	484	-4	-4	8	0	0
8806	131	8	1	0	Theme	-4	I	5	Theme		-1	-4	10	swimming	[9]	['swimming']	33	167	136	136	136	136	176	176	176	408	-4	-4	8	0	0
8807	131	8	1	0	Theme	-4	I	5	Theme		-1	-4	10	swimming	[9]	['swimming']	34	196	1080	1080	1080	1080	1008	1008	1008	1008	-4	-4	8	0	0
8808	131	8	1	0	Theme	-4	I	5	Theme		-1	-4	10	swimming	[9]	['swimming']	35	61	216	216	216	216	188	188	188	396	-4	-4	8	0	0
8809	131	8	1	0	Theme	-4	I	5	Theme		-1	-4	10	swimming	[9]	['swimming']	36	147	0	0	0	0	276	276	276	276	-4	-4	8	1	0
8810	131	8	1	0	Theme	-4	I	5	Theme		-1	-4	10	swimming	[9]	['swimming']	37	163	196	448	448	448	340	340	340	428	-4	-4	8	0	0
8811	131	8	1	0	Theme	-4	I	5	Theme		-1	-4	10	swimming	[9]	['swimming']	38	109	236	424	424	424	256	256	256	256	-4	-4	8	0	0
8812	131	8	1	0	Theme	-4	I	5	Theme		-1	-4	10	swimming	[9]	['swimming']	39	33	172	296	296	296	92	92	92	768	-4	-4	8	0	0
8813	131	8	1	0	Theme	-4	I	5	Theme		-1	-4	10	swimming	[9]	['swimming']	40	138	0	0	0	0	220	220	220	360	-4	-4	8	1	0
8814	131	8	1	0	Theme	-4	I	5	Theme		-1	-4	10	swimming	[9]	['swimming']	41	120	200	444	444	444	160	288	288	872	-4	-4	8	0	0
8815	131	8	1	0	Theme	-4	I	5	Theme		-1	-4	10	swimming	[9]	['swimming']	42	191	156	156	156	156	332	332	332	532	-4	-4	8	0	0
8816	131	8	1	0	Theme	-4	I	5	Theme		-1	-4	10	swimming	[9]	['swimming']	43	2	160	160	160	160	296	296	296	480	-4	-4	8	0	0
8817	132	1	1	2	Agent	-1	He	1	Agent		-1	-1	2	drove	[1]	['drove']	1	130	252	424	424	424	152	152	152	152	-1	-1	5	0	0
8818	132	1	1	2	Agent	-1	He	1	Agent		-1	-1	2	drove	[1]	['drove']	2	129	80	80	80	80	96	96	96	96	-1	-1	5	0	0
8819	132	1	1	2	Agent	-1	He	1	Agent		-1	-1	2	drove	[1]	['drove']	3	140	228	440	440	440	144	316	316	316	-1	-1	5	0	0
8824	132	1	1	2	Agent	-1	He	1	Agent		-1	-1	2	drove	[1]	['drove']	8	161	308	308	308	308	200	200	200	200	-1	-1	5	0	0
8826	132	1	1	2	Agent	-1	He	1	Agent		-1	-1	2	drove	[1]	['drove']	11	8	140	140	140	140	156	156	156	156	-1	-1	5	0	0
8827	132	1	1	2	Agent	-1	He	1	Agent		-1	-1	2	drove	[1]	['drove']	12	29	0	0	0	0	332	332	332	332	-1	-1	5	1	0
8828	132	1	1	2	Agent	-1	He	1	Agent		-1	-1	2	drove	[1]	['drove']	13	48	156	156	156	156	176	176	176	176	-1	-1	5	0	0
8830	132	1	1	2	Agent	-1	He	1	Agent		-1	-1	2	drove	[1]	['drove']	15	79	0	0	0	0	140	140	140	140	-1	-1	5	1	0
8831	132	1	1	2	Agent	-1	He	1	Agent		-1	-1	2	drove	[1]	['drove']	16	69	256	400	400	400	204	204	204	204	-1	-1	5	0	0
8833	132	1	1	2	Agent	-1	He	1	Agent		-1	-1	2	drove	[1]	['drove']	19	134	68	68	68	68	184	184	184	380	-1	-1	5	0	0
8834	132	1	1	2	Agent	-1	He	1	Agent		-1	-1	2	drove	[1]	['drove']	20	190	236	236	236	236	172	172	172	172	-1	-1	5	0	0
8836	132	1	1	2	Agent	-1	He	1	Agent		-1	-1	2	drove	[1]	['drove']	22	143	248	472	472	472	308	308	308	308	-1	-1	5	0	0
8837	132	1	1	2	Agent	-1	He	1	Agent		-1	-1	2	drove	[1]	['drove']	23	6	312	524	524	524	140	308	308	308	-1	-1	5	0	0
8838	132	1	1	2	Agent	-1	He	1	Agent		-1	-1	2	drove	[1]	['drove']	24	84	212	212	212	212	180	180	180	180	-1	-1	5	0	0
8839	132	1	1	2	Agent	-1	He	1	Agent		-1	-1	2	drove	[1]	['drove']	25	48	212	336	336	336	152	152	152	152	-1	-1	5	0	0
8841	132	1	1	2	Agent	-1	He	1	Agent		-1	-1	2	drove	[1]	['drove']	28	85	220	492	492	492	424	424	424	424	-1	-1	5	0	0
8843	132	1	1	2	Agent	-1	He	1	Agent		-1	-1	2	drove	[1]	['drove']	30	136	324	540	540	540	296	296	296	296	-1	-1	5	0	0
8845	132	1	1	2	Agent	-1	He	1	Agent		-1	-1	2	drove	[1]	['drove']	32	190	228	228	228	228	208	208	208	208	-1	-1	5	0	0
8847	132	1	1	2	Agent	-1	He	1	Agent		-1	-1	2	drove	[1]	['drove']	34	24	272	272	272	272	196	196	196	196	-1	-1	5	0	0
8848	132	1	1	2	Agent	-1	He	1	Agent		-1	-1	2	drove	[1]	['drove']	35	134	288	288	288	288	172	172	172	172	-1	-1	5	0	0
8849	132	1	1	2	Agent	-1	He	1	Agent		-1	-1	2	drove	[1]	['drove']	36	24	0	0	0	0	136	136	136	136	-1	-1	5	1	0
8850	132	1	1	2	Agent	-1	He	1	Agent		-1	-1	2	drove	[1]	['drove']	37	47	124	204	204	204	144	144	144	144	-1	-1	5	0	0
8854	132	1	1	2	Agent	-1	He	1	Agent		-1	-1	2	drove	[1]	['drove']	41	130	412	412	412	412	244	276	276	276	-1	-1	5	0	0
8856	132	1	1	2	Agent	-1	He	1	Agent		-1	-1	2	drove	[1]	['drove']	43	192	300	436	436	436	252	252	252	252	-1	-1	5	0	0
8857	132	6	1	1	Theme	-6	He	1	Theme		-1	-6	7	walked	[6, 7, 8]	['walked', 'down', 'to']	1	130	276	544	544	544	244	244	244	244	-6	-6	6	0	0
8859	132	6	1	1	Theme	-6	He	1	Theme		-1	-6	7	walked	[6, 7, 8]	['walked', 'down', 'to']	3	140	172	284	284	284	244	244	244	244	-6	-6	6	0	0
8860	132	6	1	1	Theme	-6	He	1	Theme		-1	-6	7	walked	[6, 7, 8]	['walked', 'down', 'to']	4	158	272	272	444	1308	248	248	248	248	-6	-6	6	0	0
8865	132	6	1	1	Theme	-6	He	1	Theme		-1	-6	7	walked	[6, 7, 8]	['walked', 'down', 'to']	10	132	136	136	136	136	164	164	164	164	-6	-6	6	0	0
8866	132	6	1	1	Theme	-6	He	1	Theme		-1	-6	7	walked	[6, 7, 8]	['walked', 'down', 'to']	11	8	160	160	160	160	172	172	172	172	-6	-6	6	0	0
8867	132	6	1	1	Theme	-6	He	1	Theme		-1	-6	7	walked	[6, 7, 8]	['walked', 'down', 'to']	12	29	136	136	136	136	140	140	140	140	-6	-6	6	0	0
8868	132	6	1	1	Theme	-6	He	1	Theme		-1	-6	7	walked	[6, 7, 8]	['walked', 'down', 'to']	13	48	220	220	220	220	220	220	220	220	-6	-6	6	0	0
8871	132	6	1	1	Theme	-6	He	1	Theme		-1	-6	7	walked	[6, 7, 8]	['walked', 'down', 'to']	16	69	180	180	180	180	156	320	320	320	-6	-6	6	0	0
8873	132	6	1	1	Theme	-6	He	1	Theme		-1	-6	7	walked	[6, 7, 8]	['walked', 'down', 'to']	19	134	140	140	140	140	184	184	184	184	-6	-6	6	0	0
8874	132	6	1	1	Theme	-6	He	1	Theme		-1	-6	7	walked	[6, 7, 8]	['walked', 'down', 'to']	20	190	140	140	140	140	152	152	152	152	-6	-6	6	0	0
8876	132	6	1	1	Theme	-6	He	1	Theme		-1	-6	7	walked	[6, 7, 8]	['walked', 'down', 'to']	22	143	196	196	196	196	124	124	124	124	-6	-6	6	0	0
8877	132	6	1	1	Theme	-6	He	1	Theme		-1	-6	7	walked	[6, 7, 8]	['walked', 'down', 'to']	23	6	180	348	348	348	264	264	264	264	-6	-6	6	0	0
8878	132	6	1	1	Theme	-6	He	1	Theme		-1	-6	7	walked	[6, 7, 8]	['walked', 'down', 'to']	24	84	244	244	244	244	368	368	368	368	-6	-6	6	0	0
8880	132	6	1	1	Theme	-6	He	1	Theme		-1	-6	7	walked	[6, 7, 8]	['walked', 'down', 'to']	27	75	200	200	200	200	316	448	448	448	-6	-6	6	0	0
8881	132	6	1	1	Theme	-6	He	1	Theme		-1	-6	7	walked	[6, 7, 8]	['walked', 'down', 'to']	28	85	200	408	408	408	208	208	208	208	-6	-6	6	0	0
8883	132	6	1	1	Theme	-6	He	1	Theme		-1	-6	7	walked	[6, 7, 8]	['walked', 'down', 'to']	30	136	300	400	400	400	216	216	216	216	-6	-6	6	0	0
8884	132	6	1	1	Theme	-6	He	1	Theme		-1	-6	7	walked	[6, 7, 8]	['walked', 'down', 'to']	31	59	140	140	140	140	156	156	156	156	-6	-6	6	0	0
8885	132	6	1	1	Theme	-6	He	1	Theme		-1	-6	7	walked	[6, 7, 8]	['walked', 'down', 'to']	32	190	236	236	236	236	168	168	168	168	-6	-6	6	0	0
8890	132	6	1	1	Theme	-6	He	1	Theme		-1	-6	7	walked	[6, 7, 8]	['walked', 'down', 'to']	37	47	144	300	300	300	164	256	256	256	-6	-6	6	0	0
8893	132	6	1	1	Theme	-6	He	1	Theme		-1	-6	7	walked	[6, 7, 8]	['walked', 'down', 'to']	40	134	32	32	32	32	164	164	164	164	-6	-6	6	0	0
8894	132	6	1	1	Theme	-6	He	1	Theme		-1	-6	7	walked	[6, 7, 8]	['walked', 'down', 'to']	41	130	0	0	0	0	156	156	156	156	-6	-6	6	1	0
8895	132	6	1	1	Theme	-6	He	1	Theme		-1	-6	7	walked	[6, 7, 8]	['walked', 'down', 'to']	42	17	208	208	208	208	252	252	252	252	-6	-6	6	0	0
8897	133	1	1	2	Agent	-1	He	1	Agent		-1	-1	2	held	[1]	['held']	1	175	128	508	508	508	172	172	172	172	-1	-1	4	0	0
8899	133	1	1	2	Agent	-1	He	1	Agent		-1	-1	2	held	[1]	['held']	3	69	404	404	404	404	180	180	356	460	-1	-1	4	0	0
8900	133	1	1	2	Agent	-1	He	1	Agent		-1	-1	2	held	[1]	['held']	4	202	332	332	332	332	160	160	160	160	-1	-1	4	0	0
8901	133	1	1	2	Agent	-1	He	1	Agent		-1	-1	2	held	[1]	['held']	5	149	0	0	0	0	264	264	264	264	-1	-1	4	1	0
8902	133	1	1	2	Agent	-1	He	1	Agent		-1	-1	2	held	[1]	['held']	6	167	0	0	0	0	240	240	240	240	-1	-1	4	1	0
8903	133	1	1	2	Agent	-1	He	1	Agent		-1	-1	2	held	[1]	['held']	7	171	156	156	156	156	164	164	164	164	-1	-1	4	0	0
8904	133	1	1	2	Agent	-1	He	1	Agent		-1	-1	2	held	[1]	['held']	8	29	400	400	400	400	204	204	204	204	-1	-1	4	0	0
8905	133	1	1	2	Agent	-1	He	1	Agent		-1	-1	2	held	[1]	['held']	10	192	276	448	448	448	124	124	124	124	-1	-1	4	0	0
8906	133	1	1	2	Agent	-1	He	1	Agent		-1	-1	2	held	[1]	['held']	11	107	136	136	136	136	144	144	144	144	-1	-1	4	0	0
8907	133	1	1	2	Agent	-1	He	1	Agent		-1	-1	2	held	[1]	['held']	12	187	232	232	232	488	296	296	296	296	-1	-1	4	0	0
8909	133	1	1	2	Agent	-1	He	1	Agent		-1	-1	2	held	[1]	['held']	14	89	0	0	0	0	248	248	248	504	-1	-1	4	1	0
8911	133	1	1	2	Agent	-1	He	1	Agent		-1	-1	2	held	[1]	['held']	16	108	168	168	316	460	192	192	192	192	-1	-1	4	0	0
8913	133	1	1	2	Agent	-1	He	1	Agent		-1	-1	2	held	[1]	['held']	19	203	28	276	276	276	212	280	280	280	-1	-1	4	0	0
8914	133	1	1	2	Agent	-1	He	1	Agent		-1	-1	2	held	[1]	['held']	20	40	0	0	0	0	96	96	228	568	-1	-1	4	1	0
8915	133	1	1	2	Agent	-1	He	1	Agent		-1	-1	2	held	[1]	['held']	21	97	0	0	0	0	216	216	216	348	-1	-1	4	1	0
8917	133	1	1	2	Agent	-1	He	1	Agent		-1	-1	2	held	[1]	['held']	23	166	236	564	564	564	184	184	184	184	-1	-1	4	0	0
8918	133	1	1	2	Agent	-1	He	1	Agent		-1	-1	2	held	[1]	['held']	24	37	212	212	212	212	184	184	184	184	-1	-1	4	0	0
8919	133	1	1	2	Agent	-1	He	1	Agent		-1	-1	2	held	[1]	['held']	25	203	264	424	424	424	156	156	156	156	-1	-1	4	0	0
8923	133	1	1	2	Agent	-1	He	1	Agent		-1	-1	2	held	[1]	['held']	30	137	256	520	520	520	188	480	480	480	-1	-1	4	0	0
8925	133	1	1	2	Agent	-1	He	1	Agent		-1	-1	2	held	[1]	['held']	32	130	228	348	548	684	220	220	220	220	-1	-1	4	0	0
8926	133	1	1	2	Agent	-1	He	1	Agent		-1	-1	2	held	[1]	['held']	33	112	164	164	164	164	184	184	184	184	-1	-1	4	0	0
8927	133	1	1	2	Agent	-1	He	1	Agent		-1	-1	2	held	[1]	['held']	34	110	352	352	352	352	276	564	564	564	-1	-1	4	0	0
8928	133	1	1	2	Agent	-1	He	1	Agent		-1	-1	2	held	[1]	['held']	35	32	252	408	408	408	188	188	188	188	-1	-1	4	0	0
8929	133	1	1	2	Agent	-1	He	1	Agent		-1	-1	2	held	[1]	['held']	36	201	0	0	0	0	216	216	216	216	-1	-1	4	1	0
8930	133	1	1	2	Agent	-1	He	1	Agent		-1	-1	2	held	[1]	['held']	37	29	164	312	312	312	220	220	220	220	-1	-1	4	0	0
8933	133	1	1	2	Agent	-1	He	1	Agent		-1	-1	2	held	[1]	['held']	40	59	204	204	204	204	44	44	184	372	-1	-1	4	0	0
8936	133	1	1	2	Agent	-1	He	1	Agent		-1	-1	2	held	[1]	['held']	43	88	244	244	244	396	160	160	160	160	-1	-1	4	0	0
8939	133	8	1	1	Agent	-1	she	7	Agent		-1	-1	8	cried	[7, 8]	['cried', 'into']	3	69	192	332	332	332	212	212	212	212	-1	-1	5	0	0
8942	133	8	1	1	Agent	-1	she	7	Agent		-1	-1	8	cried	[7, 8]	['cried', 'into']	6	167	0	0	0	0	260	260	260	260	-1	-1	5	1	0
8945	133	8	1	1	Agent	-1	she	7	Agent		-1	-1	8	cried	[7, 8]	['cried', 'into']	10	192	280	280	280	280	88	88	88	88	-1	-1	5	0	0
8946	133	8	1	1	Agent	-1	she	7	Agent		-1	-1	8	cried	[7, 8]	['cried', 'into']	11	107	76	76	76	76	128	128	128	128	-1	-1	5	0	0
8947	133	8	1	1	Agent	-1	she	7	Agent		-1	-1	8	cried	[7, 8]	['cried', 'into']	12	187	140	140	140	140	424	424	424	424	-1	-1	5	0	0
8948	133	8	1	1	Agent	-1	she	7	Agent		-1	-1	8	cried	[7, 8]	['cried', 'into']	13	194	312	312	312	312	352	352	352	352	-1	-1	5	0	0
8949	133	8	1	1	Agent	-1	she	7	Agent		-1	-1	8	cried	[7, 8]	['cried', 'into']	14	89	212	212	212	212	288	372	372	372	-1	-1	5	0	0
8950	133	8	1	1	Agent	-1	she	7	Agent		-1	-1	8	cried	[7, 8]	['cried', 'into']	15	165	0	0	0	0	172	172	172	172	-1	-1	5	1	0
8951	133	8	1	1	Agent	-1	she	7	Agent		-1	-1	8	cried	[7, 8]	['cried', 'into']	16	108	228	228	228	228	168	388	388	388	-1	-1	5	0	0
8953	133	8	1	1	Agent	-1	she	7	Agent		-1	-1	8	cried	[7, 8]	['cried', 'into']	19	203	132	132	132	132	204	204	204	204	-1	-1	5	0	0
8954	133	8	1	1	Agent	-1	she	7	Agent		-1	-1	8	cried	[7, 8]	['cried', 'into']	20	40	0	0	0	0	160	160	160	160	-1	-1	5	1	0
8956	133	8	1	1	Agent	-1	she	7	Agent		-1	-1	8	cried	[7, 8]	['cried', 'into']	22	130	208	208	208	208	120	120	120	120	-1	-1	5	0	0
8957	133	8	1	1	Agent	-1	she	7	Agent		-1	-1	8	cried	[7, 8]	['cried', 'into']	23	166	396	464	604	776	100	100	100	100	-1	-1	5	0	0
8958	133	8	1	1	Agent	-1	she	7	Agent		-1	-1	8	cried	[7, 8]	['cried', 'into']	24	37	232	232	324	476	144	144	144	144	-1	-1	5	0	0
8960	133	8	1	1	Agent	-1	she	7	Agent		-1	-1	8	cried	[7, 8]	['cried', 'into']	27	130	280	364	364	364	228	228	228	228	-1	-1	5	0	0
8962	133	8	1	1	Agent	-1	she	7	Agent		-1	-1	8	cried	[7, 8]	['cried', 'into']	29	66	204	204	204	204	220	220	220	220	-1	-1	5	0	0
8963	133	8	1	1	Agent	-1	she	7	Agent		-1	-1	8	cried	[7, 8]	['cried', 'into']	30	137	436	600	600	600	252	252	252	252	-1	-1	5	0	0
8966	133	8	1	1	Agent	-1	she	7	Agent		-1	-1	8	cried	[7, 8]	['cried', 'into']	33	112	200	200	200	200	220	220	220	220	-1	-1	5	0	0
8967	133	8	1	1	Agent	-1	she	7	Agent		-1	-1	8	cried	[7, 8]	['cried', 'into']	34	110	0	0	0	0	152	152	152	152	-1	-1	5	1	0
8968	133	8	1	1	Agent	-1	she	7	Agent		-1	-1	8	cried	[7, 8]	['cried', 'into']	35	32	228	228	228	228	192	192	192	192	-1	-1	5	0	0
8969	133	8	1	1	Agent	-1	she	7	Agent		-1	-1	8	cried	[7, 8]	['cried', 'into']	36	201	0	0	0	0	92	92	92	92	-1	-1	5	1	0
8970	133	8	1	1	Agent	-1	she	7	Agent		-1	-1	8	cried	[7, 8]	['cried', 'into']	37	29	104	104	104	104	188	256	256	256	-1	-1	5	0	0
8973	133	8	1	1	Agent	-1	she	7	Agent		-1	-1	8	cried	[7, 8]	['cried', 'into']	40	59	156	156	156	156	140	140	140	140	-1	-1	5	0	0
8976	133	8	1	1	Agent	-1	she	7	Agent		-1	-1	8	cried	[7, 8]	['cried', 'into']	43	88	196	196	196	196	204	204	204	204	-1	-1	5	0	0
8977	134	1	1	1	Theme	-1	He	1	Theme		-1	-1	2	went	[1, 2]	['went', 'to']	1	34	0	0	0	0	236	236	236	236	-1	-1	4	1	0
8978	134	1	1	1	Theme	-1	He	1	Theme		-1	-1	2	went	[1, 2]	['went', 'to']	2	15	240	572	572	572	208	208	208	208	-1	-1	4	0	0
8979	134	1	1	1	Theme	-1	He	1	Theme		-1	-1	2	went	[1, 2]	['went', 'to']	3	46	140	276	276	276	144	144	144	144	-1	-1	4	0	0
8980	134	1	1	1	Theme	-1	He	1	Theme		-1	-1	2	went	[1, 2]	['went', 'to']	4	121	320	320	320	320	156	156	156	156	-1	-1	4	0	0
8981	134	1	1	1	Theme	-1	He	1	Theme		-1	-1	2	went	[1, 2]	['went', 'to']	5	137	0	0	0	0	200	200	200	200	-1	-1	4	1	0
8983	134	1	1	1	Theme	-1	He	1	Theme		-1	-1	2	went	[1, 2]	['went', 'to']	7	11	0	0	0	0	120	120	120	120	-1	-1	4	1	0
8984	134	1	1	1	Theme	-1	He	1	Theme		-1	-1	2	went	[1, 2]	['went', 'to']	8	58	0	0	0	0	252	252	252	408	-1	-1	4	1	0
8985	134	1	1	1	Theme	-1	He	1	Theme		-1	-1	2	went	[1, 2]	['went', 'to']	10	104	0	0	0	0	112	112	112	428	-1	-1	4	1	0
8986	134	1	1	1	Theme	-1	He	1	Theme		-1	-1	2	went	[1, 2]	['went', 'to']	11	27	144	144	144	144	192	192	192	192	-1	-1	4	0	0
8987	134	1	1	1	Theme	-1	He	1	Theme		-1	-1	2	went	[1, 2]	['went', 'to']	12	13	0	0	0	0	52	52	292	836	-1	-1	4	1	0
8988	134	1	1	1	Theme	-1	He	1	Theme		-1	-1	2	went	[1, 2]	['went', 'to']	13	56	0	0	0	0	292	292	292	292	-1	-1	4	1	0
8989	134	1	1	1	Theme	-1	He	1	Theme		-1	-1	2	went	[1, 2]	['went', 'to']	14	191	244	356	356	356	156	156	156	156	-1	-1	4	0	0
8990	134	1	1	1	Theme	-1	He	1	Theme		-1	-1	2	went	[1, 2]	['went', 'to']	15	21	0	0	0	0	244	244	244	320	-1	-1	4	1	0
8991	134	1	1	1	Theme	-1	He	1	Theme		-1	-1	2	went	[1, 2]	['went', 'to']	16	166	200	200	200	200	240	240	240	240	-1	-1	4	0	0
8993	134	1	1	1	Theme	-1	He	1	Theme		-1	-1	2	went	[1, 2]	['went', 'to']	19	45	24	264	264	264	84	84	84	84	-1	-1	4	0	0
8994	134	1	1	1	Theme	-1	He	1	Theme		-1	-1	2	went	[1, 2]	['went', 'to']	20	186	244	244	244	244	132	132	132	132	-1	-1	4	0	0
8996	134	1	1	1	Theme	-1	He	1	Theme		-1	-1	2	went	[1, 2]	['went', 'to']	22	67	0	0	0	0	148	148	148	148	-1	-1	4	1	0
8997	134	1	1	1	Theme	-1	He	1	Theme		-1	-1	2	went	[1, 2]	['went', 'to']	23	4	188	188	188	188	180	180	180	180	-1	-1	4	0	0
8999	134	1	1	1	Theme	-1	He	1	Theme		-1	-1	2	went	[1, 2]	['went', 'to']	25	111	0	0	0	0	216	216	216	420	-1	-1	4	1	0
9000	134	1	1	1	Theme	-1	He	1	Theme		-1	-1	2	went	[1, 2]	['went', 'to']	27	157	428	428	428	428	252	252	252	252	-1	-1	4	0	0
9002	134	1	1	1	Theme	-1	He	1	Theme		-1	-1	2	went	[1, 2]	['went', 'to']	29	141	148	148	148	148	116	116	116	116	-1	-1	4	0	0
9003	134	1	1	1	Theme	-1	He	1	Theme		-1	-1	2	went	[1, 2]	['went', 'to']	30	183	300	1832	1832	1832	212	212	424	584	-1	-1	4	0	0
9004	134	1	1	1	Theme	-1	He	1	Theme		-1	-1	2	went	[1, 2]	['went', 'to']	31	26	188	188	188	188	152	152	152	152	-1	-1	4	0	0
9005	134	1	1	1	Theme	-1	He	1	Theme		-1	-1	2	went	[1, 2]	['went', 'to']	32	103	252	252	252	252	204	204	204	204	-1	-1	4	0	0
9006	134	1	1	1	Theme	-1	He	1	Theme		-1	-1	2	went	[1, 2]	['went', 'to']	33	158	176	176	176	176	104	104	104	104	-1	-1	4	0	0
9007	134	1	1	1	Theme	-1	He	1	Theme		-1	-1	2	went	[1, 2]	['went', 'to']	34	120	0	0	0	0	164	164	164	164	-1	-1	4	1	0
9009	134	1	1	1	Theme	-1	He	1	Theme		-1	-1	2	went	[1, 2]	['went', 'to']	36	67	0	0	0	0	232	232	232	360	-1	-1	4	1	0
9010	134	1	1	1	Theme	-1	He	1	Theme		-1	-1	2	went	[1, 2]	['went', 'to']	37	111	224	344	344	344	240	240	240	240	-1	-1	4	0	0
9013	134	1	1	1	Theme	-1	He	1	Theme		-1	-1	2	went	[1, 2]	['went', 'to']	40	29	232	568	568	568	152	152	152	152	-1	-1	4	0	0
9017	134	4	1	1	Theme	-4	He	1	Theme		-1	-4	7	walked	[6, 7, 8]	['walked', 'out', 'of']	1	34	228	228	228	228	196	196	196	196	-4	-4	6	0	0
9019	134	4	1	1	Theme	-4	He	1	Theme		-1	-4	7	walked	[6, 7, 8]	['walked', 'out', 'of']	3	46	144	144	144	144	340	340	340	340	-4	-4	6	0	0
9022	134	4	1	1	Theme	-4	He	1	Theme		-1	-4	7	walked	[6, 7, 8]	['walked', 'out', 'of']	6	159	0	0	0	0	152	152	152	152	-4	-4	6	1	0
9026	134	4	1	1	Theme	-4	He	1	Theme		-1	-4	7	walked	[6, 7, 8]	['walked', 'out', 'of']	11	27	132	132	132	132	192	192	192	192	-4	-4	6	0	0
9028	134	4	1	1	Theme	-4	He	1	Theme		-1	-4	7	walked	[6, 7, 8]	['walked', 'out', 'of']	13	56	0	0	0	0	160	160	160	160	-4	-4	6	1	0
9031	134	4	1	1	Theme	-4	He	1	Theme		-1	-4	7	walked	[6, 7, 8]	['walked', 'out', 'of']	16	166	160	160	160	160	216	216	216	216	-4	-4	6	0	0
9033	134	4	1	1	Theme	-4	He	1	Theme		-1	-4	7	walked	[6, 7, 8]	['walked', 'out', 'of']	19	45	176	176	176	176	192	192	192	192	-4	-4	6	0	0
9034	134	4	1	1	Theme	-4	He	1	Theme		-1	-4	7	walked	[6, 7, 8]	['walked', 'out', 'of']	20	186	0	0	0	0	144	144	144	144	-4	-4	6	1	0
9037	134	4	1	1	Theme	-4	He	1	Theme		-1	-4	7	walked	[6, 7, 8]	['walked', 'out', 'of']	23	4	196	268	268	268	208	208	208	208	-4	-4	6	0	0
9040	134	4	1	1	Theme	-4	He	1	Theme		-1	-4	7	walked	[6, 7, 8]	['walked', 'out', 'of']	27	157	140	140	140	140	220	400	400	400	-4	-4	6	0	0
9041	134	4	1	1	Theme	-4	He	1	Theme		-1	-4	7	walked	[6, 7, 8]	['walked', 'out', 'of']	28	143	180	180	180	180	300	300	300	300	-4	-4	6	0	0
9042	134	4	1	1	Theme	-4	He	1	Theme		-1	-4	7	walked	[6, 7, 8]	['walked', 'out', 'of']	29	141	200	200	200	200	304	304	304	304	-4	-4	6	0	0
9043	134	4	1	1	Theme	-4	He	1	Theme		-1	-4	7	walked	[6, 7, 8]	['walked', 'out', 'of']	30	183	292	292	292	292	288	288	448	704	-4	-4	6	0	0
9046	134	4	1	1	Theme	-4	He	1	Theme		-1	-4	7	walked	[6, 7, 8]	['walked', 'out', 'of']	33	158	216	216	216	216	180	380	380	380	-4	-4	6	0	0
9048	134	4	1	1	Theme	-4	He	1	Theme		-1	-4	7	walked	[6, 7, 8]	['walked', 'out', 'of']	35	13	196	196	196	196	144	144	144	144	-4	-4	6	0	0
9053	134	4	1	1	Theme	-4	He	1	Theme		-1	-4	7	walked	[6, 7, 8]	['walked', 'out', 'of']	40	29	116	116	116	116	204	204	204	204	-4	-4	6	0	0
9054	134	4	1	1	Theme	-4	He	1	Theme		-1	-4	7	walked	[6, 7, 8]	['walked', 'out', 'of']	41	131	240	240	540	1112	148	148	148	148	-4	-4	6	0	0
9057	135	3	1	0	Patient	-2	helmet	2	Patient		-1	-2	4	lost	[3]	['lost']	1	107	136	136	136	300	188	188	188	188	-2	-2	4	0	0
9059	135	3	1	0	Patient	-2	helmet	2	Patient		-1	-2	4	lost	[3]	['lost']	3	176	148	148	148	148	140	140	140	140	-2	-2	4	0	0
9060	135	3	1	0	Patient	-2	helmet	2	Patient		-1	-2	4	lost	[3]	['lost']	4	186	148	148	148	148	172	172	172	172	-2	-2	4	0	0
9063	135	3	1	0	Patient	-2	helmet	2	Patient		-1	-2	4	lost	[3]	['lost']	7	139	172	172	172	172	76	76	76	164	-2	-2	4	0	0
9064	135	3	1	0	Patient	-2	helmet	2	Patient		-1	-2	4	lost	[3]	['lost']	8	178	156	156	156	156	184	184	184	184	-2	-2	4	0	0
9065	135	3	1	0	Patient	-2	helmet	2	Patient		-1	-2	4	lost	[3]	['lost']	10	4	132	132	132	132	124	124	124	124	-2	-2	4	0	0
9066	135	3	1	0	Patient	-2	helmet	2	Patient		-1	-2	4	lost	[3]	['lost']	11	29	208	208	208	208	264	264	264	264	-2	-2	4	0	0
9068	135	3	1	0	Patient	-2	helmet	2	Patient		-1	-2	4	lost	[3]	['lost']	13	107	36	36	36	36	84	84	84	84	-2	-2	4	0	0
9071	135	3	1	0	Patient	-2	helmet	2	Patient		-1	-2	4	lost	[3]	['lost']	16	72	180	180	180	180	136	136	136	136	-2	-2	4	0	0
9074	135	3	1	0	Patient	-2	helmet	2	Patient		-1	-2	4	lost	[3]	['lost']	19	195	112	112	112	112	124	312	312	312	-2	-2	4	0	0
9076	135	3	1	0	Patient	-2	helmet	2	Patient		-1	-2	4	lost	[3]	['lost']	21	11	140	140	140	140	136	136	136	136	-2	-2	4	0	0
9077	135	3	1	0	Patient	-2	helmet	2	Patient		-1	-2	4	lost	[3]	['lost']	22	60	148	148	148	148	208	208	208	208	-2	-2	4	0	0
9078	135	3	1	0	Patient	-2	helmet	2	Patient		-1	-2	4	lost	[3]	['lost']	23	17	192	192	192	192	152	152	152	152	-2	-2	4	0	0
9079	135	3	1	0	Patient	-2	helmet	2	Patient		-1	-2	4	lost	[3]	['lost']	24	77	136	136	136	136	204	204	204	204	-2	-2	4	0	0
9080	135	3	1	0	Patient	-2	helmet	2	Patient		-1	-2	4	lost	[3]	['lost']	25	164	276	276	276	276	252	252	252	252	-2	-2	4	0	0
9081	135	3	1	0	Patient	-2	helmet	2	Patient		-1	-2	4	lost	[3]	['lost']	27	205	120	120	120	120	228	228	228	228	-2	-2	4	0	0
9083	135	3	1	0	Patient	-2	helmet	2	Patient		-1	-2	4	lost	[3]	['lost']	29	127	160	276	276	276	296	296	296	296	-2	-2	4	0	0
9084	135	3	1	0	Patient	-2	helmet	2	Patient		-1	-2	4	lost	[3]	['lost']	30	130	244	308	308	308	280	280	280	280	-2	-2	4	0	0
9086	135	3	1	0	Patient	-2	helmet	2	Patient		-1	-2	4	lost	[3]	['lost']	32	93	184	184	184	184	296	296	296	296	-2	-2	4	0	0
9087	135	3	1	0	Patient	-2	helmet	2	Patient		-1	-2	4	lost	[3]	['lost']	33	40	160	160	160	160	236	236	236	236	-2	-2	4	0	0
9088	135	3	1	0	Patient	-2	helmet	2	Patient		-1	-2	4	lost	[3]	['lost']	34	154	0	0	0	0	172	172	172	172	-2	-2	4	1	0
9091	135	3	1	0	Patient	-2	helmet	2	Patient		-1	-2	4	lost	[3]	['lost']	37	145	184	184	512	1696	168	168	312	452	-2	-2	4	0	0
9092	135	3	1	0	Patient	-2	helmet	2	Patient		-1	-2	4	lost	[3]	['lost']	38	104	280	280	280	280	36	36	36	36	-2	-2	4	0	0
9094	135	3	1	0	Patient	-2	helmet	2	Patient		-1	-2	4	lost	[3]	['lost']	40	50	144	144	144	144	236	236	236	236	-2	-2	4	0	0
9097	135	3	1	0	Patient	-2	helmet	2	Patient		-1	-2	4	lost	[3]	['lost']	43	128	224	224	224	224	188	188	188	188	-2	-2	4	0	0
9098	135	6	1	1	Agent	-1	he	6	Agent		-1	-1	9	do	[8]	['do']	1	107	0	0	0	0	368	368	368	368	-1	-1	2	1	0
9099	135	6	1	1	Agent	-1	he	6	Agent		-1	-1	9	do	[8]	['do']	2	176	0	0	0	0	220	220	220	220	-1	-1	2	1	0
9100	135	6	1	1	Agent	-1	he	6	Agent		-1	-1	9	do	[8]	['do']	3	176	0	0	0	0	140	140	356	592	-1	-1	2	1	0
9101	135	6	1	1	Agent	-1	he	6	Agent		-1	-1	9	do	[8]	['do']	4	186	0	0	0	0	196	196	196	196	-1	-1	2	1	0
9103	135	6	1	1	Agent	-1	he	6	Agent		-1	-1	9	do	[8]	['do']	6	24	0	0	0	0	176	176	176	176	-1	-1	2	1	0
9105	135	6	1	1	Agent	-1	he	6	Agent		-1	-1	9	do	[8]	['do']	8	178	0	0	0	0	220	220	220	220	-1	-1	2	1	0
9106	135	6	1	1	Agent	-1	he	6	Agent		-1	-1	9	do	[8]	['do']	10	4	144	144	144	144	172	172	172	172	-1	-1	2	0	0
9107	135	6	1	1	Agent	-1	he	6	Agent		-1	-1	9	do	[8]	['do']	11	29	0	0	0	0	144	340	340	340	-1	-1	2	1	0
9108	135	6	1	1	Agent	-1	he	6	Agent		-1	-1	9	do	[8]	['do']	12	193	0	0	0	0	312	580	580	1568	-1	-1	2	1	0
9109	135	6	1	1	Agent	-1	he	6	Agent		-1	-1	9	do	[8]	['do']	13	107	0	0	0	0	260	260	260	260	-1	-1	2	1	0
9112	135	6	1	1	Agent	-1	he	6	Agent		-1	-1	9	do	[8]	['do']	16	72	0	0	0	0	180	180	180	180	-1	-1	2	1	0
9113	135	6	1	1	Agent	-1	he	6	Agent		-1	-1	9	do	[8]	['do']	17	125	0	0	0	0	220	220	220	220	-1	-1	2	1	0
9114	135	6	1	1	Agent	-1	he	6	Agent		-1	-1	9	do	[8]	['do']	18	31	328	328	328	328	304	304	304	304	-1	-1	2	0	0
9115	135	6	1	1	Agent	-1	he	6	Agent		-1	-1	9	do	[8]	['do']	19	195	0	0	0	0	216	216	216	216	-1	-1	2	1	0
9117	135	6	1	1	Agent	-1	he	6	Agent		-1	-1	9	do	[8]	['do']	21	11	288	288	288	288	168	168	168	168	-1	-1	2	0	0
9118	135	6	1	1	Agent	-1	he	6	Agent		-1	-1	9	do	[8]	['do']	22	60	0	0	0	0	244	428	428	428	-1	-1	2	1	0
9119	135	6	1	1	Agent	-1	he	6	Agent		-1	-1	9	do	[8]	['do']	23	17	0	0	0	0	336	336	336	336	-1	-1	2	1	0
9120	135	6	1	1	Agent	-1	he	6	Agent		-1	-1	9	do	[8]	['do']	24	77	92	92	92	92	276	276	276	276	-1	-1	2	0	0
9121	135	6	1	1	Agent	-1	he	6	Agent		-1	-1	9	do	[8]	['do']	25	164	0	0	0	0	208	208	208	208	-1	-1	2	1	0
9122	135	6	1	1	Agent	-1	he	6	Agent		-1	-1	9	do	[8]	['do']	27	205	0	0	0	0	244	244	244	244	-1	-1	2	1	0
9123	135	6	1	1	Agent	-1	he	6	Agent		-1	-1	9	do	[8]	['do']	28	84	356	356	356	492	280	280	280	280	-1	-1	2	0	0
9124	135	6	1	1	Agent	-1	he	6	Agent		-1	-1	9	do	[8]	['do']	29	127	0	0	0	0	260	260	260	260	-1	-1	2	1	0
9125	135	6	1	1	Agent	-1	he	6	Agent		-1	-1	9	do	[8]	['do']	30	130	0	0	0	0	256	340	340	340	-1	-1	2	1	0
9126	135	6	1	1	Agent	-1	he	6	Agent		-1	-1	9	do	[8]	['do']	31	162	0	0	0	0	160	160	160	160	-1	-1	2	1	0
9127	135	6	1	1	Agent	-1	he	6	Agent		-1	-1	9	do	[8]	['do']	32	93	0	0	0	0	204	204	204	204	-1	-1	2	1	0
9128	135	6	1	1	Agent	-1	he	6	Agent		-1	-1	9	do	[8]	['do']	33	40	0	0	0	0	216	216	216	216	-1	-1	2	1	0
9129	135	6	1	1	Agent	-1	he	6	Agent		-1	-1	9	do	[8]	['do']	34	154	0	0	0	0	344	344	344	344	-1	-1	2	1	0
9130	135	6	1	1	Agent	-1	he	6	Agent		-1	-1	9	do	[8]	['do']	35	172	0	0	0	0	164	164	164	164	-1	-1	2	1	0
9131	135	6	1	1	Agent	-1	he	6	Agent		-1	-1	9	do	[8]	['do']	36	158	0	0	0	0	216	216	216	216	-1	-1	2	1	0
9132	135	6	1	1	Agent	-1	he	6	Agent		-1	-1	9	do	[8]	['do']	37	145	152	152	152	152	240	240	240	240	-1	-1	2	0	0
9133	135	6	1	1	Agent	-1	he	6	Agent		-1	-1	9	do	[8]	['do']	38	104	156	156	156	156	396	396	396	632	-1	-1	2	0	0
9135	135	6	1	1	Agent	-1	he	6	Agent		-1	-1	9	do	[8]	['do']	40	50	192	192	192	192	164	164	164	164	-1	-1	2	0	0
9136	135	6	1	1	Agent	-1	he	6	Agent		-1	-1	9	do	[8]	['do']	41	137	0	0	0	0	136	136	348	660	-1	-1	2	1	0
9137	135	6	1	1	Agent	-1	he	6	Agent		-1	-1	9	do	[8]	['do']	42	178	0	0	0	0	300	300	300	300	-1	-1	2	1	0
9138	135	6	1	1	Agent	-1	he	6	Agent		-1	-1	9	do	[8]	['do']	43	128	0	0	0	0	272	272	272	272	-1	-1	2	1	0
9139	136	2	2	0	Manner	-1	just	2	Agent	Ken	1	-2	3	hoped	[2]	['hoped']	1	25	324	324	324	324	172	172	172	172	-1	-2	5	0	0
9141	136	2	2	0	Manner	-1	just	2	Agent	Ken	1	-2	3	hoped	[2]	['hoped']	3	73	132	132	132	132	288	556	556	556	-1	-2	5	0	0
9142	136	2	2	0	Manner	-1	just	2	Agent	Ken	1	-2	3	hoped	[2]	['hoped']	4	27	388	388	388	388	148	148	148	148	-1	-2	5	0	0
9148	136	2	2	0	Manner	-1	just	2	Agent	Ken	1	-2	3	hoped	[2]	['hoped']	11	62	144	144	144	144	148	148	148	148	-1	-2	5	0	0
9150	136	2	2	0	Manner	-1	just	2	Agent	Ken	1	-2	3	hoped	[2]	['hoped']	13	130	0	0	0	0	196	196	196	196	-1	-2	5	1	0
9153	136	2	2	0	Manner	-1	just	2	Agent	Ken	1	-2	3	hoped	[2]	['hoped']	16	171	152	152	152	152	232	232	232	232	-1	-2	5	0	0
9156	136	2	2	0	Manner	-1	just	2	Agent	Ken	1	-2	3	hoped	[2]	['hoped']	19	141	312	312	312	312	92	92	92	92	-1	-2	5	0	0
9158	136	2	2	0	Manner	-1	just	2	Agent	Ken	1	-2	3	hoped	[2]	['hoped']	21	58	148	272	272	272	144	144	144	144	-1	-2	5	0	0
9160	136	2	2	0	Manner	-1	just	2	Agent	Ken	1	-2	3	hoped	[2]	['hoped']	23	21	272	272	272	272	160	304	444	624	-1	-2	5	0	0
9161	136	2	2	0	Manner	-1	just	2	Agent	Ken	1	-2	3	hoped	[2]	['hoped']	24	124	136	136	136	292	268	268	268	268	-1	-2	5	0	0
9162	136	2	2	0	Manner	-1	just	2	Agent	Ken	1	-2	3	hoped	[2]	['hoped']	25	185	172	172	172	568	192	192	192	192	-1	-2	5	0	0
9163	136	2	2	0	Manner	-1	just	2	Agent	Ken	1	-2	3	hoped	[2]	['hoped']	27	44	112	112	292	652	244	244	244	244	-1	-2	5	0	0
9166	136	2	2	0	Manner	-1	just	2	Agent	Ken	1	-2	3	hoped	[2]	['hoped']	30	25	232	232	232	232	252	252	252	252	-1	-2	5	0	0
9169	136	2	2	0	Manner	-1	just	2	Agent	Ken	1	-2	3	hoped	[2]	['hoped']	33	190	0	0	0	0	176	176	368	836	-1	-2	5	1	0
9170	136	2	2	0	Manner	-1	just	2	Agent	Ken	1	-2	3	hoped	[2]	['hoped']	34	199	200	200	200	200	232	232	232	232	-1	-2	5	0	0
9175	136	2	2	0	Manner	-1	just	2	Agent	Ken	1	-2	3	hoped	[2]	['hoped']	39	60	328	328	1076	1392	184	184	184	184	-1	-2	5	0	0
9179	136	2	2	0	Manner	-1	just	2	Agent	Ken	1	-2	3	hoped	[2]	['hoped']	43	72	132	132	132	132	92	92	92	92	-1	-2	5	0	0
9180	136	6	1	2	Agent	-2	he	4	Agent		-1	-2	6	taking	[5]	['taking']	1	25	348	348	348	348	252	252	252	252	-2	-2	6	0	0
9182	136	6	1	2	Agent	-2	he	4	Agent		-1	-2	6	taking	[5]	['taking']	3	73	236	236	236	236	204	204	204	204	-2	-2	6	0	0
9183	136	6	1	2	Agent	-2	he	4	Agent		-1	-2	6	taking	[5]	['taking']	4	27	268	268	268	268	200	200	200	200	-2	-2	6	0	0
9184	136	6	1	2	Agent	-2	he	4	Agent		-1	-2	6	taking	[5]	['taking']	5	124	288	288	288	288	96	96	96	412	-2	-2	6	0	0
9187	136	6	1	2	Agent	-2	he	4	Agent		-1	-2	6	taking	[5]	['taking']	8	64	180	180	180	180	184	184	364	564	-2	-2	6	0	0
9197	136	6	1	2	Agent	-2	he	4	Agent		-1	-2	6	taking	[5]	['taking']	19	141	164	164	164	228	180	180	180	180	-2	-2	6	0	0
9198	136	6	1	2	Agent	-2	he	4	Agent		-1	-2	6	taking	[5]	['taking']	20	48	0	0	0	0	148	148	148	148	-2	-2	6	1	0
9201	136	6	1	2	Agent	-2	he	4	Agent		-1	-2	6	taking	[5]	['taking']	23	21	156	156	484	892	180	180	180	180	-2	-2	6	0	0
9204	136	6	1	2	Agent	-2	he	4	Agent		-1	-2	6	taking	[5]	['taking']	27	44	212	444	444	444	152	152	152	152	-2	-2	6	0	0
9207	136	6	1	2	Agent	-2	he	4	Agent		-1	-2	6	taking	[5]	['taking']	30	25	212	212	432	664	316	316	316	316	-2	-2	6	0	0
9208	136	6	1	2	Agent	-2	he	4	Agent		-1	-2	6	taking	[5]	['taking']	31	199	48	48	48	48	152	152	152	152	-2	-2	6	0	0
9210	136	6	1	2	Agent	-2	he	4	Agent		-1	-2	6	taking	[5]	['taking']	33	190	144	144	144	144	156	284	284	284	-2	-2	6	0	0
9212	136	6	1	2	Agent	-2	he	4	Agent		-1	-2	6	taking	[5]	['taking']	35	24	160	160	160	160	160	160	160	160	-2	-2	6	0	0
9214	136	6	1	2	Agent	-2	he	4	Agent		-1	-2	6	taking	[5]	['taking']	37	117	248	248	248	248	136	136	312	776	-2	-2	6	0	0
9216	136	6	1	2	Agent	-2	he	4	Agent		-1	-2	6	taking	[5]	['taking']	39	60	184	184	184	184	152	152	152	152	-2	-2	6	0	0
9221	137	1	1	1	Agent	-1	Lawrence	1	Agent		-1	-1	2	rubbed	[1]	['rubbed']	1	192	304	304	304	304	236	236	420	580	-1	-1	6	0	0
9222	137	1	1	1	Agent	-1	Lawrence	1	Agent		-1	-1	2	rubbed	[1]	['rubbed']	2	17	156	280	280	280	108	108	108	108	-1	-1	6	0	0
9223	137	1	1	1	Agent	-1	Lawrence	1	Agent		-1	-1	2	rubbed	[1]	['rubbed']	3	6	204	328	328	328	184	184	184	184	-1	-1	6	0	0
9224	137	1	1	1	Agent	-1	Lawrence	1	Agent		-1	-1	2	rubbed	[1]	['rubbed']	4	171	268	268	268	268	200	200	200	200	-1	-1	6	0	0
9225	137	1	1	1	Agent	-1	Lawrence	1	Agent		-1	-1	2	rubbed	[1]	['rubbed']	5	198	264	264	264	552	176	176	176	176	-1	-1	6	0	0
9230	137	1	1	1	Agent	-1	Lawrence	1	Agent		-1	-1	2	rubbed	[1]	['rubbed']	11	22	272	272	272	272	128	128	128	128	-1	-1	6	0	0
9231	137	1	1	1	Agent	-1	Lawrence	1	Agent		-1	-1	2	rubbed	[1]	['rubbed']	12	96	16	16	388	648	164	164	164	164	-1	-1	6	0	0
9232	137	1	1	1	Agent	-1	Lawrence	1	Agent		-1	-1	2	rubbed	[1]	['rubbed']	13	25	0	0	0	0	192	192	192	192	-1	-1	6	1	0
9235	137	1	1	1	Agent	-1	Lawrence	1	Agent		-1	-1	2	rubbed	[1]	['rubbed']	16	129	204	348	348	348	172	172	172	172	-1	-1	6	0	0
9238	137	1	1	1	Agent	-1	Lawrence	1	Agent		-1	-1	2	rubbed	[1]	['rubbed']	19	107	188	188	188	188	148	148	148	148	-1	-1	6	0	0
9242	137	1	1	1	Agent	-1	Lawrence	1	Agent		-1	-1	2	rubbed	[1]	['rubbed']	23	136	424	424	424	424	212	212	212	212	-1	-1	6	0	0
9243	137	1	1	1	Agent	-1	Lawrence	1	Agent		-1	-1	2	rubbed	[1]	['rubbed']	24	163	252	252	252	252	248	248	248	248	-1	-1	6	0	0
9244	137	1	1	1	Agent	-1	Lawrence	1	Agent		-1	-1	2	rubbed	[1]	['rubbed']	25	66	228	228	496	844	224	224	224	224	-1	-1	6	0	0
9246	137	1	1	1	Agent	-1	Lawrence	1	Agent		-1	-1	2	rubbed	[1]	['rubbed']	28	38	0	0	0	0	160	160	160	860	-1	-1	6	1	0
9248	137	1	1	1	Agent	-1	Lawrence	1	Agent		-1	-1	2	rubbed	[1]	['rubbed']	30	73	276	432	432	432	304	304	304	304	-1	-1	6	0	0
9250	137	1	1	1	Agent	-1	Lawrence	1	Agent		-1	-1	2	rubbed	[1]	['rubbed']	32	65	248	248	248	248	188	188	188	188	-1	-1	6	0	0
9251	137	1	1	1	Agent	-1	Lawrence	1	Agent		-1	-1	2	rubbed	[1]	['rubbed']	33	197	64	64	176	420	156	296	296	296	-1	-1	6	0	0
9252	137	1	1	1	Agent	-1	Lawrence	1	Agent		-1	-1	2	rubbed	[1]	['rubbed']	34	130	152	152	152	152	164	164	164	164	-1	-1	6	0	0
9255	137	1	1	1	Agent	-1	Lawrence	1	Agent		-1	-1	2	rubbed	[1]	['rubbed']	37	149	132	316	316	316	140	140	140	140	-1	-1	6	0	0
9257	137	1	1	1	Agent	-1	Lawrence	1	Agent		-1	-1	2	rubbed	[1]	['rubbed']	39	81	0	0	0	0	180	180	180	180	-1	-1	6	1	0
9258	137	1	1	1	Agent	-1	Lawrence	1	Agent		-1	-1	2	rubbed	[1]	['rubbed']	40	66	168	300	300	300	224	224	224	224	-1	-1	6	0	0
9261	137	1	1	1	Agent	-1	Lawrence	1	Agent		-1	-1	2	rubbed	[1]	['rubbed']	43	41	244	244	244	244	120	120	120	120	-1	-1	6	0	0
9262	137	6	1	1	Agent	-6	Lawrence	1	Agent		-1	-6	9	hung	[8]	['hung']	1	192	260	260	260	260	680	680	680	1692	-6	-6	4	0	0
9263	137	6	1	1	Agent	-6	Lawrence	1	Agent		-1	-6	9	hung	[8]	['hung']	2	17	0	0	0	0	160	160	160	356	-6	-6	4	1	0
9264	137	6	1	1	Agent	-6	Lawrence	1	Agent		-1	-6	9	hung	[8]	['hung']	3	6	212	212	212	212	236	444	444	444	-6	-6	4	0	0
9265	137	6	1	1	Agent	-6	Lawrence	1	Agent		-1	-6	9	hung	[8]	['hung']	4	171	228	228	228	228	172	172	172	172	-6	-6	4	0	0
9267	137	6	1	1	Agent	-6	Lawrence	1	Agent		-1	-6	9	hung	[8]	['hung']	6	2	0	0	0	0	156	156	156	456	-6	-6	4	1	0
9268	137	6	1	1	Agent	-6	Lawrence	1	Agent		-1	-6	9	hung	[8]	['hung']	7	109	0	0	0	0	96	96	256	800	-6	-6	4	1	0
9269	137	6	1	1	Agent	-6	Lawrence	1	Agent		-1	-6	9	hung	[8]	['hung']	8	194	164	260	260	260	288	288	288	288	-6	-6	4	0	0
9270	137	6	1	1	Agent	-6	Lawrence	1	Agent		-1	-6	9	hung	[8]	['hung']	10	120	160	160	160	160	92	92	92	92	-6	-6	4	0	0
9272	137	6	1	1	Agent	-6	Lawrence	1	Agent		-1	-6	9	hung	[8]	['hung']	12	96	0	0	0	0	292	292	292	292	-6	-6	4	1	0
9274	137	6	1	1	Agent	-6	Lawrence	1	Agent		-1	-6	9	hung	[8]	['hung']	14	103	232	232	232	232	240	744	744	744	-6	-6	4	0	0
9275	137	6	1	1	Agent	-6	Lawrence	1	Agent		-1	-6	9	hung	[8]	['hung']	15	140	0	0	0	0	240	836	836	836	-6	-6	4	1	0
9276	137	6	1	1	Agent	-6	Lawrence	1	Agent		-1	-6	9	hung	[8]	['hung']	16	129	188	188	188	188	180	424	424	424	-6	-6	4	0	0
9279	137	6	1	1	Agent	-6	Lawrence	1	Agent		-1	-6	9	hung	[8]	['hung']	19	107	180	180	180	180	188	188	188	188	-6	-6	4	0	0
9280	137	6	1	1	Agent	-6	Lawrence	1	Agent		-1	-6	9	hung	[8]	['hung']	20	199	0	0	0	0	236	236	236	236	-6	-6	4	1	0
9286	137	6	1	1	Agent	-6	Lawrence	1	Agent		-1	-6	9	hung	[8]	['hung']	27	88	232	232	232	232	316	316	316	316	-6	-6	4	0	0
9287	137	6	1	1	Agent	-6	Lawrence	1	Agent		-1	-6	9	hung	[8]	['hung']	28	38	244	244	244	244	152	152	560	748	-6	-6	4	0	0
9288	137	6	1	1	Agent	-6	Lawrence	1	Agent		-1	-6	9	hung	[8]	['hung']	29	197	240	240	240	240	220	220	220	220	-6	-6	4	0	0
9290	137	6	1	1	Agent	-6	Lawrence	1	Agent		-1	-6	9	hung	[8]	['hung']	31	47	0	0	0	0	156	156	156	156	-6	-6	4	1	0
9291	137	6	1	1	Agent	-6	Lawrence	1	Agent		-1	-6	9	hung	[8]	['hung']	32	65	164	344	344	344	252	252	252	252	-6	-6	4	0	0
9292	137	6	1	1	Agent	-6	Lawrence	1	Agent		-1	-6	9	hung	[8]	['hung']	33	197	184	308	308	308	224	324	324	324	-6	-6	4	0	0
9293	137	6	1	1	Agent	-6	Lawrence	1	Agent		-1	-6	9	hung	[8]	['hung']	34	130	0	0	0	0	260	260	260	260	-6	-6	4	1	0
9296	137	6	1	1	Agent	-6	Lawrence	1	Agent		-1	-6	9	hung	[8]	['hung']	37	149	188	340	340	340	516	516	516	640	-6	-6	4	0	0
9297	137	6	1	1	Agent	-6	Lawrence	1	Agent		-1	-6	9	hung	[8]	['hung']	38	72	0	0	0	0	248	248	248	248	-6	-6	4	1	0
9298	137	6	1	1	Agent	-6	Lawrence	1	Agent		-1	-6	9	hung	[8]	['hung']	39	81	0	0	0	0	232	232	232	232	-6	-6	4	1	0
9299	137	6	1	1	Agent	-6	Lawrence	1	Agent		-1	-6	9	hung	[8]	['hung']	40	66	184	360	360	476	132	132	132	132	-6	-6	4	0	0
9300	137	6	1	1	Agent	-6	Lawrence	1	Agent		-1	-6	9	hung	[8]	['hung']	41	184	244	244	244	244	148	148	148	148	-6	-6	4	0	0
9301	137	6	1	1	Agent	-6	Lawrence	1	Agent		-1	-6	9	hung	[8]	['hung']	42	13	0	0	0	0	240	240	240	1796	-6	-6	4	1	0
9303	138	1	1	0	Agent	-1	Lewis	1	Agent		-1	-1	2	sat	[1, 2, 3]	['sat', 'down', 'and']	1	120	252	252	252	252	256	256	256	256	-1	-1	3	0	0
9304	138	1	1	0	Agent	-1	Lewis	1	Agent		-1	-1	2	sat	[1, 2, 3]	['sat', 'down', 'and']	2	157	104	104	104	104	160	160	160	160	-1	-1	3	0	0
9305	138	1	1	0	Agent	-1	Lewis	1	Agent		-1	-1	2	sat	[1, 2, 3]	['sat', 'down', 'and']	3	107	304	304	304	304	124	124	124	124	-1	-1	3	0	0
9306	138	1	1	0	Agent	-1	Lewis	1	Agent		-1	-1	2	sat	[1, 2, 3]	['sat', 'down', 'and']	4	165	300	300	300	300	112	112	112	112	-1	-1	3	0	0
9308	138	1	1	0	Agent	-1	Lewis	1	Agent		-1	-1	2	sat	[1, 2, 3]	['sat', 'down', 'and']	6	74	0	0	0	0	156	156	156	156	-1	-1	3	1	0
9309	138	1	1	0	Agent	-1	Lewis	1	Agent		-1	-1	2	sat	[1, 2, 3]	['sat', 'down', 'and']	7	166	236	236	236	388	144	144	144	144	-1	-1	3	0	0
9310	138	1	1	0	Agent	-1	Lewis	1	Agent		-1	-1	2	sat	[1, 2, 3]	['sat', 'down', 'and']	8	77	128	128	128	128	148	148	148	148	-1	-1	3	0	0
9311	138	1	1	0	Agent	-1	Lewis	1	Agent		-1	-1	2	sat	[1, 2, 3]	['sat', 'down', 'and']	10	46	152	152	152	152	152	152	152	152	-1	-1	3	0	0
9312	138	1	1	0	Agent	-1	Lewis	1	Agent		-1	-1	2	sat	[1, 2, 3]	['sat', 'down', 'and']	11	59	216	216	216	216	184	184	184	184	-1	-1	3	0	0
9315	138	1	1	0	Agent	-1	Lewis	1	Agent		-1	-1	2	sat	[1, 2, 3]	['sat', 'down', 'and']	14	77	0	0	0	0	244	244	380	732	-1	-1	3	1	0
9317	138	1	1	0	Agent	-1	Lewis	1	Agent		-1	-1	2	sat	[1, 2, 3]	['sat', 'down', 'and']	16	80	156	156	156	156	184	184	184	184	-1	-1	3	0	0
9318	138	1	1	0	Agent	-1	Lewis	1	Agent		-1	-1	2	sat	[1, 2, 3]	['sat', 'down', 'and']	17	37	204	204	204	204	96	96	96	96	-1	-1	3	0	0
9319	138	1	1	0	Agent	-1	Lewis	1	Agent		-1	-1	2	sat	[1, 2, 3]	['sat', 'down', 'and']	18	157	0	0	0	0	204	204	204	204	-1	-1	3	1	0
9322	138	1	1	0	Agent	-1	Lewis	1	Agent		-1	-1	2	sat	[1, 2, 3]	['sat', 'down', 'and']	21	159	136	136	136	304	152	152	152	152	-1	-1	3	0	0
9324	138	1	1	0	Agent	-1	Lewis	1	Agent		-1	-1	2	sat	[1, 2, 3]	['sat', 'down', 'and']	23	89	204	204	204	204	240	240	240	240	-1	-1	3	0	0
9327	138	1	1	0	Agent	-1	Lewis	1	Agent		-1	-1	2	sat	[1, 2, 3]	['sat', 'down', 'and']	27	16	0	0	0	0	212	212	332	940	-1	-1	3	1	0
9330	138	1	1	0	Agent	-1	Lewis	1	Agent		-1	-1	2	sat	[1, 2, 3]	['sat', 'down', 'and']	30	33	192	192	192	192	268	268	268	268	-1	-1	3	0	0
9331	138	1	1	0	Agent	-1	Lewis	1	Agent		-1	-1	2	sat	[1, 2, 3]	['sat', 'down', 'and']	31	99	0	0	0	0	132	212	212	212	-1	-1	3	1	0
9332	138	1	1	0	Agent	-1	Lewis	1	Agent		-1	-1	2	sat	[1, 2, 3]	['sat', 'down', 'and']	32	164	216	216	216	216	196	196	196	196	-1	-1	3	0	0
9333	138	1	1	0	Agent	-1	Lewis	1	Agent		-1	-1	2	sat	[1, 2, 3]	['sat', 'down', 'and']	33	173	236	236	236	236	140	140	140	140	-1	-1	3	0	0
9334	138	1	1	0	Agent	-1	Lewis	1	Agent		-1	-1	2	sat	[1, 2, 3]	['sat', 'down', 'and']	34	106	296	296	296	296	180	180	180	180	-1	-1	3	0	0
9335	138	1	1	0	Agent	-1	Lewis	1	Agent		-1	-1	2	sat	[1, 2, 3]	['sat', 'down', 'and']	35	138	188	188	188	188	176	176	176	176	-1	-1	3	0	0
9337	138	1	1	0	Agent	-1	Lewis	1	Agent		-1	-1	2	sat	[1, 2, 3]	['sat', 'down', 'and']	37	14	140	140	140	140	152	152	152	152	-1	-1	3	0	0
9338	138	1	1	0	Agent	-1	Lewis	1	Agent		-1	-1	2	sat	[1, 2, 3]	['sat', 'down', 'and']	38	27	208	208	208	208	176	176	176	176	-1	-1	3	0	0
9343	138	1	1	0	Agent	-1	Lewis	1	Agent		-1	-1	2	sat	[1, 2, 3]	['sat', 'down', 'and']	43	124	0	0	0	0	120	120	120	120	-1	-1	3	1	0
9344	138	4	1	2	Agent	-1	Lucy	5	Agent		-1	-1	6	laid	[5]	['laid']	1	120	192	192	192	192	224	224	224	224	-1	-1	4	0	0
9346	138	4	1	2	Agent	-1	Lucy	5	Agent		-1	-1	6	laid	[5]	['laid']	3	107	408	408	408	408	196	196	196	196	-1	-1	4	0	0
9347	138	4	1	2	Agent	-1	Lucy	5	Agent		-1	-1	6	laid	[5]	['laid']	4	165	356	484	484	748	224	224	224	224	-1	-1	4	0	0
9349	138	4	1	2	Agent	-1	Lucy	5	Agent		-1	-1	6	laid	[5]	['laid']	6	74	0	0	0	0	216	216	216	456	-1	-1	4	1	0
9353	138	4	1	2	Agent	-1	Lucy	5	Agent		-1	-1	6	laid	[5]	['laid']	11	59	236	236	236	236	160	160	160	160	-1	-1	4	0	0
9354	138	4	1	2	Agent	-1	Lucy	5	Agent		-1	-1	6	laid	[5]	['laid']	12	118	444	444	444	444	448	448	448	448	-1	-1	4	0	0
9357	138	4	1	2	Agent	-1	Lucy	5	Agent		-1	-1	6	laid	[5]	['laid']	15	201	0	0	0	0	228	228	228	228	-1	-1	4	1	0
9358	138	4	1	2	Agent	-1	Lucy	5	Agent		-1	-1	6	laid	[5]	['laid']	16	80	148	296	296	296	208	208	208	208	-1	-1	4	0	0
9359	138	4	1	2	Agent	-1	Lucy	5	Agent		-1	-1	6	laid	[5]	['laid']	17	37	208	380	380	380	132	132	132	132	-1	-1	4	0	0
9360	138	4	1	2	Agent	-1	Lucy	5	Agent		-1	-1	6	laid	[5]	['laid']	18	157	0	0	0	0	204	204	204	204	-1	-1	4	1	0
9361	138	4	1	2	Agent	-1	Lucy	5	Agent		-1	-1	6	laid	[5]	['laid']	19	24	0	0	0	0	224	224	224	1428	-1	-1	4	1	0
9362	138	4	1	2	Agent	-1	Lucy	5	Agent		-1	-1	6	laid	[5]	['laid']	20	39	0	0	0	0	96	96	244	1208	-1	-1	4	1	0
9363	138	4	1	2	Agent	-1	Lucy	5	Agent		-1	-1	6	laid	[5]	['laid']	21	159	188	188	188	188	168	168	168	268	-1	-1	4	0	0
9364	138	4	1	2	Agent	-1	Lucy	5	Agent		-1	-1	6	laid	[5]	['laid']	22	25	0	0	0	0	248	248	248	2024	-1	-1	4	1	0
9365	138	4	1	2	Agent	-1	Lucy	5	Agent		-1	-1	6	laid	[5]	['laid']	23	89	476	476	476	476	252	252	252	252	-1	-1	4	0	0
9368	138	4	1	2	Agent	-1	Lucy	5	Agent		-1	-1	6	laid	[5]	['laid']	27	16	364	364	364	364	180	180	180	180	-1	-1	4	0	0
9369	138	4	1	2	Agent	-1	Lucy	5	Agent		-1	-1	6	laid	[5]	['laid']	28	19	140	140	332	772	268	268	268	268	-1	-1	4	0	0
9371	138	4	1	2	Agent	-1	Lucy	5	Agent		-1	-1	6	laid	[5]	['laid']	30	33	304	304	304	304	212	212	212	212	-1	-1	4	0	0
9372	138	4	1	2	Agent	-1	Lucy	5	Agent		-1	-1	6	laid	[5]	['laid']	31	99	0	0	0	0	172	172	172	172	-1	-1	4	1	0
9373	138	4	1	2	Agent	-1	Lucy	5	Agent		-1	-1	6	laid	[5]	['laid']	32	164	428	428	428	428	168	168	168	168	-1	-1	4	0	0
9374	138	4	1	2	Agent	-1	Lucy	5	Agent		-1	-1	6	laid	[5]	['laid']	33	173	196	196	196	196	156	336	336	336	-1	-1	4	0	0
9375	138	4	1	2	Agent	-1	Lucy	5	Agent		-1	-1	6	laid	[5]	['laid']	34	106	232	376	376	572	192	192	192	192	-1	-1	4	0	0
9376	138	4	1	2	Agent	-1	Lucy	5	Agent		-1	-1	6	laid	[5]	['laid']	35	138	152	152	152	152	180	180	180	180	-1	-1	4	0	0
9378	138	4	1	2	Agent	-1	Lucy	5	Agent		-1	-1	6	laid	[5]	['laid']	37	14	264	264	484	1184	216	216	216	216	-1	-1	4	0	0
9380	138	4	1	2	Agent	-1	Lucy	5	Agent		-1	-1	6	laid	[5]	['laid']	39	100	0	0	0	0	76	76	76	76	-1	-1	4	1	0
9383	138	4	1	2	Agent	-1	Lucy	5	Agent		-1	-1	6	laid	[5]	['laid']	42	187	0	0	0	0	136	136	136	300	-1	-1	4	1	0
9385	139	1	1	2	Theme	-1	Matthew	1	Theme		-1	-1	2	stood	[1, 2]	['stood', 'against']	1	197	168	344	344	344	128	128	128	128	-1	-1	5	0	0
9386	139	1	1	2	Theme	-1	Matthew	1	Theme		-1	-1	2	stood	[1, 2]	['stood', 'against']	2	195	120	120	120	120	164	164	164	164	-1	-1	5	0	0
9387	139	1	1	2	Theme	-1	Matthew	1	Theme		-1	-1	2	stood	[1, 2]	['stood', 'against']	3	15	164	268	268	268	276	276	276	276	-1	-1	5	0	0
9388	139	1	1	2	Theme	-1	Matthew	1	Theme		-1	-1	2	stood	[1, 2]	['stood', 'against']	4	29	184	404	404	404	152	152	152	152	-1	-1	5	0	0
9390	139	1	1	2	Theme	-1	Matthew	1	Theme		-1	-1	2	stood	[1, 2]	['stood', 'against']	6	16	0	0	0	0	132	132	132	132	-1	-1	5	1	0
9391	139	1	1	2	Theme	-1	Matthew	1	Theme		-1	-1	2	stood	[1, 2]	['stood', 'against']	7	174	112	112	112	112	104	104	104	104	-1	-1	5	0	0
9392	139	1	1	2	Theme	-1	Matthew	1	Theme		-1	-1	2	stood	[1, 2]	['stood', 'against']	8	78	236	236	388	552	152	152	152	152	-1	-1	5	0	0
9394	139	1	1	2	Theme	-1	Matthew	1	Theme		-1	-1	2	stood	[1, 2]	['stood', 'against']	10	95	256	256	488	672	192	192	192	192	-1	-1	5	0	0
9395	139	1	1	2	Theme	-1	Matthew	1	Theme		-1	-1	2	stood	[1, 2]	['stood', 'against']	11	82	160	160	160	160	172	172	172	172	-1	-1	5	0	0
9397	139	1	1	2	Theme	-1	Matthew	1	Theme		-1	-1	2	stood	[1, 2]	['stood', 'against']	13	129	232	232	232	232	148	148	148	148	-1	-1	5	0	0
9398	139	1	1	2	Theme	-1	Matthew	1	Theme		-1	-1	2	stood	[1, 2]	['stood', 'against']	14	176	156	156	156	156	156	156	156	156	-1	-1	5	0	0
9399	139	1	1	2	Theme	-1	Matthew	1	Theme		-1	-1	2	stood	[1, 2]	['stood', 'against']	15	123	0	0	0	0	160	160	160	160	-1	-1	5	1	0
9400	139	1	1	2	Theme	-1	Matthew	1	Theme		-1	-1	2	stood	[1, 2]	['stood', 'against']	16	196	168	168	168	168	224	336	336	336	-1	-1	5	0	0
9401	139	1	1	2	Theme	-1	Matthew	1	Theme		-1	-1	2	stood	[1, 2]	['stood', 'against']	17	83	204	204	204	204	132	132	132	132	-1	-1	5	0	0
9402	139	1	1	2	Theme	-1	Matthew	1	Theme		-1	-1	2	stood	[1, 2]	['stood', 'against']	18	48	160	160	160	160	128	128	128	128	-1	-1	5	0	0
9403	139	1	1	2	Theme	-1	Matthew	1	Theme		-1	-1	2	stood	[1, 2]	['stood', 'against']	19	175	192	192	192	192	136	136	136	136	-1	-1	5	0	0
9404	139	1	1	2	Theme	-1	Matthew	1	Theme		-1	-1	2	stood	[1, 2]	['stood', 'against']	20	128	216	216	216	216	152	152	152	152	-1	-1	5	0	0
9405	139	1	1	2	Theme	-1	Matthew	1	Theme		-1	-1	2	stood	[1, 2]	['stood', 'against']	21	36	144	144	144	144	112	232	232	232	-1	-1	5	0	0
9406	139	1	1	2	Theme	-1	Matthew	1	Theme		-1	-1	2	stood	[1, 2]	['stood', 'against']	22	196	220	220	220	220	228	228	228	228	-1	-1	5	0	0
9407	139	1	1	2	Theme	-1	Matthew	1	Theme		-1	-1	2	stood	[1, 2]	['stood', 'against']	23	185	196	196	196	196	240	432	432	432	-1	-1	5	0	0
9408	139	1	1	2	Theme	-1	Matthew	1	Theme		-1	-1	2	stood	[1, 2]	['stood', 'against']	24	166	148	148	148	148	248	248	248	248	-1	-1	5	0	0
9409	139	1	1	2	Theme	-1	Matthew	1	Theme		-1	-1	2	stood	[1, 2]	['stood', 'against']	25	118	144	144	144	144	184	360	360	360	-1	-1	5	0	0
9410	139	1	1	2	Theme	-1	Matthew	1	Theme		-1	-1	2	stood	[1, 2]	['stood', 'against']	27	102	220	220	220	220	204	204	204	204	-1	-1	5	0	0
9411	139	1	1	2	Theme	-1	Matthew	1	Theme		-1	-1	2	stood	[1, 2]	['stood', 'against']	28	123	316	316	316	316	24	244	244	244	-1	-1	5	0	0
9412	139	1	1	2	Theme	-1	Matthew	1	Theme		-1	-1	2	stood	[1, 2]	['stood', 'against']	29	51	48	48	48	48	192	192	396	840	-1	-1	5	0	0
9413	139	1	1	2	Theme	-1	Matthew	1	Theme		-1	-1	2	stood	[1, 2]	['stood', 'against']	30	41	328	328	328	328	224	224	224	224	-1	-1	5	0	0
9414	139	1	1	2	Theme	-1	Matthew	1	Theme		-1	-1	2	stood	[1, 2]	['stood', 'against']	31	86	0	0	0	0	160	316	316	316	-1	-1	5	1	0
9415	139	1	1	2	Theme	-1	Matthew	1	Theme		-1	-1	2	stood	[1, 2]	['stood', 'against']	32	5	208	208	208	208	188	188	188	188	-1	-1	5	0	0
9416	139	1	1	2	Theme	-1	Matthew	1	Theme		-1	-1	2	stood	[1, 2]	['stood', 'against']	33	47	64	224	224	224	204	336	336	336	-1	-1	5	0	0
9417	139	1	1	2	Theme	-1	Matthew	1	Theme		-1	-1	2	stood	[1, 2]	['stood', 'against']	34	43	224	432	432	432	216	216	216	216	-1	-1	5	0	0
9418	139	1	1	2	Theme	-1	Matthew	1	Theme		-1	-1	2	stood	[1, 2]	['stood', 'against']	35	21	208	208	208	208	208	208	208	208	-1	-1	5	0	0
9420	139	1	1	2	Theme	-1	Matthew	1	Theme		-1	-1	2	stood	[1, 2]	['stood', 'against']	37	37	24	24	216	332	148	148	148	148	-1	-1	5	0	0
9421	139	1	1	2	Theme	-1	Matthew	1	Theme		-1	-1	2	stood	[1, 2]	['stood', 'against']	38	77	220	220	220	220	212	212	212	212	-1	-1	5	0	0
9422	139	1	1	2	Theme	-1	Matthew	1	Theme		-1	-1	2	stood	[1, 2]	['stood', 'against']	39	178	132	132	132	132	144	144	144	144	-1	-1	5	0	0
9423	139	1	1	2	Theme	-1	Matthew	1	Theme		-1	-1	2	stood	[1, 2]	['stood', 'against']	40	42	148	148	148	148	188	188	188	188	-1	-1	5	0	0
9424	139	1	1	2	Theme	-1	Matthew	1	Theme		-1	-1	2	stood	[1, 2]	['stood', 'against']	41	105	184	184	348	496	168	168	168	168	-1	-1	5	0	0
9425	139	1	1	2	Theme	-1	Matthew	1	Theme		-1	-1	2	stood	[1, 2]	['stood', 'against']	42	158	156	156	156	156	212	212	212	212	-1	-1	5	0	0
9426	139	1	1	2	Theme	-1	Matthew	1	Theme		-1	-1	2	stood	[1, 2]	['stood', 'against']	43	204	152	152	152	152	168	168	168	168	-1	-1	5	0	0
9427	140	1	1	1	Theme	-1		-1	Theme		-1	-1	1	Run	[0, 1]	['Run', 'along']	1	57	0	0	0	0	224	224	532	796	-1	-1	3	1	0
9428	140	1	1	1	Theme	-1		-1	Theme		-1	-1	1	Run	[0, 1]	['Run', 'along']	2	76	256	256	256	256	76	172	172	172	-1	-1	3	0	0
9429	140	1	1	1	Theme	-1		-1	Theme		-1	-1	1	Run	[0, 1]	['Run', 'along']	3	70	0	0	0	0	132	252	456	624	-1	-1	3	1	0
9430	140	1	1	1	Theme	-1		-1	Theme		-1	-1	1	Run	[0, 1]	['Run', 'along']	4	116	0	0	0	0	408	408	408	408	-1	-1	3	1	0
9433	140	1	1	1	Theme	-1		-1	Theme		-1	-1	1	Run	[0, 1]	['Run', 'along']	7	132	0	0	0	0	100	100	100	100	-1	-1	3	1	0
9434	140	1	1	1	Theme	-1		-1	Theme		-1	-1	1	Run	[0, 1]	['Run', 'along']	8	70	0	0	0	0	224	224	404	540	-1	-1	3	1	0
9435	140	1	1	1	Theme	-1		-1	Theme		-1	-1	1	Run	[0, 1]	['Run', 'along']	9	20	0	0	0	0	264	444	632	748	-1	-1	3	1	0
9437	140	1	1	1	Theme	-1		-1	Theme		-1	-1	1	Run	[0, 1]	['Run', 'along']	11	150	284	284	284	284	200	200	200	200	-1	-1	3	0	0
9439	140	1	1	1	Theme	-1		-1	Theme		-1	-1	1	Run	[0, 1]	['Run', 'along']	13	172	364	364	364	364	240	240	240	240	-1	-1	3	0	0
9440	140	1	1	1	Theme	-1		-1	Theme		-1	-1	1	Run	[0, 1]	['Run', 'along']	14	202	0	0	0	0	264	264	416	596	-1	-1	3	1	0
9441	140	1	1	1	Theme	-1		-1	Theme		-1	-1	1	Run	[0, 1]	['Run', 'along']	15	105	0	0	0	0	260	260	260	260	-1	-1	3	1	0
9442	140	1	1	1	Theme	-1		-1	Theme		-1	-1	1	Run	[0, 1]	['Run', 'along']	16	151	368	368	368	368	188	188	188	188	-1	-1	3	0	0
9443	140	1	1	1	Theme	-1		-1	Theme		-1	-1	1	Run	[0, 1]	['Run', 'along']	18	178	0	0	0	0	264	264	264	264	-1	-1	3	1	0
9444	140	1	1	1	Theme	-1		-1	Theme		-1	-1	1	Run	[0, 1]	['Run', 'along']	19	193	276	276	276	276	144	144	144	144	-1	-1	3	0	0
9447	140	1	1	1	Theme	-1		-1	Theme		-1	-1	1	Run	[0, 1]	['Run', 'along']	22	2	0	0	0	0	160	292	508	736	-1	-1	3	1	0
9448	140	1	1	1	Theme	-1		-1	Theme		-1	-1	1	Run	[0, 1]	['Run', 'along']	23	135	324	324	324	324	240	240	240	240	-1	-1	3	0	0
9449	140	1	1	1	Theme	-1		-1	Theme		-1	-1	1	Run	[0, 1]	['Run', 'along']	24	69	0	0	0	0	284	284	436	580	-1	-1	3	1	0
9450	140	1	1	1	Theme	-1		-1	Theme		-1	-1	1	Run	[0, 1]	['Run', 'along']	25	155	0	0	0	0	284	628	628	628	-1	-1	3	1	0
9451	140	1	1	1	Theme	-1		-1	Theme		-1	-1	1	Run	[0, 1]	['Run', 'along']	27	101	0	0	0	0	116	348	348	348	-1	-1	3	1	0
9453	140	1	1	1	Theme	-1		-1	Theme		-1	-1	1	Run	[0, 1]	['Run', 'along']	29	101	0	0	0	0	280	336	336	336	-1	-1	3	1	0
9454	140	1	1	1	Theme	-1		-1	Theme		-1	-1	1	Run	[0, 1]	['Run', 'along']	30	84	248	248	248	248	212	420	420	420	-1	-1	3	0	0
9455	140	1	1	1	Theme	-1		-1	Theme		-1	-1	1	Run	[0, 1]	['Run', 'along']	31	93	0	0	0	0	260	260	260	260	-1	-1	3	1	0
9456	140	1	1	1	Theme	-1		-1	Theme		-1	-1	1	Run	[0, 1]	['Run', 'along']	32	169	240	416	416	416	204	204	204	204	-1	-1	3	0	0
9457	140	1	1	1	Theme	-1		-1	Theme		-1	-1	1	Run	[0, 1]	['Run', 'along']	33	27	0	0	0	0	80	80	284	796	-1	-1	3	1	0
9458	140	1	1	1	Theme	-1		-1	Theme		-1	-1	1	Run	[0, 1]	['Run', 'along']	34	25	0	0	0	0	336	948	948	948	-1	-1	3	1	0
9459	140	1	1	1	Theme	-1		-1	Theme		-1	-1	1	Run	[0, 1]	['Run', 'along']	35	103	240	240	240	240	148	148	148	148	-1	-1	3	0	0
9460	140	1	1	1	Theme	-1		-1	Theme		-1	-1	1	Run	[0, 1]	['Run', 'along']	36	26	0	0	0	0	152	152	152	152	-1	-1	3	1	0
9461	140	1	1	1	Theme	-1		-1	Theme		-1	-1	1	Run	[0, 1]	['Run', 'along']	37	2	180	180	180	180	60	60	368	592	-1	-1	3	0	0
9462	140	1	1	1	Theme	-1		-1	Theme		-1	-1	1	Run	[0, 1]	['Run', 'along']	38	122	0	0	0	0	360	360	360	480	-1	-1	3	1	0
9466	140	1	1	1	Theme	-1		-1	Theme		-1	-1	1	Run	[0, 1]	['Run', 'along']	42	69	0	0	0	0	352	352	352	440	-1	-1	3	1	0
9467	140	1	1	1	Theme	-1		-1	Theme		-1	-1	1	Run	[0, 1]	['Run', 'along']	43	20	48	48	48	48	216	216	360	492	-1	-1	3	0	0
9468	140	4	1	2	Agent	-4		-1	Agent		-1	-4	6	bring	[5]	['bring']	1	57	188	188	188	188	160	160	160	160	-4	-4	5	0	0
9470	140	4	1	2	Agent	-4		-1	Agent		-1	-4	6	bring	[5]	['bring']	3	70	176	176	176	176	188	188	188	188	-4	-4	5	0	0
9478	140	4	1	2	Agent	-4		-1	Agent		-1	-4	6	bring	[5]	['bring']	11	150	176	176	176	176	136	136	136	136	-4	-4	5	0	0
9485	140	4	1	2	Agent	-4		-1	Agent		-1	-4	6	bring	[5]	['bring']	19	193	196	196	196	196	232	232	232	232	-4	-4	5	0	0
9486	140	4	1	2	Agent	-4		-1	Agent		-1	-4	6	bring	[5]	['bring']	20	165	0	0	0	0	140	140	140	140	-4	-4	5	1	0
9489	140	4	1	2	Agent	-4		-1	Agent		-1	-4	6	bring	[5]	['bring']	23	135	140	140	492	912	168	168	168	168	-4	-4	5	0	0
9492	140	4	1	2	Agent	-4		-1	Agent		-1	-4	6	bring	[5]	['bring']	27	101	168	324	324	324	216	216	216	216	-4	-4	5	0	0
9497	140	4	1	2	Agent	-4		-1	Agent		-1	-4	6	bring	[5]	['bring']	32	169	208	208	208	208	300	300	300	300	-4	-4	5	0	0
9498	140	4	1	2	Agent	-4		-1	Agent		-1	-4	6	bring	[5]	['bring']	33	27	232	232	232	232	160	160	160	160	-4	-4	5	0	0
9502	140	4	1	2	Agent	-4		-1	Agent		-1	-4	6	bring	[5]	['bring']	37	2	156	264	264	264	180	180	180	180	-4	-4	5	0	0
9550	141	2	2	1	Manner	-1	just	2	Agent	She	1	-2	3	kept	[2]	['kept']	1	85	252	252	252	252	144	144	144	144	-1	-2	4	0	0
9551	141	2	2	1	Manner	-1	just	2	Agent	She	1	-2	3	kept	[2]	['kept']	2	59	96	96	96	96	136	280	280	280	-1	-2	4	0	0
9552	141	2	2	1	Manner	-1	just	2	Agent	She	1	-2	3	kept	[2]	['kept']	3	83	196	372	372	372	180	276	276	276	-1	-2	4	0	0
9553	141	2	2	1	Manner	-1	just	2	Agent	She	1	-2	3	kept	[2]	['kept']	4	141	168	168	168	168	236	236	236	236	-1	-2	4	0	0
9554	141	2	2	1	Manner	-1	just	2	Agent	She	1	-2	3	kept	[2]	['kept']	5	186	220	220	220	220	156	156	156	156	-1	-2	4	0	0
9555	141	2	2	1	Manner	-1	just	2	Agent	She	1	-2	3	kept	[2]	['kept']	6	78	92	92	92	92	168	168	168	168	-1	-2	4	0	0
9556	141	2	2	1	Manner	-1	just	2	Agent	She	1	-2	3	kept	[2]	['kept']	7	141	108	108	108	108	132	132	132	132	-1	-2	4	0	0
9557	141	2	2	1	Manner	-1	just	2	Agent	She	1	-2	3	kept	[2]	['kept']	8	9	200	200	200	200	224	224	224	224	-1	-2	4	0	0
9558	141	2	2	1	Manner	-1	just	2	Agent	She	1	-2	3	kept	[2]	['kept']	9	26	180	180	180	180	120	340	340	340	-1	-2	4	0	0
9559	141	2	2	1	Manner	-1	just	2	Agent	She	1	-2	3	kept	[2]	['kept']	10	139	148	148	148	148	104	104	104	104	-1	-2	4	0	0
9560	141	2	2	1	Manner	-1	just	2	Agent	She	1	-2	3	kept	[2]	['kept']	11	65	156	156	156	156	144	144	144	144	-1	-2	4	0	0
9561	141	2	2	1	Manner	-1	just	2	Agent	She	1	-2	3	kept	[2]	['kept']	12	70	176	176	176	176	248	248	248	248	-1	-2	4	0	0
9562	141	2	2	1	Manner	-1	just	2	Agent	She	1	-2	3	kept	[2]	['kept']	13	121	292	292	292	292	164	164	164	164	-1	-2	4	0	0
9563	141	2	2	1	Manner	-1	just	2	Agent	She	1	-2	3	kept	[2]	['kept']	14	69	288	288	288	612	164	164	164	164	-1	-2	4	0	0
9564	141	2	2	1	Manner	-1	just	2	Agent	She	1	-2	3	kept	[2]	['kept']	15	82	0	0	0	0	176	176	176	176	-1	-2	4	1	0
9565	141	2	2	1	Manner	-1	just	2	Agent	She	1	-2	3	kept	[2]	['kept']	16	65	160	160	160	160	200	200	200	200	-1	-2	4	0	0
9567	141	2	2	1	Manner	-1	just	2	Agent	She	1	-2	3	kept	[2]	['kept']	18	202	0	0	0	0	176	176	176	176	-1	-2	4	1	0
9568	141	2	2	1	Manner	-1	just	2	Agent	She	1	-2	3	kept	[2]	['kept']	19	68	208	208	324	592	60	196	196	196	-1	-2	4	0	0
9569	141	2	2	1	Manner	-1	just	2	Agent	She	1	-2	3	kept	[2]	['kept']	20	140	260	332	332	332	168	168	168	168	-1	-2	4	0	0
9570	141	2	2	1	Manner	-1	just	2	Agent	She	1	-2	3	kept	[2]	['kept']	21	156	0	0	0	0	128	128	128	128	-1	-2	4	1	0
9571	141	2	2	1	Manner	-1	just	2	Agent	She	1	-2	3	kept	[2]	['kept']	22	64	176	176	176	176	212	212	212	212	-1	-2	4	0	0
9572	141	2	2	1	Manner	-1	just	2	Agent	She	1	-2	3	kept	[2]	['kept']	23	73	272	272	272	272	152	152	576	704	-1	-2	4	0	0
9573	141	2	2	1	Manner	-1	just	2	Agent	She	1	-2	3	kept	[2]	['kept']	24	42	284	284	536	652	204	204	204	204	-1	-2	4	0	0
9574	141	2	2	1	Manner	-1	just	2	Agent	She	1	-2	3	kept	[2]	['kept']	25	94	180	180	180	180	224	224	224	224	-1	-2	4	0	0
9575	141	2	2	1	Manner	-1	just	2	Agent	She	1	-2	3	kept	[2]	['kept']	27	168	208	208	208	208	164	164	164	164	-1	-2	4	0	0
9576	141	2	2	1	Manner	-1	just	2	Agent	She	1	-2	3	kept	[2]	['kept']	28	69	300	300	300	300	252	404	404	404	-1	-2	4	0	0
9577	141	2	2	1	Manner	-1	just	2	Agent	She	1	-2	3	kept	[2]	['kept']	29	48	0	0	0	0	244	244	432	1096	-1	-2	4	1	0
9578	141	2	2	1	Manner	-1	just	2	Agent	She	1	-2	3	kept	[2]	['kept']	30	106	100	188	188	188	384	384	384	384	-1	-2	4	0	0
9579	141	2	2	1	Manner	-1	just	2	Agent	She	1	-2	3	kept	[2]	['kept']	31	100	172	172	172	172	192	192	192	192	-1	-2	4	0	0
9580	141	2	2	1	Manner	-1	just	2	Agent	She	1	-2	3	kept	[2]	['kept']	32	197	240	240	240	348	272	272	272	272	-1	-2	4	0	0
9582	141	2	2	1	Manner	-1	just	2	Agent	She	1	-2	3	kept	[2]	['kept']	34	60	184	184	184	184	168	168	168	168	-1	-2	4	0	0
9583	141	2	2	1	Manner	-1	just	2	Agent	She	1	-2	3	kept	[2]	['kept']	35	136	164	164	164	164	180	332	332	332	-1	-2	4	0	0
9584	141	2	2	1	Manner	-1	just	2	Agent	She	1	-2	3	kept	[2]	['kept']	36	202	168	168	168	168	132	132	132	132	-1	-2	4	0	0
9585	141	2	2	1	Manner	-1	just	2	Agent	She	1	-2	3	kept	[2]	['kept']	37	186	136	136	136	136	164	164	164	164	-1	-2	4	0	0
9586	141	2	2	1	Manner	-1	just	2	Agent	She	1	-2	3	kept	[2]	['kept']	38	199	0	0	0	0	176	176	176	176	-1	-2	4	1	0
9587	141	2	2	1	Manner	-1	just	2	Agent	She	1	-2	3	kept	[2]	['kept']	39	173	0	0	0	0	160	160	160	160	-1	-2	4	1	0
9589	141	2	2	1	Manner	-1	just	2	Agent	She	1	-2	3	kept	[2]	['kept']	41	10	272	272	272	272	176	176	176	176	-1	-2	4	0	0
9591	141	2	2	1	Manner	-1	just	2	Agent	She	1	-2	3	kept	[2]	['kept']	43	31	172	172	172	172	188	188	188	188	-1	-2	4	0	0
9592	141	4	1	1	Agent	-4	She	1	Agent		-1	-4	4	telling	[3]	['telling']	1	85	144	144	144	144	244	244	244	244	-4	-4	7	0	0
9593	141	4	1	1	Agent	-4	She	1	Agent		-1	-4	4	telling	[3]	['telling']	2	59	136	280	280	280	112	112	112	112	-4	-4	7	0	0
9594	141	4	1	1	Agent	-4	She	1	Agent		-1	-4	4	telling	[3]	['telling']	3	83	180	276	276	276	244	244	244	244	-4	-4	7	0	0
9595	141	4	1	1	Agent	-4	She	1	Agent		-1	-4	4	telling	[3]	['telling']	4	141	236	236	236	236	208	208	208	208	-4	-4	7	0	0
9596	141	4	1	1	Agent	-4	She	1	Agent		-1	-4	4	telling	[3]	['telling']	5	186	156	156	156	156	220	220	220	220	-4	-4	7	0	0
9597	141	4	1	1	Agent	-4	She	1	Agent		-1	-4	4	telling	[3]	['telling']	6	78	168	168	168	168	180	180	180	180	-4	-4	7	0	0
9598	141	4	1	1	Agent	-4	She	1	Agent		-1	-4	4	telling	[3]	['telling']	7	141	132	132	132	132	188	188	216	588	-4	-4	7	0	0
9599	141	4	1	1	Agent	-4	She	1	Agent		-1	-4	4	telling	[3]	['telling']	8	9	224	224	224	224	188	188	188	188	-4	-4	7	0	0
9600	141	4	1	1	Agent	-4	She	1	Agent		-1	-4	4	telling	[3]	['telling']	9	26	120	340	340	340	164	164	164	164	-4	-4	7	0	0
9601	141	4	1	1	Agent	-4	She	1	Agent		-1	-4	4	telling	[3]	['telling']	10	139	104	104	104	104	156	156	156	156	-4	-4	7	0	0
9602	141	4	1	1	Agent	-4	She	1	Agent		-1	-4	4	telling	[3]	['telling']	11	65	144	144	144	144	256	256	256	256	-4	-4	7	0	0
9603	141	4	1	1	Agent	-4	She	1	Agent		-1	-4	4	telling	[3]	['telling']	12	70	248	248	248	248	104	104	104	104	-4	-4	7	0	0
9604	141	4	1	1	Agent	-4	She	1	Agent		-1	-4	4	telling	[3]	['telling']	13	121	164	164	164	164	128	128	128	128	-4	-4	7	0	0
9605	141	4	1	1	Agent	-4	She	1	Agent		-1	-4	4	telling	[3]	['telling']	14	69	164	164	164	164	244	244	244	244	-4	-4	7	0	0
9607	141	4	1	1	Agent	-4	She	1	Agent		-1	-4	4	telling	[3]	['telling']	16	65	200	200	200	200	132	280	280	280	-4	-4	7	0	0
9609	141	4	1	1	Agent	-4	She	1	Agent		-1	-4	4	telling	[3]	['telling']	18	202	176	176	176	176	156	156	156	156	-4	-4	7	0	0
9610	141	4	1	1	Agent	-4	She	1	Agent		-1	-4	4	telling	[3]	['telling']	19	68	60	196	196	196	140	140	140	140	-4	-4	7	0	0
9611	141	4	1	1	Agent	-4	She	1	Agent		-1	-4	4	telling	[3]	['telling']	20	140	168	168	168	168	140	140	140	140	-4	-4	7	0	0
9612	141	4	1	1	Agent	-4	She	1	Agent		-1	-4	4	telling	[3]	['telling']	21	156	128	128	128	128	140	140	140	140	-4	-4	7	0	0
9613	141	4	1	1	Agent	-4	She	1	Agent		-1	-4	4	telling	[3]	['telling']	22	64	212	212	212	212	292	292	292	292	-4	-4	7	0	0
9614	141	4	1	1	Agent	-4	She	1	Agent		-1	-4	4	telling	[3]	['telling']	23	73	152	152	576	704	264	264	264	264	-4	-4	7	0	0
9615	141	4	1	1	Agent	-4	She	1	Agent		-1	-4	4	telling	[3]	['telling']	24	42	204	204	204	204	180	180	180	180	-4	-4	7	0	0
9616	141	4	1	1	Agent	-4	She	1	Agent		-1	-4	4	telling	[3]	['telling']	25	94	224	224	224	224	280	280	280	280	-4	-4	7	0	0
9617	141	4	1	1	Agent	-4	She	1	Agent		-1	-4	4	telling	[3]	['telling']	27	168	164	164	164	164	184	184	184	184	-4	-4	7	0	0
9618	141	4	1	1	Agent	-4	She	1	Agent		-1	-4	4	telling	[3]	['telling']	28	69	252	404	404	404	236	236	236	236	-4	-4	7	0	0
9619	141	4	1	1	Agent	-4	She	1	Agent		-1	-4	4	telling	[3]	['telling']	29	48	244	244	432	1096	208	208	208	208	-4	-4	7	0	0
9620	141	4	1	1	Agent	-4	She	1	Agent		-1	-4	4	telling	[3]	['telling']	30	106	384	384	384	384	84	84	84	84	-4	-4	7	0	0
9621	141	4	1	1	Agent	-4	She	1	Agent		-1	-4	4	telling	[3]	['telling']	31	100	192	192	192	192	148	148	148	148	-4	-4	7	0	0
9622	141	4	1	1	Agent	-4	She	1	Agent		-1	-4	4	telling	[3]	['telling']	32	197	272	272	272	272	308	308	308	308	-4	-4	7	0	0
9624	141	4	1	1	Agent	-4	She	1	Agent		-1	-4	4	telling	[3]	['telling']	34	60	168	168	168	168	168	168	168	168	-4	-4	7	0	0
9625	141	4	1	1	Agent	-4	She	1	Agent		-1	-4	4	telling	[3]	['telling']	35	136	180	332	332	332	160	160	160	160	-4	-4	7	0	0
9626	141	4	1	1	Agent	-4	She	1	Agent		-1	-4	4	telling	[3]	['telling']	36	202	132	132	132	132	196	196	196	196	-4	-4	7	0	0
9627	141	4	1	1	Agent	-4	She	1	Agent		-1	-4	4	telling	[3]	['telling']	37	186	164	164	164	164	132	132	132	132	-4	-4	7	0	0
9628	141	4	1	1	Agent	-4	She	1	Agent		-1	-4	4	telling	[3]	['telling']	38	199	176	176	176	176	188	188	188	188	-4	-4	7	0	0
9629	141	4	1	1	Agent	-4	She	1	Agent		-1	-4	4	telling	[3]	['telling']	39	173	160	160	160	160	132	132	132	132	-4	-4	7	0	0
9630	141	4	1	1	Agent	-4	She	1	Agent		-1	-4	4	telling	[3]	['telling']	40	94	0	0	0	0	24	24	24	24	-4	-4	7	1	0
9631	141	4	1	1	Agent	-4	She	1	Agent		-1	-4	4	telling	[3]	['telling']	41	10	176	176	176	176	156	156	156	156	-4	-4	7	0	0
9632	141	4	1	1	Agent	-4	She	1	Agent		-1	-4	4	telling	[3]	['telling']	42	200	0	0	0	0	152	152	152	152	-4	-4	7	1	0
9633	141	4	1	1	Agent	-4	She	1	Agent		-1	-4	4	telling	[3]	['telling']	43	31	188	188	188	188	200	200	200	200	-4	-4	7	0	0
9639	141	7	1	1	Agent	-1	he	6	Agent		-1	-1	9	learn	[8]	['learn']	6	78	0	0	0	0	352	352	352	1348	-1	-1	5	1	0
9643	141	7	1	1	Agent	-1	he	6	Agent		-1	-1	9	learn	[8]	['learn']	10	139	152	152	152	152	248	248	248	248	-1	-1	5	0	0
9644	141	7	1	1	Agent	-1	he	6	Agent		-1	-1	9	learn	[8]	['learn']	11	65	176	176	320	700	152	152	152	152	-1	-1	5	0	0
9653	141	7	1	1	Agent	-1	he	6	Agent		-1	-1	9	learn	[8]	['learn']	20	140	168	168	168	168	128	128	128	880	-1	-1	5	0	0
9657	141	7	1	1	Agent	-1	he	6	Agent		-1	-1	9	learn	[8]	['learn']	24	42	244	244	244	548	144	144	144	144	-1	-1	5	0	0
9662	141	7	1	1	Agent	-1	he	6	Agent		-1	-1	9	learn	[8]	['learn']	30	106	76	180	180	180	100	132	132	132	-1	-1	5	0	0
9668	141	7	1	1	Agent	-1	he	6	Agent		-1	-1	9	learn	[8]	['learn']	36	202	0	0	0	0	148	148	148	148	-1	-1	5	1	0
9669	141	7	1	1	Agent	-1	he	6	Agent		-1	-1	9	learn	[8]	['learn']	37	186	236	236	236	236	164	164	508	856	-1	-1	5	0	0
9670	141	7	1	1	Agent	-1	he	6	Agent		-1	-1	9	learn	[8]	['learn']	38	199	268	268	268	268	108	108	108	108	-1	-1	5	0	0
9671	141	7	1	1	Agent	-1	he	6	Agent		-1	-1	9	learn	[8]	['learn']	39	173	0	0	0	0	284	284	284	1024	-1	-1	5	1	0
9672	141	7	1	1	Agent	-1	he	6	Agent		-1	-1	9	learn	[8]	['learn']	40	94	48	96	96	96	136	136	136	136	-1	-1	5	0	0
9675	141	7	1	1	Agent	-1	he	6	Agent		-1	-1	9	learn	[8]	['learn']	43	31	144	144	144	144	260	260	260	928	-1	-1	5	0	0
9677	142	1	1	1	Agent	-1	She	1	Agent		-1	-1	2	wound	[1, 2]	['wound', 'up']	2	27	156	156	580	668	196	196	196	340	-1	-1	5	0	0
9678	142	1	1	1	Agent	-1	She	1	Agent		-1	-1	2	wound	[1, 2]	['wound', 'up']	3	32	528	528	528	528	132	304	304	304	-1	-1	5	0	0
9682	142	1	1	1	Agent	-1	She	1	Agent		-1	-1	2	wound	[1, 2]	['wound', 'up']	7	192	276	276	276	276	112	112	112	112	-1	-1	5	0	0
9683	142	1	1	1	Agent	-1	She	1	Agent		-1	-1	2	wound	[1, 2]	['wound', 'up']	8	92	240	240	408	516	232	232	232	232	-1	-1	5	0	0
9685	142	1	1	1	Agent	-1	She	1	Agent		-1	-1	2	wound	[1, 2]	['wound', 'up']	11	129	172	172	172	172	264	264	264	264	-1	-1	5	0	0
9693	142	1	1	1	Agent	-1	She	1	Agent		-1	-1	2	wound	[1, 2]	['wound', 'up']	19	155	164	164	164	164	128	128	128	128	-1	-1	5	0	0
9695	142	1	1	1	Agent	-1	She	1	Agent		-1	-1	2	wound	[1, 2]	['wound', 'up']	21	198	0	0	0	0	124	124	124	340	-1	-1	5	1	0
9697	142	1	1	1	Agent	-1	She	1	Agent		-1	-1	2	wound	[1, 2]	['wound', 'up']	23	131	212	212	212	212	200	200	200	524	-1	-1	5	0	0
9698	142	1	1	1	Agent	-1	She	1	Agent		-1	-1	2	wound	[1, 2]	['wound', 'up']	24	59	328	328	328	328	220	292	292	292	-1	-1	5	0	0
9699	142	1	1	1	Agent	-1	She	1	Agent		-1	-1	2	wound	[1, 2]	['wound', 'up']	25	168	224	440	440	440	144	144	144	144	-1	-1	5	0	0
9701	142	1	1	1	Agent	-1	She	1	Agent		-1	-1	2	wound	[1, 2]	['wound', 'up']	28	124	60	60	328	584	204	552	552	812	-1	-1	5	0	0
9703	142	1	1	1	Agent	-1	She	1	Agent		-1	-1	2	wound	[1, 2]	['wound', 'up']	30	157	204	204	400	700	200	404	404	404	-1	-1	5	0	0
9704	142	1	1	1	Agent	-1	She	1	Agent		-1	-1	2	wound	[1, 2]	['wound', 'up']	31	38	0	0	0	0	172	172	172	172	-1	-1	5	1	0
9705	142	1	1	1	Agent	-1	She	1	Agent		-1	-1	2	wound	[1, 2]	['wound', 'up']	32	139	144	144	372	752	216	216	216	216	-1	-1	5	0	0
9706	142	1	1	1	Agent	-1	She	1	Agent		-1	-1	2	wound	[1, 2]	['wound', 'up']	33	65	200	200	200	200	200	200	200	200	-1	-1	5	0	0
9707	142	1	1	1	Agent	-1	She	1	Agent		-1	-1	2	wound	[1, 2]	['wound', 'up']	34	30	280	280	280	280	192	192	192	192	-1	-1	5	0	0
9710	142	1	1	1	Agent	-1	She	1	Agent		-1	-1	2	wound	[1, 2]	['wound', 'up']	37	16	156	392	392	392	152	152	152	152	-1	-1	5	0	0
9715	142	1	1	1	Agent	-1	She	1	Agent		-1	-1	2	wound	[1, 2]	['wound', 'up']	42	189	312	312	312	312	140	140	140	140	-1	-1	5	0	0
9716	142	1	1	1	Agent	-1	She	1	Agent		-1	-1	2	wound	[1, 2]	['wound', 'up']	43	86	268	364	364	364	192	192	192	192	-1	-1	5	0	0
9719	142	3	1	2	Agent	-3	She	1	Agent		-1	-3	4	talking	[3, 4]	['talking', 'to']	3	32	0	0	0	0	96	96	392	1920	-3	-3	7	1	0
9721	142	3	1	2	Agent	-3	She	1	Agent		-1	-3	4	talking	[3, 4]	['talking', 'to']	5	101	284	284	760	1628	220	220	220	220	-3	-3	7	0	0
9725	142	3	1	2	Agent	-3	She	1	Agent		-1	-3	4	talking	[3, 4]	['talking', 'to']	10	167	196	196	196	196	148	148	148	148	-3	-3	7	0	0
9726	142	3	1	2	Agent	-3	She	1	Agent		-1	-3	4	talking	[3, 4]	['talking', 'to']	11	129	128	128	316	584	168	168	168	400	-3	-3	7	0	0
9727	142	3	1	2	Agent	-3	She	1	Agent		-1	-3	4	talking	[3, 4]	['talking', 'to']	12	141	140	140	140	140	156	156	156	156	-3	-3	7	0	0
9728	142	3	1	2	Agent	-3	She	1	Agent		-1	-3	4	talking	[3, 4]	['talking', 'to']	13	178	200	200	200	200	188	188	188	188	-3	-3	7	0	0
9732	142	3	1	2	Agent	-3	She	1	Agent		-1	-3	4	talking	[3, 4]	['talking', 'to']	17	145	304	304	520	828	168	168	168	168	-3	-3	7	0	0
9734	142	3	1	2	Agent	-3	She	1	Agent		-1	-3	4	talking	[3, 4]	['talking', 'to']	19	155	164	164	164	164	184	184	184	184	-3	-3	7	0	0
9736	142	3	1	2	Agent	-3	She	1	Agent		-1	-3	4	talking	[3, 4]	['talking', 'to']	21	198	132	132	132	132	244	244	244	372	-3	-3	7	0	0
9738	142	3	1	2	Agent	-3	She	1	Agent		-1	-3	4	talking	[3, 4]	['talking', 'to']	23	131	272	272	272	272	172	172	172	172	-3	-3	7	0	0
9739	142	3	1	2	Agent	-3	She	1	Agent		-1	-3	4	talking	[3, 4]	['talking', 'to']	24	59	196	196	196	196	364	364	364	364	-3	-3	7	0	0
9751	142	3	1	2	Agent	-3	She	1	Agent		-1	-3	4	talking	[3, 4]	['talking', 'to']	37	16	188	188	188	188	204	204	204	204	-3	-3	7	0	0
9754	142	3	1	2	Agent	-3	She	1	Agent		-1	-3	4	talking	[3, 4]	['talking', 'to']	40	8	160	160	160	160	152	328	328	328	-3	-3	7	0	0
9756	142	3	1	2	Agent	-3	She	1	Agent		-1	-3	4	talking	[3, 4]	['talking', 'to']	42	189	136	136	240	368	176	176	176	176	-3	-3	7	0	0
9758	143	1	1	1	Theme	-1	gate	2	Theme		-1	-1	3	was	[2]	['was']	1	128	260	260	260	260	252	252	252	252	-1	-1	3	0	0
9759	143	1	1	1	Theme	-1	gate	2	Theme		-1	-1	3	was	[2]	['was']	2	159	0	0	0	0	160	264	264	264	-1	-1	3	1	0
9760	143	1	1	1	Theme	-1	gate	2	Theme		-1	-1	3	was	[2]	['was']	3	134	116	116	116	116	148	376	376	376	-1	-1	3	0	0
9762	143	1	1	1	Theme	-1	gate	2	Theme		-1	-1	3	was	[2]	['was']	5	165	200	200	200	200	180	180	180	516	-1	-1	3	0	0
9763	143	1	1	1	Theme	-1	gate	2	Theme		-1	-1	3	was	[2]	['was']	6	82	164	164	164	164	100	100	396	600	-1	-1	3	0	0
9764	143	1	1	1	Theme	-1	gate	2	Theme		-1	-1	3	was	[2]	['was']	7	25	0	0	0	0	240	292	292	292	-1	-1	3	1	0
9765	143	1	1	1	Theme	-1	gate	2	Theme		-1	-1	3	was	[2]	['was']	8	152	140	140	140	140	128	128	128	128	-1	-1	3	0	0
9766	143	1	1	1	Theme	-1	gate	2	Theme		-1	-1	3	was	[2]	['was']	9	33	320	320	320	320	188	188	188	188	-1	-1	3	0	0
9767	143	1	1	1	Theme	-1	gate	2	Theme		-1	-1	3	was	[2]	['was']	10	97	176	176	176	176	176	176	176	176	-1	-1	3	0	0
9768	143	1	1	1	Theme	-1	gate	2	Theme		-1	-1	3	was	[2]	['was']	11	90	152	152	152	152	132	132	132	132	-1	-1	3	0	0
9769	143	1	1	1	Theme	-1	gate	2	Theme		-1	-1	3	was	[2]	['was']	12	37	0	0	0	0	248	248	532	852	-1	-1	3	1	0
9770	143	1	1	1	Theme	-1	gate	2	Theme		-1	-1	3	was	[2]	['was']	13	106	0	0	0	0	248	248	248	248	-1	-1	3	1	0
9771	143	1	1	1	Theme	-1	gate	2	Theme		-1	-1	3	was	[2]	['was']	14	104	192	192	192	192	216	216	348	788	-1	-1	3	0	0
9772	143	1	1	1	Theme	-1	gate	2	Theme		-1	-1	3	was	[2]	['was']	15	197	0	0	0	0	216	216	216	216	-1	-1	3	1	0
9773	143	1	1	1	Theme	-1	gate	2	Theme		-1	-1	3	was	[2]	['was']	16	122	168	168	168	168	144	144	144	144	-1	-1	3	0	0
9774	143	1	1	1	Theme	-1	gate	2	Theme		-1	-1	3	was	[2]	['was']	17	167	0	0	0	0	184	184	184	240	-1	-1	3	1	0
9775	143	1	1	1	Theme	-1	gate	2	Theme		-1	-1	3	was	[2]	['was']	18	141	0	0	0	0	236	236	236	236	-1	-1	3	1	0
9776	143	1	1	1	Theme	-1	gate	2	Theme		-1	-1	3	was	[2]	['was']	19	192	0	0	0	0	140	328	328	328	-1	-1	3	1	0
9777	143	1	1	1	Theme	-1	gate	2	Theme		-1	-1	3	was	[2]	['was']	20	27	0	0	0	0	188	328	328	328	-1	-1	3	1	0
9778	143	1	1	1	Theme	-1	gate	2	Theme		-1	-1	3	was	[2]	['was']	21	144	0	0	0	0	176	176	176	176	-1	-1	3	1	0
9779	143	1	1	1	Theme	-1	gate	2	Theme		-1	-1	3	was	[2]	['was']	22	97	0	0	0	0	248	248	508	788	-1	-1	3	1	0
9780	143	1	1	1	Theme	-1	gate	2	Theme		-1	-1	3	was	[2]	['was']	23	5	164	164	164	164	260	260	260	260	-1	-1	3	0	0
9781	143	1	1	1	Theme	-1	gate	2	Theme		-1	-1	3	was	[2]	['was']	24	181	0	0	0	0	416	416	416	416	-1	-1	3	1	0
9782	143	1	1	1	Theme	-1	gate	2	Theme		-1	-1	3	was	[2]	['was']	25	126	0	0	0	0	148	268	268	268	-1	-1	3	1	0
9784	143	1	1	1	Theme	-1	gate	2	Theme		-1	-1	3	was	[2]	['was']	28	126	0	0	0	0	144	144	144	284	-1	-1	3	1	0
9785	143	1	1	1	Theme	-1	gate	2	Theme		-1	-1	3	was	[2]	['was']	29	148	0	0	0	0	248	248	460	748	-1	-1	3	1	0
9787	143	1	1	1	Theme	-1	gate	2	Theme		-1	-1	3	was	[2]	['was']	31	183	0	0	0	0	184	184	184	184	-1	-1	3	1	0
9788	143	1	1	1	Theme	-1	gate	2	Theme		-1	-1	3	was	[2]	['was']	32	34	184	184	332	596	156	156	156	156	-1	-1	3	0	0
9789	143	1	1	1	Theme	-1	gate	2	Theme		-1	-1	3	was	[2]	['was']	33	71	0	0	0	0	76	76	212	868	-1	-1	3	1	0
9790	143	1	1	1	Theme	-1	gate	2	Theme		-1	-1	3	was	[2]	['was']	34	80	176	176	176	176	200	200	200	200	-1	-1	3	0	0
9791	143	1	1	1	Theme	-1	gate	2	Theme		-1	-1	3	was	[2]	['was']	35	82	0	0	0	0	172	324	324	324	-1	-1	3	1	0
9793	143	1	1	1	Theme	-1	gate	2	Theme		-1	-1	3	was	[2]	['was']	37	90	136	136	136	136	104	104	436	652	-1	-1	3	0	0
9794	143	1	1	1	Theme	-1	gate	2	Theme		-1	-1	3	was	[2]	['was']	38	5	0	0	0	0	196	196	436	588	-1	-1	3	1	0
9796	143	1	1	1	Theme	-1	gate	2	Theme		-1	-1	3	was	[2]	['was']	40	39	156	156	156	156	152	152	152	152	-1	-1	3	0	0
9798	143	1	1	1	Theme	-1	gate	2	Theme		-1	-1	3	was	[2]	['was']	42	53	0	0	0	0	128	208	208	208	-1	-1	3	1	0
9799	143	1	1	1	Theme	-1	gate	2	Theme		-1	-1	3	was	[2]	['was']	43	53	0	0	0	0	240	240	240	240	-1	-1	3	1	0
9800	143	10	1	1	Co-Theme	-1	wood	9	Co-Theme		-1	-1	10	following	[9]	['following']	1	128	272	272	272	272	120	120	740	1524	-1	-1	9	0	0
9801	143	10	1	1	Co-Theme	-1	wood	9	Co-Theme		-1	-1	10	following	[9]	['following']	2	159	208	208	208	208	300	300	300	1292	-1	-1	9	0	0
9802	143	10	1	1	Co-Theme	-1	wood	9	Co-Theme		-1	-1	10	following	[9]	['following']	3	134	244	584	584	584	324	324	324	324	-1	-1	9	0	0
9803	143	10	1	1	Co-Theme	-1	wood	9	Co-Theme		-1	-1	10	following	[9]	['following']	4	134	272	272	272	272	120	120	120	1360	-1	-1	9	0	0
9804	143	10	1	1	Co-Theme	-1	wood	9	Co-Theme		-1	-1	10	following	[9]	['following']	5	165	220	220	220	220	228	228	228	228	-1	-1	9	0	0
9806	143	10	1	1	Co-Theme	-1	wood	9	Co-Theme		-1	-1	10	following	[9]	['following']	7	25	68	68	376	712	108	108	284	1924	-1	-1	9	0	0
9807	143	10	1	1	Co-Theme	-1	wood	9	Co-Theme		-1	-1	10	following	[9]	['following']	8	152	192	192	192	192	248	248	248	248	-1	-1	9	0	0
9808	143	10	1	1	Co-Theme	-1	wood	9	Co-Theme		-1	-1	10	following	[9]	['following']	9	33	204	204	360	840	236	236	444	1552	-1	-1	9	0	0
9809	143	10	1	1	Co-Theme	-1	wood	9	Co-Theme		-1	-1	10	following	[9]	['following']	10	97	84	252	252	252	188	188	484	1164	-1	-1	9	0	0
9810	143	10	1	1	Co-Theme	-1	wood	9	Co-Theme		-1	-1	10	following	[9]	['following']	11	90	132	132	132	132	216	216	216	216	-1	-1	9	0	0
9811	143	10	1	1	Co-Theme	-1	wood	9	Co-Theme		-1	-1	10	following	[9]	['following']	12	37	124	324	324	324	160	160	324	2316	-1	-1	9	0	0
9812	143	10	1	1	Co-Theme	-1	wood	9	Co-Theme		-1	-1	10	following	[9]	['following']	13	106	140	140	140	140	216	216	304	792	-1	-1	9	0	0
9813	143	10	1	1	Co-Theme	-1	wood	9	Co-Theme		-1	-1	10	following	[9]	['following']	14	104	192	192	192	192	188	188	456	1444	-1	-1	9	0	0
9814	143	10	1	1	Co-Theme	-1	wood	9	Co-Theme		-1	-1	10	following	[9]	['following']	15	197	160	160	160	160	300	300	300	300	-1	-1	9	0	0
9815	143	10	1	1	Co-Theme	-1	wood	9	Co-Theme		-1	-1	10	following	[9]	['following']	16	122	120	328	328	328	480	480	676	1440	-1	-1	9	0	0
9816	143	10	1	1	Co-Theme	-1	wood	9	Co-Theme		-1	-1	10	following	[9]	['following']	17	167	188	188	188	188	284	284	284	1108	-1	-1	9	0	0
9817	143	10	1	1	Co-Theme	-1	wood	9	Co-Theme		-1	-1	10	following	[9]	['following']	18	141	188	188	188	188	196	196	196	460	-1	-1	9	0	0
9818	143	10	1	1	Co-Theme	-1	wood	9	Co-Theme		-1	-1	10	following	[9]	['following']	19	192	212	212	212	212	188	188	188	1628	-1	-1	9	0	0
9819	143	10	1	1	Co-Theme	-1	wood	9	Co-Theme		-1	-1	10	following	[9]	['following']	20	27	196	196	196	196	136	256	424	2240	-1	-1	9	0	0
9820	143	10	1	1	Co-Theme	-1	wood	9	Co-Theme		-1	-1	10	following	[9]	['following']	21	144	184	488	488	488	256	256	256	256	-1	-1	9	0	0
9821	143	10	1	1	Co-Theme	-1	wood	9	Co-Theme		-1	-1	10	following	[9]	['following']	22	97	276	276	276	276	244	244	244	608	-1	-1	9	0	0
9822	143	10	1	1	Co-Theme	-1	wood	9	Co-Theme		-1	-1	10	following	[9]	['following']	23	5	172	628	628	628	332	572	572	572	-1	-1	9	0	0
9823	143	10	1	1	Co-Theme	-1	wood	9	Co-Theme		-1	-1	10	following	[9]	['following']	24	181	148	148	148	148	236	236	236	608	-1	-1	9	0	0
9824	143	10	1	1	Co-Theme	-1	wood	9	Co-Theme		-1	-1	10	following	[9]	['following']	25	126	296	296	296	296	224	224	224	468	-1	-1	9	0	0
9825	143	10	1	1	Co-Theme	-1	wood	9	Co-Theme		-1	-1	10	following	[9]	['following']	27	171	196	348	348	348	244	244	244	764	-1	-1	9	0	0
9826	143	10	1	1	Co-Theme	-1	wood	9	Co-Theme		-1	-1	10	following	[9]	['following']	28	126	164	368	368	368	124	316	316	316	-1	-1	9	0	0
9827	143	10	1	1	Co-Theme	-1	wood	9	Co-Theme		-1	-1	10	following	[9]	['following']	29	148	156	444	444	444	140	140	496	680	-1	-1	9	0	0
9828	143	10	1	1	Co-Theme	-1	wood	9	Co-Theme		-1	-1	10	following	[9]	['following']	30	153	200	524	524	524	272	272	272	1064	-1	-1	9	0	0
9830	143	10	1	1	Co-Theme	-1	wood	9	Co-Theme		-1	-1	10	following	[9]	['following']	32	34	204	204	204	204	248	248	248	400	-1	-1	9	0	0
9831	143	10	1	1	Co-Theme	-1	wood	9	Co-Theme		-1	-1	10	following	[9]	['following']	33	71	328	672	672	672	224	224	224	876	-1	-1	9	0	0
9832	143	10	1	1	Co-Theme	-1	wood	9	Co-Theme		-1	-1	10	following	[9]	['following']	34	80	144	144	144	144	176	352	352	544	-1	-1	9	0	0
9833	143	10	1	1	Co-Theme	-1	wood	9	Co-Theme		-1	-1	10	following	[9]	['following']	35	82	196	196	196	196	164	340	340	340	-1	-1	9	0	0
9834	143	10	1	1	Co-Theme	-1	wood	9	Co-Theme		-1	-1	10	following	[9]	['following']	36	31	156	156	156	156	168	364	364	1328	-1	-1	9	0	0
9835	143	10	1	1	Co-Theme	-1	wood	9	Co-Theme		-1	-1	10	following	[9]	['following']	37	90	208	208	208	208	168	168	168	460	-1	-1	9	0	0
9836	143	10	1	1	Co-Theme	-1	wood	9	Co-Theme		-1	-1	10	following	[9]	['following']	38	5	244	244	244	244	236	236	368	1288	-1	-1	9	0	0
9837	143	10	1	1	Co-Theme	-1	wood	9	Co-Theme		-1	-1	10	following	[9]	['following']	39	80	0	0	0	0	216	380	380	688	-1	-1	9	1	0
9838	143	10	1	1	Co-Theme	-1	wood	9	Co-Theme		-1	-1	10	following	[9]	['following']	40	39	124	256	256	256	152	236	236	644	-1	-1	9	0	0
9839	143	10	1	1	Co-Theme	-1	wood	9	Co-Theme		-1	-1	10	following	[9]	['following']	41	157	140	140	140	140	152	280	280	848	-1	-1	9	0	0
9840	143	10	1	1	Co-Theme	-1	wood	9	Co-Theme		-1	-1	10	following	[9]	['following']	42	53	116	116	116	116	400	400	696	2640	-1	-1	9	0	0
9841	143	10	1	1	Co-Theme	-1	wood	9	Co-Theme		-1	-1	10	following	[9]	['following']	43	53	164	164	164	164	224	224	224	568	-1	-1	9	0	0
9882	144	3	1	2	Agent	-2	villagers	3	Agent		-1	-2	4	took	[3]	['took']	1	196	388	388	388	388	136	136	136	368	-2	-2	4	0	0
9897	144	3	1	2	Agent	-2	villagers	3	Agent		-1	-2	4	took	[3]	['took']	18	122	0	0	0	0	212	212	212	212	-2	-2	4	1	0
9899	144	3	1	2	Agent	-2	villagers	3	Agent		-1	-2	4	took	[3]	['took']	20	104	0	0	0	0	200	200	200	200	-2	-2	4	1	0
9904	144	3	1	2	Agent	-2	villagers	3	Agent		-1	-2	4	took	[3]	['took']	25	76	108	108	108	108	240	240	240	240	-2	-2	4	0	0
9906	144	3	1	2	Agent	-2	villagers	3	Agent		-1	-2	4	took	[3]	['took']	28	136	292	292	292	292	160	160	160	160	-2	-2	4	0	0
9907	144	3	1	2	Agent	-2	villagers	3	Agent		-1	-2	4	took	[3]	['took']	29	8	0	0	0	0	132	132	132	820	-2	-2	4	1	0
9920	144	3	1	2	Agent	-2	villagers	3	Agent		-1	-2	4	took	[3]	['took']	42	31	0	0	0	0	252	252	252	252	-2	-2	4	1	0
9922	145	2	1	1	Theme	-2	We	1	Theme		-1	-2	3	arrive	[2]	['arrive']	1	46	368	368	368	368	172	172	172	172	-2	-2	6	0	0
9924	145	2	1	1	Theme	-2	We	1	Theme		-1	-2	3	arrive	[2]	['arrive']	3	125	128	252	252	252	164	164	164	164	-2	-2	6	0	0
9927	145	2	1	1	Theme	-2	We	1	Theme		-1	-2	3	arrive	[2]	['arrive']	6	112	136	136	136	136	140	140	140	140	-2	-2	6	0	0
9928	145	2	1	1	Theme	-2	We	1	Theme		-1	-2	3	arrive	[2]	['arrive']	7	165	104	104	104	104	200	200	200	200	-2	-2	6	0	0
9929	145	2	1	1	Theme	-2	We	1	Theme		-1	-2	3	arrive	[2]	['arrive']	8	52	172	172	392	800	216	360	360	360	-2	-2	6	0	0
9930	145	2	1	1	Theme	-2	We	1	Theme		-1	-2	3	arrive	[2]	['arrive']	10	182	168	168	168	168	200	332	332	332	-2	-2	6	0	0
9931	145	2	1	1	Theme	-2	We	1	Theme		-1	-2	3	arrive	[2]	['arrive']	11	64	160	160	160	160	176	176	176	176	-2	-2	6	0	0
9932	145	2	1	1	Theme	-2	We	1	Theme		-1	-2	3	arrive	[2]	['arrive']	12	106	224	224	224	924	172	172	172	172	-2	-2	6	0	0
9933	145	2	1	1	Theme	-2	We	1	Theme		-1	-2	3	arrive	[2]	['arrive']	13	143	224	224	224	224	184	184	184	184	-2	-2	6	0	0
9934	145	2	1	1	Theme	-2	We	1	Theme		-1	-2	3	arrive	[2]	['arrive']	14	37	156	156	316	564	296	356	356	356	-2	-2	6	0	0
9936	145	2	1	1	Theme	-2	We	1	Theme		-1	-2	3	arrive	[2]	['arrive']	16	89	184	288	288	288	176	176	176	176	-2	-2	6	0	0
9937	145	2	1	1	Theme	-2	We	1	Theme		-1	-2	3	arrive	[2]	['arrive']	17	42	252	252	252	252	188	188	188	188	-2	-2	6	0	0
9938	145	2	1	1	Theme	-2	We	1	Theme		-1	-2	3	arrive	[2]	['arrive']	18	119	164	164	164	164	204	204	204	204	-2	-2	6	0	0
9939	145	2	1	1	Theme	-2	We	1	Theme		-1	-2	3	arrive	[2]	['arrive']	19	128	144	144	144	144	88	200	200	200	-2	-2	6	0	0
9940	145	2	1	1	Theme	-2	We	1	Theme		-1	-2	3	arrive	[2]	['arrive']	20	13	152	152	152	152	152	152	152	152	-2	-2	6	0	0
9942	145	2	1	1	Theme	-2	We	1	Theme		-1	-2	3	arrive	[2]	['arrive']	22	160	56	140	360	812	324	324	324	324	-2	-2	6	0	0
9943	145	2	1	1	Theme	-2	We	1	Theme		-1	-2	3	arrive	[2]	['arrive']	23	44	320	320	320	320	312	312	312	312	-2	-2	6	0	0
9944	145	2	1	1	Theme	-2	We	1	Theme		-1	-2	3	arrive	[2]	['arrive']	24	174	156	156	156	156	196	196	196	196	-2	-2	6	0	0
9945	145	2	1	1	Theme	-2	We	1	Theme		-1	-2	3	arrive	[2]	['arrive']	25	41	140	268	268	268	156	308	308	308	-2	-2	6	0	0
9946	145	2	1	1	Theme	-2	We	1	Theme		-1	-2	3	arrive	[2]	['arrive']	27	22	216	216	472	932	272	272	272	272	-2	-2	6	0	0
9947	145	2	1	1	Theme	-2	We	1	Theme		-1	-2	3	arrive	[2]	['arrive']	28	112	60	60	508	900	232	232	232	232	-2	-2	6	0	0
9949	145	2	1	1	Theme	-2	We	1	Theme		-1	-2	3	arrive	[2]	['arrive']	30	203	244	244	244	244	216	216	216	216	-2	-2	6	0	0
9950	145	2	1	1	Theme	-2	We	1	Theme		-1	-2	3	arrive	[2]	['arrive']	31	126	236	236	236	236	148	148	148	148	-2	-2	6	0	0
9951	145	2	1	1	Theme	-2	We	1	Theme		-1	-2	3	arrive	[2]	['arrive']	32	28	264	264	264	264	228	228	228	228	-2	-2	6	0	0
9952	145	2	1	1	Theme	-2	We	1	Theme		-1	-2	3	arrive	[2]	['arrive']	33	191	116	148	148	148	72	344	344	344	-2	-2	6	0	0
9954	145	2	1	1	Theme	-2	We	1	Theme		-1	-2	3	arrive	[2]	['arrive']	35	195	216	216	216	216	348	348	348	348	-2	-2	6	0	0
9955	145	2	1	1	Theme	-2	We	1	Theme		-1	-2	3	arrive	[2]	['arrive']	36	34	0	0	0	0	232	232	384	672	-2	-2	6	1	0
9956	145	2	1	1	Theme	-2	We	1	Theme		-1	-2	3	arrive	[2]	['arrive']	37	133	92	152	152	152	136	232	232	232	-2	-2	6	0	0
9957	145	2	1	1	Theme	-2	We	1	Theme		-1	-2	3	arrive	[2]	['arrive']	38	174	196	196	196	196	204	204	204	204	-2	-2	6	0	0
9958	145	2	1	1	Theme	-2	We	1	Theme		-1	-2	3	arrive	[2]	['arrive']	39	90	0	0	0	0	164	164	164	164	-2	-2	6	1	0
9960	145	2	1	1	Theme	-2	We	1	Theme		-1	-2	3	arrive	[2]	['arrive']	41	133	244	244	356	640	188	188	188	188	-2	-2	6	0	0
9962	145	2	1	1	Theme	-2	We	1	Theme		-1	-2	3	arrive	[2]	['arrive']	43	73	0	0	0	0	196	196	196	196	-2	-2	6	1	0
9963	145	6	1	1	Theme	-2	you	6	Theme		-1	-2	9	live	[8]	['live']	1	46	0	0	0	0	248	380	380	552	-2	-2	4	1	0
9965	145	6	1	1	Theme	-2	you	6	Theme		-1	-2	9	live	[8]	['live']	3	125	220	220	220	220	184	184	184	184	-2	-2	4	0	0
9966	145	6	1	1	Theme	-2	you	6	Theme		-1	-2	9	live	[8]	['live']	4	166	156	156	156	156	164	164	164	164	-2	-2	4	0	0
9970	145	6	1	1	Theme	-2	you	6	Theme		-1	-2	9	live	[8]	['live']	8	52	292	440	440	440	120	120	120	120	-2	-2	4	0	0
9971	145	6	1	1	Theme	-2	you	6	Theme		-1	-2	9	live	[8]	['live']	10	182	164	164	164	164	156	156	508	736	-2	-2	4	0	0
9972	145	6	1	1	Theme	-2	you	6	Theme		-1	-2	9	live	[8]	['live']	11	64	0	0	0	0	216	216	216	216	-2	-2	4	1	0
9973	145	6	1	1	Theme	-2	you	6	Theme		-1	-2	9	live	[8]	['live']	12	106	0	0	0	0	212	364	456	656	-2	-2	4	1	0
9974	145	6	1	1	Theme	-2	you	6	Theme		-1	-2	9	live	[8]	['live']	13	143	168	168	168	168	276	276	276	276	-2	-2	4	0	0
9976	145	6	1	1	Theme	-2	you	6	Theme		-1	-2	9	live	[8]	['live']	15	163	308	308	308	1284	456	456	456	456	-2	-2	4	0	0
9977	145	6	1	1	Theme	-2	you	6	Theme		-1	-2	9	live	[8]	['live']	16	89	184	396	396	396	136	136	136	136	-2	-2	4	0	0
9979	145	6	1	1	Theme	-2	you	6	Theme		-1	-2	9	live	[8]	['live']	18	119	0	0	0	0	232	232	232	232	-2	-2	4	1	0
9980	145	6	1	1	Theme	-2	you	6	Theme		-1	-2	9	live	[8]	['live']	19	128	164	164	164	164	252	252	252	1236	-2	-2	4	0	0
9981	145	6	1	1	Theme	-2	you	6	Theme		-1	-2	9	live	[8]	['live']	20	13	152	152	152	152	212	424	424	424	-2	-2	4	0	0
9983	145	6	1	1	Theme	-2	you	6	Theme		-1	-2	9	live	[8]	['live']	22	160	220	360	360	360	312	312	312	312	-2	-2	4	0	0
9984	145	6	1	1	Theme	-2	you	6	Theme		-1	-2	9	live	[8]	['live']	23	44	96	252	252	252	164	164	164	164	-2	-2	4	0	0
9986	145	6	1	1	Theme	-2	you	6	Theme		-1	-2	9	live	[8]	['live']	25	41	92	92	92	92	168	444	444	444	-2	-2	4	0	0
9987	145	6	1	1	Theme	-2	you	6	Theme		-1	-2	9	live	[8]	['live']	27	22	152	152	152	152	276	276	276	276	-2	-2	4	0	0
9988	145	6	1	1	Theme	-2	you	6	Theme		-1	-2	9	live	[8]	['live']	28	112	192	192	192	192	180	180	180	180	-2	-2	4	0	0
9989	145	6	1	1	Theme	-2	you	6	Theme		-1	-2	9	live	[8]	['live']	29	13	0	0	0	0	168	168	168	292	-2	-2	4	1	0
9991	145	6	1	1	Theme	-2	you	6	Theme		-1	-2	9	live	[8]	['live']	31	126	180	180	180	180	96	96	96	96	-2	-2	4	0	0
9992	145	6	1	1	Theme	-2	you	6	Theme		-1	-2	9	live	[8]	['live']	32	28	248	248	248	248	276	276	276	276	-2	-2	4	0	0
9993	145	6	1	1	Theme	-2	you	6	Theme		-1	-2	9	live	[8]	['live']	33	191	188	188	188	188	164	412	536	996	-2	-2	4	0	0
9994	145	6	1	1	Theme	-2	you	6	Theme		-1	-2	9	live	[8]	['live']	34	159	0	0	0	0	208	208	208	208	-2	-2	4	1	0
9997	145	6	1	1	Theme	-2	you	6	Theme		-1	-2	9	live	[8]	['live']	37	133	208	208	208	208	148	384	384	384	-2	-2	4	0	0
10000	145	6	1	1	Theme	-2	you	6	Theme		-1	-2	9	live	[8]	['live']	40	80	216	216	216	216	228	228	228	228	-2	-2	4	0	0
10001	145	6	1	1	Theme	-2	you	6	Theme		-1	-2	9	live	[8]	['live']	41	133	180	180	180	180	188	188	188	188	-2	-2	4	0	0
10002	145	6	1	1	Theme	-2	you	6	Theme		-1	-2	9	live	[8]	['live']	42	40	0	0	0	0	240	240	240	392	-2	-2	4	1	0
10003	145	6	1	1	Theme	-2	you	6	Theme		-1	-2	9	live	[8]	['live']	43	73	172	172	172	172	120	120	120	120	-2	-2	4	0	0
10004	146	1	1	1	Agent	-1	they	2	Agent		-1	-1	3	sat	[2]	['sat']	1	131	0	0	0	0	128	128	128	128	-1	-1	3	1	0
10005	146	1	1	1	Agent	-1	they	2	Agent		-1	-1	3	sat	[2]	['sat']	2	100	28	196	196	196	52	52	236	580	-1	-1	3	0	0
10007	146	1	1	1	Agent	-1	they	2	Agent		-1	-1	3	sat	[2]	['sat']	4	176	0	0	0	0	236	236	236	236	-1	-1	3	1	0
10008	146	1	1	1	Agent	-1	they	2	Agent		-1	-1	3	sat	[2]	['sat']	5	190	260	260	260	560	124	124	124	124	-1	-1	3	0	0
10009	146	1	1	1	Agent	-1	they	2	Agent		-1	-1	3	sat	[2]	['sat']	6	108	128	128	128	128	148	148	148	148	-1	-1	3	0	0
10010	146	1	1	1	Agent	-1	they	2	Agent		-1	-1	3	sat	[2]	['sat']	7	82	0	0	0	0	160	160	160	160	-1	-1	3	1	0
10011	146	1	1	1	Agent	-1	they	2	Agent		-1	-1	3	sat	[2]	['sat']	8	110	124	124	124	124	124	124	124	124	-1	-1	3	0	0
10012	146	1	1	1	Agent	-1	they	2	Agent		-1	-1	3	sat	[2]	['sat']	10	75	152	152	152	152	92	92	92	92	-1	-1	3	0	0
10013	146	1	1	1	Agent	-1	they	2	Agent		-1	-1	3	sat	[2]	['sat']	11	163	168	168	168	168	96	96	96	96	-1	-1	3	0	0
10014	146	1	1	1	Agent	-1	they	2	Agent		-1	-1	3	sat	[2]	['sat']	12	18	0	0	0	0	160	160	340	840	-1	-1	3	1	0
10016	146	1	1	1	Agent	-1	they	2	Agent		-1	-1	3	sat	[2]	['sat']	14	64	140	140	140	140	168	168	168	168	-1	-1	3	0	0
10018	146	1	1	1	Agent	-1	they	2	Agent		-1	-1	3	sat	[2]	['sat']	16	13	140	140	140	140	140	292	292	292	-1	-1	3	0	0
10019	146	1	1	1	Agent	-1	they	2	Agent		-1	-1	3	sat	[2]	['sat']	17	48	224	224	224	224	120	120	120	120	-1	-1	3	0	0
10020	146	1	1	1	Agent	-1	they	2	Agent		-1	-1	3	sat	[2]	['sat']	18	10	0	0	0	0	256	256	256	256	-1	-1	3	1	0
10021	146	1	1	1	Agent	-1	they	2	Agent		-1	-1	3	sat	[2]	['sat']	19	70	128	128	128	128	200	200	200	200	-1	-1	3	0	0
10022	146	1	1	1	Agent	-1	they	2	Agent		-1	-1	3	sat	[2]	['sat']	20	36	180	180	180	180	152	152	152	152	-1	-1	3	0	0
10023	146	1	1	1	Agent	-1	they	2	Agent		-1	-1	3	sat	[2]	['sat']	21	90	0	0	0	0	128	256	256	256	-1	-1	3	1	0
10024	146	1	1	1	Agent	-1	they	2	Agent		-1	-1	3	sat	[2]	['sat']	22	133	140	140	140	140	236	236	236	236	-1	-1	3	0	0
10025	146	1	1	1	Agent	-1	they	2	Agent		-1	-1	3	sat	[2]	['sat']	23	30	180	180	180	180	280	280	280	280	-1	-1	3	0	0
10026	146	1	1	1	Agent	-1	they	2	Agent		-1	-1	3	sat	[2]	['sat']	24	149	260	260	260	260	152	152	152	248	-1	-1	3	0	0
10027	146	1	1	1	Agent	-1	they	2	Agent		-1	-1	3	sat	[2]	['sat']	25	145	180	180	180	180	176	308	308	308	-1	-1	3	0	0
10028	146	1	1	1	Agent	-1	they	2	Agent		-1	-1	3	sat	[2]	['sat']	27	11	0	0	0	0	124	124	124	864	-1	-1	3	1	0
10029	146	1	1	1	Agent	-1	they	2	Agent		-1	-1	3	sat	[2]	['sat']	28	146	152	152	152	404	276	276	276	276	-1	-1	3	0	0
10030	146	1	1	1	Agent	-1	they	2	Agent		-1	-1	3	sat	[2]	['sat']	29	12	0	0	0	0	220	220	400	1324	-1	-1	3	1	0
10031	146	1	1	1	Agent	-1	they	2	Agent		-1	-1	3	sat	[2]	['sat']	30	59	360	360	360	360	272	272	272	272	-1	-1	3	0	0
10032	146	1	1	1	Agent	-1	they	2	Agent		-1	-1	3	sat	[2]	['sat']	31	70	0	0	0	0	208	208	208	208	-1	-1	3	1	0
10033	146	1	1	1	Agent	-1	they	2	Agent		-1	-1	3	sat	[2]	['sat']	32	39	196	196	196	196	172	172	172	172	-1	-1	3	0	0
10034	146	1	1	1	Agent	-1	they	2	Agent		-1	-1	3	sat	[2]	['sat']	33	204	132	132	132	132	120	280	280	280	-1	-1	3	0	0
10035	146	1	1	1	Agent	-1	they	2	Agent		-1	-1	3	sat	[2]	['sat']	34	32	168	372	372	372	328	356	356	356	-1	-1	3	0	0
10036	146	1	1	1	Agent	-1	they	2	Agent		-1	-1	3	sat	[2]	['sat']	35	188	0	0	0	0	180	180	180	180	-1	-1	3	1	0
10038	146	1	1	1	Agent	-1	they	2	Agent		-1	-1	3	sat	[2]	['sat']	37	129	164	164	164	164	136	252	252	252	-1	-1	3	0	0
10039	146	1	1	1	Agent	-1	they	2	Agent		-1	-1	3	sat	[2]	['sat']	38	57	0	0	0	0	296	296	296	296	-1	-1	3	1	0
10040	146	1	1	1	Agent	-1	they	2	Agent		-1	-1	3	sat	[2]	['sat']	39	133	0	0	0	0	196	196	196	196	-1	-1	3	1	0
10043	146	1	1	1	Agent	-1	they	2	Agent		-1	-1	3	sat	[2]	['sat']	42	14	328	328	328	328	152	152	152	152	-1	-1	3	0	0
10044	146	1	1	1	Agent	-1	they	2	Agent		-1	-1	3	sat	[2]	['sat']	43	133	0	0	0	0	96	96	96	96	-1	-1	3	1	0
10045	146	3	1	1	Agent	-3	they	2	Agent		-1	-3	4	drinking	[3]	['drinking']	1	131	128	128	128	128	132	132	132	132	-3	-3	8	0	0
10046	146	3	1	1	Agent	-3	they	2	Agent		-1	-3	4	drinking	[3]	['drinking']	2	100	52	52	236	580	140	140	140	140	-3	-3	8	0	0
10047	146	3	1	1	Agent	-3	they	2	Agent		-1	-3	4	drinking	[3]	['drinking']	3	19	0	0	0	0	24	224	492	1424	-3	-3	8	1	0
10048	146	3	1	1	Agent	-3	they	2	Agent		-1	-3	4	drinking	[3]	['drinking']	4	176	236	236	236	236	152	152	152	152	-3	-3	8	0	0
10049	146	3	1	1	Agent	-3	they	2	Agent		-1	-3	4	drinking	[3]	['drinking']	5	190	124	124	124	124	208	208	208	208	-3	-3	8	0	0
10050	146	3	1	1	Agent	-3	they	2	Agent		-1	-3	4	drinking	[3]	['drinking']	6	108	148	148	148	148	176	176	176	176	-3	-3	8	0	0
10051	146	3	1	1	Agent	-3	they	2	Agent		-1	-3	4	drinking	[3]	['drinking']	7	82	160	160	160	160	112	112	112	112	-3	-3	8	0	0
10052	146	3	1	1	Agent	-3	they	2	Agent		-1	-3	4	drinking	[3]	['drinking']	8	110	124	124	124	124	172	172	172	172	-3	-3	8	0	0
10053	146	3	1	1	Agent	-3	they	2	Agent		-1	-3	4	drinking	[3]	['drinking']	10	75	92	92	92	92	152	152	152	152	-3	-3	8	0	0
10054	146	3	1	1	Agent	-3	they	2	Agent		-1	-3	4	drinking	[3]	['drinking']	11	163	96	96	96	96	184	184	184	184	-3	-3	8	0	0
10055	146	3	1	1	Agent	-3	they	2	Agent		-1	-3	4	drinking	[3]	['drinking']	12	18	160	160	340	840	148	148	148	148	-3	-3	8	0	0
10056	146	3	1	1	Agent	-3	they	2	Agent		-1	-3	4	drinking	[3]	['drinking']	13	123	0	0	0	0	156	156	156	156	-3	-3	8	1	0
10057	146	3	1	1	Agent	-3	they	2	Agent		-1	-3	4	drinking	[3]	['drinking']	14	64	168	168	168	168	248	248	248	248	-3	-3	8	0	0
10058	146	3	1	1	Agent	-3	they	2	Agent		-1	-3	4	drinking	[3]	['drinking']	15	14	0	0	0	0	172	172	172	172	-3	-3	8	1	0
10059	146	3	1	1	Agent	-3	they	2	Agent		-1	-3	4	drinking	[3]	['drinking']	16	13	140	292	292	292	184	184	184	184	-3	-3	8	0	0
10061	146	3	1	1	Agent	-3	they	2	Agent		-1	-3	4	drinking	[3]	['drinking']	18	10	256	256	256	256	268	268	268	268	-3	-3	8	0	0
10062	146	3	1	1	Agent	-3	they	2	Agent		-1	-3	4	drinking	[3]	['drinking']	19	70	200	200	200	200	176	176	176	176	-3	-3	8	0	0
10065	146	3	1	1	Agent	-3	they	2	Agent		-1	-3	4	drinking	[3]	['drinking']	22	133	236	236	236	236	264	264	264	264	-3	-3	8	0	0
10066	146	3	1	1	Agent	-3	they	2	Agent		-1	-3	4	drinking	[3]	['drinking']	23	30	280	280	280	280	260	432	432	432	-3	-3	8	0	0
10067	146	3	1	1	Agent	-3	they	2	Agent		-1	-3	4	drinking	[3]	['drinking']	24	149	152	152	152	248	252	252	252	252	-3	-3	8	0	0
10068	146	3	1	1	Agent	-3	they	2	Agent		-1	-3	4	drinking	[3]	['drinking']	25	145	176	308	308	308	300	300	300	300	-3	-3	8	0	0
10069	146	3	1	1	Agent	-3	they	2	Agent		-1	-3	4	drinking	[3]	['drinking']	27	11	124	124	124	864	216	216	216	216	-3	-3	8	0	0
10070	146	3	1	1	Agent	-3	they	2	Agent		-1	-3	4	drinking	[3]	['drinking']	28	146	276	276	276	276	248	424	424	424	-3	-3	8	0	0
10071	146	3	1	1	Agent	-3	they	2	Agent		-1	-3	4	drinking	[3]	['drinking']	29	12	220	220	400	1324	132	280	280	280	-3	-3	8	0	0
10072	146	3	1	1	Agent	-3	they	2	Agent		-1	-3	4	drinking	[3]	['drinking']	30	59	272	272	272	272	308	308	308	308	-3	-3	8	0	0
10073	146	3	1	1	Agent	-3	they	2	Agent		-1	-3	4	drinking	[3]	['drinking']	31	70	208	208	208	208	372	372	372	372	-3	-3	8	0	0
10074	146	3	1	1	Agent	-3	they	2	Agent		-1	-3	4	drinking	[3]	['drinking']	32	39	172	172	172	172	236	236	236	236	-3	-3	8	0	0
10075	146	3	1	1	Agent	-3	they	2	Agent		-1	-3	4	drinking	[3]	['drinking']	33	204	120	280	280	280	112	112	112	112	-3	-3	8	0	0
10076	146	3	1	1	Agent	-3	they	2	Agent		-1	-3	4	drinking	[3]	['drinking']	34	32	328	356	356	356	152	152	152	152	-3	-3	8	0	0
10077	146	3	1	1	Agent	-3	they	2	Agent		-1	-3	4	drinking	[3]	['drinking']	35	188	180	180	180	180	180	180	180	180	-3	-3	8	0	0
10079	146	3	1	1	Agent	-3	they	2	Agent		-1	-3	4	drinking	[3]	['drinking']	37	129	136	252	252	252	168	356	356	356	-3	-3	8	0	0
10080	146	3	1	1	Agent	-3	they	2	Agent		-1	-3	4	drinking	[3]	['drinking']	38	57	296	296	296	296	224	224	224	224	-3	-3	8	0	0
10081	146	3	1	1	Agent	-3	they	2	Agent		-1	-3	4	drinking	[3]	['drinking']	39	133	196	196	196	196	164	164	164	164	-3	-3	8	0	0
10083	146	3	1	1	Agent	-3	they	2	Agent		-1	-3	4	drinking	[3]	['drinking']	41	114	0	0	0	0	244	244	404	1084	-3	-3	8	1	0
10084	146	3	1	1	Agent	-3	they	2	Agent		-1	-3	4	drinking	[3]	['drinking']	42	14	152	152	152	152	156	340	340	340	-3	-3	8	0	0
10085	146	3	1	1	Agent	-3	they	2	Agent		-1	-3	4	drinking	[3]	['drinking']	43	133	96	96	96	96	124	124	124	124	-3	-3	8	0	0
10086	146	7	2	1	Agent	-1	Mick	7	Beneficiary	their	5	-3	8	dug	[7]	['dug']	1	131	0	0	0	0	252	252	252	252	-1	-3	3	1	0
10087	146	7	2	1	Agent	-1	Mick	7	Beneficiary	their	5	-3	8	dug	[7]	['dug']	2	100	0	0	0	0	312	312	312	312	-1	-3	3	1	0
10088	146	7	2	1	Agent	-1	Mick	7	Beneficiary	their	5	-3	8	dug	[7]	['dug']	3	19	0	0	0	0	452	700	700	700	-1	-3	3	1	0
10089	146	7	2	1	Agent	-1	Mick	7	Beneficiary	their	5	-3	8	dug	[7]	['dug']	4	176	160	160	160	160	172	172	172	172	-1	-3	3	0	0
10090	146	7	2	1	Agent	-1	Mick	7	Beneficiary	their	5	-3	8	dug	[7]	['dug']	5	190	0	0	0	0	208	208	208	208	-1	-3	3	1	0
10094	146	7	2	1	Agent	-1	Mick	7	Beneficiary	their	5	-3	8	dug	[7]	['dug']	10	75	0	0	0	0	212	400	400	400	-1	-3	3	1	0
10095	146	7	2	1	Agent	-1	Mick	7	Beneficiary	their	5	-3	8	dug	[7]	['dug']	11	163	0	0	0	0	204	652	836	1048	-1	-3	3	1	0
10096	146	7	2	1	Agent	-1	Mick	7	Beneficiary	their	5	-3	8	dug	[7]	['dug']	12	18	180	180	180	180	204	204	204	204	-1	-3	3	0	0
10099	146	7	2	1	Agent	-1	Mick	7	Beneficiary	their	5	-3	8	dug	[7]	['dug']	15	14	0	0	0	0	148	148	148	148	-1	-3	3	1	0
10100	146	7	2	1	Agent	-1	Mick	7	Beneficiary	their	5	-3	8	dug	[7]	['dug']	16	13	0	0	0	0	228	228	228	228	-1	-3	3	1	0
10101	146	7	2	1	Agent	-1	Mick	7	Beneficiary	their	5	-3	8	dug	[7]	['dug']	17	48	188	188	188	188	140	232	232	232	-1	-3	3	0	0
10102	146	7	2	1	Agent	-1	Mick	7	Beneficiary	their	5	-3	8	dug	[7]	['dug']	18	10	0	0	0	0	204	204	204	488	-1	-3	3	1	0
10103	146	7	2	1	Agent	-1	Mick	7	Beneficiary	their	5	-3	8	dug	[7]	['dug']	19	70	0	0	0	0	176	176	176	176	-1	-3	3	1	0
10104	146	7	2	1	Agent	-1	Mick	7	Beneficiary	their	5	-3	8	dug	[7]	['dug']	20	36	144	144	144	144	160	160	160	160	-1	-3	3	0	0
10105	146	7	2	1	Agent	-1	Mick	7	Beneficiary	their	5	-3	8	dug	[7]	['dug']	21	90	0	0	0	0	216	216	216	216	-1	-3	3	1	0
10106	146	7	2	1	Agent	-1	Mick	7	Beneficiary	their	5	-3	8	dug	[7]	['dug']	22	133	0	0	0	0	164	672	672	672	-1	-3	3	1	0
10107	146	7	2	1	Agent	-1	Mick	7	Beneficiary	their	5	-3	8	dug	[7]	['dug']	23	30	0	0	0	0	300	616	616	616	-1	-3	3	1	0
10108	146	7	2	1	Agent	-1	Mick	7	Beneficiary	their	5	-3	8	dug	[7]	['dug']	24	149	0	0	0	0	152	152	152	152	-1	-3	3	1	0
10109	146	7	2	1	Agent	-1	Mick	7	Beneficiary	their	5	-3	8	dug	[7]	['dug']	25	145	188	292	292	292	208	208	208	208	-1	-3	3	0	0
10110	146	7	2	1	Agent	-1	Mick	7	Beneficiary	their	5	-3	8	dug	[7]	['dug']	27	11	0	0	0	0	224	224	224	224	-1	-3	3	1	0
10111	146	7	2	1	Agent	-1	Mick	7	Beneficiary	their	5	-3	8	dug	[7]	['dug']	28	146	328	328	328	328	216	216	488	644	-1	-3	3	0	0
10112	146	7	2	1	Agent	-1	Mick	7	Beneficiary	their	5	-3	8	dug	[7]	['dug']	29	12	0	0	0	0	132	236	236	236	-1	-3	3	1	0
10113	146	7	2	1	Agent	-1	Mick	7	Beneficiary	their	5	-3	8	dug	[7]	['dug']	30	59	472	472	472	472	148	272	272	272	-1	-3	3	0	0
10114	146	7	2	1	Agent	-1	Mick	7	Beneficiary	their	5	-3	8	dug	[7]	['dug']	31	70	136	136	136	208	92	92	92	92	-1	-3	3	0	0
10115	146	7	2	1	Agent	-1	Mick	7	Beneficiary	their	5	-3	8	dug	[7]	['dug']	32	39	436	436	436	436	216	216	216	216	-1	-3	3	0	0
10116	146	7	2	1	Agent	-1	Mick	7	Beneficiary	their	5	-3	8	dug	[7]	['dug']	33	204	0	0	0	0	160	776	776	776	-1	-3	3	1	0
10117	146	7	2	1	Agent	-1	Mick	7	Beneficiary	their	5	-3	8	dug	[7]	['dug']	34	32	0	0	0	0	160	160	160	160	-1	-3	3	1	0
10120	146	7	2	1	Agent	-1	Mick	7	Beneficiary	their	5	-3	8	dug	[7]	['dug']	37	129	0	0	0	0	160	160	836	1032	-1	-3	3	1	0
10121	146	7	2	1	Agent	-1	Mick	7	Beneficiary	their	5	-3	8	dug	[7]	['dug']	38	57	208	208	208	208	236	236	236	236	-1	-3	3	0	0
10122	146	7	2	1	Agent	-1	Mick	7	Beneficiary	their	5	-3	8	dug	[7]	['dug']	39	133	0	0	0	0	140	140	140	380	-1	-3	3	1	0
10123	146	7	2	1	Agent	-1	Mick	7	Beneficiary	their	5	-3	8	dug	[7]	['dug']	40	105	176	176	176	176	168	168	168	168	-1	-3	3	0	0
10124	146	7	2	1	Agent	-1	Mick	7	Beneficiary	their	5	-3	8	dug	[7]	['dug']	41	114	176	176	176	176	148	244	536	904	-1	-3	3	0	0
10126	146	7	2	1	Agent	-1	Mick	7	Beneficiary	their	5	-3	8	dug	[7]	['dug']	43	133	140	140	140	140	152	152	152	152	-1	-3	3	0	0
10127	147	1	1	1	Experiencer	-1	You	1	Experiencer		-1	-1	2	know	[1]	['know']	1	49	180	180	180	180	468	468	468	468	-1	-1	4	0	0
10128	147	1	1	1	Experiencer	-1	You	1	Experiencer		-1	-1	2	know	[1]	['know']	2	48	136	136	136	136	68	68	220	504	-1	-1	4	0	0
10129	147	1	1	1	Experiencer	-1	You	1	Experiencer		-1	-1	2	know	[1]	['know']	3	35	240	668	668	668	272	272	272	272	-1	-1	4	0	0
10130	147	1	1	1	Experiencer	-1	You	1	Experiencer		-1	-1	2	know	[1]	['know']	4	157	180	180	180	180	184	184	184	184	-1	-1	4	0	0
10131	147	1	1	1	Experiencer	-1	You	1	Experiencer		-1	-1	2	know	[1]	['know']	5	181	0	0	0	0	240	240	500	948	-1	-1	4	1	0
10132	147	1	1	1	Experiencer	-1	You	1	Experiencer		-1	-1	2	know	[1]	['know']	6	171	220	220	220	220	92	92	92	92	-1	-1	4	0	0
10133	147	1	1	1	Experiencer	-1	You	1	Experiencer		-1	-1	2	know	[1]	['know']	7	68	96	96	96	96	128	128	128	128	-1	-1	4	0	0
10135	147	1	1	1	Experiencer	-1	You	1	Experiencer		-1	-1	2	know	[1]	['know']	10	102	280	280	280	280	156	268	268	268	-1	-1	4	0	0
10136	147	1	1	1	Experiencer	-1	You	1	Experiencer		-1	-1	2	know	[1]	['know']	11	175	264	396	396	396	188	188	188	188	-1	-1	4	0	0
10137	147	1	1	1	Experiencer	-1	You	1	Experiencer		-1	-1	2	know	[1]	['know']	12	74	116	116	116	116	208	208	208	208	-1	-1	4	0	0
10138	147	1	1	1	Experiencer	-1	You	1	Experiencer		-1	-1	2	know	[1]	['know']	13	30	180	180	180	180	136	136	136	136	-1	-1	4	0	0
10139	147	1	1	1	Experiencer	-1	You	1	Experiencer		-1	-1	2	know	[1]	['know']	14	29	256	360	360	360	248	248	248	248	-1	-1	4	0	0
10140	147	1	1	1	Experiencer	-1	You	1	Experiencer		-1	-1	2	know	[1]	['know']	15	27	0	0	0	0	252	252	252	252	-1	-1	4	1	0
10141	147	1	1	1	Experiencer	-1	You	1	Experiencer		-1	-1	2	know	[1]	['know']	16	70	504	900	900	900	228	228	228	228	-1	-1	4	0	0
10142	147	1	1	1	Experiencer	-1	You	1	Experiencer		-1	-1	2	know	[1]	['know']	17	160	340	340	340	340	132	132	132	132	-1	-1	4	0	0
10143	147	1	1	1	Experiencer	-1	You	1	Experiencer		-1	-1	2	know	[1]	['know']	18	126	84	292	292	292	128	128	128	128	-1	-1	4	0	0
10144	147	1	1	1	Experiencer	-1	You	1	Experiencer		-1	-1	2	know	[1]	['know']	19	18	0	0	0	0	124	308	308	308	-1	-1	4	1	0
10145	147	1	1	1	Experiencer	-1	You	1	Experiencer		-1	-1	2	know	[1]	['know']	20	154	236	236	236	236	136	136	136	136	-1	-1	4	0	0
10146	147	1	1	1	Experiencer	-1	You	1	Experiencer		-1	-1	2	know	[1]	['know']	21	28	224	340	340	340	116	116	116	116	-1	-1	4	0	0
10147	147	1	1	1	Experiencer	-1	You	1	Experiencer		-1	-1	2	know	[1]	['know']	22	30	0	0	0	0	232	232	464	1164	-1	-1	4	1	0
10148	147	1	1	1	Experiencer	-1	You	1	Experiencer		-1	-1	2	know	[1]	['know']	23	88	212	212	212	212	204	356	356	356	-1	-1	4	0	0
10149	147	1	1	1	Experiencer	-1	You	1	Experiencer		-1	-1	2	know	[1]	['know']	24	105	184	184	184	184	156	156	156	156	-1	-1	4	0	0
10150	147	1	1	1	Experiencer	-1	You	1	Experiencer		-1	-1	2	know	[1]	['know']	25	45	0	0	0	0	252	252	360	496	-1	-1	4	1	0
10151	147	1	1	1	Experiencer	-1	You	1	Experiencer		-1	-1	2	know	[1]	['know']	27	180	180	180	180	180	188	188	188	188	-1	-1	4	0	0
10152	147	1	1	1	Experiencer	-1	You	1	Experiencer		-1	-1	2	know	[1]	['know']	28	56	388	388	388	388	348	348	348	348	-1	-1	4	0	0
10153	147	1	1	1	Experiencer	-1	You	1	Experiencer		-1	-1	2	know	[1]	['know']	29	112	96	96	96	96	128	128	272	428	-1	-1	4	0	0
10154	147	1	1	1	Experiencer	-1	You	1	Experiencer		-1	-1	2	know	[1]	['know']	30	159	240	756	756	756	384	588	588	588	-1	-1	4	0	0
10156	147	1	1	1	Experiencer	-1	You	1	Experiencer		-1	-1	2	know	[1]	['know']	32	141	184	184	184	184	192	192	192	192	-1	-1	4	0	0
10157	147	1	1	1	Experiencer	-1	You	1	Experiencer		-1	-1	2	know	[1]	['know']	33	130	172	172	172	172	176	216	300	496	-1	-1	4	0	0
10158	147	1	1	1	Experiencer	-1	You	1	Experiencer		-1	-1	2	know	[1]	['know']	34	29	268	268	268	268	264	264	264	264	-1	-1	4	0	0
10159	147	1	1	1	Experiencer	-1	You	1	Experiencer		-1	-1	2	know	[1]	['know']	35	174	0	0	0	0	148	148	148	148	-1	-1	4	1	0
10160	147	1	1	1	Experiencer	-1	You	1	Experiencer		-1	-1	2	know	[1]	['know']	36	118	0	0	0	0	232	232	232	232	-1	-1	4	1	0
10161	147	1	1	1	Experiencer	-1	You	1	Experiencer		-1	-1	2	know	[1]	['know']	37	70	216	412	412	412	188	188	188	188	-1	-1	4	0	0
10162	147	1	1	1	Experiencer	-1	You	1	Experiencer		-1	-1	2	know	[1]	['know']	38	81	268	268	268	268	248	248	248	248	-1	-1	4	0	0
10164	147	1	1	1	Experiencer	-1	You	1	Experiencer		-1	-1	2	know	[1]	['know']	40	12	264	264	404	612	132	132	132	132	-1	-1	4	0	0
10165	147	1	1	1	Experiencer	-1	You	1	Experiencer		-1	-1	2	know	[1]	['know']	41	156	0	0	0	0	216	216	216	496	-1	-1	4	1	0
10166	147	1	1	1	Experiencer	-1	You	1	Experiencer		-1	-1	2	know	[1]	['know']	42	125	0	0	0	0	152	152	152	152	-1	-1	4	1	0
10167	147	1	1	1	Experiencer	-1	You	1	Experiencer		-1	-1	2	know	[1]	['know']	43	183	260	260	260	324	224	224	224	224	-1	-1	4	0	0
10168	149	2	1	2	Agent	-2	You	1	Agent		-1	-2	5	racing	[4]	['racing']	1	145	224	224	224	224	88	88	316	536	-2	-2	6	0	0
10176	149	2	1	2	Agent	-2	You	1	Agent		-1	-2	5	racing	[4]	['racing']	10	79	0	0	0	0	252	252	252	1160	-2	-2	6	1	0
10179	149	2	1	2	Agent	-2	You	1	Agent		-1	-2	5	racing	[4]	['racing']	13	81	0	0	0	0	156	156	156	156	-2	-2	6	1	0
10186	149	2	1	2	Agent	-2	You	1	Agent		-1	-2	5	racing	[4]	['racing']	20	81	192	192	192	192	168	168	168	168	-2	-2	6	0	0
10189	149	2	1	2	Agent	-2	You	1	Agent		-1	-2	5	racing	[4]	['racing']	23	53	56	312	312	312	196	196	196	196	-2	-2	6	0	0
10192	149	2	1	2	Agent	-2	You	1	Agent		-1	-2	5	racing	[4]	['racing']	27	110	168	304	304	304	356	356	500	716	-2	-2	6	0	0
10193	149	2	1	2	Agent	-2	You	1	Agent		-1	-2	5	racing	[4]	['racing']	28	94	244	244	244	244	220	1204	1204	1204	-2	-2	6	0	0
10195	149	2	1	2	Agent	-2	You	1	Agent		-1	-2	5	racing	[4]	['racing']	30	61	252	252	492	616	144	144	688	1520	-2	-2	6	0	0
10198	149	2	1	2	Agent	-2	You	1	Agent		-1	-2	5	racing	[4]	['racing']	33	94	140	140	316	472	164	164	368	904	-2	-2	6	0	0
10203	149	2	1	2	Agent	-2	You	1	Agent		-1	-2	5	racing	[4]	['racing']	39	79	0	0	0	0	184	184	184	184	-2	-2	6	1	0
10210	150	1	1	1	Theme	-1	smile	2	Theme		-1	-1	3	came	[2, 3]	['came', 'to']	3	181	124	260	260	260	232	232	232	232	-1	-1	4	0	0
10213	150	1	1	1	Theme	-1	smile	2	Theme		-1	-1	3	came	[2, 3]	['came', 'to']	6	146	232	232	232	232	96	96	96	96	-1	-1	4	0	0
10223	150	1	1	1	Theme	-1	smile	2	Theme		-1	-1	3	came	[2, 3]	['came', 'to']	16	11	196	196	196	196	156	156	156	156	-1	-1	4	0	0
10225	150	1	1	1	Theme	-1	smile	2	Theme		-1	-1	3	came	[2, 3]	['came', 'to']	18	4	0	0	0	0	248	248	248	520	-1	-1	4	1	0
10226	150	1	1	1	Theme	-1	smile	2	Theme		-1	-1	3	came	[2, 3]	['came', 'to']	19	131	36	36	36	36	100	216	216	216	-1	-1	4	0	0
10228	150	1	1	1	Theme	-1	smile	2	Theme		-1	-1	3	came	[2, 3]	['came', 'to']	21	168	0	0	0	0	48	48	184	412	-1	-1	4	1	0
10230	150	1	1	1	Theme	-1	smile	2	Theme		-1	-1	3	came	[2, 3]	['came', 'to']	23	72	220	220	220	220	172	172	172	172	-1	-1	4	0	0
10232	150	1	1	1	Theme	-1	smile	2	Theme		-1	-1	3	came	[2, 3]	['came', 'to']	25	92	148	148	148	148	80	80	80	504	-1	-1	4	0	0
10236	150	1	1	1	Theme	-1	smile	2	Theme		-1	-1	3	came	[2, 3]	['came', 'to']	30	193	156	156	156	156	528	528	528	528	-1	-1	4	0	0
10237	150	1	1	1	Theme	-1	smile	2	Theme		-1	-1	3	came	[2, 3]	['came', 'to']	31	51	0	0	0	0	164	164	164	164	-1	-1	4	1	0
10238	150	1	1	1	Theme	-1	smile	2	Theme		-1	-1	3	came	[2, 3]	['came', 'to']	32	48	380	380	380	380	192	192	192	192	-1	-1	4	0	0
10239	150	1	1	1	Theme	-1	smile	2	Theme		-1	-1	3	came	[2, 3]	['came', 'to']	33	133	96	252	252	252	204	204	204	204	-1	-1	4	0	0
10240	150	1	1	1	Theme	-1	smile	2	Theme		-1	-1	3	came	[2, 3]	['came', 'to']	34	72	136	136	136	136	180	180	180	180	-1	-1	4	0	0
10250	150	6	2	1	Agent	-1	he	8	TSU	came	3	-5	9	thought	[8, 9]	['thought', 'of']	1	200	0	0	0	0	132	132	132	492	-1	-5	7	1	0
10252	150	6	2	1	Agent	-1	he	8	TSU	came	3	-5	9	thought	[8, 9]	['thought', 'of']	3	181	176	176	176	412	208	208	208	208	-1	-5	7	0	0
10260	150	6	2	1	Agent	-1	he	8	TSU	came	3	-5	9	thought	[8, 9]	['thought', 'of']	11	67	0	0	0	0	60	60	60	60	-1	-5	7	1	0
10268	150	6	2	1	Agent	-1	he	8	TSU	came	3	-5	9	thought	[8, 9]	['thought', 'of']	19	131	88	88	88	188	164	164	164	164	-1	-5	7	0	0
10274	150	6	2	1	Agent	-1	he	8	TSU	came	3	-5	9	thought	[8, 9]	['thought', 'of']	25	92	152	152	152	308	28	28	28	28	-1	-5	7	0	0
10275	150	6	2	1	Agent	-1	he	8	TSU	came	3	-5	9	thought	[8, 9]	['thought', 'of']	27	204	260	260	260	260	184	184	184	184	-1	-5	7	0	0
10282	150	6	2	1	Agent	-1	he	8	TSU	came	3	-5	9	thought	[8, 9]	['thought', 'of']	34	72	152	152	152	152	168	168	168	168	-1	-5	7	0	0
10292	151	4	2	1	Theme	-1	van	8	Duration	week	3	-3	9	parked	[8, 9]	['parked', 'across']	1	144	200	752	752	752	204	204	204	204	-1	-3	6	0	0
10293	151	4	2	1	Theme	-1	van	8	Duration	week	3	-3	9	parked	[8, 9]	['parked', 'across']	2	5	200	200	200	340	76	76	76	76	-1	-3	6	0	0
10294	151	4	2	1	Theme	-1	van	8	Duration	week	3	-3	9	parked	[8, 9]	['parked', 'across']	3	13	144	532	532	532	244	244	244	244	-1	-3	6	0	0
10295	151	4	2	1	Theme	-1	van	8	Duration	week	3	-3	9	parked	[8, 9]	['parked', 'across']	4	70	124	496	496	496	292	292	292	292	-1	-3	6	0	0
10297	151	4	2	1	Theme	-1	van	8	Duration	week	3	-3	9	parked	[8, 9]	['parked', 'across']	6	177	0	0	0	0	432	432	432	432	-1	-3	6	1	0
10299	151	4	2	1	Theme	-1	van	8	Duration	week	3	-3	9	parked	[8, 9]	['parked', 'across']	8	60	192	312	312	312	160	160	160	160	-1	-3	6	0	0
10300	151	4	2	1	Theme	-1	van	8	Duration	week	3	-3	9	parked	[8, 9]	['parked', 'across']	10	124	136	460	460	460	132	132	132	132	-1	-3	6	0	0
10301	151	4	2	1	Theme	-1	van	8	Duration	week	3	-3	9	parked	[8, 9]	['parked', 'across']	11	26	224	324	324	324	204	204	204	204	-1	-3	6	0	0
10302	151	4	2	1	Theme	-1	van	8	Duration	week	3	-3	9	parked	[8, 9]	['parked', 'across']	12	109	180	180	180	180	152	152	152	152	-1	-3	6	0	0
10303	151	4	2	1	Theme	-1	van	8	Duration	week	3	-3	9	parked	[8, 9]	['parked', 'across']	13	149	212	212	212	212	156	156	156	156	-1	-3	6	0	0
10306	151	4	2	1	Theme	-1	van	8	Duration	week	3	-3	9	parked	[8, 9]	['parked', 'across']	16	37	164	164	164	164	184	184	184	184	-1	-3	6	0	0
10307	151	4	2	1	Theme	-1	van	8	Duration	week	3	-3	9	parked	[8, 9]	['parked', 'across']	17	119	240	240	240	240	140	284	284	284	-1	-3	6	0	0
10308	151	4	2	1	Theme	-1	van	8	Duration	week	3	-3	9	parked	[8, 9]	['parked', 'across']	18	76	236	236	236	236	208	208	208	208	-1	-3	6	0	0
10309	151	4	2	1	Theme	-1	van	8	Duration	week	3	-3	9	parked	[8, 9]	['parked', 'across']	19	48	168	168	168	168	164	164	164	164	-1	-3	6	0	0
10310	151	4	2	1	Theme	-1	van	8	Duration	week	3	-3	9	parked	[8, 9]	['parked', 'across']	20	146	160	160	160	160	148	148	148	148	-1	-3	6	0	0
10311	151	4	2	1	Theme	-1	van	8	Duration	week	3	-3	9	parked	[8, 9]	['parked', 'across']	21	117	276	276	276	276	160	160	160	160	-1	-3	6	0	0
10312	151	4	2	1	Theme	-1	van	8	Duration	week	3	-3	9	parked	[8, 9]	['parked', 'across']	22	125	244	244	244	244	276	276	276	276	-1	-3	6	0	0
10313	151	4	2	1	Theme	-1	van	8	Duration	week	3	-3	9	parked	[8, 9]	['parked', 'across']	23	145	400	400	980	1100	300	300	300	300	-1	-3	6	0	0
10314	151	4	2	1	Theme	-1	van	8	Duration	week	3	-3	9	parked	[8, 9]	['parked', 'across']	24	31	204	204	204	436	204	204	204	204	-1	-3	6	0	0
10316	151	4	2	1	Theme	-1	van	8	Duration	week	3	-3	9	parked	[8, 9]	['parked', 'across']	27	96	168	168	168	168	188	188	188	188	-1	-3	6	0	0
10317	151	4	2	1	Theme	-1	van	8	Duration	week	3	-3	9	parked	[8, 9]	['parked', 'across']	28	168	160	160	752	912	228	228	228	228	-1	-3	6	0	0
10318	151	4	2	1	Theme	-1	van	8	Duration	week	3	-3	9	parked	[8, 9]	['parked', 'across']	29	125	104	272	272	272	160	160	160	160	-1	-3	6	0	0
10319	151	4	2	1	Theme	-1	van	8	Duration	week	3	-3	9	parked	[8, 9]	['parked', 'across']	30	50	220	268	268	268	220	220	220	220	-1	-3	6	0	0
10320	151	4	2	1	Theme	-1	van	8	Duration	week	3	-3	9	parked	[8, 9]	['parked', 'across']	31	194	192	192	192	192	204	204	204	204	-1	-3	6	0	0
10321	151	4	2	1	Theme	-1	van	8	Duration	week	3	-3	9	parked	[8, 9]	['parked', 'across']	32	162	168	268	268	496	132	272	272	272	-1	-3	6	0	0
10322	151	4	2	1	Theme	-1	van	8	Duration	week	3	-3	9	parked	[8, 9]	['parked', 'across']	33	68	276	276	276	276	140	140	140	140	-1	-3	6	0	0
10324	151	4	2	1	Theme	-1	van	8	Duration	week	3	-3	9	parked	[8, 9]	['parked', 'across']	35	57	196	196	196	196	220	220	220	220	-1	-3	6	0	0
10326	151	4	2	1	Theme	-1	van	8	Duration	week	3	-3	9	parked	[8, 9]	['parked', 'across']	37	159	140	140	288	440	212	212	212	212	-1	-3	6	0	0
10327	151	4	2	1	Theme	-1	van	8	Duration	week	3	-3	9	parked	[8, 9]	['parked', 'across']	38	179	284	552	552	552	224	224	224	224	-1	-3	6	0	0
10330	151	4	2	1	Theme	-1	van	8	Duration	week	3	-3	9	parked	[8, 9]	['parked', 'across']	41	110	196	196	196	196	208	208	208	208	-1	-3	6	0	0
10332	151	4	2	1	Theme	-1	van	8	Duration	week	3	-3	9	parked	[8, 9]	['parked', 'across']	43	89	140	140	140	140	92	92	92	92	-1	-3	6	0	0
10333	152	2	2	1	Agent	-1	Maria	2	Manner	Finally	1	-2	3	sat	[2, 3, 4]	['sat', 'down', 'with']	1	176	240	240	240	240	152	152	152	152	-1	-2	3	0	0
10334	152	2	2	1	Agent	-1	Maria	2	Manner	Finally	1	-2	3	sat	[2, 3, 4]	['sat', 'down', 'with']	2	185	188	188	188	188	192	268	268	268	-1	-2	3	0	0
10335	152	2	2	1	Agent	-1	Maria	2	Manner	Finally	1	-2	3	sat	[2, 3, 4]	['sat', 'down', 'with']	3	124	256	256	256	256	124	124	124	124	-1	-2	3	0	0
10336	152	2	2	1	Agent	-1	Maria	2	Manner	Finally	1	-2	3	sat	[2, 3, 4]	['sat', 'down', 'with']	4	181	0	0	0	0	288	288	288	288	-1	-2	3	1	0
10338	152	2	2	1	Agent	-1	Maria	2	Manner	Finally	1	-2	3	sat	[2, 3, 4]	['sat', 'down', 'with']	6	142	0	0	0	0	156	156	156	156	-1	-2	3	1	0
10339	152	2	2	1	Agent	-1	Maria	2	Manner	Finally	1	-2	3	sat	[2, 3, 4]	['sat', 'down', 'with']	7	62	0	0	0	0	160	160	160	388	-1	-2	3	1	0
10340	152	2	2	1	Agent	-1	Maria	2	Manner	Finally	1	-2	3	sat	[2, 3, 4]	['sat', 'down', 'with']	8	200	204	204	204	204	128	128	128	128	-1	-2	3	0	0
10341	152	2	2	1	Agent	-1	Maria	2	Manner	Finally	1	-2	3	sat	[2, 3, 4]	['sat', 'down', 'with']	10	25	208	336	336	336	56	56	56	56	-1	-2	3	0	0
10342	152	2	2	1	Agent	-1	Maria	2	Manner	Finally	1	-2	3	sat	[2, 3, 4]	['sat', 'down', 'with']	11	17	148	148	148	148	200	200	200	200	-1	-2	3	0	0
10344	152	2	2	1	Agent	-1	Maria	2	Manner	Finally	1	-2	3	sat	[2, 3, 4]	['sat', 'down', 'with']	13	181	0	0	0	0	192	192	192	192	-1	-2	3	1	0
10345	152	2	2	1	Agent	-1	Maria	2	Manner	Finally	1	-2	3	sat	[2, 3, 4]	['sat', 'down', 'with']	14	1	172	172	172	172	180	180	180	180	-1	-2	3	0	0
10346	152	2	2	1	Agent	-1	Maria	2	Manner	Finally	1	-2	3	sat	[2, 3, 4]	['sat', 'down', 'with']	15	78	136	136	136	136	112	112	112	112	-1	-2	3	0	0
10347	152	2	2	1	Agent	-1	Maria	2	Manner	Finally	1	-2	3	sat	[2, 3, 4]	['sat', 'down', 'with']	16	56	152	152	152	152	148	148	148	148	-1	-2	3	0	0
10349	152	2	2	1	Agent	-1	Maria	2	Manner	Finally	1	-2	3	sat	[2, 3, 4]	['sat', 'down', 'with']	18	53	0	0	0	0	160	160	160	160	-1	-2	3	1	0
10351	152	2	2	1	Agent	-1	Maria	2	Manner	Finally	1	-2	3	sat	[2, 3, 4]	['sat', 'down', 'with']	20	187	0	0	0	0	148	148	148	148	-1	-2	3	1	0
10352	152	2	2	1	Agent	-1	Maria	2	Manner	Finally	1	-2	3	sat	[2, 3, 4]	['sat', 'down', 'with']	21	102	0	0	0	0	144	292	292	292	-1	-2	3	1	0
10353	152	2	2	1	Agent	-1	Maria	2	Manner	Finally	1	-2	3	sat	[2, 3, 4]	['sat', 'down', 'with']	22	159	224	224	224	224	256	256	256	256	-1	-2	3	0	0
10354	152	2	2	1	Agent	-1	Maria	2	Manner	Finally	1	-2	3	sat	[2, 3, 4]	['sat', 'down', 'with']	23	10	228	228	228	228	304	304	304	304	-1	-2	3	0	0
10355	152	2	2	1	Agent	-1	Maria	2	Manner	Finally	1	-2	3	sat	[2, 3, 4]	['sat', 'down', 'with']	24	148	220	220	220	220	144	144	144	144	-1	-2	3	0	0
10358	152	2	2	1	Agent	-1	Maria	2	Manner	Finally	1	-2	3	sat	[2, 3, 4]	['sat', 'down', 'with']	28	79	288	288	288	288	264	264	264	264	-1	-2	3	0	0
10359	152	2	2	1	Agent	-1	Maria	2	Manner	Finally	1	-2	3	sat	[2, 3, 4]	['sat', 'down', 'with']	29	154	0	0	0	0	292	292	292	292	-1	-2	3	1	0
10360	152	2	2	1	Agent	-1	Maria	2	Manner	Finally	1	-2	3	sat	[2, 3, 4]	['sat', 'down', 'with']	30	87	344	344	344	344	188	188	188	188	-1	-2	3	0	0
10361	152	2	2	1	Agent	-1	Maria	2	Manner	Finally	1	-2	3	sat	[2, 3, 4]	['sat', 'down', 'with']	31	176	0	0	0	0	196	196	196	196	-1	-2	3	1	0
10362	152	2	2	1	Agent	-1	Maria	2	Manner	Finally	1	-2	3	sat	[2, 3, 4]	['sat', 'down', 'with']	32	88	244	244	244	244	176	176	176	176	-1	-2	3	0	0
10363	152	2	2	1	Agent	-1	Maria	2	Manner	Finally	1	-2	3	sat	[2, 3, 4]	['sat', 'down', 'with']	33	143	156	156	156	156	172	172	172	172	-1	-2	3	0	0
10366	152	2	2	1	Agent	-1	Maria	2	Manner	Finally	1	-2	3	sat	[2, 3, 4]	['sat', 'down', 'with']	36	187	0	0	0	0	172	172	172	172	-1	-2	3	1	0
10367	152	2	2	1	Agent	-1	Maria	2	Manner	Finally	1	-2	3	sat	[2, 3, 4]	['sat', 'down', 'with']	37	132	296	296	296	296	168	168	548	608	-1	-2	3	0	0
10368	152	2	2	1	Agent	-1	Maria	2	Manner	Finally	1	-2	3	sat	[2, 3, 4]	['sat', 'down', 'with']	38	87	0	0	0	0	184	184	184	332	-1	-2	3	1	0
10369	152	2	2	1	Agent	-1	Maria	2	Manner	Finally	1	-2	3	sat	[2, 3, 4]	['sat', 'down', 'with']	39	160	0	0	0	0	204	204	204	204	-1	-2	3	1	0
10372	152	2	2	1	Agent	-1	Maria	2	Manner	Finally	1	-2	3	sat	[2, 3, 4]	['sat', 'down', 'with']	42	103	152	152	152	252	132	132	132	132	-1	-2	3	0	0
10374	154	2	1	1	Theme	-2	He	1	Theme		-1	-2	3	seem	[2, 3]	['seem', 'to']	1	68	168	168	168	168	216	216	216	216	-2	-2	4	0	0
10378	154	2	1	1	Theme	-2	He	1	Theme		-1	-2	3	seem	[2, 3]	['seem', 'to']	5	43	0	0	0	0	172	172	172	172	-2	-2	4	1	0
10380	154	2	1	1	Theme	-2	He	1	Theme		-1	-2	3	seem	[2, 3]	['seem', 'to']	7	70	0	0	0	0	100	100	100	100	-2	-2	4	1	0
10382	154	2	1	1	Theme	-2	He	1	Theme		-1	-2	3	seem	[2, 3]	['seem', 'to']	10	197	180	180	180	180	184	184	184	184	-2	-2	4	0	0
10383	154	2	1	1	Theme	-2	He	1	Theme		-1	-2	3	seem	[2, 3]	['seem', 'to']	11	38	208	208	208	208	192	192	192	192	-2	-2	4	0	0
10384	154	2	1	1	Theme	-2	He	1	Theme		-1	-2	3	seem	[2, 3]	['seem', 'to']	12	124	0	0	0	0	160	160	160	160	-2	-2	4	1	0
10386	154	2	1	1	Theme	-2	He	1	Theme		-1	-2	3	seem	[2, 3]	['seem', 'to']	14	145	212	212	212	544	148	148	148	148	-2	-2	4	0	0
10388	154	2	1	1	Theme	-2	He	1	Theme		-1	-2	3	seem	[2, 3]	['seem', 'to']	16	161	128	448	448	448	164	164	164	164	-2	-2	4	0	0
10392	154	2	1	1	Theme	-2	He	1	Theme		-1	-2	3	seem	[2, 3]	['seem', 'to']	20	183	0	0	0	0	132	132	132	420	-2	-2	4	1	0
10393	154	2	1	1	Theme	-2	He	1	Theme		-1	-2	3	seem	[2, 3]	['seem', 'to']	21	61	0	0	0	0	128	128	128	128	-2	-2	4	1	0
10395	154	2	1	1	Theme	-2	He	1	Theme		-1	-2	3	seem	[2, 3]	['seem', 'to']	23	154	0	0	0	0	128	128	128	128	-2	-2	4	1	0
10401	154	2	1	1	Theme	-2	He	1	Theme		-1	-2	3	seem	[2, 3]	['seem', 'to']	30	129	280	280	280	280	280	280	280	280	-2	-2	4	0	0
10402	154	2	1	1	Theme	-2	He	1	Theme		-1	-2	3	seem	[2, 3]	['seem', 'to']	31	185	0	0	0	0	160	160	160	160	-2	-2	4	1	0
10404	154	2	1	1	Theme	-2	He	1	Theme		-1	-2	3	seem	[2, 3]	['seem', 'to']	33	42	200	200	200	200	96	96	96	304	-2	-2	4	0	0
10405	154	2	1	1	Theme	-2	He	1	Theme		-1	-2	3	seem	[2, 3]	['seem', 'to']	34	4	0	0	0	0	172	172	172	172	-2	-2	4	1	0
10407	154	2	1	1	Theme	-2	He	1	Theme		-1	-2	3	seem	[2, 3]	['seem', 'to']	36	28	0	0	0	0	276	276	276	364	-2	-2	4	1	0
10408	154	2	1	1	Theme	-2	He	1	Theme		-1	-2	3	seem	[2, 3]	['seem', 'to']	37	193	124	124	124	124	108	108	108	108	-2	-2	4	0	0
10411	154	2	1	1	Theme	-2	He	1	Theme		-1	-2	3	seem	[2, 3]	['seem', 'to']	40	40	0	0	0	0	200	200	200	200	-2	-2	4	1	0
10415	154	3	1	0	Experiencer	-3	He	1	Experiencer		-1	-3	5	mind	[4]	['mind']	1	68	0	0	0	0	152	152	152	152	-3	-3	4	1	0
10416	154	3	1	0	Experiencer	-3	He	1	Experiencer		-1	-3	5	mind	[4]	['mind']	2	174	164	164	164	164	140	140	140	140	-3	-3	4	0	0
10417	154	3	1	0	Experiencer	-3	He	1	Experiencer		-1	-3	5	mind	[4]	['mind']	3	106	148	148	148	148	144	144	144	144	-3	-3	4	0	0
10419	154	3	1	0	Experiencer	-3	He	1	Experiencer		-1	-3	5	mind	[4]	['mind']	5	43	0	0	0	0	180	180	180	180	-3	-3	4	1	0
10422	154	3	1	0	Experiencer	-3	He	1	Experiencer		-1	-3	5	mind	[4]	['mind']	8	40	176	176	176	176	188	188	188	188	-3	-3	4	0	0
10423	154	3	1	0	Experiencer	-3	He	1	Experiencer		-1	-3	5	mind	[4]	['mind']	10	197	104	104	104	104	120	120	120	120	-3	-3	4	0	0
10424	154	3	1	0	Experiencer	-3	He	1	Experiencer		-1	-3	5	mind	[4]	['mind']	11	38	0	0	0	0	196	196	196	196	-3	-3	4	1	0
10425	154	3	1	0	Experiencer	-3	He	1	Experiencer		-1	-3	5	mind	[4]	['mind']	12	124	0	0	0	0	264	264	264	264	-3	-3	4	1	0
10429	154	3	1	0	Experiencer	-3	He	1	Experiencer		-1	-3	5	mind	[4]	['mind']	16	161	184	184	184	184	292	292	292	292	-3	-3	4	0	0
10432	154	3	1	0	Experiencer	-3	He	1	Experiencer		-1	-3	5	mind	[4]	['mind']	19	182	88	88	88	88	136	136	136	136	-3	-3	4	0	0
10433	154	3	1	0	Experiencer	-3	He	1	Experiencer		-1	-3	5	mind	[4]	['mind']	20	183	0	0	0	0	124	124	124	124	-3	-3	4	1	0
10435	154	3	1	0	Experiencer	-3	He	1	Experiencer		-1	-3	5	mind	[4]	['mind']	22	12	308	308	308	308	204	204	204	204	-3	-3	4	0	0
10436	154	3	1	0	Experiencer	-3	He	1	Experiencer		-1	-3	5	mind	[4]	['mind']	23	154	364	364	364	364	132	480	480	480	-3	-3	4	0	0
10437	154	3	1	0	Experiencer	-3	He	1	Experiencer		-1	-3	5	mind	[4]	['mind']	24	88	192	192	192	192	228	228	228	228	-3	-3	4	0	0
10439	154	3	1	0	Experiencer	-3	He	1	Experiencer		-1	-3	5	mind	[4]	['mind']	27	95	180	180	180	180	240	240	240	240	-3	-3	4	0	0
10440	154	3	1	0	Experiencer	-3	He	1	Experiencer		-1	-3	5	mind	[4]	['mind']	28	32	232	232	828	1108	396	396	396	396	-3	-3	4	0	0
10442	154	3	1	0	Experiencer	-3	He	1	Experiencer		-1	-3	5	mind	[4]	['mind']	30	129	140	140	140	140	276	276	276	276	-3	-3	4	0	0
10443	154	3	1	0	Experiencer	-3	He	1	Experiencer		-1	-3	5	mind	[4]	['mind']	31	185	0	0	0	0	240	240	240	240	-3	-3	4	1	0
10444	154	3	1	0	Experiencer	-3	He	1	Experiencer		-1	-3	5	mind	[4]	['mind']	32	37	236	236	236	236	288	288	288	288	-3	-3	4	0	0
10445	154	3	1	0	Experiencer	-3	He	1	Experiencer		-1	-3	5	mind	[4]	['mind']	33	42	204	204	204	204	192	192	192	192	-3	-3	4	0	0
10446	154	3	1	0	Experiencer	-3	He	1	Experiencer		-1	-3	5	mind	[4]	['mind']	34	4	152	152	152	152	140	140	140	140	-3	-3	4	0	0
10449	154	3	1	0	Experiencer	-3	He	1	Experiencer		-1	-3	5	mind	[4]	['mind']	37	193	176	348	348	348	128	128	128	128	-3	-3	4	0	0
10452	154	3	1	0	Experiencer	-3	He	1	Experiencer		-1	-3	5	mind	[4]	['mind']	40	40	136	136	136	136	272	272	272	272	-3	-3	4	0	0
10453	154	3	1	0	Experiencer	-3	He	1	Experiencer		-1	-3	5	mind	[4]	['mind']	41	8	252	252	252	252	224	224	224	224	-3	-3	4	0	0
10455	154	3	1	0	Experiencer	-3	He	1	Experiencer		-1	-3	5	mind	[4]	['mind']	43	30	188	188	188	188	152	152	152	152	-3	-3	4	0	0
10466	154	6	1	1	Agent	-2	she	7	Agent		-1	-2	9	screaming	[8, 9]	['screaming', 'in']	12	124	212	212	212	732	256	256	256	256	-2	-2	9	0	0
10468	154	6	1	1	Agent	-2	she	7	Agent		-1	-2	9	screaming	[8, 9]	['screaming', 'in']	14	145	164	164	164	164	144	144	144	144	-2	-2	9	0	0
10473	154	6	1	1	Agent	-2	she	7	Agent		-1	-2	9	screaming	[8, 9]	['screaming', 'in']	19	182	96	96	96	96	164	164	164	164	-2	-2	9	0	0
10480	154	6	1	1	Agent	-2	she	7	Agent		-1	-2	9	screaming	[8, 9]	['screaming', 'in']	27	95	228	228	228	344	268	268	268	268	-2	-2	9	0	0
10490	154	6	1	1	Agent	-2	she	7	Agent		-1	-2	9	screaming	[8, 9]	['screaming', 'in']	37	193	188	188	188	188	184	184	184	184	-2	-2	9	0	0
10492	154	6	1	1	Agent	-2	she	7	Agent		-1	-2	9	screaming	[8, 9]	['screaming', 'in']	39	194	124	124	124	124	144	144	144	144	-2	-2	9	0	0
10497	155	1	1	1	Agent	-1	He	1	Agent		-1	-1	2	drank	[1, 2]	['drank', 'too']	1	102	332	460	460	460	148	148	148	148	-1	-1	5	0	0
10498	155	1	1	1	Agent	-1	He	1	Agent		-1	-1	2	drank	[1, 2]	['drank', 'too']	2	73	160	288	288	288	128	128	128	128	-1	-1	5	0	0
10499	155	1	1	1	Agent	-1	He	1	Agent		-1	-1	2	drank	[1, 2]	['drank', 'too']	3	143	116	116	116	116	164	164	164	164	-1	-1	5	0	0
10500	155	1	1	1	Agent	-1	He	1	Agent		-1	-1	2	drank	[1, 2]	['drank', 'too']	4	17	384	384	384	384	284	284	284	284	-1	-1	5	0	0
10501	155	1	1	1	Agent	-1	He	1	Agent		-1	-1	2	drank	[1, 2]	['drank', 'too']	5	84	0	0	0	0	224	224	224	224	-1	-1	5	1	0
10504	155	1	1	1	Agent	-1	He	1	Agent		-1	-1	2	drank	[1, 2]	['drank', 'too']	8	119	200	200	200	200	180	180	180	180	-1	-1	5	0	0
10505	155	1	1	1	Agent	-1	He	1	Agent		-1	-1	2	drank	[1, 2]	['drank', 'too']	10	177	136	136	136	136	112	112	112	112	-1	-1	5	0	0
10506	155	1	1	1	Agent	-1	He	1	Agent		-1	-1	2	drank	[1, 2]	['drank', 'too']	11	120	284	392	392	392	148	148	148	148	-1	-1	5	0	0
10507	155	1	1	1	Agent	-1	He	1	Agent		-1	-1	2	drank	[1, 2]	['drank', 'too']	12	76	248	432	432	432	104	104	104	104	-1	-1	5	0	0
10508	155	1	1	1	Agent	-1	He	1	Agent		-1	-1	2	drank	[1, 2]	['drank', 'too']	13	197	260	260	260	260	192	192	192	192	-1	-1	5	0	0
10509	155	1	1	1	Agent	-1	He	1	Agent		-1	-1	2	drank	[1, 2]	['drank', 'too']	14	181	236	376	376	376	128	128	128	128	-1	-1	5	0	0
10510	155	1	1	1	Agent	-1	He	1	Agent		-1	-1	2	drank	[1, 2]	['drank', 'too']	15	32	0	0	0	0	280	280	280	280	-1	-1	5	1	0
10511	155	1	1	1	Agent	-1	He	1	Agent		-1	-1	2	drank	[1, 2]	['drank', 'too']	16	90	428	428	428	428	148	148	148	148	-1	-1	5	0	0
10513	155	1	1	1	Agent	-1	He	1	Agent		-1	-1	2	drank	[1, 2]	['drank', 'too']	18	123	316	316	316	316	164	164	164	164	-1	-1	5	0	0
10515	155	1	1	1	Agent	-1	He	1	Agent		-1	-1	2	drank	[1, 2]	['drank', 'too']	20	122	300	300	300	300	152	152	152	152	-1	-1	5	0	0
10516	155	1	1	1	Agent	-1	He	1	Agent		-1	-1	2	drank	[1, 2]	['drank', 'too']	21	134	192	192	192	192	120	120	120	120	-1	-1	5	0	0
10517	155	1	1	1	Agent	-1	He	1	Agent		-1	-1	2	drank	[1, 2]	['drank', 'too']	22	19	0	0	0	0	116	116	340	760	-1	-1	5	1	0
10518	155	1	1	1	Agent	-1	He	1	Agent		-1	-1	2	drank	[1, 2]	['drank', 'too']	23	122	524	524	524	524	228	228	228	228	-1	-1	5	0	0
10519	155	1	1	1	Agent	-1	He	1	Agent		-1	-1	2	drank	[1, 2]	['drank', 'too']	24	150	132	132	132	132	232	232	232	232	-1	-1	5	0	0
10522	155	1	1	1	Agent	-1	He	1	Agent		-1	-1	2	drank	[1, 2]	['drank', 'too']	28	200	0	0	0	0	84	84	84	536	-1	-1	5	1	0
10524	155	1	1	1	Agent	-1	He	1	Agent		-1	-1	2	drank	[1, 2]	['drank', 'too']	30	156	256	564	564	564	260	260	260	260	-1	-1	5	0	0
10525	155	1	1	1	Agent	-1	He	1	Agent		-1	-1	2	drank	[1, 2]	['drank', 'too']	31	35	252	252	252	252	96	96	96	96	-1	-1	5	0	0
10526	155	1	1	1	Agent	-1	He	1	Agent		-1	-1	2	drank	[1, 2]	['drank', 'too']	32	21	228	332	332	332	184	184	184	184	-1	-1	5	0	0
10527	155	1	1	1	Agent	-1	He	1	Agent		-1	-1	2	drank	[1, 2]	['drank', 'too']	33	70	168	168	168	168	164	164	164	164	-1	-1	5	0	0
10531	155	1	1	1	Agent	-1	He	1	Agent		-1	-1	2	drank	[1, 2]	['drank', 'too']	37	109	224	472	472	472	168	168	168	168	-1	-1	5	0	0
10533	155	1	1	1	Agent	-1	He	1	Agent		-1	-1	2	drank	[1, 2]	['drank', 'too']	39	92	104	104	104	104	152	152	152	152	-1	-1	5	0	0
10534	155	1	1	1	Agent	-1	He	1	Agent		-1	-1	2	drank	[1, 2]	['drank', 'too']	40	30	236	460	460	552	212	212	212	212	-1	-1	5	0	0
10536	155	1	1	1	Agent	-1	He	1	Agent		-1	-1	2	drank	[1, 2]	['drank', 'too']	42	190	396	396	396	396	152	152	152	152	-1	-1	5	0	0
10537	155	1	1	1	Agent	-1	He	1	Agent		-1	-1	2	drank	[1, 2]	['drank', 'too']	43	11	296	400	400	400	196	196	196	196	-1	-1	5	0	0
10540	155	5	1	1	Agent	-5	He	1	Agent		-1	-5	8	washed	[7, 8]	['washed', 'too']	3	143	168	168	168	168	264	264	264	264	-5	-5	6	0	0
10542	155	5	1	1	Agent	-5	He	1	Agent		-1	-5	8	washed	[7, 8]	['washed', 'too']	5	84	140	140	140	140	144	144	144	144	-5	-5	6	0	0
10545	155	5	1	1	Agent	-5	He	1	Agent		-1	-5	8	washed	[7, 8]	['washed', 'too']	8	119	228	228	228	228	220	220	220	220	-5	-5	6	0	0
10547	155	5	1	1	Agent	-5	He	1	Agent		-1	-5	8	washed	[7, 8]	['washed', 'too']	11	120	280	280	280	280	284	284	284	284	-5	-5	6	0	0
10549	155	5	1	1	Agent	-5	He	1	Agent		-1	-5	8	washed	[7, 8]	['washed', 'too']	13	197	0	0	0	0	296	296	296	296	-5	-5	6	1	0
10555	155	5	1	1	Agent	-5	He	1	Agent		-1	-5	8	washed	[7, 8]	['washed', 'too']	19	189	184	184	184	184	192	192	192	192	-5	-5	6	0	0
10556	155	5	1	1	Agent	-5	He	1	Agent		-1	-5	8	washed	[7, 8]	['washed', 'too']	20	122	44	44	44	184	196	196	196	196	-5	-5	6	0	0
10564	155	5	1	1	Agent	-5	He	1	Agent		-1	-5	8	washed	[7, 8]	['washed', 'too']	29	94	352	352	352	352	236	236	236	236	-5	-5	6	0	0
10565	155	5	1	1	Agent	-5	He	1	Agent		-1	-5	8	washed	[7, 8]	['washed', 'too']	30	156	224	796	796	796	252	252	252	252	-5	-5	6	0	0
10567	155	5	1	1	Agent	-5	He	1	Agent		-1	-5	8	washed	[7, 8]	['washed', 'too']	32	21	168	388	388	388	384	384	384	384	-5	-5	6	0	0
10568	155	5	1	1	Agent	-5	He	1	Agent		-1	-5	8	washed	[7, 8]	['washed', 'too']	33	70	196	408	408	408	132	132	132	132	-5	-5	6	0	0
10575	155	5	1	1	Agent	-5	He	1	Agent		-1	-5	8	washed	[7, 8]	['washed', 'too']	40	30	136	136	136	136	192	192	192	192	-5	-5	6	0	0
10576	155	5	1	1	Agent	-5	He	1	Agent		-1	-5	8	washed	[7, 8]	['washed', 'too']	41	47	236	236	236	236	116	116	116	116	-5	-5	6	0	0
10578	155	5	1	1	Agent	-5	He	1	Agent		-1	-5	8	washed	[7, 8]	['washed', 'too']	43	11	236	236	236	236	224	224	224	224	-5	-5	6	0	0
10579	156	1	1	2	Agent	-1	He	1	Agent		-1	-1	2	folded	[1]	['folded']	1	116	216	216	216	216	220	220	220	220	-1	-1	6	0	0
10580	156	1	1	2	Agent	-1	He	1	Agent		-1	-1	2	folded	[1]	['folded']	2	39	0	0	0	0	176	176	332	500	-1	-1	6	1	0
10581	156	1	1	2	Agent	-1	He	1	Agent		-1	-1	2	folded	[1]	['folded']	3	149	332	516	516	516	204	204	204	204	-1	-1	6	0	0
10582	156	1	1	2	Agent	-1	He	1	Agent		-1	-1	2	folded	[1]	['folded']	4	61	128	128	128	128	224	224	224	224	-1	-1	6	0	0
10584	156	1	1	2	Agent	-1	He	1	Agent		-1	-1	2	folded	[1]	['folded']	6	188	188	188	188	188	128	128	128	128	-1	-1	6	0	0
10586	156	1	1	2	Agent	-1	He	1	Agent		-1	-1	2	folded	[1]	['folded']	8	76	344	344	344	344	148	276	276	276	-1	-1	6	0	0
10587	156	1	1	2	Agent	-1	He	1	Agent		-1	-1	2	folded	[1]	['folded']	10	158	268	484	484	484	80	80	80	80	-1	-1	6	0	0
10588	156	1	1	2	Agent	-1	He	1	Agent		-1	-1	2	folded	[1]	['folded']	11	152	172	172	172	172	224	224	356	500	-1	-1	6	0	0
10589	156	1	1	2	Agent	-1	He	1	Agent		-1	-1	2	folded	[1]	['folded']	12	191	188	188	188	188	124	124	124	124	-1	-1	6	0	0
10590	156	1	1	2	Agent	-1	He	1	Agent		-1	-1	2	folded	[1]	['folded']	13	40	0	0	0	0	220	220	220	220	-1	-1	6	1	0
10591	156	1	1	2	Agent	-1	He	1	Agent		-1	-1	2	folded	[1]	['folded']	14	98	300	300	300	300	152	152	152	152	-1	-1	6	0	0
10593	156	1	1	2	Agent	-1	He	1	Agent		-1	-1	2	folded	[1]	['folded']	16	154	144	292	292	292	184	184	184	184	-1	-1	6	0	0
10594	156	1	1	2	Agent	-1	He	1	Agent		-1	-1	2	folded	[1]	['folded']	17	18	252	384	384	384	156	156	156	156	-1	-1	6	0	0
10596	156	1	1	2	Agent	-1	He	1	Agent		-1	-1	2	folded	[1]	['folded']	19	127	52	52	52	52	220	220	220	220	-1	-1	6	0	0
10597	156	1	1	2	Agent	-1	He	1	Agent		-1	-1	2	folded	[1]	['folded']	20	161	224	404	404	404	120	120	120	120	-1	-1	6	0	0
10600	156	1	1	2	Agent	-1	He	1	Agent		-1	-1	2	folded	[1]	['folded']	23	152	212	604	604	604	212	212	212	212	-1	-1	6	0	0
10601	156	1	1	2	Agent	-1	He	1	Agent		-1	-1	2	folded	[1]	['folded']	24	109	176	176	176	176	148	148	148	148	-1	-1	6	0	0
10602	156	1	1	2	Agent	-1	He	1	Agent		-1	-1	2	folded	[1]	['folded']	25	39	0	0	0	0	148	148	148	228	-1	-1	6	1	0
10603	156	1	1	2	Agent	-1	He	1	Agent		-1	-1	2	folded	[1]	['folded']	27	122	120	472	472	472	280	280	280	280	-1	-1	6	0	0
10606	156	1	1	2	Agent	-1	He	1	Agent		-1	-1	2	folded	[1]	['folded']	30	105	300	524	524	524	264	264	264	264	-1	-1	6	0	0
10607	156	1	1	2	Agent	-1	He	1	Agent		-1	-1	2	folded	[1]	['folded']	31	133	0	0	0	0	128	128	128	128	-1	-1	6	1	0
10609	156	1	1	2	Agent	-1	He	1	Agent		-1	-1	2	folded	[1]	['folded']	33	31	188	188	188	188	204	204	204	204	-1	-1	6	0	0
10610	156	1	1	2	Agent	-1	He	1	Agent		-1	-1	2	folded	[1]	['folded']	34	133	248	408	408	408	160	160	160	160	-1	-1	6	0	0
10611	156	1	1	2	Agent	-1	He	1	Agent		-1	-1	2	folded	[1]	['folded']	35	133	144	144	144	144	176	176	176	176	-1	-1	6	0	0
10613	156	1	1	2	Agent	-1	He	1	Agent		-1	-1	2	folded	[1]	['folded']	37	80	204	204	204	204	120	120	120	120	-1	-1	6	0	0
10615	156	1	1	2	Agent	-1	He	1	Agent		-1	-1	2	folded	[1]	['folded']	39	179	284	284	284	284	236	236	236	236	-1	-1	6	0	0
10618	156	1	1	2	Agent	-1	He	1	Agent		-1	-1	2	folded	[1]	['folded']	42	77	312	312	312	312	116	116	116	116	-1	-1	6	0	0
10619	156	1	1	2	Agent	-1	He	1	Agent		-1	-1	2	folded	[1]	['folded']	43	22	160	292	292	292	192	192	192	192	-1	-1	6	0	0
10620	156	7	1	1	Agent	-7	He	1	Agent		-1	-7	9	put	[8, 9]	['put', 'out']	1	116	0	0	0	0	344	344	344	344	-7	-7	3	1	0
10621	156	7	1	1	Agent	-7	He	1	Agent		-1	-7	9	put	[8, 9]	['put', 'out']	2	39	136	136	136	136	172	172	172	172	-7	-7	3	0	0
10622	156	7	1	1	Agent	-7	He	1	Agent		-1	-7	9	put	[8, 9]	['put', 'out']	3	149	168	168	168	168	184	360	360	360	-7	-7	3	0	0
10626	156	7	1	1	Agent	-7	He	1	Agent		-1	-7	9	put	[8, 9]	['put', 'out']	7	81	0	0	0	0	148	148	148	148	-7	-7	3	1	0
10630	156	7	1	1	Agent	-7	He	1	Agent		-1	-7	9	put	[8, 9]	['put', 'out']	12	191	144	144	144	144	144	144	144	144	-7	-7	3	0	0
10633	156	7	1	1	Agent	-7	He	1	Agent		-1	-7	9	put	[8, 9]	['put', 'out']	15	107	0	0	0	0	112	112	112	112	-7	-7	3	1	0
10634	156	7	1	1	Agent	-7	He	1	Agent		-1	-7	9	put	[8, 9]	['put', 'out']	16	154	180	180	180	180	276	276	276	276	-7	-7	3	0	0
10636	156	7	1	1	Agent	-7	He	1	Agent		-1	-7	9	put	[8, 9]	['put', 'out']	18	17	224	224	224	224	220	220	220	220	-7	-7	3	0	0
10639	156	7	1	1	Agent	-7	He	1	Agent		-1	-7	9	put	[8, 9]	['put', 'out']	21	1	0	0	0	0	144	144	144	272	-7	-7	3	1	0
10640	156	7	1	1	Agent	-7	He	1	Agent		-1	-7	9	put	[8, 9]	['put', 'out']	22	201	0	0	0	0	240	240	240	240	-7	-7	3	1	0
10641	156	7	1	1	Agent	-7	He	1	Agent		-1	-7	9	put	[8, 9]	['put', 'out']	23	152	348	348	348	348	140	140	140	140	-7	-7	3	0	0
10645	156	7	1	1	Agent	-7	He	1	Agent		-1	-7	9	put	[8, 9]	['put', 'out']	28	12	0	0	0	0	184	184	184	184	-7	-7	3	1	0
10648	156	7	1	1	Agent	-7	He	1	Agent		-1	-7	9	put	[8, 9]	['put', 'out']	31	133	200	200	200	200	132	132	132	132	-7	-7	3	0	0
10649	156	7	1	1	Agent	-7	He	1	Agent		-1	-7	9	put	[8, 9]	['put', 'out']	32	6	264	264	264	264	108	108	108	108	-7	-7	3	0	0
10653	156	7	1	1	Agent	-7	He	1	Agent		-1	-7	9	put	[8, 9]	['put', 'out']	36	149	0	0	0	0	216	216	216	216	-7	-7	3	1	0
10658	156	7	1	1	Agent	-7	He	1	Agent		-1	-7	9	put	[8, 9]	['put', 'out']	41	182	0	0	0	0	204	204	204	204	-7	-7	3	1	0
10660	156	7	1	1	Agent	-7	He	1	Agent		-1	-7	9	put	[8, 9]	['put', 'out']	43	22	0	0	0	0	164	164	164	164	-7	-7	3	1	0
10661	157	1	1	1	Pivot	-1	He	1	Pivot		-1	-1	2	had	[1]	['had']	1	91	284	284	284	284	116	116	116	116	-1	-1	3	0	0
10662	157	1	1	1	Pivot	-1	He	1	Pivot		-1	-1	2	had	[1]	['had']	2	22	64	180	180	180	180	248	248	248	-1	-1	3	0	0
10663	157	1	1	1	Pivot	-1	He	1	Pivot		-1	-1	2	had	[1]	['had']	3	169	408	408	408	408	144	144	284	472	-1	-1	3	0	0
10664	157	1	1	1	Pivot	-1	He	1	Pivot		-1	-1	2	had	[1]	['had']	4	71	268	404	404	404	164	164	164	164	-1	-1	3	0	0
10665	157	1	1	1	Pivot	-1	He	1	Pivot		-1	-1	2	had	[1]	['had']	5	107	0	0	0	0	240	240	384	520	-1	-1	3	1	0
10666	157	1	1	1	Pivot	-1	He	1	Pivot		-1	-1	2	had	[1]	['had']	6	48	228	228	228	228	136	136	136	136	-1	-1	3	0	0
10667	157	1	1	1	Pivot	-1	He	1	Pivot		-1	-1	2	had	[1]	['had']	7	112	0	0	0	0	152	152	152	152	-1	-1	3	1	0
10668	157	1	1	1	Pivot	-1	He	1	Pivot		-1	-1	2	had	[1]	['had']	8	108	228	404	404	404	160	160	160	160	-1	-1	3	0	0
10669	157	1	1	1	Pivot	-1	He	1	Pivot		-1	-1	2	had	[1]	['had']	10	129	132	132	132	132	252	388	388	388	-1	-1	3	0	0
10670	157	1	1	1	Pivot	-1	He	1	Pivot		-1	-1	2	had	[1]	['had']	11	53	168	168	168	168	136	136	136	136	-1	-1	3	0	0
10672	157	1	1	1	Pivot	-1	He	1	Pivot		-1	-1	2	had	[1]	['had']	13	174	244	244	244	244	160	160	160	160	-1	-1	3	0	0
10673	157	1	1	1	Pivot	-1	He	1	Pivot		-1	-1	2	had	[1]	['had']	14	23	0	0	0	0	72	240	428	672	-1	-1	3	1	0
10674	157	1	1	1	Pivot	-1	He	1	Pivot		-1	-1	2	had	[1]	['had']	15	47	0	0	0	0	260	260	260	260	-1	-1	3	1	0
10675	157	1	1	1	Pivot	-1	He	1	Pivot		-1	-1	2	had	[1]	['had']	16	149	164	164	164	164	216	320	320	320	-1	-1	3	0	0
10676	157	1	1	1	Pivot	-1	He	1	Pivot		-1	-1	2	had	[1]	['had']	17	82	168	168	168	168	204	204	204	204	-1	-1	3	0	0
10677	157	1	1	1	Pivot	-1	He	1	Pivot		-1	-1	2	had	[1]	['had']	18	164	324	324	324	324	112	112	112	112	-1	-1	3	0	0
10678	157	1	1	1	Pivot	-1	He	1	Pivot		-1	-1	2	had	[1]	['had']	19	3	0	0	0	0	192	320	320	320	-1	-1	3	1	0
10679	157	1	1	1	Pivot	-1	He	1	Pivot		-1	-1	2	had	[1]	['had']	20	121	252	252	252	252	236	236	236	236	-1	-1	3	0	0
10680	157	1	1	1	Pivot	-1	He	1	Pivot		-1	-1	2	had	[1]	['had']	21	141	232	232	232	232	124	124	124	124	-1	-1	3	0	0
10681	157	1	1	1	Pivot	-1	He	1	Pivot		-1	-1	2	had	[1]	['had']	22	57	236	388	388	532	212	212	212	212	-1	-1	3	0	0
10682	157	1	1	1	Pivot	-1	He	1	Pivot		-1	-1	2	had	[1]	['had']	23	8	0	0	0	0	372	372	372	540	-1	-1	3	1	0
10684	157	1	1	1	Pivot	-1	He	1	Pivot		-1	-1	2	had	[1]	['had']	25	180	312	312	312	312	68	108	108	108	-1	-1	3	0	0
10685	157	1	1	1	Pivot	-1	He	1	Pivot		-1	-1	2	had	[1]	['had']	27	7	0	0	0	0	268	268	268	268	-1	-1	3	1	0
10687	157	1	1	1	Pivot	-1	He	1	Pivot		-1	-1	2	had	[1]	['had']	29	73	0	0	0	0	228	228	524	712	-1	-1	3	1	0
10688	157	1	1	1	Pivot	-1	He	1	Pivot		-1	-1	2	had	[1]	['had']	30	176	368	368	368	368	188	188	188	188	-1	-1	3	0	0
10689	157	1	1	1	Pivot	-1	He	1	Pivot		-1	-1	2	had	[1]	['had']	31	103	0	0	0	0	204	204	204	204	-1	-1	3	1	0
10690	157	1	1	1	Pivot	-1	He	1	Pivot		-1	-1	2	had	[1]	['had']	32	58	280	280	280	280	252	252	252	252	-1	-1	3	0	0
10691	157	1	1	1	Pivot	-1	He	1	Pivot		-1	-1	2	had	[1]	['had']	33	5	224	224	224	224	108	108	200	440	-1	-1	3	0	0
10692	157	1	1	1	Pivot	-1	He	1	Pivot		-1	-1	2	had	[1]	['had']	34	171	148	148	148	148	192	192	192	192	-1	-1	3	0	0
10693	157	1	1	1	Pivot	-1	He	1	Pivot		-1	-1	2	had	[1]	['had']	35	56	260	372	372	372	216	216	216	216	-1	-1	3	0	0
10694	157	1	1	1	Pivot	-1	He	1	Pivot		-1	-1	2	had	[1]	['had']	36	125	240	240	240	240	152	152	152	152	-1	-1	3	0	0
10695	157	1	1	1	Pivot	-1	He	1	Pivot		-1	-1	2	had	[1]	['had']	37	40	36	248	248	304	144	248	248	248	-1	-1	3	0	0
10696	157	1	1	1	Pivot	-1	He	1	Pivot		-1	-1	2	had	[1]	['had']	38	64	292	292	292	292	200	200	200	200	-1	-1	3	0	0
10697	157	1	1	1	Pivot	-1	He	1	Pivot		-1	-1	2	had	[1]	['had']	39	24	0	0	0	0	348	348	348	348	-1	-1	3	1	0
10698	157	1	1	1	Pivot	-1	He	1	Pivot		-1	-1	2	had	[1]	['had']	40	45	248	372	372	372	132	132	132	260	-1	-1	3	0	0
10699	157	1	1	1	Pivot	-1	He	1	Pivot		-1	-1	2	had	[1]	['had']	41	73	0	0	0	0	256	256	256	496	-1	-1	3	1	0
10700	157	1	1	1	Pivot	-1	He	1	Pivot		-1	-1	2	had	[1]	['had']	42	117	120	120	120	120	224	224	224	224	-1	-1	3	0	0
10701	157	1	1	1	Pivot	-1	He	1	Pivot		-1	-1	2	had	[1]	['had']	43	189	272	512	512	512	132	132	132	132	-1	-1	3	0	0
10702	157	6	1	1	Agent	-1	they	6	Agent		-1	-1	7	told	[6]	['told']	1	91	0	0	0	0	168	168	168	168	-1	-1	4	1	0
10703	157	6	1	1	Agent	-1	they	6	Agent		-1	-1	7	told	[6]	['told']	2	22	0	0	0	0	152	152	152	260	-1	-1	4	1	0
10704	157	6	1	1	Agent	-1	they	6	Agent		-1	-1	7	told	[6]	['told']	3	169	120	120	120	120	132	280	280	280	-1	-1	4	0	0
10706	157	6	1	1	Agent	-1	they	6	Agent		-1	-1	7	told	[6]	['told']	5	107	240	240	240	344	176	176	176	176	-1	-1	4	0	0
10708	157	6	1	1	Agent	-1	they	6	Agent		-1	-1	7	told	[6]	['told']	7	112	44	44	44	44	128	128	128	128	-1	-1	4	0	0
10712	157	6	1	1	Agent	-1	they	6	Agent		-1	-1	7	told	[6]	['told']	12	116	0	0	0	0	100	100	100	100	-1	-1	4	1	0
10716	157	6	1	1	Agent	-1	they	6	Agent		-1	-1	7	told	[6]	['told']	16	149	192	192	192	192	180	180	180	180	-1	-1	4	0	0
10717	157	6	1	1	Agent	-1	they	6	Agent		-1	-1	7	told	[6]	['told']	17	82	160	160	160	160	84	84	84	84	-1	-1	4	0	0
10718	157	6	1	1	Agent	-1	they	6	Agent		-1	-1	7	told	[6]	['told']	18	164	0	0	0	0	156	156	156	156	-1	-1	4	1	0
10721	157	6	1	1	Agent	-1	they	6	Agent		-1	-1	7	told	[6]	['told']	21	141	212	212	212	212	148	148	148	148	-1	-1	4	0	0
10722	157	6	1	1	Agent	-1	they	6	Agent		-1	-1	7	told	[6]	['told']	22	57	220	220	220	220	160	160	160	160	-1	-1	4	0	0
10723	157	6	1	1	Agent	-1	they	6	Agent		-1	-1	7	told	[6]	['told']	23	8	276	276	276	276	248	248	248	248	-1	-1	4	0	0
10724	157	6	1	1	Agent	-1	they	6	Agent		-1	-1	7	told	[6]	['told']	24	28	180	180	180	180	164	164	164	164	-1	-1	4	0	0
10727	157	6	1	1	Agent	-1	they	6	Agent		-1	-1	7	told	[6]	['told']	28	18	484	484	484	484	184	184	184	184	-1	-1	4	0	0
10728	157	6	1	1	Agent	-1	they	6	Agent		-1	-1	7	told	[6]	['told']	29	73	184	184	184	184	196	196	196	196	-1	-1	4	0	0
10730	157	6	1	1	Agent	-1	they	6	Agent		-1	-1	7	told	[6]	['told']	31	103	0	0	0	0	180	180	180	180	-1	-1	4	1	0
10731	157	6	1	1	Agent	-1	they	6	Agent		-1	-1	7	told	[6]	['told']	32	58	236	236	236	236	224	224	224	224	-1	-1	4	0	0
10732	157	6	1	1	Agent	-1	they	6	Agent		-1	-1	7	told	[6]	['told']	33	5	220	220	220	220	164	164	164	164	-1	-1	4	0	0
10734	157	6	1	1	Agent	-1	they	6	Agent		-1	-1	7	told	[6]	['told']	35	56	0	0	0	0	172	172	172	172	-1	-1	4	1	0
10735	157	6	1	1	Agent	-1	they	6	Agent		-1	-1	7	told	[6]	['told']	36	125	0	0	0	0	180	180	180	180	-1	-1	4	1	0
10736	157	6	1	1	Agent	-1	they	6	Agent		-1	-1	7	told	[6]	['told']	37	40	200	200	200	200	152	152	152	152	-1	-1	4	0	0
10738	157	6	1	1	Agent	-1	they	6	Agent		-1	-1	7	told	[6]	['told']	39	24	128	128	128	128	148	148	148	148	-1	-1	4	0	0
10740	157	6	1	1	Agent	-1	they	6	Agent		-1	-1	7	told	[6]	['told']	41	73	0	0	0	0	144	144	144	144	-1	-1	4	1	0
10742	157	6	1	1	Agent	-1	they	6	Agent		-1	-1	7	told	[6]	['told']	43	189	164	164	164	164	144	144	144	144	-1	-1	4	0	0
10743	157	11	1	1	Agent	-2	he	9	Agent		-1	-2	11	moving	[10]	['moving']	1	91	164	364	364	364	136	316	588	1584	-2	-2	6	0	0
10744	157	11	1	1	Agent	-2	he	9	Agent		-1	-2	11	moving	[10]	['moving']	2	22	0	0	0	0	136	136	192	612	-2	-2	6	1	0
10745	157	11	1	1	Agent	-2	he	9	Agent		-1	-2	11	moving	[10]	['moving']	3	169	160	160	712	1344	276	276	276	276	-2	-2	6	0	0
10746	157	11	1	1	Agent	-2	he	9	Agent		-1	-2	11	moving	[10]	['moving']	4	71	276	276	276	276	104	248	248	644	-2	-2	6	0	0
10747	157	11	1	1	Agent	-2	he	9	Agent		-1	-2	11	moving	[10]	['moving']	5	107	168	352	352	352	92	92	92	792	-2	-2	6	0	0
10748	157	11	1	1	Agent	-2	he	9	Agent		-1	-2	11	moving	[10]	['moving']	6	48	204	204	204	204	384	384	384	384	-2	-2	6	0	0
10749	157	11	1	1	Agent	-2	he	9	Agent		-1	-2	11	moving	[10]	['moving']	7	112	160	160	160	160	56	56	352	1532	-2	-2	6	0	0
10750	157	11	1	1	Agent	-2	he	9	Agent		-1	-2	11	moving	[10]	['moving']	8	108	156	156	156	156	172	172	172	316	-2	-2	6	0	0
10751	157	11	1	1	Agent	-2	he	9	Agent		-1	-2	11	moving	[10]	['moving']	10	129	140	316	316	316	204	232	512	2116	-2	-2	6	0	0
10752	157	11	1	1	Agent	-2	he	9	Agent		-1	-2	11	moving	[10]	['moving']	11	53	176	176	176	176	228	228	384	784	-2	-2	6	0	0
10754	157	11	1	1	Agent	-2	he	9	Agent		-1	-2	11	moving	[10]	['moving']	13	174	160	160	160	160	336	816	816	1192	-2	-2	6	0	0
10755	157	11	1	1	Agent	-2	he	9	Agent		-1	-2	11	moving	[10]	['moving']	14	23	224	420	420	420	152	152	152	152	-2	-2	6	0	0
10756	157	11	1	1	Agent	-2	he	9	Agent		-1	-2	11	moving	[10]	['moving']	15	47	288	288	288	288	32	232	356	988	-2	-2	6	0	0
10757	157	11	1	1	Agent	-2	he	9	Agent		-1	-2	11	moving	[10]	['moving']	16	149	212	368	368	368	244	660	660	1084	-2	-2	6	0	0
10758	157	11	1	1	Agent	-2	he	9	Agent		-1	-2	11	moving	[10]	['moving']	17	82	284	284	284	284	60	60	60	60	-2	-2	6	0	0
10759	157	11	1	1	Agent	-2	he	9	Agent		-1	-2	11	moving	[10]	['moving']	18	164	160	160	160	160	116	116	116	384	-2	-2	6	0	0
10760	157	11	1	1	Agent	-2	he	9	Agent		-1	-2	11	moving	[10]	['moving']	19	3	96	368	368	368	236	236	488	2472	-2	-2	6	0	0
10762	157	11	1	1	Agent	-2	he	9	Agent		-1	-2	11	moving	[10]	['moving']	21	141	220	220	220	220	140	140	140	652	-2	-2	6	0	0
10763	157	11	1	1	Agent	-2	he	9	Agent		-1	-2	11	moving	[10]	['moving']	22	57	320	320	320	320	288	288	288	512	-2	-2	6	0	0
10764	157	11	1	1	Agent	-2	he	9	Agent		-1	-2	11	moving	[10]	['moving']	23	8	228	228	228	228	236	236	708	5512	-2	-2	6	0	0
10765	157	11	1	1	Agent	-2	he	9	Agent		-1	-2	11	moving	[10]	['moving']	24	28	144	144	144	144	180	180	432	2052	-2	-2	6	0	0
10766	157	11	1	1	Agent	-2	he	9	Agent		-1	-2	11	moving	[10]	['moving']	25	180	216	216	216	216	188	548	548	816	-2	-2	6	0	0
10767	157	11	1	1	Agent	-2	he	9	Agent		-1	-2	11	moving	[10]	['moving']	27	7	188	188	188	188	260	372	924	1500	-2	-2	6	0	0
10768	157	11	1	1	Agent	-2	he	9	Agent		-1	-2	11	moving	[10]	['moving']	28	18	184	184	380	564	176	176	432	564	-2	-2	6	0	0
10769	157	11	1	1	Agent	-2	he	9	Agent		-1	-2	11	moving	[10]	['moving']	29	73	184	184	184	184	352	476	476	476	-2	-2	6	0	0
10770	157	11	1	1	Agent	-2	he	9	Agent		-1	-2	11	moving	[10]	['moving']	30	176	212	212	212	212	412	412	412	412	-2	-2	6	0	0
10771	157	11	1	1	Agent	-2	he	9	Agent		-1	-2	11	moving	[10]	['moving']	31	103	152	152	152	152	248	248	248	248	-2	-2	6	0	0
10772	157	11	1	1	Agent	-2	he	9	Agent		-1	-2	11	moving	[10]	['moving']	32	58	224	224	224	224	276	276	276	276	-2	-2	6	0	0
10773	157	11	1	1	Agent	-2	he	9	Agent		-1	-2	11	moving	[10]	['moving']	33	5	188	188	188	188	196	196	244	1388	-2	-2	6	0	0
10774	157	11	1	1	Agent	-2	he	9	Agent		-1	-2	11	moving	[10]	['moving']	34	171	156	156	156	156	216	216	432	740	-2	-2	6	0	0
10775	157	11	1	1	Agent	-2	he	9	Agent		-1	-2	11	moving	[10]	['moving']	35	56	160	160	160	160	156	316	316	596	-2	-2	6	0	0
10777	157	11	1	1	Agent	-2	he	9	Agent		-1	-2	11	moving	[10]	['moving']	37	40	212	212	212	212	280	280	448	620	-2	-2	6	0	0
10778	157	11	1	1	Agent	-2	he	9	Agent		-1	-2	11	moving	[10]	['moving']	38	64	176	176	176	176	152	292	916	1724	-2	-2	6	0	0
10779	157	11	1	1	Agent	-2	he	9	Agent		-1	-2	11	moving	[10]	['moving']	39	24	188	188	188	188	224	224	224	1568	-2	-2	6	0	0
10780	157	11	1	1	Agent	-2	he	9	Agent		-1	-2	11	moving	[10]	['moving']	40	45	132	264	264	264	272	272	272	1228	-2	-2	6	0	0
10781	157	11	1	1	Agent	-2	he	9	Agent		-1	-2	11	moving	[10]	['moving']	41	73	224	224	224	224	148	148	148	704	-2	-2	6	0	0
10782	157	11	1	1	Agent	-2	he	9	Agent		-1	-2	11	moving	[10]	['moving']	42	117	160	160	160	160	204	204	204	1156	-2	-2	6	0	0
10783	157	11	1	1	Agent	-2	he	9	Agent		-1	-2	11	moving	[10]	['moving']	43	189	236	236	236	236	136	292	292	1072	-2	-2	6	0	0
10784	158	1	1	2	Agent	-1	He	1	Agent		-1	-1	2	put	[1]	['put']	1	12	84	84	84	84	128	252	252	252	-1	-1	3	0	0
10785	158	1	1	2	Agent	-1	He	1	Agent		-1	-1	2	put	[1]	['put']	2	138	0	0	0	0	316	316	316	316	-1	-1	3	1	0
10786	158	1	1	2	Agent	-1	He	1	Agent		-1	-1	2	put	[1]	['put']	3	198	480	480	480	480	200	200	200	200	-1	-1	3	0	0
10787	158	1	1	2	Agent	-1	He	1	Agent		-1	-1	2	put	[1]	['put']	4	40	248	384	384	384	168	168	168	168	-1	-1	3	0	0
10789	158	1	1	2	Agent	-1	He	1	Agent		-1	-1	2	put	[1]	['put']	6	69	0	0	0	0	124	124	124	124	-1	-1	3	1	0
10790	158	1	1	2	Agent	-1	He	1	Agent		-1	-1	2	put	[1]	['put']	7	31	0	0	0	0	128	128	128	128	-1	-1	3	1	0
10791	158	1	1	2	Agent	-1	He	1	Agent		-1	-1	2	put	[1]	['put']	8	123	144	144	144	144	140	140	140	140	-1	-1	3	0	0
10792	158	1	1	2	Agent	-1	He	1	Agent		-1	-1	2	put	[1]	['put']	10	83	204	204	204	204	184	184	184	184	-1	-1	3	0	0
10793	158	1	1	2	Agent	-1	He	1	Agent		-1	-1	2	put	[1]	['put']	11	110	148	148	148	148	160	160	160	160	-1	-1	3	0	0
10794	158	1	1	2	Agent	-1	He	1	Agent		-1	-1	2	put	[1]	['put']	12	175	460	460	460	460	184	184	184	184	-1	-1	3	0	0
10795	158	1	1	2	Agent	-1	He	1	Agent		-1	-1	2	put	[1]	['put']	13	94	308	308	308	308	220	220	220	220	-1	-1	3	0	0
10796	158	1	1	2	Agent	-1	He	1	Agent		-1	-1	2	put	[1]	['put']	14	74	300	528	528	528	312	312	312	312	-1	-1	3	0	0
10798	158	1	1	2	Agent	-1	He	1	Agent		-1	-1	2	put	[1]	['put']	16	137	188	384	384	384	324	324	324	324	-1	-1	3	0	0
10800	158	1	1	2	Agent	-1	He	1	Agent		-1	-1	2	put	[1]	['put']	19	152	80	80	80	296	192	192	192	192	-1	-1	3	0	0
10802	158	1	1	2	Agent	-1	He	1	Agent		-1	-1	2	put	[1]	['put']	21	158	236	236	236	236	124	124	124	124	-1	-1	3	0	0
10803	158	1	1	2	Agent	-1	He	1	Agent		-1	-1	2	put	[1]	['put']	22	184	364	364	364	364	156	156	156	156	-1	-1	3	0	0
10804	158	1	1	2	Agent	-1	He	1	Agent		-1	-1	2	put	[1]	['put']	23	60	264	428	428	428	172	172	172	172	-1	-1	3	0	0
10805	158	1	1	2	Agent	-1	He	1	Agent		-1	-1	2	put	[1]	['put']	24	82	312	312	312	312	240	240	240	240	-1	-1	3	0	0
10806	158	1	1	2	Agent	-1	He	1	Agent		-1	-1	2	put	[1]	['put']	25	189	160	312	312	312	128	128	128	128	-1	-1	3	0	0
10808	158	1	1	2	Agent	-1	He	1	Agent		-1	-1	2	put	[1]	['put']	28	125	84	272	636	768	348	348	348	348	-1	-1	3	0	0
10810	158	1	1	2	Agent	-1	He	1	Agent		-1	-1	2	put	[1]	['put']	30	125	232	232	232	232	340	340	340	340	-1	-1	3	0	0
10811	158	1	1	2	Agent	-1	He	1	Agent		-1	-1	2	put	[1]	['put']	31	72	0	0	0	0	196	196	196	196	-1	-1	3	1	0
10812	158	1	1	2	Agent	-1	He	1	Agent		-1	-1	2	put	[1]	['put']	32	17	24	24	304	492	200	200	200	200	-1	-1	3	0	0
10813	158	1	1	2	Agent	-1	He	1	Agent		-1	-1	2	put	[1]	['put']	33	182	152	152	152	152	144	144	144	144	-1	-1	3	0	0
10815	158	1	1	2	Agent	-1	He	1	Agent		-1	-1	2	put	[1]	['put']	35	167	284	284	284	284	164	164	164	164	-1	-1	3	0	0
10817	158	1	1	2	Agent	-1	He	1	Agent		-1	-1	2	put	[1]	['put']	37	141	72	204	204	204	140	140	140	140	-1	-1	3	0	0
10824	158	7	1	1	Agent	-7	He	1	Agent		-1	-7	9	leaned	[8, 9]	['leaned', 'against']	1	12	192	192	192	192	228	360	360	360	-7	-7	6	0	0
10825	158	7	1	1	Agent	-7	He	1	Agent		-1	-7	9	leaned	[8, 9]	['leaned', 'against']	2	138	172	172	172	172	156	156	156	156	-7	-7	6	0	0
10826	158	7	1	1	Agent	-7	He	1	Agent		-1	-7	9	leaned	[8, 9]	['leaned', 'against']	3	198	184	404	404	404	348	348	348	348	-7	-7	6	0	0
10827	158	7	1	1	Agent	-7	He	1	Agent		-1	-7	9	leaned	[8, 9]	['leaned', 'against']	4	40	148	316	316	316	164	164	164	164	-7	-7	6	0	0
10828	158	7	1	1	Agent	-7	He	1	Agent		-1	-7	9	leaned	[8, 9]	['leaned', 'against']	5	20	140	140	140	140	204	204	204	204	-7	-7	6	0	0
10829	158	7	1	1	Agent	-7	He	1	Agent		-1	-7	9	leaned	[8, 9]	['leaned', 'against']	6	69	0	0	0	0	232	232	232	232	-7	-7	6	1	0
10830	158	7	1	1	Agent	-7	He	1	Agent		-1	-7	9	leaned	[8, 9]	['leaned', 'against']	7	31	136	136	136	136	104	104	104	104	-7	-7	6	0	0
10831	158	7	1	1	Agent	-7	He	1	Agent		-1	-7	9	leaned	[8, 9]	['leaned', 'against']	8	123	144	256	256	256	192	192	192	192	-7	-7	6	0	0
10832	158	7	1	1	Agent	-7	He	1	Agent		-1	-7	9	leaned	[8, 9]	['leaned', 'against']	10	83	128	128	128	128	136	292	292	292	-7	-7	6	0	0
10833	158	7	1	1	Agent	-7	He	1	Agent		-1	-7	9	leaned	[8, 9]	['leaned', 'against']	11	110	0	0	0	0	144	288	288	288	-7	-7	6	1	0
10834	158	7	1	1	Agent	-7	He	1	Agent		-1	-7	9	leaned	[8, 9]	['leaned', 'against']	12	175	184	184	184	184	168	460	460	460	-7	-7	6	0	0
10835	158	7	1	1	Agent	-7	He	1	Agent		-1	-7	9	leaned	[8, 9]	['leaned', 'against']	13	94	188	188	188	188	252	252	252	252	-7	-7	6	0	0
10836	158	7	1	1	Agent	-7	He	1	Agent		-1	-7	9	leaned	[8, 9]	['leaned', 'against']	14	74	184	184	184	184	160	160	160	160	-7	-7	6	0	0
10838	158	7	1	1	Agent	-7	He	1	Agent		-1	-7	9	leaned	[8, 9]	['leaned', 'against']	16	137	188	188	188	188	148	148	148	148	-7	-7	6	0	0
10839	158	7	1	1	Agent	-7	He	1	Agent		-1	-7	9	leaned	[8, 9]	['leaned', 'against']	18	175	224	224	224	224	188	188	188	188	-7	-7	6	0	0
10840	158	7	1	1	Agent	-7	He	1	Agent		-1	-7	9	leaned	[8, 9]	['leaned', 'against']	19	152	212	212	212	212	172	172	172	172	-7	-7	6	0	0
10843	158	7	1	1	Agent	-7	He	1	Agent		-1	-7	9	leaned	[8, 9]	['leaned', 'against']	22	184	200	200	200	200	220	220	220	220	-7	-7	6	0	0
10844	158	7	1	1	Agent	-7	He	1	Agent		-1	-7	9	leaned	[8, 9]	['leaned', 'against']	23	60	260	260	260	260	340	496	496	496	-7	-7	6	0	0
10845	158	7	1	1	Agent	-7	He	1	Agent		-1	-7	9	leaned	[8, 9]	['leaned', 'against']	24	82	252	252	252	252	224	224	224	224	-7	-7	6	0	0
10846	158	7	1	1	Agent	-7	He	1	Agent		-1	-7	9	leaned	[8, 9]	['leaned', 'against']	25	189	212	328	328	328	276	276	276	276	-7	-7	6	0	0
10847	158	7	1	1	Agent	-7	He	1	Agent		-1	-7	9	leaned	[8, 9]	['leaned', 'against']	27	27	180	308	308	308	164	164	164	164	-7	-7	6	0	0
10848	158	7	1	1	Agent	-7	He	1	Agent		-1	-7	9	leaned	[8, 9]	['leaned', 'against']	28	125	552	552	552	552	204	204	204	204	-7	-7	6	0	0
10849	158	7	1	1	Agent	-7	He	1	Agent		-1	-7	9	leaned	[8, 9]	['leaned', 'against']	29	33	168	168	168	168	216	348	348	348	-7	-7	6	0	0
10850	158	7	1	1	Agent	-7	He	1	Agent		-1	-7	9	leaned	[8, 9]	['leaned', 'against']	30	125	316	512	512	512	580	580	580	580	-7	-7	6	0	0
10852	158	7	1	1	Agent	-7	He	1	Agent		-1	-7	9	leaned	[8, 9]	['leaned', 'against']	32	17	460	460	460	460	236	236	236	236	-7	-7	6	0	0
10853	158	7	1	1	Agent	-7	He	1	Agent		-1	-7	9	leaned	[8, 9]	['leaned', 'against']	33	182	172	324	324	324	192	192	192	192	-7	-7	6	0	0
10854	158	7	1	1	Agent	-7	He	1	Agent		-1	-7	9	leaned	[8, 9]	['leaned', 'against']	34	156	176	176	176	176	216	216	216	216	-7	-7	6	0	0
10855	158	7	1	1	Agent	-7	He	1	Agent		-1	-7	9	leaned	[8, 9]	['leaned', 'against']	35	167	160	160	160	160	160	160	160	160	-7	-7	6	0	0
10856	158	7	1	1	Agent	-7	He	1	Agent		-1	-7	9	leaned	[8, 9]	['leaned', 'against']	36	69	0	0	0	0	200	200	200	200	-7	-7	6	1	0
10857	158	7	1	1	Agent	-7	He	1	Agent		-1	-7	9	leaned	[8, 9]	['leaned', 'against']	37	141	152	296	296	296	192	192	192	192	-7	-7	6	0	0
10858	158	7	1	1	Agent	-7	He	1	Agent		-1	-7	9	leaned	[8, 9]	['leaned', 'against']	38	55	224	224	224	224	84	408	408	408	-7	-7	6	0	0
10859	158	7	1	1	Agent	-7	He	1	Agent		-1	-7	9	leaned	[8, 9]	['leaned', 'against']	39	25	172	172	172	172	232	232	232	232	-7	-7	6	0	0
10860	158	7	1	1	Agent	-7	He	1	Agent		-1	-7	9	leaned	[8, 9]	['leaned', 'against']	40	49	220	220	220	220	184	184	184	184	-7	-7	6	0	0
10861	158	7	1	1	Agent	-7	He	1	Agent		-1	-7	9	leaned	[8, 9]	['leaned', 'against']	41	60	176	176	176	176	112	224	224	224	-7	-7	6	0	0
10862	158	7	1	1	Agent	-7	He	1	Agent		-1	-7	9	leaned	[8, 9]	['leaned', 'against']	42	7	244	244	244	384	184	184	184	184	-7	-7	6	0	0
10863	158	7	1	1	Agent	-7	He	1	Agent		-1	-7	9	leaned	[8, 9]	['leaned', 'against']	43	151	192	192	192	192	148	148	148	148	-7	-7	6	0	0
10864	159	2	1	1	Product	-2	He	1	Product		-1	-2	3	built	[2, 3]	['built', 'with']	1	5	312	312	312	312	304	304	304	304	-2	-2	5	0	0
10865	159	2	1	1	Product	-2	He	1	Product		-1	-2	3	built	[2, 3]	['built', 'with']	2	117	56	192	192	192	144	352	352	600	-2	-2	5	0	0
10868	159	2	1	1	Product	-2	He	1	Product		-1	-2	3	built	[2, 3]	['built', 'with']	5	111	268	268	268	492	176	176	176	176	-2	-2	5	0	0
10870	159	2	1	1	Product	-2	He	1	Product		-1	-2	3	built	[2, 3]	['built', 'with']	7	203	180	180	180	312	76	76	76	76	-2	-2	5	0	0
10871	159	2	1	1	Product	-2	He	1	Product		-1	-2	3	built	[2, 3]	['built', 'with']	8	30	0	0	0	0	164	164	164	164	-2	-2	5	1	0
10872	159	2	1	1	Product	-2	He	1	Product		-1	-2	3	built	[2, 3]	['built', 'with']	9	30	176	176	176	336	356	356	356	356	-2	-2	5	0	0
10873	159	2	1	1	Product	-2	He	1	Product		-1	-2	3	built	[2, 3]	['built', 'with']	10	175	280	632	632	764	168	168	168	168	-2	-2	5	0	0
10874	159	2	1	1	Product	-2	He	1	Product		-1	-2	3	built	[2, 3]	['built', 'with']	11	190	0	0	0	0	156	156	156	156	-2	-2	5	1	0
10875	159	2	1	1	Product	-2	He	1	Product		-1	-2	3	built	[2, 3]	['built', 'with']	12	148	196	196	196	196	228	228	228	228	-2	-2	5	0	0
10876	159	2	1	1	Product	-2	He	1	Product		-1	-2	3	built	[2, 3]	['built', 'with']	13	93	160	160	160	160	224	224	224	224	-2	-2	5	0	0
10878	159	2	1	1	Product	-2	He	1	Product		-1	-2	3	built	[2, 3]	['built', 'with']	15	172	0	0	0	0	164	164	164	164	-2	-2	5	1	0
10879	159	2	1	1	Product	-2	He	1	Product		-1	-2	3	built	[2, 3]	['built', 'with']	16	97	128	128	128	128	168	168	168	168	-2	-2	5	0	0
10881	159	2	1	1	Product	-2	He	1	Product		-1	-2	3	built	[2, 3]	['built', 'with']	18	58	0	0	0	0	276	276	276	276	-2	-2	5	1	0
10882	159	2	1	1	Product	-2	He	1	Product		-1	-2	3	built	[2, 3]	['built', 'with']	19	150	256	256	256	256	188	188	188	188	-2	-2	5	0	0
10885	159	2	1	1	Product	-2	He	1	Product		-1	-2	3	built	[2, 3]	['built', 'with']	22	151	200	200	388	516	240	240	240	240	-2	-2	5	0	0
10886	159	2	1	1	Product	-2	He	1	Product		-1	-2	3	built	[2, 3]	['built', 'with']	23	121	208	208	208	208	92	92	92	92	-2	-2	5	0	0
10887	159	2	1	1	Product	-2	He	1	Product		-1	-2	3	built	[2, 3]	['built', 'with']	24	182	204	204	204	204	216	216	404	724	-2	-2	5	0	0
10888	159	2	1	1	Product	-2	He	1	Product		-1	-2	3	built	[2, 3]	['built', 'with']	25	96	248	248	384	508	152	152	152	152	-2	-2	5	0	0
10889	159	2	1	1	Product	-2	He	1	Product		-1	-2	3	built	[2, 3]	['built', 'with']	27	72	276	404	404	404	216	216	216	216	-2	-2	5	0	0
10890	159	2	1	1	Product	-2	He	1	Product		-1	-2	3	built	[2, 3]	['built', 'with']	28	110	148	148	148	148	212	400	400	400	-2	-2	5	0	0
10892	159	2	1	1	Product	-2	He	1	Product		-1	-2	3	built	[2, 3]	['built', 'with']	30	201	24	24	24	24	608	608	608	776	-2	-2	5	0	0
10894	159	2	1	1	Product	-2	He	1	Product		-1	-2	3	built	[2, 3]	['built', 'with']	32	68	272	272	272	272	352	352	352	352	-2	-2	5	0	0
10895	159	2	1	1	Product	-2	He	1	Product		-1	-2	3	built	[2, 3]	['built', 'with']	33	123	0	0	0	0	212	376	376	376	-2	-2	5	1	0
10896	159	2	1	1	Product	-2	He	1	Product		-1	-2	3	built	[2, 3]	['built', 'with']	34	168	216	216	216	216	184	184	184	184	-2	-2	5	0	0
10897	159	2	1	1	Product	-2	He	1	Product		-1	-2	3	built	[2, 3]	['built', 'with']	35	97	144	304	304	304	152	152	152	152	-2	-2	5	0	0
10898	159	2	1	1	Product	-2	He	1	Product		-1	-2	3	built	[2, 3]	['built', 'with']	36	152	156	156	156	156	164	164	164	164	-2	-2	5	0	0
10899	159	2	1	1	Product	-2	He	1	Product		-1	-2	3	built	[2, 3]	['built', 'with']	37	142	152	152	344	568	132	264	264	264	-2	-2	5	0	0
10903	159	2	1	1	Product	-2	He	1	Product		-1	-2	3	built	[2, 3]	['built', 'with']	41	159	0	0	0	0	204	204	312	640	-2	-2	5	1	0
10905	159	2	1	1	Product	-2	He	1	Product		-1	-2	3	built	[2, 3]	['built', 'with']	43	140	148	148	148	148	152	152	152	152	-2	-2	5	0	0
10907	159	4	1	1	Experiencer	-4	He	1	Experiencer		-1	-4	7	liked	[6, 7]	['liked', 'to']	2	117	160	160	160	160	152	152	152	152	-4	-4	5	0	0
10912	159	4	1	1	Experiencer	-4	He	1	Experiencer		-1	-4	7	liked	[6, 7]	['liked', 'to']	7	203	184	184	184	884	124	124	124	124	-4	-4	5	0	0
10920	159	4	1	1	Experiencer	-4	He	1	Experiencer		-1	-4	7	liked	[6, 7]	['liked', 'to']	15	172	0	0	0	0	140	140	140	140	-4	-4	5	1	0
10921	159	4	1	1	Experiencer	-4	He	1	Experiencer		-1	-4	7	liked	[6, 7]	['liked', 'to']	16	97	164	164	164	164	224	224	224	224	-4	-4	5	0	0
10922	159	4	1	1	Experiencer	-4	He	1	Experiencer		-1	-4	7	liked	[6, 7]	['liked', 'to']	17	36	188	188	316	736	100	100	100	100	-4	-4	5	0	0
10938	159	4	1	1	Experiencer	-4	He	1	Experiencer		-1	-4	7	liked	[6, 7]	['liked', 'to']	34	168	172	172	172	172	100	100	100	100	-4	-4	5	0	0
10939	159	4	1	1	Experiencer	-4	He	1	Experiencer		-1	-4	7	liked	[6, 7]	['liked', 'to']	35	97	156	156	156	156	144	144	144	144	-4	-4	5	0	0
10941	159	4	1	1	Experiencer	-4	He	1	Experiencer		-1	-4	7	liked	[6, 7]	['liked', 'to']	37	142	184	276	276	276	172	172	172	172	-4	-4	5	0	0
10946	159	4	1	1	Experiencer	-4	He	1	Experiencer		-1	-4	7	liked	[6, 7]	['liked', 'to']	42	79	156	156	156	156	116	116	116	984	-4	-4	5	0	0
10947	159	4	1	1	Experiencer	-4	He	1	Experiencer		-1	-4	7	liked	[6, 7]	['liked', 'to']	43	140	200	200	200	200	224	224	224	224	-4	-4	5	0	0
10948	159	6	1	1	Agent	-6	He	1	Agent		-1	-6	9	throw	[8]	['throw']	1	5	228	228	228	228	136	136	136	136	-6	-6	5	0	0
10949	159	6	1	1	Agent	-6	He	1	Agent		-1	-6	9	throw	[8]	['throw']	2	117	208	208	292	480	96	96	96	96	-6	-6	5	0	0
10950	159	6	1	1	Agent	-6	He	1	Agent		-1	-6	9	throw	[8]	['throw']	3	78	140	140	408	572	160	160	160	160	-6	-6	5	0	0
10951	159	6	1	1	Agent	-6	He	1	Agent		-1	-6	9	throw	[8]	['throw']	4	174	212	212	212	212	96	96	96	96	-6	-6	5	0	0
10952	159	6	1	1	Agent	-6	He	1	Agent		-1	-6	9	throw	[8]	['throw']	5	111	156	156	156	156	188	188	188	188	-6	-6	5	0	0
10953	159	6	1	1	Agent	-6	He	1	Agent		-1	-6	9	throw	[8]	['throw']	6	64	0	0	0	0	372	372	372	372	-6	-6	5	1	0
10954	159	6	1	1	Agent	-6	He	1	Agent		-1	-6	9	throw	[8]	['throw']	7	203	0	0	0	0	160	160	160	160	-6	-6	5	1	0
10957	159	6	1	1	Agent	-6	He	1	Agent		-1	-6	9	throw	[8]	['throw']	10	175	0	0	0	0	168	168	168	168	-6	-6	5	1	0
10958	159	6	1	1	Agent	-6	He	1	Agent		-1	-6	9	throw	[8]	['throw']	11	190	188	188	188	492	156	156	156	156	-6	-6	5	0	0
10962	159	6	1	1	Agent	-6	He	1	Agent		-1	-6	9	throw	[8]	['throw']	15	172	0	0	0	0	168	168	168	168	-6	-6	5	1	0
10964	159	6	1	1	Agent	-6	He	1	Agent		-1	-6	9	throw	[8]	['throw']	17	36	0	0	0	0	192	192	192	192	-6	-6	5	1	0
10967	159	6	1	1	Agent	-6	He	1	Agent		-1	-6	9	throw	[8]	['throw']	20	108	264	264	264	264	128	128	128	128	-6	-6	5	0	0
10968	159	6	1	1	Agent	-6	He	1	Agent		-1	-6	9	throw	[8]	['throw']	21	194	184	184	184	184	228	228	228	228	-6	-6	5	0	0
10972	159	6	1	1	Agent	-6	He	1	Agent		-1	-6	9	throw	[8]	['throw']	25	96	268	268	268	408	124	124	124	340	-6	-6	5	0	0
10973	159	6	1	1	Agent	-6	He	1	Agent		-1	-6	9	throw	[8]	['throw']	27	72	316	316	316	316	148	148	148	148	-6	-6	5	0	0
10977	159	6	1	1	Agent	-6	He	1	Agent		-1	-6	9	throw	[8]	['throw']	31	168	132	132	132	132	172	172	172	172	-6	-6	5	0	0
10980	159	6	1	1	Agent	-6	He	1	Agent		-1	-6	9	throw	[8]	['throw']	34	168	156	156	156	156	176	176	176	176	-6	-6	5	0	0
10981	159	6	1	1	Agent	-6	He	1	Agent		-1	-6	9	throw	[8]	['throw']	35	97	0	0	0	0	208	208	208	208	-6	-6	5	1	0
10982	159	6	1	1	Agent	-6	He	1	Agent		-1	-6	9	throw	[8]	['throw']	36	152	0	0	0	0	200	200	200	200	-6	-6	5	1	0
10983	159	6	1	1	Agent	-6	He	1	Agent		-1	-6	9	throw	[8]	['throw']	37	142	176	176	176	176	164	164	164	164	-6	-6	5	0	0
10985	159	6	1	1	Agent	-6	He	1	Agent		-1	-6	9	throw	[8]	['throw']	39	20	132	132	132	132	140	140	140	140	-6	-6	5	0	0
10987	159	6	1	1	Agent	-6	He	1	Agent		-1	-6	9	throw	[8]	['throw']	41	159	208	208	208	208	244	244	244	244	-6	-6	5	0	0
10988	159	6	1	1	Agent	-6	He	1	Agent		-1	-6	9	throw	[8]	['throw']	42	79	0	0	0	0	212	212	212	528	-6	-6	5	1	0
10989	159	6	1	1	Agent	-6	He	1	Agent		-1	-6	9	throw	[8]	['throw']	43	140	0	0	0	0	176	176	176	176	-6	-6	5	1	0
10990	160	2	1	0	Agent	-2	I	1	Agent		-1	-2	3	trying,	[2]	['trying,']	1	41	76	76	76	76	468	468	928	1160	-2	-2	7	0	0
10991	160	2	1	0	Agent	-2	I	1	Agent		-1	-2	3	trying,	[2]	['trying,']	2	137	224	224	224	224	104	104	344	608	-2	-2	7	0	0
10993	160	2	1	0	Agent	-2	I	1	Agent		-1	-2	3	trying,	[2]	['trying,']	4	140	152	152	152	308	332	332	332	332	-2	-2	7	0	0
10994	160	2	1	0	Agent	-2	I	1	Agent		-1	-2	3	trying,	[2]	['trying,']	5	168	332	332	332	568	276	276	276	276	-2	-2	7	0	0
10997	160	2	1	0	Agent	-2	I	1	Agent		-1	-2	3	trying,	[2]	['trying,']	8	179	348	500	500	500	168	168	168	168	-2	-2	7	0	0
10998	160	2	1	0	Agent	-2	I	1	Agent		-1	-2	3	trying,	[2]	['trying,']	10	96	0	0	0	0	164	164	408	940	-2	-2	7	1	0
10999	160	2	1	0	Agent	-2	I	1	Agent		-1	-2	3	trying,	[2]	['trying,']	11	114	148	148	148	148	228	340	340	340	-2	-2	7	0	0
11000	160	2	1	0	Agent	-2	I	1	Agent		-1	-2	3	trying,	[2]	['trying,']	12	163	440	688	688	688	252	252	252	472	-2	-2	7	0	0
11001	160	2	1	0	Agent	-2	I	1	Agent		-1	-2	3	trying,	[2]	['trying,']	13	108	160	160	160	160	172	172	172	172	-2	-2	7	0	0
11002	160	2	1	0	Agent	-2	I	1	Agent		-1	-2	3	trying,	[2]	['trying,']	14	67	244	244	704	796	188	188	188	188	-2	-2	7	0	0
11006	160	2	1	0	Agent	-2	I	1	Agent		-1	-2	3	trying,	[2]	['trying,']	18	148	88	88	88	312	248	248	248	248	-2	-2	7	0	0
11007	160	2	1	0	Agent	-2	I	1	Agent		-1	-2	3	trying,	[2]	['trying,']	19	140	156	156	156	156	272	272	272	272	-2	-2	7	0	0
11010	160	2	1	0	Agent	-2	I	1	Agent		-1	-2	3	trying,	[2]	['trying,']	22	53	72	72	396	892	240	368	368	368	-2	-2	7	0	0
11011	160	2	1	0	Agent	-2	I	1	Agent		-1	-2	3	trying,	[2]	['trying,']	23	63	228	228	228	228	200	200	200	200	-2	-2	7	0	0
11012	160	2	1	0	Agent	-2	I	1	Agent		-1	-2	3	trying,	[2]	['trying,']	24	113	188	188	188	188	244	244	244	244	-2	-2	7	0	0
11014	160	2	1	0	Agent	-2	I	1	Agent		-1	-2	3	trying,	[2]	['trying,']	27	14	0	0	0	0	208	208	508	848	-2	-2	7	1	0
11015	160	2	1	0	Agent	-2	I	1	Agent		-1	-2	3	trying,	[2]	['trying,']	28	190	148	148	292	412	196	324	324	324	-2	-2	7	0	0
11017	160	2	1	0	Agent	-2	I	1	Agent		-1	-2	3	trying,	[2]	['trying,']	30	45	324	324	484	908	344	344	532	996	-2	-2	7	0	0
11019	160	2	1	0	Agent	-2	I	1	Agent		-1	-2	3	trying,	[2]	['trying,']	32	159	192	192	192	192	256	256	256	256	-2	-2	7	0	0
11021	160	2	1	0	Agent	-2	I	1	Agent		-1	-2	3	trying,	[2]	['trying,']	34	7	292	292	292	292	172	172	172	172	-2	-2	7	0	0
11024	160	2	1	0	Agent	-2	I	1	Agent		-1	-2	3	trying,	[2]	['trying,']	37	201	212	212	212	212	188	468	468	468	-2	-2	7	0	0
11025	160	2	1	0	Agent	-2	I	1	Agent		-1	-2	3	trying,	[2]	['trying,']	38	33	176	176	176	176	168	168	168	168	-2	-2	7	0	0
11029	160	2	1	0	Agent	-2	I	1	Agent		-1	-2	3	trying,	[2]	['trying,']	42	150	0	0	0	0	224	224	224	492	-2	-2	7	1	0
11032	160	10	1	0	EQU	-7	old	4	EQU		-1	-7	10	kill	[9]	['kill']	2	137	0	0	0	0	128	128	128	128	-7	-7	4	1	0
11034	160	10	1	0	EQU	-7	old	4	EQU		-1	-7	10	kill	[9]	['kill']	4	140	0	0	0	0	156	156	156	156	-7	-7	4	1	0
11036	160	10	1	0	EQU	-7	old	4	EQU		-1	-7	10	kill	[9]	['kill']	6	104	172	172	172	332	244	244	244	244	-7	-7	4	0	0
11039	160	10	1	0	EQU	-7	old	4	EQU		-1	-7	10	kill	[9]	['kill']	10	96	116	116	116	116	172	172	172	172	-7	-7	4	0	0
11040	160	10	1	0	EQU	-7	old	4	EQU		-1	-7	10	kill	[9]	['kill']	11	114	0	0	0	0	168	168	168	168	-7	-7	4	1	0
11041	160	10	1	0	EQU	-7	old	4	EQU		-1	-7	10	kill	[9]	['kill']	12	163	156	304	304	584	168	168	168	168	-7	-7	4	0	0
11042	160	10	1	0	EQU	-7	old	4	EQU		-1	-7	10	kill	[9]	['kill']	13	108	0	0	0	0	248	248	248	248	-7	-7	4	1	0
11043	160	10	1	0	EQU	-7	old	4	EQU		-1	-7	10	kill	[9]	['kill']	14	67	0	0	0	0	204	204	204	204	-7	-7	4	1	0
11045	160	10	1	0	EQU	-7	old	4	EQU		-1	-7	10	kill	[9]	['kill']	16	39	136	136	136	136	168	168	168	168	-7	-7	4	0	0
11047	160	10	1	0	EQU	-7	old	4	EQU		-1	-7	10	kill	[9]	['kill']	18	148	0	0	0	0	176	176	176	176	-7	-7	4	1	0
11049	160	10	1	0	EQU	-7	old	4	EQU		-1	-7	10	kill	[9]	['kill']	20	80	0	0	0	0	276	276	740	2044	-7	-7	4	1	0
11050	160	10	1	0	EQU	-7	old	4	EQU		-1	-7	10	kill	[9]	['kill']	21	19	164	164	164	164	192	320	320	320	-7	-7	4	0	0
11053	160	10	1	0	EQU	-7	old	4	EQU		-1	-7	10	kill	[9]	['kill']	24	113	0	0	0	0	220	220	220	220	-7	-7	4	1	0
11060	160	10	1	0	EQU	-7	old	4	EQU		-1	-7	10	kill	[9]	['kill']	32	159	0	0	0	0	168	168	168	168	-7	-7	4	1	0
11061	160	10	1	0	EQU	-7	old	4	EQU		-1	-7	10	kill	[9]	['kill']	33	34	148	148	148	148	92	92	92	92	-7	-7	4	0	0
11062	160	10	1	0	EQU	-7	old	4	EQU		-1	-7	10	kill	[9]	['kill']	34	7	0	0	0	0	168	168	168	168	-7	-7	4	1	0
11063	160	10	1	0	EQU	-7	old	4	EQU		-1	-7	10	kill	[9]	['kill']	35	140	0	0	0	0	136	136	136	136	-7	-7	4	1	0
11066	160	10	1	0	EQU	-7	old	4	EQU		-1	-7	10	kill	[9]	['kill']	38	33	0	0	0	0	144	144	144	144	-7	-7	4	1	0
11067	160	10	1	0	EQU	-7	old	4	EQU		-1	-7	10	kill	[9]	['kill']	39	83	0	0	0	0	156	156	156	156	-7	-7	4	1	0
11069	160	10	1	0	EQU	-7	old	4	EQU		-1	-7	10	kill	[9]	['kill']	41	58	228	228	228	228	148	148	148	148	-7	-7	4	0	0
11070	160	10	1	0	EQU	-7	old	4	EQU		-1	-7	10	kill	[9]	['kill']	42	150	0	0	0	0	164	164	164	164	-7	-7	4	1	0
11071	160	10	1	0	EQU	-7	old	4	EQU		-1	-7	10	kill	[9]	['kill']	43	126	0	0	0	0	136	136	136	136	-7	-7	4	1	0
11079	161	2	1	1	Pivot	-2	I	1	Pivot		-1	-2	3	have	[2]	['have']	8	66	184	184	184	184	208	208	208	208	-2	-2	4	0	0
11082	161	2	1	1	Pivot	-2	I	1	Pivot		-1	-2	3	have	[2]	['have']	11	95	176	176	176	176	140	140	140	416	-2	-2	4	0	0
11085	161	2	1	1	Pivot	-2	I	1	Pivot		-1	-2	3	have	[2]	['have']	14	73	0	0	0	0	188	188	188	188	-2	-2	4	1	0
11087	161	2	1	1	Pivot	-2	I	1	Pivot		-1	-2	3	have	[2]	['have']	16	178	196	196	196	196	168	168	168	168	-2	-2	4	0	0
11088	161	2	1	1	Pivot	-2	I	1	Pivot		-1	-2	3	have	[2]	['have']	18	15	0	0	0	0	248	248	248	248	-2	-2	4	1	0
11095	161	2	1	1	Pivot	-2	I	1	Pivot		-1	-2	3	have	[2]	['have']	25	24	0	0	0	0	236	236	236	468	-2	-2	4	1	0
11096	161	2	1	1	Pivot	-2	I	1	Pivot		-1	-2	3	have	[2]	['have']	27	147	0	0	0	0	272	272	272	272	-2	-2	4	1	0
11099	161	2	1	1	Pivot	-2	I	1	Pivot		-1	-2	3	have	[2]	['have']	30	65	324	324	324	324	276	276	276	276	-2	-2	4	0	0
11100	161	2	1	1	Pivot	-2	I	1	Pivot		-1	-2	3	have	[2]	['have']	31	90	0	0	0	0	144	144	144	144	-2	-2	4	1	0
11106	161	2	1	1	Pivot	-2	I	1	Pivot		-1	-2	3	have	[2]	['have']	37	176	112	112	112	112	144	144	144	144	-2	-2	4	0	0
11111	161	2	1	1	Pivot	-2	I	1	Pivot		-1	-2	3	have	[2]	['have']	42	45	0	0	0	0	184	184	184	184	-2	-2	4	1	0
11115	161	5	1	2	Agent	-1	I	7	Agent		-1	-1	8	want	[7]	['want']	3	191	168	320	320	320	380	380	380	380	-1	-1	4	0	0
11122	161	5	1	2	Agent	-1	I	7	Agent		-1	-1	8	want	[7]	['want']	10	18	280	280	280	1020	124	124	124	124	-1	-1	4	0	0
11123	161	5	1	2	Agent	-1	I	7	Agent		-1	-1	8	want	[7]	['want']	11	95	0	0	0	0	256	256	256	256	-1	-1	4	1	0
11127	161	5	1	2	Agent	-1	I	7	Agent		-1	-1	8	want	[7]	['want']	15	10	0	0	0	0	124	124	124	124	-1	-1	4	1	0
11128	161	5	1	2	Agent	-1	I	7	Agent		-1	-1	8	want	[7]	['want']	16	178	216	216	216	216	116	116	116	116	-1	-1	4	0	0
11134	161	5	1	2	Agent	-1	I	7	Agent		-1	-1	8	want	[7]	['want']	23	127	492	492	492	492	168	168	168	168	-1	-1	4	0	0
11138	161	5	1	2	Agent	-1	I	7	Agent		-1	-1	8	want	[7]	['want']	28	165	452	452	452	452	128	128	128	128	-1	-1	4	0	0
11140	161	5	1	2	Agent	-1	I	7	Agent		-1	-1	8	want	[7]	['want']	30	65	0	0	0	0	204	204	204	204	-1	-1	4	1	0
11144	161	5	1	2	Agent	-1	I	7	Agent		-1	-1	8	want	[7]	['want']	34	6	0	0	0	0	176	176	176	176	-1	-1	4	1	0
11150	161	5	1	2	Agent	-1	I	7	Agent		-1	-1	8	want	[7]	['want']	40	199	0	0	0	0	148	148	148	944	-1	-1	4	1	0
11151	161	5	1	2	Agent	-1	I	7	Agent		-1	-1	8	want	[7]	['want']	41	194	232	232	232	1144	220	220	220	220	-1	-1	4	0	0
11195	162	2	1	2	Theme	-1	Mickey	4	Theme		-1	-1	5	stood	[4]	['stood']	1	52	332	332	332	332	284	284	284	284	-1	-1	5	0	0
11196	162	2	1	2	Theme	-1	Mickey	4	Theme		-1	-1	5	stood	[4]	['stood']	2	171	160	308	308	308	160	160	160	160	-1	-1	5	0	0
11197	162	2	1	2	Theme	-1	Mickey	4	Theme		-1	-1	5	stood	[4]	['stood']	3	90	236	236	236	236	228	228	228	228	-1	-1	5	0	0
11198	162	2	1	2	Theme	-1	Mickey	4	Theme		-1	-1	5	stood	[4]	['stood']	4	175	176	176	176	176	292	292	292	292	-1	-1	5	0	0
11199	162	2	1	2	Theme	-1	Mickey	4	Theme		-1	-1	5	stood	[4]	['stood']	5	99	276	276	276	276	284	632	632	632	-1	-1	5	0	0
11200	162	2	1	2	Theme	-1	Mickey	4	Theme		-1	-1	5	stood	[4]	['stood']	6	19	164	164	164	164	284	284	284	284	-1	-1	5	0	0
11201	162	2	1	2	Theme	-1	Mickey	4	Theme		-1	-1	5	stood	[4]	['stood']	7	4	0	0	0	0	128	276	276	276	-1	-1	5	1	0
11202	162	2	1	2	Theme	-1	Mickey	4	Theme		-1	-1	5	stood	[4]	['stood']	8	183	168	168	168	168	196	196	196	196	-1	-1	5	0	0
11203	162	2	1	2	Theme	-1	Mickey	4	Theme		-1	-1	5	stood	[4]	['stood']	10	91	0	0	0	0	84	400	608	1392	-1	-1	5	1	0
11204	162	2	1	2	Theme	-1	Mickey	4	Theme		-1	-1	5	stood	[4]	['stood']	11	158	152	152	152	152	200	200	200	200	-1	-1	5	0	0
11205	162	2	1	2	Theme	-1	Mickey	4	Theme		-1	-1	5	stood	[4]	['stood']	12	42	168	168	168	168	232	344	344	344	-1	-1	5	0	0
11206	162	2	1	2	Theme	-1	Mickey	4	Theme		-1	-1	5	stood	[4]	['stood']	13	51	228	228	228	228	164	164	164	164	-1	-1	5	0	0
11207	162	2	1	2	Theme	-1	Mickey	4	Theme		-1	-1	5	stood	[4]	['stood']	14	188	212	212	212	212	236	236	236	236	-1	-1	5	0	0
11208	162	2	1	2	Theme	-1	Mickey	4	Theme		-1	-1	5	stood	[4]	['stood']	15	187	0	0	0	0	152	152	152	152	-1	-1	5	1	0
11209	162	2	1	2	Theme	-1	Mickey	4	Theme		-1	-1	5	stood	[4]	['stood']	16	183	192	192	192	192	192	356	356	356	-1	-1	5	0	0
11210	162	2	1	2	Theme	-1	Mickey	4	Theme		-1	-1	5	stood	[4]	['stood']	17	162	160	160	160	160	184	184	184	184	-1	-1	5	0	0
11211	162	2	1	2	Theme	-1	Mickey	4	Theme		-1	-1	5	stood	[4]	['stood']	18	110	0	0	0	0	344	344	344	344	-1	-1	5	1	0
11212	162	2	1	2	Theme	-1	Mickey	4	Theme		-1	-1	5	stood	[4]	['stood']	19	197	196	196	196	196	220	220	220	220	-1	-1	5	0	0
11213	162	2	1	2	Theme	-1	Mickey	4	Theme		-1	-1	5	stood	[4]	['stood']	20	172	124	124	124	124	220	220	220	220	-1	-1	5	0	0
11214	162	2	1	2	Theme	-1	Mickey	4	Theme		-1	-1	5	stood	[4]	['stood']	21	128	172	172	172	172	184	184	184	184	-1	-1	5	0	0
11215	162	2	1	2	Theme	-1	Mickey	4	Theme		-1	-1	5	stood	[4]	['stood']	22	22	356	356	356	356	460	460	460	460	-1	-1	5	0	0
11216	162	2	1	2	Theme	-1	Mickey	4	Theme		-1	-1	5	stood	[4]	['stood']	23	115	344	504	504	504	312	312	312	312	-1	-1	5	0	0
11217	162	2	1	2	Theme	-1	Mickey	4	Theme		-1	-1	5	stood	[4]	['stood']	24	38	224	224	224	224	256	256	256	256	-1	-1	5	0	0
11218	162	2	1	2	Theme	-1	Mickey	4	Theme		-1	-1	5	stood	[4]	['stood']	25	196	212	212	212	292	184	408	408	408	-1	-1	5	0	0
11219	162	2	1	2	Theme	-1	Mickey	4	Theme		-1	-1	5	stood	[4]	['stood']	27	150	216	216	216	216	148	148	148	148	-1	-1	5	0	0
11220	162	2	1	2	Theme	-1	Mickey	4	Theme		-1	-1	5	stood	[4]	['stood']	28	162	224	224	224	224	388	388	648	824	-1	-1	5	0	0
11221	162	2	1	2	Theme	-1	Mickey	4	Theme		-1	-1	5	stood	[4]	['stood']	29	11	240	240	472	1124	288	288	288	288	-1	-1	5	0	0
11222	162	2	1	2	Theme	-1	Mickey	4	Theme		-1	-1	5	stood	[4]	['stood']	30	205	448	448	448	448	308	308	308	308	-1	-1	5	0	0
11223	162	2	1	2	Theme	-1	Mickey	4	Theme		-1	-1	5	stood	[4]	['stood']	31	180	0	0	0	0	176	228	228	228	-1	-1	5	1	0
11224	162	2	1	2	Theme	-1	Mickey	4	Theme		-1	-1	5	stood	[4]	['stood']	32	124	248	248	248	248	224	224	224	224	-1	-1	5	0	0
11225	162	2	1	2	Theme	-1	Mickey	4	Theme		-1	-1	5	stood	[4]	['stood']	33	155	200	200	200	200	84	168	168	168	-1	-1	5	0	0
11226	162	2	1	2	Theme	-1	Mickey	4	Theme		-1	-1	5	stood	[4]	['stood']	34	88	172	172	172	172	152	496	496	496	-1	-1	5	0	0
11227	162	2	1	2	Theme	-1	Mickey	4	Theme		-1	-1	5	stood	[4]	['stood']	35	75	224	224	224	224	236	236	236	236	-1	-1	5	0	0
11228	162	2	1	2	Theme	-1	Mickey	4	Theme		-1	-1	5	stood	[4]	['stood']	36	23	172	172	172	172	176	176	176	176	-1	-1	5	0	0
11229	162	2	1	2	Theme	-1	Mickey	4	Theme		-1	-1	5	stood	[4]	['stood']	37	3	264	320	320	320	256	256	256	256	-1	-1	5	0	0
11230	162	2	1	2	Theme	-1	Mickey	4	Theme		-1	-1	5	stood	[4]	['stood']	38	85	216	216	216	216	184	184	184	184	-1	-1	5	0	0
11231	162	2	1	2	Theme	-1	Mickey	4	Theme		-1	-1	5	stood	[4]	['stood']	39	31	0	0	0	0	284	284	444	1128	-1	-1	5	1	0
11232	162	2	1	2	Theme	-1	Mickey	4	Theme		-1	-1	5	stood	[4]	['stood']	40	130	0	0	0	0	36	176	176	176	-1	-1	5	1	0
11233	162	2	1	2	Theme	-1	Mickey	4	Theme		-1	-1	5	stood	[4]	['stood']	41	126	0	0	0	0	228	228	432	1268	-1	-1	5	1	0
11234	162	2	1	2	Theme	-1	Mickey	4	Theme		-1	-1	5	stood	[4]	['stood']	42	126	0	0	0	0	328	328	628	912	-1	-1	5	1	0
11235	162	2	1	2	Theme	-1	Mickey	4	Theme		-1	-1	5	stood	[4]	['stood']	43	188	164	164	164	164	232	232	232	232	-1	-1	5	0	0
11241	163	3	2	1	Agent	-1	Mike	6	Location	morning	3	-3	7	smiled	[6, 7]	['smiled', 'at']	6	8	0	0	0	0	168	168	168	336	-1	-3	6	1	0
11254	163	3	2	1	Agent	-1	Mike	6	Location	morning	3	-3	7	smiled	[6, 7]	['smiled', 'at']	20	25	128	128	128	128	156	156	156	156	-1	-3	6	0	0
11268	163	3	2	1	Agent	-1	Mike	6	Location	morning	3	-3	7	smiled	[6, 7]	['smiled', 'at']	35	9	208	208	208	208	240	240	240	240	-1	-3	6	0	0
11274	163	3	2	1	Agent	-1	Mike	6	Location	morning	3	-3	7	smiled	[6, 7]	['smiled', 'at']	41	186	0	0	0	0	204	204	204	204	-1	-3	6	1	0
11275	163	3	2	1	Agent	-1	Mike	6	Location	morning	3	-3	7	smiled	[6, 7]	['smiled', 'at']	42	57	204	204	348	956	108	108	108	108	-1	-3	6	0	0
11318	164	1	1	1	Theme	-1	It	1	Theme		-1	-1	3	been	[2]	['been']	1	27	260	436	436	436	124	124	124	124	-1	-1	4	0	0
11320	164	1	1	1	Theme	-1	It	1	Theme		-1	-1	3	been	[2]	['been']	3	119	220	220	220	448	152	152	152	152	-1	-1	4	0	0
11321	164	1	1	1	Theme	-1	It	1	Theme		-1	-1	3	been	[2]	['been']	4	170	324	324	324	324	152	152	152	152	-1	-1	4	0	0
11322	164	1	1	1	Theme	-1	It	1	Theme		-1	-1	3	been	[2]	['been']	5	100	0	0	0	0	196	196	196	552	-1	-1	4	1	0
11323	164	1	1	1	Theme	-1	It	1	Theme		-1	-1	3	been	[2]	['been']	6	93	0	0	0	0	252	252	252	252	-1	-1	4	1	0
11325	164	1	1	1	Theme	-1	It	1	Theme		-1	-1	3	been	[2]	['been']	8	62	160	160	160	160	148	148	148	148	-1	-1	4	0	0
11326	164	1	1	1	Theme	-1	It	1	Theme		-1	-1	3	been	[2]	['been']	10	44	152	152	152	152	136	136	136	136	-1	-1	4	0	0
11327	164	1	1	1	Theme	-1	It	1	Theme		-1	-1	3	been	[2]	['been']	11	96	176	176	176	176	172	332	332	332	-1	-1	4	0	0
11328	164	1	1	1	Theme	-1	It	1	Theme		-1	-1	3	been	[2]	['been']	12	158	240	396	592	1140	176	176	176	284	-1	-1	4	0	0
11329	164	1	1	1	Theme	-1	It	1	Theme		-1	-1	3	been	[2]	['been']	13	83	0	0	0	0	264	264	264	264	-1	-1	4	1	0
11330	164	1	1	1	Theme	-1	It	1	Theme		-1	-1	3	been	[2]	['been']	14	107	208	208	208	208	152	152	152	152	-1	-1	4	0	0
11331	164	1	1	1	Theme	-1	It	1	Theme		-1	-1	3	been	[2]	['been']	15	198	0	0	0	0	124	180	180	328	-1	-1	4	1	0
11332	164	1	1	1	Theme	-1	It	1	Theme		-1	-1	3	been	[2]	['been']	16	176	160	160	160	160	184	184	184	184	-1	-1	4	0	0
11334	164	1	1	1	Theme	-1	It	1	Theme		-1	-1	3	been	[2]	['been']	18	197	0	0	0	0	208	208	208	208	-1	-1	4	1	0
11335	164	1	1	1	Theme	-1	It	1	Theme		-1	-1	3	been	[2]	['been']	19	147	116	116	116	116	236	236	236	236	-1	-1	4	0	0
11337	164	1	1	1	Theme	-1	It	1	Theme		-1	-1	3	been	[2]	['been']	21	59	144	144	144	144	132	132	132	132	-1	-1	4	0	0
11338	164	1	1	1	Theme	-1	It	1	Theme		-1	-1	3	been	[2]	['been']	22	134	156	156	156	156	120	120	120	120	-1	-1	4	0	0
11340	164	1	1	1	Theme	-1	It	1	Theme		-1	-1	3	been	[2]	['been']	24	111	152	152	152	152	224	224	224	224	-1	-1	4	0	0
11341	164	1	1	1	Theme	-1	It	1	Theme		-1	-1	3	been	[2]	['been']	25	150	228	228	360	516	124	124	124	124	-1	-1	4	0	0
11342	164	1	1	1	Theme	-1	It	1	Theme		-1	-1	3	been	[2]	['been']	27	153	0	0	0	0	252	388	388	388	-1	-1	4	1	0
11343	164	1	1	1	Theme	-1	It	1	Theme		-1	-1	3	been	[2]	['been']	28	76	52	52	324	1096	216	216	216	216	-1	-1	4	0	0
11346	164	1	1	1	Theme	-1	It	1	Theme		-1	-1	3	been	[2]	['been']	31	204	0	0	0	0	148	148	148	148	-1	-1	4	1	0
11347	164	1	1	1	Theme	-1	It	1	Theme		-1	-1	3	been	[2]	['been']	32	35	228	228	228	228	192	192	192	192	-1	-1	4	0	0
11348	164	1	1	1	Theme	-1	It	1	Theme		-1	-1	3	been	[2]	['been']	33	88	176	176	176	176	108	108	108	108	-1	-1	4	0	0
11349	164	1	1	1	Theme	-1	It	1	Theme		-1	-1	3	been	[2]	['been']	34	83	232	232	232	232	220	220	220	220	-1	-1	4	0	0
11350	164	1	1	1	Theme	-1	It	1	Theme		-1	-1	3	been	[2]	['been']	35	94	148	148	148	148	188	188	188	188	-1	-1	4	0	0
11351	164	1	1	1	Theme	-1	It	1	Theme		-1	-1	3	been	[2]	['been']	36	88	0	0	0	0	244	244	244	244	-1	-1	4	1	0
11352	164	1	1	1	Theme	-1	It	1	Theme		-1	-1	3	been	[2]	['been']	37	158	208	208	208	208	124	124	124	124	-1	-1	4	0	0
11357	164	1	1	1	Theme	-1	It	1	Theme		-1	-1	3	been	[2]	['been']	42	84	0	0	0	0	168	168	168	268	-1	-1	4	1	0
11360	164	7	1	1	Patient	-2	Philip	7	Patient		-1	-2	10	sent	[9, 10]	['sent', 'to']	2	165	0	0	0	0	168	168	168	296	-2	-2	4	1	0
11361	164	7	1	1	Patient	-2	Philip	7	Patient		-1	-2	10	sent	[9, 10]	['sent', 'to']	3	119	248	248	248	248	156	156	156	156	-2	-2	4	0	0
11362	164	7	1	1	Patient	-2	Philip	7	Patient		-1	-2	10	sent	[9, 10]	['sent', 'to']	4	170	176	176	176	176	180	180	180	180	-2	-2	4	0	0
11364	164	7	1	1	Patient	-2	Philip	7	Patient		-1	-2	10	sent	[9, 10]	['sent', 'to']	6	93	0	0	0	0	336	336	336	516	-2	-2	4	1	0
11368	164	7	1	1	Patient	-2	Philip	7	Patient		-1	-2	10	sent	[9, 10]	['sent', 'to']	11	96	0	0	0	0	168	168	168	168	-2	-2	4	1	0
11373	164	7	1	1	Patient	-2	Philip	7	Patient		-1	-2	10	sent	[9, 10]	['sent', 'to']	16	176	0	0	0	0	184	184	184	184	-2	-2	4	1	0
11375	164	7	1	1	Patient	-2	Philip	7	Patient		-1	-2	10	sent	[9, 10]	['sent', 'to']	18	197	0	0	0	0	192	192	192	192	-2	-2	4	1	0
11382	164	7	1	1	Patient	-2	Philip	7	Patient		-1	-2	10	sent	[9, 10]	['sent', 'to']	25	150	0	0	0	0	188	188	188	188	-2	-2	4	1	0
11383	164	7	1	1	Patient	-2	Philip	7	Patient		-1	-2	10	sent	[9, 10]	['sent', 'to']	27	153	232	232	232	232	224	224	224	224	-2	-2	4	0	0
11384	164	7	1	1	Patient	-2	Philip	7	Patient		-1	-2	10	sent	[9, 10]	['sent', 'to']	28	76	0	0	0	0	184	184	184	184	-2	-2	4	1	0
11390	164	7	1	1	Patient	-2	Philip	7	Patient		-1	-2	10	sent	[9, 10]	['sent', 'to']	34	83	144	144	144	144	376	504	504	504	-2	-2	4	0	0
11393	164	7	1	1	Patient	-2	Philip	7	Patient		-1	-2	10	sent	[9, 10]	['sent', 'to']	37	158	0	0	0	0	176	176	176	176	-2	-2	4	1	0
11397	164	7	1	1	Patient	-2	Philip	7	Patient		-1	-2	10	sent	[9, 10]	['sent', 'to']	41	118	0	0	0	0	248	248	248	248	-2	-2	4	1	0
11398	164	7	1	1	Patient	-2	Philip	7	Patient		-1	-2	10	sent	[9, 10]	['sent', 'to']	42	84	204	204	204	204	272	272	272	620	-2	-2	4	0	0
11400	165	5	1	0	Agent	-1	we	10	Agent		-1	-1	11	make	[10, 11]	['make', 'do.']	1	42	204	448	448	448	136	136	136	316	-1	-1	4	0	0
11401	165	5	1	0	Agent	-1	we	10	Agent		-1	-1	11	make	[10, 11]	['make', 'do.']	2	69	152	568	568	568	76	76	76	1304	-1	-1	4	0	0
11402	165	5	1	0	Agent	-1	we	10	Agent		-1	-1	11	make	[10, 11]	['make', 'do.']	3	25	144	416	416	416	228	228	228	468	-1	-1	4	0	0
11403	165	5	1	0	Agent	-1	we	10	Agent		-1	-1	11	make	[10, 11]	['make', 'do.']	4	20	504	504	504	504	304	304	304	936	-1	-1	4	0	0
11404	165	5	1	0	Agent	-1	we	10	Agent		-1	-1	11	make	[10, 11]	['make', 'do.']	5	136	152	152	152	152	88	88	88	548	-1	-1	4	0	0
11406	165	5	1	0	Agent	-1	we	10	Agent		-1	-1	11	make	[10, 11]	['make', 'do.']	7	90	164	164	296	1300	136	136	136	1812	-1	-1	4	0	0
11409	165	5	1	0	Agent	-1	we	10	Agent		-1	-1	11	make	[10, 11]	['make', 'do.']	11	105	196	320	320	424	112	112	112	228	-1	-1	4	0	0
11414	165	5	1	0	Agent	-1	we	10	Agent		-1	-1	11	make	[10, 11]	['make', 'do.']	16	179	268	428	428	428	280	280	280	704	-1	-1	4	0	0
11417	165	5	1	0	Agent	-1	we	10	Agent		-1	-1	11	make	[10, 11]	['make', 'do.']	20	2	180	180	180	180	260	260	260	1036	-1	-1	4	0	0
11420	165	5	1	0	Agent	-1	we	10	Agent		-1	-1	11	make	[10, 11]	['make', 'do.']	23	142	236	516	516	516	272	272	392	3324	-1	-1	4	0	0
11421	165	5	1	0	Agent	-1	we	10	Agent		-1	-1	11	make	[10, 11]	['make', 'do.']	24	7	284	284	284	376	168	168	316	788	-1	-1	4	0	0
11422	165	5	1	0	Agent	-1	we	10	Agent		-1	-1	11	make	[10, 11]	['make', 'do.']	25	74	224	224	524	624	204	204	204	204	-1	-1	4	0	0
11423	165	5	1	0	Agent	-1	we	10	Agent		-1	-1	11	make	[10, 11]	['make', 'do.']	27	126	216	432	432	432	156	156	156	600	-1	-1	4	0	0
11425	165	5	1	0	Agent	-1	we	10	Agent		-1	-1	11	make	[10, 11]	['make', 'do.']	29	103	248	324	324	324	156	576	576	576	-1	-1	4	0	0
11427	165	5	1	0	Agent	-1	we	10	Agent		-1	-1	11	make	[10, 11]	['make', 'do.']	31	23	140	140	140	140	140	140	444	636	-1	-1	4	0	0
11428	165	5	1	0	Agent	-1	we	10	Agent		-1	-1	11	make	[10, 11]	['make', 'do.']	32	56	260	488	828	1148	80	80	80	80	-1	-1	4	0	0
11429	165	5	1	0	Agent	-1	we	10	Agent		-1	-1	11	make	[10, 11]	['make', 'do.']	33	169	280	444	768	916	156	628	628	628	-1	-1	4	0	0
11431	165	5	1	0	Agent	-1	we	10	Agent		-1	-1	11	make	[10, 11]	['make', 'do.']	35	197	196	196	196	196	120	120	120	120	-1	-1	4	0	0
11432	165	5	1	0	Agent	-1	we	10	Agent		-1	-1	11	make	[10, 11]	['make', 'do.']	36	155	0	0	0	0	216	216	216	552	-1	-1	4	1	0
11434	165	5	1	0	Agent	-1	we	10	Agent		-1	-1	11	make	[10, 11]	['make', 'do.']	38	70	0	0	0	0	208	208	208	280	-1	-1	4	1	0
11436	165	5	1	0	Agent	-1	we	10	Agent		-1	-1	11	make	[10, 11]	['make', 'do.']	40	117	256	256	256	256	200	312	312	540	-1	-1	4	0	0
11437	165	5	1	0	Agent	-1	we	10	Agent		-1	-1	11	make	[10, 11]	['make', 'do.']	41	166	176	176	176	308	280	280	280	432	-1	-1	4	0	0
11438	165	5	1	0	Agent	-1	we	10	Agent		-1	-1	11	make	[10, 11]	['make', 'do.']	42	25	172	172	172	172	404	568	568	1612	-1	-1	4	0	0
11439	165	5	1	0	Agent	-1	we	10	Agent		-1	-1	11	make	[10, 11]	['make', 'do.']	43	18	196	332	332	332	140	140	140	140	-1	-1	4	0	0
11440	166	1	1	1	Agent	-1	James	1	Agent		-1	-1	2	walked	[1, 2, 3]	['walked', 'in', 'to']	1	10	164	164	164	164	432	432	432	432	-1	-1	6	0	0
11441	166	1	1	1	Agent	-1	James	1	Agent		-1	-1	2	walked	[1, 2, 3]	['walked', 'in', 'to']	2	148	160	160	160	160	160	160	160	160	-1	-1	6	0	0
11442	166	1	1	1	Agent	-1	James	1	Agent		-1	-1	2	walked	[1, 2, 3]	['walked', 'in', 'to']	3	21	228	228	228	228	152	152	152	152	-1	-1	6	0	0
11447	166	1	1	1	Agent	-1	James	1	Agent		-1	-1	2	walked	[1, 2, 3]	['walked', 'in', 'to']	8	146	188	188	188	188	168	168	168	168	-1	-1	6	0	0
11449	166	1	1	1	Agent	-1	James	1	Agent		-1	-1	2	walked	[1, 2, 3]	['walked', 'in', 'to']	11	167	240	240	240	240	144	144	144	144	-1	-1	6	0	0
11451	166	1	1	1	Agent	-1	James	1	Agent		-1	-1	2	walked	[1, 2, 3]	['walked', 'in', 'to']	13	20	160	160	160	160	220	220	220	220	-1	-1	6	0	0
11453	166	1	1	1	Agent	-1	James	1	Agent		-1	-1	2	walked	[1, 2, 3]	['walked', 'in', 'to']	15	171	0	0	0	0	144	144	144	144	-1	-1	6	1	0
11456	166	1	1	1	Agent	-1	James	1	Agent		-1	-1	2	walked	[1, 2, 3]	['walked', 'in', 'to']	18	88	240	240	240	364	148	148	148	148	-1	-1	6	0	0
11457	166	1	1	1	Agent	-1	James	1	Agent		-1	-1	2	walked	[1, 2, 3]	['walked', 'in', 'to']	19	137	160	160	160	160	180	180	180	180	-1	-1	6	0	0
11460	166	1	1	1	Agent	-1	James	1	Agent		-1	-1	2	walked	[1, 2, 3]	['walked', 'in', 'to']	22	21	136	136	136	136	144	144	144	732	-1	-1	6	0	0
11461	166	1	1	1	Agent	-1	James	1	Agent		-1	-1	2	walked	[1, 2, 3]	['walked', 'in', 'to']	23	1	264	264	264	264	184	184	184	184	-1	-1	6	0	0
11465	166	1	1	1	Agent	-1	James	1	Agent		-1	-1	2	walked	[1, 2, 3]	['walked', 'in', 'to']	28	3	0	0	0	0	92	92	440	1180	-1	-1	6	1	0
11467	166	1	1	1	Agent	-1	James	1	Agent		-1	-1	2	walked	[1, 2, 3]	['walked', 'in', 'to']	30	154	176	556	644	776	416	416	416	416	-1	-1	6	0	0
11469	166	1	1	1	Agent	-1	James	1	Agent		-1	-1	2	walked	[1, 2, 3]	['walked', 'in', 'to']	32	129	232	232	232	232	204	204	204	204	-1	-1	6	0	0
11470	166	1	1	1	Agent	-1	James	1	Agent		-1	-1	2	walked	[1, 2, 3]	['walked', 'in', 'to']	33	145	268	268	268	268	84	84	84	84	-1	-1	6	0	0
11480	166	1	1	1	Agent	-1	James	1	Agent		-1	-1	2	walked	[1, 2, 3]	['walked', 'in', 'to']	43	61	236	236	236	388	80	80	80	80	-1	-1	6	0	0
11481	166	3	1	1	Agent	-3	James	1	Agent		-1	-3	5	wake	[4]	['wake']	1	10	164	288	288	464	172	172	1188	2932	-3	-3	4	0	0
11482	166	3	1	1	Agent	-3	James	1	Agent		-1	-3	5	wake	[4]	['wake']	2	148	208	208	208	208	152	152	272	748	-3	-3	4	0	0
11483	166	3	1	1	Agent	-3	James	1	Agent		-1	-3	5	wake	[4]	['wake']	3	21	152	152	152	564	424	736	736	736	-3	-3	4	0	0
11484	166	3	1	1	Agent	-3	James	1	Agent		-1	-3	5	wake	[4]	['wake']	4	49	200	200	200	200	204	328	328	328	-3	-3	4	0	0
11485	166	3	1	1	Agent	-3	James	1	Agent		-1	-3	5	wake	[4]	['wake']	5	112	156	156	156	156	272	272	272	272	-3	-3	4	0	0
11487	166	3	1	1	Agent	-3	James	1	Agent		-1	-3	5	wake	[4]	['wake']	7	8	0	0	0	0	164	164	252	880	-3	-3	4	1	0
11488	166	3	1	1	Agent	-3	James	1	Agent		-1	-3	5	wake	[4]	['wake']	8	146	0	0	0	0	244	380	380	380	-3	-3	4	1	0
11489	166	3	1	1	Agent	-3	James	1	Agent		-1	-3	5	wake	[4]	['wake']	10	133	156	324	324	324	160	160	324	1024	-3	-3	4	0	0
11490	166	3	1	1	Agent	-3	James	1	Agent		-1	-3	5	wake	[4]	['wake']	11	167	180	180	180	496	240	240	240	240	-3	-3	4	0	0
11491	166	3	1	1	Agent	-3	James	1	Agent		-1	-3	5	wake	[4]	['wake']	12	125	296	296	296	296	160	160	160	160	-3	-3	4	0	0
11492	166	3	1	1	Agent	-3	James	1	Agent		-1	-3	5	wake	[4]	['wake']	13	20	0	0	0	0	172	172	172	172	-3	-3	4	1	0
11493	166	3	1	1	Agent	-3	James	1	Agent		-1	-3	5	wake	[4]	['wake']	14	33	268	420	420	420	632	632	632	632	-3	-3	4	0	0
11494	166	3	1	1	Agent	-3	James	1	Agent		-1	-3	5	wake	[4]	['wake']	15	171	0	0	0	0	236	236	236	236	-3	-3	4	1	0
11495	166	3	1	1	Agent	-3	James	1	Agent		-1	-3	5	wake	[4]	['wake']	16	52	180	180	180	180	172	316	316	316	-3	-3	4	0	0
11496	166	3	1	1	Agent	-3	James	1	Agent		-1	-3	5	wake	[4]	['wake']	17	24	0	0	0	0	320	320	320	408	-3	-3	4	1	0
11497	166	3	1	1	Agent	-3	James	1	Agent		-1	-3	5	wake	[4]	['wake']	18	88	328	328	328	328	364	364	364	364	-3	-3	4	0	0
11498	166	3	1	1	Agent	-3	James	1	Agent		-1	-3	5	wake	[4]	['wake']	19	137	184	184	380	728	300	300	300	472	-3	-3	4	0	0
11499	166	3	1	1	Agent	-3	James	1	Agent		-1	-3	5	wake	[4]	['wake']	20	64	0	0	0	0	180	180	320	852	-3	-3	4	1	0
11500	166	3	1	1	Agent	-3	James	1	Agent		-1	-3	5	wake	[4]	['wake']	21	12	260	260	260	260	200	200	200	468	-3	-3	4	0	0
11501	166	3	1	1	Agent	-3	James	1	Agent		-1	-3	5	wake	[4]	['wake']	22	21	192	192	192	192	264	700	700	700	-3	-3	4	0	0
11502	166	3	1	1	Agent	-3	James	1	Agent		-1	-3	5	wake	[4]	['wake']	23	1	236	364	960	1348	836	836	1056	2164	-3	-3	4	0	0
11504	166	3	1	1	Agent	-3	James	1	Agent		-1	-3	5	wake	[4]	['wake']	25	87	204	204	204	388	200	200	856	1244	-3	-3	4	0	0
11505	166	3	1	1	Agent	-3	James	1	Agent		-1	-3	5	wake	[4]	['wake']	27	136	240	240	240	240	124	124	228	1200	-3	-3	4	0	0
11506	166	3	1	1	Agent	-3	James	1	Agent		-1	-3	5	wake	[4]	['wake']	28	3	176	176	652	1024	332	332	332	332	-3	-3	4	0	0
11507	166	3	1	1	Agent	-3	James	1	Agent		-1	-3	5	wake	[4]	['wake']	29	130	172	172	172	172	184	184	184	184	-3	-3	4	0	0
11508	166	3	1	1	Agent	-3	James	1	Agent		-1	-3	5	wake	[4]	['wake']	30	154	368	780	780	780	400	400	400	400	-3	-3	4	0	0
11509	166	3	1	1	Agent	-3	James	1	Agent		-1	-3	5	wake	[4]	['wake']	31	109	0	0	0	0	192	192	192	192	-3	-3	4	1	0
11510	166	3	1	1	Agent	-3	James	1	Agent		-1	-3	5	wake	[4]	['wake']	32	129	400	400	580	1004	260	260	260	260	-3	-3	4	0	0
11511	166	3	1	1	Agent	-3	James	1	Agent		-1	-3	5	wake	[4]	['wake']	33	145	132	132	268	476	192	192	192	192	-3	-3	4	0	0
11512	166	3	1	1	Agent	-3	James	1	Agent		-1	-3	5	wake	[4]	['wake']	34	89	176	176	176	176	164	164	164	164	-3	-3	4	0	0
11513	166	3	1	1	Agent	-3	James	1	Agent		-1	-3	5	wake	[4]	['wake']	35	83	0	0	0	0	168	168	168	168	-3	-3	4	1	0
11514	166	3	1	1	Agent	-3	James	1	Agent		-1	-3	5	wake	[4]	['wake']	36	53	0	0	0	0	204	204	204	204	-3	-3	4	1	0
11515	166	3	1	1	Agent	-3	James	1	Agent		-1	-3	5	wake	[4]	['wake']	37	23	120	692	816	1392	168	168	168	168	-3	-3	4	0	0
11516	166	3	1	1	Agent	-3	James	1	Agent		-1	-3	5	wake	[4]	['wake']	38	197	188	188	188	188	304	304	304	304	-3	-3	4	0	0
11517	166	3	1	1	Agent	-3	James	1	Agent		-1	-3	5	wake	[4]	['wake']	39	132	0	0	0	0	268	268	268	412	-3	-3	4	1	0
11518	166	3	1	1	Agent	-3	James	1	Agent		-1	-3	5	wake	[4]	['wake']	40	95	0	0	0	0	44	204	204	204	-3	-3	4	1	0
11520	166	3	1	1	Agent	-3	James	1	Agent		-1	-3	5	wake	[4]	['wake']	42	154	0	0	0	0	136	136	228	640	-3	-3	4	1	0
11521	166	3	1	1	Agent	-3	James	1	Agent		-1	-3	5	wake	[4]	['wake']	43	61	144	144	144	144	256	300	300	300	-3	-3	4	0	0
11522	169	1	1	3	Agent	-1	us	2	Agent		-1	-1	3	give	[2]	['give']	1	173	368	368	368	368	152	152	152	152	-1	-1	4	0	0
11523	169	1	1	3	Agent	-1	us	2	Agent		-1	-1	3	give	[2]	['give']	2	131	204	204	204	296	172	172	172	172	-1	-1	4	0	0
11524	169	1	1	3	Agent	-1	us	2	Agent		-1	-1	3	give	[2]	['give']	3	188	156	156	156	156	200	200	200	200	-1	-1	4	0	0
11527	169	1	1	3	Agent	-1	us	2	Agent		-1	-1	3	give	[2]	['give']	6	56	132	132	132	132	120	120	120	120	-1	-1	4	0	0
11528	169	1	1	3	Agent	-1	us	2	Agent		-1	-1	3	give	[2]	['give']	7	138	0	0	0	0	164	164	164	344	-1	-1	4	1	0
11529	169	1	1	3	Agent	-1	us	2	Agent		-1	-1	3	give	[2]	['give']	8	47	156	156	156	156	156	156	156	156	-1	-1	4	0	0
11530	169	1	1	3	Agent	-1	us	2	Agent		-1	-1	3	give	[2]	['give']	10	53	340	340	340	340	164	164	164	164	-1	-1	4	0	0
11531	169	1	1	3	Agent	-1	us	2	Agent		-1	-1	3	give	[2]	['give']	11	20	0	0	0	0	344	344	344	344	-1	-1	4	1	0
11533	169	1	1	3	Agent	-1	us	2	Agent		-1	-1	3	give	[2]	['give']	13	2	232	232	232	232	136	136	136	136	-1	-1	4	0	0
11535	169	1	1	3	Agent	-1	us	2	Agent		-1	-1	3	give	[2]	['give']	15	23	0	0	0	0	236	236	236	236	-1	-1	4	1	0
11536	169	1	1	3	Agent	-1	us	2	Agent		-1	-1	3	give	[2]	['give']	16	198	196	196	196	196	120	120	268	476	-1	-1	4	0	0
11537	169	1	1	3	Agent	-1	us	2	Agent		-1	-1	3	give	[2]	['give']	17	28	0	0	0	0	176	176	176	176	-1	-1	4	1	0
11538	169	1	1	3	Agent	-1	us	2	Agent		-1	-1	3	give	[2]	['give']	18	154	136	136	136	136	132	132	132	132	-1	-1	4	0	0
11539	169	1	1	3	Agent	-1	us	2	Agent		-1	-1	3	give	[2]	['give']	19	30	148	148	148	148	148	148	148	148	-1	-1	4	0	0
11540	169	1	1	3	Agent	-1	us	2	Agent		-1	-1	3	give	[2]	['give']	20	86	140	140	140	372	224	224	224	224	-1	-1	4	0	0
11541	169	1	1	3	Agent	-1	us	2	Agent		-1	-1	3	give	[2]	['give']	21	3	172	172	172	172	152	152	152	152	-1	-1	4	0	0
11542	169	1	1	3	Agent	-1	us	2	Agent		-1	-1	3	give	[2]	['give']	22	155	120	328	328	328	224	224	224	224	-1	-1	4	0	0
11543	169	1	1	3	Agent	-1	us	2	Agent		-1	-1	3	give	[2]	['give']	23	116	156	156	156	156	460	460	460	460	-1	-1	4	0	0
11544	169	1	1	3	Agent	-1	us	2	Agent		-1	-1	3	give	[2]	['give']	24	46	292	292	292	292	168	168	168	168	-1	-1	4	0	0
11545	169	1	1	3	Agent	-1	us	2	Agent		-1	-1	3	give	[2]	['give']	25	144	232	232	368	528	260	260	260	260	-1	-1	4	0	0
11546	169	1	1	3	Agent	-1	us	2	Agent		-1	-1	3	give	[2]	['give']	27	8	112	112	444	792	120	120	120	120	-1	-1	4	0	0
11547	169	1	1	3	Agent	-1	us	2	Agent		-1	-1	3	give	[2]	['give']	28	177	232	232	392	640	304	304	304	304	-1	-1	4	0	0
11548	169	1	1	3	Agent	-1	us	2	Agent		-1	-1	3	give	[2]	['give']	29	91	196	196	196	196	176	176	176	176	-1	-1	4	0	0
11549	169	1	1	3	Agent	-1	us	2	Agent		-1	-1	3	give	[2]	['give']	30	17	192	192	192	192	436	436	496	712	-1	-1	4	0	0
11550	169	1	1	3	Agent	-1	us	2	Agent		-1	-1	3	give	[2]	['give']	31	172	160	160	160	160	120	120	120	120	-1	-1	4	0	0
11551	169	1	1	3	Agent	-1	us	2	Agent		-1	-1	3	give	[2]	['give']	32	59	208	208	208	208	224	224	224	224	-1	-1	4	0	0
11552	169	1	1	3	Agent	-1	us	2	Agent		-1	-1	3	give	[2]	['give']	33	97	80	116	116	116	468	468	468	468	-1	-1	4	0	0
11553	169	1	1	3	Agent	-1	us	2	Agent		-1	-1	3	give	[2]	['give']	34	107	204	204	204	204	308	308	308	308	-1	-1	4	0	0
11554	169	1	1	3	Agent	-1	us	2	Agent		-1	-1	3	give	[2]	['give']	35	147	204	204	204	204	200	200	200	200	-1	-1	4	0	0
11556	169	1	1	3	Agent	-1	us	2	Agent		-1	-1	3	give	[2]	['give']	37	20	104	104	104	104	24	24	220	996	-1	-1	4	0	0
11557	169	1	1	3	Agent	-1	us	2	Agent		-1	-1	3	give	[2]	['give']	38	39	176	176	176	176	188	188	188	188	-1	-1	4	0	0
11558	169	1	1	3	Agent	-1	us	2	Agent		-1	-1	3	give	[2]	['give']	39	43	0	0	0	0	44	220	220	424	-1	-1	4	1	0
11559	169	1	1	3	Agent	-1	us	2	Agent		-1	-1	3	give	[2]	['give']	40	55	0	0	0	0	216	216	216	2568	-1	-1	4	1	0
11560	169	1	1	3	Agent	-1	us	2	Agent		-1	-1	3	give	[2]	['give']	41	34	272	340	340	472	136	280	280	280	-1	-1	4	0	0
11561	169	1	1	3	Agent	-1	us	2	Agent		-1	-1	3	give	[2]	['give']	42	196	112	112	112	112	332	332	452	756	-1	-1	4	0	0
11562	169	1	1	3	Agent	-1	us	2	Agent		-1	-1	3	give	[2]	['give']	43	150	244	244	244	244	168	168	168	168	-1	-1	4	0	0
11563	170	1	1	2	Agent	-1	Tommy	1	Agent		-1	-1	2	came	[1]	['came']	1	110	388	388	388	388	172	172	172	300	-1	-1	4	0	0
11564	170	1	1	2	Agent	-1	Tommy	1	Agent		-1	-1	2	came	[1]	['came']	2	124	152	152	152	152	156	156	156	156	-1	-1	4	0	0
11565	170	1	1	2	Agent	-1	Tommy	1	Agent		-1	-1	2	came	[1]	['came']	3	98	128	236	236	400	152	276	276	276	-1	-1	4	0	0
11566	170	1	1	2	Agent	-1	Tommy	1	Agent		-1	-1	2	came	[1]	['came']	4	187	188	188	188	188	168	168	168	168	-1	-1	4	0	0
11568	170	1	1	2	Agent	-1	Tommy	1	Agent		-1	-1	2	came	[1]	['came']	6	121	0	0	0	0	140	140	140	140	-1	-1	4	1	0
11569	170	1	1	2	Agent	-1	Tommy	1	Agent		-1	-1	2	came	[1]	['came']	7	200	124	124	124	124	188	188	188	188	-1	-1	4	0	0
11570	170	1	1	2	Agent	-1	Tommy	1	Agent		-1	-1	2	came	[1]	['came']	8	89	248	248	248	248	176	176	176	176	-1	-1	4	0	0
11571	170	1	1	2	Agent	-1	Tommy	1	Agent		-1	-1	2	came	[1]	['came']	10	47	164	164	164	164	120	120	120	120	-1	-1	4	0	0
11572	170	1	1	2	Agent	-1	Tommy	1	Agent		-1	-1	2	came	[1]	['came']	11	99	188	188	188	188	204	204	204	204	-1	-1	4	0	0
11573	170	1	1	2	Agent	-1	Tommy	1	Agent		-1	-1	2	came	[1]	['came']	12	152	268	268	432	556	252	252	252	252	-1	-1	4	0	0
11574	170	1	1	2	Agent	-1	Tommy	1	Agent		-1	-1	2	came	[1]	['came']	13	29	192	192	192	192	228	228	228	228	-1	-1	4	0	0
11575	170	1	1	2	Agent	-1	Tommy	1	Agent		-1	-1	2	came	[1]	['came']	14	55	176	176	176	176	200	200	200	200	-1	-1	4	0	0
11577	170	1	1	2	Agent	-1	Tommy	1	Agent		-1	-1	2	came	[1]	['came']	16	158	220	220	220	220	212	212	212	212	-1	-1	4	0	0
11578	170	1	1	2	Agent	-1	Tommy	1	Agent		-1	-1	2	came	[1]	['came']	17	58	176	176	176	176	184	184	296	440	-1	-1	4	0	0
11580	170	1	1	2	Agent	-1	Tommy	1	Agent		-1	-1	2	came	[1]	['came']	19	77	248	248	316	404	108	108	108	108	-1	-1	4	0	0
11581	170	1	1	2	Agent	-1	Tommy	1	Agent		-1	-1	2	came	[1]	['came']	20	68	0	0	0	0	220	220	220	220	-1	-1	4	1	0
11582	170	1	1	2	Agent	-1	Tommy	1	Agent		-1	-1	2	came	[1]	['came']	21	202	140	140	140	276	204	204	204	204	-1	-1	4	0	0
11584	170	1	1	2	Agent	-1	Tommy	1	Agent		-1	-1	2	came	[1]	['came']	23	159	164	164	380	1960	224	224	224	224	-1	-1	4	0	0
11586	170	1	1	2	Agent	-1	Tommy	1	Agent		-1	-1	2	came	[1]	['came']	25	162	168	324	324	324	136	136	136	136	-1	-1	4	0	0
11587	170	1	1	2	Agent	-1	Tommy	1	Agent		-1	-1	2	came	[1]	['came']	27	117	0	0	0	0	220	220	220	660	-1	-1	4	1	0
11589	170	1	1	2	Agent	-1	Tommy	1	Agent		-1	-1	2	came	[1]	['came']	29	143	160	160	160	252	176	292	292	292	-1	-1	4	0	0
11590	170	1	1	2	Agent	-1	Tommy	1	Agent		-1	-1	2	came	[1]	['came']	30	93	156	416	416	416	228	228	228	228	-1	-1	4	0	0
11592	170	1	1	2	Agent	-1	Tommy	1	Agent		-1	-1	2	came	[1]	['came']	32	20	220	220	220	220	212	212	212	212	-1	-1	4	0	0
11593	170	1	1	2	Agent	-1	Tommy	1	Agent		-1	-1	2	came	[1]	['came']	33	67	140	140	140	140	212	212	212	212	-1	-1	4	0	0
11594	170	1	1	2	Agent	-1	Tommy	1	Agent		-1	-1	2	came	[1]	['came']	34	90	192	192	192	192	220	220	220	220	-1	-1	4	0	0
11597	170	1	1	2	Agent	-1	Tommy	1	Agent		-1	-1	2	came	[1]	['came']	37	89	0	0	0	0	256	256	492	968	-1	-1	4	1	0
11602	170	1	1	2	Agent	-1	Tommy	1	Agent		-1	-1	2	came	[1]	['came']	42	56	0	0	0	0	296	296	296	296	-1	-1	4	1	0
11603	170	1	1	2	Agent	-1	Tommy	1	Agent		-1	-1	2	came	[1]	['came']	43	114	0	0	0	0	136	136	136	136	-1	-1	4	1	0
11605	170	7	1	1	Theme	-7	Tommy	1	Theme		-1	-7	9	looking	[8]	['looking']	2	124	184	300	300	300	48	48	48	48	-7	-7	7	0	0
11614	170	7	1	1	Theme	-7	Tommy	1	Theme		-1	-7	9	looking	[8]	['looking']	12	152	100	100	100	100	132	132	132	132	-7	-7	7	0	0
11622	170	7	1	1	Theme	-7	Tommy	1	Theme		-1	-7	9	looking	[8]	['looking']	20	68	172	172	172	172	140	140	140	140	-7	-7	7	0	0
11632	170	7	1	1	Theme	-7	Tommy	1	Theme		-1	-7	9	looking	[8]	['looking']	31	187	0	0	0	0	136	136	136	136	-7	-7	7	1	0
11645	172	1	1	0	Experiencer	-1	Michael	1	Experiencer		-1	-1	2	knew	[1]	['knew']	1	185	172	172	172	172	244	244	244	244	-1	-1	4	0	0
11646	172	1	1	0	Experiencer	-1	Michael	1	Experiencer		-1	-1	2	knew	[1]	['knew']	2	178	168	168	168	168	152	152	152	152	-1	-1	4	0	0
11647	172	1	1	0	Experiencer	-1	Michael	1	Experiencer		-1	-1	2	knew	[1]	['knew']	3	111	276	276	276	276	380	380	380	380	-1	-1	4	0	0
11649	172	1	1	0	Experiencer	-1	Michael	1	Experiencer		-1	-1	2	knew	[1]	['knew']	5	179	0	0	0	0	232	232	232	232	-1	-1	4	1	0
11651	172	1	1	0	Experiencer	-1	Michael	1	Experiencer		-1	-1	2	knew	[1]	['knew']	7	128	0	0	0	0	104	104	104	104	-1	-1	4	1	0
11652	172	1	1	0	Experiencer	-1	Michael	1	Experiencer		-1	-1	2	knew	[1]	['knew']	8	186	180	180	180	180	144	144	144	144	-1	-1	4	0	0
11653	172	1	1	0	Experiencer	-1	Michael	1	Experiencer		-1	-1	2	knew	[1]	['knew']	10	172	76	76	76	76	120	120	120	120	-1	-1	4	0	0
11654	172	1	1	0	Experiencer	-1	Michael	1	Experiencer		-1	-1	2	knew	[1]	['knew']	11	47	176	176	176	176	160	160	160	160	-1	-1	4	0	0
11655	172	1	1	0	Experiencer	-1	Michael	1	Experiencer		-1	-1	2	knew	[1]	['knew']	12	103	264	264	424	640	144	144	144	144	-1	-1	4	0	0
11656	172	1	1	0	Experiencer	-1	Michael	1	Experiencer		-1	-1	2	knew	[1]	['knew']	13	168	0	0	0	0	88	88	88	88	-1	-1	4	1	0
11659	172	1	1	0	Experiencer	-1	Michael	1	Experiencer		-1	-1	2	knew	[1]	['knew']	16	153	176	176	176	176	192	192	192	192	-1	-1	4	0	0
11661	172	1	1	0	Experiencer	-1	Michael	1	Experiencer		-1	-1	2	knew	[1]	['knew']	18	1	0	0	0	0	172	172	172	172	-1	-1	4	1	0
11662	172	1	1	0	Experiencer	-1	Michael	1	Experiencer		-1	-1	2	knew	[1]	['knew']	19	14	200	200	200	200	164	164	164	164	-1	-1	4	0	0
11663	172	1	1	0	Experiencer	-1	Michael	1	Experiencer		-1	-1	2	knew	[1]	['knew']	20	182	184	184	184	184	332	332	332	332	-1	-1	4	0	0
11664	172	1	1	0	Experiencer	-1	Michael	1	Experiencer		-1	-1	2	knew	[1]	['knew']	21	197	0	0	0	0	232	232	232	232	-1	-1	4	1	0
11665	172	1	1	0	Experiencer	-1	Michael	1	Experiencer		-1	-1	2	knew	[1]	['knew']	22	161	140	140	140	140	252	252	476	736	-1	-1	4	0	0
11666	172	1	1	0	Experiencer	-1	Michael	1	Experiencer		-1	-1	2	knew	[1]	['knew']	23	163	0	0	0	0	136	136	240	460	-1	-1	4	1	0
11667	172	1	1	0	Experiencer	-1	Michael	1	Experiencer		-1	-1	2	knew	[1]	['knew']	24	130	208	208	208	208	192	192	192	192	-1	-1	4	0	0
11668	172	1	1	0	Experiencer	-1	Michael	1	Experiencer		-1	-1	2	knew	[1]	['knew']	25	143	232	292	448	620	136	136	136	136	-1	-1	4	0	0
11669	172	1	1	0	Experiencer	-1	Michael	1	Experiencer		-1	-1	2	knew	[1]	['knew']	27	109	44	476	476	476	184	184	184	184	-1	-1	4	0	0
11670	172	1	1	0	Experiencer	-1	Michael	1	Experiencer		-1	-1	2	knew	[1]	['knew']	28	198	0	0	0	0	236	236	236	236	-1	-1	4	1	0
11672	172	1	1	0	Experiencer	-1	Michael	1	Experiencer		-1	-1	2	knew	[1]	['knew']	30	121	284	284	284	284	256	256	256	256	-1	-1	4	0	0
11673	172	1	1	0	Experiencer	-1	Michael	1	Experiencer		-1	-1	2	knew	[1]	['knew']	31	77	0	0	0	0	196	196	196	196	-1	-1	4	1	0
11674	172	1	1	0	Experiencer	-1	Michael	1	Experiencer		-1	-1	2	knew	[1]	['knew']	32	46	208	208	208	208	260	260	260	260	-1	-1	4	0	0
11675	172	1	1	0	Experiencer	-1	Michael	1	Experiencer		-1	-1	2	knew	[1]	['knew']	33	58	160	280	280	280	152	152	152	152	-1	-1	4	0	0
11676	172	1	1	0	Experiencer	-1	Michael	1	Experiencer		-1	-1	2	knew	[1]	['knew']	34	64	192	192	192	192	212	212	212	212	-1	-1	4	0	0
11677	172	1	1	0	Experiencer	-1	Michael	1	Experiencer		-1	-1	2	knew	[1]	['knew']	35	47	0	0	0	0	272	272	272	272	-1	-1	4	1	0
11679	172	1	1	0	Experiencer	-1	Michael	1	Experiencer		-1	-1	2	knew	[1]	['knew']	37	6	28	28	232	348	124	124	124	124	-1	-1	4	0	0
11680	172	1	1	0	Experiencer	-1	Michael	1	Experiencer		-1	-1	2	knew	[1]	['knew']	38	7	176	336	336	336	204	204	204	204	-1	-1	4	0	0
11681	172	1	1	0	Experiencer	-1	Michael	1	Experiencer		-1	-1	2	knew	[1]	['knew']	39	199	0	0	0	0	164	164	164	164	-1	-1	4	1	0
11686	172	4	1	1	Agent	-1	they	3	Agent		-1	-1	5	hit	[4]	['hit']	1	185	264	264	264	264	368	368	368	368	-1	-1	3	0	0
11687	172	4	1	1	Agent	-1	they	3	Agent		-1	-1	5	hit	[4]	['hit']	2	178	208	208	208	208	176	176	176	176	-1	-1	3	0	0
11688	172	4	1	1	Agent	-1	they	3	Agent		-1	-1	5	hit	[4]	['hit']	3	111	196	196	196	196	168	168	168	168	-1	-1	3	0	0
11693	172	4	1	1	Agent	-1	they	3	Agent		-1	-1	5	hit	[4]	['hit']	8	186	156	156	156	156	192	192	192	192	-1	-1	3	0	0
11694	172	4	1	1	Agent	-1	they	3	Agent		-1	-1	5	hit	[4]	['hit']	10	172	0	0	0	0	216	280	280	280	-1	-1	3	1	0
11695	172	4	1	1	Agent	-1	they	3	Agent		-1	-1	5	hit	[4]	['hit']	11	47	196	196	196	196	220	220	444	1772	-1	-1	3	0	0
11696	172	4	1	1	Agent	-1	they	3	Agent		-1	-1	5	hit	[4]	['hit']	12	103	164	164	164	164	124	124	124	268	-1	-1	3	0	0
11699	172	4	1	1	Agent	-1	they	3	Agent		-1	-1	5	hit	[4]	['hit']	15	81	0	0	0	0	256	256	384	1044	-1	-1	3	1	0
11700	172	4	1	1	Agent	-1	they	3	Agent		-1	-1	5	hit	[4]	['hit']	16	153	84	84	84	84	152	308	308	308	-1	-1	3	0	0
11701	172	4	1	1	Agent	-1	they	3	Agent		-1	-1	5	hit	[4]	['hit']	17	96	160	160	160	160	264	264	264	264	-1	-1	3	0	0
11703	172	4	1	1	Agent	-1	they	3	Agent		-1	-1	5	hit	[4]	['hit']	19	14	208	208	208	208	200	200	200	200	-1	-1	3	0	0
11704	172	4	1	1	Agent	-1	they	3	Agent		-1	-1	5	hit	[4]	['hit']	20	182	0	0	0	0	140	140	140	140	-1	-1	3	1	0
11705	172	4	1	1	Agent	-1	they	3	Agent		-1	-1	5	hit	[4]	['hit']	21	197	0	0	0	0	140	140	140	140	-1	-1	3	1	0
11706	172	4	1	1	Agent	-1	they	3	Agent		-1	-1	5	hit	[4]	['hit']	22	161	276	276	276	276	412	412	412	412	-1	-1	3	0	0
11707	172	4	1	1	Agent	-1	they	3	Agent		-1	-1	5	hit	[4]	['hit']	23	163	244	244	244	244	380	380	380	380	-1	-1	3	0	0
11708	172	4	1	1	Agent	-1	they	3	Agent		-1	-1	5	hit	[4]	['hit']	24	130	276	276	276	276	224	224	224	224	-1	-1	3	0	0
11709	172	4	1	1	Agent	-1	they	3	Agent		-1	-1	5	hit	[4]	['hit']	25	143	204	204	204	204	84	84	84	84	-1	-1	3	0	0
11710	172	4	1	1	Agent	-1	they	3	Agent		-1	-1	5	hit	[4]	['hit']	27	109	256	256	256	256	144	144	144	144	-1	-1	3	0	0
11711	172	4	1	1	Agent	-1	they	3	Agent		-1	-1	5	hit	[4]	['hit']	28	198	152	152	356	548	364	364	364	364	-1	-1	3	0	0
11712	172	4	1	1	Agent	-1	they	3	Agent		-1	-1	5	hit	[4]	['hit']	29	61	188	188	188	188	128	252	252	252	-1	-1	3	0	0
11714	172	4	1	1	Agent	-1	they	3	Agent		-1	-1	5	hit	[4]	['hit']	31	77	0	0	0	0	236	236	236	236	-1	-1	3	1	0
11715	172	4	1	1	Agent	-1	they	3	Agent		-1	-1	5	hit	[4]	['hit']	32	46	324	324	324	512	268	268	268	268	-1	-1	3	0	0
11717	172	4	1	1	Agent	-1	they	3	Agent		-1	-1	5	hit	[4]	['hit']	34	64	0	0	0	0	164	164	164	164	-1	-1	3	1	0
11718	172	4	1	1	Agent	-1	they	3	Agent		-1	-1	5	hit	[4]	['hit']	35	47	0	0	0	0	212	212	212	212	-1	-1	3	1	0
11719	172	4	1	1	Agent	-1	they	3	Agent		-1	-1	5	hit	[4]	['hit']	36	64	0	0	0	0	244	244	244	244	-1	-1	3	1	0
11720	172	4	1	1	Agent	-1	they	3	Agent		-1	-1	5	hit	[4]	['hit']	37	6	160	160	160	160	252	252	252	252	-1	-1	3	0	0
11721	172	4	1	1	Agent	-1	they	3	Agent		-1	-1	5	hit	[4]	['hit']	38	7	0	0	0	0	188	188	188	188	-1	-1	3	1	0
11723	172	4	1	1	Agent	-1	they	3	Agent		-1	-1	5	hit	[4]	['hit']	40	93	0	0	0	0	216	216	216	256	-1	-1	3	1	0
11724	172	4	1	1	Agent	-1	they	3	Agent		-1	-1	5	hit	[4]	['hit']	41	93	228	228	228	1072	136	136	356	668	-1	-1	3	0	0
11726	172	4	1	1	Agent	-1	they	3	Agent		-1	-1	5	hit	[4]	['hit']	43	152	0	0	0	0	148	148	148	148	-1	-1	3	1	0
11768	172	8	1	1	Theme	-1	that	8	Theme		-1	-1	9	was	[8, 9]	['was', 'half']	1	185	140	140	140	140	268	268	268	268	-1	-1	3	0	0
11769	172	8	1	1	Theme	-1	that	8	Theme		-1	-1	9	was	[8, 9]	['was', 'half']	2	178	0	0	0	0	148	148	148	148	-1	-1	3	1	0
11770	172	8	1	1	Theme	-1	that	8	Theme		-1	-1	9	was	[8, 9]	['was', 'half']	3	111	104	272	272	272	204	204	204	204	-1	-1	3	0	0
11774	172	8	1	1	Theme	-1	that	8	Theme		-1	-1	9	was	[8, 9]	['was', 'half']	7	128	0	0	0	0	128	128	128	128	-1	-1	3	1	0
11775	172	8	1	1	Theme	-1	that	8	Theme		-1	-1	9	was	[8, 9]	['was', 'half']	8	186	160	160	160	160	200	456	568	760	-1	-1	3	0	0
11776	172	8	1	1	Theme	-1	that	8	Theme		-1	-1	9	was	[8, 9]	['was', 'half']	10	172	0	0	0	0	128	128	128	128	-1	-1	3	1	0
11777	172	8	1	1	Theme	-1	that	8	Theme		-1	-1	9	was	[8, 9]	['was', 'half']	11	47	184	184	184	184	188	188	188	188	-1	-1	3	0	0
11778	172	8	1	1	Theme	-1	that	8	Theme		-1	-1	9	was	[8, 9]	['was', 'half']	12	103	0	0	0	0	356	356	356	528	-1	-1	3	1	0
11779	172	8	1	1	Theme	-1	that	8	Theme		-1	-1	9	was	[8, 9]	['was', 'half']	13	168	208	208	208	208	108	108	108	108	-1	-1	3	0	0
11780	172	8	1	1	Theme	-1	that	8	Theme		-1	-1	9	was	[8, 9]	['was', 'half']	14	5	208	208	208	208	200	200	200	200	-1	-1	3	0	0
11782	172	8	1	1	Theme	-1	that	8	Theme		-1	-1	9	was	[8, 9]	['was', 'half']	16	153	172	172	172	172	192	192	192	192	-1	-1	3	0	0
11783	172	8	1	1	Theme	-1	that	8	Theme		-1	-1	9	was	[8, 9]	['was', 'half']	17	96	0	0	0	0	228	228	228	228	-1	-1	3	1	0
11784	172	8	1	1	Theme	-1	that	8	Theme		-1	-1	9	was	[8, 9]	['was', 'half']	18	1	236	236	236	236	232	232	232	232	-1	-1	3	0	0
11785	172	8	1	1	Theme	-1	that	8	Theme		-1	-1	9	was	[8, 9]	['was', 'half']	19	14	0	0	0	0	180	324	324	324	-1	-1	3	1	0
11788	172	8	1	1	Theme	-1	that	8	Theme		-1	-1	9	was	[8, 9]	['was', 'half']	22	161	0	0	0	0	204	204	348	728	-1	-1	3	1	0
11789	172	8	1	1	Theme	-1	that	8	Theme		-1	-1	9	was	[8, 9]	['was', 'half']	23	163	144	428	568	2388	168	340	340	340	-1	-1	3	0	0
11790	172	8	1	1	Theme	-1	that	8	Theme		-1	-1	9	was	[8, 9]	['was', 'half']	24	130	0	0	0	0	156	156	156	156	-1	-1	3	1	0
11792	172	8	1	1	Theme	-1	that	8	Theme		-1	-1	9	was	[8, 9]	['was', 'half']	27	109	148	148	148	148	404	404	404	404	-1	-1	3	0	0
11794	172	8	1	1	Theme	-1	that	8	Theme		-1	-1	9	was	[8, 9]	['was', 'half']	29	61	0	0	0	0	140	344	344	344	-1	-1	3	1	0
11795	172	8	1	1	Theme	-1	that	8	Theme		-1	-1	9	was	[8, 9]	['was', 'half']	30	121	0	0	0	0	268	268	268	268	-1	-1	3	1	0
11797	172	8	1	1	Theme	-1	that	8	Theme		-1	-1	9	was	[8, 9]	['was', 'half']	32	46	256	256	256	256	248	248	248	248	-1	-1	3	0	0
11798	172	8	1	1	Theme	-1	that	8	Theme		-1	-1	9	was	[8, 9]	['was', 'half']	33	58	168	168	168	168	172	172	296	468	-1	-1	3	0	0
11799	172	8	1	1	Theme	-1	that	8	Theme		-1	-1	9	was	[8, 9]	['was', 'half']	34	64	0	0	0	0	156	156	156	156	-1	-1	3	1	0
11800	172	8	1	1	Theme	-1	that	8	Theme		-1	-1	9	was	[8, 9]	['was', 'half']	35	47	192	192	192	192	216	216	216	216	-1	-1	3	0	0
11802	172	8	1	1	Theme	-1	that	8	Theme		-1	-1	9	was	[8, 9]	['was', 'half']	37	6	136	136	136	136	204	204	204	204	-1	-1	3	0	0
11803	172	8	1	1	Theme	-1	that	8	Theme		-1	-1	9	was	[8, 9]	['was', 'half']	38	7	0	0	0	0	44	44	44	44	-1	-1	3	1	0
11805	172	8	1	1	Theme	-1	that	8	Theme		-1	-1	9	was	[8, 9]	['was', 'half']	40	93	88	88	88	628	200	344	344	344	-1	-1	3	0	0
11806	172	8	1	1	Theme	-1	that	8	Theme		-1	-1	9	was	[8, 9]	['was', 'half']	41	93	160	160	160	160	244	244	244	244	-1	-1	3	0	0
11807	172	8	1	1	Theme	-1	that	8	Theme		-1	-1	9	was	[8, 9]	['was', 'half']	42	27	208	208	208	208	196	196	196	196	-1	-1	3	0	0
11808	172	8	1	1	Theme	-1	that	8	Theme		-1	-1	9	was	[8, 9]	['was', 'half']	43	152	148	148	148	148	252	252	252	252	-1	-1	3	0	0
11809	173	1	1	1	Agent	-1	Alan	1	Agent		-1	-1	2	told	[1]	['told']	1	202	128	128	128	128	140	140	140	140	-1	-1	4	0	0
11810	173	1	1	1	Agent	-1	Alan	1	Agent		-1	-1	2	told	[1]	['told']	2	9	72	72	156	452	204	264	264	264	-1	-1	4	0	0
11811	173	1	1	1	Agent	-1	Alan	1	Agent		-1	-1	2	told	[1]	['told']	3	164	208	208	208	208	180	180	180	180	-1	-1	4	0	0
11812	173	1	1	1	Agent	-1	Alan	1	Agent		-1	-1	2	told	[1]	['told']	4	185	172	172	172	172	188	188	188	188	-1	-1	4	0	0
11813	173	1	1	1	Agent	-1	Alan	1	Agent		-1	-1	2	told	[1]	['told']	5	199	216	216	216	216	212	212	212	212	-1	-1	4	0	0
11814	173	1	1	1	Agent	-1	Alan	1	Agent		-1	-1	2	told	[1]	['told']	6	20	0	0	0	0	200	200	200	284	-1	-1	4	1	0
11815	173	1	1	1	Agent	-1	Alan	1	Agent		-1	-1	2	told	[1]	['told']	7	140	208	208	208	208	116	116	256	500	-1	-1	4	0	0
11817	173	1	1	1	Agent	-1	Alan	1	Agent		-1	-1	2	told	[1]	['told']	10	199	140	140	140	140	180	180	180	180	-1	-1	4	0	0
11818	173	1	1	1	Agent	-1	Alan	1	Agent		-1	-1	2	told	[1]	['told']	11	78	172	172	328	456	152	152	152	152	-1	-1	4	0	0
11820	173	1	1	1	Agent	-1	Alan	1	Agent		-1	-1	2	told	[1]	['told']	13	6	216	216	216	216	104	104	104	104	-1	-1	4	0	0
11821	173	1	1	1	Agent	-1	Alan	1	Agent		-1	-1	2	told	[1]	['told']	14	189	0	0	0	0	224	384	384	384	-1	-1	4	1	0
11823	173	1	1	1	Agent	-1	Alan	1	Agent		-1	-1	2	told	[1]	['told']	16	51	108	108	260	436	212	212	212	212	-1	-1	4	0	0
11824	173	1	1	1	Agent	-1	Alan	1	Agent		-1	-1	2	told	[1]	['told']	17	149	168	168	168	168	168	168	168	168	-1	-1	4	0	0
11825	173	1	1	1	Agent	-1	Alan	1	Agent		-1	-1	2	told	[1]	['told']	18	159	0	0	0	0	220	220	220	220	-1	-1	4	1	0
11826	173	1	1	1	Agent	-1	Alan	1	Agent		-1	-1	2	told	[1]	['told']	19	108	232	232	520	656	80	80	80	80	-1	-1	4	0	0
11827	173	1	1	1	Agent	-1	Alan	1	Agent		-1	-1	2	told	[1]	['told']	20	177	0	0	0	0	232	232	232	232	-1	-1	4	1	0
11828	173	1	1	1	Agent	-1	Alan	1	Agent		-1	-1	2	told	[1]	['told']	21	148	168	312	312	312	148	148	148	268	-1	-1	4	0	0
11829	173	1	1	1	Agent	-1	Alan	1	Agent		-1	-1	2	told	[1]	['told']	22	83	352	352	352	352	236	236	236	236	-1	-1	4	0	0
11830	173	1	1	1	Agent	-1	Alan	1	Agent		-1	-1	2	told	[1]	['told']	23	157	216	216	216	216	252	252	252	252	-1	-1	4	0	0
11831	173	1	1	1	Agent	-1	Alan	1	Agent		-1	-1	2	told	[1]	['told']	24	121	152	152	152	152	192	192	192	192	-1	-1	4	0	0
11833	173	1	1	1	Agent	-1	Alan	1	Agent		-1	-1	2	told	[1]	['told']	27	143	228	228	228	432	284	284	284	284	-1	-1	4	0	0
11835	173	1	1	1	Agent	-1	Alan	1	Agent		-1	-1	2	told	[1]	['told']	29	196	264	264	264	324	188	336	336	336	-1	-1	4	0	0
11836	173	1	1	1	Agent	-1	Alan	1	Agent		-1	-1	2	told	[1]	['told']	30	76	192	484	484	484	180	180	428	736	-1	-1	4	0	0
11837	173	1	1	1	Agent	-1	Alan	1	Agent		-1	-1	2	told	[1]	['told']	31	202	0	0	0	0	216	216	216	216	-1	-1	4	1	0
11838	173	1	1	1	Agent	-1	Alan	1	Agent		-1	-1	2	told	[1]	['told']	32	101	220	220	220	220	248	248	248	248	-1	-1	4	0	0
11839	173	1	1	1	Agent	-1	Alan	1	Agent		-1	-1	2	told	[1]	['told']	33	203	152	152	152	152	144	144	144	144	-1	-1	4	0	0
11841	173	1	1	1	Agent	-1	Alan	1	Agent		-1	-1	2	told	[1]	['told']	35	53	188	188	188	188	168	168	168	168	-1	-1	4	0	0
11843	173	1	1	1	Agent	-1	Alan	1	Agent		-1	-1	2	told	[1]	['told']	37	192	220	220	476	772	136	136	136	136	-1	-1	4	0	0
11844	173	1	1	1	Agent	-1	Alan	1	Agent		-1	-1	2	told	[1]	['told']	38	13	256	256	452	772	176	176	176	176	-1	-1	4	0	0
11845	173	1	1	1	Agent	-1	Alan	1	Agent		-1	-1	2	told	[1]	['told']	39	159	0	0	0	0	240	240	240	416	-1	-1	4	1	0
11846	173	1	1	1	Agent	-1	Alan	1	Agent		-1	-1	2	told	[1]	['told']	40	14	228	228	428	620	204	204	204	204	-1	-1	4	0	0
11848	173	1	1	1	Agent	-1	Alan	1	Agent		-1	-1	2	told	[1]	['told']	42	164	212	212	212	212	136	136	136	136	-1	-1	4	0	0
11849	173	1	1	1	Agent	-1	Alan	1	Agent		-1	-1	2	told	[1]	['told']	43	3	248	248	248	408	308	308	308	308	-1	-1	4	0	0
11850	173	7	2	2	Manner	-1	just	6	Agent	he	4	-3	7	sit	[6]	['sit']	1	202	188	188	188	188	616	724	724	724	-1	-3	3	0	0
11852	173	7	2	2	Manner	-1	just	6	Agent	he	4	-3	7	sit	[6]	['sit']	3	164	336	336	336	336	272	384	384	384	-1	-3	3	0	0
11853	173	7	2	2	Manner	-1	just	6	Agent	he	4	-3	7	sit	[6]	['sit']	4	185	216	216	216	216	184	184	184	184	-1	-3	3	0	0
11854	173	7	2	2	Manner	-1	just	6	Agent	he	4	-3	7	sit	[6]	['sit']	5	199	156	156	156	156	232	232	232	232	-1	-3	3	0	0
11855	173	7	2	2	Manner	-1	just	6	Agent	he	4	-3	7	sit	[6]	['sit']	6	20	156	156	156	156	176	176	176	176	-1	-3	3	0	0
11856	173	7	2	2	Manner	-1	just	6	Agent	he	4	-3	7	sit	[6]	['sit']	7	140	152	152	152	152	172	172	172	172	-1	-3	3	0	0
11857	173	7	2	2	Manner	-1	just	6	Agent	he	4	-3	7	sit	[6]	['sit']	8	154	176	440	440	704	236	236	236	236	-1	-3	3	0	0
11858	173	7	2	2	Manner	-1	just	6	Agent	he	4	-3	7	sit	[6]	['sit']	10	199	136	136	136	136	168	168	168	168	-1	-3	3	0	0
11859	173	7	2	2	Manner	-1	just	6	Agent	he	4	-3	7	sit	[6]	['sit']	11	78	268	268	268	268	188	188	188	188	-1	-3	3	0	0
11860	173	7	2	2	Manner	-1	just	6	Agent	he	4	-3	7	sit	[6]	['sit']	12	101	0	0	0	0	232	232	428	784	-1	-3	3	1	0
11861	173	7	2	2	Manner	-1	just	6	Agent	he	4	-3	7	sit	[6]	['sit']	13	6	132	132	132	132	156	156	156	156	-1	-3	3	0	0
11862	173	7	2	2	Manner	-1	just	6	Agent	he	4	-3	7	sit	[6]	['sit']	14	189	220	220	220	220	152	152	152	152	-1	-3	3	0	0
11863	173	7	2	2	Manner	-1	just	6	Agent	he	4	-3	7	sit	[6]	['sit']	15	98	0	0	0	0	176	176	176	176	-1	-3	3	1	0
11864	173	7	2	2	Manner	-1	just	6	Agent	he	4	-3	7	sit	[6]	['sit']	16	51	240	240	240	240	260	260	424	512	-1	-3	3	0	0
11865	173	7	2	2	Manner	-1	just	6	Agent	he	4	-3	7	sit	[6]	['sit']	17	149	0	0	0	0	328	328	560	944	-1	-3	3	1	0
11866	173	7	2	2	Manner	-1	just	6	Agent	he	4	-3	7	sit	[6]	['sit']	18	159	204	204	204	204	212	212	212	212	-1	-3	3	0	0
11867	173	7	2	2	Manner	-1	just	6	Agent	he	4	-3	7	sit	[6]	['sit']	19	108	156	156	156	156	132	132	132	132	-1	-3	3	0	0
11868	173	7	2	2	Manner	-1	just	6	Agent	he	4	-3	7	sit	[6]	['sit']	20	177	188	188	188	188	144	144	144	144	-1	-3	3	0	0
11869	173	7	2	2	Manner	-1	just	6	Agent	he	4	-3	7	sit	[6]	['sit']	21	148	164	164	164	164	164	164	164	164	-1	-3	3	0	0
11870	173	7	2	2	Manner	-1	just	6	Agent	he	4	-3	7	sit	[6]	['sit']	22	83	0	0	0	0	316	316	316	316	-1	-3	3	1	0
11871	173	7	2	2	Manner	-1	just	6	Agent	he	4	-3	7	sit	[6]	['sit']	23	157	208	208	208	208	596	956	956	956	-1	-3	3	0	0
11872	173	7	2	2	Manner	-1	just	6	Agent	he	4	-3	7	sit	[6]	['sit']	24	121	352	352	352	488	184	184	184	184	-1	-3	3	0	0
11873	173	7	2	2	Manner	-1	just	6	Agent	he	4	-3	7	sit	[6]	['sit']	25	52	0	0	0	0	132	132	296	456	-1	-3	3	1	0
11874	173	7	2	2	Manner	-1	just	6	Agent	he	4	-3	7	sit	[6]	['sit']	27	143	288	424	424	424	216	216	216	216	-1	-3	3	0	0
11876	173	7	2	2	Manner	-1	just	6	Agent	he	4	-3	7	sit	[6]	['sit']	29	196	0	0	0	0	204	204	204	204	-1	-3	3	1	0
11877	173	7	2	2	Manner	-1	just	6	Agent	he	4	-3	7	sit	[6]	['sit']	30	76	172	172	172	172	252	360	360	360	-1	-3	3	0	0
11878	173	7	2	2	Manner	-1	just	6	Agent	he	4	-3	7	sit	[6]	['sit']	31	202	172	172	172	172	140	140	140	140	-1	-3	3	0	0
11879	173	7	2	2	Manner	-1	just	6	Agent	he	4	-3	7	sit	[6]	['sit']	32	101	0	0	0	0	160	160	384	584	-1	-3	3	1	0
11880	173	7	2	2	Manner	-1	just	6	Agent	he	4	-3	7	sit	[6]	['sit']	33	203	196	196	196	196	192	192	192	192	-1	-3	3	0	0
11881	173	7	2	2	Manner	-1	just	6	Agent	he	4	-3	7	sit	[6]	['sit']	34	203	0	0	0	0	148	148	148	148	-1	-3	3	1	0
11882	173	7	2	2	Manner	-1	just	6	Agent	he	4	-3	7	sit	[6]	['sit']	35	53	0	0	0	0	188	468	468	468	-1	-3	3	1	0
11883	173	7	2	2	Manner	-1	just	6	Agent	he	4	-3	7	sit	[6]	['sit']	36	42	0	0	0	0	224	224	224	356	-1	-3	3	1	0
11884	173	7	2	2	Manner	-1	just	6	Agent	he	4	-3	7	sit	[6]	['sit']	37	192	212	212	212	212	192	192	192	192	-1	-3	3	0	0
11885	173	7	2	2	Manner	-1	just	6	Agent	he	4	-3	7	sit	[6]	['sit']	38	13	0	0	0	0	164	336	336	336	-1	-3	3	1	0
11886	173	7	2	2	Manner	-1	just	6	Agent	he	4	-3	7	sit	[6]	['sit']	39	159	0	0	0	0	188	188	188	188	-1	-3	3	1	0
11887	173	7	2	2	Manner	-1	just	6	Agent	he	4	-3	7	sit	[6]	['sit']	40	14	208	208	208	208	228	336	336	336	-1	-3	3	0	0
11888	173	7	2	2	Manner	-1	just	6	Agent	he	4	-3	7	sit	[6]	['sit']	41	62	0	0	0	0	228	228	432	1536	-1	-3	3	1	0
11889	173	7	2	2	Manner	-1	just	6	Agent	he	4	-3	7	sit	[6]	['sit']	42	164	280	280	280	280	68	68	68	68	-1	-3	3	0	0
11890	173	7	2	2	Manner	-1	just	6	Agent	he	4	-3	7	sit	[6]	['sit']	43	3	204	204	204	204	68	244	244	244	-1	-3	3	0	0
11893	173	9	1	1	Pivot	-5	he	4	Pivot		-1	-5	10	have	[9]	['have']	3	164	244	244	244	244	212	212	416	580	-5	-5	4	0	0
11897	173	9	1	1	Pivot	-5	he	4	Pivot		-1	-5	10	have	[9]	['have']	7	140	0	0	0	0	224	224	424	3204	-5	-5	4	1	0
11899	173	9	1	1	Pivot	-5	he	4	Pivot		-1	-5	10	have	[9]	['have']	10	199	156	156	156	156	200	200	200	200	-5	-5	4	0	0
11901	173	9	1	1	Pivot	-5	he	4	Pivot		-1	-5	10	have	[9]	['have']	12	101	0	0	0	0	256	256	256	256	-5	-5	4	1	0
11904	173	9	1	1	Pivot	-5	he	4	Pivot		-1	-5	10	have	[9]	['have']	15	98	0	0	0	0	472	472	472	712	-5	-5	4	1	0
11905	173	9	1	1	Pivot	-5	he	4	Pivot		-1	-5	10	have	[9]	['have']	16	51	184	184	184	184	184	476	476	476	-5	-5	4	0	0
11906	173	9	1	1	Pivot	-5	he	4	Pivot		-1	-5	10	have	[9]	['have']	17	149	0	0	0	0	336	336	336	428	-5	-5	4	1	0
11908	173	9	1	1	Pivot	-5	he	4	Pivot		-1	-5	10	have	[9]	['have']	19	108	212	212	376	828	92	92	92	156	-5	-5	4	0	0
11910	173	9	1	1	Pivot	-5	he	4	Pivot		-1	-5	10	have	[9]	['have']	21	148	0	0	0	0	304	304	304	476	-5	-5	4	1	0
11911	173	9	1	1	Pivot	-5	he	4	Pivot		-1	-5	10	have	[9]	['have']	22	83	0	0	0	0	284	284	284	284	-5	-5	4	1	0
11915	173	9	1	1	Pivot	-5	he	4	Pivot		-1	-5	10	have	[9]	['have']	27	143	220	220	220	220	244	244	244	244	-5	-5	4	0	0
11916	173	9	1	1	Pivot	-5	he	4	Pivot		-1	-5	10	have	[9]	['have']	28	6	0	0	0	0	88	88	88	244	-5	-5	4	1	0
11917	173	9	1	1	Pivot	-5	he	4	Pivot		-1	-5	10	have	[9]	['have']	29	196	0	0	0	0	256	256	256	256	-5	-5	4	1	0
11920	173	9	1	1	Pivot	-5	he	4	Pivot		-1	-5	10	have	[9]	['have']	32	101	312	312	312	312	160	160	160	160	-5	-5	4	0	0
11922	173	9	1	1	Pivot	-5	he	4	Pivot		-1	-5	10	have	[9]	['have']	34	203	0	0	0	0	500	500	500	632	-5	-5	4	1	0
11924	173	9	1	1	Pivot	-5	he	4	Pivot		-1	-5	10	have	[9]	['have']	36	42	0	0	0	0	232	448	604	860	-5	-5	4	1	0
11928	173	9	1	1	Pivot	-5	he	4	Pivot		-1	-5	10	have	[9]	['have']	40	14	200	200	200	200	132	132	240	468	-5	-5	4	0	0
11929	173	9	1	1	Pivot	-5	he	4	Pivot		-1	-5	10	have	[9]	['have']	41	62	0	0	0	0	272	272	272	272	-5	-5	4	1	0
11931	173	9	1	1	Pivot	-5	he	4	Pivot		-1	-5	10	have	[9]	['have']	43	3	188	296	296	296	288	288	288	288	-5	-5	4	0	0
11932	174	3	1	0	Theme	-2	man	3	Theme		-1	-2	5	coming	[4, 5]	['coming', 'who']	1	78	180	180	180	180	368	368	368	368	-2	-2	6	0	0
11933	174	3	1	0	Theme	-2	man	3	Theme		-1	-2	5	coming	[4, 5]	['coming', 'who']	2	160	112	112	112	112	252	252	252	252	-2	-2	6	0	0
11934	174	3	1	0	Theme	-2	man	3	Theme		-1	-2	5	coming	[4, 5]	['coming', 'who']	3	175	192	192	192	192	228	228	228	228	-2	-2	6	0	0
11937	174	3	1	0	Theme	-2	man	3	Theme		-1	-2	5	coming	[4, 5]	['coming', 'who']	6	117	168	168	168	168	176	176	176	176	-2	-2	6	0	0
11939	174	3	1	0	Theme	-2	man	3	Theme		-1	-2	5	coming	[4, 5]	['coming', 'who']	8	131	272	272	272	272	184	184	184	184	-2	-2	6	0	0
11940	174	3	1	0	Theme	-2	man	3	Theme		-1	-2	5	coming	[4, 5]	['coming', 'who']	9	21	172	172	172	172	228	228	228	228	-2	-2	6	0	0
11941	174	3	1	0	Theme	-2	man	3	Theme		-1	-2	5	coming	[4, 5]	['coming', 'who']	10	45	156	156	156	156	100	100	100	100	-2	-2	6	0	0
11942	174	3	1	0	Theme	-2	man	3	Theme		-1	-2	5	coming	[4, 5]	['coming', 'who']	11	81	0	0	0	0	156	156	156	156	-2	-2	6	1	0
11944	174	3	1	0	Theme	-2	man	3	Theme		-1	-2	5	coming	[4, 5]	['coming', 'who']	13	66	0	0	0	0	164	164	164	164	-2	-2	6	1	0
11947	174	3	1	0	Theme	-2	man	3	Theme		-1	-2	5	coming	[4, 5]	['coming', 'who']	16	101	148	148	148	148	180	320	320	320	-2	-2	6	0	0
11950	174	3	1	0	Theme	-2	man	3	Theme		-1	-2	5	coming	[4, 5]	['coming', 'who']	19	65	88	216	216	216	184	184	184	184	-2	-2	6	0	0
11953	174	3	1	0	Theme	-2	man	3	Theme		-1	-2	5	coming	[4, 5]	['coming', 'who']	22	205	268	268	268	268	204	204	204	204	-2	-2	6	0	0
11954	174	3	1	0	Theme	-2	man	3	Theme		-1	-2	5	coming	[4, 5]	['coming', 'who']	23	147	152	152	152	152	156	156	156	156	-2	-2	6	0	0
11955	174	3	1	0	Theme	-2	man	3	Theme		-1	-2	5	coming	[4, 5]	['coming', 'who']	24	134	188	188	188	188	196	196	196	196	-2	-2	6	0	0
11956	174	3	1	0	Theme	-2	man	3	Theme		-1	-2	5	coming	[4, 5]	['coming', 'who']	25	23	216	216	216	216	140	140	140	140	-2	-2	6	0	0
11957	174	3	1	0	Theme	-2	man	3	Theme		-1	-2	5	coming	[4, 5]	['coming', 'who']	27	148	200	200	200	200	140	140	140	140	-2	-2	6	0	0
11958	174	3	1	0	Theme	-2	man	3	Theme		-1	-2	5	coming	[4, 5]	['coming', 'who']	28	62	288	288	288	288	192	192	192	192	-2	-2	6	0	0
11960	174	3	1	0	Theme	-2	man	3	Theme		-1	-2	5	coming	[4, 5]	['coming', 'who']	30	15	104	104	104	104	476	476	476	628	-2	-2	6	0	0
11961	174	3	1	0	Theme	-2	man	3	Theme		-1	-2	5	coming	[4, 5]	['coming', 'who']	31	114	0	0	0	0	164	164	164	164	-2	-2	6	1	0
11967	174	3	1	0	Theme	-2	man	3	Theme		-1	-2	5	coming	[4, 5]	['coming', 'who']	37	69	96	96	96	96	240	240	328	596	-2	-2	6	0	0
11969	174	3	1	0	Theme	-2	man	3	Theme		-1	-2	5	coming	[4, 5]	['coming', 'who']	39	72	0	0	0	0	152	152	152	152	-2	-2	6	1	0
11970	174	3	1	0	Theme	-2	man	3	Theme		-1	-2	5	coming	[4, 5]	['coming', 'who']	40	62	120	200	200	200	204	204	204	204	-2	-2	6	0	0
11975	174	6	1	3	Agent	-5	man	3	Agent		-1	-5	8	give	[7]	['give']	2	160	68	68	68	68	132	132	132	132	-5	-5	4	0	0
11978	174	6	1	3	Agent	-5	man	3	Agent		-1	-5	8	give	[7]	['give']	5	143	0	0	0	0	152	152	152	152	-5	-5	4	1	0
11981	174	6	1	3	Agent	-5	man	3	Agent		-1	-5	8	give	[7]	['give']	8	131	0	0	0	0	140	140	140	140	-5	-5	4	1	0
11982	174	6	1	3	Agent	-5	man	3	Agent		-1	-5	8	give	[7]	['give']	9	21	0	0	0	0	156	156	156	156	-5	-5	4	1	0
11986	174	6	1	3	Agent	-5	man	3	Agent		-1	-5	8	give	[7]	['give']	13	66	0	0	0	0	316	316	316	316	-5	-5	4	1	0
11987	174	6	1	3	Agent	-5	man	3	Agent		-1	-5	8	give	[7]	['give']	14	129	0	0	0	0	304	304	304	304	-5	-5	4	1	0
11989	174	6	1	3	Agent	-5	man	3	Agent		-1	-5	8	give	[7]	['give']	16	101	196	196	196	196	260	260	260	260	-5	-5	4	0	0
11994	174	6	1	3	Agent	-5	man	3	Agent		-1	-5	8	give	[7]	['give']	21	183	0	0	0	0	200	200	200	296	-5	-5	4	1	0
11997	174	6	1	3	Agent	-5	man	3	Agent		-1	-5	8	give	[7]	['give']	24	134	0	0	0	0	160	160	160	160	-5	-5	4	1	0
12002	174	6	1	3	Agent	-5	man	3	Agent		-1	-5	8	give	[7]	['give']	30	15	0	0	0	0	140	140	140	140	-5	-5	4	1	0
12003	174	6	1	3	Agent	-5	man	3	Agent		-1	-5	8	give	[7]	['give']	31	114	240	240	240	240	160	160	160	160	-5	-5	4	0	0
12005	174	6	1	3	Agent	-5	man	3	Agent		-1	-5	8	give	[7]	['give']	33	132	184	184	184	184	148	148	148	148	-5	-5	4	0	0
12007	174	6	1	3	Agent	-5	man	3	Agent		-1	-5	8	give	[7]	['give']	35	72	144	144	144	144	140	140	140	140	-5	-5	4	0	0
12013	174	6	1	3	Agent	-5	man	3	Agent		-1	-5	8	give	[7]	['give']	41	158	0	0	0	0	156	156	156	156	-5	-5	4	1	0
12014	174	6	1	3	Agent	-5	man	3	Agent		-1	-5	8	give	[7]	['give']	42	121	0	0	0	0	120	120	120	120	-5	-5	4	1	0
12016	175	1	1	1	Agent	-1	She	1	Agent		-1	-1	2	threatened	[1, 2]	['threatened', 'to']	1	177	268	268	268	364	148	148	148	148	-1	-1	10	0	0
12018	175	1	1	1	Agent	-1	She	1	Agent		-1	-1	2	threatened	[1, 2]	['threatened', 'to']	3	110	164	164	164	164	152	152	152	152	-1	-1	10	0	0
12020	175	1	1	1	Agent	-1	She	1	Agent		-1	-1	2	threatened	[1, 2]	['threatened', 'to']	5	119	260	480	480	480	164	164	164	164	-1	-1	10	0	0
12021	175	1	1	1	Agent	-1	She	1	Agent		-1	-1	2	threatened	[1, 2]	['threatened', 'to']	6	76	124	124	124	124	120	120	120	120	-1	-1	10	0	0
12025	175	1	1	1	Agent	-1	She	1	Agent		-1	-1	2	threatened	[1, 2]	['threatened', 'to']	11	83	228	228	228	228	156	156	156	156	-1	-1	10	0	0
12026	175	1	1	1	Agent	-1	She	1	Agent		-1	-1	2	threatened	[1, 2]	['threatened', 'to']	12	7	260	516	516	516	164	164	164	164	-1	-1	10	0	0
12027	175	1	1	1	Agent	-1	She	1	Agent		-1	-1	2	threatened	[1, 2]	['threatened', 'to']	13	22	132	132	132	132	152	152	152	152	-1	-1	10	0	0
12030	175	1	1	1	Agent	-1	She	1	Agent		-1	-1	2	threatened	[1, 2]	['threatened', 'to']	16	53	252	356	356	356	204	204	204	204	-1	-1	10	0	0
12031	175	1	1	1	Agent	-1	She	1	Agent		-1	-1	2	threatened	[1, 2]	['threatened', 'to']	17	56	0	0	0	0	168	168	168	976	-1	-1	10	1	0
12032	175	1	1	1	Agent	-1	She	1	Agent		-1	-1	2	threatened	[1, 2]	['threatened', 'to']	18	128	108	108	108	276	144	144	144	144	-1	-1	10	0	0
12033	175	1	1	1	Agent	-1	She	1	Agent		-1	-1	2	threatened	[1, 2]	['threatened', 'to']	19	163	204	204	204	204	144	144	144	144	-1	-1	10	0	0
12035	175	1	1	1	Agent	-1	She	1	Agent		-1	-1	2	threatened	[1, 2]	['threatened', 'to']	21	54	136	136	136	136	116	116	116	116	-1	-1	10	0	0
12036	175	1	1	1	Agent	-1	She	1	Agent		-1	-1	2	threatened	[1, 2]	['threatened', 'to']	22	163	508	676	676	676	160	160	160	160	-1	-1	10	0	0
12038	175	1	1	1	Agent	-1	She	1	Agent		-1	-1	2	threatened	[1, 2]	['threatened', 'to']	24	192	304	512	696	972	260	260	260	260	-1	-1	10	0	0
12039	175	1	1	1	Agent	-1	She	1	Agent		-1	-1	2	threatened	[1, 2]	['threatened', 'to']	25	153	264	616	616	616	148	148	148	148	-1	-1	10	0	0
12041	175	1	1	1	Agent	-1	She	1	Agent		-1	-1	2	threatened	[1, 2]	['threatened', 'to']	28	71	84	84	328	516	204	204	204	204	-1	-1	10	0	0
12042	175	1	1	1	Agent	-1	She	1	Agent		-1	-1	2	threatened	[1, 2]	['threatened', 'to']	29	88	232	232	232	344	156	156	156	156	-1	-1	10	0	0
12043	175	1	1	1	Agent	-1	She	1	Agent		-1	-1	2	threatened	[1, 2]	['threatened', 'to']	30	52	288	528	528	528	236	236	236	236	-1	-1	10	0	0
12046	175	1	1	1	Agent	-1	She	1	Agent		-1	-1	2	threatened	[1, 2]	['threatened', 'to']	33	124	168	168	168	168	100	100	100	100	-1	-1	10	0	0
12047	175	1	1	1	Agent	-1	She	1	Agent		-1	-1	2	threatened	[1, 2]	['threatened', 'to']	34	84	296	500	500	500	212	212	212	212	-1	-1	10	0	0
12048	175	1	1	1	Agent	-1	She	1	Agent		-1	-1	2	threatened	[1, 2]	['threatened', 'to']	35	84	240	436	436	436	164	164	164	164	-1	-1	10	0	0
12050	175	1	1	1	Agent	-1	She	1	Agent		-1	-1	2	threatened	[1, 2]	['threatened', 'to']	37	136	24	24	380	548	152	152	152	152	-1	-1	10	0	0
12053	175	1	1	1	Agent	-1	She	1	Agent		-1	-1	2	threatened	[1, 2]	['threatened', 'to']	40	24	216	332	332	520	208	208	208	208	-1	-1	10	0	0
12054	175	1	1	1	Agent	-1	She	1	Agent		-1	-1	2	threatened	[1, 2]	['threatened', 'to']	41	42	240	240	240	380	216	216	216	216	-1	-1	10	0	0
12056	175	1	1	1	Agent	-1	She	1	Agent		-1	-1	2	threatened	[1, 2]	['threatened', 'to']	43	58	124	124	124	124	136	136	136	136	-1	-1	10	0	0
12057	175	3	1	0	Theme	-3	She	1	Theme		-1	-3	4	leave	[3, 4, 5]	['leave', 'before', 'and']	1	177	140	332	332	332	196	196	196	196	-3	-3	5	0	0
12058	175	3	1	0	Theme	-3	She	1	Theme		-1	-3	4	leave	[3, 4, 5]	['leave', 'before', 'and']	2	135	96	96	96	96	184	184	336	852	-3	-3	5	0	0
12059	175	3	1	0	Theme	-3	She	1	Theme		-1	-3	4	leave	[3, 4, 5]	['leave', 'before', 'and']	3	110	64	64	64	64	120	252	252	252	-3	-3	5	0	0
12060	175	3	1	0	Theme	-3	She	1	Theme		-1	-3	4	leave	[3, 4, 5]	['leave', 'before', 'and']	4	115	308	308	308	308	168	168	168	168	-3	-3	5	0	0
12061	175	3	1	0	Theme	-3	She	1	Theme		-1	-3	4	leave	[3, 4, 5]	['leave', 'before', 'and']	5	119	152	152	152	152	112	112	112	112	-3	-3	5	0	0
12062	175	3	1	0	Theme	-3	She	1	Theme		-1	-3	4	leave	[3, 4, 5]	['leave', 'before', 'and']	6	76	0	0	0	0	144	144	144	144	-3	-3	5	1	0
12063	175	3	1	0	Theme	-3	She	1	Theme		-1	-3	4	leave	[3, 4, 5]	['leave', 'before', 'and']	7	191	216	216	216	304	260	260	260	260	-3	-3	5	0	0
12064	175	3	1	0	Theme	-3	She	1	Theme		-1	-3	4	leave	[3, 4, 5]	['leave', 'before', 'and']	8	171	144	144	144	144	180	336	336	336	-3	-3	5	0	0
12065	175	3	1	0	Theme	-3	She	1	Theme		-1	-3	4	leave	[3, 4, 5]	['leave', 'before', 'and']	10	162	160	160	160	160	144	144	144	144	-3	-3	5	0	0
12066	175	3	1	0	Theme	-3	She	1	Theme		-1	-3	4	leave	[3, 4, 5]	['leave', 'before', 'and']	11	83	116	116	116	116	188	188	188	188	-3	-3	5	0	0
12067	175	3	1	0	Theme	-3	She	1	Theme		-1	-3	4	leave	[3, 4, 5]	['leave', 'before', 'and']	12	7	124	124	124	124	184	184	184	184	-3	-3	5	0	0
12068	175	3	1	0	Theme	-3	She	1	Theme		-1	-3	4	leave	[3, 4, 5]	['leave', 'before', 'and']	13	22	140	140	140	140	168	168	168	168	-3	-3	5	0	0
12069	175	3	1	0	Theme	-3	She	1	Theme		-1	-3	4	leave	[3, 4, 5]	['leave', 'before', 'and']	14	162	228	228	228	228	144	144	144	144	-3	-3	5	0	0
12071	175	3	1	0	Theme	-3	She	1	Theme		-1	-3	4	leave	[3, 4, 5]	['leave', 'before', 'and']	16	53	232	420	420	420	128	128	128	128	-3	-3	5	0	0
12072	175	3	1	0	Theme	-3	She	1	Theme		-1	-3	4	leave	[3, 4, 5]	['leave', 'before', 'and']	17	56	200	200	200	200	88	88	88	88	-3	-3	5	0	0
12073	175	3	1	0	Theme	-3	She	1	Theme		-1	-3	4	leave	[3, 4, 5]	['leave', 'before', 'and']	18	128	0	0	0	0	196	196	196	196	-3	-3	5	1	0
12074	175	3	1	0	Theme	-3	She	1	Theme		-1	-3	4	leave	[3, 4, 5]	['leave', 'before', 'and']	19	163	176	176	176	176	400	400	400	400	-3	-3	5	0	0
12075	175	3	1	0	Theme	-3	She	1	Theme		-1	-3	4	leave	[3, 4, 5]	['leave', 'before', 'and']	20	10	216	216	216	216	252	252	252	252	-3	-3	5	0	0
12077	175	3	1	0	Theme	-3	She	1	Theme		-1	-3	4	leave	[3, 4, 5]	['leave', 'before', 'and']	22	163	156	156	156	156	416	416	416	416	-3	-3	5	0	0
12078	175	3	1	0	Theme	-3	She	1	Theme		-1	-3	4	leave	[3, 4, 5]	['leave', 'before', 'and']	23	19	168	168	168	320	320	320	320	320	-3	-3	5	0	0
12079	175	3	1	0	Theme	-3	She	1	Theme		-1	-3	4	leave	[3, 4, 5]	['leave', 'before', 'and']	24	192	144	144	144	144	256	256	256	256	-3	-3	5	0	0
12080	175	3	1	0	Theme	-3	She	1	Theme		-1	-3	4	leave	[3, 4, 5]	['leave', 'before', 'and']	25	153	208	208	208	208	256	256	256	256	-3	-3	5	0	0
12081	175	3	1	0	Theme	-3	She	1	Theme		-1	-3	4	leave	[3, 4, 5]	['leave', 'before', 'and']	27	124	156	156	156	156	216	216	216	216	-3	-3	5	0	0
12082	175	3	1	0	Theme	-3	She	1	Theme		-1	-3	4	leave	[3, 4, 5]	['leave', 'before', 'and']	28	71	248	248	248	248	176	176	176	176	-3	-3	5	0	0
12083	175	3	1	0	Theme	-3	She	1	Theme		-1	-3	4	leave	[3, 4, 5]	['leave', 'before', 'and']	29	88	188	188	188	188	256	256	256	256	-3	-3	5	0	0
12084	175	3	1	0	Theme	-3	She	1	Theme		-1	-3	4	leave	[3, 4, 5]	['leave', 'before', 'and']	30	52	132	132	132	132	368	368	368	368	-3	-3	5	0	0
12085	175	3	1	0	Theme	-3	She	1	Theme		-1	-3	4	leave	[3, 4, 5]	['leave', 'before', 'and']	31	106	148	148	148	148	188	188	188	188	-3	-3	5	0	0
12086	175	3	1	0	Theme	-3	She	1	Theme		-1	-3	4	leave	[3, 4, 5]	['leave', 'before', 'and']	32	137	188	356	356	356	200	200	200	200	-3	-3	5	0	0
12087	175	3	1	0	Theme	-3	She	1	Theme		-1	-3	4	leave	[3, 4, 5]	['leave', 'before', 'and']	33	124	208	208	208	208	268	268	420	580	-3	-3	5	0	0
12088	175	3	1	0	Theme	-3	She	1	Theme		-1	-3	4	leave	[3, 4, 5]	['leave', 'before', 'and']	34	84	168	168	168	168	220	220	220	220	-3	-3	5	0	0
12089	175	3	1	0	Theme	-3	She	1	Theme		-1	-3	4	leave	[3, 4, 5]	['leave', 'before', 'and']	35	84	152	152	152	152	200	200	200	200	-3	-3	5	0	0
12090	175	3	1	0	Theme	-3	She	1	Theme		-1	-3	4	leave	[3, 4, 5]	['leave', 'before', 'and']	36	30	136	136	136	136	156	156	156	156	-3	-3	5	0	0
12091	175	3	1	0	Theme	-3	She	1	Theme		-1	-3	4	leave	[3, 4, 5]	['leave', 'before', 'and']	37	136	192	192	192	192	228	368	368	368	-3	-3	5	0	0
12092	175	3	1	0	Theme	-3	She	1	Theme		-1	-3	4	leave	[3, 4, 5]	['leave', 'before', 'and']	38	71	312	312	312	312	32	32	228	632	-3	-3	5	0	0
12093	175	3	1	0	Theme	-3	She	1	Theme		-1	-3	4	leave	[3, 4, 5]	['leave', 'before', 'and']	39	118	152	152	152	152	136	136	136	136	-3	-3	5	0	0
12094	175	3	1	0	Theme	-3	She	1	Theme		-1	-3	4	leave	[3, 4, 5]	['leave', 'before', 'and']	40	24	148	148	148	148	208	348	348	348	-3	-3	5	0	0
12095	175	3	1	0	Theme	-3	She	1	Theme		-1	-3	4	leave	[3, 4, 5]	['leave', 'before', 'and']	41	42	36	36	36	184	132	132	132	132	-3	-3	5	0	0
12096	175	3	1	0	Theme	-3	She	1	Theme		-1	-3	4	leave	[3, 4, 5]	['leave', 'before', 'and']	42	142	196	284	284	284	240	240	240	240	-3	-3	5	0	0
12097	175	3	1	0	Theme	-3	She	1	Theme		-1	-3	4	leave	[3, 4, 5]	['leave', 'before', 'and']	43	58	0	0	0	0	136	136	136	136	-3	-3	5	1	0
12098	175	7	2	1	Manner	-1	just	10	Pivot	she	9	-2	11	had	[10]	['had']	1	177	172	172	172	276	212	212	356	1372	-1	-2	3	0	0
12099	175	7	2	1	Manner	-1	just	10	Pivot	she	9	-2	11	had	[10]	['had']	2	135	120	120	120	120	132	132	132	132	-1	-2	3	0	0
12100	175	7	2	1	Manner	-1	just	10	Pivot	she	9	-2	11	had	[10]	['had']	3	110	276	276	276	276	148	148	148	148	-1	-2	3	0	0
12101	175	7	2	1	Manner	-1	just	10	Pivot	she	9	-2	11	had	[10]	['had']	4	115	0	0	0	0	268	268	420	708	-1	-2	3	1	0
12102	175	7	2	1	Manner	-1	just	10	Pivot	she	9	-2	11	had	[10]	['had']	5	119	0	0	0	0	172	312	312	480	-1	-2	3	1	0
12103	175	7	2	1	Manner	-1	just	10	Pivot	she	9	-2	11	had	[10]	['had']	6	76	208	208	208	208	144	144	144	920	-1	-2	3	0	0
12104	175	7	2	1	Manner	-1	just	10	Pivot	she	9	-2	11	had	[10]	['had']	7	191	192	192	192	316	104	104	432	844	-1	-2	3	0	0
12105	175	7	2	1	Manner	-1	just	10	Pivot	she	9	-2	11	had	[10]	['had']	8	171	292	292	500	736	404	404	404	572	-1	-2	3	0	0
12106	175	7	2	1	Manner	-1	just	10	Pivot	she	9	-2	11	had	[10]	['had']	10	162	152	152	152	152	124	448	676	1480	-1	-2	3	0	0
12107	175	7	2	1	Manner	-1	just	10	Pivot	she	9	-2	11	had	[10]	['had']	11	83	0	0	0	0	200	484	484	712	-1	-2	3	1	0
12108	175	7	2	1	Manner	-1	just	10	Pivot	she	9	-2	11	had	[10]	['had']	12	7	0	0	0	0	188	188	188	1160	-1	-2	3	1	0
12109	175	7	2	1	Manner	-1	just	10	Pivot	she	9	-2	11	had	[10]	['had']	13	22	160	476	476	476	100	100	100	340	-1	-2	3	0	0
12111	175	7	2	1	Manner	-1	just	10	Pivot	she	9	-2	11	had	[10]	['had']	15	141	152	152	152	152	136	136	240	760	-1	-2	3	0	0
12112	175	7	2	1	Manner	-1	just	10	Pivot	she	9	-2	11	had	[10]	['had']	16	53	156	156	156	156	232	468	468	1004	-1	-2	3	0	0
12113	175	7	2	1	Manner	-1	just	10	Pivot	she	9	-2	11	had	[10]	['had']	17	56	220	220	220	220	148	148	260	1424	-1	-2	3	0	0
12114	175	7	2	1	Manner	-1	just	10	Pivot	she	9	-2	11	had	[10]	['had']	18	128	0	0	0	0	204	204	204	204	-1	-2	3	1	0
12115	175	7	2	1	Manner	-1	just	10	Pivot	she	9	-2	11	had	[10]	['had']	19	163	100	100	100	100	136	136	136	312	-1	-2	3	0	0
12116	175	7	2	1	Manner	-1	just	10	Pivot	she	9	-2	11	had	[10]	['had']	20	10	0	0	0	0	448	448	1224	3536	-1	-2	3	1	0
12117	175	7	2	1	Manner	-1	just	10	Pivot	she	9	-2	11	had	[10]	['had']	21	54	0	0	0	0	196	196	196	196	-1	-2	3	1	0
12118	175	7	2	1	Manner	-1	just	10	Pivot	she	9	-2	11	had	[10]	['had']	22	163	0	0	0	0	400	852	852	2640	-1	-2	3	1	0
12119	175	7	2	1	Manner	-1	just	10	Pivot	she	9	-2	11	had	[10]	['had']	23	19	292	292	292	292	276	424	728	4172	-1	-2	3	0	0
12120	175	7	2	1	Manner	-1	just	10	Pivot	she	9	-2	11	had	[10]	['had']	24	192	0	0	0	0	156	156	156	156	-1	-2	3	1	0
12121	175	7	2	1	Manner	-1	just	10	Pivot	she	9	-2	11	had	[10]	['had']	25	153	152	152	152	152	196	196	196	416	-1	-2	3	0	0
12122	175	7	2	1	Manner	-1	just	10	Pivot	she	9	-2	11	had	[10]	['had']	27	124	0	0	0	0	204	204	204	1156	-1	-2	3	1	0
12123	175	7	2	1	Manner	-1	just	10	Pivot	she	9	-2	11	had	[10]	['had']	28	71	152	152	152	152	196	196	196	560	-1	-2	3	0	0
12124	175	7	2	1	Manner	-1	just	10	Pivot	she	9	-2	11	had	[10]	['had']	29	88	204	204	204	204	244	364	364	636	-1	-2	3	0	0
12125	175	7	2	1	Manner	-1	just	10	Pivot	she	9	-2	11	had	[10]	['had']	30	52	280	280	280	280	120	120	120	364	-1	-2	3	0	0
12127	175	7	2	1	Manner	-1	just	10	Pivot	she	9	-2	11	had	[10]	['had']	32	137	136	136	136	136	196	196	196	196	-1	-2	3	0	0
12128	175	7	2	1	Manner	-1	just	10	Pivot	she	9	-2	11	had	[10]	['had']	33	124	220	220	220	220	116	116	116	460	-1	-2	3	0	0
12129	175	7	2	1	Manner	-1	just	10	Pivot	she	9	-2	11	had	[10]	['had']	34	84	236	236	236	416	256	256	256	256	-1	-2	3	0	0
12130	175	7	2	1	Manner	-1	just	10	Pivot	she	9	-2	11	had	[10]	['had']	35	84	0	0	0	0	152	288	288	288	-1	-2	3	1	0
12131	175	7	2	1	Manner	-1	just	10	Pivot	she	9	-2	11	had	[10]	['had']	36	30	160	160	160	160	132	132	132	624	-1	-2	3	0	0
12133	175	7	2	1	Manner	-1	just	10	Pivot	she	9	-2	11	had	[10]	['had']	38	71	0	0	0	0	236	236	236	504	-1	-2	3	1	0
12134	175	7	2	1	Manner	-1	just	10	Pivot	she	9	-2	11	had	[10]	['had']	39	118	0	0	0	0	180	180	180	180	-1	-2	3	1	0
12135	175	7	2	1	Manner	-1	just	10	Pivot	she	9	-2	11	had	[10]	['had']	40	24	144	280	280	280	152	152	344	940	-1	-2	3	0	0
12136	175	7	2	1	Manner	-1	just	10	Pivot	she	9	-2	11	had	[10]	['had']	41	42	0	0	0	0	204	204	204	432	-1	-2	3	1	0
12137	175	7	2	1	Manner	-1	just	10	Pivot	she	9	-2	11	had	[10]	['had']	42	142	0	0	0	0	464	464	464	652	-1	-2	3	1	0
12138	175	7	2	1	Manner	-1	just	10	Pivot	she	9	-2	11	had	[10]	['had']	43	58	172	172	172	172	228	228	228	440	-1	-2	3	0	0
12139	176	2	1	1	Patient	-1	knife	3	Patient		-1	-1	4	caught	[3, 4]	['caught', 'in']	1	7	352	352	352	352	600	600	600	600	-1	-1	6	0	0
12144	176	2	1	1	Patient	-1	knife	3	Patient		-1	-1	4	caught	[3, 4]	['caught', 'in']	6	28	0	0	0	0	240	240	240	240	-1	-1	6	1	0
12145	176	2	1	1	Patient	-1	knife	3	Patient		-1	-1	4	caught	[3, 4]	['caught', 'in']	7	117	80	80	80	80	260	260	260	260	-1	-1	6	0	0
12148	176	2	1	1	Patient	-1	knife	3	Patient		-1	-1	4	caught	[3, 4]	['caught', 'in']	10	85	184	328	328	328	148	148	148	148	-1	-1	6	0	0
12151	176	2	1	1	Patient	-1	knife	3	Patient		-1	-1	4	caught	[3, 4]	['caught', 'in']	13	203	156	156	156	156	144	144	144	144	-1	-1	6	0	0
12157	176	2	1	1	Patient	-1	knife	3	Patient		-1	-1	4	caught	[3, 4]	['caught', 'in']	19	84	128	128	324	768	152	152	152	152	-1	-1	6	0	0
12163	176	2	1	1	Patient	-1	knife	3	Patient		-1	-1	4	caught	[3, 4]	['caught', 'in']	25	137	0	0	0	0	140	140	140	252	-1	-1	6	1	0
12165	176	2	1	1	Patient	-1	knife	3	Patient		-1	-1	4	caught	[3, 4]	['caught', 'in']	28	74	356	356	356	356	196	196	196	196	-1	-1	6	0	0
12168	176	2	1	1	Patient	-1	knife	3	Patient		-1	-1	4	caught	[3, 4]	['caught', 'in']	31	115	0	0	0	0	160	160	160	160	-1	-1	6	1	0
12172	176	2	1	1	Patient	-1	knife	3	Patient		-1	-1	4	caught	[3, 4]	['caught', 'in']	35	96	168	168	168	168	132	132	132	132	-1	-1	6	0	0
12174	176	2	1	1	Patient	-1	knife	3	Patient		-1	-1	4	caught	[3, 4]	['caught', 'in']	37	182	204	204	204	204	216	216	216	216	-1	-1	6	0	0
12177	176	2	1	1	Patient	-1	knife	3	Patient		-1	-1	4	caught	[3, 4]	['caught', 'in']	40	31	236	236	236	236	220	220	220	220	-1	-1	6	0	0
12178	176	2	1	1	Patient	-1	knife	3	Patient		-1	-1	4	caught	[3, 4]	['caught', 'in']	41	102	0	0	0	0	232	232	232	1080	-1	-1	6	1	0
12183	176	7	1	2	Agent	-1	she	9	Agent		-1	-1	10	shook	[9]	['shook']	3	51	156	156	156	156	212	212	212	212	-1	-1	5	0	0
12186	176	7	1	2	Agent	-1	she	9	Agent		-1	-1	10	shook	[9]	['shook']	6	28	284	284	284	284	200	200	200	200	-1	-1	5	0	0
12188	176	7	1	2	Agent	-1	she	9	Agent		-1	-1	10	shook	[9]	['shook']	8	87	196	196	196	196	184	184	184	184	-1	-1	5	0	0
12192	176	7	1	2	Agent	-1	she	9	Agent		-1	-1	10	shook	[9]	['shook']	12	173	0	0	0	0	148	148	148	148	-1	-1	5	1	0
12194	176	7	1	2	Agent	-1	she	9	Agent		-1	-1	10	shook	[9]	['shook']	14	148	0	0	0	0	324	324	608	844	-1	-1	5	1	0
12196	176	7	1	2	Agent	-1	she	9	Agent		-1	-1	10	shook	[9]	['shook']	16	92	300	300	300	300	140	140	140	140	-1	-1	5	0	0
12197	176	7	1	2	Agent	-1	she	9	Agent		-1	-1	10	shook	[9]	['shook']	17	156	0	0	0	0	188	188	188	188	-1	-1	5	1	0
12207	176	7	1	2	Agent	-1	she	9	Agent		-1	-1	10	shook	[9]	['shook']	28	74	152	152	152	152	172	172	172	172	-1	-1	5	0	0
12211	176	7	1	2	Agent	-1	she	9	Agent		-1	-1	10	shook	[9]	['shook']	32	108	116	508	508	508	236	236	236	236	-1	-1	5	0	0
12213	176	7	1	2	Agent	-1	she	9	Agent		-1	-1	10	shook	[9]	['shook']	34	45	192	192	192	192	320	320	1120	1556	-1	-1	5	0	0
12214	176	7	1	2	Agent	-1	she	9	Agent		-1	-1	10	shook	[9]	['shook']	35	96	128	128	128	128	168	168	168	168	-1	-1	5	0	0
12216	176	7	1	2	Agent	-1	she	9	Agent		-1	-1	10	shook	[9]	['shook']	37	182	148	324	324	324	148	148	148	148	-1	-1	5	0	0
12220	176	7	1	2	Agent	-1	she	9	Agent		-1	-1	10	shook	[9]	['shook']	41	102	0	0	0	0	132	132	132	132	-1	-1	5	1	0
12221	176	7	1	2	Agent	-1	she	9	Agent		-1	-1	10	shook	[9]	['shook']	42	153	0	0	0	0	160	160	160	160	-1	-1	5	1	0
12223	177	3	1	1	Agent	-1	Alex	4	Agent		-1	-1	5	felt	[4]	['felt']	1	147	216	216	216	216	192	192	192	192	-1	-1	4	0	0
12224	177	3	1	1	Agent	-1	Alex	4	Agent		-1	-1	5	felt	[4]	['felt']	2	196	200	328	328	328	84	84	84	84	-1	-1	4	0	0
12225	177	3	1	1	Agent	-1	Alex	4	Agent		-1	-1	5	felt	[4]	['felt']	3	101	184	184	184	184	136	136	136	136	-1	-1	4	0	0
12227	177	3	1	1	Agent	-1	Alex	4	Agent		-1	-1	5	felt	[4]	['felt']	5	144	0	0	0	0	236	236	236	236	-1	-1	4	1	0
12228	177	3	1	1	Agent	-1	Alex	4	Agent		-1	-1	5	felt	[4]	['felt']	6	155	0	0	0	0	124	124	124	124	-1	-1	4	1	0
12230	177	3	1	1	Agent	-1	Alex	4	Agent		-1	-1	5	felt	[4]	['felt']	8	15	208	208	208	208	172	172	172	172	-1	-1	4	0	0
12231	177	3	1	1	Agent	-1	Alex	4	Agent		-1	-1	5	felt	[4]	['felt']	10	34	164	164	164	164	160	160	160	160	-1	-1	4	0	0
12232	177	3	1	1	Agent	-1	Alex	4	Agent		-1	-1	5	felt	[4]	['felt']	11	170	164	164	164	164	152	152	152	152	-1	-1	4	0	0
12233	177	3	1	1	Agent	-1	Alex	4	Agent		-1	-1	5	felt	[4]	['felt']	12	205	196	196	196	196	140	140	140	140	-1	-1	4	0	0
12234	177	3	1	1	Agent	-1	Alex	4	Agent		-1	-1	5	felt	[4]	['felt']	13	132	196	196	196	196	144	144	144	144	-1	-1	4	0	0
12237	177	3	1	1	Agent	-1	Alex	4	Agent		-1	-1	5	felt	[4]	['felt']	16	100	248	248	248	248	160	308	308	308	-1	-1	4	0	0
12238	177	3	1	1	Agent	-1	Alex	4	Agent		-1	-1	5	felt	[4]	['felt']	17	81	160	160	160	160	160	160	160	160	-1	-1	4	0	0
12240	177	3	1	1	Agent	-1	Alex	4	Agent		-1	-1	5	felt	[4]	['felt']	19	129	160	160	160	160	180	180	180	180	-1	-1	4	0	0
12241	177	3	1	1	Agent	-1	Alex	4	Agent		-1	-1	5	felt	[4]	['felt']	20	70	0	0	0	0	216	216	216	216	-1	-1	4	1	0
12242	177	3	1	1	Agent	-1	Alex	4	Agent		-1	-1	5	felt	[4]	['felt']	21	40	136	136	136	136	152	152	152	152	-1	-1	4	0	0
12243	177	3	1	1	Agent	-1	Alex	4	Agent		-1	-1	5	felt	[4]	['felt']	22	183	0	0	0	0	200	384	384	384	-1	-1	4	1	0
12244	177	3	1	1	Agent	-1	Alex	4	Agent		-1	-1	5	felt	[4]	['felt']	23	178	188	188	188	188	244	244	244	244	-1	-1	4	0	0
12245	177	3	1	1	Agent	-1	Alex	4	Agent		-1	-1	5	felt	[4]	['felt']	24	164	292	292	292	292	140	140	140	140	-1	-1	4	0	0
12246	177	3	1	1	Agent	-1	Alex	4	Agent		-1	-1	5	felt	[4]	['felt']	25	80	0	0	0	0	152	152	152	300	-1	-1	4	1	0
12247	177	3	1	1	Agent	-1	Alex	4	Agent		-1	-1	5	felt	[4]	['felt']	27	87	0	0	0	0	124	228	396	720	-1	-1	4	1	0
12248	177	3	1	1	Agent	-1	Alex	4	Agent		-1	-1	5	felt	[4]	['felt']	28	4	224	360	360	360	204	328	328	328	-1	-1	4	0	0
12250	177	3	1	1	Agent	-1	Alex	4	Agent		-1	-1	5	felt	[4]	['felt']	30	127	152	152	152	152	508	592	592	592	-1	-1	4	0	0
12251	177	3	1	1	Agent	-1	Alex	4	Agent		-1	-1	5	felt	[4]	['felt']	31	152	0	0	0	0	220	220	220	220	-1	-1	4	1	0
12252	177	3	1	1	Agent	-1	Alex	4	Agent		-1	-1	5	felt	[4]	['felt']	32	99	224	224	224	224	224	224	224	224	-1	-1	4	0	0
12253	177	3	1	1	Agent	-1	Alex	4	Agent		-1	-1	5	felt	[4]	['felt']	33	64	0	0	0	0	240	240	240	240	-1	-1	4	1	0
12254	177	3	1	1	Agent	-1	Alex	4	Agent		-1	-1	5	felt	[4]	['felt']	34	140	160	160	160	160	160	160	160	160	-1	-1	4	0	0
12256	177	3	1	1	Agent	-1	Alex	4	Agent		-1	-1	5	felt	[4]	['felt']	36	176	0	0	0	0	148	148	148	148	-1	-1	4	1	0
12257	177	3	1	1	Agent	-1	Alex	4	Agent		-1	-1	5	felt	[4]	['felt']	37	185	128	376	376	376	104	104	104	104	-1	-1	4	0	0
12258	177	3	1	1	Agent	-1	Alex	4	Agent		-1	-1	5	felt	[4]	['felt']	38	149	0	0	0	0	208	208	208	208	-1	-1	4	1	0
12261	177	3	1	1	Agent	-1	Alex	4	Agent		-1	-1	5	felt	[4]	['felt']	41	147	100	100	100	100	196	196	196	196	-1	-1	4	0	0
12262	177	3	1	1	Agent	-1	Alex	4	Agent		-1	-1	5	felt	[4]	['felt']	42	2	76	76	76	76	176	176	176	176	-1	-1	4	0	0
12264	177	6	2	0	Agent	-1	like	6	Theme	thing	3	-5	7	doing	[6]	['doing']	1	147	124	124	124	124	372	372	372	372	-1	-5	5	0	0
12265	177	6	2	0	Agent	-1	like	6	Theme	thing	3	-5	7	doing	[6]	['doing']	2	196	0	0	0	0	80	80	80	80	-1	-5	5	1	0
12266	177	6	2	0	Agent	-1	like	6	Theme	thing	3	-5	7	doing	[6]	['doing']	3	101	264	264	264	264	172	172	172	172	-1	-5	5	0	0
12267	177	6	2	0	Agent	-1	like	6	Theme	thing	3	-5	7	doing	[6]	['doing']	4	62	228	372	372	372	168	168	168	168	-1	-5	5	0	0
12268	177	6	2	0	Agent	-1	like	6	Theme	thing	3	-5	7	doing	[6]	['doing']	5	144	184	184	184	184	176	408	408	408	-1	-5	5	0	0
12271	177	6	2	0	Agent	-1	like	6	Theme	thing	3	-5	7	doing	[6]	['doing']	8	15	128	128	128	128	256	256	256	256	-1	-5	5	0	0
12272	177	6	2	0	Agent	-1	like	6	Theme	thing	3	-5	7	doing	[6]	['doing']	10	34	152	152	152	152	228	228	228	228	-1	-5	5	0	0
12273	177	6	2	0	Agent	-1	like	6	Theme	thing	3	-5	7	doing	[6]	['doing']	11	170	120	120	120	120	216	216	216	216	-1	-5	5	0	0
12274	177	6	2	0	Agent	-1	like	6	Theme	thing	3	-5	7	doing	[6]	['doing']	12	205	220	220	220	220	132	132	132	132	-1	-5	5	0	0
12275	177	6	2	0	Agent	-1	like	6	Theme	thing	3	-5	7	doing	[6]	['doing']	13	132	0	0	0	0	184	184	184	184	-1	-5	5	1	0
12278	177	6	2	0	Agent	-1	like	6	Theme	thing	3	-5	7	doing	[6]	['doing']	16	100	180	180	180	180	248	480	480	480	-1	-5	5	0	0
12279	177	6	2	0	Agent	-1	like	6	Theme	thing	3	-5	7	doing	[6]	['doing']	17	81	140	140	140	140	164	164	164	164	-1	-5	5	0	0
12281	177	6	2	0	Agent	-1	like	6	Theme	thing	3	-5	7	doing	[6]	['doing']	19	129	96	96	96	96	180	180	180	180	-1	-5	5	0	0
12283	177	6	2	0	Agent	-1	like	6	Theme	thing	3	-5	7	doing	[6]	['doing']	21	40	0	0	0	0	136	136	136	136	-1	-5	5	1	0
12284	177	6	2	0	Agent	-1	like	6	Theme	thing	3	-5	7	doing	[6]	['doing']	22	183	184	184	184	184	184	184	184	184	-1	-5	5	0	0
12285	177	6	2	0	Agent	-1	like	6	Theme	thing	3	-5	7	doing	[6]	['doing']	23	178	280	280	280	280	200	200	200	200	-1	-5	5	0	0
12286	177	6	2	0	Agent	-1	like	6	Theme	thing	3	-5	7	doing	[6]	['doing']	24	164	152	152	152	152	152	152	152	152	-1	-5	5	0	0
12287	177	6	2	0	Agent	-1	like	6	Theme	thing	3	-5	7	doing	[6]	['doing']	25	80	188	188	188	188	200	200	200	200	-1	-5	5	0	0
12288	177	6	2	0	Agent	-1	like	6	Theme	thing	3	-5	7	doing	[6]	['doing']	27	87	40	140	140	140	304	304	304	304	-1	-5	5	0	0
12289	177	6	2	0	Agent	-1	like	6	Theme	thing	3	-5	7	doing	[6]	['doing']	28	4	164	164	164	164	192	192	192	376	-1	-5	5	0	0
12290	177	6	2	0	Agent	-1	like	6	Theme	thing	3	-5	7	doing	[6]	['doing']	29	96	296	296	296	296	152	152	152	152	-1	-5	5	0	0
12291	177	6	2	0	Agent	-1	like	6	Theme	thing	3	-5	7	doing	[6]	['doing']	30	127	248	248	248	248	264	264	264	264	-1	-5	5	0	0
12292	177	6	2	0	Agent	-1	like	6	Theme	thing	3	-5	7	doing	[6]	['doing']	31	152	0	0	0	0	144	144	144	364	-1	-5	5	1	0
12293	177	6	2	0	Agent	-1	like	6	Theme	thing	3	-5	7	doing	[6]	['doing']	32	99	168	168	168	376	244	244	244	244	-1	-5	5	0	0
12294	177	6	2	0	Agent	-1	like	6	Theme	thing	3	-5	7	doing	[6]	['doing']	33	64	144	196	196	196	152	152	152	152	-1	-5	5	0	0
12295	177	6	2	0	Agent	-1	like	6	Theme	thing	3	-5	7	doing	[6]	['doing']	34	140	252	252	252	252	148	148	148	148	-1	-5	5	0	0
12296	177	6	2	0	Agent	-1	like	6	Theme	thing	3	-5	7	doing	[6]	['doing']	35	165	156	356	356	356	188	188	188	188	-1	-5	5	0	0
12297	177	6	2	0	Agent	-1	like	6	Theme	thing	3	-5	7	doing	[6]	['doing']	36	176	0	0	0	0	244	244	244	576	-1	-5	5	1	0
12298	177	6	2	0	Agent	-1	like	6	Theme	thing	3	-5	7	doing	[6]	['doing']	37	185	184	184	184	184	276	276	276	276	-1	-5	5	0	0
12299	177	6	2	0	Agent	-1	like	6	Theme	thing	3	-5	7	doing	[6]	['doing']	38	149	196	196	196	196	252	252	252	252	-1	-5	5	0	0
12300	177	6	2	0	Agent	-1	like	6	Theme	thing	3	-5	7	doing	[6]	['doing']	39	67	220	220	372	752	140	140	140	140	-1	-5	5	0	0
12302	177	6	2	0	Agent	-1	like	6	Theme	thing	3	-5	7	doing	[6]	['doing']	41	147	220	220	220	220	164	164	164	164	-1	-5	5	0	0
12303	177	6	2	0	Agent	-1	like	6	Theme	thing	3	-5	7	doing	[6]	['doing']	42	2	0	0	0	0	196	196	196	408	-1	-5	5	1	0
12304	177	6	2	0	Agent	-1	like	6	Theme	thing	3	-5	7	doing	[6]	['doing']	43	191	192	192	192	192	212	212	212	212	-1	-5	5	0	0
12305	177	9	1	1	Theme	-8	thing	3	Theme		-1	-8	10	was	[9, 10]	['was', 'more']	1	147	0	0	0	0	168	168	168	168	-8	-8	3	1	0
12306	177	9	1	1	Theme	-8	thing	3	Theme		-1	-8	10	was	[9, 10]	['was', 'more']	2	196	0	0	0	0	156	156	156	156	-8	-8	3	1	0
12307	177	9	1	1	Theme	-8	thing	3	Theme		-1	-8	10	was	[9, 10]	['was', 'more']	3	101	172	172	172	172	184	300	300	300	-8	-8	3	0	0
12308	177	9	1	1	Theme	-8	thing	3	Theme		-1	-8	10	was	[9, 10]	['was', 'more']	4	62	252	252	252	252	284	284	284	284	-8	-8	3	0	0
12311	177	9	1	1	Theme	-8	thing	3	Theme		-1	-8	10	was	[9, 10]	['was', 'more']	7	92	0	0	0	0	236	456	456	456	-8	-8	3	1	0
12312	177	9	1	1	Theme	-8	thing	3	Theme		-1	-8	10	was	[9, 10]	['was', 'more']	8	15	88	88	88	88	140	140	140	140	-8	-8	3	0	0
12313	177	9	1	1	Theme	-8	thing	3	Theme		-1	-8	10	was	[9, 10]	['was', 'more']	10	34	0	0	0	0	140	324	324	324	-8	-8	3	1	0
12314	177	9	1	1	Theme	-8	thing	3	Theme		-1	-8	10	was	[9, 10]	['was', 'more']	11	170	0	0	0	0	132	604	604	604	-8	-8	3	1	0
12316	177	9	1	1	Theme	-8	thing	3	Theme		-1	-8	10	was	[9, 10]	['was', 'more']	13	132	0	0	0	0	308	548	548	548	-8	-8	3	1	0
12317	177	9	1	1	Theme	-8	thing	3	Theme		-1	-8	10	was	[9, 10]	['was', 'more']	14	79	188	188	188	188	260	260	260	260	-8	-8	3	0	0
12318	177	9	1	1	Theme	-8	thing	3	Theme		-1	-8	10	was	[9, 10]	['was', 'more']	15	180	0	0	0	0	200	200	200	200	-8	-8	3	1	0
12319	177	9	1	1	Theme	-8	thing	3	Theme		-1	-8	10	was	[9, 10]	['was', 'more']	16	100	176	176	176	176	192	192	192	192	-8	-8	3	0	0
12320	177	9	1	1	Theme	-8	thing	3	Theme		-1	-8	10	was	[9, 10]	['was', 'more']	17	81	196	196	196	196	220	220	220	220	-8	-8	3	0	0
12321	177	9	1	1	Theme	-8	thing	3	Theme		-1	-8	10	was	[9, 10]	['was', 'more']	18	167	0	0	0	0	292	292	292	292	-8	-8	3	1	0
12322	177	9	1	1	Theme	-8	thing	3	Theme		-1	-8	10	was	[9, 10]	['was', 'more']	19	129	0	0	0	0	188	420	420	932	-8	-8	3	1	0
12325	177	9	1	1	Theme	-8	thing	3	Theme		-1	-8	10	was	[9, 10]	['was', 'more']	22	183	204	348	348	348	296	296	296	296	-8	-8	3	0	0
12326	177	9	1	1	Theme	-8	thing	3	Theme		-1	-8	10	was	[9, 10]	['was', 'more']	23	178	0	0	0	0	300	784	784	784	-8	-8	3	1	0
12327	177	9	1	1	Theme	-8	thing	3	Theme		-1	-8	10	was	[9, 10]	['was', 'more']	24	164	216	216	216	216	192	192	192	192	-8	-8	3	0	0
12328	177	9	1	1	Theme	-8	thing	3	Theme		-1	-8	10	was	[9, 10]	['was', 'more']	25	80	0	0	0	0	200	316	316	316	-8	-8	3	1	0
12329	177	9	1	1	Theme	-8	thing	3	Theme		-1	-8	10	was	[9, 10]	['was', 'more']	27	87	312	312	312	312	140	140	140	140	-8	-8	3	0	0
12330	177	9	1	1	Theme	-8	thing	3	Theme		-1	-8	10	was	[9, 10]	['was', 'more']	28	4	0	0	0	0	264	264	264	440	-8	-8	3	1	0
12331	177	9	1	1	Theme	-8	thing	3	Theme		-1	-8	10	was	[9, 10]	['was', 'more']	29	96	0	0	0	0	516	516	516	516	-8	-8	3	1	0
12332	177	9	1	1	Theme	-8	thing	3	Theme		-1	-8	10	was	[9, 10]	['was', 'more']	30	127	0	0	0	0	276	276	276	276	-8	-8	3	1	0
12333	177	9	1	1	Theme	-8	thing	3	Theme		-1	-8	10	was	[9, 10]	['was', 'more']	31	152	0	0	0	0	200	200	200	200	-8	-8	3	1	0
12334	177	9	1	1	Theme	-8	thing	3	Theme		-1	-8	10	was	[9, 10]	['was', 'more']	32	99	200	200	200	200	192	192	192	192	-8	-8	3	0	0
12337	177	9	1	1	Theme	-8	thing	3	Theme		-1	-8	10	was	[9, 10]	['was', 'more']	35	165	168	168	168	168	160	160	160	160	-8	-8	3	0	0
12339	177	9	1	1	Theme	-8	thing	3	Theme		-1	-8	10	was	[9, 10]	['was', 'more']	37	185	0	0	0	0	152	652	652	652	-8	-8	3	1	0
12340	177	9	1	1	Theme	-8	thing	3	Theme		-1	-8	10	was	[9, 10]	['was', 'more']	38	149	0	0	0	0	296	296	296	296	-8	-8	3	1	0
12344	177	9	1	1	Theme	-8	thing	3	Theme		-1	-8	10	was	[9, 10]	['was', 'more']	42	2	0	0	0	0	396	396	396	764	-8	-8	3	1	0
12345	177	9	1	1	Theme	-8	thing	3	Theme		-1	-8	10	was	[9, 10]	['was', 'more']	43	191	104	104	104	104	208	208	208	208	-8	-8	3	0	0
12351	178	1	1	1	Theme	-1	truck	2	Theme		-1	-1	3	was	[2]	['was']	6	52	0	0	0	0	116	116	116	116	-1	-1	3	1	0
12352	178	1	1	1	Theme	-1	truck	2	Theme		-1	-1	3	was	[2]	['was']	7	49	0	0	0	0	156	156	156	156	-1	-1	3	1	0
12353	178	1	1	1	Theme	-1	truck	2	Theme		-1	-1	3	was	[2]	['was']	8	137	140	140	140	140	152	152	152	152	-1	-1	3	0	0
12354	178	1	1	1	Theme	-1	truck	2	Theme		-1	-1	3	was	[2]	['was']	10	181	104	104	104	104	152	152	152	152	-1	-1	3	0	0
12355	178	1	1	1	Theme	-1	truck	2	Theme		-1	-1	3	was	[2]	['was']	11	73	188	384	384	384	216	216	216	216	-1	-1	3	0	0
12356	178	1	1	1	Theme	-1	truck	2	Theme		-1	-1	3	was	[2]	['was']	12	85	248	248	248	248	164	164	164	164	-1	-1	3	0	0
12357	178	1	1	1	Theme	-1	truck	2	Theme		-1	-1	3	was	[2]	['was']	13	110	0	0	0	0	196	196	196	196	-1	-1	3	1	0
12360	178	1	1	1	Theme	-1	truck	2	Theme		-1	-1	3	was	[2]	['was']	16	23	192	192	192	192	164	164	164	164	-1	-1	3	0	0
12361	178	1	1	1	Theme	-1	truck	2	Theme		-1	-1	3	was	[2]	['was']	18	78	0	0	0	0	236	236	236	236	-1	-1	3	1	0
12362	178	1	1	1	Theme	-1	truck	2	Theme		-1	-1	3	was	[2]	['was']	19	19	0	0	0	0	172	172	172	172	-1	-1	3	1	0
12366	178	1	1	1	Theme	-1	truck	2	Theme		-1	-1	3	was	[2]	['was']	23	90	156	156	156	156	116	116	116	116	-1	-1	3	0	0
12367	178	1	1	1	Theme	-1	truck	2	Theme		-1	-1	3	was	[2]	['was']	24	103	0	0	0	0	168	168	168	168	-1	-1	3	1	0
12368	178	1	1	1	Theme	-1	truck	2	Theme		-1	-1	3	was	[2]	['was']	25	84	0	0	0	0	188	188	188	188	-1	-1	3	1	0
12369	178	1	1	1	Theme	-1	truck	2	Theme		-1	-1	3	was	[2]	['was']	27	29	0	0	0	0	236	236	236	236	-1	-1	3	1	0
12371	178	1	1	1	Theme	-1	truck	2	Theme		-1	-1	3	was	[2]	['was']	29	199	0	0	0	0	184	184	184	184	-1	-1	3	1	0
12372	178	1	1	1	Theme	-1	truck	2	Theme		-1	-1	3	was	[2]	['was']	30	3	0	0	0	0	240	240	240	432	-1	-1	3	1	0
12375	178	1	1	1	Theme	-1	truck	2	Theme		-1	-1	3	was	[2]	['was']	33	193	0	0	0	0	248	248	368	548	-1	-1	3	1	0
12379	178	1	1	1	Theme	-1	truck	2	Theme		-1	-1	3	was	[2]	['was']	37	1	216	216	216	216	140	140	288	320	-1	-1	3	0	0
12380	178	1	1	1	Theme	-1	truck	2	Theme		-1	-1	3	was	[2]	['was']	38	156	0	0	0	0	184	184	184	184	-1	-1	3	1	0
12385	178	1	1	1	Theme	-1	truck	2	Theme		-1	-1	3	was	[2]	['was']	43	176	0	0	0	0	140	140	140	140	-1	-1	3	1	0
12426	181	1	1	1	Agent	-1	We	1	Agent		-1	-1	3	talk	[2, 3]	['talk', 'about']	1	64	184	184	184	184	132	132	132	132	-1	-1	4	0	0
12427	181	1	1	1	Agent	-1	We	1	Agent		-1	-1	3	talk	[2, 3]	['talk', 'about']	2	180	164	164	164	164	160	160	160	160	-1	-1	4	0	0
12428	181	1	1	1	Agent	-1	We	1	Agent		-1	-1	3	talk	[2, 3]	['talk', 'about']	3	37	152	152	152	152	124	252	252	252	-1	-1	4	0	0
12429	181	1	1	1	Agent	-1	We	1	Agent		-1	-1	3	talk	[2, 3]	['talk', 'about']	4	1	292	292	292	292	208	208	208	208	-1	-1	4	0	0
12431	181	1	1	1	Agent	-1	We	1	Agent		-1	-1	3	talk	[2, 3]	['talk', 'about']	6	197	248	248	248	248	108	108	108	108	-1	-1	4	0	0
12432	181	1	1	1	Agent	-1	We	1	Agent		-1	-1	3	talk	[2, 3]	['talk', 'about']	7	131	0	0	0	0	140	140	140	140	-1	-1	4	1	0
12433	181	1	1	1	Agent	-1	We	1	Agent		-1	-1	3	talk	[2, 3]	['talk', 'about']	8	106	180	180	180	180	176	176	176	176	-1	-1	4	0	0
12434	181	1	1	1	Agent	-1	We	1	Agent		-1	-1	3	talk	[2, 3]	['talk', 'about']	10	188	144	144	144	144	168	168	168	168	-1	-1	4	0	0
12435	181	1	1	1	Agent	-1	We	1	Agent		-1	-1	3	talk	[2, 3]	['talk', 'about']	11	36	148	148	148	148	236	236	236	236	-1	-1	4	0	0
12436	181	1	1	1	Agent	-1	We	1	Agent		-1	-1	3	talk	[2, 3]	['talk', 'about']	12	12	0	0	0	0	156	156	156	156	-1	-1	4	1	0
12438	181	1	1	1	Agent	-1	We	1	Agent		-1	-1	3	talk	[2, 3]	['talk', 'about']	14	143	128	128	128	128	148	148	376	604	-1	-1	4	0	0
12440	181	1	1	1	Agent	-1	We	1	Agent		-1	-1	3	talk	[2, 3]	['talk', 'about']	16	19	184	184	184	184	116	116	116	116	-1	-1	4	0	0
12441	181	1	1	1	Agent	-1	We	1	Agent		-1	-1	3	talk	[2, 3]	['talk', 'about']	17	141	148	148	148	148	124	124	124	124	-1	-1	4	0	0
12443	181	1	1	1	Agent	-1	We	1	Agent		-1	-1	3	talk	[2, 3]	['talk', 'about']	19	106	168	168	168	168	92	92	92	92	-1	-1	4	0	0
12444	181	1	1	1	Agent	-1	We	1	Agent		-1	-1	3	talk	[2, 3]	['talk', 'about']	20	3	272	272	272	272	208	208	208	208	-1	-1	4	0	0
12445	181	1	1	1	Agent	-1	We	1	Agent		-1	-1	3	talk	[2, 3]	['talk', 'about']	21	195	216	216	216	456	124	124	124	124	-1	-1	4	0	0
12446	181	1	1	1	Agent	-1	We	1	Agent		-1	-1	3	talk	[2, 3]	['talk', 'about']	22	136	236	236	236	236	200	200	200	200	-1	-1	4	0	0
12447	181	1	1	1	Agent	-1	We	1	Agent		-1	-1	3	talk	[2, 3]	['talk', 'about']	23	24	260	260	260	260	232	468	468	468	-1	-1	4	0	0
12448	181	1	1	1	Agent	-1	We	1	Agent		-1	-1	3	talk	[2, 3]	['talk', 'about']	24	35	168	168	168	168	172	172	172	172	-1	-1	4	0	0
12449	181	1	1	1	Agent	-1	We	1	Agent		-1	-1	3	talk	[2, 3]	['talk', 'about']	25	99	140	140	140	140	160	160	160	160	-1	-1	4	0	0
12451	181	1	1	1	Agent	-1	We	1	Agent		-1	-1	3	talk	[2, 3]	['talk', 'about']	28	147	184	184	184	184	208	324	544	776	-1	-1	4	0	0
12453	181	1	1	1	Agent	-1	We	1	Agent		-1	-1	3	talk	[2, 3]	['talk', 'about']	30	168	232	728	728	728	216	216	216	216	-1	-1	4	0	0
12455	181	1	1	1	Agent	-1	We	1	Agent		-1	-1	3	talk	[2, 3]	['talk', 'about']	32	119	208	208	208	208	216	216	216	216	-1	-1	4	0	0
12456	181	1	1	1	Agent	-1	We	1	Agent		-1	-1	3	talk	[2, 3]	['talk', 'about']	33	45	128	128	128	128	232	232	232	232	-1	-1	4	0	0
12457	181	1	1	1	Agent	-1	We	1	Agent		-1	-1	3	talk	[2, 3]	['talk', 'about']	34	164	152	152	152	152	188	188	188	188	-1	-1	4	0	0
12458	181	1	1	1	Agent	-1	We	1	Agent		-1	-1	3	talk	[2, 3]	['talk', 'about']	35	63	0	0	0	0	152	152	152	152	-1	-1	4	1	0
12459	181	1	1	1	Agent	-1	We	1	Agent		-1	-1	3	talk	[2, 3]	['talk', 'about']	36	139	0	0	0	0	176	176	176	176	-1	-1	4	1	0
12460	181	1	1	1	Agent	-1	We	1	Agent		-1	-1	3	talk	[2, 3]	['talk', 'about']	37	167	184	184	184	184	116	116	116	116	-1	-1	4	0	0
12461	181	1	1	1	Agent	-1	We	1	Agent		-1	-1	3	talk	[2, 3]	['talk', 'about']	38	35	188	188	188	188	200	200	200	200	-1	-1	4	0	0
12462	181	1	1	1	Agent	-1	We	1	Agent		-1	-1	3	talk	[2, 3]	['talk', 'about']	39	104	0	0	0	0	160	160	160	460	-1	-1	4	1	0
12466	181	1	1	1	Agent	-1	We	1	Agent		-1	-1	3	talk	[2, 3]	['talk', 'about']	43	65	160	160	160	160	120	120	120	120	-1	-1	4	0	0
12467	181	4	1	0	Agent	-1	people	7	Agent		-1	-1	8	talk	[7, 8, 9]	['talk', 'about', 'on']	1	64	188	188	188	188	192	192	192	192	-1	-1	4	0	0
12468	181	4	1	0	Agent	-1	people	7	Agent		-1	-1	8	talk	[7, 8, 9]	['talk', 'about', 'on']	2	180	0	0	0	0	172	172	172	172	-1	-1	4	1	0
12469	181	4	1	0	Agent	-1	people	7	Agent		-1	-1	8	talk	[7, 8, 9]	['talk', 'about', 'on']	3	37	196	196	196	196	152	152	152	152	-1	-1	4	0	0
12470	181	4	1	0	Agent	-1	people	7	Agent		-1	-1	8	talk	[7, 8, 9]	['talk', 'about', 'on']	4	1	0	0	0	0	260	260	260	260	-1	-1	4	1	0
12471	181	4	1	0	Agent	-1	people	7	Agent		-1	-1	8	talk	[7, 8, 9]	['talk', 'about', 'on']	5	134	0	0	0	0	248	248	248	248	-1	-1	4	1	0
12473	181	4	1	0	Agent	-1	people	7	Agent		-1	-1	8	talk	[7, 8, 9]	['talk', 'about', 'on']	7	131	0	0	0	0	144	144	144	144	-1	-1	4	1	0
12474	181	4	1	0	Agent	-1	people	7	Agent		-1	-1	8	talk	[7, 8, 9]	['talk', 'about', 'on']	8	106	224	224	224	224	204	204	204	204	-1	-1	4	0	0
12475	181	4	1	0	Agent	-1	people	7	Agent		-1	-1	8	talk	[7, 8, 9]	['talk', 'about', 'on']	10	188	0	0	0	0	140	300	300	300	-1	-1	4	1	0
12476	181	4	1	0	Agent	-1	people	7	Agent		-1	-1	8	talk	[7, 8, 9]	['talk', 'about', 'on']	11	36	144	144	144	144	136	136	136	136	-1	-1	4	0	0
12477	181	4	1	0	Agent	-1	people	7	Agent		-1	-1	8	talk	[7, 8, 9]	['talk', 'about', 'on']	12	12	0	0	0	0	208	208	208	208	-1	-1	4	1	0
12478	181	4	1	0	Agent	-1	people	7	Agent		-1	-1	8	talk	[7, 8, 9]	['talk', 'about', 'on']	13	159	0	0	0	0	312	312	312	312	-1	-1	4	1	0
12479	181	4	1	0	Agent	-1	people	7	Agent		-1	-1	8	talk	[7, 8, 9]	['talk', 'about', 'on']	14	143	212	212	212	212	168	168	168	168	-1	-1	4	0	0
12480	181	4	1	0	Agent	-1	people	7	Agent		-1	-1	8	talk	[7, 8, 9]	['talk', 'about', 'on']	15	48	0	0	0	0	120	120	120	120	-1	-1	4	1	0
12481	181	4	1	0	Agent	-1	people	7	Agent		-1	-1	8	talk	[7, 8, 9]	['talk', 'about', 'on']	16	19	108	108	296	440	136	136	136	136	-1	-1	4	0	0
12482	181	4	1	0	Agent	-1	people	7	Agent		-1	-1	8	talk	[7, 8, 9]	['talk', 'about', 'on']	17	141	272	272	272	272	144	144	144	144	-1	-1	4	0	0
12483	181	4	1	0	Agent	-1	people	7	Agent		-1	-1	8	talk	[7, 8, 9]	['talk', 'about', 'on']	18	121	0	0	0	0	164	164	164	164	-1	-1	4	1	0
12484	181	4	1	0	Agent	-1	people	7	Agent		-1	-1	8	talk	[7, 8, 9]	['talk', 'about', 'on']	19	106	124	124	124	124	204	204	204	204	-1	-1	4	0	0
12485	181	4	1	0	Agent	-1	people	7	Agent		-1	-1	8	talk	[7, 8, 9]	['talk', 'about', 'on']	20	3	0	0	0	0	244	244	244	244	-1	-1	4	1	0
12486	181	4	1	0	Agent	-1	people	7	Agent		-1	-1	8	talk	[7, 8, 9]	['talk', 'about', 'on']	21	195	0	0	0	0	152	152	152	152	-1	-1	4	1	0
12487	181	4	1	0	Agent	-1	people	7	Agent		-1	-1	8	talk	[7, 8, 9]	['talk', 'about', 'on']	22	136	0	0	0	0	272	272	272	272	-1	-1	4	1	0
12488	181	4	1	0	Agent	-1	people	7	Agent		-1	-1	8	talk	[7, 8, 9]	['talk', 'about', 'on']	23	24	168	168	168	168	188	188	188	188	-1	-1	4	0	0
12489	181	4	1	0	Agent	-1	people	7	Agent		-1	-1	8	talk	[7, 8, 9]	['talk', 'about', 'on']	24	35	0	0	0	0	184	184	184	184	-1	-1	4	1	0
12490	181	4	1	0	Agent	-1	people	7	Agent		-1	-1	8	talk	[7, 8, 9]	['talk', 'about', 'on']	25	99	0	0	0	0	184	184	184	312	-1	-1	4	1	0
12491	181	4	1	0	Agent	-1	people	7	Agent		-1	-1	8	talk	[7, 8, 9]	['talk', 'about', 'on']	27	68	208	208	208	208	168	168	168	168	-1	-1	4	0	0
12492	181	4	1	0	Agent	-1	people	7	Agent		-1	-1	8	talk	[7, 8, 9]	['talk', 'about', 'on']	28	147	148	148	148	148	484	484	484	484	-1	-1	4	0	0
12493	181	4	1	0	Agent	-1	people	7	Agent		-1	-1	8	talk	[7, 8, 9]	['talk', 'about', 'on']	29	76	0	0	0	0	248	248	248	248	-1	-1	4	1	0
12494	181	4	1	0	Agent	-1	people	7	Agent		-1	-1	8	talk	[7, 8, 9]	['talk', 'about', 'on']	30	168	0	0	0	0	512	636	636	996	-1	-1	4	1	0
12496	181	4	1	0	Agent	-1	people	7	Agent		-1	-1	8	talk	[7, 8, 9]	['talk', 'about', 'on']	32	119	372	372	372	372	284	284	284	284	-1	-1	4	0	0
12497	181	4	1	0	Agent	-1	people	7	Agent		-1	-1	8	talk	[7, 8, 9]	['talk', 'about', 'on']	33	45	164	164	164	164	192	192	192	192	-1	-1	4	0	0
12499	181	4	1	0	Agent	-1	people	7	Agent		-1	-1	8	talk	[7, 8, 9]	['talk', 'about', 'on']	35	63	0	0	0	0	144	144	144	144	-1	-1	4	1	0
12501	181	4	1	0	Agent	-1	people	7	Agent		-1	-1	8	talk	[7, 8, 9]	['talk', 'about', 'on']	37	167	232	232	232	232	148	148	148	148	-1	-1	4	0	0
12502	181	4	1	0	Agent	-1	people	7	Agent		-1	-1	8	talk	[7, 8, 9]	['talk', 'about', 'on']	38	35	0	0	0	0	184	184	184	184	-1	-1	4	1	0
12503	181	4	1	0	Agent	-1	people	7	Agent		-1	-1	8	talk	[7, 8, 9]	['talk', 'about', 'on']	39	104	0	0	0	0	136	136	136	136	-1	-1	4	1	0
12505	181	4	1	0	Agent	-1	people	7	Agent		-1	-1	8	talk	[7, 8, 9]	['talk', 'about', 'on']	41	27	0	0	0	0	184	184	184	184	-1	-1	4	1	0
12506	181	4	1	0	Agent	-1	people	7	Agent		-1	-1	8	talk	[7, 8, 9]	['talk', 'about', 'on']	42	50	0	0	0	0	156	156	156	156	-1	-1	4	1	0
12507	181	4	1	0	Agent	-1	people	7	Agent		-1	-1	8	talk	[7, 8, 9]	['talk', 'about', 'on']	43	65	132	132	132	132	188	188	188	188	-1	-1	4	0	0
12508	182	3	2	1	Agent	-1	you	3	Causer	Why	1	-3	4	tell	[3]	['tell']	1	22	152	152	152	152	132	132	132	132	-1	-3	4	0	0
12510	182	3	2	1	Agent	-1	you	3	Causer	Why	1	-3	4	tell	[3]	['tell']	3	18	152	252	396	732	140	140	140	140	-1	-3	4	0	0
12513	182	3	2	1	Agent	-1	you	3	Causer	Why	1	-3	4	tell	[3]	['tell']	6	182	152	152	152	152	140	140	140	140	-1	-3	4	0	0
12515	182	3	2	1	Agent	-1	you	3	Causer	Why	1	-3	4	tell	[3]	['tell']	8	74	144	144	144	144	136	136	136	136	-1	-3	4	0	0
12516	182	3	2	1	Agent	-1	you	3	Causer	Why	1	-3	4	tell	[3]	['tell']	9	15	128	128	248	460	80	80	80	80	-1	-3	4	0	0
12523	182	3	2	1	Agent	-1	you	3	Causer	Why	1	-3	4	tell	[3]	['tell']	16	8	196	196	196	196	140	140	140	140	-1	-3	4	0	0
12525	182	3	2	1	Agent	-1	you	3	Causer	Why	1	-3	4	tell	[3]	['tell']	18	144	0	0	0	0	168	168	168	168	-1	-3	4	1	0
12530	182	3	2	1	Agent	-1	you	3	Causer	Why	1	-3	4	tell	[3]	['tell']	23	86	224	224	224	224	188	188	188	188	-1	-3	4	0	0
12536	182	3	2	1	Agent	-1	you	3	Causer	Why	1	-3	4	tell	[3]	['tell']	30	174	216	216	216	216	116	116	116	116	-1	-3	4	0	0
12537	182	3	2	1	Agent	-1	you	3	Causer	Why	1	-3	4	tell	[3]	['tell']	31	91	0	0	0	0	136	136	136	136	-1	-3	4	1	0
12540	182	3	2	1	Agent	-1	you	3	Causer	Why	1	-3	4	tell	[3]	['tell']	34	79	188	188	188	188	152	152	152	152	-1	-3	4	0	0
12543	182	3	2	1	Agent	-1	you	3	Causer	Why	1	-3	4	tell	[3]	['tell']	37	98	176	176	176	176	196	196	196	196	-1	-3	4	0	0
12547	182	3	2	1	Agent	-1	you	3	Causer	Why	1	-3	4	tell	[3]	['tell']	41	55	0	0	0	0	160	160	160	160	-1	-3	4	1	0
12592	183	1	1	3	Agent	-1	Emma	1	Agent		-1	-1	2	put	[1]	['put']	1	43	356	356	356	356	132	300	300	300	-1	-1	3	0	0
12593	183	1	1	3	Agent	-1	Emma	1	Agent		-1	-1	2	put	[1]	['put']	2	125	184	184	184	184	108	108	108	108	-1	-1	3	0	0
12594	183	1	1	3	Agent	-1	Emma	1	Agent		-1	-1	2	put	[1]	['put']	3	194	184	184	184	184	136	136	136	136	-1	-1	3	0	0
12595	183	1	1	3	Agent	-1	Emma	1	Agent		-1	-1	2	put	[1]	['put']	4	89	148	148	148	148	160	160	160	160	-1	-1	3	0	0
12599	183	1	1	3	Agent	-1	Emma	1	Agent		-1	-1	2	put	[1]	['put']	8	83	248	248	412	536	164	164	336	536	-1	-1	3	0	0
12601	183	1	1	3	Agent	-1	Emma	1	Agent		-1	-1	2	put	[1]	['put']	11	56	160	160	160	160	156	156	156	156	-1	-1	3	0	0
12603	183	1	1	3	Agent	-1	Emma	1	Agent		-1	-1	2	put	[1]	['put']	13	62	188	188	188	188	152	152	152	152	-1	-1	3	0	0
12604	183	1	1	3	Agent	-1	Emma	1	Agent		-1	-1	2	put	[1]	['put']	14	57	220	220	220	324	132	132	132	132	-1	-1	3	0	0
12606	183	1	1	3	Agent	-1	Emma	1	Agent		-1	-1	2	put	[1]	['put']	16	138	180	180	180	180	200	352	352	352	-1	-1	3	0	0
12607	183	1	1	3	Agent	-1	Emma	1	Agent		-1	-1	2	put	[1]	['put']	17	95	156	156	156	156	208	208	208	208	-1	-1	3	0	0
12608	183	1	1	3	Agent	-1	Emma	1	Agent		-1	-1	2	put	[1]	['put']	18	47	0	0	0	0	200	200	200	200	-1	-1	3	1	0
12609	183	1	1	3	Agent	-1	Emma	1	Agent		-1	-1	2	put	[1]	['put']	19	87	180	180	180	180	196	196	196	196	-1	-1	3	0	0
12611	183	1	1	3	Agent	-1	Emma	1	Agent		-1	-1	2	put	[1]	['put']	21	108	220	220	220	220	72	72	212	408	-1	-1	3	0	0
12612	183	1	1	3	Agent	-1	Emma	1	Agent		-1	-1	2	put	[1]	['put']	22	172	184	184	184	184	568	568	568	568	-1	-1	3	0	0
12613	183	1	1	3	Agent	-1	Emma	1	Agent		-1	-1	2	put	[1]	['put']	23	71	284	284	284	284	160	160	160	160	-1	-1	3	0	0
12614	183	1	1	3	Agent	-1	Emma	1	Agent		-1	-1	2	put	[1]	['put']	24	154	352	352	352	352	236	236	236	236	-1	-1	3	0	0
12615	183	1	1	3	Agent	-1	Emma	1	Agent		-1	-1	2	put	[1]	['put']	25	152	264	372	372	504	152	152	152	152	-1	-1	3	0	0
12616	183	1	1	3	Agent	-1	Emma	1	Agent		-1	-1	2	put	[1]	['put']	27	63	252	252	444	604	248	248	248	248	-1	-1	3	0	0
12617	183	1	1	3	Agent	-1	Emma	1	Agent		-1	-1	2	put	[1]	['put']	28	109	240	240	240	240	364	364	364	364	-1	-1	3	0	0
12618	183	1	1	3	Agent	-1	Emma	1	Agent		-1	-1	2	put	[1]	['put']	29	168	0	0	0	0	144	144	144	280	-1	-1	3	1	0
12619	183	1	1	3	Agent	-1	Emma	1	Agent		-1	-1	2	put	[1]	['put']	30	202	228	228	228	228	312	312	312	312	-1	-1	3	0	0
12620	183	1	1	3	Agent	-1	Emma	1	Agent		-1	-1	2	put	[1]	['put']	31	159	92	92	92	92	184	184	184	184	-1	-1	3	0	0
12621	183	1	1	3	Agent	-1	Emma	1	Agent		-1	-1	2	put	[1]	['put']	32	204	188	188	188	188	180	180	180	180	-1	-1	3	0	0
12622	183	1	1	3	Agent	-1	Emma	1	Agent		-1	-1	2	put	[1]	['put']	33	78	68	260	260	260	168	168	168	168	-1	-1	3	0	0
12623	183	1	1	3	Agent	-1	Emma	1	Agent		-1	-1	2	put	[1]	['put']	34	173	192	192	192	192	176	176	176	176	-1	-1	3	0	0
12626	183	1	1	3	Agent	-1	Emma	1	Agent		-1	-1	2	put	[1]	['put']	37	42	208	488	488	488	132	132	132	132	-1	-1	3	0	0
12627	183	1	1	3	Agent	-1	Emma	1	Agent		-1	-1	2	put	[1]	['put']	38	111	260	260	260	472	176	176	176	176	-1	-1	3	0	0
12629	183	1	1	3	Agent	-1	Emma	1	Agent		-1	-1	2	put	[1]	['put']	40	61	256	256	500	628	152	152	152	152	-1	-1	3	0	0
12631	183	1	1	3	Agent	-1	Emma	1	Agent		-1	-1	2	put	[1]	['put']	42	85	208	208	208	320	236	236	236	236	-1	-1	3	0	0
12632	183	1	1	3	Agent	-1	Emma	1	Agent		-1	-1	2	put	[1]	['put']	43	179	0	0	0	0	144	144	144	144	-1	-1	3	1	0
12637	185	2	1	1	Agent	-2	Bruce	1	Agent		-1	-2	3	looking	[2, 3]	['looking', 'for']	5	202	80	80	80	80	168	168	168	168	-2	-2	7	0	0
12640	185	2	1	1	Agent	-2	Bruce	1	Agent		-1	-2	3	looking	[2, 3]	['looking', 'for']	8	147	140	140	140	140	228	228	228	308	-2	-2	7	0	0
12642	185	2	1	1	Agent	-2	Bruce	1	Agent		-1	-2	3	looking	[2, 3]	['looking', 'for']	11	34	92	92	92	92	168	168	168	168	-2	-2	7	0	0
12644	185	2	1	1	Agent	-2	Bruce	1	Agent		-1	-2	3	looking	[2, 3]	['looking', 'for']	13	188	228	228	228	228	256	256	256	256	-2	-2	7	0	0
12645	185	2	1	1	Agent	-2	Bruce	1	Agent		-1	-2	3	looking	[2, 3]	['looking', 'for']	14	92	216	216	216	216	168	168	168	328	-2	-2	7	0	0
12647	185	2	1	1	Agent	-2	Bruce	1	Agent		-1	-2	3	looking	[2, 3]	['looking', 'for']	16	184	140	292	292	292	152	152	152	152	-2	-2	7	0	0
12650	185	2	1	1	Agent	-2	Bruce	1	Agent		-1	-2	3	looking	[2, 3]	['looking', 'for']	19	198	160	160	160	160	68	68	68	68	-2	-2	7	0	0
12652	185	2	1	1	Agent	-2	Bruce	1	Agent		-1	-2	3	looking	[2, 3]	['looking', 'for']	21	81	128	128	128	128	116	116	116	116	-2	-2	7	0	0
12653	185	2	1	1	Agent	-2	Bruce	1	Agent		-1	-2	3	looking	[2, 3]	['looking', 'for']	22	98	144	144	144	144	152	152	152	152	-2	-2	7	0	0
12654	185	2	1	1	Agent	-2	Bruce	1	Agent		-1	-2	3	looking	[2, 3]	['looking', 'for']	23	181	0	0	0	0	176	176	176	176	-2	-2	7	1	0
12655	185	2	1	1	Agent	-2	Bruce	1	Agent		-1	-2	3	looking	[2, 3]	['looking', 'for']	24	52	180	180	180	180	128	128	128	128	-2	-2	7	0	0
12657	185	2	1	1	Agent	-2	Bruce	1	Agent		-1	-2	3	looking	[2, 3]	['looking', 'for']	27	160	156	156	156	156	212	212	212	212	-2	-2	7	0	0
12660	185	2	1	1	Agent	-2	Bruce	1	Agent		-1	-2	3	looking	[2, 3]	['looking', 'for']	30	103	228	228	228	228	124	124	124	124	-2	-2	7	0	0
12662	185	2	1	1	Agent	-2	Bruce	1	Agent		-1	-2	3	looking	[2, 3]	['looking', 'for']	32	126	252	252	252	528	264	264	264	416	-2	-2	7	0	0
12665	185	2	1	1	Agent	-2	Bruce	1	Agent		-1	-2	3	looking	[2, 3]	['looking', 'for']	35	184	152	152	152	152	140	140	140	140	-2	-2	7	0	0
12667	185	2	1	1	Agent	-2	Bruce	1	Agent		-1	-2	3	looking	[2, 3]	['looking', 'for']	37	137	132	260	260	260	152	152	152	152	-2	-2	7	0	0
12672	185	2	1	1	Agent	-2	Bruce	1	Agent		-1	-2	3	looking	[2, 3]	['looking', 'for']	42	55	112	112	112	112	228	228	228	228	-2	-2	7	0	0
12675	185	4	1	2	Agent	-1	someone	5	Agent		-1	-1	7	take	[6]	['take']	2	4	0	0	0	0	164	164	164	260	-1	-1	4	1	0
12676	185	4	1	2	Agent	-1	someone	5	Agent		-1	-1	7	take	[6]	['take']	3	29	184	184	184	184	160	160	160	160	-1	-1	4	0	0
12681	185	4	1	2	Agent	-1	someone	5	Agent		-1	-1	7	take	[6]	['take']	8	147	148	148	148	148	176	176	176	176	-1	-1	4	0	0
12683	185	4	1	2	Agent	-1	someone	5	Agent		-1	-1	7	take	[6]	['take']	11	34	0	0	0	0	132	132	132	132	-1	-1	4	1	0
12685	185	4	1	2	Agent	-1	someone	5	Agent		-1	-1	7	take	[6]	['take']	13	188	0	0	0	0	176	176	176	176	-1	-1	4	1	0
12686	185	4	1	2	Agent	-1	someone	5	Agent		-1	-1	7	take	[6]	['take']	14	92	188	188	188	188	168	168	168	168	-1	-1	4	0	0
12688	185	4	1	2	Agent	-1	someone	5	Agent		-1	-1	7	take	[6]	['take']	16	184	200	200	200	200	172	172	172	172	-1	-1	4	0	0
12690	185	4	1	2	Agent	-1	someone	5	Agent		-1	-1	7	take	[6]	['take']	18	52	0	0	0	0	208	208	208	208	-1	-1	4	1	0
12693	185	4	1	2	Agent	-1	someone	5	Agent		-1	-1	7	take	[6]	['take']	21	81	156	156	156	156	124	124	124	124	-1	-1	4	0	0
12695	185	4	1	2	Agent	-1	someone	5	Agent		-1	-1	7	take	[6]	['take']	23	181	380	380	380	380	252	252	252	252	-1	-1	4	0	0
12696	185	4	1	2	Agent	-1	someone	5	Agent		-1	-1	7	take	[6]	['take']	24	52	180	180	180	180	176	176	176	400	-1	-1	4	0	0
12706	185	4	1	2	Agent	-1	someone	5	Agent		-1	-1	7	take	[6]	['take']	35	184	0	0	0	0	160	160	160	160	-1	-1	4	1	0
12708	185	4	1	2	Agent	-1	someone	5	Agent		-1	-1	7	take	[6]	['take']	37	137	168	168	168	168	224	224	224	224	-1	-1	4	0	0
12710	185	4	1	2	Agent	-1	someone	5	Agent		-1	-1	7	take	[6]	['take']	39	138	0	0	0	0	172	172	172	172	-1	-1	4	1	0
12711	185	4	1	2	Agent	-1	someone	5	Agent		-1	-1	7	take	[6]	['take']	40	192	0	0	0	0	152	152	152	320	-1	-1	4	1	0
12712	185	4	1	2	Agent	-1	someone	5	Agent		-1	-1	7	take	[6]	['take']	41	181	0	0	0	0	252	252	252	452	-1	-1	4	1	0
12713	185	4	1	2	Agent	-1	someone	5	Agent		-1	-1	7	take	[6]	['take']	42	55	0	0	0	0	388	388	388	388	-1	-1	4	1	0
12714	185	4	1	2	Agent	-1	someone	5	Agent		-1	-1	7	take	[6]	['take']	43	69	240	240	240	240	132	132	132	132	-1	-1	4	0	0
12715	186	3	2	1	Agent	-1	we	4	Theme	moment	3	-2	5	leave	[4]	['leave']	1	76	0	0	0	0	192	192	192	192	-1	-2	5	1	0
12716	186	3	2	1	Agent	-1	we	4	Theme	moment	3	-2	5	leave	[4]	['leave']	2	118	220	220	220	220	192	192	192	192	-1	-2	5	0	0
12717	186	3	2	1	Agent	-1	we	4	Theme	moment	3	-2	5	leave	[4]	['leave']	3	93	148	148	148	148	236	344	344	344	-1	-2	5	0	0
12718	186	3	2	1	Agent	-1	we	4	Theme	moment	3	-2	5	leave	[4]	['leave']	4	188	148	296	296	296	172	172	172	172	-1	-2	5	0	0
12719	186	3	2	1	Agent	-1	we	4	Theme	moment	3	-2	5	leave	[4]	['leave']	5	189	0	0	0	0	192	192	192	192	-1	-2	5	1	0
12721	186	3	2	1	Agent	-1	we	4	Theme	moment	3	-2	5	leave	[4]	['leave']	7	43	208	208	316	528	128	128	128	128	-1	-2	5	0	0
12722	186	3	2	1	Agent	-1	we	4	Theme	moment	3	-2	5	leave	[4]	['leave']	8	182	212	212	212	212	228	228	228	228	-1	-2	5	0	0
12724	186	3	2	1	Agent	-1	we	4	Theme	moment	3	-2	5	leave	[4]	['leave']	11	15	160	160	160	160	236	236	236	236	-1	-2	5	0	0
12725	186	3	2	1	Agent	-1	we	4	Theme	moment	3	-2	5	leave	[4]	['leave']	12	47	132	260	260	260	240	240	240	240	-1	-2	5	0	0
12726	186	3	2	1	Agent	-1	we	4	Theme	moment	3	-2	5	leave	[4]	['leave']	13	166	0	0	0	0	220	220	220	220	-1	-2	5	1	0
12729	186	3	2	1	Agent	-1	we	4	Theme	moment	3	-2	5	leave	[4]	['leave']	16	91	144	144	144	144	148	304	304	304	-1	-2	5	0	0
12731	186	3	2	1	Agent	-1	we	4	Theme	moment	3	-2	5	leave	[4]	['leave']	18	29	0	0	0	0	336	336	336	336	-1	-2	5	1	0
12732	186	3	2	1	Agent	-1	we	4	Theme	moment	3	-2	5	leave	[4]	['leave']	19	125	0	0	0	0	20	20	244	956	-1	-2	5	1	0
12734	186	3	2	1	Agent	-1	we	4	Theme	moment	3	-2	5	leave	[4]	['leave']	21	37	64	64	64	324	172	172	172	368	-1	-2	5	0	0
12735	186	3	2	1	Agent	-1	we	4	Theme	moment	3	-2	5	leave	[4]	['leave']	22	48	216	216	336	552	240	240	240	240	-1	-2	5	0	0
12736	186	3	2	1	Agent	-1	we	4	Theme	moment	3	-2	5	leave	[4]	['leave']	23	39	244	420	420	420	196	196	196	196	-1	-2	5	0	0
12737	186	3	2	1	Agent	-1	we	4	Theme	moment	3	-2	5	leave	[4]	['leave']	24	165	156	156	156	156	172	312	312	312	-1	-2	5	0	0
12740	186	3	2	1	Agent	-1	we	4	Theme	moment	3	-2	5	leave	[4]	['leave']	28	196	220	220	220	352	392	392	392	392	-1	-2	5	0	0
12742	186	3	2	1	Agent	-1	we	4	Theme	moment	3	-2	5	leave	[4]	['leave']	30	148	184	184	184	184	288	288	288	288	-1	-2	5	0	0
12744	186	3	2	1	Agent	-1	we	4	Theme	moment	3	-2	5	leave	[4]	['leave']	32	4	248	248	248	352	240	240	240	240	-1	-2	5	0	0
12745	186	3	2	1	Agent	-1	we	4	Theme	moment	3	-2	5	leave	[4]	['leave']	33	195	0	0	0	0	260	284	284	284	-1	-2	5	1	0
12746	186	3	2	1	Agent	-1	we	4	Theme	moment	3	-2	5	leave	[4]	['leave']	34	198	0	0	0	0	172	172	172	172	-1	-2	5	1	0
12747	186	3	2	1	Agent	-1	we	4	Theme	moment	3	-2	5	leave	[4]	['leave']	35	8	160	160	160	160	204	204	204	204	-1	-2	5	0	0
12749	186	3	2	1	Agent	-1	we	4	Theme	moment	3	-2	5	leave	[4]	['leave']	37	43	168	168	168	284	168	288	288	288	-1	-2	5	0	0
12751	186	3	2	1	Agent	-1	we	4	Theme	moment	3	-2	5	leave	[4]	['leave']	39	98	0	0	0	0	16	16	140	508	-1	-2	5	1	0
12754	186	3	2	1	Agent	-1	we	4	Theme	moment	3	-2	5	leave	[4]	['leave']	42	34	144	144	144	144	148	316	316	316	-1	-2	5	0	0
12755	186	3	2	1	Agent	-1	we	4	Theme	moment	3	-2	5	leave	[4]	['leave']	43	101	276	276	276	276	252	252	252	252	-1	-2	5	0	0
12756	186	6	1	1	Agent	-6		-1	Agent		-1	-6	8	be	[7]	['be']	1	76	212	212	212	212	224	224	224	224	-6	-6	2	0	0
12757	186	6	1	1	Agent	-6		-1	Agent		-1	-6	8	be	[7]	['be']	2	118	0	0	0	0	204	204	204	252	-6	-6	2	1	0
12758	186	6	1	1	Agent	-6		-1	Agent		-1	-6	8	be	[7]	['be']	3	93	0	0	0	0	156	544	544	652	-6	-6	2	1	0
12759	186	6	1	1	Agent	-6		-1	Agent		-1	-6	8	be	[7]	['be']	4	188	0	0	0	0	196	196	196	196	-6	-6	2	1	0
12760	186	6	1	1	Agent	-6		-1	Agent		-1	-6	8	be	[7]	['be']	5	189	0	0	0	0	244	244	244	244	-6	-6	2	1	0
12761	186	6	1	1	Agent	-6		-1	Agent		-1	-6	8	be	[7]	['be']	6	1	0	0	0	0	200	200	200	200	-6	-6	2	1	0
12763	186	6	1	1	Agent	-6		-1	Agent		-1	-6	8	be	[7]	['be']	8	182	0	0	0	0	236	236	236	236	-6	-6	2	1	0
12764	186	6	1	1	Agent	-6		-1	Agent		-1	-6	8	be	[7]	['be']	10	94	0	0	0	0	140	140	140	140	-6	-6	2	1	0
12765	186	6	1	1	Agent	-6		-1	Agent		-1	-6	8	be	[7]	['be']	11	15	0	0	0	0	372	372	372	372	-6	-6	2	1	0
12766	186	6	1	1	Agent	-6		-1	Agent		-1	-6	8	be	[7]	['be']	12	47	0	0	0	0	276	276	276	276	-6	-6	2	1	0
12767	186	6	1	1	Agent	-6		-1	Agent		-1	-6	8	be	[7]	['be']	13	166	0	0	0	0	236	236	236	236	-6	-6	2	1	0
12768	186	6	1	1	Agent	-6		-1	Agent		-1	-6	8	be	[7]	['be']	14	66	0	0	0	0	228	228	228	360	-6	-6	2	1	0
12770	186	6	1	1	Agent	-6		-1	Agent		-1	-6	8	be	[7]	['be']	16	91	172	172	172	172	148	404	404	404	-6	-6	2	0	0
12771	186	6	1	1	Agent	-6		-1	Agent		-1	-6	8	be	[7]	['be']	17	43	0	0	0	0	204	204	204	204	-6	-6	2	1	0
12772	186	6	1	1	Agent	-6		-1	Agent		-1	-6	8	be	[7]	['be']	18	29	0	0	0	0	220	220	220	220	-6	-6	2	1	0
12774	186	6	1	1	Agent	-6		-1	Agent		-1	-6	8	be	[7]	['be']	20	202	0	0	0	0	160	160	160	160	-6	-6	2	1	0
12775	186	6	1	1	Agent	-6		-1	Agent		-1	-6	8	be	[7]	['be']	21	37	0	0	0	0	180	180	180	180	-6	-6	2	1	0
12776	186	6	1	1	Agent	-6		-1	Agent		-1	-6	8	be	[7]	['be']	22	48	0	0	0	0	384	384	384	384	-6	-6	2	1	0
12777	186	6	1	1	Agent	-6		-1	Agent		-1	-6	8	be	[7]	['be']	23	39	0	0	0	0	220	428	428	428	-6	-6	2	1	0
12778	186	6	1	1	Agent	-6		-1	Agent		-1	-6	8	be	[7]	['be']	24	165	0	0	0	0	156	156	156	156	-6	-6	2	1	0
12779	186	6	1	1	Agent	-6		-1	Agent		-1	-6	8	be	[7]	['be']	25	123	0	0	0	0	228	228	228	228	-6	-6	2	1	0
12780	186	6	1	1	Agent	-6		-1	Agent		-1	-6	8	be	[7]	['be']	27	53	296	296	296	476	168	168	168	168	-6	-6	2	0	0
12781	186	6	1	1	Agent	-6		-1	Agent		-1	-6	8	be	[7]	['be']	28	196	0	0	0	0	156	156	156	288	-6	-6	2	1	0
12782	186	6	1	1	Agent	-6		-1	Agent		-1	-6	8	be	[7]	['be']	29	190	0	0	0	0	196	392	392	392	-6	-6	2	1	0
12783	186	6	1	1	Agent	-6		-1	Agent		-1	-6	8	be	[7]	['be']	30	148	0	0	0	0	192	736	736	736	-6	-6	2	1	0
12784	186	6	1	1	Agent	-6		-1	Agent		-1	-6	8	be	[7]	['be']	31	156	0	0	0	0	64	64	64	64	-6	-6	2	1	0
12785	186	6	1	1	Agent	-6		-1	Agent		-1	-6	8	be	[7]	['be']	32	4	0	0	0	0	236	668	668	668	-6	-6	2	1	0
12786	186	6	1	1	Agent	-6		-1	Agent		-1	-6	8	be	[7]	['be']	33	195	88	88	88	88	36	36	36	36	-6	-6	2	0	0
12790	186	6	1	1	Agent	-6		-1	Agent		-1	-6	8	be	[7]	['be']	37	43	120	120	120	120	172	172	172	172	-6	-6	2	0	0
12791	186	6	1	1	Agent	-6		-1	Agent		-1	-6	8	be	[7]	['be']	38	163	0	0	0	0	360	360	360	360	-6	-6	2	1	0
12792	186	6	1	1	Agent	-6		-1	Agent		-1	-6	8	be	[7]	['be']	39	98	148	148	148	148	108	108	108	108	-6	-6	2	0	0
12795	186	6	1	1	Agent	-6		-1	Agent		-1	-6	8	be	[7]	['be']	42	34	0	0	0	0	156	156	156	156	-6	-6	2	1	0
12796	186	6	1	1	Agent	-6		-1	Agent		-1	-6	8	be	[7]	['be']	43	101	196	196	196	196	260	260	260	260	-6	-6	2	0	0
12839	187	1	1	2	Agent	-1	He	1	Agent		-1	-1	2	knocked	[1, 2]	['knocked', 'on']	2	143	224	324	324	324	92	92	92	92	-1	-1	7	0	0
12840	187	1	1	2	Agent	-1	He	1	Agent		-1	-1	2	knocked	[1, 2]	['knocked', 'on']	3	117	236	416	416	416	300	300	300	300	-1	-1	7	0	0
12844	187	1	1	2	Agent	-1	He	1	Agent		-1	-1	2	knocked	[1, 2]	['knocked', 'on']	7	205	224	224	224	224	64	64	64	64	-1	-1	7	0	0
12845	187	1	1	2	Agent	-1	He	1	Agent		-1	-1	2	knocked	[1, 2]	['knocked', 'on']	8	115	172	172	172	172	168	168	168	168	-1	-1	7	0	0
12847	187	1	1	2	Agent	-1	He	1	Agent		-1	-1	2	knocked	[1, 2]	['knocked', 'on']	11	181	148	148	148	148	148	148	148	148	-1	-1	7	0	0
12848	187	1	1	2	Agent	-1	He	1	Agent		-1	-1	2	knocked	[1, 2]	['knocked', 'on']	12	181	220	220	220	428	136	136	136	136	-1	-1	7	0	0
12849	187	1	1	2	Agent	-1	He	1	Agent		-1	-1	2	knocked	[1, 2]	['knocked', 'on']	13	182	148	148	148	148	292	292	292	292	-1	-1	7	0	0
12854	187	1	1	2	Agent	-1	He	1	Agent		-1	-1	2	knocked	[1, 2]	['knocked', 'on']	18	37	0	0	0	0	156	156	156	156	-1	-1	7	1	0
12858	187	1	1	2	Agent	-1	He	1	Agent		-1	-1	2	knocked	[1, 2]	['knocked', 'on']	22	190	16	3480	3656	3976	188	188	188	188	-1	-1	7	0	0
12859	187	1	1	2	Agent	-1	He	1	Agent		-1	-1	2	knocked	[1, 2]	['knocked', 'on']	23	189	284	428	428	428	168	168	168	168	-1	-1	7	0	0
12861	187	1	1	2	Agent	-1	He	1	Agent		-1	-1	2	knocked	[1, 2]	['knocked', 'on']	25	132	152	308	308	308	120	120	120	120	-1	-1	7	0	0
12863	187	1	1	2	Agent	-1	He	1	Agent		-1	-1	2	knocked	[1, 2]	['knocked', 'on']	28	108	244	244	244	244	400	400	400	400	-1	-1	7	0	0
12865	187	1	1	2	Agent	-1	He	1	Agent		-1	-1	2	knocked	[1, 2]	['knocked', 'on']	30	58	256	496	496	496	196	196	196	196	-1	-1	7	0	0
12867	187	1	1	2	Agent	-1	He	1	Agent		-1	-1	2	knocked	[1, 2]	['knocked', 'on']	32	49	180	328	328	328	244	244	244	244	-1	-1	7	0	0
12869	187	1	1	2	Agent	-1	He	1	Agent		-1	-1	2	knocked	[1, 2]	['knocked', 'on']	34	205	188	188	188	188	172	172	172	172	-1	-1	7	0	0
12877	187	1	1	2	Agent	-1	He	1	Agent		-1	-1	2	knocked	[1, 2]	['knocked', 'on']	42	36	436	436	436	436	144	144	144	144	-1	-1	7	0	0
12887	187	7	2	1	Degree	-1	almost	10	Agent	he	9	-2	11	broke	[10]	['broke']	10	190	0	0	0	0	192	192	192	192	-1	-2	5	1	0
12892	187	7	2	1	Degree	-1	almost	10	Agent	he	9	-2	11	broke	[10]	['broke']	15	90	0	0	0	0	260	952	952	1492	-1	-2	5	1	0
12893	187	7	2	1	Degree	-1	almost	10	Agent	he	9	-2	11	broke	[10]	['broke']	16	112	148	148	148	148	172	172	172	172	-1	-2	5	0	0
12897	187	7	2	1	Degree	-1	almost	10	Agent	he	9	-2	11	broke	[10]	['broke']	20	8	184	184	184	184	152	152	152	152	-1	-2	5	0	0
12900	187	7	2	1	Degree	-1	almost	10	Agent	he	9	-2	11	broke	[10]	['broke']	23	189	0	0	0	0	344	344	344	344	-1	-2	5	1	0
12902	187	7	2	1	Degree	-1	almost	10	Agent	he	9	-2	11	broke	[10]	['broke']	25	132	0	0	0	0	252	252	252	368	-1	-2	5	1	0
12904	187	7	2	1	Degree	-1	almost	10	Agent	he	9	-2	11	broke	[10]	['broke']	28	108	0	0	0	0	184	184	184	184	-1	-2	5	1	0
12915	187	7	2	1	Degree	-1	almost	10	Agent	he	9	-2	11	broke	[10]	['broke']	39	73	0	0	0	0	528	528	528	528	-1	-2	5	1	0
12918	187	7	2	1	Degree	-1	almost	10	Agent	he	9	-2	11	broke	[10]	['broke']	42	36	116	116	116	116	264	264	264	956	-1	-2	5	0	0
12920	188	1	1	2	Agent	-1	He	1	Agent		-1	-1	2	let	[1]	['let']	1	84	368	368	368	368	228	228	228	228	-1	-1	3	0	0
12921	188	1	1	2	Agent	-1	He	1	Agent		-1	-1	2	let	[1]	['let']	2	153	0	0	0	0	204	204	204	452	-1	-1	3	1	0
12922	188	1	1	2	Agent	-1	He	1	Agent		-1	-1	2	let	[1]	['let']	3	205	412	412	412	412	140	352	352	352	-1	-1	3	0	0
12923	188	1	1	2	Agent	-1	He	1	Agent		-1	-1	2	let	[1]	['let']	4	122	0	0	0	0	248	248	508	660	-1	-1	3	1	0
12925	188	1	1	2	Agent	-1	He	1	Agent		-1	-1	2	let	[1]	['let']	6	3	72	232	232	232	188	188	188	188	-1	-1	3	0	0
12926	188	1	1	2	Agent	-1	He	1	Agent		-1	-1	2	let	[1]	['let']	7	59	0	0	0	0	224	224	224	344	-1	-1	3	1	0
12927	188	1	1	2	Agent	-1	He	1	Agent		-1	-1	2	let	[1]	['let']	8	163	428	428	428	428	144	144	144	144	-1	-1	3	0	0
12928	188	1	1	2	Agent	-1	He	1	Agent		-1	-1	2	let	[1]	['let']	10	89	72	72	72	72	128	276	276	276	-1	-1	3	0	0
12929	188	1	1	2	Agent	-1	He	1	Agent		-1	-1	2	let	[1]	['let']	11	92	180	180	180	180	192	340	340	340	-1	-1	3	0	0
12930	188	1	1	2	Agent	-1	He	1	Agent		-1	-1	2	let	[1]	['let']	12	100	0	0	0	0	248	400	708	1024	-1	-1	3	1	0
12931	188	1	1	2	Agent	-1	He	1	Agent		-1	-1	2	let	[1]	['let']	13	18	204	204	204	204	208	208	208	208	-1	-1	3	0	0
12932	188	1	1	2	Agent	-1	He	1	Agent		-1	-1	2	let	[1]	['let']	14	3	256	420	420	420	320	480	480	480	-1	-1	3	0	0
12933	188	1	1	2	Agent	-1	He	1	Agent		-1	-1	2	let	[1]	['let']	15	161	36	36	36	36	252	252	252	252	-1	-1	3	0	0
12935	188	1	1	2	Agent	-1	He	1	Agent		-1	-1	2	let	[1]	['let']	17	152	164	164	164	164	252	252	252	252	-1	-1	3	0	0
12936	188	1	1	2	Agent	-1	He	1	Agent		-1	-1	2	let	[1]	['let']	18	188	276	276	276	276	160	160	160	160	-1	-1	3	0	0
12937	188	1	1	2	Agent	-1	He	1	Agent		-1	-1	2	let	[1]	['let']	19	38	272	272	272	272	172	172	332	544	-1	-1	3	0	0
12938	188	1	1	2	Agent	-1	He	1	Agent		-1	-1	2	let	[1]	['let']	20	56	0	0	0	0	136	136	356	720	-1	-1	3	1	0
12939	188	1	1	2	Agent	-1	He	1	Agent		-1	-1	2	let	[1]	['let']	21	80	232	232	232	232	136	136	136	136	-1	-1	3	0	0
12940	188	1	1	2	Agent	-1	He	1	Agent		-1	-1	2	let	[1]	['let']	22	147	24	444	444	444	336	336	336	336	-1	-1	3	0	0
12941	188	1	1	2	Agent	-1	He	1	Agent		-1	-1	2	let	[1]	['let']	23	192	124	292	292	292	720	720	720	1544	-1	-1	3	0	0
12943	188	1	1	2	Agent	-1	He	1	Agent		-1	-1	2	let	[1]	['let']	25	90	0	0	0	0	228	308	308	472	-1	-1	3	1	0
12944	188	1	1	2	Agent	-1	He	1	Agent		-1	-1	2	let	[1]	['let']	27	202	324	324	324	324	268	268	268	268	-1	-1	3	0	0
12947	188	1	1	2	Agent	-1	He	1	Agent		-1	-1	2	let	[1]	['let']	30	8	504	504	504	652	336	720	720	720	-1	-1	3	0	0
12948	188	1	1	2	Agent	-1	He	1	Agent		-1	-1	2	let	[1]	['let']	31	14	228	228	228	228	212	264	264	264	-1	-1	3	0	0
12949	188	1	1	2	Agent	-1	He	1	Agent		-1	-1	2	let	[1]	['let']	32	111	184	184	184	184	200	200	200	420	-1	-1	3	0	0
12950	188	1	1	2	Agent	-1	He	1	Agent		-1	-1	2	let	[1]	['let']	33	161	116	152	152	152	140	140	140	140	-1	-1	3	0	0
12951	188	1	1	2	Agent	-1	He	1	Agent		-1	-1	2	let	[1]	['let']	34	95	0	0	0	0	228	400	400	400	-1	-1	3	1	0
12952	188	1	1	2	Agent	-1	He	1	Agent		-1	-1	2	let	[1]	['let']	35	127	232	232	232	232	132	492	492	492	-1	-1	3	0	0
12953	188	1	1	2	Agent	-1	He	1	Agent		-1	-1	2	let	[1]	['let']	36	197	0	0	0	0	152	152	152	152	-1	-1	3	1	0
12954	188	1	1	2	Agent	-1	He	1	Agent		-1	-1	2	let	[1]	['let']	37	199	232	232	232	232	212	212	212	212	-1	-1	3	0	0
12955	188	1	1	2	Agent	-1	He	1	Agent		-1	-1	2	let	[1]	['let']	38	51	168	168	168	168	216	216	216	216	-1	-1	3	0	0
12957	188	1	1	2	Agent	-1	He	1	Agent		-1	-1	2	let	[1]	['let']	40	57	296	424	424	424	136	136	268	768	-1	-1	3	0	0
12959	188	1	1	2	Agent	-1	He	1	Agent		-1	-1	2	let	[1]	['let']	42	67	76	300	300	300	144	144	144	144	-1	-1	3	0	0
12960	188	1	1	2	Agent	-1	He	1	Agent		-1	-1	2	let	[1]	['let']	43	9	0	0	0	0	292	292	488	644	-1	-1	3	1	0
12961	188	4	1	0	Theme	-1	Donald	3	Theme		-1	-1	4	go	[3, 4]	['go', 'and']	1	84	424	424	424	424	312	312	312	312	-1	-1	2	0	0
12963	188	4	1	0	Theme	-1	Donald	3	Theme		-1	-1	4	go	[3, 4]	['go', 'and']	3	205	0	0	0	0	300	300	300	300	-1	-1	2	1	0
12964	188	4	1	0	Theme	-1	Donald	3	Theme		-1	-1	4	go	[3, 4]	['go', 'and']	4	122	0	0	0	0	208	208	208	208	-1	-1	2	1	0
12965	188	4	1	0	Theme	-1	Donald	3	Theme		-1	-1	4	go	[3, 4]	['go', 'and']	5	147	0	0	0	0	176	176	176	748	-1	-1	2	1	0
12966	188	4	1	0	Theme	-1	Donald	3	Theme		-1	-1	4	go	[3, 4]	['go', 'and']	6	3	0	0	0	0	136	136	136	136	-1	-1	2	1	0
12967	188	4	1	0	Theme	-1	Donald	3	Theme		-1	-1	4	go	[3, 4]	['go', 'and']	7	59	0	0	0	0	156	156	156	156	-1	-1	2	1	0
12969	188	4	1	0	Theme	-1	Donald	3	Theme		-1	-1	4	go	[3, 4]	['go', 'and']	10	89	204	204	204	204	112	112	112	112	-1	-1	2	0	0
12970	188	4	1	0	Theme	-1	Donald	3	Theme		-1	-1	4	go	[3, 4]	['go', 'and']	11	92	160	160	160	160	160	160	160	160	-1	-1	2	0	0
12972	188	4	1	0	Theme	-1	Donald	3	Theme		-1	-1	4	go	[3, 4]	['go', 'and']	13	18	0	0	0	0	180	180	180	180	-1	-1	2	1	0
12973	188	4	1	0	Theme	-1	Donald	3	Theme		-1	-1	4	go	[3, 4]	['go', 'and']	14	3	0	0	0	0	128	128	128	128	-1	-1	2	1	0
12977	188	4	1	0	Theme	-1	Donald	3	Theme		-1	-1	4	go	[3, 4]	['go', 'and']	18	188	0	0	0	0	260	260	260	260	-1	-1	2	1	0
12978	188	4	1	0	Theme	-1	Donald	3	Theme		-1	-1	4	go	[3, 4]	['go', 'and']	19	38	392	392	392	392	120	120	120	120	-1	-1	2	0	0
12979	188	4	1	0	Theme	-1	Donald	3	Theme		-1	-1	4	go	[3, 4]	['go', 'and']	20	56	0	0	0	0	192	192	192	192	-1	-1	2	1	0
12980	188	4	1	0	Theme	-1	Donald	3	Theme		-1	-1	4	go	[3, 4]	['go', 'and']	21	80	132	132	132	132	176	176	176	176	-1	-1	2	0	0
12986	188	4	1	0	Theme	-1	Donald	3	Theme		-1	-1	4	go	[3, 4]	['go', 'and']	28	25	88	88	88	180	264	264	392	464	-1	-1	2	0	0
12987	188	4	1	0	Theme	-1	Donald	3	Theme		-1	-1	4	go	[3, 4]	['go', 'and']	29	87	0	0	0	0	132	132	132	320	-1	-1	2	1	0
12988	188	4	1	0	Theme	-1	Donald	3	Theme		-1	-1	4	go	[3, 4]	['go', 'and']	30	8	248	248	248	248	420	420	420	420	-1	-1	2	0	0
12989	188	4	1	0	Theme	-1	Donald	3	Theme		-1	-1	4	go	[3, 4]	['go', 'and']	31	14	0	0	0	0	172	172	172	172	-1	-1	2	1	0
12990	188	4	1	0	Theme	-1	Donald	3	Theme		-1	-1	4	go	[3, 4]	['go', 'and']	32	111	380	380	380	380	164	164	164	164	-1	-1	2	0	0
12992	188	4	1	0	Theme	-1	Donald	3	Theme		-1	-1	4	go	[3, 4]	['go', 'and']	34	95	0	0	0	0	200	200	200	200	-1	-1	2	1	0
12993	188	4	1	0	Theme	-1	Donald	3	Theme		-1	-1	4	go	[3, 4]	['go', 'and']	35	127	0	0	0	0	196	196	196	196	-1	-1	2	1	0
12995	188	4	1	0	Theme	-1	Donald	3	Theme		-1	-1	4	go	[3, 4]	['go', 'and']	37	199	116	116	116	116	140	140	140	140	-1	-1	2	0	0
13000	188	4	1	0	Theme	-1	Donald	3	Theme		-1	-1	4	go	[3, 4]	['go', 'and']	42	67	0	0	0	0	160	160	160	272	-1	-1	2	1	0
13001	188	4	1	0	Theme	-1	Donald	3	Theme		-1	-1	4	go	[3, 4]	['go', 'and']	43	9	0	0	0	0	136	136	136	136	-1	-1	2	1	0
13004	188	6	1	2	Theme	-1	he	6	Theme		-1	-1	7	fell	[6, 7]	['fell', 'to']	3	205	280	280	280	280	188	188	188	188	-1	-1	4	0	0
13006	188	6	1	2	Theme	-1	he	6	Theme		-1	-1	7	fell	[6, 7]	['fell', 'to']	5	147	0	0	0	0	244	244	244	244	-1	-1	4	1	0
13021	188	6	1	2	Theme	-1	he	6	Theme		-1	-1	7	fell	[6, 7]	['fell', 'to']	21	80	156	156	156	156	148	148	148	148	-1	-1	4	0	0
13024	188	6	1	2	Theme	-1	he	6	Theme		-1	-1	7	fell	[6, 7]	['fell', 'to']	24	2	0	0	0	0	144	144	144	1404	-1	-1	4	1	0
13027	188	6	1	2	Theme	-1	he	6	Theme		-1	-1	7	fell	[6, 7]	['fell', 'to']	28	25	196	196	196	196	212	400	400	400	-1	-1	4	0	0
13028	188	6	1	2	Theme	-1	he	6	Theme		-1	-1	7	fell	[6, 7]	['fell', 'to']	29	87	0	0	0	0	208	208	208	296	-1	-1	4	1	0
13029	188	6	1	2	Theme	-1	he	6	Theme		-1	-1	7	fell	[6, 7]	['fell', 'to']	30	8	0	0	0	0	368	368	368	368	-1	-1	4	1	0
13030	188	6	1	2	Theme	-1	he	6	Theme		-1	-1	7	fell	[6, 7]	['fell', 'to']	31	14	0	0	0	0	140	140	140	220	-1	-1	4	1	0
13036	188	6	1	2	Theme	-1	he	6	Theme		-1	-1	7	fell	[6, 7]	['fell', 'to']	37	199	200	200	200	200	196	196	196	196	-1	-1	4	0	0
13038	188	6	1	2	Theme	-1	he	6	Theme		-1	-1	7	fell	[6, 7]	['fell', 'to']	39	195	368	688	688	688	100	100	100	100	-1	-1	4	0	0
13039	188	6	1	2	Theme	-1	he	6	Theme		-1	-1	7	fell	[6, 7]	['fell', 'to']	40	57	228	228	228	228	156	156	156	156	-1	-1	4	0	0
13043	189	1	1	0	Agent	-1	He	1	Agent		-1	-1	2	smiled	[1, 2, 3]	['smiled', 'again', 'and']	1	58	116	116	116	116	168	168	168	168	-1	-1	6	0	0
13044	189	1	1	0	Agent	-1	He	1	Agent		-1	-1	2	smiled	[1, 2, 3]	['smiled', 'again', 'and']	2	75	148	148	148	148	132	132	132	132	-1	-1	6	0	0
13045	189	1	1	0	Agent	-1	He	1	Agent		-1	-1	2	smiled	[1, 2, 3]	['smiled', 'again', 'and']	3	200	268	540	540	540	148	148	148	148	-1	-1	6	0	0
13046	189	1	1	0	Agent	-1	He	1	Agent		-1	-1	2	smiled	[1, 2, 3]	['smiled', 'again', 'and']	4	82	388	388	388	388	156	308	308	308	-1	-1	6	0	0
13047	189	1	1	0	Agent	-1	He	1	Agent		-1	-1	2	smiled	[1, 2, 3]	['smiled', 'again', 'and']	5	21	224	224	224	224	76	76	76	272	-1	-1	6	0	0
13048	189	1	1	0	Agent	-1	He	1	Agent		-1	-1	2	smiled	[1, 2, 3]	['smiled', 'again', 'and']	6	199	0	0	0	0	240	240	240	240	-1	-1	6	1	0
13049	189	1	1	0	Agent	-1	He	1	Agent		-1	-1	2	smiled	[1, 2, 3]	['smiled', 'again', 'and']	7	61	120	120	120	120	80	80	80	80	-1	-1	6	0	0
13050	189	1	1	0	Agent	-1	He	1	Agent		-1	-1	2	smiled	[1, 2, 3]	['smiled', 'again', 'and']	8	97	312	312	312	312	188	188	188	188	-1	-1	6	0	0
13051	189	1	1	0	Agent	-1	He	1	Agent		-1	-1	2	smiled	[1, 2, 3]	['smiled', 'again', 'and']	10	36	380	380	380	380	156	156	156	156	-1	-1	6	0	0
13052	189	1	1	0	Agent	-1	He	1	Agent		-1	-1	2	smiled	[1, 2, 3]	['smiled', 'again', 'and']	11	184	160	160	160	160	176	176	176	176	-1	-1	6	0	0
13053	189	1	1	0	Agent	-1	He	1	Agent		-1	-1	2	smiled	[1, 2, 3]	['smiled', 'again', 'and']	12	171	248	392	392	392	140	140	140	140	-1	-1	6	0	0
13054	189	1	1	0	Agent	-1	He	1	Agent		-1	-1	2	smiled	[1, 2, 3]	['smiled', 'again', 'and']	13	146	212	212	212	212	216	216	216	216	-1	-1	6	0	0
13055	189	1	1	0	Agent	-1	He	1	Agent		-1	-1	2	smiled	[1, 2, 3]	['smiled', 'again', 'and']	14	158	252	252	252	252	200	200	200	200	-1	-1	6	0	0
13057	189	1	1	0	Agent	-1	He	1	Agent		-1	-1	2	smiled	[1, 2, 3]	['smiled', 'again', 'and']	16	132	264	424	424	424	192	336	336	336	-1	-1	6	0	0
13058	189	1	1	0	Agent	-1	He	1	Agent		-1	-1	2	smiled	[1, 2, 3]	['smiled', 'again', 'and']	17	9	152	152	152	152	140	140	140	140	-1	-1	6	0	0
13059	189	1	1	0	Agent	-1	He	1	Agent		-1	-1	2	smiled	[1, 2, 3]	['smiled', 'again', 'and']	18	173	280	280	280	280	172	172	172	172	-1	-1	6	0	0
13061	189	1	1	0	Agent	-1	He	1	Agent		-1	-1	2	smiled	[1, 2, 3]	['smiled', 'again', 'and']	20	14	228	396	396	396	160	160	160	160	-1	-1	6	0	0
13062	189	1	1	0	Agent	-1	He	1	Agent		-1	-1	2	smiled	[1, 2, 3]	['smiled', 'again', 'and']	21	52	0	0	0	0	224	224	224	412	-1	-1	6	1	0
13063	189	1	1	0	Agent	-1	He	1	Agent		-1	-1	2	smiled	[1, 2, 3]	['smiled', 'again', 'and']	22	164	260	444	444	444	156	156	156	156	-1	-1	6	0	0
13064	189	1	1	0	Agent	-1	He	1	Agent		-1	-1	2	smiled	[1, 2, 3]	['smiled', 'again', 'and']	23	109	284	284	284	284	260	260	260	260	-1	-1	6	0	0
13065	189	1	1	0	Agent	-1	He	1	Agent		-1	-1	2	smiled	[1, 2, 3]	['smiled', 'again', 'and']	24	115	308	308	308	308	196	196	196	196	-1	-1	6	0	0
13066	189	1	1	0	Agent	-1	He	1	Agent		-1	-1	2	smiled	[1, 2, 3]	['smiled', 'again', 'and']	25	191	192	548	548	548	200	200	200	200	-1	-1	6	0	0
13067	189	1	1	0	Agent	-1	He	1	Agent		-1	-1	2	smiled	[1, 2, 3]	['smiled', 'again', 'and']	27	30	228	404	404	404	164	164	164	164	-1	-1	6	0	0
13069	189	1	1	0	Agent	-1	He	1	Agent		-1	-1	2	smiled	[1, 2, 3]	['smiled', 'again', 'and']	29	80	0	0	0	0	240	240	396	624	-1	-1	6	1	0
13070	189	1	1	0	Agent	-1	He	1	Agent		-1	-1	2	smiled	[1, 2, 3]	['smiled', 'again', 'and']	30	54	432	432	432	432	200	200	200	200	-1	-1	6	0	0
13071	189	1	1	0	Agent	-1	He	1	Agent		-1	-1	2	smiled	[1, 2, 3]	['smiled', 'again', 'and']	31	165	152	152	152	152	156	156	156	156	-1	-1	6	0	0
13072	189	1	1	0	Agent	-1	He	1	Agent		-1	-1	2	smiled	[1, 2, 3]	['smiled', 'again', 'and']	32	69	160	160	160	160	252	252	252	252	-1	-1	6	0	0
13073	189	1	1	0	Agent	-1	He	1	Agent		-1	-1	2	smiled	[1, 2, 3]	['smiled', 'again', 'and']	33	35	116	240	240	240	148	148	148	148	-1	-1	6	0	0
13075	189	1	1	0	Agent	-1	He	1	Agent		-1	-1	2	smiled	[1, 2, 3]	['smiled', 'again', 'and']	35	106	176	176	176	176	168	168	168	168	-1	-1	6	0	0
13077	189	1	1	0	Agent	-1	He	1	Agent		-1	-1	2	smiled	[1, 2, 3]	['smiled', 'again', 'and']	37	73	40	196	196	196	180	180	180	180	-1	-1	6	0	0
13078	189	1	1	0	Agent	-1	He	1	Agent		-1	-1	2	smiled	[1, 2, 3]	['smiled', 'again', 'and']	38	8	308	308	308	308	232	232	232	232	-1	-1	6	0	0
13079	189	1	1	0	Agent	-1	He	1	Agent		-1	-1	2	smiled	[1, 2, 3]	['smiled', 'again', 'and']	39	70	104	340	340	340	176	176	176	176	-1	-1	6	0	0
13081	189	1	1	0	Agent	-1	He	1	Agent		-1	-1	2	smiled	[1, 2, 3]	['smiled', 'again', 'and']	41	21	0	0	0	0	236	236	388	600	-1	-1	6	1	0
13082	189	1	1	0	Agent	-1	He	1	Agent		-1	-1	2	smiled	[1, 2, 3]	['smiled', 'again', 'and']	42	129	0	0	0	0	148	148	148	148	-1	-1	6	1	0
13083	189	1	1	0	Agent	-1	He	1	Agent		-1	-1	2	smiled	[1, 2, 3]	['smiled', 'again', 'and']	43	201	108	108	108	108	112	112	112	112	-1	-1	6	0	0
13084	189	3	1	1	Experiencer	-3	He	1	Experiencer		-1	-3	5	felt	[4, 5]	['felt', 'like']	1	58	128	128	128	128	256	256	256	256	-3	-3	4	0	0
13085	189	3	1	1	Experiencer	-3	He	1	Experiencer		-1	-3	5	felt	[4, 5]	['felt', 'like']	2	75	252	252	252	252	60	60	60	60	-3	-3	4	0	0
13086	189	3	1	1	Experiencer	-3	He	1	Experiencer		-1	-3	5	felt	[4, 5]	['felt', 'like']	3	200	132	132	132	132	220	220	220	220	-3	-3	4	0	0
13087	189	3	1	1	Experiencer	-3	He	1	Experiencer		-1	-3	5	felt	[4, 5]	['felt', 'like']	4	82	200	200	200	200	256	256	256	256	-3	-3	4	0	0
13088	189	3	1	1	Experiencer	-3	He	1	Experiencer		-1	-3	5	felt	[4, 5]	['felt', 'like']	5	21	164	164	164	164	160	160	160	160	-3	-3	4	0	0
13089	189	3	1	1	Experiencer	-3	He	1	Experiencer		-1	-3	5	felt	[4, 5]	['felt', 'like']	6	199	0	0	0	0	116	116	116	116	-3	-3	4	1	0
13091	189	3	1	1	Experiencer	-3	He	1	Experiencer		-1	-3	5	felt	[4, 5]	['felt', 'like']	8	97	192	192	192	192	180	180	180	180	-3	-3	4	0	0
13092	189	3	1	1	Experiencer	-3	He	1	Experiencer		-1	-3	5	felt	[4, 5]	['felt', 'like']	10	36	124	124	124	124	144	144	144	144	-3	-3	4	0	0
13093	189	3	1	1	Experiencer	-3	He	1	Experiencer		-1	-3	5	felt	[4, 5]	['felt', 'like']	11	184	160	160	160	160	136	136	136	136	-3	-3	4	0	0
13094	189	3	1	1	Experiencer	-3	He	1	Experiencer		-1	-3	5	felt	[4, 5]	['felt', 'like']	12	171	328	328	328	328	120	120	120	120	-3	-3	4	0	0
13096	189	3	1	1	Experiencer	-3	He	1	Experiencer		-1	-3	5	felt	[4, 5]	['felt', 'like']	14	158	156	156	156	156	140	452	452	452	-3	-3	4	0	0
13097	189	3	1	1	Experiencer	-3	He	1	Experiencer		-1	-3	5	felt	[4, 5]	['felt', 'like']	15	188	0	0	0	0	140	140	140	140	-3	-3	4	1	0
13098	189	3	1	1	Experiencer	-3	He	1	Experiencer		-1	-3	5	felt	[4, 5]	['felt', 'like']	16	132	144	144	144	144	216	216	216	216	-3	-3	4	0	0
13099	189	3	1	1	Experiencer	-3	He	1	Experiencer		-1	-3	5	felt	[4, 5]	['felt', 'like']	17	9	160	160	160	160	160	160	160	160	-3	-3	4	0	0
13101	189	3	1	1	Experiencer	-3	He	1	Experiencer		-1	-3	5	felt	[4, 5]	['felt', 'like']	19	109	168	168	168	168	152	152	152	152	-3	-3	4	0	0
13103	189	3	1	1	Experiencer	-3	He	1	Experiencer		-1	-3	5	felt	[4, 5]	['felt', 'like']	21	52	156	156	156	156	140	140	140	140	-3	-3	4	0	0
13104	189	3	1	1	Experiencer	-3	He	1	Experiencer		-1	-3	5	felt	[4, 5]	['felt', 'like']	22	164	204	204	204	204	160	160	160	160	-3	-3	4	0	0
13105	189	3	1	1	Experiencer	-3	He	1	Experiencer		-1	-3	5	felt	[4, 5]	['felt', 'like']	23	109	220	220	220	220	212	212	212	212	-3	-3	4	0	0
13106	189	3	1	1	Experiencer	-3	He	1	Experiencer		-1	-3	5	felt	[4, 5]	['felt', 'like']	24	115	280	280	280	280	284	284	284	284	-3	-3	4	0	0
13107	189	3	1	1	Experiencer	-3	He	1	Experiencer		-1	-3	5	felt	[4, 5]	['felt', 'like']	25	191	156	156	384	548	172	172	172	172	-3	-3	4	0	0
13108	189	3	1	1	Experiencer	-3	He	1	Experiencer		-1	-3	5	felt	[4, 5]	['felt', 'like']	27	30	172	172	172	172	148	148	148	148	-3	-3	4	0	0
13110	189	3	1	1	Experiencer	-3	He	1	Experiencer		-1	-3	5	felt	[4, 5]	['felt', 'like']	29	80	216	216	216	216	272	272	272	428	-3	-3	4	0	0
13111	189	3	1	1	Experiencer	-3	He	1	Experiencer		-1	-3	5	felt	[4, 5]	['felt', 'like']	30	54	292	528	528	528	316	316	316	316	-3	-3	4	0	0
13113	189	3	1	1	Experiencer	-3	He	1	Experiencer		-1	-3	5	felt	[4, 5]	['felt', 'like']	32	69	188	384	384	384	308	308	308	308	-3	-3	4	0	0
13114	189	3	1	1	Experiencer	-3	He	1	Experiencer		-1	-3	5	felt	[4, 5]	['felt', 'like']	33	35	136	136	136	136	152	152	152	152	-3	-3	4	0	0
13115	189	3	1	1	Experiencer	-3	He	1	Experiencer		-1	-3	5	felt	[4, 5]	['felt', 'like']	34	150	152	152	152	152	160	160	160	160	-3	-3	4	0	0
13116	189	3	1	1	Experiencer	-3	He	1	Experiencer		-1	-3	5	felt	[4, 5]	['felt', 'like']	35	106	200	200	200	200	164	164	164	164	-3	-3	4	0	0
13117	189	3	1	1	Experiencer	-3	He	1	Experiencer		-1	-3	5	felt	[4, 5]	['felt', 'like']	36	130	0	0	0	0	176	176	176	176	-3	-3	4	1	0
13118	189	3	1	1	Experiencer	-3	He	1	Experiencer		-1	-3	5	felt	[4, 5]	['felt', 'like']	37	73	116	116	116	116	172	172	172	172	-3	-3	4	0	0
13119	189	3	1	1	Experiencer	-3	He	1	Experiencer		-1	-3	5	felt	[4, 5]	['felt', 'like']	38	8	204	204	204	204	148	148	148	148	-3	-3	4	0	0
13122	189	3	1	1	Experiencer	-3	He	1	Experiencer		-1	-3	5	felt	[4, 5]	['felt', 'like']	41	21	180	180	180	180	168	168	168	168	-3	-3	4	0	0
13124	189	3	1	1	Experiencer	-3	He	1	Experiencer		-1	-3	5	felt	[4, 5]	['felt', 'like']	43	201	0	0	0	0	132	132	132	132	-3	-3	4	1	0
13125	190	1	1	1	Agent	-1	He's	1	Agent		-1	-1	2	got	[1]	['got']	1	184	168	168	168	168	116	116	116	116	-1	-1	3	0	0
13126	190	1	1	1	Agent	-1	He's	1	Agent		-1	-1	2	got	[1]	['got']	2	152	0	0	0	0	152	152	152	280	-1	-1	3	1	0
13128	190	1	1	1	Agent	-1	He's	1	Agent		-1	-1	2	got	[1]	['got']	4	109	0	0	0	0	160	160	160	160	-1	-1	3	1	0
13130	190	1	1	1	Agent	-1	He's	1	Agent		-1	-1	2	got	[1]	['got']	6	161	0	0	0	0	232	232	232	232	-1	-1	3	1	0
13131	190	1	1	1	Agent	-1	He's	1	Agent		-1	-1	2	got	[1]	['got']	7	152	0	0	0	0	160	160	160	352	-1	-1	3	1	0
13132	190	1	1	1	Agent	-1	He's	1	Agent		-1	-1	2	got	[1]	['got']	8	73	240	240	396	532	132	132	132	132	-1	-1	3	0	0
13134	190	1	1	1	Agent	-1	He's	1	Agent		-1	-1	2	got	[1]	['got']	11	33	132	132	132	132	148	148	148	148	-1	-1	3	0	0
13135	190	1	1	1	Agent	-1	He's	1	Agent		-1	-1	2	got	[1]	['got']	12	19	0	0	0	0	160	160	160	160	-1	-1	3	1	0
13136	190	1	1	1	Agent	-1	He's	1	Agent		-1	-1	2	got	[1]	['got']	13	71	0	0	0	0	300	300	300	300	-1	-1	3	1	0
13137	190	1	1	1	Agent	-1	He's	1	Agent		-1	-1	2	got	[1]	['got']	14	15	0	0	0	0	72	72	196	508	-1	-1	3	1	0
13138	190	1	1	1	Agent	-1	He's	1	Agent		-1	-1	2	got	[1]	['got']	15	176	0	0	0	0	248	248	248	384	-1	-1	3	1	0
13139	190	1	1	1	Agent	-1	He's	1	Agent		-1	-1	2	got	[1]	['got']	16	190	228	228	228	228	252	252	252	252	-1	-1	3	0	0
13142	190	1	1	1	Agent	-1	He's	1	Agent		-1	-1	2	got	[1]	['got']	19	146	0	0	0	0	200	200	200	200	-1	-1	3	1	0
13143	190	1	1	1	Agent	-1	He's	1	Agent		-1	-1	2	got	[1]	['got']	20	96	56	56	56	248	228	228	228	228	-1	-1	3	0	0
13146	190	1	1	1	Agent	-1	He's	1	Agent		-1	-1	2	got	[1]	['got']	23	55	1240	1240	1240	1240	188	188	188	188	-1	-1	3	0	0
13147	190	1	1	1	Agent	-1	He's	1	Agent		-1	-1	2	got	[1]	['got']	24	172	0	0	0	0	188	188	188	188	-1	-1	3	1	0
13148	190	1	1	1	Agent	-1	He's	1	Agent		-1	-1	2	got	[1]	['got']	25	165	232	232	232	232	164	164	164	164	-1	-1	3	0	0
13149	190	1	1	1	Agent	-1	He's	1	Agent		-1	-1	2	got	[1]	['got']	27	115	0	0	0	0	212	212	212	488	-1	-1	3	1	0
13152	190	1	1	1	Agent	-1	He's	1	Agent		-1	-1	2	got	[1]	['got']	30	119	608	608	608	608	268	268	268	268	-1	-1	3	0	0
13154	190	1	1	1	Agent	-1	He's	1	Agent		-1	-1	2	got	[1]	['got']	32	53	56	56	220	416	156	156	156	156	-1	-1	3	0	0
13156	190	1	1	1	Agent	-1	He's	1	Agent		-1	-1	2	got	[1]	['got']	34	62	0	0	0	0	260	260	260	372	-1	-1	3	1	0
13159	190	1	1	1	Agent	-1	He's	1	Agent		-1	-1	2	got	[1]	['got']	37	131	136	312	312	312	172	172	172	296	-1	-1	3	0	0
13164	190	1	1	1	Agent	-1	He's	1	Agent		-1	-1	2	got	[1]	['got']	42	155	316	316	316	460	148	148	148	148	-1	-1	3	0	0
13165	190	1	1	1	Agent	-1	He's	1	Agent		-1	-1	2	got	[1]	['got']	43	52	220	220	220	304	88	88	88	88	-1	-1	3	0	0
13167	190	4	1	0	Agent	-1	ability	4	Agent		-1	-1	6	work	[5]	['work']	2	152	268	268	268	268	136	136	136	136	-1	-1	4	0	0
13168	190	4	1	0	Agent	-1	ability	4	Agent		-1	-1	6	work	[5]	['work']	3	60	144	144	144	144	216	216	216	216	-1	-1	4	0	0
13171	190	4	1	0	Agent	-1	ability	4	Agent		-1	-1	6	work	[5]	['work']	6	161	0	0	0	0	128	128	128	128	-1	-1	4	1	0
13172	190	4	1	0	Agent	-1	ability	4	Agent		-1	-1	6	work	[5]	['work']	7	152	0	0	0	0	144	144	144	144	-1	-1	4	1	0
13173	190	4	1	0	Agent	-1	ability	4	Agent		-1	-1	6	work	[5]	['work']	8	73	168	168	168	168	200	200	200	200	-1	-1	4	0	0
13177	190	4	1	0	Agent	-1	ability	4	Agent		-1	-1	6	work	[5]	['work']	13	71	0	0	0	0	180	180	180	180	-1	-1	4	1	0
13180	190	4	1	0	Agent	-1	ability	4	Agent		-1	-1	6	work	[5]	['work']	16	190	176	176	176	176	152	328	328	328	-1	-1	4	0	0
13183	190	4	1	0	Agent	-1	ability	4	Agent		-1	-1	6	work	[5]	['work']	19	146	0	0	0	0	248	248	248	248	-1	-1	4	1	0
13184	190	4	1	0	Agent	-1	ability	4	Agent		-1	-1	6	work	[5]	['work']	20	96	0	0	0	0	140	140	140	140	-1	-1	4	1	0
13186	190	4	1	0	Agent	-1	ability	4	Agent		-1	-1	6	work	[5]	['work']	22	176	296	296	296	296	248	248	248	248	-1	-1	4	0	0
13187	190	4	1	0	Agent	-1	ability	4	Agent		-1	-1	6	work	[5]	['work']	23	55	476	1316	1316	1316	76	76	76	76	-1	-1	4	0	0
13188	190	4	1	0	Agent	-1	ability	4	Agent		-1	-1	6	work	[5]	['work']	24	172	276	276	276	276	172	172	172	172	-1	-1	4	0	0
13189	190	4	1	0	Agent	-1	ability	4	Agent		-1	-1	6	work	[5]	['work']	25	165	136	136	328	544	236	236	236	236	-1	-1	4	0	0
13190	190	4	1	0	Agent	-1	ability	4	Agent		-1	-1	6	work	[5]	['work']	27	115	360	360	360	360	72	216	216	216	-1	-1	4	0	0
13191	190	4	1	0	Agent	-1	ability	4	Agent		-1	-1	6	work	[5]	['work']	28	54	224	224	224	224	220	416	416	416	-1	-1	4	0	0
13193	190	4	1	0	Agent	-1	ability	4	Agent		-1	-1	6	work	[5]	['work']	30	119	0	0	0	0	212	212	212	212	-1	-1	4	1	0
13195	190	4	1	0	Agent	-1	ability	4	Agent		-1	-1	6	work	[5]	['work']	32	53	412	412	412	412	300	476	476	476	-1	-1	4	0	0
13196	190	4	1	0	Agent	-1	ability	4	Agent		-1	-1	6	work	[5]	['work']	33	205	256	384	384	384	204	204	204	204	-1	-1	4	0	0
13198	190	4	1	0	Agent	-1	ability	4	Agent		-1	-1	6	work	[5]	['work']	35	181	0	0	0	0	168	168	168	168	-1	-1	4	1	0
13200	190	4	1	0	Agent	-1	ability	4	Agent		-1	-1	6	work	[5]	['work']	37	131	220	220	220	220	188	188	188	188	-1	-1	4	0	0
13202	190	4	1	0	Agent	-1	ability	4	Agent		-1	-1	6	work	[5]	['work']	39	204	0	0	0	0	224	224	224	1096	-1	-1	4	1	0
13206	190	4	1	0	Agent	-1	ability	4	Agent		-1	-1	6	work	[5]	['work']	43	52	168	168	168	168	208	208	208	208	-1	-1	4	0	0
13207	190	7	2	3	Manner	-1	just	9	Experiencer	he	8	-2	10	gets	[9]	['gets']	1	184	184	184	184	184	196	196	196	196	-1	-2	4	0	0
13208	190	7	2	3	Manner	-1	just	9	Experiencer	he	8	-2	10	gets	[9]	['gets']	2	152	148	148	148	148	156	368	368	368	-1	-2	4	0	0
13209	190	7	2	3	Manner	-1	just	9	Experiencer	he	8	-2	10	gets	[9]	['gets']	3	60	224	224	224	224	120	120	120	236	-1	-2	4	0	0
13210	190	7	2	3	Manner	-1	just	9	Experiencer	he	8	-2	10	gets	[9]	['gets']	4	109	0	0	0	0	252	252	252	252	-1	-2	4	1	0
13214	190	7	2	3	Manner	-1	just	9	Experiencer	he	8	-2	10	gets	[9]	['gets']	8	73	288	288	288	288	152	152	300	716	-1	-2	4	0	0
13215	190	7	2	3	Manner	-1	just	9	Experiencer	he	8	-2	10	gets	[9]	['gets']	10	26	92	92	92	92	156	236	236	236	-1	-2	4	0	0
13216	190	7	2	3	Manner	-1	just	9	Experiencer	he	8	-2	10	gets	[9]	['gets']	11	33	232	232	232	232	128	128	128	128	-1	-2	4	0	0
13217	190	7	2	3	Manner	-1	just	9	Experiencer	he	8	-2	10	gets	[9]	['gets']	12	19	124	124	124	124	260	376	376	376	-1	-2	4	0	0
13218	190	7	2	3	Manner	-1	just	9	Experiencer	he	8	-2	10	gets	[9]	['gets']	13	71	0	0	0	0	236	236	236	236	-1	-2	4	1	0
13219	190	7	2	3	Manner	-1	just	9	Experiencer	he	8	-2	10	gets	[9]	['gets']	14	15	172	172	172	172	192	192	192	192	-1	-2	4	0	0
13221	190	7	2	3	Manner	-1	just	9	Experiencer	he	8	-2	10	gets	[9]	['gets']	16	190	156	296	296	296	164	164	164	164	-1	-2	4	0	0
13222	190	7	2	3	Manner	-1	just	9	Experiencer	he	8	-2	10	gets	[9]	['gets']	17	89	264	264	396	788	464	596	596	596	-1	-2	4	0	0
13223	190	7	2	3	Manner	-1	just	9	Experiencer	he	8	-2	10	gets	[9]	['gets']	18	26	200	200	200	200	252	252	252	252	-1	-2	4	0	0
13224	190	7	2	3	Manner	-1	just	9	Experiencer	he	8	-2	10	gets	[9]	['gets']	19	146	184	184	184	184	176	176	176	176	-1	-2	4	0	0
13225	190	7	2	3	Manner	-1	just	9	Experiencer	he	8	-2	10	gets	[9]	['gets']	20	96	260	260	260	260	176	176	176	176	-1	-2	4	0	0
13227	190	7	2	3	Manner	-1	just	9	Experiencer	he	8	-2	10	gets	[9]	['gets']	22	176	304	304	304	304	296	296	296	296	-1	-2	4	0	0
13228	190	7	2	3	Manner	-1	just	9	Experiencer	he	8	-2	10	gets	[9]	['gets']	23	55	108	348	348	348	256	256	256	256	-1	-2	4	0	0
13229	190	7	2	3	Manner	-1	just	9	Experiencer	he	8	-2	10	gets	[9]	['gets']	24	172	276	428	428	428	188	188	188	188	-1	-2	4	0	0
13230	190	7	2	3	Manner	-1	just	9	Experiencer	he	8	-2	10	gets	[9]	['gets']	25	165	0	0	0	0	256	592	592	592	-1	-2	4	1	0
13231	190	7	2	3	Manner	-1	just	9	Experiencer	he	8	-2	10	gets	[9]	['gets']	27	115	248	248	248	248	140	140	140	140	-1	-2	4	0	0
13232	190	7	2	3	Manner	-1	just	9	Experiencer	he	8	-2	10	gets	[9]	['gets']	28	54	204	204	204	204	212	212	512	656	-1	-2	4	0	0
13233	190	7	2	3	Manner	-1	just	9	Experiencer	he	8	-2	10	gets	[9]	['gets']	29	156	160	160	160	160	204	204	204	204	-1	-2	4	0	0
13234	190	7	2	3	Manner	-1	just	9	Experiencer	he	8	-2	10	gets	[9]	['gets']	30	119	140	140	140	140	352	352	660	868	-1	-2	4	0	0
13236	190	7	2	3	Manner	-1	just	9	Experiencer	he	8	-2	10	gets	[9]	['gets']	32	53	152	152	528	824	180	180	180	180	-1	-2	4	0	0
13237	190	7	2	3	Manner	-1	just	9	Experiencer	he	8	-2	10	gets	[9]	['gets']	33	205	216	216	216	216	268	268	268	268	-1	-2	4	0	0
13239	190	7	2	3	Manner	-1	just	9	Experiencer	he	8	-2	10	gets	[9]	['gets']	35	181	160	160	160	160	160	160	160	160	-1	-2	4	0	0
13240	190	7	2	3	Manner	-1	just	9	Experiencer	he	8	-2	10	gets	[9]	['gets']	36	172	0	0	0	0	144	144	144	1048	-1	-2	4	1	0
13241	190	7	2	3	Manner	-1	just	9	Experiencer	he	8	-2	10	gets	[9]	['gets']	37	131	136	248	248	248	124	124	124	124	-1	-2	4	0	0
13242	190	7	2	3	Manner	-1	just	9	Experiencer	he	8	-2	10	gets	[9]	['gets']	38	147	0	0	0	0	184	184	184	316	-1	-2	4	1	0
13243	190	7	2	3	Manner	-1	just	9	Experiencer	he	8	-2	10	gets	[9]	['gets']	39	204	0	0	0	0	156	156	156	156	-1	-2	4	1	0
13245	190	7	2	3	Manner	-1	just	9	Experiencer	he	8	-2	10	gets	[9]	['gets']	41	125	200	200	200	200	224	520	520	520	-1	-2	4	0	0
13247	190	7	2	3	Manner	-1	just	9	Experiencer	he	8	-2	10	gets	[9]	['gets']	43	52	212	212	212	212	188	188	188	188	-1	-2	4	0	0
13249	192	1	1	1	Agent	-1	I	1	Agent		-1	-1	3	see	[2, 3]	['see', 'any']	2	45	0	0	0	0	156	156	156	156	-1	-1	3	1	0
13250	192	1	1	1	Agent	-1	I	1	Agent		-1	-1	3	see	[2, 3]	['see', 'any']	3	163	160	292	292	292	244	244	532	1020	-1	-1	3	0	0
13251	192	1	1	1	Agent	-1	I	1	Agent		-1	-1	3	see	[2, 3]	['see', 'any']	4	16	144	144	144	144	324	324	324	324	-1	-1	3	0	0
13253	192	1	1	1	Agent	-1	I	1	Agent		-1	-1	3	see	[2, 3]	['see', 'any']	6	153	0	0	0	0	256	256	256	256	-1	-1	3	1	0
13255	192	1	1	1	Agent	-1	I	1	Agent		-1	-1	3	see	[2, 3]	['see', 'any']	8	169	304	304	304	304	164	164	164	164	-1	-1	3	0	0
13256	192	1	1	1	Agent	-1	I	1	Agent		-1	-1	3	see	[2, 3]	['see', 'any']	9	25	220	220	220	220	76	76	76	76	-1	-1	3	0	0
13257	192	1	1	1	Agent	-1	I	1	Agent		-1	-1	3	see	[2, 3]	['see', 'any']	10	99	0	0	0	0	296	296	296	296	-1	-1	3	1	0
13260	192	1	1	1	Agent	-1	I	1	Agent		-1	-1	3	see	[2, 3]	['see', 'any']	13	158	0	0	0	0	220	220	220	220	-1	-1	3	1	0
13261	192	1	1	1	Agent	-1	I	1	Agent		-1	-1	3	see	[2, 3]	['see', 'any']	14	56	92	92	92	92	156	156	156	344	-1	-1	3	0	0
13263	192	1	1	1	Agent	-1	I	1	Agent		-1	-1	3	see	[2, 3]	['see', 'any']	16	172	156	156	156	156	224	224	224	224	-1	-1	3	0	0
13265	192	1	1	1	Agent	-1	I	1	Agent		-1	-1	3	see	[2, 3]	['see', 'any']	18	82	0	0	0	0	216	216	216	216	-1	-1	3	1	0
13267	192	1	1	1	Agent	-1	I	1	Agent		-1	-1	3	see	[2, 3]	['see', 'any']	20	34	0	0	0	0	180	180	180	180	-1	-1	3	1	0
13268	192	1	1	1	Agent	-1	I	1	Agent		-1	-1	3	see	[2, 3]	['see', 'any']	21	26	104	104	104	104	136	136	136	136	-1	-1	3	0	0
13270	192	1	1	1	Agent	-1	I	1	Agent		-1	-1	3	see	[2, 3]	['see', 'any']	23	76	260	260	260	260	284	284	284	284	-1	-1	3	0	0
13271	192	1	1	1	Agent	-1	I	1	Agent		-1	-1	3	see	[2, 3]	['see', 'any']	24	123	280	280	280	480	220	220	220	220	-1	-1	3	0	0
13272	192	1	1	1	Agent	-1	I	1	Agent		-1	-1	3	see	[2, 3]	['see', 'any']	25	68	0	0	0	0	240	240	240	240	-1	-1	3	1	0
13273	192	1	1	1	Agent	-1	I	1	Agent		-1	-1	3	see	[2, 3]	['see', 'any']	27	196	0	0	0	0	196	196	196	196	-1	-1	3	1	0
13274	192	1	1	1	Agent	-1	I	1	Agent		-1	-1	3	see	[2, 3]	['see', 'any']	28	131	164	164	164	164	184	312	312	312	-1	-1	3	0	0
13276	192	1	1	1	Agent	-1	I	1	Agent		-1	-1	3	see	[2, 3]	['see', 'any']	30	89	160	160	160	160	328	328	328	328	-1	-1	3	0	0
13278	192	1	1	1	Agent	-1	I	1	Agent		-1	-1	3	see	[2, 3]	['see', 'any']	32	167	296	296	296	296	160	160	160	160	-1	-1	3	0	0
13279	192	1	1	1	Agent	-1	I	1	Agent		-1	-1	3	see	[2, 3]	['see', 'any']	33	164	184	184	184	184	184	184	184	184	-1	-1	3	0	0
13281	192	1	1	1	Agent	-1	I	1	Agent		-1	-1	3	see	[2, 3]	['see', 'any']	35	42	0	0	0	0	164	164	164	164	-1	-1	3	1	0
13283	192	1	1	1	Agent	-1	I	1	Agent		-1	-1	3	see	[2, 3]	['see', 'any']	37	86	144	144	144	144	168	168	168	168	-1	-1	3	0	0
13286	192	1	1	1	Agent	-1	I	1	Agent		-1	-1	3	see	[2, 3]	['see', 'any']	40	1	0	0	0	0	148	148	364	584	-1	-1	3	1	0
13289	192	1	1	1	Agent	-1	I	1	Agent		-1	-1	3	see	[2, 3]	['see', 'any']	43	55	268	268	268	480	148	148	148	148	-1	-1	3	0	0
13290	192	4	1	2	Agent	-1	talk	7	Agent		-1	-1	8	getting	[7]	['getting']	1	132	72	160	160	368	124	124	124	124	-1	-1	7	0	0
13291	192	4	1	2	Agent	-1	talk	7	Agent		-1	-1	8	getting	[7]	['getting']	2	45	220	220	220	220	132	132	132	132	-1	-1	7	0	0
13292	192	4	1	2	Agent	-1	talk	7	Agent		-1	-1	8	getting	[7]	['getting']	3	163	232	232	232	232	300	300	300	300	-1	-1	7	0	0
13303	192	4	1	2	Agent	-1	talk	7	Agent		-1	-1	8	getting	[7]	['getting']	14	56	204	204	204	204	228	228	228	228	-1	-1	7	0	0
13304	192	4	1	2	Agent	-1	talk	7	Agent		-1	-1	8	getting	[7]	['getting']	15	9	0	0	0	0	128	128	128	128	-1	-1	7	1	0
13305	192	4	1	2	Agent	-1	talk	7	Agent		-1	-1	8	getting	[7]	['getting']	16	172	176	340	340	340	208	208	208	208	-1	-1	7	0	0
13307	192	4	1	2	Agent	-1	talk	7	Agent		-1	-1	8	getting	[7]	['getting']	18	82	256	256	256	256	176	176	176	176	-1	-1	7	0	0
13308	192	4	1	2	Agent	-1	talk	7	Agent		-1	-1	8	getting	[7]	['getting']	19	116	88	88	88	88	204	204	204	204	-1	-1	7	0	0
13312	192	4	1	2	Agent	-1	talk	7	Agent		-1	-1	8	getting	[7]	['getting']	23	76	352	1016	1016	1016	172	172	172	172	-1	-1	7	0	0
13315	192	4	1	2	Agent	-1	talk	7	Agent		-1	-1	8	getting	[7]	['getting']	27	196	88	88	88	88	288	288	288	288	-1	-1	7	0	0
13316	192	4	1	2	Agent	-1	talk	7	Agent		-1	-1	8	getting	[7]	['getting']	28	131	304	524	524	524	160	160	160	160	-1	-1	7	0	0
13321	192	4	1	2	Agent	-1	talk	7	Agent		-1	-1	8	getting	[7]	['getting']	33	164	296	296	296	296	152	152	152	152	-1	-1	7	0	0
13325	192	4	1	2	Agent	-1	talk	7	Agent		-1	-1	8	getting	[7]	['getting']	37	86	372	372	372	372	208	208	208	208	-1	-1	7	0	0
13328	192	4	1	2	Agent	-1	talk	7	Agent		-1	-1	8	getting	[7]	['getting']	40	1	96	96	420	1924	184	496	496	496	-1	-1	7	0	0
13329	192	4	1	2	Agent	-1	talk	7	Agent		-1	-1	8	getting	[7]	['getting']	41	91	204	204	204	304	196	196	196	196	-1	-1	7	0	0
13331	192	4	1	2	Agent	-1	talk	7	Agent		-1	-1	8	getting	[7]	['getting']	43	55	200	200	200	200	176	176	176	176	-1	-1	7	0	0
13332	193	1	1	1	Agent	-1	I	1	Agent		-1	-1	2	flung	[1, 2]	['flung', 'out']	1	103	352	352	352	352	72	72	72	72	-1	-1	5	0	0
13333	193	1	1	1	Agent	-1	I	1	Agent		-1	-1	2	flung	[1, 2]	['flung', 'out']	2	142	200	200	200	200	156	156	156	272	-1	-1	5	0	0
13334	193	1	1	1	Agent	-1	I	1	Agent		-1	-1	2	flung	[1, 2]	['flung', 'out']	3	158	216	372	372	372	140	276	276	276	-1	-1	5	0	0
13336	193	1	1	1	Agent	-1	I	1	Agent		-1	-1	2	flung	[1, 2]	['flung', 'out']	5	76	0	0	0	0	272	272	272	556	-1	-1	5	1	0
13337	193	1	1	1	Agent	-1	I	1	Agent		-1	-1	2	flung	[1, 2]	['flung', 'out']	6	44	248	248	248	248	116	116	116	116	-1	-1	5	0	0
13339	193	1	1	1	Agent	-1	I	1	Agent		-1	-1	2	flung	[1, 2]	['flung', 'out']	8	63	0	0	0	0	240	240	412	608	-1	-1	5	1	0
13340	193	1	1	1	Agent	-1	I	1	Agent		-1	-1	2	flung	[1, 2]	['flung', 'out']	10	37	272	272	272	272	140	272	272	272	-1	-1	5	0	0
13341	193	1	1	1	Agent	-1	I	1	Agent		-1	-1	2	flung	[1, 2]	['flung', 'out']	11	2	144	144	144	144	140	140	140	140	-1	-1	5	0	0
13342	193	1	1	1	Agent	-1	I	1	Agent		-1	-1	2	flung	[1, 2]	['flung', 'out']	12	1	136	136	136	136	264	264	264	440	-1	-1	5	0	0
13343	193	1	1	1	Agent	-1	I	1	Agent		-1	-1	2	flung	[1, 2]	['flung', 'out']	13	70	0	0	0	0	216	216	216	216	-1	-1	5	1	0
13346	193	1	1	1	Agent	-1	I	1	Agent		-1	-1	2	flung	[1, 2]	['flung', 'out']	16	155	216	360	360	360	208	208	208	208	-1	-1	5	0	0
13350	193	1	1	1	Agent	-1	I	1	Agent		-1	-1	2	flung	[1, 2]	['flung', 'out']	20	72	208	208	208	208	240	240	240	240	-1	-1	5	0	0
13353	193	1	1	1	Agent	-1	I	1	Agent		-1	-1	2	flung	[1, 2]	['flung', 'out']	23	13	60	1472	1472	1472	208	208	208	208	-1	-1	5	0	0
13354	193	1	1	1	Agent	-1	I	1	Agent		-1	-1	2	flung	[1, 2]	['flung', 'out']	24	162	224	420	420	420	164	164	164	164	-1	-1	5	0	0
13356	193	1	1	1	Agent	-1	I	1	Agent		-1	-1	2	flung	[1, 2]	['flung', 'out']	27	163	252	644	644	644	272	272	272	272	-1	-1	5	0	0
13357	193	1	1	1	Agent	-1	I	1	Agent		-1	-1	2	flung	[1, 2]	['flung', 'out']	28	202	0	0	0	0	228	228	228	480	-1	-1	5	1	0
13358	193	1	1	1	Agent	-1	I	1	Agent		-1	-1	2	flung	[1, 2]	['flung', 'out']	29	192	372	372	372	372	144	344	344	344	-1	-1	5	0	0
13359	193	1	1	1	Agent	-1	I	1	Agent		-1	-1	2	flung	[1, 2]	['flung', 'out']	30	86	248	700	700	700	336	336	336	336	-1	-1	5	0	0
13361	193	1	1	1	Agent	-1	I	1	Agent		-1	-1	2	flung	[1, 2]	['flung', 'out']	32	106	340	340	340	340	232	232	232	232	-1	-1	5	0	0
13362	193	1	1	1	Agent	-1	I	1	Agent		-1	-1	2	flung	[1, 2]	['flung', 'out']	33	91	236	236	236	344	92	92	92	92	-1	-1	5	0	0
13364	193	1	1	1	Agent	-1	I	1	Agent		-1	-1	2	flung	[1, 2]	['flung', 'out']	35	121	260	260	260	260	168	168	168	168	-1	-1	5	0	0
13365	193	1	1	1	Agent	-1	I	1	Agent		-1	-1	2	flung	[1, 2]	['flung', 'out']	36	85	0	0	0	0	240	240	240	240	-1	-1	5	1	0
13366	193	1	1	1	Agent	-1	I	1	Agent		-1	-1	2	flung	[1, 2]	['flung', 'out']	37	130	372	372	372	372	184	184	184	184	-1	-1	5	0	0
13367	193	1	1	1	Agent	-1	I	1	Agent		-1	-1	2	flung	[1, 2]	['flung', 'out']	38	47	224	400	400	400	284	284	284	632	-1	-1	5	0	0
13372	193	1	1	1	Agent	-1	I	1	Agent		-1	-1	2	flung	[1, 2]	['flung', 'out']	43	1	84	84	304	460	220	220	220	220	-1	-1	5	0	0
13376	193	6	1	0	Agent	-1	they	7	Agent		-1	-1	8	said	[7]	['said']	4	66	0	0	0	0	184	184	184	184	-1	-1	4	1	0
13383	193	6	1	0	Agent	-1	they	7	Agent		-1	-1	8	said	[7]	['said']	12	1	0	0	0	0	140	140	140	140	-1	-1	4	1	0
13385	193	6	1	0	Agent	-1	they	7	Agent		-1	-1	8	said	[7]	['said']	14	97	72	340	492	2748	144	144	144	144	-1	-1	4	0	0
13387	193	6	1	0	Agent	-1	they	7	Agent		-1	-1	8	said	[7]	['said']	16	155	232	232	232	232	152	152	152	152	-1	-1	4	0	0
13398	193	6	1	0	Agent	-1	they	7	Agent		-1	-1	8	said	[7]	['said']	28	202	0	0	0	0	348	348	348	580	-1	-1	4	1	0
13405	193	6	1	0	Agent	-1	they	7	Agent		-1	-1	8	said	[7]	['said']	35	121	0	0	0	0	176	176	176	176	-1	-1	4	1	0
13408	193	6	1	0	Agent	-1	they	7	Agent		-1	-1	8	said	[7]	['said']	38	47	0	0	0	0	152	152	152	152	-1	-1	4	1	0
13409	193	6	1	0	Agent	-1	they	7	Agent		-1	-1	8	said	[7]	['said']	39	29	0	0	0	0	256	256	256	1052	-1	-1	4	1	0
13412	193	6	1	0	Agent	-1	they	7	Agent		-1	-1	8	said	[7]	['said']	42	113	0	0	0	0	160	160	160	160	-1	-1	4	1	0
13414	193	9	1	1	Agent	-1	I	9	Agent		-1	-1	11	broken	[10]	['broken']	1	103	340	340	340	424	152	152	152	152	-1	-1	6	0	0
13424	193	9	1	1	Agent	-1	I	9	Agent		-1	-1	11	broken	[10]	['broken']	12	1	232	232	232	372	100	100	100	100	-1	-1	6	0	0
13425	193	9	1	1	Agent	-1	I	9	Agent		-1	-1	11	broken	[10]	['broken']	13	70	272	272	272	272	336	336	336	336	-1	-1	6	0	0
13428	193	9	1	1	Agent	-1	I	9	Agent		-1	-1	11	broken	[10]	['broken']	16	155	172	428	428	428	212	212	212	212	-1	-1	6	0	0
13430	193	9	1	1	Agent	-1	I	9	Agent		-1	-1	11	broken	[10]	['broken']	18	32	0	0	0	0	432	432	432	516	-1	-1	6	1	0
13431	193	9	1	1	Agent	-1	I	9	Agent		-1	-1	11	broken	[10]	['broken']	19	23	108	108	108	108	112	112	112	112	-1	-1	6	0	0
13435	193	9	1	1	Agent	-1	I	9	Agent		-1	-1	11	broken	[10]	['broken']	23	13	456	456	456	456	136	136	136	136	-1	-1	6	0	0
13439	193	9	1	1	Agent	-1	I	9	Agent		-1	-1	11	broken	[10]	['broken']	28	202	192	192	192	192	140	140	140	140	-1	-1	6	0	0
13444	193	9	1	1	Agent	-1	I	9	Agent		-1	-1	11	broken	[10]	['broken']	33	91	132	132	132	132	148	148	148	148	-1	-1	6	0	0
13445	193	9	1	1	Agent	-1	I	9	Agent		-1	-1	11	broken	[10]	['broken']	34	87	120	120	120	120	140	140	140	140	-1	-1	6	0	0
13446	193	9	1	1	Agent	-1	I	9	Agent		-1	-1	11	broken	[10]	['broken']	35	121	188	188	188	188	148	148	148	148	-1	-1	6	0	0
13450	193	9	1	1	Agent	-1	I	9	Agent		-1	-1	11	broken	[10]	['broken']	39	29	128	128	128	128	100	100	100	100	-1	-1	6	0	0
13459	194	2	2	1	Manner	-1	just	3	Agent	I	1	-2	4	pick	[3]	['pick']	5	183	0	0	0	0	188	188	188	188	-1	-2	4	1	0
13469	194	2	2	1	Manner	-1	just	3	Agent	I	1	-2	4	pick	[3]	['pick']	15	35	152	152	152	152	144	144	144	144	-1	-2	4	0	0
13473	194	2	2	1	Manner	-1	just	3	Agent	I	1	-2	4	pick	[3]	['pick']	20	51	0	0	0	0	136	136	136	136	-1	-2	4	1	0
13474	194	2	2	1	Manner	-1	just	3	Agent	I	1	-2	4	pick	[3]	['pick']	21	7	148	148	148	148	124	124	124	124	-1	-2	4	0	0
13477	194	2	2	1	Manner	-1	just	3	Agent	I	1	-2	4	pick	[3]	['pick']	24	21	240	240	240	240	412	412	412	412	-1	-2	4	0	0
13482	194	2	2	1	Manner	-1	just	3	Agent	I	1	-2	4	pick	[3]	['pick']	30	116	232	232	232	232	404	404	404	604	-1	-2	4	0	0
13488	194	2	2	1	Manner	-1	just	3	Agent	I	1	-2	4	pick	[3]	['pick']	36	45	0	0	0	0	260	260	260	836	-1	-2	4	1	0
13490	194	2	2	1	Manner	-1	just	3	Agent	I	1	-2	4	pick	[3]	['pick']	38	201	0	0	0	0	84	84	84	84	-1	-2	4	1	0
13491	194	2	2	1	Manner	-1	just	3	Agent	I	1	-2	4	pick	[3]	['pick']	39	153	0	0	0	0	208	208	208	320	-1	-2	4	1	0
13494	194	2	2	1	Manner	-1	just	3	Agent	I	1	-2	4	pick	[3]	['pick']	42	161	0	0	0	0	116	116	116	116	-1	-2	4	1	0
13498	194	6	1	2	Agent	-6	I	1	Agent		-1	-6	9	drink	[8]	['drink']	3	172	264	264	264	264	324	324	324	324	-6	-6	5	0	0
13502	194	6	1	2	Agent	-6	I	1	Agent		-1	-6	9	drink	[8]	['drink']	7	95	268	268	268	268	40	40	40	1684	-6	-6	5	0	0
13511	194	6	1	2	Agent	-6	I	1	Agent		-1	-6	9	drink	[8]	['drink']	16	6	80	80	80	644	196	196	196	196	-6	-6	5	0	0
13513	194	6	1	2	Agent	-6	I	1	Agent		-1	-6	9	drink	[8]	['drink']	19	83	216	216	216	216	204	204	372	1236	-6	-6	5	0	0
13514	194	6	1	2	Agent	-6	I	1	Agent		-1	-6	9	drink	[8]	['drink']	20	51	148	148	148	148	292	292	292	292	-6	-6	5	0	0
13517	194	6	1	2	Agent	-6	I	1	Agent		-1	-6	9	drink	[8]	['drink']	23	69	164	380	380	380	100	100	100	100	-6	-6	5	0	0
13520	194	6	1	2	Agent	-6	I	1	Agent		-1	-6	9	drink	[8]	['drink']	27	165	0	0	0	0	176	176	176	432	-6	-6	5	1	0
13521	194	6	1	2	Agent	-6	I	1	Agent		-1	-6	9	drink	[8]	['drink']	28	149	184	780	780	780	168	168	168	168	-6	-6	5	0	0
13522	194	6	1	2	Agent	-6	I	1	Agent		-1	-6	9	drink	[8]	['drink']	29	6	244	244	244	244	224	496	496	496	-6	-6	5	0	0
13524	194	6	1	2	Agent	-6	I	1	Agent		-1	-6	9	drink	[8]	['drink']	31	18	0	0	0	0	132	132	132	516	-6	-6	5	1	0
13530	194	6	1	2	Agent	-6	I	1	Agent		-1	-6	9	drink	[8]	['drink']	37	64	192	192	192	192	124	124	124	1100	-6	-6	5	0	0
13531	194	6	1	2	Agent	-6	I	1	Agent		-1	-6	9	drink	[8]	['drink']	38	201	256	396	396	396	144	144	144	144	-6	-6	5	0	0
13533	194	6	1	2	Agent	-6	I	1	Agent		-1	-6	9	drink	[8]	['drink']	40	21	212	212	212	212	200	200	200	612	-6	-6	5	0	0
13534	194	6	1	2	Agent	-6	I	1	Agent		-1	-6	9	drink	[8]	['drink']	41	168	212	392	392	392	268	268	268	268	-6	-6	5	0	0
13535	194	6	1	2	Agent	-6	I	1	Agent		-1	-6	9	drink	[8]	['drink']	42	161	0	0	0	0	208	208	208	860	-6	-6	5	1	0
13537	194	9	1	1	Experiencer	-1	it	10	Experiencer		-1	-1	12	get	[11]	['get']	1	157	0	0	0	0	152	152	512	840	-1	-1	3	1	0
13540	194	9	1	1	Experiencer	-1	it	10	Experiencer		-1	-1	12	get	[11]	['get']	4	125	280	280	796	1112	136	136	136	408	-1	-1	3	0	0
13543	194	9	1	1	Experiencer	-1	it	10	Experiencer		-1	-1	12	get	[11]	['get']	7	95	236	236	236	468	116	116	116	912	-1	-1	3	0	0
13545	194	9	1	1	Experiencer	-1	it	10	Experiencer		-1	-1	12	get	[11]	['get']	9	9	180	180	180	280	248	380	644	2356	-1	-1	3	0	0
13546	194	9	1	1	Experiencer	-1	it	10	Experiencer		-1	-1	12	get	[11]	['get']	10	189	0	0	0	0	240	240	240	568	-1	-1	3	1	0
13547	194	9	1	1	Experiencer	-1	it	10	Experiencer		-1	-1	12	get	[11]	['get']	11	116	576	576	576	576	120	236	236	236	-1	-1	3	0	0
13548	194	9	1	1	Experiencer	-1	it	10	Experiencer		-1	-1	12	get	[11]	['get']	12	88	208	208	388	660	272	272	272	404	-1	-1	3	0	0
13549	194	9	1	1	Experiencer	-1	it	10	Experiencer		-1	-1	12	get	[11]	['get']	13	204	224	224	224	224	260	260	260	260	-1	-1	3	0	0
13551	194	9	1	1	Experiencer	-1	it	10	Experiencer		-1	-1	12	get	[11]	['get']	15	35	164	164	404	832	136	136	664	1732	-1	-1	3	0	0
13552	194	9	1	1	Experiencer	-1	it	10	Experiencer		-1	-1	12	get	[11]	['get']	16	6	172	172	172	172	116	116	116	600	-1	-1	3	0	0
13553	194	9	1	1	Experiencer	-1	it	10	Experiencer		-1	-1	12	get	[11]	['get']	18	185	180	180	180	180	164	164	164	1756	-1	-1	3	0	0
13554	194	9	1	1	Experiencer	-1	it	10	Experiencer		-1	-1	12	get	[11]	['get']	19	83	96	172	172	288	116	116	116	428	-1	-1	3	0	0
13555	194	9	1	1	Experiencer	-1	it	10	Experiencer		-1	-1	12	get	[11]	['get']	20	51	236	236	348	668	128	300	300	432	-1	-1	3	0	0
13556	194	9	1	1	Experiencer	-1	it	10	Experiencer		-1	-1	12	get	[11]	['get']	21	7	148	148	148	724	116	116	116	116	-1	-1	3	0	0
13557	194	9	1	1	Experiencer	-1	it	10	Experiencer		-1	-1	12	get	[11]	['get']	22	126	200	200	200	200	252	252	252	252	-1	-1	3	0	0
13558	194	9	1	1	Experiencer	-1	it	10	Experiencer		-1	-1	12	get	[11]	['get']	23	69	196	560	560	560	196	384	924	6576	-1	-1	3	0	0
13560	194	9	1	1	Experiencer	-1	it	10	Experiencer		-1	-1	12	get	[11]	['get']	25	142	172	172	372	608	508	508	828	3732	-1	-1	3	0	0
13561	194	9	1	1	Experiencer	-1	it	10	Experiencer		-1	-1	12	get	[11]	['get']	27	165	144	144	680	1304	100	100	100	440	-1	-1	3	0	0
13562	194	9	1	1	Experiencer	-1	it	10	Experiencer		-1	-1	12	get	[11]	['get']	28	149	252	252	832	1364	376	376	376	376	-1	-1	3	0	0
13563	194	9	1	1	Experiencer	-1	it	10	Experiencer		-1	-1	12	get	[11]	['get']	29	6	248	412	412	412	340	640	640	1256	-1	-1	3	0	0
13564	194	9	1	1	Experiencer	-1	it	10	Experiencer		-1	-1	12	get	[11]	['get']	30	116	160	160	160	160	280	588	588	588	-1	-1	3	0	0
13565	194	9	1	1	Experiencer	-1	it	10	Experiencer		-1	-1	12	get	[11]	['get']	31	18	0	0	0	0	184	184	184	184	-1	-1	3	1	0
13566	194	9	1	1	Experiencer	-1	it	10	Experiencer		-1	-1	12	get	[11]	['get']	32	161	0	0	0	0	156	272	272	272	-1	-1	3	1	0
13567	194	9	1	1	Experiencer	-1	it	10	Experiencer		-1	-1	12	get	[11]	['get']	33	122	148	148	296	352	88	88	88	1732	-1	-1	3	0	0
13568	194	9	1	1	Experiencer	-1	it	10	Experiencer		-1	-1	12	get	[11]	['get']	34	49	168	168	168	168	200	200	200	200	-1	-1	3	0	0
13569	194	9	1	1	Experiencer	-1	it	10	Experiencer		-1	-1	12	get	[11]	['get']	35	143	148	148	148	148	176	176	176	296	-1	-1	3	0	0
13570	194	9	1	1	Experiencer	-1	it	10	Experiencer		-1	-1	12	get	[11]	['get']	36	45	0	0	0	0	248	248	248	364	-1	-1	3	1	0
13571	194	9	1	1	Experiencer	-1	it	10	Experiencer		-1	-1	12	get	[11]	['get']	37	64	232	232	232	232	180	180	348	936	-1	-1	3	0	0
13572	194	9	1	1	Experiencer	-1	it	10	Experiencer		-1	-1	12	get	[11]	['get']	38	201	0	0	0	0	212	540	540	632	-1	-1	3	1	0
13573	194	9	1	1	Experiencer	-1	it	10	Experiencer		-1	-1	12	get	[11]	['get']	39	153	220	220	220	220	112	112	112	560	-1	-1	3	0	0
13574	194	9	1	1	Experiencer	-1	it	10	Experiencer		-1	-1	12	get	[11]	['get']	40	21	216	216	216	216	116	116	116	728	-1	-1	3	0	0
13575	194	9	1	1	Experiencer	-1	it	10	Experiencer		-1	-1	12	get	[11]	['get']	41	168	240	240	324	572	112	112	112	112	-1	-1	3	0	0
13576	194	9	1	1	Experiencer	-1	it	10	Experiencer		-1	-1	12	get	[11]	['get']	42	161	188	188	188	188	128	128	128	932	-1	-1	3	0	0
13577	194	9	1	1	Experiencer	-1	it	10	Experiencer		-1	-1	12	get	[11]	['get']	43	123	0	0	0	0	204	204	204	448	-1	-1	3	1	0
13578	195	1	1	1	Experiencer	-1	Andy	1	Experiencer		-1	-1	2	felt	[1]	['felt']	1	97	116	116	116	116	128	128	128	128	-1	-1	4	0	0
13580	195	1	1	1	Experiencer	-1	Andy	1	Experiencer		-1	-1	2	felt	[1]	['felt']	3	159	184	184	496	660	184	184	184	184	-1	-1	4	0	0
13583	195	1	1	1	Experiencer	-1	Andy	1	Experiencer		-1	-1	2	felt	[1]	['felt']	6	43	0	0	0	0	260	260	392	704	-1	-1	4	1	0
13584	195	1	1	1	Experiencer	-1	Andy	1	Experiencer		-1	-1	2	felt	[1]	['felt']	7	56	152	152	152	152	132	132	132	132	-1	-1	4	0	0
13586	195	1	1	1	Experiencer	-1	Andy	1	Experiencer		-1	-1	2	felt	[1]	['felt']	10	149	176	176	176	176	156	156	156	156	-1	-1	4	0	0
13587	195	1	1	1	Experiencer	-1	Andy	1	Experiencer		-1	-1	2	felt	[1]	['felt']	11	24	148	148	148	148	148	148	148	148	-1	-1	4	0	0
13589	195	1	1	1	Experiencer	-1	Andy	1	Experiencer		-1	-1	2	felt	[1]	['felt']	13	98	144	144	144	144	216	216	216	216	-1	-1	4	0	0
13590	195	1	1	1	Experiencer	-1	Andy	1	Experiencer		-1	-1	2	felt	[1]	['felt']	14	169	208	208	208	208	176	176	176	176	-1	-1	4	0	0
13592	195	1	1	1	Experiencer	-1	Andy	1	Experiencer		-1	-1	2	felt	[1]	['felt']	16	74	144	144	144	224	220	220	220	220	-1	-1	4	0	0
13594	195	1	1	1	Experiencer	-1	Andy	1	Experiencer		-1	-1	2	felt	[1]	['felt']	18	186	244	332	332	332	180	180	180	180	-1	-1	4	0	0
13595	195	1	1	1	Experiencer	-1	Andy	1	Experiencer		-1	-1	2	felt	[1]	['felt']	19	145	188	188	188	188	152	152	152	152	-1	-1	4	0	0
13596	195	1	1	1	Experiencer	-1	Andy	1	Experiencer		-1	-1	2	felt	[1]	['felt']	20	150	0	0	0	0	284	284	284	284	-1	-1	4	1	0
13599	195	1	1	1	Experiencer	-1	Andy	1	Experiencer		-1	-1	2	felt	[1]	['felt']	23	101	312	312	312	312	208	396	396	396	-1	-1	4	0	0
13600	195	1	1	1	Experiencer	-1	Andy	1	Experiencer		-1	-1	2	felt	[1]	['felt']	24	93	164	164	164	164	144	144	144	144	-1	-1	4	0	0
13602	195	1	1	1	Experiencer	-1	Andy	1	Experiencer		-1	-1	2	felt	[1]	['felt']	27	41	0	0	0	0	132	132	132	708	-1	-1	4	1	0
13603	195	1	1	1	Experiencer	-1	Andy	1	Experiencer		-1	-1	2	felt	[1]	['felt']	28	152	32	32	304	548	176	176	176	176	-1	-1	4	0	0
13604	195	1	1	1	Experiencer	-1	Andy	1	Experiencer		-1	-1	2	felt	[1]	['felt']	29	119	0	0	0	0	240	240	400	800	-1	-1	4	1	0
13605	195	1	1	1	Experiencer	-1	Andy	1	Experiencer		-1	-1	2	felt	[1]	['felt']	30	117	248	248	392	580	180	180	180	180	-1	-1	4	0	0
13606	195	1	1	1	Experiencer	-1	Andy	1	Experiencer		-1	-1	2	felt	[1]	['felt']	31	116	248	248	248	408	232	312	312	312	-1	-1	4	0	0
13607	195	1	1	1	Experiencer	-1	Andy	1	Experiencer		-1	-1	2	felt	[1]	['felt']	32	74	200	200	200	200	208	208	208	208	-1	-1	4	0	0
13608	195	1	1	1	Experiencer	-1	Andy	1	Experiencer		-1	-1	2	felt	[1]	['felt']	33	41	384	384	384	384	76	76	76	76	-1	-1	4	0	0
13609	195	1	1	1	Experiencer	-1	Andy	1	Experiencer		-1	-1	2	felt	[1]	['felt']	34	137	172	172	172	172	184	184	184	184	-1	-1	4	0	0
13610	195	1	1	1	Experiencer	-1	Andy	1	Experiencer		-1	-1	2	felt	[1]	['felt']	35	85	176	176	176	176	216	216	216	216	-1	-1	4	0	0
13612	195	1	1	1	Experiencer	-1	Andy	1	Experiencer		-1	-1	2	felt	[1]	['felt']	37	160	48	48	240	492	56	188	188	188	-1	-1	4	0	0
13613	195	1	1	1	Experiencer	-1	Andy	1	Experiencer		-1	-1	2	felt	[1]	['felt']	38	198	0	0	0	0	192	192	192	192	-1	-1	4	1	0
13616	195	1	1	1	Experiencer	-1	Andy	1	Experiencer		-1	-1	2	felt	[1]	['felt']	41	132	0	0	0	0	240	240	404	592	-1	-1	4	1	0
13617	195	1	1	1	Experiencer	-1	Andy	1	Experiencer		-1	-1	2	felt	[1]	['felt']	42	139	0	0	0	0	248	248	248	248	-1	-1	4	1	0
13618	195	1	1	1	Experiencer	-1	Andy	1	Experiencer		-1	-1	2	felt	[1]	['felt']	43	129	164	164	164	164	148	148	148	148	-1	-1	4	0	0
13619	195	5	2	1	Experiencer	-1	he	5	TIN	felt	2	-4	6	got	[5]	['got']	1	97	228	228	228	228	160	160	160	160	-1	-4	3	0	0
13620	195	5	2	1	Experiencer	-1	he	5	TIN	felt	2	-4	6	got	[5]	['got']	2	192	0	0	0	0	168	292	292	292	-1	-4	3	1	0
13621	195	5	2	1	Experiencer	-1	he	5	TIN	felt	2	-4	6	got	[5]	['got']	3	159	156	156	156	156	156	156	156	156	-1	-4	3	0	0
13622	195	5	2	1	Experiencer	-1	he	5	TIN	felt	2	-4	6	got	[5]	['got']	4	164	160	160	160	160	188	188	188	188	-1	-4	3	0	0
13623	195	5	2	1	Experiencer	-1	he	5	TIN	felt	2	-4	6	got	[5]	['got']	5	138	252	252	252	252	220	220	220	220	-1	-4	3	0	0
13625	195	5	2	1	Experiencer	-1	he	5	TIN	felt	2	-4	6	got	[5]	['got']	7	56	0	0	0	0	100	100	100	100	-1	-4	3	1	0
13627	195	5	2	1	Experiencer	-1	he	5	TIN	felt	2	-4	6	got	[5]	['got']	10	149	0	0	0	0	124	124	124	124	-1	-4	3	1	0
13628	195	5	2	1	Experiencer	-1	he	5	TIN	felt	2	-4	6	got	[5]	['got']	11	24	140	140	140	140	168	168	168	168	-1	-4	3	0	0
13629	195	5	2	1	Experiencer	-1	he	5	TIN	felt	2	-4	6	got	[5]	['got']	12	182	224	224	224	224	140	280	280	280	-1	-4	3	0	0
13630	195	5	2	1	Experiencer	-1	he	5	TIN	felt	2	-4	6	got	[5]	['got']	13	98	224	224	224	224	128	128	128	128	-1	-4	3	0	0
13631	195	5	2	1	Experiencer	-1	he	5	TIN	felt	2	-4	6	got	[5]	['got']	14	169	208	208	208	208	188	188	188	188	-1	-4	3	0	0
13632	195	5	2	1	Experiencer	-1	he	5	TIN	felt	2	-4	6	got	[5]	['got']	15	177	0	0	0	0	200	200	200	200	-1	-4	3	1	0
13633	195	5	2	1	Experiencer	-1	he	5	TIN	felt	2	-4	6	got	[5]	['got']	16	74	176	176	176	176	156	156	156	156	-1	-4	3	0	0
13634	195	5	2	1	Experiencer	-1	he	5	TIN	felt	2	-4	6	got	[5]	['got']	17	63	0	0	0	0	160	160	160	160	-1	-4	3	1	0
13636	195	5	2	1	Experiencer	-1	he	5	TIN	felt	2	-4	6	got	[5]	['got']	19	145	108	108	108	108	168	168	168	168	-1	-4	3	0	0
13638	195	5	2	1	Experiencer	-1	he	5	TIN	felt	2	-4	6	got	[5]	['got']	21	193	208	208	372	1096	152	152	152	152	-1	-4	3	0	0
13639	195	5	2	1	Experiencer	-1	he	5	TIN	felt	2	-4	6	got	[5]	['got']	22	41	0	0	0	0	124	124	360	2096	-1	-4	3	1	0
13641	195	5	2	1	Experiencer	-1	he	5	TIN	felt	2	-4	6	got	[5]	['got']	24	93	0	0	0	0	184	184	184	340	-1	-4	3	1	0
13642	195	5	2	1	Experiencer	-1	he	5	TIN	felt	2	-4	6	got	[5]	['got']	25	28	172	172	172	172	216	216	216	216	-1	-4	3	0	0
13643	195	5	2	1	Experiencer	-1	he	5	TIN	felt	2	-4	6	got	[5]	['got']	27	41	144	144	144	744	324	324	324	324	-1	-4	3	0	0
13644	195	5	2	1	Experiencer	-1	he	5	TIN	felt	2	-4	6	got	[5]	['got']	28	152	164	164	164	164	232	232	232	232	-1	-4	3	0	0
13645	195	5	2	1	Experiencer	-1	he	5	TIN	felt	2	-4	6	got	[5]	['got']	29	119	0	0	0	0	156	312	312	312	-1	-4	3	1	0
13646	195	5	2	1	Experiencer	-1	he	5	TIN	felt	2	-4	6	got	[5]	['got']	30	117	272	272	272	272	136	136	136	136	-1	-4	3	0	0
13647	195	5	2	1	Experiencer	-1	he	5	TIN	felt	2	-4	6	got	[5]	['got']	31	116	0	0	0	0	168	168	168	168	-1	-4	3	1	0
13648	195	5	2	1	Experiencer	-1	he	5	TIN	felt	2	-4	6	got	[5]	['got']	32	74	208	208	208	208	228	228	228	228	-1	-4	3	0	0
13649	195	5	2	1	Experiencer	-1	he	5	TIN	felt	2	-4	6	got	[5]	['got']	33	41	168	168	168	168	172	172	172	172	-1	-4	3	0	0
13650	195	5	2	1	Experiencer	-1	he	5	TIN	felt	2	-4	6	got	[5]	['got']	34	137	0	0	0	0	188	188	188	188	-1	-4	3	1	0
13652	195	5	2	1	Experiencer	-1	he	5	TIN	felt	2	-4	6	got	[5]	['got']	36	61	0	0	0	0	136	136	136	136	-1	-4	3	1	0
13653	195	5	2	1	Experiencer	-1	he	5	TIN	felt	2	-4	6	got	[5]	['got']	37	160	136	248	248	248	204	204	204	204	-1	-4	3	0	0
13654	195	5	2	1	Experiencer	-1	he	5	TIN	felt	2	-4	6	got	[5]	['got']	38	198	136	136	136	136	144	144	144	144	-1	-4	3	0	0
13655	195	5	2	1	Experiencer	-1	he	5	TIN	felt	2	-4	6	got	[5]	['got']	39	123	0	0	0	0	140	140	140	140	-1	-4	3	1	0
13657	195	5	2	1	Experiencer	-1	he	5	TIN	felt	2	-4	6	got	[5]	['got']	41	132	0	0	0	0	160	160	160	160	-1	-4	3	1	0
13658	195	5	2	1	Experiencer	-1	he	5	TIN	felt	2	-4	6	got	[5]	['got']	42	139	0	0	0	0	164	164	164	164	-1	-4	3	1	0
13659	195	5	2	1	Experiencer	-1	he	5	TIN	felt	2	-4	6	got	[5]	['got']	43	129	228	228	228	228	152	152	152	152	-1	-4	3	0	0
13661	195	8	1	0	Theme	-4	he	5	Theme		-1	-4	9	go	[8, 9, 10, 11]	['go', 'out', 'on', 'Saturday']	2	192	0	0	0	0	152	152	152	152	-4	-4	2	1	0
13662	195	8	1	0	Theme	-4	he	5	Theme		-1	-4	9	go	[8, 9, 10, 11]	['go', 'out', 'on', 'Saturday']	3	159	240	240	240	240	104	104	104	104	-4	-4	2	0	0
13663	195	8	1	0	Theme	-4	he	5	Theme		-1	-4	9	go	[8, 9, 10, 11]	['go', 'out', 'on', 'Saturday']	4	164	196	196	196	196	192	192	192	192	-4	-4	2	0	0
13665	195	8	1	0	Theme	-4	he	5	Theme		-1	-4	9	go	[8, 9, 10, 11]	['go', 'out', 'on', 'Saturday']	6	43	0	0	0	0	316	316	316	316	-4	-4	2	1	0
13667	195	8	1	0	Theme	-4	he	5	Theme		-1	-4	9	go	[8, 9, 10, 11]	['go', 'out', 'on', 'Saturday']	8	41	0	0	0	0	144	144	144	144	-4	-4	2	1	0
13668	195	8	1	0	Theme	-4	he	5	Theme		-1	-4	9	go	[8, 9, 10, 11]	['go', 'out', 'on', 'Saturday']	10	149	0	0	0	0	184	184	184	184	-4	-4	2	1	0
13673	195	8	1	0	Theme	-4	he	5	Theme		-1	-4	9	go	[8, 9, 10, 11]	['go', 'out', 'on', 'Saturday']	15	177	0	0	0	0	164	164	164	164	-4	-4	2	1	0
13674	195	8	1	0	Theme	-4	he	5	Theme		-1	-4	9	go	[8, 9, 10, 11]	['go', 'out', 'on', 'Saturday']	16	74	212	212	212	212	120	120	120	120	-4	-4	2	0	0
13675	195	8	1	0	Theme	-4	he	5	Theme		-1	-4	9	go	[8, 9, 10, 11]	['go', 'out', 'on', 'Saturday']	17	63	0	0	0	0	172	172	172	172	-4	-4	2	1	0
13678	195	8	1	0	Theme	-4	he	5	Theme		-1	-4	9	go	[8, 9, 10, 11]	['go', 'out', 'on', 'Saturday']	20	150	0	0	0	0	144	144	144	144	-4	-4	2	1	0
13681	195	8	1	0	Theme	-4	he	5	Theme		-1	-4	9	go	[8, 9, 10, 11]	['go', 'out', 'on', 'Saturday']	23	101	296	296	296	296	132	132	132	132	-4	-4	2	0	0
13683	195	8	1	0	Theme	-4	he	5	Theme		-1	-4	9	go	[8, 9, 10, 11]	['go', 'out', 'on', 'Saturday']	25	28	0	0	0	0	252	252	252	252	-4	-4	2	1	0
13685	195	8	1	0	Theme	-4	he	5	Theme		-1	-4	9	go	[8, 9, 10, 11]	['go', 'out', 'on', 'Saturday']	28	152	0	0	0	0	244	244	244	412	-4	-4	2	1	0
13686	195	8	1	0	Theme	-4	he	5	Theme		-1	-4	9	go	[8, 9, 10, 11]	['go', 'out', 'on', 'Saturday']	29	119	0	0	0	0	176	176	176	176	-4	-4	2	1	0
13687	195	8	1	0	Theme	-4	he	5	Theme		-1	-4	9	go	[8, 9, 10, 11]	['go', 'out', 'on', 'Saturday']	30	117	0	0	0	0	184	184	184	184	-4	-4	2	1	0
13688	195	8	1	0	Theme	-4	he	5	Theme		-1	-4	9	go	[8, 9, 10, 11]	['go', 'out', 'on', 'Saturday']	31	116	0	0	0	0	212	212	212	212	-4	-4	2	1	0
13689	195	8	1	0	Theme	-4	he	5	Theme		-1	-4	9	go	[8, 9, 10, 11]	['go', 'out', 'on', 'Saturday']	32	74	264	264	264	264	140	140	140	140	-4	-4	2	0	0
13692	195	8	1	0	Theme	-4	he	5	Theme		-1	-4	9	go	[8, 9, 10, 11]	['go', 'out', 'on', 'Saturday']	35	85	0	0	0	0	188	188	188	188	-4	-4	2	1	0
13693	195	8	1	0	Theme	-4	he	5	Theme		-1	-4	9	go	[8, 9, 10, 11]	['go', 'out', 'on', 'Saturday']	36	61	0	0	0	0	204	204	204	204	-4	-4	2	1	0
13694	195	8	1	0	Theme	-4	he	5	Theme		-1	-4	9	go	[8, 9, 10, 11]	['go', 'out', 'on', 'Saturday']	37	160	168	168	168	168	164	164	164	164	-4	-4	2	0	0
13695	195	8	1	0	Theme	-4	he	5	Theme		-1	-4	9	go	[8, 9, 10, 11]	['go', 'out', 'on', 'Saturday']	38	198	0	0	0	0	212	212	212	212	-4	-4	2	1	0
13696	195	8	1	0	Theme	-4	he	5	Theme		-1	-4	9	go	[8, 9, 10, 11]	['go', 'out', 'on', 'Saturday']	39	123	0	0	0	0	156	156	156	156	-4	-4	2	1	0
13697	195	8	1	0	Theme	-4	he	5	Theme		-1	-4	9	go	[8, 9, 10, 11]	['go', 'out', 'on', 'Saturday']	40	74	164	164	164	164	244	244	244	244	-4	-4	2	0	0
13698	195	8	1	0	Theme	-4	he	5	Theme		-1	-4	9	go	[8, 9, 10, 11]	['go', 'out', 'on', 'Saturday']	41	132	0	0	0	0	240	240	240	240	-4	-4	2	1	0
13699	195	8	1	0	Theme	-4	he	5	Theme		-1	-4	9	go	[8, 9, 10, 11]	['go', 'out', 'on', 'Saturday']	42	139	0	0	0	0	224	224	224	224	-4	-4	2	1	0
13701	197	1	1	1	Agent	-1	Billy	1	Agent		-1	-1	2	knocked	[1, 2]	['knocked', 'on']	1	104	204	204	204	204	212	212	212	212	-1	-1	7	0	0
13702	197	1	1	1	Agent	-1	Billy	1	Agent		-1	-1	2	knocked	[1, 2]	['knocked', 'on']	2	37	168	192	192	192	128	128	128	128	-1	-1	7	0	0
13707	197	1	1	1	Agent	-1	Billy	1	Agent		-1	-1	2	knocked	[1, 2]	['knocked', 'on']	7	22	116	116	116	116	148	148	148	148	-1	-1	7	0	0
13710	197	1	1	1	Agent	-1	Billy	1	Agent		-1	-1	2	knocked	[1, 2]	['knocked', 'on']	11	31	208	344	344	344	136	136	136	136	-1	-1	7	0	0
13712	197	1	1	1	Agent	-1	Billy	1	Agent		-1	-1	2	knocked	[1, 2]	['knocked', 'on']	13	78	208	208	208	208	236	236	236	236	-1	-1	7	0	0
13714	197	1	1	1	Agent	-1	Billy	1	Agent		-1	-1	2	knocked	[1, 2]	['knocked', 'on']	15	203	184	184	184	184	108	108	108	108	-1	-1	7	0	0
13717	197	1	1	1	Agent	-1	Billy	1	Agent		-1	-1	2	knocked	[1, 2]	['knocked', 'on']	19	75	180	180	180	180	196	196	196	196	-1	-1	7	0	0
13721	197	1	1	1	Agent	-1	Billy	1	Agent		-1	-1	2	knocked	[1, 2]	['knocked', 'on']	23	110	196	408	592	844	132	132	132	132	-1	-1	7	0	0
13722	197	1	1	1	Agent	-1	Billy	1	Agent		-1	-1	2	knocked	[1, 2]	['knocked', 'on']	24	104	148	304	304	304	192	192	192	192	-1	-1	7	0	0
13727	197	1	1	1	Agent	-1	Billy	1	Agent		-1	-1	2	knocked	[1, 2]	['knocked', 'on']	30	118	148	148	280	680	300	300	300	300	-1	-1	7	0	0
13729	197	1	1	1	Agent	-1	Billy	1	Agent		-1	-1	2	knocked	[1, 2]	['knocked', 'on']	32	118	220	220	220	220	260	260	260	260	-1	-1	7	0	0
13734	197	1	1	1	Agent	-1	Billy	1	Agent		-1	-1	2	knocked	[1, 2]	['knocked', 'on']	37	50	180	296	296	296	148	148	148	148	-1	-1	7	0	0
13736	197	1	1	1	Agent	-1	Billy	1	Agent		-1	-1	2	knocked	[1, 2]	['knocked', 'on']	39	55	0	0	0	0	120	244	244	548	-1	-1	7	1	0
13741	197	4	1	0	Theme	-4	Billy	1	Theme		-1	-4	7	waited	[6]	['waited']	1	104	0	0	0	0	140	340	340	340	-4	-4	6	1	0
13742	197	4	1	0	Theme	-4	Billy	1	Theme		-1	-4	7	waited	[6]	['waited']	2	37	144	144	144	144	144	144	144	144	-4	-4	6	0	0
13743	197	4	1	0	Theme	-4	Billy	1	Theme		-1	-4	7	waited	[6]	['waited']	3	195	240	240	240	240	216	216	216	216	-4	-4	6	0	0
13744	197	4	1	0	Theme	-4	Billy	1	Theme		-1	-4	7	waited	[6]	['waited']	4	25	228	228	228	228	160	160	160	160	-4	-4	6	0	0
13745	197	4	1	0	Theme	-4	Billy	1	Theme		-1	-4	7	waited	[6]	['waited']	5	93	0	0	0	0	56	84	84	84	-4	-4	6	1	0
13753	197	4	1	0	Theme	-4	Billy	1	Theme		-1	-4	7	waited	[6]	['waited']	14	40	220	220	220	220	164	164	164	164	-4	-4	6	0	0
13754	197	4	1	0	Theme	-4	Billy	1	Theme		-1	-4	7	waited	[6]	['waited']	15	203	0	0	0	0	152	152	152	152	-4	-4	6	1	0
13755	197	4	1	0	Theme	-4	Billy	1	Theme		-1	-4	7	waited	[6]	['waited']	16	152	172	172	172	172	160	304	304	304	-4	-4	6	0	0
13756	197	4	1	0	Theme	-4	Billy	1	Theme		-1	-4	7	waited	[6]	['waited']	18	156	128	128	128	128	216	216	216	216	-4	-4	6	0	0
13757	197	4	1	0	Theme	-4	Billy	1	Theme		-1	-4	7	waited	[6]	['waited']	19	75	204	204	204	204	228	228	228	228	-4	-4	6	0	0
13759	197	4	1	0	Theme	-4	Billy	1	Theme		-1	-4	7	waited	[6]	['waited']	21	104	140	140	140	140	132	132	132	132	-4	-4	6	0	0
13760	197	4	1	0	Theme	-4	Billy	1	Theme		-1	-4	7	waited	[6]	['waited']	22	32	256	256	496	1576	192	192	192	192	-4	-4	6	0	0
13761	197	4	1	0	Theme	-4	Billy	1	Theme		-1	-4	7	waited	[6]	['waited']	23	110	228	228	228	228	204	204	204	204	-4	-4	6	0	0
13762	197	4	1	0	Theme	-4	Billy	1	Theme		-1	-4	7	waited	[6]	['waited']	24	104	252	252	252	252	240	240	240	240	-4	-4	6	0	0
13764	197	4	1	0	Theme	-4	Billy	1	Theme		-1	-4	7	waited	[6]	['waited']	27	83	240	380	380	380	240	240	240	240	-4	-4	6	0	0
13765	197	4	1	0	Theme	-4	Billy	1	Theme		-1	-4	7	waited	[6]	['waited']	28	101	236	236	236	236	308	308	308	460	-4	-4	6	0	0
13766	197	4	1	0	Theme	-4	Billy	1	Theme		-1	-4	7	waited	[6]	['waited']	29	201	228	228	228	228	352	352	352	352	-4	-4	6	0	0
13767	197	4	1	0	Theme	-4	Billy	1	Theme		-1	-4	7	waited	[6]	['waited']	30	118	208	284	284	284	300	300	300	300	-4	-4	6	0	0
13768	197	4	1	0	Theme	-4	Billy	1	Theme		-1	-4	7	waited	[6]	['waited']	31	64	128	128	128	128	144	316	316	860	-4	-4	6	0	0
13769	197	4	1	0	Theme	-4	Billy	1	Theme		-1	-4	7	waited	[6]	['waited']	32	118	192	340	340	340	248	492	492	492	-4	-4	6	0	0
13770	197	4	1	0	Theme	-4	Billy	1	Theme		-1	-4	7	waited	[6]	['waited']	33	62	268	268	268	268	184	184	184	184	-4	-4	6	0	0
13771	197	4	1	0	Theme	-4	Billy	1	Theme		-1	-4	7	waited	[6]	['waited']	34	149	108	108	108	108	120	120	120	120	-4	-4	6	0	0
13772	197	4	1	0	Theme	-4	Billy	1	Theme		-1	-4	7	waited	[6]	['waited']	35	193	0	0	0	0	188	188	188	188	-4	-4	6	1	0
13774	197	4	1	0	Theme	-4	Billy	1	Theme		-1	-4	7	waited	[6]	['waited']	37	50	208	308	308	308	156	156	156	156	-4	-4	6	0	0
13775	197	4	1	0	Theme	-4	Billy	1	Theme		-1	-4	7	waited	[6]	['waited']	38	45	220	220	220	220	184	184	184	184	-4	-4	6	0	0
13776	197	4	1	0	Theme	-4	Billy	1	Theme		-1	-4	7	waited	[6]	['waited']	39	55	132	132	132	132	148	148	148	148	-4	-4	6	0	0
13778	197	4	1	0	Theme	-4	Billy	1	Theme		-1	-4	7	waited	[6]	['waited']	41	65	192	192	192	192	232	232	232	232	-4	-4	6	0	0
13780	197	4	1	0	Theme	-4	Billy	1	Theme		-1	-4	7	waited	[6]	['waited']	43	25	180	180	180	180	120	120	120	120	-4	-4	6	0	0
13783	197	12	2	1	Recipient	-4	he	9	Participant	till	8	-6	11	told	[10]	['told']	3	195	140	140	140	140	360	360	360	360	-4	-6	4	0	0
13785	197	12	2	1	Recipient	-4	he	9	Participant	till	8	-6	11	told	[10]	['told']	5	93	0	0	0	0	268	524	524	524	-4	-6	4	1	0
13787	197	12	2	1	Recipient	-4	he	9	Participant	till	8	-6	11	told	[10]	['told']	7	22	0	0	0	0	160	160	160	160	-4	-6	4	1	0
13793	197	12	2	1	Recipient	-4	he	9	Participant	till	8	-6	11	told	[10]	['told']	14	40	232	232	232	232	184	184	184	184	-4	-6	4	0	0
13795	197	12	2	1	Recipient	-4	he	9	Participant	till	8	-6	11	told	[10]	['told']	16	152	100	100	100	300	136	136	136	136	-4	-6	4	0	0
13796	197	12	2	1	Recipient	-4	he	9	Participant	till	8	-6	11	told	[10]	['told']	18	156	232	232	232	232	192	192	192	192	-4	-6	4	0	0
13798	197	12	2	1	Recipient	-4	he	9	Participant	till	8	-6	11	told	[10]	['told']	20	132	0	0	0	0	184	184	184	184	-4	-6	4	1	0
13806	197	12	2	1	Recipient	-4	he	9	Participant	till	8	-6	11	told	[10]	['told']	29	201	216	216	216	216	144	144	144	144	-4	-6	4	0	0
13807	197	12	2	1	Recipient	-4	he	9	Participant	till	8	-6	11	told	[10]	['told']	30	118	0	0	0	0	236	236	236	236	-4	-6	4	1	0
13818	197	12	2	1	Recipient	-4	he	9	Participant	till	8	-6	11	told	[10]	['told']	41	65	164	164	164	164	132	132	132	132	-4	-6	4	0	0
13819	197	12	2	1	Recipient	-4	he	9	Participant	till	8	-6	11	told	[10]	['told']	42	198	0	0	0	0	148	148	148	148	-4	-6	4	1	0
13820	197	12	2	1	Recipient	-4	he	9	Participant	till	8	-6	11	told	[10]	['told']	43	25	152	152	152	152	156	156	156	156	-4	-6	4	0	0
13821	197	16	1	0	Agent	-8	he	9	Agent		-1	-8	12	to	[11]	['to']	1	104	0	0	0	0	468	468	468	1928	-8	-8	2	1	0
13822	197	16	1	0	Agent	-8	he	9	Agent		-1	-8	12	to	[11]	['to']	2	37	0	0	0	0	260	260	260	908	-8	-8	2	1	0
13823	197	16	1	0	Agent	-8	he	9	Agent		-1	-8	12	to	[11]	['to']	3	195	360	360	360	360	156	456	456	456	-8	-8	2	0	0
13824	197	16	1	0	Agent	-8	he	9	Agent		-1	-8	12	to	[11]	['to']	4	25	0	0	0	0	184	304	304	736	-8	-8	2	1	0
13825	197	16	1	0	Agent	-8	he	9	Agent		-1	-8	12	to	[11]	['to']	5	93	268	524	524	524	268	268	268	400	-8	-8	2	0	0
13826	197	16	1	0	Agent	-8	he	9	Agent		-1	-8	12	to	[11]	['to']	6	70	0	0	0	0	224	380	380	904	-8	-8	2	1	0
13827	197	16	1	0	Agent	-8	he	9	Agent		-1	-8	12	to	[11]	['to']	7	22	160	160	160	160	184	184	184	1772	-8	-8	2	0	0
13828	197	16	1	0	Agent	-8	he	9	Agent		-1	-8	12	to	[11]	['to']	8	24	0	0	0	0	232	380	380	708	-8	-8	2	1	0
13829	197	16	1	0	Agent	-8	he	9	Agent		-1	-8	12	to	[11]	['to']	10	8	0	0	0	0	124	364	364	888	-8	-8	2	1	0
13830	197	16	1	0	Agent	-8	he	9	Agent		-1	-8	12	to	[11]	['to']	11	31	0	0	0	0	212	624	624	764	-8	-8	2	1	0
13831	197	16	1	0	Agent	-8	he	9	Agent		-1	-8	12	to	[11]	['to']	12	61	0	0	0	0	188	188	188	764	-8	-8	2	1	0
13832	197	16	1	0	Agent	-8	he	9	Agent		-1	-8	12	to	[11]	['to']	13	78	0	0	0	0	368	368	368	1120	-8	-8	2	1	0
13833	197	16	1	0	Agent	-8	he	9	Agent		-1	-8	12	to	[11]	['to']	14	40	184	184	184	184	164	164	364	532	-8	-8	2	0	0
13834	197	16	1	0	Agent	-8	he	9	Agent		-1	-8	12	to	[11]	['to']	15	203	0	0	0	0	244	244	244	616	-8	-8	2	1	0
13835	197	16	1	0	Agent	-8	he	9	Agent		-1	-8	12	to	[11]	['to']	16	152	136	136	136	136	196	196	628	900	-8	-8	2	0	0
13836	197	16	1	0	Agent	-8	he	9	Agent		-1	-8	12	to	[11]	['to']	18	156	192	192	192	192	200	200	200	340	-8	-8	2	0	0
13837	197	16	1	0	Agent	-8	he	9	Agent		-1	-8	12	to	[11]	['to']	19	75	0	0	0	0	216	216	216	1340	-8	-8	2	1	0
13838	197	16	1	0	Agent	-8	he	9	Agent		-1	-8	12	to	[11]	['to']	20	132	184	184	184	184	88	88	136	1396	-8	-8	2	0	0
13839	197	16	1	0	Agent	-8	he	9	Agent		-1	-8	12	to	[11]	['to']	21	104	0	0	0	0	224	224	224	384	-8	-8	2	1	0
13840	197	16	1	0	Agent	-8	he	9	Agent		-1	-8	12	to	[11]	['to']	22	32	0	0	0	0	456	456	456	1228	-8	-8	2	1	0
13841	197	16	1	0	Agent	-8	he	9	Agent		-1	-8	12	to	[11]	['to']	23	110	0	0	0	0	324	500	500	948	-8	-8	2	1	0
13842	197	16	1	0	Agent	-8	he	9	Agent		-1	-8	12	to	[11]	['to']	24	104	0	0	0	0	228	228	228	760	-8	-8	2	1	0
13843	197	16	1	0	Agent	-8	he	9	Agent		-1	-8	12	to	[11]	['to']	25	181	0	0	0	0	204	204	204	588	-8	-8	2	1	0
13844	197	16	1	0	Agent	-8	he	9	Agent		-1	-8	12	to	[11]	['to']	27	83	0	0	0	0	172	272	272	624	-8	-8	2	1	0
13845	197	16	1	0	Agent	-8	he	9	Agent		-1	-8	12	to	[11]	['to']	28	101	0	0	0	0	216	452	452	452	-8	-8	2	1	0
13846	197	16	1	0	Agent	-8	he	9	Agent		-1	-8	12	to	[11]	['to']	29	201	144	144	144	144	228	228	228	536	-8	-8	2	0	0
13847	197	16	1	0	Agent	-8	he	9	Agent		-1	-8	12	to	[11]	['to']	30	118	236	236	236	236	304	856	856	856	-8	-8	2	0	0
13849	197	16	1	0	Agent	-8	he	9	Agent		-1	-8	12	to	[11]	['to']	32	118	0	0	0	0	276	276	276	276	-8	-8	2	1	0
13850	197	16	1	0	Agent	-8	he	9	Agent		-1	-8	12	to	[11]	['to']	33	62	0	0	0	0	200	200	200	1380	-8	-8	2	1	0
13851	197	16	1	0	Agent	-8	he	9	Agent		-1	-8	12	to	[11]	['to']	34	149	0	0	0	0	276	276	404	572	-8	-8	2	1	0
13852	197	16	1	0	Agent	-8	he	9	Agent		-1	-8	12	to	[11]	['to']	35	193	0	0	0	0	216	216	216	216	-8	-8	2	1	0
13853	197	16	1	0	Agent	-8	he	9	Agent		-1	-8	12	to	[11]	['to']	36	136	0	0	0	0	220	220	220	1260	-8	-8	2	1	0
13854	197	16	1	0	Agent	-8	he	9	Agent		-1	-8	12	to	[11]	['to']	37	50	0	0	0	0	200	280	280	280	-8	-8	2	1	0
13855	197	16	1	0	Agent	-8	he	9	Agent		-1	-8	12	to	[11]	['to']	38	45	0	0	0	0	180	380	380	1280	-8	-8	2	1	0
13856	197	16	1	0	Agent	-8	he	9	Agent		-1	-8	12	to	[11]	['to']	39	55	0	0	0	0	220	220	220	844	-8	-8	2	1	0
13858	197	16	1	0	Agent	-8	he	9	Agent		-1	-8	12	to	[11]	['to']	41	65	132	132	132	132	136	136	136	668	-8	-8	2	0	0
13859	197	16	1	0	Agent	-8	he	9	Agent		-1	-8	12	to	[11]	['to']	42	198	148	148	148	148	232	232	232	448	-8	-8	2	0	0
13860	197	16	1	0	Agent	-8	he	9	Agent		-1	-8	12	to	[11]	['to']	43	25	156	156	156	156	184	184	184	524	-8	-8	2	0	0
13901	198	1	1	1	Agent	-1	Bob	1	Agent		-1	-1	2	sat	[1, 2]	['sat', 'at']	1	30	0	0	0	0	308	308	308	308	-1	-1	3	1	0
13902	198	1	1	1	Agent	-1	Bob	1	Agent		-1	-1	2	sat	[1, 2]	['sat', 'at']	2	113	0	0	0	0	160	160	160	324	-1	-1	3	1	0
13903	198	1	1	1	Agent	-1	Bob	1	Agent		-1	-1	2	sat	[1, 2]	['sat', 'at']	3	48	192	192	192	192	192	192	192	192	-1	-1	3	0	0
13904	198	1	1	1	Agent	-1	Bob	1	Agent		-1	-1	2	sat	[1, 2]	['sat', 'at']	4	87	260	260	260	260	232	232	232	232	-1	-1	3	0	0
13905	198	1	1	1	Agent	-1	Bob	1	Agent		-1	-1	2	sat	[1, 2]	['sat', 'at']	5	154	0	0	0	0	264	264	264	540	-1	-1	3	1	0
13908	198	1	1	1	Agent	-1	Bob	1	Agent		-1	-1	2	sat	[1, 2]	['sat', 'at']	8	103	264	264	264	264	216	216	216	216	-1	-1	3	0	0
13909	198	1	1	1	Agent	-1	Bob	1	Agent		-1	-1	2	sat	[1, 2]	['sat', 'at']	10	92	280	452	452	452	136	136	136	136	-1	-1	3	0	0
13910	198	1	1	1	Agent	-1	Bob	1	Agent		-1	-1	2	sat	[1, 2]	['sat', 'at']	11	39	152	152	152	152	136	136	136	136	-1	-1	3	0	0
13911	198	1	1	1	Agent	-1	Bob	1	Agent		-1	-1	2	sat	[1, 2]	['sat', 'at']	12	79	0	0	0	0	252	252	252	660	-1	-1	3	1	0
13913	198	1	1	1	Agent	-1	Bob	1	Agent		-1	-1	2	sat	[1, 2]	['sat', 'at']	14	195	236	236	236	308	172	172	172	172	-1	-1	3	0	0
13914	198	1	1	1	Agent	-1	Bob	1	Agent		-1	-1	2	sat	[1, 2]	['sat', 'at']	15	8	0	0	0	0	244	244	244	244	-1	-1	3	1	0
13915	198	1	1	1	Agent	-1	Bob	1	Agent		-1	-1	2	sat	[1, 2]	['sat', 'at']	16	197	192	192	192	192	212	212	212	212	-1	-1	3	0	0
13917	198	1	1	1	Agent	-1	Bob	1	Agent		-1	-1	2	sat	[1, 2]	['sat', 'at']	18	33	0	0	0	0	224	224	224	472	-1	-1	3	1	0
13920	198	1	1	1	Agent	-1	Bob	1	Agent		-1	-1	2	sat	[1, 2]	['sat', 'at']	21	139	0	0	0	0	212	212	212	212	-1	-1	3	1	0
13927	198	1	1	1	Agent	-1	Bob	1	Agent		-1	-1	2	sat	[1, 2]	['sat', 'at']	29	138	296	296	296	296	204	204	204	204	-1	-1	3	0	0
13928	198	1	1	1	Agent	-1	Bob	1	Agent		-1	-1	2	sat	[1, 2]	['sat', 'at']	30	196	404	404	404	404	240	240	240	240	-1	-1	3	0	0
13929	198	1	1	1	Agent	-1	Bob	1	Agent		-1	-1	2	sat	[1, 2]	['sat', 'at']	31	80	0	0	0	0	156	156	156	156	-1	-1	3	1	0
13933	198	1	1	1	Agent	-1	Bob	1	Agent		-1	-1	2	sat	[1, 2]	['sat', 'at']	35	88	0	0	0	0	164	164	164	164	-1	-1	3	1	0
13934	198	1	1	1	Agent	-1	Bob	1	Agent		-1	-1	2	sat	[1, 2]	['sat', 'at']	36	177	0	0	0	0	220	220	220	220	-1	-1	3	1	0
13936	198	1	1	1	Agent	-1	Bob	1	Agent		-1	-1	2	sat	[1, 2]	['sat', 'at']	38	50	204	344	344	344	152	152	152	152	-1	-1	3	0	0
13939	198	1	1	1	Agent	-1	Bob	1	Agent		-1	-1	2	sat	[1, 2]	['sat', 'at']	41	203	0	0	0	0	172	172	372	716	-1	-1	3	1	0
13940	198	1	1	1	Agent	-1	Bob	1	Agent		-1	-1	2	sat	[1, 2]	['sat', 'at']	42	118	0	0	0	0	204	204	204	204	-1	-1	3	1	0
13941	198	1	1	1	Agent	-1	Bob	1	Agent		-1	-1	2	sat	[1, 2]	['sat', 'at']	43	42	232	232	232	420	120	120	120	120	-1	-1	3	0	0
13944	198	5	1	1	Agent	-5	Bob	1	Agent		-1	-5	10	made	[9, 10]	['made', 'up']	3	48	144	224	224	224	168	168	168	168	-5	-5	4	0	0
13945	198	5	1	1	Agent	-5	Bob	1	Agent		-1	-5	10	made	[9, 10]	['made', 'up']	4	87	132	132	132	196	220	220	220	220	-5	-5	4	0	0
13946	198	5	1	1	Agent	-5	Bob	1	Agent		-1	-5	10	made	[9, 10]	['made', 'up']	5	154	196	196	196	196	256	256	256	256	-5	-5	4	0	0
13950	198	5	1	1	Agent	-5	Bob	1	Agent		-1	-5	10	made	[9, 10]	['made', 'up']	10	92	152	152	152	152	100	100	100	100	-5	-5	4	0	0
13952	198	5	1	1	Agent	-5	Bob	1	Agent		-1	-5	10	made	[9, 10]	['made', 'up']	12	79	0	0	0	0	200	200	200	200	-5	-5	4	1	0
13954	198	5	1	1	Agent	-5	Bob	1	Agent		-1	-5	10	made	[9, 10]	['made', 'up']	14	195	140	140	140	140	132	132	132	132	-5	-5	4	0	0
13955	198	5	1	1	Agent	-5	Bob	1	Agent		-1	-5	10	made	[9, 10]	['made', 'up']	15	8	0	0	0	0	104	104	104	104	-5	-5	4	1	0
13960	198	5	1	1	Agent	-5	Bob	1	Agent		-1	-5	10	made	[9, 10]	['made', 'up']	20	65	0	0	0	0	216	216	216	216	-5	-5	4	1	0
13962	198	5	1	1	Agent	-5	Bob	1	Agent		-1	-5	10	made	[9, 10]	['made', 'up']	22	65	204	204	204	204	152	152	152	152	-5	-5	4	0	0
13968	198	5	1	1	Agent	-5	Bob	1	Agent		-1	-5	10	made	[9, 10]	['made', 'up']	29	138	0	0	0	0	216	216	216	216	-5	-5	4	1	0
13969	198	5	1	1	Agent	-5	Bob	1	Agent		-1	-5	10	made	[9, 10]	['made', 'up']	30	196	216	216	216	216	84	504	504	504	-5	-5	4	0	0
13970	198	5	1	1	Agent	-5	Bob	1	Agent		-1	-5	10	made	[9, 10]	['made', 'up']	31	80	0	0	0	0	164	164	164	164	-5	-5	4	1	0
13971	198	5	1	1	Agent	-5	Bob	1	Agent		-1	-5	10	made	[9, 10]	['made', 'up']	32	170	0	0	0	0	220	220	220	400	-5	-5	4	1	0
13976	198	5	1	1	Agent	-5	Bob	1	Agent		-1	-5	10	made	[9, 10]	['made', 'up']	37	4	224	224	224	224	60	60	60	60	-5	-5	4	0	0
13977	198	5	1	1	Agent	-5	Bob	1	Agent		-1	-5	10	made	[9, 10]	['made', 'up']	38	50	168	168	168	168	164	164	164	164	-5	-5	4	0	0
13979	198	5	1	1	Agent	-5	Bob	1	Agent		-1	-5	10	made	[9, 10]	['made', 'up']	40	100	132	132	132	132	136	136	136	136	-5	-5	4	0	0
13983	199	1	1	1	Agent	-1	Brian	1	Agent		-1	-1	2	sat	[1, 2, 3]	['sat', 'down', 'at']	1	153	228	228	228	228	92	92	92	92	-1	-1	3	0	0
13984	199	1	1	1	Agent	-1	Brian	1	Agent		-1	-1	2	sat	[1, 2, 3]	['sat', 'down', 'at']	2	58	60	60	60	60	164	164	164	164	-1	-1	3	0	0
13985	199	1	1	1	Agent	-1	Brian	1	Agent		-1	-1	2	sat	[1, 2, 3]	['sat', 'down', 'at']	3	82	200	324	324	324	152	152	152	152	-1	-1	3	0	0
13988	199	1	1	1	Agent	-1	Brian	1	Agent		-1	-1	2	sat	[1, 2, 3]	['sat', 'down', 'at']	6	101	0	0	0	0	148	148	148	148	-1	-1	3	1	0
13989	199	1	1	1	Agent	-1	Brian	1	Agent		-1	-1	2	sat	[1, 2, 3]	['sat', 'down', 'at']	7	173	0	0	0	0	116	116	116	296	-1	-1	3	1	0
13990	199	1	1	1	Agent	-1	Brian	1	Agent		-1	-1	2	sat	[1, 2, 3]	['sat', 'down', 'at']	8	121	208	208	208	208	208	208	208	448	-1	-1	3	0	0
13991	199	1	1	1	Agent	-1	Brian	1	Agent		-1	-1	2	sat	[1, 2, 3]	['sat', 'down', 'at']	9	8	0	0	0	0	144	144	268	400	-1	-1	3	1	0
13992	199	1	1	1	Agent	-1	Brian	1	Agent		-1	-1	2	sat	[1, 2, 3]	['sat', 'down', 'at']	10	9	204	204	204	204	112	112	112	112	-1	-1	3	0	0
13993	199	1	1	1	Agent	-1	Brian	1	Agent		-1	-1	2	sat	[1, 2, 3]	['sat', 'down', 'at']	11	6	156	292	292	292	124	124	124	124	-1	-1	3	0	0
13995	199	1	1	1	Agent	-1	Brian	1	Agent		-1	-1	2	sat	[1, 2, 3]	['sat', 'down', 'at']	13	34	228	228	228	228	164	164	164	164	-1	-1	3	0	0
13996	199	1	1	1	Agent	-1	Brian	1	Agent		-1	-1	2	sat	[1, 2, 3]	['sat', 'down', 'at']	14	198	160	160	160	308	168	168	168	168	-1	-1	3	0	0
13998	199	1	1	1	Agent	-1	Brian	1	Agent		-1	-1	2	sat	[1, 2, 3]	['sat', 'down', 'at']	16	141	124	124	124	124	184	184	184	184	-1	-1	3	0	0
14000	199	1	1	1	Agent	-1	Brian	1	Agent		-1	-1	2	sat	[1, 2, 3]	['sat', 'down', 'at']	18	117	0	0	0	0	208	208	208	208	-1	-1	3	1	0
14001	199	1	1	1	Agent	-1	Brian	1	Agent		-1	-1	2	sat	[1, 2, 3]	['sat', 'down', 'at']	19	46	184	184	184	184	84	84	84	84	-1	-1	3	0	0
14002	199	1	1	1	Agent	-1	Brian	1	Agent		-1	-1	2	sat	[1, 2, 3]	['sat', 'down', 'at']	20	49	252	252	252	388	160	160	160	160	-1	-1	3	0	0
14003	199	1	1	1	Agent	-1	Brian	1	Agent		-1	-1	2	sat	[1, 2, 3]	['sat', 'down', 'at']	21	67	140	140	140	140	148	148	148	148	-1	-1	3	0	0
14004	199	1	1	1	Agent	-1	Brian	1	Agent		-1	-1	2	sat	[1, 2, 3]	['sat', 'down', 'at']	22	107	204	204	204	204	204	204	204	204	-1	-1	3	0	0
14005	199	1	1	1	Agent	-1	Brian	1	Agent		-1	-1	2	sat	[1, 2, 3]	['sat', 'down', 'at']	23	177	248	248	248	248	252	252	252	252	-1	-1	3	0	0
14006	199	1	1	1	Agent	-1	Brian	1	Agent		-1	-1	2	sat	[1, 2, 3]	['sat', 'down', 'at']	24	194	128	128	128	128	328	532	532	532	-1	-1	3	0	0
14007	199	1	1	1	Agent	-1	Brian	1	Agent		-1	-1	2	sat	[1, 2, 3]	['sat', 'down', 'at']	25	53	0	0	0	0	220	220	348	860	-1	-1	3	1	0
14009	199	1	1	1	Agent	-1	Brian	1	Agent		-1	-1	2	sat	[1, 2, 3]	['sat', 'down', 'at']	28	201	0	0	0	0	236	236	432	1252	-1	-1	3	1	0
14011	199	1	1	1	Agent	-1	Brian	1	Agent		-1	-1	2	sat	[1, 2, 3]	['sat', 'down', 'at']	30	21	184	184	184	184	252	528	528	528	-1	-1	3	0	0
14012	199	1	1	1	Agent	-1	Brian	1	Agent		-1	-1	2	sat	[1, 2, 3]	['sat', 'down', 'at']	31	16	180	180	180	180	208	208	208	208	-1	-1	3	0	0
14013	199	1	1	1	Agent	-1	Brian	1	Agent		-1	-1	2	sat	[1, 2, 3]	['sat', 'down', 'at']	32	42	232	232	232	232	216	216	216	216	-1	-1	3	0	0
14014	199	1	1	1	Agent	-1	Brian	1	Agent		-1	-1	2	sat	[1, 2, 3]	['sat', 'down', 'at']	33	100	72	248	248	248	172	172	172	172	-1	-1	3	0	0
14015	199	1	1	1	Agent	-1	Brian	1	Agent		-1	-1	2	sat	[1, 2, 3]	['sat', 'down', 'at']	34	26	276	276	276	276	324	324	324	324	-1	-1	3	0	0
14016	199	1	1	1	Agent	-1	Brian	1	Agent		-1	-1	2	sat	[1, 2, 3]	['sat', 'down', 'at']	35	45	148	148	148	148	152	152	152	152	-1	-1	3	0	0
14018	199	1	1	1	Agent	-1	Brian	1	Agent		-1	-1	2	sat	[1, 2, 3]	['sat', 'down', 'at']	37	82	200	200	200	200	136	136	136	136	-1	-1	3	0	0
14019	199	1	1	1	Agent	-1	Brian	1	Agent		-1	-1	2	sat	[1, 2, 3]	['sat', 'down', 'at']	38	143	0	0	0	0	236	236	236	328	-1	-1	3	1	0
14020	199	1	1	1	Agent	-1	Brian	1	Agent		-1	-1	2	sat	[1, 2, 3]	['sat', 'down', 'at']	39	161	0	0	0	0	232	232	232	360	-1	-1	3	1	0
14021	199	1	1	1	Agent	-1	Brian	1	Agent		-1	-1	2	sat	[1, 2, 3]	['sat', 'down', 'at']	40	4	220	220	220	220	220	456	456	456	-1	-1	3	0	0
14023	199	1	1	1	Agent	-1	Brian	1	Agent		-1	-1	2	sat	[1, 2, 3]	['sat', 'down', 'at']	42	71	0	0	0	0	160	292	292	292	-1	-1	3	1	0
14024	199	1	1	1	Agent	-1	Brian	1	Agent		-1	-1	2	sat	[1, 2, 3]	['sat', 'down', 'at']	43	157	0	0	0	0	164	164	164	164	-1	-1	3	1	0
14027	199	5	1	1	Agent	-5	Brian	1	Agent		-1	-5	9	began	[8, 9]	['began', 'to']	3	82	156	332	332	332	184	184	184	184	-5	-5	5	0	0
14052	199	5	1	1	Agent	-5	Brian	1	Agent		-1	-5	9	began	[8, 9]	['began', 'to']	29	136	200	200	200	200	160	160	160	160	-5	-5	5	0	0
14064	199	5	1	1	Agent	-5	Brian	1	Agent		-1	-5	9	began	[8, 9]	['began', 'to']	41	96	0	0	0	0	208	208	208	208	-5	-5	5	1	0
14068	199	7	1	1	Agent	-7	Brian	1	Agent		-1	-7	11	eat	[10]	['eat']	2	58	148	148	148	148	80	80	80	80	-7	-7	3	0	0
14069	199	7	1	1	Agent	-7	Brian	1	Agent		-1	-7	11	eat	[10]	['eat']	3	82	180	180	180	180	204	204	204	204	-7	-7	3	0	0
14071	199	7	1	1	Agent	-7	Brian	1	Agent		-1	-7	11	eat	[10]	['eat']	5	34	0	0	0	0	164	164	164	164	-7	-7	3	1	0
14073	199	7	1	1	Agent	-7	Brian	1	Agent		-1	-7	11	eat	[10]	['eat']	7	173	0	0	0	0	140	140	140	140	-7	-7	3	1	0
14074	199	7	1	1	Agent	-7	Brian	1	Agent		-1	-7	11	eat	[10]	['eat']	8	121	164	164	164	164	164	164	164	164	-7	-7	3	0	0
14075	199	7	1	1	Agent	-7	Brian	1	Agent		-1	-7	11	eat	[10]	['eat']	9	8	72	72	72	72	160	160	160	160	-7	-7	3	0	0
14077	199	7	1	1	Agent	-7	Brian	1	Agent		-1	-7	11	eat	[10]	['eat']	11	6	0	0	0	0	264	264	264	264	-7	-7	3	1	0
14082	199	7	1	1	Agent	-7	Brian	1	Agent		-1	-7	11	eat	[10]	['eat']	16	141	0	0	0	0	204	204	204	204	-7	-7	3	1	0
14084	199	7	1	1	Agent	-7	Brian	1	Agent		-1	-7	11	eat	[10]	['eat']	18	117	0	0	0	0	204	204	204	204	-7	-7	3	1	0
14085	199	7	1	1	Agent	-7	Brian	1	Agent		-1	-7	11	eat	[10]	['eat']	19	46	172	172	172	172	164	164	164	164	-7	-7	3	0	0
14086	199	7	1	1	Agent	-7	Brian	1	Agent		-1	-7	11	eat	[10]	['eat']	20	49	0	0	0	0	252	252	252	252	-7	-7	3	1	0
14088	199	7	1	1	Agent	-7	Brian	1	Agent		-1	-7	11	eat	[10]	['eat']	22	107	0	0	0	0	248	448	448	448	-7	-7	3	1	0
14089	199	7	1	1	Agent	-7	Brian	1	Agent		-1	-7	11	eat	[10]	['eat']	23	177	324	324	324	324	496	496	496	496	-7	-7	3	0	0
14090	199	7	1	1	Agent	-7	Brian	1	Agent		-1	-7	11	eat	[10]	['eat']	24	194	0	0	0	0	164	164	164	164	-7	-7	3	1	0
14091	199	7	1	1	Agent	-7	Brian	1	Agent		-1	-7	11	eat	[10]	['eat']	25	53	0	0	0	0	228	228	228	228	-7	-7	3	1	0
14093	199	7	1	1	Agent	-7	Brian	1	Agent		-1	-7	11	eat	[10]	['eat']	28	201	0	0	0	0	180	180	180	180	-7	-7	3	1	0
14095	199	7	1	1	Agent	-7	Brian	1	Agent		-1	-7	11	eat	[10]	['eat']	30	21	232	232	232	232	92	92	92	92	-7	-7	3	0	0
14096	199	7	1	1	Agent	-7	Brian	1	Agent		-1	-7	11	eat	[10]	['eat']	31	16	0	0	0	0	152	152	152	152	-7	-7	3	1	0
14097	199	7	1	1	Agent	-7	Brian	1	Agent		-1	-7	11	eat	[10]	['eat']	32	42	260	260	260	260	84	84	84	84	-7	-7	3	0	0
14098	199	7	1	1	Agent	-7	Brian	1	Agent		-1	-7	11	eat	[10]	['eat']	33	100	168	372	372	372	232	232	232	232	-7	-7	3	0	0
14101	199	7	1	1	Agent	-7	Brian	1	Agent		-1	-7	11	eat	[10]	['eat']	36	46	0	0	0	0	148	148	148	148	-7	-7	3	1	0
14102	199	7	1	1	Agent	-7	Brian	1	Agent		-1	-7	11	eat	[10]	['eat']	37	82	172	308	308	308	148	148	148	148	-7	-7	3	0	0
14103	199	7	1	1	Agent	-7	Brian	1	Agent		-1	-7	11	eat	[10]	['eat']	38	143	0	0	0	0	220	220	220	220	-7	-7	3	1	0
14105	199	7	1	1	Agent	-7	Brian	1	Agent		-1	-7	11	eat	[10]	['eat']	40	4	216	216	216	216	136	136	136	232	-7	-7	3	0	0
14106	199	7	1	1	Agent	-7	Brian	1	Agent		-1	-7	11	eat	[10]	['eat']	41	96	0	0	0	0	228	228	228	228	-7	-7	3	1	0
14107	199	7	1	1	Agent	-7	Brian	1	Agent		-1	-7	11	eat	[10]	['eat']	42	71	0	0	0	0	148	148	148	148	-7	-7	3	1	0
14108	199	7	1	1	Agent	-7	Brian	1	Agent		-1	-7	11	eat	[10]	['eat']	43	157	204	204	204	204	128	128	128	128	-7	-7	3	0	0
14109	201	3	2	2	Agent	-1	she	4	Manner	One	1	-3	5	placed	[4]	['placed']	1	69	392	392	392	392	220	220	220	220	-1	-3	6	0	0
14110	201	3	2	2	Agent	-1	she	4	Manner	One	1	-3	5	placed	[4]	['placed']	2	77	148	148	148	148	160	160	160	160	-1	-3	6	0	0
14111	201	3	2	2	Agent	-1	she	4	Manner	One	1	-3	5	placed	[4]	['placed']	3	203	232	232	232	232	164	300	300	300	-1	-3	6	0	0
14113	201	3	2	2	Agent	-1	she	4	Manner	One	1	-3	5	placed	[4]	['placed']	5	150	228	228	228	228	216	216	216	216	-1	-3	6	0	0
14116	201	3	2	2	Agent	-1	she	4	Manner	One	1	-3	5	placed	[4]	['placed']	8	72	148	148	148	148	156	156	156	156	-1	-3	6	0	0
14117	201	3	2	2	Agent	-1	she	4	Manner	One	1	-3	5	placed	[4]	['placed']	10	13	0	0	0	0	68	244	428	1196	-1	-3	6	1	0
14118	201	3	2	2	Agent	-1	she	4	Manner	One	1	-3	5	placed	[4]	['placed']	11	204	128	128	128	128	140	140	140	140	-1	-3	6	0	0
14119	201	3	2	2	Agent	-1	she	4	Manner	One	1	-3	5	placed	[4]	['placed']	12	167	144	144	144	144	128	128	128	128	-1	-3	6	0	0
14120	201	3	2	2	Agent	-1	she	4	Manner	One	1	-3	5	placed	[4]	['placed']	13	38	0	0	0	0	184	184	184	184	-1	-3	6	1	0
14122	201	3	2	2	Agent	-1	she	4	Manner	One	1	-3	5	placed	[4]	['placed']	15	66	180	180	180	180	148	148	336	540	-1	-3	6	0	0
14123	201	3	2	2	Agent	-1	she	4	Manner	One	1	-3	5	placed	[4]	['placed']	16	85	224	400	400	400	228	368	368	368	-1	-3	6	0	0
14126	201	3	2	2	Agent	-1	she	4	Manner	One	1	-3	5	placed	[4]	['placed']	19	179	120	120	120	120	192	192	192	192	-1	-3	6	0	0
14129	201	3	2	2	Agent	-1	she	4	Manner	One	1	-3	5	placed	[4]	['placed']	22	8	248	248	248	248	288	288	288	288	-1	-3	6	0	0
14130	201	3	2	2	Agent	-1	she	4	Manner	One	1	-3	5	placed	[4]	['placed']	23	203	476	476	648	692	164	164	164	164	-1	-3	6	0	0
14132	201	3	2	2	Agent	-1	she	4	Manner	One	1	-3	5	placed	[4]	['placed']	25	139	220	220	220	220	168	168	168	168	-1	-3	6	0	0
14136	201	3	2	2	Agent	-1	she	4	Manner	One	1	-3	5	placed	[4]	['placed']	30	96	228	228	228	228	264	264	264	264	-1	-3	6	0	0
14138	201	3	2	2	Agent	-1	she	4	Manner	One	1	-3	5	placed	[4]	['placed']	32	32	232	232	232	232	208	208	208	208	-1	-3	6	0	0
14139	201	3	2	2	Agent	-1	she	4	Manner	One	1	-3	5	placed	[4]	['placed']	33	32	84	84	268	540	280	280	280	280	-1	-3	6	0	0
14141	201	3	2	2	Agent	-1	she	4	Manner	One	1	-3	5	placed	[4]	['placed']	35	73	164	164	164	164	168	168	168	168	-1	-3	6	0	0
14143	201	3	2	2	Agent	-1	she	4	Manner	One	1	-3	5	placed	[4]	['placed']	37	68	164	452	452	452	96	96	96	96	-1	-3	6	0	0
14145	201	3	2	2	Agent	-1	she	4	Manner	One	1	-3	5	placed	[4]	['placed']	39	102	196	196	348	668	148	148	148	148	-1	-3	6	0	0
14150	201	9	3	0	Patient	-2	their	9	Manner		-1	-8	12	killed	[11]	['killed']	1	69	232	612	612	612	208	208	364	2752	-2	-8	6	0	0
14151	201	9	3	0	Patient	-2	their	9	Manner		-1	-8	12	killed	[11]	['killed']	2	77	240	240	240	240	448	448	448	448	-2	-8	6	0	0
14152	201	9	3	0	Patient	-2	their	9	Manner		-1	-8	12	killed	[11]	['killed']	3	203	48	48	420	2776	452	452	452	772	-2	-8	6	0	0
14153	201	9	3	0	Patient	-2	their	9	Manner		-1	-8	12	killed	[11]	['killed']	4	113	188	188	188	188	136	136	136	992	-2	-8	6	0	0
14154	201	9	3	0	Patient	-2	their	9	Manner		-1	-8	12	killed	[11]	['killed']	5	150	88	88	88	88	248	248	248	1004	-2	-8	6	0	0
14155	201	9	3	0	Patient	-2	their	9	Manner		-1	-8	12	killed	[11]	['killed']	6	7	0	0	0	0	236	236	236	900	-2	-8	6	1	0
14156	201	9	3	0	Patient	-2	their	9	Manner		-1	-8	12	killed	[11]	['killed']	7	193	168	168	168	168	104	104	104	1648	-2	-8	6	0	0
14157	201	9	3	0	Patient	-2	their	9	Manner		-1	-8	12	killed	[11]	['killed']	8	72	232	232	232	232	248	248	248	508	-2	-8	6	0	0
14158	201	9	3	0	Patient	-2	their	9	Manner		-1	-8	12	killed	[11]	['killed']	10	13	264	264	264	264	164	164	428	1320	-2	-8	6	0	0
14159	201	9	3	0	Patient	-2	their	9	Manner		-1	-8	12	killed	[11]	['killed']	11	204	300	300	300	300	136	256	256	256	-2	-8	6	0	0
14160	201	9	3	0	Patient	-2	their	9	Manner		-1	-8	12	killed	[11]	['killed']	12	167	0	0	0	0	188	188	688	2300	-2	-8	6	1	0
14161	201	9	3	0	Patient	-2	their	9	Manner		-1	-8	12	killed	[11]	['killed']	13	38	216	216	216	216	348	348	348	876	-2	-8	6	0	0
14162	201	9	3	0	Patient	-2	their	9	Manner		-1	-8	12	killed	[11]	['killed']	14	108	384	384	384	384	192	288	288	632	-2	-8	6	0	0
14165	201	9	3	0	Patient	-2	their	9	Manner		-1	-8	12	killed	[11]	['killed']	17	11	212	212	212	212	204	204	276	2620	-2	-8	6	0	0
14166	201	9	3	0	Patient	-2	their	9	Manner		-1	-8	12	killed	[11]	['killed']	18	13	228	228	228	228	272	272	272	696	-2	-8	6	0	0
14167	201	9	3	0	Patient	-2	their	9	Manner		-1	-8	12	killed	[11]	['killed']	19	179	168	168	168	168	160	160	160	456	-2	-8	6	0	0
14168	201	9	3	0	Patient	-2	their	9	Manner		-1	-8	12	killed	[11]	['killed']	20	148	168	168	168	168	152	152	292	2816	-2	-8	6	0	0
14169	201	9	3	0	Patient	-2	their	9	Manner		-1	-8	12	killed	[11]	['killed']	21	135	228	228	228	228	160	160	160	160	-2	-8	6	0	0
14170	201	9	3	0	Patient	-2	their	9	Manner		-1	-8	12	killed	[11]	['killed']	22	8	400	400	400	400	196	868	868	868	-2	-8	6	0	0
14172	201	9	3	0	Patient	-2	their	9	Manner		-1	-8	12	killed	[11]	['killed']	24	48	368	368	368	684	144	144	144	1064	-2	-8	6	0	0
14173	201	9	3	0	Patient	-2	their	9	Manner		-1	-8	12	killed	[11]	['killed']	25	139	292	292	292	292	176	176	176	2492	-2	-8	6	0	0
14174	201	9	3	0	Patient	-2	their	9	Manner		-1	-8	12	killed	[11]	['killed']	27	58	280	408	408	408	124	124	124	964	-2	-8	6	0	0
14175	201	9	3	0	Patient	-2	their	9	Manner		-1	-8	12	killed	[11]	['killed']	28	199	216	216	216	216	252	252	252	252	-2	-8	6	0	0
14176	201	9	3	0	Patient	-2	their	9	Manner		-1	-8	12	killed	[11]	['killed']	29	107	208	324	324	324	124	124	124	568	-2	-8	6	0	0
14177	201	9	3	0	Patient	-2	their	9	Manner		-1	-8	12	killed	[11]	['killed']	30	96	304	304	304	304	860	860	860	1228	-2	-8	6	0	0
14178	201	9	3	0	Patient	-2	their	9	Manner		-1	-8	12	killed	[11]	['killed']	31	31	140	284	284	284	296	296	296	296	-2	-8	6	0	0
14179	201	9	3	0	Patient	-2	their	9	Manner		-1	-8	12	killed	[11]	['killed']	32	32	180	180	180	180	456	456	456	728	-2	-8	6	0	0
14180	201	9	3	0	Patient	-2	their	9	Manner		-1	-8	12	killed	[11]	['killed']	33	32	212	284	284	284	80	80	80	1604	-2	-8	6	0	0
14182	201	9	3	0	Patient	-2	their	9	Manner		-1	-8	12	killed	[11]	['killed']	35	73	160	160	160	160	132	132	132	132	-2	-8	6	0	0
14185	201	9	3	0	Patient	-2	their	9	Manner		-1	-8	12	killed	[11]	['killed']	38	43	208	208	420	1100	232	232	232	756	-2	-8	6	0	0
14186	201	9	3	0	Patient	-2	their	9	Manner		-1	-8	12	killed	[11]	['killed']	39	102	0	0	0	0	292	292	292	1268	-2	-8	6	1	0
14187	201	9	3	0	Patient	-2	their	9	Manner		-1	-8	12	killed	[11]	['killed']	40	110	200	332	332	332	128	128	128	268	-2	-8	6	0	0
14188	201	9	3	0	Patient	-2	their	9	Manner		-1	-8	12	killed	[11]	['killed']	41	190	308	308	308	308	56	56	56	1716	-2	-8	6	0	0
14189	201	9	3	0	Patient	-2	their	9	Manner		-1	-8	12	killed	[11]	['killed']	42	102	160	160	160	160	252	672	672	2112	-2	-8	6	0	0
14190	201	9	3	0	Patient	-2	their	9	Manner		-1	-8	12	killed	[11]	['killed']	43	82	240	240	240	240	176	176	176	480	-2	-8	6	0	0
14191	202	1	1	2	Agent	-1	shout	2	Agent		-1	-1	3	caught	[2]	['caught']	1	19	292	292	292	292	492	492	620	972	-1	-1	6	0	0
14192	202	1	1	2	Agent	-1	shout	2	Agent		-1	-1	3	caught	[2]	['caught']	2	93	200	200	200	200	160	160	160	344	-1	-1	6	0	0
14193	202	1	1	2	Agent	-1	shout	2	Agent		-1	-1	3	caught	[2]	['caught']	3	74	196	196	332	528	284	284	284	284	-1	-1	6	0	0
14198	202	1	1	2	Agent	-1	shout	2	Agent		-1	-1	3	caught	[2]	['caught']	8	201	252	252	672	1368	168	168	168	168	-1	-1	6	0	0
14199	202	1	1	2	Agent	-1	shout	2	Agent		-1	-1	3	caught	[2]	['caught']	10	51	148	148	148	148	160	160	160	160	-1	-1	6	0	0
14200	202	1	1	2	Agent	-1	shout	2	Agent		-1	-1	3	caught	[2]	['caught']	11	69	216	216	216	216	168	168	168	168	-1	-1	6	0	0
14201	202	1	1	2	Agent	-1	shout	2	Agent		-1	-1	3	caught	[2]	['caught']	12	172	228	228	888	1424	132	132	132	132	-1	-1	6	0	0
14202	202	1	1	2	Agent	-1	shout	2	Agent		-1	-1	3	caught	[2]	['caught']	13	191	220	220	220	220	208	208	208	208	-1	-1	6	0	0
14203	202	1	1	2	Agent	-1	shout	2	Agent		-1	-1	3	caught	[2]	['caught']	14	16	0	0	0	0	216	216	216	872	-1	-1	6	1	0
14205	202	1	1	2	Agent	-1	shout	2	Agent		-1	-1	3	caught	[2]	['caught']	16	130	168	448	448	448	164	164	164	164	-1	-1	6	0	0
14206	202	1	1	2	Agent	-1	shout	2	Agent		-1	-1	3	caught	[2]	['caught']	17	146	288	288	288	288	180	180	180	180	-1	-1	6	0	0
14208	202	1	1	2	Agent	-1	shout	2	Agent		-1	-1	3	caught	[2]	['caught']	19	49	192	324	560	804	180	180	180	180	-1	-1	6	0	0
14209	202	1	1	2	Agent	-1	shout	2	Agent		-1	-1	3	caught	[2]	['caught']	20	77	136	136	136	136	148	148	148	148	-1	-1	6	0	0
14210	202	1	1	2	Agent	-1	shout	2	Agent		-1	-1	3	caught	[2]	['caught']	21	99	256	256	256	256	204	204	204	204	-1	-1	6	0	0
14211	202	1	1	2	Agent	-1	shout	2	Agent		-1	-1	3	caught	[2]	['caught']	22	138	256	256	256	256	188	188	188	188	-1	-1	6	0	0
14212	202	1	1	2	Agent	-1	shout	2	Agent		-1	-1	3	caught	[2]	['caught']	23	151	344	344	344	344	284	284	284	284	-1	-1	6	0	0
14213	202	1	1	2	Agent	-1	shout	2	Agent		-1	-1	3	caught	[2]	['caught']	24	122	152	324	324	324	276	276	276	636	-1	-1	6	0	0
14216	202	1	1	2	Agent	-1	shout	2	Agent		-1	-1	3	caught	[2]	['caught']	28	39	272	272	272	272	160	520	520	520	-1	-1	6	0	0
14218	202	1	1	2	Agent	-1	shout	2	Agent		-1	-1	3	caught	[2]	['caught']	30	11	192	192	748	2592	96	96	96	96	-1	-1	6	0	0
14220	202	1	1	2	Agent	-1	shout	2	Agent		-1	-1	3	caught	[2]	['caught']	32	188	228	228	228	228	192	192	192	192	-1	-1	6	0	0
14221	202	1	1	2	Agent	-1	shout	2	Agent		-1	-1	3	caught	[2]	['caught']	33	55	240	376	376	376	180	180	180	180	-1	-1	6	0	0
14222	202	1	1	2	Agent	-1	shout	2	Agent		-1	-1	3	caught	[2]	['caught']	34	147	280	280	280	280	176	176	176	176	-1	-1	6	0	0
14223	202	1	1	2	Agent	-1	shout	2	Agent		-1	-1	3	caught	[2]	['caught']	35	89	224	224	224	224	196	196	196	196	-1	-1	6	0	0
14225	202	1	1	2	Agent	-1	shout	2	Agent		-1	-1	3	caught	[2]	['caught']	37	140	184	184	184	184	196	196	196	196	-1	-1	6	0	0
14227	202	1	1	2	Agent	-1	shout	2	Agent		-1	-1	3	caught	[2]	['caught']	39	7	0	0	0	0	208	208	208	208	-1	-1	6	1	0
14231	202	1	1	2	Agent	-1	shout	2	Agent		-1	-1	3	caught	[2]	['caught']	43	100	96	96	96	96	168	168	168	168	-1	-1	6	0	0
14232	202	6	1	0	Theme	-1	he	8	Theme		-1	-1	9	fell	[8, 9]	['fell', 'back']	1	19	288	288	288	568	212	212	212	212	-1	-1	4	0	0
14233	202	6	1	0	Theme	-1	he	8	Theme		-1	-1	9	fell	[8, 9]	['fell', 'back']	2	93	196	196	196	196	152	152	152	152	-1	-1	4	0	0
14234	202	6	1	0	Theme	-1	he	8	Theme		-1	-1	9	fell	[8, 9]	['fell', 'back']	3	74	240	372	372	372	192	192	192	192	-1	-1	4	0	0
14235	202	6	1	0	Theme	-1	he	8	Theme		-1	-1	9	fell	[8, 9]	['fell', 'back']	4	76	144	144	144	144	160	160	160	160	-1	-1	4	0	0
14238	202	6	1	0	Theme	-1	he	8	Theme		-1	-1	9	fell	[8, 9]	['fell', 'back']	7	201	0	0	0	0	128	128	128	128	-1	-1	4	1	0
14240	202	6	1	0	Theme	-1	he	8	Theme		-1	-1	9	fell	[8, 9]	['fell', 'back']	10	51	156	156	156	156	96	96	96	96	-1	-1	4	0	0
14241	202	6	1	0	Theme	-1	he	8	Theme		-1	-1	9	fell	[8, 9]	['fell', 'back']	11	69	136	136	136	136	164	164	164	164	-1	-1	4	0	0
14242	202	6	1	0	Theme	-1	he	8	Theme		-1	-1	9	fell	[8, 9]	['fell', 'back']	12	172	0	0	0	0	256	256	256	256	-1	-1	4	1	0
14243	202	6	1	0	Theme	-1	he	8	Theme		-1	-1	9	fell	[8, 9]	['fell', 'back']	13	191	236	236	236	236	128	128	128	128	-1	-1	4	0	0
14244	202	6	1	0	Theme	-1	he	8	Theme		-1	-1	9	fell	[8, 9]	['fell', 'back']	14	16	300	300	300	300	172	172	172	172	-1	-1	4	0	0
14246	202	6	1	0	Theme	-1	he	8	Theme		-1	-1	9	fell	[8, 9]	['fell', 'back']	16	130	144	144	144	144	156	344	344	344	-1	-1	4	0	0
14247	202	6	1	0	Theme	-1	he	8	Theme		-1	-1	9	fell	[8, 9]	['fell', 'back']	17	146	152	152	152	152	140	140	140	140	-1	-1	4	0	0
14248	202	6	1	0	Theme	-1	he	8	Theme		-1	-1	9	fell	[8, 9]	['fell', 'back']	18	9	0	0	0	0	148	148	148	148	-1	-1	4	1	0
14249	202	6	1	0	Theme	-1	he	8	Theme		-1	-1	9	fell	[8, 9]	['fell', 'back']	19	49	116	116	116	116	216	216	216	216	-1	-1	4	0	0
14250	202	6	1	0	Theme	-1	he	8	Theme		-1	-1	9	fell	[8, 9]	['fell', 'back']	20	77	236	236	236	236	100	100	100	100	-1	-1	4	0	0
14251	202	6	1	0	Theme	-1	he	8	Theme		-1	-1	9	fell	[8, 9]	['fell', 'back']	21	99	0	0	0	0	192	268	268	268	-1	-1	4	1	0
14252	202	6	1	0	Theme	-1	he	8	Theme		-1	-1	9	fell	[8, 9]	['fell', 'back']	22	138	248	248	248	248	192	192	192	192	-1	-1	4	0	0
14253	202	6	1	0	Theme	-1	he	8	Theme		-1	-1	9	fell	[8, 9]	['fell', 'back']	23	151	212	212	212	212	212	212	212	212	-1	-1	4	0	0
14254	202	6	1	0	Theme	-1	he	8	Theme		-1	-1	9	fell	[8, 9]	['fell', 'back']	24	122	152	152	152	152	148	148	148	148	-1	-1	4	0	0
14255	202	6	1	0	Theme	-1	he	8	Theme		-1	-1	9	fell	[8, 9]	['fell', 'back']	25	5	252	252	252	252	176	176	176	176	-1	-1	4	0	0
14256	202	6	1	0	Theme	-1	he	8	Theme		-1	-1	9	fell	[8, 9]	['fell', 'back']	27	61	0	0	0	0	216	216	216	216	-1	-1	4	1	0
14258	202	6	1	0	Theme	-1	he	8	Theme		-1	-1	9	fell	[8, 9]	['fell', 'back']	29	77	220	220	220	220	124	124	124	124	-1	-1	4	0	0
14259	202	6	1	0	Theme	-1	he	8	Theme		-1	-1	9	fell	[8, 9]	['fell', 'back']	30	11	124	124	124	124	120	120	120	120	-1	-1	4	0	0
14260	202	6	1	0	Theme	-1	he	8	Theme		-1	-1	9	fell	[8, 9]	['fell', 'back']	31	55	172	172	172	172	148	148	148	148	-1	-1	4	0	0
14265	202	6	1	0	Theme	-1	he	8	Theme		-1	-1	9	fell	[8, 9]	['fell', 'back']	36	48	212	212	212	1088	192	192	192	192	-1	-1	4	0	0
14272	202	6	1	0	Theme	-1	he	8	Theme		-1	-1	9	fell	[8, 9]	['fell', 'back']	43	100	0	0	0	0	172	172	172	172	-1	-1	4	1	0
14273	209	1	1	1	Theme	-1	He	1	Theme		-1	-1	2	rose	[1, 2]	['rose', 'from']	1	70	140	140	140	140	200	200	200	200	-1	-1	4	0	0
14274	209	1	1	1	Theme	-1	He	1	Theme		-1	-1	2	rose	[1, 2]	['rose', 'from']	2	56	0	0	0	0	88	88	240	368	-1	-1	4	1	0
14275	209	1	1	1	Theme	-1	He	1	Theme		-1	-1	2	rose	[1, 2]	['rose', 'from']	3	183	248	536	536	536	180	180	180	180	-1	-1	4	0	0
14276	209	1	1	1	Theme	-1	He	1	Theme		-1	-1	2	rose	[1, 2]	['rose', 'from']	4	160	388	388	388	388	184	184	184	184	-1	-1	4	0	0
14277	209	1	1	1	Theme	-1	He	1	Theme		-1	-1	2	rose	[1, 2]	['rose', 'from']	5	78	264	428	428	428	200	200	200	200	-1	-1	4	0	0
14278	209	1	1	1	Theme	-1	He	1	Theme		-1	-1	2	rose	[1, 2]	['rose', 'from']	6	94	0	0	0	0	132	132	132	132	-1	-1	4	1	0
14280	209	1	1	1	Theme	-1	He	1	Theme		-1	-1	2	rose	[1, 2]	['rose', 'from']	8	136	156	156	156	156	152	152	152	152	-1	-1	4	0	0
14281	209	1	1	1	Theme	-1	He	1	Theme		-1	-1	2	rose	[1, 2]	['rose', 'from']	10	43	272	372	372	372	160	160	160	160	-1	-1	4	0	0
14282	209	1	1	1	Theme	-1	He	1	Theme		-1	-1	2	rose	[1, 2]	['rose', 'from']	11	147	220	220	220	220	152	152	152	152	-1	-1	4	0	0
14283	209	1	1	1	Theme	-1	He	1	Theme		-1	-1	2	rose	[1, 2]	['rose', 'from']	12	204	0	0	0	0	128	128	320	896	-1	-1	4	1	0
14284	209	1	1	1	Theme	-1	He	1	Theme		-1	-1	2	rose	[1, 2]	['rose', 'from']	13	171	0	0	0	0	212	212	212	212	-1	-1	4	1	0
14285	209	1	1	1	Theme	-1	He	1	Theme		-1	-1	2	rose	[1, 2]	['rose', 'from']	14	19	236	412	412	412	196	196	196	196	-1	-1	4	0	0
14286	209	1	1	1	Theme	-1	He	1	Theme		-1	-1	2	rose	[1, 2]	['rose', 'from']	15	77	0	0	0	0	272	272	272	272	-1	-1	4	1	0
14287	209	1	1	1	Theme	-1	He	1	Theme		-1	-1	2	rose	[1, 2]	['rose', 'from']	16	21	100	100	236	468	144	144	144	144	-1	-1	4	0	0
14288	209	1	1	1	Theme	-1	He	1	Theme		-1	-1	2	rose	[1, 2]	['rose', 'from']	17	1	160	160	160	160	472	472	472	472	-1	-1	4	0	0
14289	209	1	1	1	Theme	-1	He	1	Theme		-1	-1	2	rose	[1, 2]	['rose', 'from']	18	34	0	0	0	0	40	40	224	448	-1	-1	4	1	0
14290	209	1	1	1	Theme	-1	He	1	Theme		-1	-1	2	rose	[1, 2]	['rose', 'from']	19	47	68	432	432	432	176	176	176	176	-1	-1	4	0	0
14291	209	1	1	1	Theme	-1	He	1	Theme		-1	-1	2	rose	[1, 2]	['rose', 'from']	20	143	56	240	240	240	164	164	164	164	-1	-1	4	0	0
14293	209	1	1	1	Theme	-1	He	1	Theme		-1	-1	2	rose	[1, 2]	['rose', 'from']	22	96	148	148	148	148	224	224	224	224	-1	-1	4	0	0
14294	209	1	1	1	Theme	-1	He	1	Theme		-1	-1	2	rose	[1, 2]	['rose', 'from']	23	113	300	300	300	300	224	684	684	684	-1	-1	4	0	0
14295	209	1	1	1	Theme	-1	He	1	Theme		-1	-1	2	rose	[1, 2]	['rose', 'from']	24	55	172	172	172	172	168	168	168	168	-1	-1	4	0	0
14296	209	1	1	1	Theme	-1	He	1	Theme		-1	-1	2	rose	[1, 2]	['rose', 'from']	25	122	0	0	0	0	192	192	192	376	-1	-1	4	1	0
14297	209	1	1	1	Theme	-1	He	1	Theme		-1	-1	2	rose	[1, 2]	['rose', 'from']	27	170	460	460	460	460	184	184	184	184	-1	-1	4	0	0
14298	209	1	1	1	Theme	-1	He	1	Theme		-1	-1	2	rose	[1, 2]	['rose', 'from']	28	156	228	428	428	600	180	328	328	328	-1	-1	4	0	0
14299	209	1	1	1	Theme	-1	He	1	Theme		-1	-1	2	rose	[1, 2]	['rose', 'from']	29	202	188	188	188	188	156	156	156	284	-1	-1	4	0	0
14300	209	1	1	1	Theme	-1	He	1	Theme		-1	-1	2	rose	[1, 2]	['rose', 'from']	30	194	520	520	520	520	156	156	644	2192	-1	-1	4	0	0
14302	209	1	1	1	Theme	-1	He	1	Theme		-1	-1	2	rose	[1, 2]	['rose', 'from']	32	94	356	356	356	492	312	312	312	312	-1	-1	4	0	0
14303	209	1	1	1	Theme	-1	He	1	Theme		-1	-1	2	rose	[1, 2]	['rose', 'from']	33	104	156	236	236	236	176	176	176	176	-1	-1	4	0	0
14304	209	1	1	1	Theme	-1	He	1	Theme		-1	-1	2	rose	[1, 2]	['rose', 'from']	34	151	208	208	208	208	188	188	188	188	-1	-1	4	0	0
14305	209	1	1	1	Theme	-1	He	1	Theme		-1	-1	2	rose	[1, 2]	['rose', 'from']	35	64	140	140	140	140	308	308	308	308	-1	-1	4	0	0
14307	209	1	1	1	Theme	-1	He	1	Theme		-1	-1	2	rose	[1, 2]	['rose', 'from']	37	45	44	260	260	260	148	272	272	272	-1	-1	4	0	0
14308	209	1	1	1	Theme	-1	He	1	Theme		-1	-1	2	rose	[1, 2]	['rose', 'from']	38	110	324	324	324	324	164	292	292	292	-1	-1	4	0	0
14310	209	1	1	1	Theme	-1	He	1	Theme		-1	-1	2	rose	[1, 2]	['rose', 'from']	40	34	244	392	392	648	168	168	348	500	-1	-1	4	0	0
14312	209	1	1	1	Theme	-1	He	1	Theme		-1	-1	2	rose	[1, 2]	['rose', 'from']	42	177	296	296	296	296	112	112	112	112	-1	-1	4	0	0
14313	209	1	1	1	Theme	-1	He	1	Theme		-1	-1	2	rose	[1, 2]	['rose', 'from']	43	13	320	320	320	320	180	180	180	180	-1	-1	4	0	0
14314	209	5	1	1	Agent	-5	He	1	Agent		-1	-5	7	stopped	[6]	['stopped']	1	70	184	184	184	184	372	372	372	500	-5	-5	7	0	0
14318	209	5	1	1	Agent	-5	He	1	Agent		-1	-5	7	stopped	[6]	['stopped']	5	78	216	216	216	216	164	164	164	164	-5	-5	7	0	0
14320	209	5	1	1	Agent	-5	He	1	Agent		-1	-5	7	stopped	[6]	['stopped']	7	172	208	208	208	244	260	260	260	260	-5	-5	7	0	0
14323	209	5	1	1	Agent	-5	He	1	Agent		-1	-5	7	stopped	[6]	['stopped']	11	147	144	144	144	144	268	268	268	268	-5	-5	7	0	0
14325	209	5	1	1	Agent	-5	He	1	Agent		-1	-5	7	stopped	[6]	['stopped']	13	171	188	188	188	188	172	172	172	172	-5	-5	7	0	0
14326	209	5	1	1	Agent	-5	He	1	Agent		-1	-5	7	stopped	[6]	['stopped']	14	19	212	212	212	212	224	224	224	224	-5	-5	7	0	0
14327	209	5	1	1	Agent	-5	He	1	Agent		-1	-5	7	stopped	[6]	['stopped']	15	77	148	148	148	148	64	64	64	64	-5	-5	7	0	0
14328	209	5	1	1	Agent	-5	He	1	Agent		-1	-5	7	stopped	[6]	['stopped']	16	21	264	404	404	404	196	196	196	196	-5	-5	7	0	0
14330	209	5	1	1	Agent	-5	He	1	Agent		-1	-5	7	stopped	[6]	['stopped']	18	34	208	208	208	208	284	284	284	284	-5	-5	7	0	0
14331	209	5	1	1	Agent	-5	He	1	Agent		-1	-5	7	stopped	[6]	['stopped']	19	47	120	120	120	120	220	220	220	220	-5	-5	7	0	0
14332	209	5	1	1	Agent	-5	He	1	Agent		-1	-5	7	stopped	[6]	['stopped']	20	143	0	0	0	0	248	248	248	248	-5	-5	7	1	0
14335	209	5	1	1	Agent	-5	He	1	Agent		-1	-5	7	stopped	[6]	['stopped']	23	113	332	456	456	456	200	200	200	200	-5	-5	7	0	0
14336	209	5	1	1	Agent	-5	He	1	Agent		-1	-5	7	stopped	[6]	['stopped']	24	55	136	372	372	372	264	264	264	264	-5	-5	7	0	0
14340	209	5	1	1	Agent	-5	He	1	Agent		-1	-5	7	stopped	[6]	['stopped']	29	202	180	180	180	180	412	572	572	572	-5	-5	7	0	0
14341	209	5	1	1	Agent	-5	He	1	Agent		-1	-5	7	stopped	[6]	['stopped']	30	194	272	272	272	272	1272	1272	1272	1272	-5	-5	7	0	0
14342	209	5	1	1	Agent	-5	He	1	Agent		-1	-5	7	stopped	[6]	['stopped']	31	107	0	0	0	0	152	152	152	152	-5	-5	7	1	0
14344	209	5	1	1	Agent	-5	He	1	Agent		-1	-5	7	stopped	[6]	['stopped']	33	104	240	240	240	240	296	296	296	296	-5	-5	7	0	0
14346	209	5	1	1	Agent	-5	He	1	Agent		-1	-5	7	stopped	[6]	['stopped']	35	64	164	164	164	164	172	172	172	172	-5	-5	7	0	0
14348	209	5	1	1	Agent	-5	He	1	Agent		-1	-5	7	stopped	[6]	['stopped']	37	45	168	168	168	168	268	268	268	400	-5	-5	7	0	0
14351	209	5	1	1	Agent	-5	He	1	Agent		-1	-5	7	stopped	[6]	['stopped']	40	34	228	228	228	228	184	184	184	184	-5	-5	7	0	0
14353	209	5	1	1	Agent	-5	He	1	Agent		-1	-5	7	stopped	[6]	['stopped']	42	177	148	148	148	148	164	164	164	164	-5	-5	7	0	0
14354	209	5	1	1	Agent	-5	He	1	Agent		-1	-5	7	stopped	[6]	['stopped']	43	13	204	204	204	204	116	116	116	116	-5	-5	7	0	0
14356	209	10	2	1	Agent	-1	Joe	11	TPR	stopped	7	-5	12	glared	[11, 12]	['glared', 'at']	2	56	192	192	192	192	76	76	76	212	-1	-5	6	0	0
14360	209	10	2	1	Agent	-1	Joe	11	TPR	stopped	7	-5	12	glared	[11, 12]	['glared', 'at']	6	94	184	184	184	184	172	172	172	172	-1	-5	6	0	0
14361	209	10	2	1	Agent	-1	Joe	11	TPR	stopped	7	-5	12	glared	[11, 12]	['glared', 'at']	7	172	184	184	184	184	168	168	168	168	-1	-5	6	0	0
14363	209	10	2	1	Agent	-1	Joe	11	TPR	stopped	7	-5	12	glared	[11, 12]	['glared', 'at']	10	43	160	160	160	160	204	204	204	204	-1	-5	6	0	0
14365	209	10	2	1	Agent	-1	Joe	11	TPR	stopped	7	-5	12	glared	[11, 12]	['glared', 'at']	12	204	208	208	208	208	232	232	232	1988	-1	-5	6	0	0
14366	209	10	2	1	Agent	-1	Joe	11	TPR	stopped	7	-5	12	glared	[11, 12]	['glared', 'at']	13	171	200	200	200	200	172	172	172	172	-1	-5	6	0	0
14368	209	10	2	1	Agent	-1	Joe	11	TPR	stopped	7	-5	12	glared	[11, 12]	['glared', 'at']	15	77	172	172	172	172	252	252	252	1116	-1	-5	6	0	0
14371	209	10	2	1	Agent	-1	Joe	11	TPR	stopped	7	-5	12	glared	[11, 12]	['glared', 'at']	18	34	196	196	196	196	168	168	168	168	-1	-5	6	0	0
14373	209	10	2	1	Agent	-1	Joe	11	TPR	stopped	7	-5	12	glared	[11, 12]	['glared', 'at']	20	143	244	244	244	244	312	312	312	312	-1	-5	6	0	0
14377	209	10	2	1	Agent	-1	Joe	11	TPR	stopped	7	-5	12	glared	[11, 12]	['glared', 'at']	24	55	0	0	0	0	276	276	452	1988	-1	-5	6	1	0
14383	209	10	2	1	Agent	-1	Joe	11	TPR	stopped	7	-5	12	glared	[11, 12]	['glared', 'at']	31	107	156	156	156	156	144	144	144	196	-1	-5	6	0	0
14385	209	10	2	1	Agent	-1	Joe	11	TPR	stopped	7	-5	12	glared	[11, 12]	['glared', 'at']	33	104	188	416	416	416	212	212	212	748	-1	-5	6	0	0
14386	209	10	2	1	Agent	-1	Joe	11	TPR	stopped	7	-5	12	glared	[11, 12]	['glared', 'at']	34	151	188	332	332	332	344	344	344	344	-1	-5	6	0	0
14387	209	10	2	1	Agent	-1	Joe	11	TPR	stopped	7	-5	12	glared	[11, 12]	['glared', 'at']	35	64	184	184	184	184	176	176	176	176	-1	-5	6	0	0
14389	209	10	2	1	Agent	-1	Joe	11	TPR	stopped	7	-5	12	glared	[11, 12]	['glared', 'at']	37	45	104	272	272	272	164	164	316	2320	-1	-5	6	0	0
14394	209	10	2	1	Agent	-1	Joe	11	TPR	stopped	7	-5	12	glared	[11, 12]	['glared', 'at']	42	177	108	108	108	108	500	500	500	728	-1	-5	6	0	0
14395	209	10	2	1	Agent	-1	Joe	11	TPR	stopped	7	-5	12	glared	[11, 12]	['glared', 'at']	43	13	148	148	148	148	232	232	232	232	-1	-5	6	0	0
14396	210	1	1	2	Agent	-1	He	1	Agent		-1	-1	2	sat	[1]	['sat']	1	99	300	460	460	460	120	120	120	120	-1	-1	3	0	0
14397	210	1	1	2	Agent	-1	He	1	Agent		-1	-1	2	sat	[1]	['sat']	2	86	0	0	0	0	48	220	220	220	-1	-1	3	1	0
14398	210	1	1	2	Agent	-1	He	1	Agent		-1	-1	2	sat	[1]	['sat']	3	138	100	100	100	100	140	140	140	140	-1	-1	3	0	0
14399	210	1	1	2	Agent	-1	He	1	Agent		-1	-1	2	sat	[1]	['sat']	4	46	368	368	368	368	124	124	124	124	-1	-1	3	0	0
14402	210	1	1	2	Agent	-1	He	1	Agent		-1	-1	2	sat	[1]	['sat']	7	149	0	0	0	0	216	216	216	216	-1	-1	3	1	0
14403	210	1	1	2	Agent	-1	He	1	Agent		-1	-1	2	sat	[1]	['sat']	8	69	292	416	416	416	276	276	276	276	-1	-1	3	0	0
14404	210	1	1	2	Agent	-1	He	1	Agent		-1	-1	2	sat	[1]	['sat']	10	59	16	16	160	396	124	124	124	124	-1	-1	3	0	0
14405	210	1	1	2	Agent	-1	He	1	Agent		-1	-1	2	sat	[1]	['sat']	11	144	124	124	124	124	144	144	144	144	-1	-1	3	0	0
14406	210	1	1	2	Agent	-1	He	1	Agent		-1	-1	2	sat	[1]	['sat']	12	95	80	496	496	496	224	224	224	224	-1	-1	3	0	0
14407	210	1	1	2	Agent	-1	He	1	Agent		-1	-1	2	sat	[1]	['sat']	13	59	0	0	0	0	208	208	208	208	-1	-1	3	1	0
14408	210	1	1	2	Agent	-1	He	1	Agent		-1	-1	2	sat	[1]	['sat']	14	88	92	316	316	316	152	152	152	152	-1	-1	3	0	0
14410	210	1	1	2	Agent	-1	He	1	Agent		-1	-1	2	sat	[1]	['sat']	16	133	168	168	168	168	216	428	428	428	-1	-1	3	0	0
14411	210	1	1	2	Agent	-1	He	1	Agent		-1	-1	2	sat	[1]	['sat']	17	163	152	152	152	152	316	316	316	316	-1	-1	3	0	0
14413	210	1	1	2	Agent	-1	He	1	Agent		-1	-1	2	sat	[1]	['sat']	19	123	0	0	0	0	184	184	184	184	-1	-1	3	1	0
14414	210	1	1	2	Agent	-1	He	1	Agent		-1	-1	2	sat	[1]	['sat']	20	174	200	200	200	200	220	220	220	220	-1	-1	3	0	0
14416	210	1	1	2	Agent	-1	He	1	Agent		-1	-1	2	sat	[1]	['sat']	22	192	188	188	188	188	168	168	168	168	-1	-1	3	0	0
14417	210	1	1	2	Agent	-1	He	1	Agent		-1	-1	2	sat	[1]	['sat']	23	37	328	548	548	548	240	240	240	240	-1	-1	3	0	0
14418	210	1	1	2	Agent	-1	He	1	Agent		-1	-1	2	sat	[1]	['sat']	24	41	0	0	0	0	248	248	480	648	-1	-1	3	1	0
14419	210	1	1	2	Agent	-1	He	1	Agent		-1	-1	2	sat	[1]	['sat']	25	61	316	316	316	316	252	328	328	328	-1	-1	3	0	0
14420	210	1	1	2	Agent	-1	He	1	Agent		-1	-1	2	sat	[1]	['sat']	27	176	352	352	352	352	300	300	300	300	-1	-1	3	0	0
14421	210	1	1	2	Agent	-1	He	1	Agent		-1	-1	2	sat	[1]	['sat']	28	111	168	168	168	392	248	248	248	248	-1	-1	3	0	0
14423	210	1	1	2	Agent	-1	He	1	Agent		-1	-1	2	sat	[1]	['sat']	30	182	300	824	824	824	332	332	332	332	-1	-1	3	0	0
14424	210	1	1	2	Agent	-1	He	1	Agent		-1	-1	2	sat	[1]	['sat']	31	49	0	0	0	0	204	204	204	204	-1	-1	3	1	0
14425	210	1	1	2	Agent	-1	He	1	Agent		-1	-1	2	sat	[1]	['sat']	32	173	412	412	412	412	164	164	164	164	-1	-1	3	0	0
14426	210	1	1	2	Agent	-1	He	1	Agent		-1	-1	2	sat	[1]	['sat']	33	125	244	404	404	404	172	172	172	172	-1	-1	3	0	0
14427	210	1	1	2	Agent	-1	He	1	Agent		-1	-1	2	sat	[1]	['sat']	34	54	260	260	260	260	212	212	212	212	-1	-1	3	0	0
14430	210	1	1	2	Agent	-1	He	1	Agent		-1	-1	2	sat	[1]	['sat']	37	76	252	252	252	252	184	184	184	184	-1	-1	3	0	0
14432	210	1	1	2	Agent	-1	He	1	Agent		-1	-1	2	sat	[1]	['sat']	39	50	0	0	0	0	164	164	164	164	-1	-1	3	1	0
14435	210	1	1	2	Agent	-1	He	1	Agent		-1	-1	2	sat	[1]	['sat']	42	115	228	336	336	336	320	320	320	320	-1	-1	3	0	0
14436	210	1	1	2	Agent	-1	He	1	Agent		-1	-1	2	sat	[1]	['sat']	43	168	308	308	308	308	132	132	132	132	-1	-1	3	0	0
14437	210	8	1	2	Agent	-8	He	1	Agent		-1	-8	10	laid	[9]	['laid']	1	99	172	172	172	172	156	156	156	156	-8	-8	4	0	0
14438	210	8	1	2	Agent	-8	He	1	Agent		-1	-8	10	laid	[9]	['laid']	2	86	156	156	156	156	156	156	156	156	-8	-8	4	0	0
14444	210	8	1	2	Agent	-8	He	1	Agent		-1	-8	10	laid	[9]	['laid']	8	69	212	212	212	212	236	236	236	236	-8	-8	4	0	0
14445	210	8	1	2	Agent	-8	He	1	Agent		-1	-8	10	laid	[9]	['laid']	10	59	192	192	192	192	148	148	148	148	-8	-8	4	0	0
14447	210	8	1	2	Agent	-8	He	1	Agent		-1	-8	10	laid	[9]	['laid']	12	95	0	0	0	0	292	292	292	292	-8	-8	4	1	0
14451	210	8	1	2	Agent	-8	He	1	Agent		-1	-8	10	laid	[9]	['laid']	16	133	180	180	180	180	204	204	204	204	-8	-8	4	0	0
14454	210	8	1	2	Agent	-8	He	1	Agent		-1	-8	10	laid	[9]	['laid']	19	123	192	192	192	192	176	176	176	176	-8	-8	4	0	0
14455	210	8	1	2	Agent	-8	He	1	Agent		-1	-8	10	laid	[9]	['laid']	20	174	0	0	0	0	188	188	188	188	-8	-8	4	1	0
14456	210	8	1	2	Agent	-8	He	1	Agent		-1	-8	10	laid	[9]	['laid']	21	180	244	244	244	488	200	260	260	260	-8	-8	4	0	0
14458	210	8	1	2	Agent	-8	He	1	Agent		-1	-8	10	laid	[9]	['laid']	23	37	164	164	396	3956	316	316	316	316	-8	-8	4	0	0
14462	210	8	1	2	Agent	-8	He	1	Agent		-1	-8	10	laid	[9]	['laid']	28	111	172	392	392	392	384	384	384	384	-8	-8	4	0	0
14464	210	8	1	2	Agent	-8	He	1	Agent		-1	-8	10	laid	[9]	['laid']	30	182	248	388	388	388	248	248	248	248	-8	-8	4	0	0
14465	210	8	1	2	Agent	-8	He	1	Agent		-1	-8	10	laid	[9]	['laid']	31	49	0	0	0	0	172	172	172	256	-8	-8	4	1	0
14467	210	8	1	2	Agent	-8	He	1	Agent		-1	-8	10	laid	[9]	['laid']	33	125	0	0	0	0	252	252	252	252	-8	-8	4	1	0
14468	210	8	1	2	Agent	-8	He	1	Agent		-1	-8	10	laid	[9]	['laid']	34	54	0	0	0	0	176	176	176	176	-8	-8	4	1	0
14469	210	8	1	2	Agent	-8	He	1	Agent		-1	-8	10	laid	[9]	['laid']	35	130	244	244	244	244	152	152	152	152	-8	-8	4	0	0
14470	210	8	1	2	Agent	-8	He	1	Agent		-1	-8	10	laid	[9]	['laid']	36	161	0	0	0	0	100	100	100	100	-8	-8	4	1	0
14471	210	8	1	2	Agent	-8	He	1	Agent		-1	-8	10	laid	[9]	['laid']	37	76	164	164	164	164	148	148	148	148	-8	-8	4	0	0
14476	210	8	1	2	Agent	-8	He	1	Agent		-1	-8	10	laid	[9]	['laid']	42	115	0	0	0	0	184	184	184	280	-8	-8	4	1	0
14477	210	8	1	2	Agent	-8	He	1	Agent		-1	-8	10	laid	[9]	['laid']	43	168	164	164	164	164	132	132	132	132	-8	-8	4	0	0
14478	211	1	1	1	Pivot	-1	I	2	Pivot		-1	-1	3	have	[2]	['have']	1	137	244	244	244	244	232	232	232	232	-1	-1	4	0	0
14479	211	1	1	1	Pivot	-1	I	2	Pivot		-1	-1	3	have	[2]	['have']	2	97	136	136	136	136	168	168	168	168	-1	-1	4	0	0
14480	211	1	1	1	Pivot	-1	I	2	Pivot		-1	-1	3	have	[2]	['have']	3	40	124	444	444	444	160	160	160	160	-1	-1	4	0	0
14483	211	1	1	1	Pivot	-1	I	2	Pivot		-1	-1	3	have	[2]	['have']	6	11	0	0	0	0	268	268	268	268	-1	-1	4	1	0
14485	211	1	1	1	Pivot	-1	I	2	Pivot		-1	-1	3	have	[2]	['have']	8	150	0	0	0	0	296	296	296	296	-1	-1	4	1	0
14486	211	1	1	1	Pivot	-1	I	2	Pivot		-1	-1	3	have	[2]	['have']	10	170	252	360	360	548	96	96	96	96	-1	-1	4	0	0
14487	211	1	1	1	Pivot	-1	I	2	Pivot		-1	-1	3	have	[2]	['have']	11	58	172	644	644	644	144	144	144	144	-1	-1	4	0	0
14488	211	1	1	1	Pivot	-1	I	2	Pivot		-1	-1	3	have	[2]	['have']	12	26	0	0	0	0	232	232	232	808	-1	-1	4	1	0
14489	211	1	1	1	Pivot	-1	I	2	Pivot		-1	-1	3	have	[2]	['have']	13	177	144	144	144	144	132	132	132	132	-1	-1	4	0	0
14492	211	1	1	1	Pivot	-1	I	2	Pivot		-1	-1	3	have	[2]	['have']	16	78	24	24	24	24	216	216	456	1860	-1	-1	4	0	0
14493	211	1	1	1	Pivot	-1	I	2	Pivot		-1	-1	3	have	[2]	['have']	17	67	200	376	376	376	160	160	160	160	-1	-1	4	0	0
14494	211	1	1	1	Pivot	-1	I	2	Pivot		-1	-1	3	have	[2]	['have']	18	99	0	0	0	0	236	236	236	556	-1	-1	4	1	0
14495	211	1	1	1	Pivot	-1	I	2	Pivot		-1	-1	3	have	[2]	['have']	19	151	148	148	148	148	152	152	152	152	-1	-1	4	0	0
14497	211	1	1	1	Pivot	-1	I	2	Pivot		-1	-1	3	have	[2]	['have']	21	15	168	268	268	268	164	164	164	164	-1	-1	4	0	0
14498	211	1	1	1	Pivot	-1	I	2	Pivot		-1	-1	3	have	[2]	['have']	22	36	148	264	264	264	164	164	164	164	-1	-1	4	0	0
14499	211	1	1	1	Pivot	-1	I	2	Pivot		-1	-1	3	have	[2]	['have']	23	54	152	356	356	356	168	856	1196	3780	-1	-1	4	0	0
14500	211	1	1	1	Pivot	-1	I	2	Pivot		-1	-1	3	have	[2]	['have']	24	191	152	152	152	152	160	160	160	160	-1	-1	4	0	0
14504	211	1	1	1	Pivot	-1	I	2	Pivot		-1	-1	3	have	[2]	['have']	29	149	212	324	324	324	136	136	136	136	-1	-1	4	0	0
14505	211	1	1	1	Pivot	-1	I	2	Pivot		-1	-1	3	have	[2]	['have']	30	40	220	220	220	220	196	196	196	196	-1	-1	4	0	0
14506	211	1	1	1	Pivot	-1	I	2	Pivot		-1	-1	3	have	[2]	['have']	31	46	184	184	184	184	160	160	160	160	-1	-1	4	0	0
14507	211	1	1	1	Pivot	-1	I	2	Pivot		-1	-1	3	have	[2]	['have']	32	22	200	200	200	200	156	156	156	156	-1	-1	4	0	0
14508	211	1	1	1	Pivot	-1	I	2	Pivot		-1	-1	3	have	[2]	['have']	33	105	152	412	412	412	128	128	128	128	-1	-1	4	0	0
14509	211	1	1	1	Pivot	-1	I	2	Pivot		-1	-1	3	have	[2]	['have']	34	185	232	232	232	232	172	172	172	172	-1	-1	4	0	0
14511	211	1	1	1	Pivot	-1	I	2	Pivot		-1	-1	3	have	[2]	['have']	36	99	0	0	0	0	132	132	132	316	-1	-1	4	1	0
14512	211	1	1	1	Pivot	-1	I	2	Pivot		-1	-1	3	have	[2]	['have']	37	38	60	536	536	536	144	144	144	144	-1	-1	4	0	0
14513	211	1	1	1	Pivot	-1	I	2	Pivot		-1	-1	3	have	[2]	['have']	38	69	328	600	600	600	164	164	164	164	-1	-1	4	0	0
14517	211	1	1	1	Pivot	-1	I	2	Pivot		-1	-1	3	have	[2]	['have']	42	143	188	188	188	308	172	172	172	172	-1	-1	4	0	0
14518	211	1	1	1	Pivot	-1	I	2	Pivot		-1	-1	3	have	[2]	['have']	43	165	124	124	124	124	148	148	148	148	-1	-1	4	0	0
14521	211	7	1	2	Agent	-2	I'll	8	Agent		-1	-2	9	fill	[8]	['fill']	3	40	72	72	72	72	200	328	328	328	-2	-2	4	0	0
14523	211	7	1	2	Agent	-2	I'll	8	Agent		-1	-2	9	fill	[8]	['fill']	5	157	0	0	0	0	200	200	200	200	-2	-2	4	1	0
14524	211	7	1	2	Agent	-2	I'll	8	Agent		-1	-2	9	fill	[8]	['fill']	6	11	0	0	0	0	180	180	180	180	-2	-2	4	1	0
14527	211	7	1	2	Agent	-2	I'll	8	Agent		-1	-2	9	fill	[8]	['fill']	10	170	156	156	156	156	108	108	108	108	-2	-2	4	0	0
14529	211	7	1	2	Agent	-2	I'll	8	Agent		-1	-2	9	fill	[8]	['fill']	12	26	180	180	180	180	224	224	224	224	-2	-2	4	0	0
14530	211	7	1	2	Agent	-2	I'll	8	Agent		-1	-2	9	fill	[8]	['fill']	13	177	0	0	0	0	192	192	192	192	-2	-2	4	1	0
14531	211	7	1	2	Agent	-2	I'll	8	Agent		-1	-2	9	fill	[8]	['fill']	14	44	0	0	0	0	176	176	176	176	-2	-2	4	1	0
14532	211	7	1	2	Agent	-2	I'll	8	Agent		-1	-2	9	fill	[8]	['fill']	15	129	0	0	0	0	164	164	164	164	-2	-2	4	1	0
14533	211	7	1	2	Agent	-2	I'll	8	Agent		-1	-2	9	fill	[8]	['fill']	16	78	0	0	0	0	148	148	148	148	-2	-2	4	1	0
14534	211	7	1	2	Agent	-2	I'll	8	Agent		-1	-2	9	fill	[8]	['fill']	17	67	0	0	0	0	220	220	220	220	-2	-2	4	1	0
14537	211	7	1	2	Agent	-2	I'll	8	Agent		-1	-2	9	fill	[8]	['fill']	20	181	156	156	156	156	248	248	248	248	-2	-2	4	0	0
14540	211	7	1	2	Agent	-2	I'll	8	Agent		-1	-2	9	fill	[8]	['fill']	23	54	176	380	380	380	200	200	200	200	-2	-2	4	0	0
14541	211	7	1	2	Agent	-2	I'll	8	Agent		-1	-2	9	fill	[8]	['fill']	24	191	192	192	192	192	204	204	204	204	-2	-2	4	0	0
14545	211	7	1	2	Agent	-2	I'll	8	Agent		-1	-2	9	fill	[8]	['fill']	29	149	172	388	388	388	216	216	216	216	-2	-2	4	0	0
14546	211	7	1	2	Agent	-2	I'll	8	Agent		-1	-2	9	fill	[8]	['fill']	30	40	272	272	272	272	240	240	240	240	-2	-2	4	0	0
14548	211	7	1	2	Agent	-2	I'll	8	Agent		-1	-2	9	fill	[8]	['fill']	32	22	324	324	324	324	216	216	216	216	-2	-2	4	0	0
14551	211	7	1	2	Agent	-2	I'll	8	Agent		-1	-2	9	fill	[8]	['fill']	35	7	232	232	232	232	240	240	240	240	-2	-2	4	0	0
14555	211	7	1	2	Agent	-2	I'll	8	Agent		-1	-2	9	fill	[8]	['fill']	39	196	0	0	0	0	152	152	152	152	-2	-2	4	1	0
14557	211	7	1	2	Agent	-2	I'll	8	Agent		-1	-2	9	fill	[8]	['fill']	41	128	216	216	216	1280	208	208	208	284	-2	-2	4	0	0
14559	211	7	1	2	Agent	-2	I'll	8	Agent		-1	-2	9	fill	[8]	['fill']	43	165	24	24	24	24	172	172	172	172	-2	-2	4	0	0
14603	221	1	1	1	Agent	-1	Henry	1	Agent		-1	-1	2	washed	[1]	['washed']	3	152	136	296	296	296	328	328	328	328	-1	-1	6	0	0
14604	221	1	1	1	Agent	-1	Henry	1	Agent		-1	-1	2	washed	[1]	['washed']	4	93	184	184	184	184	180	180	180	180	-1	-1	6	0	0
14605	221	1	1	1	Agent	-1	Henry	1	Agent		-1	-1	2	washed	[1]	['washed']	5	47	212	212	212	212	248	248	248	248	-1	-1	6	0	0
14606	221	1	1	1	Agent	-1	Henry	1	Agent		-1	-1	2	washed	[1]	['washed']	6	176	0	0	0	0	124	124	124	124	-1	-1	6	1	0
14608	221	1	1	1	Agent	-1	Henry	1	Agent		-1	-1	2	washed	[1]	['washed']	8	37	236	236	236	236	168	168	168	168	-1	-1	6	0	0
14609	221	1	1	1	Agent	-1	Henry	1	Agent		-1	-1	2	washed	[1]	['washed']	10	65	148	148	148	148	176	176	176	176	-1	-1	6	0	0
14612	221	1	1	1	Agent	-1	Henry	1	Agent		-1	-1	2	washed	[1]	['washed']	13	76	164	164	164	164	100	100	100	100	-1	-1	6	0	0
14613	221	1	1	1	Agent	-1	Henry	1	Agent		-1	-1	2	washed	[1]	['washed']	14	146	224	224	416	588	164	496	496	692	-1	-1	6	0	0
14615	221	1	1	1	Agent	-1	Henry	1	Agent		-1	-1	2	washed	[1]	['washed']	16	30	176	176	176	176	216	216	216	216	-1	-1	6	0	0
14620	221	1	1	1	Agent	-1	Henry	1	Agent		-1	-1	2	washed	[1]	['washed']	21	85	140	140	140	140	132	132	132	132	-1	-1	6	0	0
14621	221	1	1	1	Agent	-1	Henry	1	Agent		-1	-1	2	washed	[1]	['washed']	22	18	132	132	132	132	116	116	116	696	-1	-1	6	0	0
14622	221	1	1	1	Agent	-1	Henry	1	Agent		-1	-1	2	washed	[1]	['washed']	23	49	288	288	620	892	96	220	220	220	-1	-1	6	0	0
14623	221	1	1	1	Agent	-1	Henry	1	Agent		-1	-1	2	washed	[1]	['washed']	24	169	188	188	188	188	172	172	172	172	-1	-1	6	0	0
14624	221	1	1	1	Agent	-1	Henry	1	Agent		-1	-1	2	washed	[1]	['washed']	25	177	144	144	312	568	132	132	132	132	-1	-1	6	0	0
14626	221	1	1	1	Agent	-1	Henry	1	Agent		-1	-1	2	washed	[1]	['washed']	28	175	228	228	228	228	260	260	260	260	-1	-1	6	0	0
14628	221	1	1	1	Agent	-1	Henry	1	Agent		-1	-1	2	washed	[1]	['washed']	30	36	156	156	360	868	228	228	228	228	-1	-1	6	0	0
14630	221	1	1	1	Agent	-1	Henry	1	Agent		-1	-1	2	washed	[1]	['washed']	32	117	208	208	208	208	212	328	328	328	-1	-1	6	0	0
14631	221	1	1	1	Agent	-1	Henry	1	Agent		-1	-1	2	washed	[1]	['washed']	33	49	96	340	340	340	164	340	340	340	-1	-1	6	0	0
14633	221	1	1	1	Agent	-1	Henry	1	Agent		-1	-1	2	washed	[1]	['washed']	35	46	152	324	324	324	180	180	180	180	-1	-1	6	0	0
14635	221	1	1	1	Agent	-1	Henry	1	Agent		-1	-1	2	washed	[1]	['washed']	37	105	120	268	268	268	128	128	128	128	-1	-1	6	0	0
14637	221	1	1	1	Agent	-1	Henry	1	Agent		-1	-1	2	washed	[1]	['washed']	39	170	0	0	0	0	228	228	228	344	-1	-1	6	1	0
14641	221	1	1	1	Agent	-1	Henry	1	Agent		-1	-1	2	washed	[1]	['washed']	43	45	200	200	200	200	88	88	88	88	-1	-1	6	0	0
14642	221	5	1	1	Agent	-5	Henry	1	Agent		-1	-5	6	sat	[5, 6]	['sat', 'on']	1	16	448	448	448	448	276	276	276	276	-5	-5	3	0	0
14644	221	5	1	1	Agent	-5	Henry	1	Agent		-1	-5	6	sat	[5, 6]	['sat', 'on']	3	152	0	0	0	0	168	168	168	168	-5	-5	3	1	0
14647	221	5	1	1	Agent	-5	Henry	1	Agent		-1	-5	6	sat	[5, 6]	['sat', 'on']	6	176	0	0	0	0	160	160	160	160	-5	-5	3	1	0
14650	221	5	1	1	Agent	-5	Henry	1	Agent		-1	-5	6	sat	[5, 6]	['sat', 'on']	10	65	184	184	184	184	84	84	84	84	-5	-5	3	0	0
14653	221	5	1	1	Agent	-5	Henry	1	Agent		-1	-5	6	sat	[5, 6]	['sat', 'on']	13	76	0	0	0	0	176	176	176	176	-5	-5	3	1	0
14655	221	5	1	1	Agent	-5	Henry	1	Agent		-1	-5	6	sat	[5, 6]	['sat', 'on']	15	18	0	0	0	0	156	156	156	648	-5	-5	3	1	0
14656	221	5	1	1	Agent	-5	Henry	1	Agent		-1	-5	6	sat	[5, 6]	['sat', 'on']	16	30	0	0	0	0	180	180	180	180	-5	-5	3	1	0
14660	221	5	1	1	Agent	-5	Henry	1	Agent		-1	-5	6	sat	[5, 6]	['sat', 'on']	20	79	0	0	0	0	212	212	212	212	-5	-5	3	1	0
14661	221	5	1	1	Agent	-5	Henry	1	Agent		-1	-5	6	sat	[5, 6]	['sat', 'on']	21	85	0	0	0	0	156	256	256	256	-5	-5	3	1	0
14663	221	5	1	1	Agent	-5	Henry	1	Agent		-1	-5	6	sat	[5, 6]	['sat', 'on']	23	49	148	148	148	148	116	116	116	116	-5	-5	3	0	0
14666	221	5	1	1	Agent	-5	Henry	1	Agent		-1	-5	6	sat	[5, 6]	['sat', 'on']	27	50	0	0	0	0	244	244	244	244	-5	-5	3	1	0
14671	221	5	1	1	Agent	-5	Henry	1	Agent		-1	-5	6	sat	[5, 6]	['sat', 'on']	32	117	208	208	208	208	196	196	196	196	-5	-5	3	0	0
14678	221	5	1	1	Agent	-5	Henry	1	Agent		-1	-5	6	sat	[5, 6]	['sat', 'on']	39	170	0	0	0	0	248	248	248	248	-5	-5	3	1	0
14680	221	5	1	1	Agent	-5	Henry	1	Agent		-1	-5	6	sat	[5, 6]	['sat', 'on']	41	151	0	0	0	0	268	268	268	268	-5	-5	3	1	0
14682	221	5	1	1	Agent	-5	Henry	1	Agent		-1	-5	6	sat	[5, 6]	['sat', 'on']	43	45	0	0	0	0	160	160	160	160	-5	-5	3	1	0
14683	226	2	1	1	Theme	-2	police	2	Theme		-1	-2	4	got	[3, 4, 5]	['got', 'out', 'of']	1	80	212	212	212	212	276	276	276	276	-2	-2	3	0	0
14684	226	2	1	1	Theme	-2	police	2	Theme		-1	-2	4	got	[3, 4, 5]	['got', 'out', 'of']	2	139	0	0	0	0	176	176	176	176	-2	-2	3	1	0
14685	226	2	1	1	Theme	-2	police	2	Theme		-1	-2	4	got	[3, 4, 5]	['got', 'out', 'of']	3	104	0	0	0	0	172	296	296	296	-2	-2	3	1	0
14686	226	2	1	1	Theme	-2	police	2	Theme		-1	-2	4	got	[3, 4, 5]	['got', 'out', 'of']	4	124	0	0	0	0	596	596	596	596	-2	-2	3	1	0
14689	226	2	1	1	Theme	-2	police	2	Theme		-1	-2	4	got	[3, 4, 5]	['got', 'out', 'of']	7	55	0	0	0	0	108	108	108	108	-2	-2	3	1	0
14691	226	2	1	1	Theme	-2	police	2	Theme		-1	-2	4	got	[3, 4, 5]	['got', 'out', 'of']	10	50	152	152	152	152	184	184	184	184	-2	-2	3	0	0
14692	226	2	1	1	Theme	-2	police	2	Theme		-1	-2	4	got	[3, 4, 5]	['got', 'out', 'of']	11	194	200	200	200	200	128	128	128	128	-2	-2	3	0	0
14693	226	2	1	1	Theme	-2	police	2	Theme		-1	-2	4	got	[3, 4, 5]	['got', 'out', 'of']	12	127	160	160	160	160	140	140	140	140	-2	-2	3	0	0
14694	226	2	1	1	Theme	-2	police	2	Theme		-1	-2	4	got	[3, 4, 5]	['got', 'out', 'of']	13	37	0	0	0	0	160	160	160	160	-2	-2	3	1	0
14696	226	2	1	1	Theme	-2	police	2	Theme		-1	-2	4	got	[3, 4, 5]	['got', 'out', 'of']	15	136	0	0	0	0	140	140	140	140	-2	-2	3	1	0
14697	226	2	1	1	Theme	-2	police	2	Theme		-1	-2	4	got	[3, 4, 5]	['got', 'out', 'of']	16	124	200	200	200	200	148	328	328	328	-2	-2	3	0	0
14698	226	2	1	1	Theme	-2	police	2	Theme		-1	-2	4	got	[3, 4, 5]	['got', 'out', 'of']	17	54	176	176	176	624	152	152	152	152	-2	-2	3	0	0
14699	226	2	1	1	Theme	-2	police	2	Theme		-1	-2	4	got	[3, 4, 5]	['got', 'out', 'of']	18	69	0	0	0	0	224	224	224	224	-2	-2	3	1	0
14700	226	2	1	1	Theme	-2	police	2	Theme		-1	-2	4	got	[3, 4, 5]	['got', 'out', 'of']	19	35	0	0	0	0	24	24	176	1060	-2	-2	3	1	0
14701	226	2	1	1	Theme	-2	police	2	Theme		-1	-2	4	got	[3, 4, 5]	['got', 'out', 'of']	20	45	0	0	0	0	220	220	220	220	-2	-2	3	1	0
14704	226	2	1	1	Theme	-2	police	2	Theme		-1	-2	4	got	[3, 4, 5]	['got', 'out', 'of']	23	42	188	188	188	188	116	116	116	116	-2	-2	3	0	0
14705	226	2	1	1	Theme	-2	police	2	Theme		-1	-2	4	got	[3, 4, 5]	['got', 'out', 'of']	24	26	152	152	152	152	180	180	180	180	-2	-2	3	0	0
14706	226	2	1	1	Theme	-2	police	2	Theme		-1	-2	4	got	[3, 4, 5]	['got', 'out', 'of']	25	149	244	244	244	244	212	212	212	212	-2	-2	3	0	0
14707	226	2	1	1	Theme	-2	police	2	Theme		-1	-2	4	got	[3, 4, 5]	['got', 'out', 'of']	27	193	272	272	272	272	232	232	232	232	-2	-2	3	0	0
14708	226	2	1	1	Theme	-2	police	2	Theme		-1	-2	4	got	[3, 4, 5]	['got', 'out', 'of']	28	55	136	136	444	1152	356	356	356	356	-2	-2	3	0	0
14710	226	2	1	1	Theme	-2	police	2	Theme		-1	-2	4	got	[3, 4, 5]	['got', 'out', 'of']	30	191	364	492	492	492	192	192	192	192	-2	-2	3	0	0
14711	226	2	1	1	Theme	-2	police	2	Theme		-1	-2	4	got	[3, 4, 5]	['got', 'out', 'of']	31	108	0	0	0	0	196	196	196	196	-2	-2	3	1	0
14712	226	2	1	1	Theme	-2	police	2	Theme		-1	-2	4	got	[3, 4, 5]	['got', 'out', 'of']	32	144	244	244	244	244	240	240	240	240	-2	-2	3	0	0
14713	226	2	1	1	Theme	-2	police	2	Theme		-1	-2	4	got	[3, 4, 5]	['got', 'out', 'of']	33	186	228	228	228	228	180	180	180	180	-2	-2	3	0	0
14715	226	2	1	1	Theme	-2	police	2	Theme		-1	-2	4	got	[3, 4, 5]	['got', 'out', 'of']	35	69	204	204	204	204	168	168	168	168	-2	-2	3	0	0
14717	226	2	1	1	Theme	-2	police	2	Theme		-1	-2	4	got	[3, 4, 5]	['got', 'out', 'of']	37	58	228	228	228	228	192	356	356	356	-2	-2	3	0	0
14720	226	2	1	1	Theme	-2	police	2	Theme		-1	-2	4	got	[3, 4, 5]	['got', 'out', 'of']	40	43	176	176	176	176	176	176	176	176	-2	-2	3	0	0
14749	226	5	1	1	Agent	-5	police	2	Agent		-1	-5	10	picked	[9, 10]	['picked', 'up']	28	55	240	240	240	240	204	204	204	204	-5	-5	6	0	0
14765	227	2	1	2	Agent	-2	speaker	2	Agent		-1	-2	3	turned	[2, 3]	['turned', 'to']	1	170	276	276	276	276	356	356	356	356	-2	-2	6	0	0
14773	227	2	1	2	Agent	-2	speaker	2	Agent		-1	-2	3	turned	[2, 3]	['turned', 'to']	10	152	132	132	132	132	124	124	124	124	-2	-2	6	0	0
14774	227	2	1	2	Agent	-2	speaker	2	Agent		-1	-2	3	turned	[2, 3]	['turned', 'to']	11	164	196	196	196	196	168	168	168	168	-2	-2	6	0	0
14775	227	2	1	2	Agent	-2	speaker	2	Agent		-1	-2	3	turned	[2, 3]	['turned', 'to']	12	102	236	236	236	236	152	152	152	152	-2	-2	6	0	0
14776	227	2	1	2	Agent	-2	speaker	2	Agent		-1	-2	3	turned	[2, 3]	['turned', 'to']	13	82	228	228	228	228	172	172	172	172	-2	-2	6	0	0
14777	227	2	1	2	Agent	-2	speaker	2	Agent		-1	-2	3	turned	[2, 3]	['turned', 'to']	14	182	208	208	208	208	180	180	180	180	-2	-2	6	0	0
14778	227	2	1	2	Agent	-2	speaker	2	Agent		-1	-2	3	turned	[2, 3]	['turned', 'to']	15	54	164	164	164	164	148	148	148	148	-2	-2	6	0	0
14791	227	2	1	2	Agent	-2	speaker	2	Agent		-1	-2	3	turned	[2, 3]	['turned', 'to']	29	16	224	224	224	504	216	216	216	356	-2	-2	6	0	0
14792	227	2	1	2	Agent	-2	speaker	2	Agent		-1	-2	3	turned	[2, 3]	['turned', 'to']	30	138	232	404	404	404	352	352	352	352	-2	-2	6	0	0
14796	227	2	1	2	Agent	-2	speaker	2	Agent		-1	-2	3	turned	[2, 3]	['turned', 'to']	34	188	188	188	188	188	212	212	212	212	-2	-2	6	0	0
14802	227	2	1	2	Agent	-2	speaker	2	Agent		-1	-2	3	turned	[2, 3]	['turned', 'to']	40	64	172	172	172	172	148	148	148	148	-2	-2	6	0	0
14806	228	1	1	0	Agent	-1	They	1	Agent		-1	-1	2	say	[1]	['say']	1	162	0	0	0	0	188	188	188	188	-1	-1	3	1	0
14807	228	1	1	0	Agent	-1	They	1	Agent		-1	-1	2	say	[1]	['say']	2	50	92	92	92	92	168	168	168	168	-1	-1	3	0	0
14808	228	1	1	0	Agent	-1	They	1	Agent		-1	-1	2	say	[1]	['say']	3	80	200	200	200	384	168	168	168	168	-1	-1	3	0	0
14812	228	1	1	0	Agent	-1	They	1	Agent		-1	-1	2	say	[1]	['say']	7	34	0	0	0	0	96	96	96	96	-1	-1	3	1	0
14815	228	1	1	0	Agent	-1	They	1	Agent		-1	-1	2	say	[1]	['say']	11	28	224	224	224	224	164	164	164	164	-1	-1	3	0	0
14821	228	1	1	0	Agent	-1	They	1	Agent		-1	-1	2	say	[1]	['say']	17	153	280	280	280	396	336	336	336	336	-1	-1	3	0	0
14824	228	1	1	0	Agent	-1	They	1	Agent		-1	-1	2	say	[1]	['say']	20	113	244	388	388	388	144	144	144	144	-1	-1	3	0	0
14827	228	1	1	0	Agent	-1	They	1	Agent		-1	-1	2	say	[1]	['say']	23	3	208	208	208	208	164	164	164	164	-1	-1	3	0	0
14829	228	1	1	0	Agent	-1	They	1	Agent		-1	-1	2	say	[1]	['say']	25	124	0	0	0	0	284	284	284	284	-1	-1	3	1	0
14833	228	1	1	0	Agent	-1	They	1	Agent		-1	-1	2	say	[1]	['say']	30	75	628	628	628	628	288	288	288	288	-1	-1	3	0	0
14836	228	1	1	0	Agent	-1	They	1	Agent		-1	-1	2	say	[1]	['say']	33	184	184	184	184	184	188	252	252	496	-1	-1	3	0	0
14838	228	1	1	0	Agent	-1	They	1	Agent		-1	-1	2	say	[1]	['say']	35	118	176	176	176	300	164	164	164	164	-1	-1	3	0	0
14840	228	1	1	0	Agent	-1	They	1	Agent		-1	-1	2	say	[1]	['say']	37	54	144	348	348	348	116	116	116	116	-1	-1	3	0	0
14841	228	1	1	0	Agent	-1	They	1	Agent		-1	-1	2	say	[1]	['say']	38	183	0	0	0	0	132	132	132	132	-1	-1	3	1	0
14845	228	1	1	0	Agent	-1	They	1	Agent		-1	-1	2	say	[1]	['say']	42	91	0	0	0	0	296	296	296	296	-1	-1	3	1	0
14846	228	1	1	0	Agent	-1	They	1	Agent		-1	-1	2	say	[1]	['say']	43	95	272	272	272	272	212	212	212	212	-1	-1	3	0	0
14847	228	4	1	1	Agent	-1	he	3	Agent		-1	-1	5	breathe	[4]	['breathe']	1	162	168	168	168	168	176	176	176	176	-1	-1	7	0	0
14848	228	4	1	1	Agent	-1	he	3	Agent		-1	-1	5	breathe	[4]	['breathe']	2	50	192	192	192	376	184	300	300	300	-1	-1	7	0	0
14849	228	4	1	1	Agent	-1	he	3	Agent		-1	-1	5	breathe	[4]	['breathe']	3	80	168	168	168	168	208	208	208	208	-1	-1	7	0	0
14853	228	4	1	1	Agent	-1	he	3	Agent		-1	-1	5	breathe	[4]	['breathe']	7	34	132	132	256	596	172	172	172	172	-1	-1	7	0	0
14854	228	4	1	1	Agent	-1	he	3	Agent		-1	-1	5	breathe	[4]	['breathe']	8	32	0	0	0	0	176	176	176	176	-1	-1	7	1	0
14856	228	4	1	1	Agent	-1	he	3	Agent		-1	-1	5	breathe	[4]	['breathe']	11	28	244	244	244	244	188	188	188	188	-1	-1	7	0	0
14857	228	4	1	1	Agent	-1	he	3	Agent		-1	-1	5	breathe	[4]	['breathe']	12	11	140	140	140	140	268	268	268	268	-1	-1	7	0	0
14858	228	4	1	1	Agent	-1	he	3	Agent		-1	-1	5	breathe	[4]	['breathe']	13	183	244	244	244	412	280	280	280	280	-1	-1	7	0	0
14860	228	4	1	1	Agent	-1	he	3	Agent		-1	-1	5	breathe	[4]	['breathe']	15	72	224	224	224	436	160	160	160	160	-1	-1	7	0	0
14861	228	4	1	1	Agent	-1	he	3	Agent		-1	-1	5	breathe	[4]	['breathe']	16	4	244	244	384	500	136	136	136	136	-1	-1	7	0	0
14862	228	4	1	1	Agent	-1	he	3	Agent		-1	-1	5	breathe	[4]	['breathe']	17	153	140	140	140	140	252	252	252	252	-1	-1	7	0	0
14863	228	4	1	1	Agent	-1	he	3	Agent		-1	-1	5	breathe	[4]	['breathe']	18	14	144	144	144	144	192	192	192	192	-1	-1	7	0	0
14865	228	4	1	1	Agent	-1	he	3	Agent		-1	-1	5	breathe	[4]	['breathe']	20	113	104	104	104	708	196	196	196	196	-1	-1	7	0	0
14867	228	4	1	1	Agent	-1	he	3	Agent		-1	-1	5	breathe	[4]	['breathe']	22	191	152	560	560	560	204	204	204	204	-1	-1	7	0	0
14868	228	4	1	1	Agent	-1	he	3	Agent		-1	-1	5	breathe	[4]	['breathe']	23	3	504	764	764	764	296	296	296	296	-1	-1	7	0	0
14869	228	4	1	1	Agent	-1	he	3	Agent		-1	-1	5	breathe	[4]	['breathe']	24	19	140	340	340	340	252	252	252	252	-1	-1	7	0	0
14870	228	4	1	1	Agent	-1	he	3	Agent		-1	-1	5	breathe	[4]	['breathe']	25	124	164	164	424	580	212	336	336	336	-1	-1	7	0	0
14871	228	4	1	1	Agent	-1	he	3	Agent		-1	-1	5	breathe	[4]	['breathe']	27	134	184	184	184	184	204	204	204	632	-1	-1	7	0	0
14872	228	4	1	1	Agent	-1	he	3	Agent		-1	-1	5	breathe	[4]	['breathe']	28	130	204	204	204	204	68	68	208	608	-1	-1	7	0	0
14873	228	4	1	1	Agent	-1	he	3	Agent		-1	-1	5	breathe	[4]	['breathe']	29	56	248	248	248	248	196	196	196	196	-1	-1	7	0	0
14874	228	4	1	1	Agent	-1	he	3	Agent		-1	-1	5	breathe	[4]	['breathe']	30	75	192	192	192	192	276	276	276	276	-1	-1	7	0	0
14875	228	4	1	1	Agent	-1	he	3	Agent		-1	-1	5	breathe	[4]	['breathe']	31	87	0	0	0	0	236	236	236	236	-1	-1	7	1	0
14876	228	4	1	1	Agent	-1	he	3	Agent		-1	-1	5	breathe	[4]	['breathe']	32	136	164	340	340	340	300	300	300	300	-1	-1	7	0	0
14877	228	4	1	1	Agent	-1	he	3	Agent		-1	-1	5	breathe	[4]	['breathe']	33	184	172	172	172	172	164	548	548	700	-1	-1	7	0	0
14878	228	4	1	1	Agent	-1	he	3	Agent		-1	-1	5	breathe	[4]	['breathe']	34	144	312	312	312	484	256	256	256	256	-1	-1	7	0	0
14879	228	4	1	1	Agent	-1	he	3	Agent		-1	-1	5	breathe	[4]	['breathe']	35	118	176	176	176	176	148	148	148	148	-1	-1	7	0	0
14880	228	4	1	1	Agent	-1	he	3	Agent		-1	-1	5	breathe	[4]	['breathe']	36	57	0	0	0	0	192	360	360	360	-1	-1	7	1	0
14881	228	4	1	1	Agent	-1	he	3	Agent		-1	-1	5	breathe	[4]	['breathe']	37	54	128	128	128	220	180	356	356	356	-1	-1	7	0	0
14883	228	4	1	1	Agent	-1	he	3	Agent		-1	-1	5	breathe	[4]	['breathe']	39	82	188	436	436	436	232	232	232	232	-1	-1	7	0	0
14886	228	4	1	1	Agent	-1	he	3	Agent		-1	-1	5	breathe	[4]	['breathe']	42	91	244	244	244	244	260	260	260	260	-1	-1	7	0	0
14887	228	4	1	1	Agent	-1	he	3	Agent		-1	-1	5	breathe	[4]	['breathe']	43	95	152	152	152	152	244	244	244	244	-1	-1	7	0	0
14888	228	6	1	2	Agent	-3	he	3	Agent		-1	-3	8	kill	[7]	['kill']	1	162	0	0	0	0	248	248	248	248	-3	-3	4	1	0
14901	228	6	1	2	Agent	-3	he	3	Agent		-1	-3	8	kill	[7]	['kill']	15	72	0	0	0	0	148	148	148	148	-3	-3	4	1	0
14906	228	6	1	2	Agent	-3	he	3	Agent		-1	-3	8	kill	[7]	['kill']	20	113	0	0	0	0	220	220	220	220	-3	-3	4	1	0
14907	228	6	1	2	Agent	-3	he	3	Agent		-1	-3	8	kill	[7]	['kill']	21	74	136	136	136	136	336	468	468	624	-3	-3	4	0	0
14908	228	6	1	2	Agent	-3	he	3	Agent		-1	-3	8	kill	[7]	['kill']	22	191	212	212	212	212	320	320	320	320	-3	-3	4	0	0
14910	228	6	1	2	Agent	-3	he	3	Agent		-1	-3	8	kill	[7]	['kill']	24	19	340	340	340	340	236	236	236	236	-3	-3	4	0	0
14914	228	6	1	2	Agent	-3	he	3	Agent		-1	-3	8	kill	[7]	['kill']	29	56	0	0	0	0	148	148	148	460	-3	-3	4	1	0
14921	228	6	1	2	Agent	-3	he	3	Agent		-1	-3	8	kill	[7]	['kill']	36	57	0	0	0	0	140	140	140	140	-3	-3	4	1	0
14925	228	6	1	2	Agent	-3	he	3	Agent		-1	-3	8	kill	[7]	['kill']	40	113	0	0	0	0	124	124	124	220	-3	-3	4	1	0
14929	230	1	1	1	Theme	-1	He	1	Theme		-1	-1	2	came	[1, 2, 3]	['came', 'back', 'to']	1	101	288	288	288	420	180	180	180	180	-1	-1	4	0	0
14930	230	1	1	1	Theme	-1	He	1	Theme		-1	-1	2	came	[1, 2, 3]	['came', 'back', 'to']	2	102	0	0	0	0	152	152	152	152	-1	-1	4	1	0
14931	230	1	1	1	Theme	-1	He	1	Theme		-1	-1	2	came	[1, 2, 3]	['came', 'back', 'to']	3	47	380	380	380	380	136	284	284	284	-1	-1	4	0	0
14932	230	1	1	1	Theme	-1	He	1	Theme		-1	-1	2	came	[1, 2, 3]	['came', 'back', 'to']	4	7	256	392	392	392	156	156	156	156	-1	-1	4	0	0
14934	230	1	1	1	Theme	-1	He	1	Theme		-1	-1	2	came	[1, 2, 3]	['came', 'back', 'to']	6	105	244	244	244	244	112	112	112	112	-1	-1	4	0	0
14935	230	1	1	1	Theme	-1	He	1	Theme		-1	-1	2	came	[1, 2, 3]	['came', 'back', 'to']	7	54	220	220	220	220	108	108	108	108	-1	-1	4	0	0
14936	230	1	1	1	Theme	-1	He	1	Theme		-1	-1	2	came	[1, 2, 3]	['came', 'back', 'to']	8	141	256	352	352	352	104	104	104	104	-1	-1	4	0	0
14938	230	1	1	1	Theme	-1	He	1	Theme		-1	-1	2	came	[1, 2, 3]	['came', 'back', 'to']	11	50	196	196	196	196	180	180	180	180	-1	-1	4	0	0
14939	230	1	1	1	Theme	-1	He	1	Theme		-1	-1	2	came	[1, 2, 3]	['came', 'back', 'to']	12	150	260	388	388	388	196	196	196	196	-1	-1	4	0	0
14941	230	1	1	1	Theme	-1	He	1	Theme		-1	-1	2	came	[1, 2, 3]	['came', 'back', 'to']	14	200	68	404	404	404	252	356	356	356	-1	-1	4	0	0
14943	230	1	1	1	Theme	-1	He	1	Theme		-1	-1	2	came	[1, 2, 3]	['came', 'back', 'to']	16	157	200	200	200	200	180	180	180	180	-1	-1	4	0	0
14944	230	1	1	1	Theme	-1	He	1	Theme		-1	-1	2	came	[1, 2, 3]	['came', 'back', 'to']	17	21	140	140	140	140	188	188	188	188	-1	-1	4	0	0
14945	230	1	1	1	Theme	-1	He	1	Theme		-1	-1	2	came	[1, 2, 3]	['came', 'back', 'to']	18	24	0	0	0	0	264	264	264	380	-1	-1	4	1	0
14946	230	1	1	1	Theme	-1	He	1	Theme		-1	-1	2	came	[1, 2, 3]	['came', 'back', 'to']	19	188	288	288	288	288	152	152	152	152	-1	-1	4	0	0
14948	230	1	1	1	Theme	-1	He	1	Theme		-1	-1	2	came	[1, 2, 3]	['came', 'back', 'to']	21	125	0	0	0	0	228	228	228	452	-1	-1	4	1	0
14949	230	1	1	1	Theme	-1	He	1	Theme		-1	-1	2	came	[1, 2, 3]	['came', 'back', 'to']	22	95	176	524	524	1828	212	548	768	3516	-1	-1	4	0	0
14950	230	1	1	1	Theme	-1	He	1	Theme		-1	-1	2	came	[1, 2, 3]	['came', 'back', 'to']	23	156	320	556	556	556	176	176	320	552	-1	-1	4	0	0
14951	230	1	1	1	Theme	-1	He	1	Theme		-1	-1	2	came	[1, 2, 3]	['came', 'back', 'to']	24	107	144	144	144	144	136	136	136	136	-1	-1	4	0	0
14953	230	1	1	1	Theme	-1	He	1	Theme		-1	-1	2	came	[1, 2, 3]	['came', 'back', 'to']	27	52	92	408	408	408	256	256	256	256	-1	-1	4	0	0
14954	230	1	1	1	Theme	-1	He	1	Theme		-1	-1	2	came	[1, 2, 3]	['came', 'back', 'to']	28	160	644	832	832	832	348	348	348	348	-1	-1	4	0	0
14956	230	1	1	1	Theme	-1	He	1	Theme		-1	-1	2	came	[1, 2, 3]	['came', 'back', 'to']	30	177	252	252	252	252	212	212	212	212	-1	-1	4	0	0
14958	230	1	1	1	Theme	-1	He	1	Theme		-1	-1	2	came	[1, 2, 3]	['came', 'back', 'to']	32	83	308	308	308	308	212	212	212	212	-1	-1	4	0	0
14959	230	1	1	1	Theme	-1	He	1	Theme		-1	-1	2	came	[1, 2, 3]	['came', 'back', 'to']	33	181	172	172	172	172	132	132	132	132	-1	-1	4	0	0
14960	230	1	1	1	Theme	-1	He	1	Theme		-1	-1	2	came	[1, 2, 3]	['came', 'back', 'to']	34	75	300	300	300	300	216	216	216	216	-1	-1	4	0	0
14961	230	1	1	1	Theme	-1	He	1	Theme		-1	-1	2	came	[1, 2, 3]	['came', 'back', 'to']	35	128	156	156	156	156	192	192	192	192	-1	-1	4	0	0
14963	230	1	1	1	Theme	-1	He	1	Theme		-1	-1	2	came	[1, 2, 3]	['came', 'back', 'to']	37	77	132	200	200	200	72	360	360	360	-1	-1	4	0	0
14965	230	1	1	1	Theme	-1	He	1	Theme		-1	-1	2	came	[1, 2, 3]	['came', 'back', 'to']	39	2	120	120	120	120	204	204	204	312	-1	-1	4	0	0
14969	230	1	1	1	Theme	-1	He	1	Theme		-1	-1	2	came	[1, 2, 3]	['came', 'back', 'to']	43	158	268	268	268	340	184	184	184	184	-1	-1	4	0	0
14974	230	6	2	0	Agent	-1	he	8	TIN	came	2	-5	9	heard	[8]	['heard']	5	174	220	220	220	220	228	228	228	228	-1	-5	5	0	0
14975	230	6	2	0	Agent	-1	he	8	TIN	came	2	-5	9	heard	[8]	['heard']	6	105	0	0	0	0	204	204	204	292	-1	-5	5	1	0
14977	230	6	2	0	Agent	-1	he	8	TIN	came	2	-5	9	heard	[8]	['heard']	8	141	196	196	196	196	244	244	244	388	-1	-5	5	0	0
14978	230	6	2	0	Agent	-1	he	8	TIN	came	2	-5	9	heard	[8]	['heard']	10	118	280	280	280	280	260	260	260	260	-1	-5	5	0	0
14979	230	6	2	0	Agent	-1	he	8	TIN	came	2	-5	9	heard	[8]	['heard']	11	50	136	136	136	136	204	204	204	204	-1	-5	5	0	0
14981	230	6	2	0	Agent	-1	he	8	TIN	came	2	-5	9	heard	[8]	['heard']	13	88	116	116	116	116	248	248	248	248	-1	-5	5	0	0
14984	230	6	2	0	Agent	-1	he	8	TIN	came	2	-5	9	heard	[8]	['heard']	16	157	188	188	188	188	164	164	164	164	-1	-5	5	0	0
14988	230	6	2	0	Agent	-1	he	8	TIN	came	2	-5	9	heard	[8]	['heard']	20	33	128	128	128	128	160	160	160	160	-1	-5	5	0	0
14994	230	6	2	0	Agent	-1	he	8	TIN	came	2	-5	9	heard	[8]	['heard']	27	52	156	156	156	156	216	364	364	364	-1	-5	5	0	0
14995	230	6	2	0	Agent	-1	he	8	TIN	came	2	-5	9	heard	[8]	['heard']	28	160	180	180	180	180	156	156	156	156	-1	-5	5	0	0
14998	230	6	2	0	Agent	-1	he	8	TIN	came	2	-5	9	heard	[8]	['heard']	31	124	156	156	156	156	164	164	164	164	-1	-5	5	0	0
15001	230	6	2	0	Agent	-1	he	8	TIN	came	2	-5	9	heard	[8]	['heard']	34	75	132	132	132	132	152	152	152	152	-1	-5	5	0	0
15004	230	6	2	0	Agent	-1	he	8	TIN	came	2	-5	9	heard	[8]	['heard']	37	77	240	240	240	240	216	216	216	288	-1	-5	5	0	0
15008	230	6	2	0	Agent	-1	he	8	TIN	came	2	-5	9	heard	[8]	['heard']	41	112	0	0	0	0	160	160	160	160	-1	-5	5	1	0
15010	230	6	2	0	Agent	-1	he	8	TIN	came	2	-5	9	heard	[8]	['heard']	43	158	248	248	248	248	128	128	128	128	-1	-5	5	0	0
15011	230	11	1	1	Agent	-2	dad	11	Agent		-1	-2	12	stand	[11, 12, 13]	['stand', 'up', 'to']	1	101	340	340	340	340	128	128	396	596	-2	-2	5	0	0
15013	230	11	1	1	Agent	-2	dad	11	Agent		-1	-2	12	stand	[11, 12, 13]	['stand', 'up', 'to']	3	47	204	204	204	204	288	288	288	288	-2	-2	5	0	0
15019	230	11	1	1	Agent	-2	dad	11	Agent		-1	-2	12	stand	[11, 12, 13]	['stand', 'up', 'to']	10	118	152	152	152	152	168	168	168	168	-2	-2	5	0	0
15023	230	11	1	1	Agent	-2	dad	11	Agent		-1	-2	12	stand	[11, 12, 13]	['stand', 'up', 'to']	14	200	0	0	0	0	184	184	184	184	-2	-2	5	1	0
15027	230	11	1	1	Agent	-2	dad	11	Agent		-1	-2	12	stand	[11, 12, 13]	['stand', 'up', 'to']	18	24	0	0	0	0	260	260	260	404	-2	-2	5	1	0
15030	230	11	1	1	Agent	-2	dad	11	Agent		-1	-2	12	stand	[11, 12, 13]	['stand', 'up', 'to']	21	125	208	208	208	208	156	156	156	156	-2	-2	5	0	0
15033	230	11	1	1	Agent	-2	dad	11	Agent		-1	-2	12	stand	[11, 12, 13]	['stand', 'up', 'to']	24	107	148	148	148	148	264	264	264	264	-2	-2	5	0	0
15034	230	11	1	1	Agent	-2	dad	11	Agent		-1	-2	12	stand	[11, 12, 13]	['stand', 'up', 'to']	25	170	188	188	188	188	232	232	232	232	-2	-2	5	0	0
15036	230	11	1	1	Agent	-2	dad	11	Agent		-1	-2	12	stand	[11, 12, 13]	['stand', 'up', 'to']	28	160	300	440	440	440	152	152	152	152	-2	-2	5	0	0
15037	230	11	1	1	Agent	-2	dad	11	Agent		-1	-2	12	stand	[11, 12, 13]	['stand', 'up', 'to']	29	17	152	152	152	152	192	192	192	192	-2	-2	5	0	0
15039	230	11	1	1	Agent	-2	dad	11	Agent		-1	-2	12	stand	[11, 12, 13]	['stand', 'up', 'to']	31	124	152	152	152	152	156	156	156	412	-2	-2	5	0	0
15043	230	11	1	1	Agent	-2	dad	11	Agent		-1	-2	12	stand	[11, 12, 13]	['stand', 'up', 'to']	35	128	212	212	212	212	212	212	212	212	-2	-2	5	0	0
15048	230	11	1	1	Agent	-2	dad	11	Agent		-1	-2	12	stand	[11, 12, 13]	['stand', 'up', 'to']	40	191	0	0	0	0	148	148	148	512	-2	-2	5	1	0
15049	230	11	1	1	Agent	-2	dad	11	Agent		-1	-2	12	stand	[11, 12, 13]	['stand', 'up', 'to']	41	112	120	120	120	120	296	296	296	296	-2	-2	5	0	0
15050	230	11	1	1	Agent	-2	dad	11	Agent		-1	-2	12	stand	[11, 12, 13]	['stand', 'up', 'to']	42	9	0	0	0	0	212	212	212	212	-2	-2	5	1	0
15052	235	2	1	0	Patient	-2	He	1	Patient		-1	-2	6	dressed	[5, 6]	['dressed', 'and']	1	163	228	228	228	228	236	236	236	236	-2	-2	7	0	0
15054	235	2	1	0	Patient	-2	He	1	Patient		-1	-2	6	dressed	[5, 6]	['dressed', 'and']	3	7	148	304	304	304	148	148	148	148	-2	-2	7	0	0
15057	235	2	1	0	Patient	-2	He	1	Patient		-1	-2	6	dressed	[5, 6]	['dressed', 'and']	6	205	0	0	0	0	156	156	156	156	-2	-2	7	1	0
15066	235	2	1	0	Patient	-2	He	1	Patient		-1	-2	6	dressed	[5, 6]	['dressed', 'and']	16	58	176	176	176	176	164	164	164	164	-2	-2	7	0	0
15072	235	2	1	0	Patient	-2	He	1	Patient		-1	-2	6	dressed	[5, 6]	['dressed', 'and']	23	117	0	0	0	0	432	432	432	432	-2	-2	7	1	0
15075	235	2	1	0	Patient	-2	He	1	Patient		-1	-2	6	dressed	[5, 6]	['dressed', 'and']	27	19	184	184	184	184	240	240	240	240	-2	-2	7	0	0
15076	235	2	1	0	Patient	-2	He	1	Patient		-1	-2	6	dressed	[5, 6]	['dressed', 'and']	28	83	220	220	220	508	288	288	288	424	-2	-2	7	0	0
15083	235	2	1	0	Patient	-2	He	1	Patient		-1	-2	6	dressed	[5, 6]	['dressed', 'and']	35	185	188	188	188	188	144	144	144	144	-2	-2	7	0	0
15084	235	2	1	0	Patient	-2	He	1	Patient		-1	-2	6	dressed	[5, 6]	['dressed', 'and']	36	43	244	244	244	388	148	148	148	148	-2	-2	7	0	0
15089	235	2	1	0	Patient	-2	He	1	Patient		-1	-2	6	dressed	[5, 6]	['dressed', 'and']	41	63	0	0	0	0	220	220	220	872	-2	-2	7	1	0
15098	235	3	1	2	Agent	-3	He	1	Agent		-1	-3	8	invited	[7]	['invited']	7	163	204	204	204	204	140	140	140	304	-3	-3	7	0	0
15105	235	3	1	2	Agent	-3	He	1	Agent		-1	-3	8	invited	[7]	['invited']	15	128	184	184	184	184	52	52	52	52	-3	-3	7	0	0
15106	235	3	1	2	Agent	-3	He	1	Agent		-1	-3	8	invited	[7]	['invited']	16	58	204	368	368	368	192	192	192	192	-3	-3	7	0	0
15108	235	3	1	2	Agent	-3	He	1	Agent		-1	-3	8	invited	[7]	['invited']	19	52	140	140	140	140	108	108	108	108	-3	-3	7	0	0
15110	235	3	1	2	Agent	-3	He	1	Agent		-1	-3	8	invited	[7]	['invited']	21	95	168	168	168	168	140	140	140	140	-3	-3	7	0	0
15112	235	3	1	2	Agent	-3	He	1	Agent		-1	-3	8	invited	[7]	['invited']	23	117	384	384	384	384	200	200	200	200	-3	-3	7	0	0
15116	235	3	1	2	Agent	-3	He	1	Agent		-1	-3	8	invited	[7]	['invited']	28	83	192	192	192	192	180	180	180	180	-3	-3	7	0	0
15117	235	3	1	2	Agent	-3	He	1	Agent		-1	-3	8	invited	[7]	['invited']	29	189	192	192	192	192	192	192	192	192	-3	-3	7	0	0
15118	235	3	1	2	Agent	-3	He	1	Agent		-1	-3	8	invited	[7]	['invited']	30	192	328	328	328	328	76	76	76	76	-3	-3	7	0	0
15124	235	3	1	2	Agent	-3	He	1	Agent		-1	-3	8	invited	[7]	['invited']	36	43	0	0	0	0	144	144	144	144	-3	-3	7	1	0
15132	239	1	1	0	Experiencer	-1	I	1	Experiencer		-1	-1	2	know	[1]	['know']	1	151	332	332	332	332	192	192	192	192	-1	-1	4	0	0
15133	239	1	1	0	Experiencer	-1	I	1	Experiencer		-1	-1	2	know	[1]	['know']	2	43	208	208	208	208	144	268	268	268	-1	-1	4	0	0
15134	239	1	1	0	Experiencer	-1	I	1	Experiencer		-1	-1	2	know	[1]	['know']	3	36	96	384	384	384	116	256	256	256	-1	-1	4	0	0
15135	239	1	1	0	Experiencer	-1	I	1	Experiencer		-1	-1	2	know	[1]	['know']	4	8	264	264	264	264	132	320	320	320	-1	-1	4	0	0
15136	239	1	1	0	Experiencer	-1	I	1	Experiencer		-1	-1	2	know	[1]	['know']	5	193	92	92	92	92	264	264	264	376	-1	-1	4	0	0
15137	239	1	1	0	Experiencer	-1	I	1	Experiencer		-1	-1	2	know	[1]	['know']	6	49	248	248	248	248	108	108	108	108	-1	-1	4	0	0
15138	239	1	1	0	Experiencer	-1	I	1	Experiencer		-1	-1	2	know	[1]	['know']	7	5	0	0	0	0	124	208	208	208	-1	-1	4	1	0
15139	239	1	1	0	Experiencer	-1	I	1	Experiencer		-1	-1	2	know	[1]	['know']	8	8	348	348	348	348	136	136	136	136	-1	-1	4	0	0
15140	239	1	1	0	Experiencer	-1	I	1	Experiencer		-1	-1	2	know	[1]	['know']	9	34	236	236	236	236	160	268	268	268	-1	-1	4	0	0
15141	239	1	1	0	Experiencer	-1	I	1	Experiencer		-1	-1	2	know	[1]	['know']	10	153	0	0	0	0	292	292	428	584	-1	-1	4	1	0
15142	239	1	1	0	Experiencer	-1	I	1	Experiencer		-1	-1	2	know	[1]	['know']	11	11	240	240	240	240	152	152	152	152	-1	-1	4	0	0
15143	239	1	1	0	Experiencer	-1	I	1	Experiencer		-1	-1	2	know	[1]	['know']	12	10	0	0	0	0	276	504	504	504	-1	-1	4	1	0
15144	239	1	1	0	Experiencer	-1	I	1	Experiencer		-1	-1	2	know	[1]	['know']	13	164	244	496	496	496	176	176	176	176	-1	-1	4	0	0
15145	239	1	1	0	Experiencer	-1	I	1	Experiencer		-1	-1	2	know	[1]	['know']	14	133	148	300	300	300	152	152	152	152	-1	-1	4	0	0
15146	239	1	1	0	Experiencer	-1	I	1	Experiencer		-1	-1	2	know	[1]	['know']	15	71	52	52	52	52	188	276	276	276	-1	-1	4	0	0
15147	239	1	1	0	Experiencer	-1	I	1	Experiencer		-1	-1	2	know	[1]	['know']	16	40	228	360	360	360	152	152	152	152	-1	-1	4	0	0
15148	239	1	1	0	Experiencer	-1	I	1	Experiencer		-1	-1	2	know	[1]	['know']	17	115	304	304	304	304	164	164	164	164	-1	-1	4	0	0
15149	239	1	1	0	Experiencer	-1	I	1	Experiencer		-1	-1	2	know	[1]	['know']	18	189	296	296	296	296	144	144	144	144	-1	-1	4	0	0
15151	239	1	1	0	Experiencer	-1	I	1	Experiencer		-1	-1	2	know	[1]	['know']	20	120	68	244	244	244	164	308	308	308	-1	-1	4	0	0
15153	239	1	1	0	Experiencer	-1	I	1	Experiencer		-1	-1	2	know	[1]	['know']	22	119	224	488	488	488	208	208	208	208	-1	-1	4	0	0
15154	239	1	1	0	Experiencer	-1	I	1	Experiencer		-1	-1	2	know	[1]	['know']	23	29	280	396	396	396	216	536	536	536	-1	-1	4	0	0
15155	239	1	1	0	Experiencer	-1	I	1	Experiencer		-1	-1	2	know	[1]	['know']	24	112	220	368	368	368	152	152	152	152	-1	-1	4	0	0
15156	239	1	1	0	Experiencer	-1	I	1	Experiencer		-1	-1	2	know	[1]	['know']	25	173	0	0	0	0	256	256	376	536	-1	-1	4	1	0
15158	239	1	1	0	Experiencer	-1	I	1	Experiencer		-1	-1	2	know	[1]	['know']	28	129	240	404	404	404	132	524	524	524	-1	-1	4	0	0
15160	239	1	1	0	Experiencer	-1	I	1	Experiencer		-1	-1	2	know	[1]	['know']	30	134	288	288	288	288	272	272	908	1284	-1	-1	4	0	0
15161	239	1	1	0	Experiencer	-1	I	1	Experiencer		-1	-1	2	know	[1]	['know']	31	27	92	92	92	92	152	152	152	152	-1	-1	4	0	0
15162	239	1	1	0	Experiencer	-1	I	1	Experiencer		-1	-1	2	know	[1]	['know']	32	147	228	228	228	228	220	220	220	220	-1	-1	4	0	0
15163	239	1	1	0	Experiencer	-1	I	1	Experiencer		-1	-1	2	know	[1]	['know']	33	138	244	244	244	244	112	112	184	356	-1	-1	4	0	0
15164	239	1	1	0	Experiencer	-1	I	1	Experiencer		-1	-1	2	know	[1]	['know']	34	153	240	240	240	240	212	212	212	212	-1	-1	4	0	0
15165	239	1	1	0	Experiencer	-1	I	1	Experiencer		-1	-1	2	know	[1]	['know']	35	105	268	268	268	268	148	148	148	148	-1	-1	4	0	0
15166	239	1	1	0	Experiencer	-1	I	1	Experiencer		-1	-1	2	know	[1]	['know']	36	174	0	0	0	0	20	20	20	20	-1	-1	4	1	0
15167	239	1	1	0	Experiencer	-1	I	1	Experiencer		-1	-1	2	know	[1]	['know']	37	177	48	48	204	364	88	216	216	216	-1	-1	4	0	0
15168	239	1	1	0	Experiencer	-1	I	1	Experiencer		-1	-1	2	know	[1]	['know']	38	127	240	240	240	240	280	280	280	280	-1	-1	4	0	0
15172	239	1	1	0	Experiencer	-1	I	1	Experiencer		-1	-1	2	know	[1]	['know']	42	32	264	264	264	264	168	168	168	168	-1	-1	4	0	0
15173	239	1	1	0	Experiencer	-1	I	1	Experiencer		-1	-1	2	know	[1]	['know']	43	34	240	392	392	392	56	56	56	56	-1	-1	4	0	0
15174	239	4	1	1	Agent	-1	Richard	3	Agent		-1	-1	4	drinks	[3]	['drinks']	1	151	148	148	148	148	120	120	120	120	-1	-1	6	0	0
15180	239	4	1	1	Agent	-1	Richard	3	Agent		-1	-1	4	drinks	[3]	['drinks']	7	5	0	0	0	0	176	176	176	292	-1	-1	6	1	0
15182	239	4	1	1	Agent	-1	Richard	3	Agent		-1	-1	4	drinks	[3]	['drinks']	9	34	184	184	184	184	168	168	168	168	-1	-1	6	0	0
15184	239	4	1	1	Agent	-1	Richard	3	Agent		-1	-1	4	drinks	[3]	['drinks']	11	11	192	192	192	192	148	148	148	148	-1	-1	6	0	0
15189	239	4	1	1	Agent	-1	Richard	3	Agent		-1	-1	4	drinks	[3]	['drinks']	16	40	260	260	260	260	156	156	156	156	-1	-1	6	0	0
15193	239	4	1	1	Agent	-1	Richard	3	Agent		-1	-1	4	drinks	[3]	['drinks']	20	120	0	0	0	0	200	200	200	200	-1	-1	6	1	0
15201	239	4	1	1	Agent	-1	Richard	3	Agent		-1	-1	4	drinks	[3]	['drinks']	29	39	0	0	0	0	248	248	248	848	-1	-1	6	1	0
15202	239	4	1	1	Agent	-1	Richard	3	Agent		-1	-1	4	drinks	[3]	['drinks']	30	134	616	616	616	616	204	204	204	204	-1	-1	6	0	0
15207	239	4	1	1	Agent	-1	Richard	3	Agent		-1	-1	4	drinks	[3]	['drinks']	35	105	188	188	188	188	172	172	172	172	-1	-1	6	0	0
15215	239	4	1	1	Agent	-1	Richard	3	Agent		-1	-1	4	drinks	[3]	['drinks']	43	34	0	0	0	0	292	292	292	428	-1	-1	6	1	0
15218	239	8	1	1	Pivot	-5	Richard	3	Pivot		-1	-5	10	has	[9]	['has']	3	36	148	148	148	148	172	172	172	172	-5	-5	3	0	0
15220	239	8	1	1	Pivot	-5	Richard	3	Pivot		-1	-5	10	has	[9]	['has']	5	193	0	0	0	0	212	212	212	212	-5	-5	3	1	0
15227	239	8	1	1	Pivot	-5	Richard	3	Pivot		-1	-5	10	has	[9]	['has']	12	10	260	260	260	260	144	144	144	144	-5	-5	3	0	0
15229	239	8	1	1	Pivot	-5	Richard	3	Pivot		-1	-5	10	has	[9]	['has']	14	133	216	216	216	216	216	216	216	216	-5	-5	3	0	0
15232	239	8	1	1	Pivot	-5	Richard	3	Pivot		-1	-5	10	has	[9]	['has']	17	115	0	0	0	0	176	176	176	176	-5	-5	3	1	0
15233	239	8	1	1	Pivot	-5	Richard	3	Pivot		-1	-5	10	has	[9]	['has']	18	189	0	0	0	0	272	272	272	272	-5	-5	3	1	0
15239	239	8	1	1	Pivot	-5	Richard	3	Pivot		-1	-5	10	has	[9]	['has']	24	112	0	0	0	0	356	356	356	356	-5	-5	3	1	0
15247	239	8	1	1	Pivot	-5	Richard	3	Pivot		-1	-5	10	has	[9]	['has']	33	138	0	0	0	0	168	168	168	168	-5	-5	3	1	0
15251	239	8	1	1	Pivot	-5	Richard	3	Pivot		-1	-5	10	has	[9]	['has']	37	177	192	192	192	192	156	156	156	156	-5	-5	3	0	0
15255	239	8	1	1	Pivot	-5	Richard	3	Pivot		-1	-5	10	has	[9]	['has']	41	193	0	0	0	0	196	196	196	196	-5	-5	3	1	0
15256	239	8	1	1	Pivot	-5	Richard	3	Pivot		-1	-5	10	has	[9]	['has']	42	32	152	152	152	152	136	136	136	136	-5	-5	3	0	0
15262	241	1	1	1	Theme	-1	this	2	Theme		-1	-1	3	were	[2]	['were']	5	50	0	0	0	0	168	168	168	168	-1	-1	4	1	0
15268	241	1	1	1	Theme	-1	this	2	Theme		-1	-1	3	were	[2]	['were']	11	155	156	156	156	156	184	184	184	184	-1	-1	4	0	0
15269	241	1	1	1	Theme	-1	this	2	Theme		-1	-1	3	were	[2]	['were']	12	153	184	184	184	184	272	272	272	272	-1	-1	4	0	0
15270	241	1	1	1	Theme	-1	this	2	Theme		-1	-1	3	were	[2]	['were']	13	60	0	0	0	0	120	120	120	120	-1	-1	4	1	0
15274	241	1	1	1	Theme	-1	this	2	Theme		-1	-1	3	were	[2]	['were']	18	3	220	220	220	472	140	140	140	416	-1	-1	4	0	0
15278	241	1	1	1	Theme	-1	this	2	Theme		-1	-1	3	were	[2]	['were']	22	139	192	192	192	440	200	200	200	200	-1	-1	4	0	0
15279	241	1	1	1	Theme	-1	this	2	Theme		-1	-1	3	were	[2]	['were']	23	190	164	464	596	840	212	212	212	212	-1	-1	4	0	0
15280	241	1	1	1	Theme	-1	this	2	Theme		-1	-1	3	were	[2]	['were']	24	140	348	348	348	348	128	128	128	504	-1	-1	4	0	0
15289	241	1	1	1	Theme	-1	this	2	Theme		-1	-1	3	were	[2]	['were']	34	21	0	0	0	0	252	252	252	252	-1	-1	4	1	0
15294	241	1	1	1	Theme	-1	this	2	Theme		-1	-1	3	were	[2]	['were']	39	149	0	0	0	0	336	336	336	640	-1	-1	4	1	0
15301	241	8	1	1	Theme	-2	this	10	Theme		-1	-2	12	be	[11]	['be']	3	22	0	0	0	0	256	256	256	256	-2	-2	2	1	0
15305	241	8	1	1	Theme	-2	this	10	Theme		-1	-2	12	be	[11]	['be']	7	181	0	0	0	0	140	140	140	140	-2	-2	2	1	0
15308	241	8	1	1	Theme	-2	this	10	Theme		-1	-2	12	be	[11]	['be']	10	20	0	0	0	0	76	76	76	76	-2	-2	2	1	0
15310	241	8	1	1	Theme	-2	this	10	Theme		-1	-2	12	be	[11]	['be']	12	153	0	0	0	0	116	116	116	116	-2	-2	2	1	0
15311	241	8	1	1	Theme	-2	this	10	Theme		-1	-2	12	be	[11]	['be']	13	60	0	0	0	0	228	228	228	228	-2	-2	2	1	0
15312	241	8	1	1	Theme	-2	this	10	Theme		-1	-2	12	be	[11]	['be']	14	46	0	0	0	0	232	232	232	708	-2	-2	2	1	0
15332	241	8	1	1	Theme	-2	this	10	Theme		-1	-2	12	be	[11]	['be']	36	156	184	184	184	408	148	148	148	148	-2	-2	2	0	0
15340	246	1	1	3	Theme	-1	James	1	Theme		-1	-1	2	was	[1]	['was']	1	9	164	164	164	164	232	232	232	232	-1	-1	3	0	0
15341	246	1	1	3	Theme	-1	James	1	Theme		-1	-1	2	was	[1]	['was']	2	14	0	0	0	0	152	152	152	236	-1	-1	3	1	0
15342	246	1	1	3	Theme	-1	James	1	Theme		-1	-1	2	was	[1]	['was']	3	108	264	264	264	264	152	152	152	152	-1	-1	3	0	0
15344	246	1	1	3	Theme	-1	James	1	Theme		-1	-1	2	was	[1]	['was']	5	30	0	0	0	0	268	268	268	268	-1	-1	3	1	0
15346	246	1	1	3	Theme	-1	James	1	Theme		-1	-1	2	was	[1]	['was']	7	157	188	188	188	188	180	268	268	268	-1	-1	3	0	0
15347	246	1	1	3	Theme	-1	James	1	Theme		-1	-1	2	was	[1]	['was']	8	118	140	140	140	140	128	128	128	128	-1	-1	3	0	0
15348	246	1	1	3	Theme	-1	James	1	Theme		-1	-1	2	was	[1]	['was']	10	2	0	0	0	0	152	152	152	272	-1	-1	3	1	0
15349	246	1	1	3	Theme	-1	James	1	Theme		-1	-1	2	was	[1]	['was']	11	165	140	140	140	140	128	128	128	128	-1	-1	3	0	0
15350	246	1	1	3	Theme	-1	James	1	Theme		-1	-1	2	was	[1]	['was']	12	105	296	296	488	604	292	292	292	292	-1	-1	3	0	0
15351	246	1	1	3	Theme	-1	James	1	Theme		-1	-1	2	was	[1]	['was']	13	192	240	240	240	240	72	72	72	72	-1	-1	3	0	0
15354	246	1	1	3	Theme	-1	James	1	Theme		-1	-1	2	was	[1]	['was']	16	47	0	0	0	0	136	328	328	328	-1	-1	3	1	0
15355	246	1	1	3	Theme	-1	James	1	Theme		-1	-1	2	was	[1]	['was']	17	46	0	0	0	0	184	184	184	184	-1	-1	3	1	0
15357	246	1	1	3	Theme	-1	James	1	Theme		-1	-1	2	was	[1]	['was']	19	80	188	188	188	188	108	108	108	108	-1	-1	3	0	0
15358	246	1	1	3	Theme	-1	James	1	Theme		-1	-1	2	was	[1]	['was']	20	192	0	0	0	0	224	224	224	224	-1	-1	3	1	0
15359	246	1	1	3	Theme	-1	James	1	Theme		-1	-1	2	was	[1]	['was']	21	113	176	176	176	296	164	164	164	164	-1	-1	3	0	0
15360	246	1	1	3	Theme	-1	James	1	Theme		-1	-1	2	was	[1]	['was']	22	58	0	0	0	0	228	228	380	932	-1	-1	3	1	0
15361	246	1	1	3	Theme	-1	James	1	Theme		-1	-1	2	was	[1]	['was']	23	28	228	228	228	228	236	236	236	236	-1	-1	3	0	0
15362	246	1	1	3	Theme	-1	James	1	Theme		-1	-1	2	was	[1]	['was']	24	116	172	172	172	172	172	172	172	172	-1	-1	3	0	0
15363	246	1	1	3	Theme	-1	James	1	Theme		-1	-1	2	was	[1]	['was']	25	183	236	236	372	528	124	124	124	124	-1	-1	3	0	0
15364	246	1	1	3	Theme	-1	James	1	Theme		-1	-1	2	was	[1]	['was']	27	103	0	0	0	0	228	552	552	552	-1	-1	3	1	0
15365	246	1	1	3	Theme	-1	James	1	Theme		-1	-1	2	was	[1]	['was']	28	116	340	340	340	340	204	204	204	204	-1	-1	3	0	0
15367	246	1	1	3	Theme	-1	James	1	Theme		-1	-1	2	was	[1]	['was']	30	72	104	436	436	436	244	244	500	1024	-1	-1	3	0	0
15368	246	1	1	3	Theme	-1	James	1	Theme		-1	-1	2	was	[1]	['was']	31	142	0	0	0	0	160	160	160	160	-1	-1	3	1	0
15369	246	1	1	3	Theme	-1	James	1	Theme		-1	-1	2	was	[1]	['was']	32	45	204	204	204	204	316	316	316	316	-1	-1	3	0	0
15370	246	1	1	3	Theme	-1	James	1	Theme		-1	-1	2	was	[1]	['was']	33	95	88	272	272	272	180	180	180	180	-1	-1	3	0	0
15372	246	1	1	3	Theme	-1	James	1	Theme		-1	-1	2	was	[1]	['was']	35	62	144	144	144	144	256	256	256	256	-1	-1	3	0	0
15374	246	1	1	3	Theme	-1	James	1	Theme		-1	-1	2	was	[1]	['was']	37	60	136	240	240	392	132	404	404	404	-1	-1	3	0	0
15375	246	1	1	3	Theme	-1	James	1	Theme		-1	-1	2	was	[1]	['was']	38	148	216	216	216	216	192	192	192	192	-1	-1	3	0	0
15376	246	1	1	3	Theme	-1	James	1	Theme		-1	-1	2	was	[1]	['was']	39	68	0	0	0	0	184	184	184	300	-1	-1	3	1	0
15379	246	1	1	3	Theme	-1	James	1	Theme		-1	-1	2	was	[1]	['was']	42	159	172	172	172	172	184	184	184	184	-1	-1	3	0	0
15381	246	7	1	1	Stimulus	-1	it	11	Stimulus		-1	-1	12	felt	[11, 12]	['felt', 'like']	1	9	292	292	292	292	164	164	164	396	-1	-1	4	0	0
15383	246	7	1	1	Stimulus	-1	it	11	Stimulus		-1	-1	12	felt	[11, 12]	['felt', 'like']	3	108	176	176	176	176	152	152	152	152	-1	-1	4	0	0
15385	246	7	1	1	Stimulus	-1	it	11	Stimulus		-1	-1	12	felt	[11, 12]	['felt', 'like']	5	30	0	0	0	0	212	212	212	212	-1	-1	4	1	0
15387	246	7	1	1	Stimulus	-1	it	11	Stimulus		-1	-1	12	felt	[11, 12]	['felt', 'like']	7	157	0	0	0	0	160	160	160	160	-1	-1	4	1	0
15388	246	7	1	1	Stimulus	-1	it	11	Stimulus		-1	-1	12	felt	[11, 12]	['felt', 'like']	8	118	136	136	136	136	152	304	304	304	-1	-1	4	0	0
15391	246	7	1	1	Stimulus	-1	it	11	Stimulus		-1	-1	12	felt	[11, 12]	['felt', 'like']	12	105	0	0	0	0	208	208	208	208	-1	-1	4	1	0
15392	246	7	1	1	Stimulus	-1	it	11	Stimulus		-1	-1	12	felt	[11, 12]	['felt', 'like']	13	192	0	0	0	0	168	168	168	168	-1	-1	4	1	0
15393	246	7	1	1	Stimulus	-1	it	11	Stimulus		-1	-1	12	felt	[11, 12]	['felt', 'like']	14	49	212	212	212	212	148	148	148	148	-1	-1	4	0	0
15395	246	7	1	1	Stimulus	-1	it	11	Stimulus		-1	-1	12	felt	[11, 12]	['felt', 'like']	16	47	160	160	160	160	204	360	360	360	-1	-1	4	0	0
15397	246	7	1	1	Stimulus	-1	it	11	Stimulus		-1	-1	12	felt	[11, 12]	['felt', 'like']	18	55	300	300	300	300	236	236	236	236	-1	-1	4	0	0
15398	246	7	1	1	Stimulus	-1	it	11	Stimulus		-1	-1	12	felt	[11, 12]	['felt', 'like']	19	80	164	164	164	164	144	144	144	144	-1	-1	4	0	0
15399	246	7	1	1	Stimulus	-1	it	11	Stimulus		-1	-1	12	felt	[11, 12]	['felt', 'like']	20	192	0	0	0	0	220	220	220	220	-1	-1	4	1	0
15401	246	7	1	1	Stimulus	-1	it	11	Stimulus		-1	-1	12	felt	[11, 12]	['felt', 'like']	22	58	276	276	276	276	248	248	248	248	-1	-1	4	0	0
15402	246	7	1	1	Stimulus	-1	it	11	Stimulus		-1	-1	12	felt	[11, 12]	['felt', 'like']	23	28	148	348	348	348	404	404	404	804	-1	-1	4	0	0
15404	246	7	1	1	Stimulus	-1	it	11	Stimulus		-1	-1	12	felt	[11, 12]	['felt', 'like']	25	183	0	0	0	0	200	200	200	200	-1	-1	4	1	0
15405	246	7	1	1	Stimulus	-1	it	11	Stimulus		-1	-1	12	felt	[11, 12]	['felt', 'like']	27	103	220	220	220	220	176	176	176	176	-1	-1	4	0	0
15406	246	7	1	1	Stimulus	-1	it	11	Stimulus		-1	-1	12	felt	[11, 12]	['felt', 'like']	28	116	200	200	200	200	260	260	260	260	-1	-1	4	0	0
15409	246	7	1	1	Stimulus	-1	it	11	Stimulus		-1	-1	12	felt	[11, 12]	['felt', 'like']	31	142	0	0	0	0	152	152	152	152	-1	-1	4	1	0
15410	246	7	1	1	Stimulus	-1	it	11	Stimulus		-1	-1	12	felt	[11, 12]	['felt', 'like']	32	45	168	312	312	312	188	188	188	188	-1	-1	4	0	0
15411	246	7	1	1	Stimulus	-1	it	11	Stimulus		-1	-1	12	felt	[11, 12]	['felt', 'like']	33	95	208	340	340	340	136	136	136	136	-1	-1	4	0	0
15412	246	7	1	1	Stimulus	-1	it	11	Stimulus		-1	-1	12	felt	[11, 12]	['felt', 'like']	34	145	164	164	164	164	160	160	160	160	-1	-1	4	0	0
15413	246	7	1	1	Stimulus	-1	it	11	Stimulus		-1	-1	12	felt	[11, 12]	['felt', 'like']	35	62	192	192	192	192	152	152	152	152	-1	-1	4	0	0
15414	246	7	1	1	Stimulus	-1	it	11	Stimulus		-1	-1	12	felt	[11, 12]	['felt', 'like']	36	29	0	0	0	0	228	228	228	228	-1	-1	4	1	0
15415	246	7	1	1	Stimulus	-1	it	11	Stimulus		-1	-1	12	felt	[11, 12]	['felt', 'like']	37	60	148	148	148	148	128	128	128	128	-1	-1	4	0	0
15416	246	7	1	1	Stimulus	-1	it	11	Stimulus		-1	-1	12	felt	[11, 12]	['felt', 'like']	38	148	0	0	0	0	156	156	156	156	-1	-1	4	1	0
15418	246	7	1	1	Stimulus	-1	it	11	Stimulus		-1	-1	12	felt	[11, 12]	['felt', 'like']	40	133	164	164	164	164	140	140	140	140	-1	-1	4	0	0
15419	246	7	1	1	Stimulus	-1	it	11	Stimulus		-1	-1	12	felt	[11, 12]	['felt', 'like']	41	95	296	296	296	296	212	212	212	212	-1	-1	4	0	0
15420	246	7	1	1	Stimulus	-1	it	11	Stimulus		-1	-1	12	felt	[11, 12]	['felt', 'like']	42	159	0	0	0	0	180	180	180	180	-1	-1	4	1	0
