	distance	word_pos	sent_pos	sent_nr	subj_nr	token	resolved	rt_fp	spill_fp	inverse_distance	clean_token	reflexive	ana_category	multiple_drefs	word_length	num_prev_anas	target_skipped	spill_skipped
0	?	5	53	14	1	his	0	220	160	?	his	False	P	False	3	0	0	0
1	?	5	29	14	2	his	0	88	0	?	his	False	P	False	3	0	0	1
2	?	5	193	14	3	his	0	576	0	?	his	False	P	False	3	0	0	1
3	?	5	177	14	4	his	0	548	0	?	his	False	P	False	3	0	0	1
4	?	5	4	14	5	his	0	236	712	?	his	False	P	False	3	0	0	0
5	?	5	5	14	6	his	0	368	0	?	his	False	P	False	3	0	0	1
7	?	5	4	14	8	his	0	340	184	?	his	False	P	False	3	0	0	0
8	?	5	60	14	10	his	0	192	156	?	his	False	P	False	3	0	0	0
9	?	5	10	14	11	his	0	148	396	?	his	False	P	False	3	0	0	0
10	?	5	201	14	12	his	0	288	0	?	his	False	P	False	3	0	0	1
13	?	5	155	14	15	his	0	132	0	?	his	False	P	False	3	0	0	1
14	?	5	181	14	16	his	0	556	1024	?	his	False	P	False	3	0	0	0
15	?	5	17	14	17	his	0	296	128	?	his	False	P	False	3	0	0	0
16	?	5	108	14	18	his	0	240	0	?	his	False	P	False	3	0	0	1
17	?	5	200	14	19	his	0	220	68	?	his	False	P	False	3	0	0	0
18	?	5	54	14	20	his	0	248	192	?	his	False	P	False	3	0	0	0
21	?	5	92	14	23	his	0	192	256	?	his	False	P	False	3	0	0	0
22	?	5	175	14	24	his	0	272	0	?	his	False	P	False	3	0	0	1
23	?	5	154	14	25	his	0	148	104	?	his	False	P	False	3	0	0	0
24	?	5	166	14	27	his	0	128	528	?	his	False	P	False	3	0	0	0
25	?	5	127	14	28	his	0	820	188	?	his	False	P	False	3	0	0	0
26	?	5	74	14	29	his	0	284	728	?	his	False	P	False	3	0	0	0
27	?	5	173	14	30	his	0	248	312	?	his	False	P	False	3	0	0	0
29	?	5	78	14	32	his	0	280	0	?	his	False	P	False	3	0	0	1
30	?	5	142	14	33	his	0	132	196	?	his	False	P	False	3	0	0	0
31	?	5	1	14	34	his	0	296	0	?	his	False	P	False	3	0	0	1
32	?	5	1	14	35	his	0	144	632	?	his	False	P	False	3	0	0	0
33	?	5	115	14	36	his	0	152	0	?	his	False	P	False	3	0	0	1
34	?	5	126	14	37	his	0	456	256	?	his	False	P	False	3	0	0	0
35	?	5	108	14	38	his	0	188	296	?	his	False	P	False	3	0	0	0
36	?	5	96	14	39	his	0	224	180	?	his	False	P	False	3	0	0	0
37	?	5	160	14	41	his	0	232	100	?	his	False	P	False	3	0	0	0
39	?	5	163	14	43	his	0	164	0	?	his	False	P	False	3	0	0	1
41	?	6	107	35	2	this	0	148	636	?	this	False	O	False	4	0	0	0
42	?	6	92	35	3	this	0	200	404	?	this	False	O	False	4	0	0	0
43	?	6	199	35	4	this	0	304	0	?	this	False	O	False	4	0	0	1
44	?	6	88	35	5	this	0	140	140	?	this	False	O	False	4	0	0	0
46	?	6	15	35	7	this	0	124	132	?	this	False	O	False	4	0	0	0
47	?	6	38	35	8	this	0	220	348	?	this	False	O	False	4	0	0	0
48	?	6	159	35	10	this	0	152	180	?	this	False	O	False	4	0	0	0
49	?	6	18	35	11	this	0	732	0	?	this	False	O	False	4	0	0	1
50	?	6	195	35	12	this	0	244	0	?	this	False	O	False	4	0	0	1
51	?	6	80	35	13	this	0	248	68	?	this	False	O	False	4	0	0	0
52	?	6	62	35	14	this	0	196	0	?	this	False	O	False	4	0	0	1
54	?	6	34	35	16	this	0	236	768	?	this	False	O	False	4	0	0	0
57	?	6	153	35	19	this	0	228	0	?	this	False	O	False	4	0	0	1
60	?	6	198	35	22	this	0	192	296	?	this	False	O	False	4	0	0	0
61	?	6	168	35	23	this	0	208	576	?	this	False	O	False	4	0	0	0
63	?	6	186	35	25	this	0	192	240	?	this	False	O	False	4	0	0	0
64	?	6	81	35	27	this	0	216	0	?	this	False	O	False	4	0	0	1
65	?	6	203	35	28	this	0	1724	340	?	this	False	O	False	4	0	0	0
67	?	6	144	35	30	this	0	244	400	?	this	False	O	False	4	0	0	0
70	?	6	115	35	33	this	0	192	288	?	this	False	O	False	4	0	0	0
72	?	6	14	35	35	this	0	172	232	?	this	False	O	False	4	0	0	0
74	?	6	175	35	37	this	0	540	0	?	this	False	O	False	4	0	0	1
78	?	6	200	35	41	this	0	608	0	?	this	False	O	False	4	0	0	1
80	?	6	166	35	43	this	0	312	252	?	this	False	O	False	4	0	0	0
84	?	6	151	36	4	us	0	192	944	?	us	False	O	False	2	0	0	0
85	?	6	159	36	5	us	0	252	0	?	us	False	O	False	2	0	0	1
88	?	6	112	36	8	us	0	180	344	?	us	False	O	False	2	0	0	0
89	?	6	191	36	10	us	0	208	1300	?	us	False	O	False	2	0	0	0
90	?	6	173	36	11	us	0	284	276	?	us	False	O	False	2	0	0	0
94	?	6	144	36	15	us	0	180	748	?	us	False	O	False	2	0	0	0
95	?	6	55	36	16	us	0	548	552	?	us	False	O	False	2	0	0	0
98	?	6	4	36	19	us	0	228	60	?	us	False	O	False	2	0	0	0
102	?	6	33	36	23	us	0	176	216	?	us	False	O	False	2	0	0	0
105	?	6	188	36	27	us	0	300	436	?	us	False	O	False	2	0	0	0
108	?	6	5	36	30	us	0	144	168	?	us	False	O	False	2	0	0	0
109	?	6	104	36	31	us	0	140	208	?	us	False	O	False	2	0	0	0
111	?	6	198	36	33	us	0	148	108	?	us	False	O	False	2	0	0	0
114	?	6	78	36	36	us	0	256	160	?	us	False	O	False	2	0	0	0
115	?	6	134	36	37	us	0	112	536	?	us	False	O	False	2	0	0	0
118	?	6	200	36	40	us	0	140	88	?	us	False	O	False	2	0	0	0
120	?	6	176	36	42	us	0	256	312	?	us	False	O	False	2	0	0	0
121	?	6	49	36	43	us	0	248	608	?	us	False	O	False	2	0	0	0
122	?	3	118	39	1	him	0	144	192	?	him	False	O	False	3	0	0	0
124	?	3	71	39	3	him	0	144	332	?	him	False	O	False	3	0	0	0
128	?	3	106	39	7	him	0	72	132	?	him	False	O	False	3	0	0	0
129	?	3	65	39	8	him	0	204	276	?	him	False	O	False	3	0	0	0
130	?	3	3	39	10	him	0	92	124	?	him	False	O	False	3	0	0	0
131	?	3	44	39	11	him	0	152	112	?	him	False	O	False	3	0	0	0
133	?	3	113	39	13	him	0	244	152	?	him	False	O	False	3	0	0	0
136	?	3	96	39	16	him	0	184	356	?	him	False	O	False	3	0	0	0
137	?	3	122	39	17	him	0	260	0	?	him	False	O	False	3	0	0	1
139	?	3	66	39	19	him	0	168	120	?	him	False	O	False	3	0	0	0
142	?	3	140	39	22	him	0	176	292	?	him	False	O	False	3	0	0	0
143	?	3	150	39	23	him	0	192	244	?	him	False	O	False	3	0	0	0
144	?	3	64	39	24	him	0	296	160	?	him	False	O	False	3	0	0	0
146	?	3	190	39	27	him	0	232	296	?	him	False	O	False	3	0	0	0
147	?	3	78	39	28	him	0	356	216	?	him	False	O	False	3	0	0	0
150	?	3	127	39	31	him	0	208	68	?	him	False	O	False	3	0	0	0
151	?	3	82	39	32	him	0	188	244	?	him	False	O	False	3	0	0	0
152	?	3	82	39	33	him	0	180	252	?	him	False	O	False	3	0	0	0
153	?	3	22	39	34	him	0	456	248	?	him	False	O	False	3	0	0	0
154	?	3	86	39	35	him	0	156	168	?	him	False	O	False	3	0	0	0
155	?	3	9	39	36	him	0	248	0	?	him	False	O	False	3	0	0	1
156	?	3	103	39	37	him	0	132	180	?	him	False	O	False	3	0	0	0
162	?	3	131	39	43	him	0	172	188	?	him	False	O	False	3	0	0	0
163	?	2	146	50	1	they	0	192	124	?	they	False	O	True	4	0	0	0
164	?	2	53	50	2	they	0	204	308	?	they	False	O	True	4	0	0	0
165	?	2	86	50	3	they	0	184	296	?	they	False	O	True	4	0	0	0
169	?	2	159	50	7	they	0	140	180	?	they	False	O	True	4	0	0	0
170	?	2	196	50	8	they	0	156	164	?	they	False	O	True	4	0	0	0
171	?	2	93	50	10	they	0	272	304	?	they	False	O	True	4	0	0	0
172	?	2	19	50	11	they	0	140	160	?	they	False	O	True	4	0	0	0
173	?	2	162	50	12	they	0	156	132	?	they	False	O	True	4	0	0	0
174	?	2	35	50	13	they	0	248	256	?	they	False	O	True	4	0	0	0
175	?	2	102	50	14	they	0	172	0	?	they	False	O	True	4	0	0	1
176	?	2	106	50	15	they	0	156	0	?	they	False	O	True	4	0	0	1
177	?	2	118	50	16	they	0	384	184	?	they	False	O	True	4	0	0	0
178	?	2	144	50	17	they	0	180	160	?	they	False	O	True	4	0	0	0
180	?	2	199	50	19	they	0	176	180	?	they	False	O	True	4	0	0	0
181	?	2	179	50	20	they	0	136	140	?	they	False	O	True	4	0	0	0
183	?	2	118	50	22	they	0	292	148	?	they	False	O	True	4	0	0	0
184	?	2	82	50	23	they	0	140	284	?	they	False	O	True	4	0	0	0
186	?	2	163	50	25	they	0	244	156	?	they	False	O	True	4	0	0	0
187	?	2	42	50	27	they	0	256	276	?	they	False	O	True	4	0	0	0
188	?	2	61	50	28	they	0	264	524	?	they	False	O	True	4	0	0	0
189	?	2	118	50	29	they	0	188	188	?	they	False	O	True	4	0	0	0
190	?	2	108	50	30	they	0	256	580	?	they	False	O	True	4	0	0	0
192	?	2	158	50	32	they	0	232	260	?	they	False	O	True	4	0	0	0
193	?	2	148	50	33	they	0	364	172	?	they	False	O	True	4	0	0	0
195	?	2	152	50	35	they	0	164	156	?	they	False	O	True	4	0	0	0
196	?	2	141	50	36	they	0	196	124	?	they	False	O	True	4	0	0	0
197	?	2	135	50	37	they	0	104	144	?	they	False	O	True	4	0	0	0
198	?	2	142	50	38	they	0	308	0	?	they	False	O	True	4	0	0	1
199	?	2	174	50	39	they	0	176	0	?	they	False	O	True	4	0	0	1
202	?	2	37	50	42	they	0	172	148	?	they	False	O	True	4	0	0	0
203	?	2	169	50	43	they	0	192	184	?	they	False	O	True	4	0	0	0
204	?	3	198	59	1	he	0	204	224	?	he	False	O	False	2	0	0	0
205	?	3	32	59	2	he	0	132	0	?	he	False	O	False	2	0	0	1
206	?	3	33	59	3	he	0	428	176	?	he	False	O	False	2	0	0	0
207	?	3	156	59	4	he	0	180	0	?	he	False	O	False	2	0	0	1
210	?	3	3	59	7	he	0	136	100	?	he	False	O	False	2	0	0	0
214	?	3	165	59	12	he	0	240	0	?	he	False	O	False	2	0	0	1
218	?	3	73	59	16	he	0	132	172	?	he	False	O	False	2	0	0	0
222	?	3	125	59	20	he	0	228	0	?	he	False	O	False	2	0	0	1
225	?	3	193	59	23	he	0	276	236	?	he	False	O	False	2	0	0	0
229	?	3	113	59	28	he	0	284	296	?	he	False	O	False	2	0	0	0
231	?	3	187	59	30	he	0	316	300	?	he	False	O	False	2	0	0	0
235	?	3	20	59	34	he	0	124	188	?	he	False	O	False	2	0	0	0
236	?	3	38	59	35	he	0	168	0	?	he	False	O	False	2	0	0	1
238	?	3	94	59	37	he	0	288	248	?	he	False	O	False	2	0	0	0
239	?	3	188	59	38	he	0	248	0	?	he	False	O	False	2	0	0	1
245	?	7	190	62	1	their	0	228	324	?	their	False	P	True	5	0	0	0
246	?	7	2	62	2	their	0	152	96	?	their	False	P	True	5	0	0	0
247	?	7	24	62	3	their	0	376	180	?	their	False	P	True	5	0	0	0
248	?	7	24	62	4	their	0	348	176	?	their	False	P	True	5	0	0	0
249	?	7	130	62	5	their	0	276	296	?	their	False	P	True	5	0	0	0
252	?	7	26	62	8	their	0	412	636	?	their	False	P	True	5	0	0	0
253	?	7	2	62	9	their	0	196	252	?	their	False	P	True	5	0	0	0
254	?	7	169	62	10	their	0	184	172	?	their	False	P	True	5	0	0	0
255	?	7	195	62	11	their	0	152	452	?	their	False	P	True	5	0	0	0
256	?	7	44	62	12	their	0	616	156	?	their	False	P	True	5	0	0	0
257	?	7	111	62	13	their	0	248	284	?	their	False	P	True	5	0	0	0
259	?	7	121	62	15	their	0	192	172	?	their	False	P	True	5	0	0	0
260	?	7	123	62	16	their	0	504	920	?	their	False	P	True	5	0	0	0
261	?	7	14	62	17	their	0	252	240	?	their	False	P	True	5	0	0	0
262	?	7	105	62	18	their	0	184	308	?	their	False	P	True	5	0	0	0
263	?	7	99	62	19	their	0	160	212	?	their	False	P	True	5	0	0	0
264	?	7	52	62	20	their	0	296	148	?	their	False	P	True	5	0	0	0
265	?	7	77	62	21	their	0	124	196	?	their	False	P	True	5	0	0	0
266	?	7	91	62	22	their	0	240	432	?	their	False	P	True	5	0	0	0
267	?	7	65	62	23	their	0	248	408	?	their	False	P	True	5	0	0	0
268	?	7	155	62	24	their	0	260	108	?	their	False	P	True	5	0	0	0
269	?	7	25	62	25	their	0	216	264	?	their	False	P	True	5	0	0	0
270	?	7	162	62	27	their	0	388	228	?	their	False	P	True	5	0	0	0
271	?	7	119	62	28	their	0	472	436	?	their	False	P	True	5	0	0	0
272	?	7	182	62	29	their	0	144	216	?	their	False	P	True	5	0	0	0
273	?	7	13	62	30	their	0	244	584	?	their	False	P	True	5	0	0	0
274	?	7	175	62	31	their	0	144	0	?	their	False	P	True	5	0	0	1
275	?	7	51	62	32	their	0	256	288	?	their	False	P	True	5	0	0	0
276	?	7	159	62	33	their	0	188	252	?	their	False	P	True	5	0	0	0
277	?	7	124	62	34	their	0	296	0	?	their	False	P	True	5	0	0	1
278	?	7	148	62	35	their	0	152	264	?	their	False	P	True	5	0	0	0
279	?	7	92	62	36	their	0	192	200	?	their	False	P	True	5	0	0	0
280	?	7	115	62	37	their	0	100	340	?	their	False	P	True	5	0	0	0
281	?	7	159	62	38	their	0	316	0	?	their	False	P	True	5	0	0	1
283	?	7	164	62	40	their	0	204	148	?	their	False	P	True	5	0	0	0
284	?	7	12	62	41	their	0	352	420	?	their	False	P	True	5	0	0	0
285	?	7	24	62	42	their	0	212	156	?	their	False	P	True	5	0	0	0
286	?	7	196	62	43	their	0	196	396	?	their	False	P	True	5	0	0	0
288	?	5	85	63	2	she	0	128	176	?	she	False	O	False	3	1	0	0
289	?	5	85	63	3	she	0	316	340	?	she	False	O	False	3	1	0	0
290	?	5	47	63	4	she	0	164	168	?	she	False	O	False	3	1	0	0
291	?	5	117	63	5	she	0	368	0	?	she	False	O	False	3	1	0	1
294	?	5	16	63	8	she	0	380	196	?	she	False	O	False	3	1	0	0
295	?	5	22	63	10	she	0	192	76	?	she	False	O	False	3	1	0	0
296	?	5	32	63	11	she	0	120	136	?	she	False	O	False	3	1	0	0
298	?	5	105	63	13	she	0	268	172	?	she	False	O	False	3	1	0	0
300	?	5	158	63	15	she	0	156	340	?	she	False	O	False	3	1	0	0
301	?	5	99	63	16	she	0	188	360	?	she	False	O	False	3	1	0	0
302	?	5	111	63	17	she	0	152	200	?	she	False	O	False	3	1	0	0
304	?	5	103	63	19	she	0	172	0	?	she	False	O	False	3	1	0	1
305	?	5	97	63	20	she	0	76	0	?	she	False	O	False	3	1	0	1
306	?	5	107	63	21	she	0	40	148	?	she	False	O	False	3	1	0	0
307	?	5	69	63	22	she	0	180	164	?	she	False	O	False	3	1	0	0
308	?	5	2	63	23	she	0	280	260	?	she	False	O	False	3	1	0	0
309	?	5	118	63	24	she	0	212	168	?	she	False	O	False	3	1	0	0
310	?	5	106	63	25	she	0	136	124	?	she	False	O	False	3	1	0	0
311	?	5	149	63	27	she	0	416	0	?	she	False	O	False	3	1	0	1
312	?	5	97	63	28	she	0	200	204	?	she	False	O	False	3	1	0	0
313	?	5	35	63	29	she	0	220	220	?	she	False	O	False	3	1	0	0
314	?	5	135	63	30	she	0	632	284	?	she	False	O	False	3	1	0	0
316	?	5	77	63	32	she	0	152	128	?	she	False	O	False	3	1	0	0
317	?	5	160	63	33	she	0	188	132	?	she	False	O	False	3	1	0	0
318	?	5	126	63	34	she	0	184	0	?	she	False	O	False	3	1	0	1
320	?	5	122	63	36	she	0	180	0	?	she	False	O	False	3	1	0	1
325	?	5	124	63	41	she	0	292	188	?	she	False	O	False	3	1	0	0
327	?	5	135	63	43	she	0	220	176	?	she	False	O	False	3	1	0	0
328	?	2	181	69	1	us	0	172	172	?	us	False	O	False	2	0	0	0
331	?	2	4	69	4	us	0	396	160	?	us	False	O	False	2	0	0	0
337	?	2	46	69	11	us	0	176	148	?	us	False	O	False	2	0	0	0
340	?	2	141	69	14	us	0	240	220	?	us	False	O	False	2	0	0	0
342	?	2	32	69	16	us	0	192	356	?	us	False	O	False	2	0	0	0
343	?	2	139	69	17	us	0	132	136	?	us	False	O	False	2	0	0	0
344	?	2	66	69	18	us	0	332	144	?	us	False	O	False	2	0	0	0
347	?	2	68	69	21	us	0	176	276	?	us	False	O	False	2	0	0	0
349	?	2	139	69	23	us	0	152	168	?	us	False	O	False	2	0	0	0
350	?	2	33	69	24	us	0	136	0	?	us	False	O	False	2	0	0	1
352	?	2	159	69	27	us	0	252	0	?	us	False	O	False	2	0	0	1
355	?	2	7	69	30	us	0	28	196	?	us	False	O	False	2	0	0	0
357	?	2	47	69	32	us	0	52	200	?	us	False	O	False	2	0	0	0
358	?	2	176	69	33	us	0	140	204	?	us	False	O	False	2	0	0	0
362	?	2	95	69	37	us	0	216	136	?	us	False	O	False	2	0	0	0
363	?	2	185	69	38	us	0	324	116	?	us	False	O	False	2	0	0	0
367	?	2	92	69	42	us	0	260	152	?	us	False	O	False	2	0	0	0
368	?	2	198	69	43	us	0	112	176	?	us	False	O	False	2	0	0	0
370	?	7	119	75	2	his	0	204	0	?	his	False	P	False	3	1	0	1
371	?	7	153	75	3	his	0	144	0	?	his	False	P	False	3	1	0	1
372	?	7	130	75	4	his	0	184	312	?	his	False	P	False	3	1	0	0
373	?	7	48	75	5	his	0	216	0	?	his	False	P	False	3	1	0	1
374	?	7	165	75	6	his	0	352	0	?	his	False	P	False	3	1	0	1
375	?	7	154	75	7	his	0	236	320	?	his	False	P	False	3	1	0	0
376	?	7	175	75	8	his	0	704	0	?	his	False	P	False	3	1	0	1
377	?	7	126	75	10	his	0	612	784	?	his	False	P	False	3	1	0	0
378	?	7	85	75	11	his	0	340	0	?	his	False	P	False	3	1	0	1
379	?	7	58	75	12	his	0	500	0	?	his	False	P	False	3	1	0	1
380	?	7	69	75	13	his	0	272	0	?	his	False	P	False	3	1	0	1
381	?	7	30	75	14	his	0	296	0	?	his	False	P	False	3	1	0	1
382	?	7	89	75	15	his	0	136	0	?	his	False	P	False	3	1	0	1
383	?	7	63	75	16	his	0	716	0	?	his	False	P	False	3	1	0	1
384	?	7	159	75	17	his	0	860	0	?	his	False	P	False	3	1	0	1
385	?	7	176	75	18	his	0	376	0	?	his	False	P	False	3	1	0	1
386	?	7	162	75	19	his	0	272	0	?	his	False	P	False	3	1	0	1
389	?	7	105	75	22	his	0	340	0	?	his	False	P	False	3	1	0	1
390	?	7	187	75	23	his	0	356	568	?	his	False	P	False	3	1	0	0
391	?	7	190	75	24	his	0	348	0	?	his	False	P	False	3	1	0	1
392	?	7	120	75	25	his	0	364	384	?	his	False	P	False	3	1	0	0
393	?	7	1	75	27	his	0	436	0	?	his	False	P	False	3	1	0	1
394	?	7	148	75	28	his	0	324	380	?	his	False	P	False	3	1	0	0
395	?	7	171	75	29	his	0	276	148	?	his	False	P	False	3	1	0	0
396	?	7	14	75	30	his	0	324	0	?	his	False	P	False	3	1	0	1
398	?	7	9	75	32	his	0	436	148	?	his	False	P	False	3	1	0	0
399	?	7	120	75	33	his	0	204	200	?	his	False	P	False	3	1	0	0
400	?	7	37	75	34	his	0	316	0	?	his	False	P	False	3	1	0	1
401	?	7	59	75	35	his	0	188	204	?	his	False	P	False	3	1	0	0
403	?	7	122	75	37	his	0	176	144	?	his	False	P	False	3	1	0	0
404	?	7	10	75	38	his	0	360	164	?	his	False	P	False	3	1	0	0
405	?	7	23	75	39	his	0	244	0	?	his	False	P	False	3	1	0	1
407	?	7	57	75	41	his	0	244	152	?	his	False	P	False	3	1	0	0
408	?	7	168	75	42	his	0	588	0	?	his	False	P	False	3	1	0	1
409	?	7	186	75	43	his	0	264	336	?	his	False	P	False	3	1	0	0
410	?	2	112	84	1	him	0	420	112	?	him	False	O	False	3	0	0	0
413	?	2	81	84	4	him	0	352	236	?	him	False	O	False	3	0	0	0
416	?	2	40	84	7	him	0	372	88	?	him	False	O	False	3	0	0	0
417	?	2	50	84	8	him	0	252	136	?	him	False	O	False	3	0	0	0
418	?	2	55	84	10	him	0	268	132	?	him	False	O	False	3	0	0	0
419	?	2	205	84	11	him	0	312	0	?	him	False	O	False	3	0	0	1
421	?	2	32	84	13	him	0	272	156	?	him	False	O	False	3	0	0	0
423	?	2	162	84	15	him	0	176	0	?	him	False	O	False	3	0	0	1
424	?	2	134	84	16	him	0	176	188	?	him	False	O	False	3	0	0	0
425	?	2	165	84	17	him	0	220	0	?	him	False	O	False	3	0	0	1
427	?	2	133	84	19	him	0	236	224	?	him	False	O	False	3	0	0	0
430	?	2	145	84	22	him	0	480	152	?	him	False	O	False	3	0	0	0
431	?	2	14	84	23	him	0	476	208	?	him	False	O	False	3	0	0	0
432	?	2	98	84	24	him	0	248	264	?	him	False	O	False	3	0	0	0
435	?	2	151	84	28	him	0	312	188	?	him	False	O	False	3	0	0	0
437	?	2	18	84	30	him	0	296	84	?	him	False	O	False	3	0	0	0
438	?	2	140	84	31	him	0	260	144	?	him	False	O	False	3	0	0	0
439	?	2	146	84	32	him	0	184	200	?	him	False	O	False	3	0	0	0
440	?	2	175	84	33	him	0	180	136	?	him	False	O	False	3	0	0	0
442	?	2	161	84	35	him	0	144	176	?	him	False	O	False	3	0	0	0
443	?	2	102	84	36	him	0	272	248	?	him	False	O	False	3	0	0	0
444	?	2	55	84	37	him	0	248	128	?	him	False	O	False	3	0	0	0
445	?	2	99	84	38	him	0	216	0	?	him	False	O	False	3	0	0	1
451	?	4	126	92	1	she	0	160	168	?	she	False	O	False	3	1	0	0
452	?	4	38	92	2	she	0	148	156	?	she	False	O	False	3	1	0	0
453	?	4	62	92	3	she	0	220	204	?	she	False	O	False	3	1	0	0
454	?	4	21	92	4	she	0	200	140	?	she	False	O	False	3	1	0	0
456	?	4	35	92	6	she	0	292	0	?	she	False	O	False	3	1	0	1
458	?	4	11	92	8	she	0	220	268	?	she	False	O	False	3	1	0	0
459	?	4	156	92	10	she	0	144	0	?	she	False	O	False	3	1	0	1
460	?	4	193	92	11	she	0	168	0	?	she	False	O	False	3	1	0	1
462	?	4	50	92	13	she	0	228	0	?	she	False	O	False	3	1	0	1
465	?	4	146	92	16	she	0	248	220	?	she	False	O	False	3	1	0	0
468	?	4	58	92	19	she	0	192	228	?	she	False	O	False	3	1	0	0
470	?	4	65	92	21	she	0	160	152	?	she	False	O	False	3	1	0	0
473	?	4	106	92	24	she	0	184	212	?	she	False	O	False	3	1	0	0
476	?	4	104	92	28	she	0	224	232	?	she	False	O	False	3	1	0	0
478	?	4	9	92	30	she	0	108	436	?	she	False	O	False	3	1	0	0
480	?	4	201	92	32	she	0	176	152	?	she	False	O	False	3	1	0	0
481	?	4	23	92	33	she	0	196	176	?	she	False	O	False	3	1	0	0
482	?	4	136	92	34	she	0	240	0	?	she	False	O	False	3	1	0	1
483	?	4	170	92	35	she	0	200	172	?	she	False	O	False	3	1	0	0
484	?	4	40	92	36	she	0	232	0	?	she	False	O	False	3	1	0	1
485	?	4	25	92	37	she	0	252	156	?	she	False	O	False	3	1	0	0
489	?	4	18	92	41	she	0	248	0	?	she	False	O	False	3	1	0	1
490	?	4	111	92	42	she	0	300	0	?	she	False	O	False	3	1	0	1
493	?	5	104	107	2	him	0	156	164	?	him	False	O	False	3	1	0	0
494	?	5	94	107	3	him	0	140	208	?	him	False	O	False	3	1	0	0
495	?	5	6	107	4	him	0	148	204	?	him	False	O	False	3	1	0	0
496	?	5	172	107	5	him	0	176	156	?	him	False	O	False	3	1	0	0
497	?	5	123	107	6	him	0	152	208	?	him	False	O	False	3	1	0	0
498	?	5	115	107	7	him	0	120	184	?	him	False	O	False	3	1	0	0
499	?	5	71	107	8	him	0	148	116	?	him	False	O	False	3	1	0	0
501	?	5	154	107	11	him	0	140	124	?	him	False	O	False	3	1	0	0
504	?	5	193	107	14	him	0	292	208	?	him	False	O	False	3	1	0	0
506	?	5	189	107	16	him	0	156	156	?	him	False	O	False	3	1	0	0
509	?	5	120	107	19	him	0	196	176	?	him	False	O	False	3	1	0	0
510	?	5	151	107	20	him	0	172	136	?	him	False	O	False	3	1	0	0
513	?	5	128	107	23	him	0	168	528	?	him	False	O	False	3	1	0	0
516	?	5	17	107	27	him	0	344	120	?	him	False	O	False	3	1	0	0
518	?	5	151	107	29	him	0	448	144	?	him	False	O	False	3	1	0	0
519	?	5	142	107	30	him	0	260	156	?	him	False	O	False	3	1	0	0
521	?	5	104	107	32	him	0	164	196	?	him	False	O	False	3	1	0	0
522	?	5	96	107	33	him	0	212	188	?	him	False	O	False	3	1	0	0
524	?	5	116	107	35	him	0	144	196	?	him	False	O	False	3	1	0	0
526	?	5	52	107	37	him	0	132	160	?	him	False	O	False	3	1	0	0
527	?	5	12	107	38	him	0	152	72	?	him	False	O	False	3	1	0	0
528	?	5	54	107	39	him	0	396	144	?	him	False	O	False	3	1	0	0
533	?	4	77	109	1	her	0	208	168	?	her	False	O	False	3	0	0	0
534	?	4	72	109	2	her	0	208	256	?	her	False	O	False	3	0	0	0
535	?	4	160	109	3	her	0	212	168	?	her	False	O	False	3	0	0	0
536	?	4	147	109	4	her	0	252	160	?	her	False	O	False	3	0	0	0
540	?	4	129	109	8	her	0	144	92	?	her	False	O	False	3	0	0	0
541	?	4	163	109	10	her	0	180	128	?	her	False	O	False	3	0	0	0
543	?	4	2	109	12	her	0	180	240	?	her	False	O	False	3	0	0	0
544	?	4	133	109	13	her	0	180	196	?	her	False	O	False	3	0	0	0
547	?	4	87	109	16	her	0	140	92	?	her	False	O	False	3	0	0	0
550	?	4	178	109	19	her	0	188	156	?	her	False	O	False	3	0	0	0
551	?	4	4	109	20	her	0	132	0	?	her	False	O	False	3	0	0	1
552	?	4	62	109	21	her	0	144	148	?	her	False	O	False	3	0	0	0
553	?	4	180	109	22	her	0	172	200	?	her	False	O	False	3	0	0	0
555	?	4	15	109	24	her	0	172	276	?	her	False	O	False	3	0	0	0
557	?	4	175	109	27	her	0	500	156	?	her	False	O	False	3	0	0	0
558	?	4	183	109	28	her	0	360	248	?	her	False	O	False	3	0	0	0
560	?	4	145	109	30	her	0	320	264	?	her	False	O	False	3	0	0	0
562	?	4	86	109	32	her	0	272	180	?	her	False	O	False	3	0	0	0
563	?	4	140	109	33	her	0	72	372	?	her	False	O	False	3	0	0	0
564	?	4	47	109	34	her	0	208	416	?	her	False	O	False	3	0	0	0
565	?	4	104	109	35	her	0	136	0	?	her	False	O	False	3	0	0	1
566	?	4	159	109	36	her	0	164	156	?	her	False	O	False	3	0	0	0
567	?	4	203	109	37	her	0	220	52	?	her	False	O	False	3	0	0	0
568	?	4	24	109	38	her	0	200	0	?	her	False	O	False	3	0	0	1
569	?	4	185	109	39	her	0	128	0	?	her	False	O	False	3	0	0	1
571	?	4	179	109	41	her	0	128	112	?	her	False	O	False	3	0	0	0
573	?	4	107	109	43	her	0	196	88	?	her	False	O	False	3	0	0	0
574	?	4	166	110	1	him	0	244	248	?	him	False	O	False	3	0	0	0
575	?	4	162	110	2	him	0	148	0	?	him	False	O	False	3	0	0	1
576	?	4	49	110	3	him	0	152	164	?	him	False	O	False	3	0	0	0
577	?	4	60	110	4	him	0	160	0	?	him	False	O	False	3	0	0	1
579	?	4	99	110	6	him	0	152	140	?	him	False	O	False	3	0	0	0
581	?	4	135	110	8	him	0	192	0	?	him	False	O	False	3	0	0	1
582	?	4	90	110	10	him	0	188	0	?	him	False	O	False	3	0	0	1
583	?	4	77	110	11	him	0	216	176	?	him	False	O	False	3	0	0	0
584	?	4	14	110	12	him	0	308	0	?	him	False	O	False	3	0	0	1
585	?	4	151	110	13	him	0	156	0	?	him	False	O	False	3	0	0	1
586	?	4	53	110	14	him	0	148	0	?	him	False	O	False	3	0	0	1
587	?	4	31	110	15	him	0	164	0	?	him	False	O	False	3	0	0	1
588	?	4	20	110	16	him	0	196	144	?	him	False	O	False	3	0	0	0
591	?	4	69	110	19	him	0	236	184	?	him	False	O	False	3	0	0	0
592	?	4	112	110	20	him	0	152	0	?	him	False	O	False	3	0	0	1
593	?	4	127	110	21	him	0	156	0	?	him	False	O	False	3	0	0	1
594	?	4	40	110	22	him	0	264	0	?	him	False	O	False	3	0	0	1
595	?	4	176	110	23	him	0	288	216	?	him	False	O	False	3	0	0	0
601	?	4	161	110	30	him	0	188	240	?	him	False	O	False	3	0	0	0
602	?	4	89	110	31	him	0	104	160	?	him	False	O	False	3	0	0	0
603	?	4	66	110	32	him	0	208	0	?	him	False	O	False	3	0	0	1
604	?	4	25	110	33	him	0	224	284	?	him	False	O	False	3	0	0	0
608	?	4	156	110	37	him	0	176	140	?	him	False	O	False	3	0	0	0
609	?	4	136	110	38	him	0	152	0	?	him	False	O	False	3	0	0	1
611	?	4	182	110	40	him	0	332	0	?	him	False	O	False	3	0	0	1
614	?	4	178	110	43	him	0	268	0	?	him	False	O	False	3	0	0	1
615	?	9	61	115	1	that	0	220	232	?	that	False	O	False	4	0	0	0
616	?	9	169	115	2	that	0	184	492	?	that	False	O	False	4	0	0	0
617	?	9	109	115	3	that	0	264	208	?	that	False	O	False	4	0	0	0
618	?	9	38	115	4	that	0	160	352	?	that	False	O	False	4	0	0	0
623	?	9	164	115	10	that	0	176	216	?	that	False	O	False	4	0	0	0
626	?	9	127	115	13	that	0	604	268	?	that	False	O	False	4	0	0	0
627	?	9	42	115	14	that	0	136	292	?	that	False	O	False	4	0	0	0
628	?	9	60	115	15	that	0	380	268	?	that	False	O	False	4	0	0	0
629	?	9	27	115	16	that	0	244	656	?	that	False	O	False	4	0	0	0
630	?	9	4	115	17	that	0	224	312	?	that	False	O	False	4	0	0	0
632	?	9	98	115	19	that	0	344	160	?	that	False	O	False	4	0	0	0
634	?	9	88	115	21	that	0	132	252	?	that	False	O	False	4	0	0	0
635	?	9	37	115	22	that	0	412	0	?	that	False	O	False	4	0	0	1
636	?	9	87	115	23	that	0	352	244	?	that	False	O	False	4	0	0	0
638	?	9	38	115	25	that	0	160	224	?	that	False	O	False	4	0	0	0
643	?	9	110	115	31	that	0	160	144	?	that	False	O	False	4	0	0	0
645	?	9	127	115	33	that	0	264	148	?	that	False	O	False	4	0	0	0
647	?	9	51	115	35	that	0	160	144	?	that	False	O	False	4	0	0	0
648	?	9	193	115	36	that	0	128	216	?	that	False	O	False	4	0	0	0
650	?	9	173	115	38	that	0	164	232	?	that	False	O	False	4	0	0	0
651	?	9	19	115	39	that	0	164	336	?	that	False	O	False	4	0	0	0
652	?	9	23	115	40	that	0	180	256	?	that	False	O	False	4	0	0	0
653	?	9	87	115	41	that	0	120	236	?	that	False	O	False	4	0	0	0
654	?	9	167	115	42	that	0	156	112	?	that	False	O	False	4	0	0	0
655	?	9	71	115	43	that	0	168	200	?	that	False	O	False	4	0	0	0
656	?	5	88	118	1	they	0	156	172	?	they	False	O	True	4	0	0	0
657	?	5	121	118	2	they	0	172	0	?	they	False	O	True	4	0	0	1
658	?	5	144	118	3	they	0	124	272	?	they	False	O	True	4	0	0	0
659	?	5	65	118	4	they	0	152	0	?	they	False	O	True	4	0	0	1
662	?	5	180	118	7	they	0	108	116	?	they	False	O	True	4	0	0	0
664	?	5	165	118	10	they	0	100	92	?	they	False	O	True	4	0	0	0
665	?	5	151	118	11	they	0	132	192	?	they	False	O	True	4	0	0	0
666	?	5	22	118	12	they	0	148	0	?	they	False	O	True	4	0	0	1
667	?	5	7	118	13	they	0	132	0	?	they	False	O	True	4	0	0	1
668	?	5	43	118	14	they	0	88	216	?	they	False	O	True	4	0	0	0
670	?	5	142	118	16	they	0	148	144	?	they	False	O	True	4	0	0	0
672	?	5	194	118	19	they	0	148	144	?	they	False	O	True	4	0	0	0
674	?	5	4	118	21	they	0	112	0	?	they	False	O	True	4	0	0	1
675	?	5	77	118	22	they	0	196	144	?	they	False	O	True	4	0	0	0
676	?	5	179	118	23	they	0	564	116	?	they	False	O	True	4	0	0	0
677	?	5	161	118	24	they	0	224	164	?	they	False	O	True	4	0	0	0
678	?	5	59	118	25	they	0	156	112	?	they	False	O	True	4	0	0	0
680	?	5	100	118	28	they	0	304	676	?	they	False	O	True	4	0	0	0
682	?	5	162	118	30	they	0	484	216	?	they	False	O	True	4	0	0	0
683	?	5	123	118	31	they	0	184	0	?	they	False	O	True	4	0	0	1
684	?	5	155	118	32	they	0	408	192	?	they	False	O	True	4	0	0	0
685	?	5	84	118	33	they	0	80	208	?	they	False	O	True	4	0	0	0
686	?	5	194	118	34	they	0	144	128	?	they	False	O	True	4	0	0	0
688	?	5	21	118	36	they	0	176	0	?	they	False	O	True	4	0	0	1
695	?	5	182	118	43	they	0	100	208	?	they	False	O	True	4	0	0	0
696	?	7	57	140	1	us	0	160	0	?	us	False	O	False	2	0	0	1
698	?	7	70	140	3	us	0	188	228	?	us	False	O	False	2	0	0	0
706	?	7	150	140	11	us	0	136	140	?	us	False	O	False	2	0	0	0
713	?	7	193	140	19	us	0	232	144	?	us	False	O	False	2	0	0	0
714	?	7	165	140	20	us	0	140	0	?	us	False	O	False	2	0	0	1
717	?	7	135	140	23	us	0	168	204	?	us	False	O	False	2	0	0	0
720	?	7	101	140	27	us	0	216	208	?	us	False	O	False	2	0	0	0
725	?	7	169	140	32	us	0	300	136	?	us	False	O	False	2	0	0	0
726	?	7	27	140	33	us	0	160	324	?	us	False	O	False	2	0	0	0
730	?	7	2	140	37	us	0	180	0	?	us	False	O	False	2	0	0	1
737	?	6	85	141	1	he	0	216	184	?	he	False	O	False	2	2	0	0
739	?	6	83	141	3	he	0	188	308	?	he	False	O	False	2	2	0	0
743	?	6	141	141	7	he	0	116	0	?	he	False	O	False	2	2	0	1
746	?	6	139	141	10	he	0	148	88	?	he	False	O	False	2	2	0	0
751	?	6	82	141	15	he	0	132	0	?	he	False	O	False	2	2	0	1
753	?	6	140	141	17	he	0	156	0	?	he	False	O	False	2	2	0	1
755	?	6	68	141	19	he	0	184	0	?	he	False	O	False	2	2	0	1
757	?	6	156	141	21	he	0	136	0	?	he	False	O	False	2	2	0	1
759	?	6	73	141	23	he	0	240	192	?	he	False	O	False	2	2	0	0
762	?	6	168	141	27	he	0	344	136	?	he	False	O	False	2	2	0	0
763	?	6	69	141	28	he	0	448	500	?	he	False	O	False	2	2	0	0
765	?	6	106	141	30	he	0	424	0	?	he	False	O	False	2	2	0	1
772	?	6	186	141	37	he	0	172	104	?	he	False	O	False	2	2	0	0
776	?	6	10	141	41	he	0	176	0	?	he	False	O	False	2	2	0	1
777	?	6	200	141	42	he	0	132	0	?	he	False	O	False	2	2	0	1
779	?	10	46	145	1	this	0	380	156	?	this	False	O	False	4	1	0	0
781	?	10	125	145	3	this	0	184	0	?	this	False	O	False	4	1	0	1
782	?	10	166	145	4	this	0	164	340	?	this	False	O	False	4	1	0	0
786	?	10	52	145	8	this	0	120	580	?	this	False	O	False	4	1	0	0
787	?	10	182	145	10	this	0	156	172	?	this	False	O	False	4	1	0	0
788	?	10	64	145	11	this	0	216	144	?	this	False	O	False	4	1	0	0
789	?	10	106	145	12	this	0	364	0	?	this	False	O	False	4	1	0	1
790	?	10	143	145	13	this	0	276	276	?	this	False	O	False	4	1	0	0
792	?	10	163	145	15	this	0	456	0	?	this	False	O	False	4	1	0	1
793	?	10	89	145	16	this	0	136	788	?	this	False	O	False	4	1	0	0
795	?	10	119	145	18	this	0	232	172	?	this	False	O	False	4	1	0	0
796	?	10	128	145	19	this	0	252	0	?	this	False	O	False	4	1	0	1
797	?	10	13	145	20	this	0	424	156	?	this	False	O	False	4	1	0	0
799	?	10	160	145	22	this	0	312	0	?	this	False	O	False	4	1	0	1
800	?	10	44	145	23	this	0	164	196	?	this	False	O	False	4	1	0	0
802	?	10	41	145	25	this	0	444	148	?	this	False	O	False	4	1	0	0
803	?	10	22	145	27	this	0	276	84	?	this	False	O	False	4	1	0	0
804	?	10	112	145	28	this	0	180	384	?	this	False	O	False	4	1	0	0
805	?	10	13	145	29	this	0	168	288	?	this	False	O	False	4	1	0	0
807	?	10	126	145	31	this	0	96	0	?	this	False	O	False	4	1	0	1
808	?	10	28	145	32	this	0	276	212	?	this	False	O	False	4	1	0	0
809	?	10	191	145	33	this	0	412	340	?	this	False	O	False	4	1	0	0
810	?	10	159	145	34	this	0	208	216	?	this	False	O	False	4	1	0	0
813	?	10	133	145	37	this	0	384	0	?	this	False	O	False	4	1	0	1
816	?	10	80	145	40	this	0	228	264	?	this	False	O	False	4	1	0	0
817	?	10	133	145	41	this	0	188	364	?	this	False	O	False	4	1	0	0
818	?	10	40	145	42	this	0	240	592	?	this	False	O	False	4	1	0	0
819	?	10	73	145	43	this	0	120	124	?	this	False	O	False	4	1	0	0
820	?	2	131	146	1	they	0	368	0	?	they	False	O	True	4	0	0	1
823	?	2	176	146	4	they	0	132	0	?	they	False	O	True	4	0	0	1
825	?	2	108	146	6	they	0	248	128	?	they	False	O	True	4	0	0	0
826	?	2	82	146	7	they	0	312	0	?	they	False	O	True	4	0	0	1
827	?	2	110	146	8	they	0	236	124	?	they	False	O	True	4	0	0	0
828	?	2	75	146	10	they	0	176	152	?	they	False	O	True	4	0	0	0
829	?	2	163	146	11	they	0	164	168	?	they	False	O	True	4	0	0	0
831	?	2	123	146	13	they	0	172	140	?	they	False	O	True	4	0	0	0
832	?	2	64	146	14	they	0	172	140	?	they	False	O	True	4	0	0	0
834	?	2	13	146	16	they	0	140	140	?	they	False	O	True	4	0	0	0
836	?	2	10	146	18	they	0	408	0	?	they	False	O	True	4	0	0	1
837	?	2	70	146	19	they	0	52	128	?	they	False	O	True	4	0	0	0
839	?	2	90	146	21	they	0	340	0	?	they	False	O	True	4	0	0	1
840	?	2	133	146	22	they	0	340	140	?	they	False	O	True	4	0	0	0
841	?	2	30	146	23	they	0	248	180	?	they	False	O	True	4	0	0	0
842	?	2	149	146	24	they	0	184	260	?	they	False	O	True	4	0	0	0
843	?	2	145	146	25	they	0	220	180	?	they	False	O	True	4	0	0	0
845	?	2	146	146	28	they	0	252	152	?	they	False	O	True	4	0	0	0
847	?	2	59	146	30	they	0	248	360	?	they	False	O	True	4	0	0	0
848	?	2	70	146	31	they	0	104	0	?	they	False	O	True	4	0	0	1
849	?	2	39	146	32	they	0	204	196	?	they	False	O	True	4	0	0	0
850	?	2	204	146	33	they	0	148	132	?	they	False	O	True	4	0	0	0
851	?	2	32	146	34	they	0	296	372	?	they	False	O	True	4	0	0	0
852	?	2	188	146	35	they	0	204	0	?	they	False	O	True	4	0	0	1
854	?	2	129	146	37	they	0	220	164	?	they	False	O	True	4	0	0	0
855	?	2	57	146	38	they	0	440	0	?	they	False	O	True	4	0	0	1
856	?	2	133	146	39	they	0	228	0	?	they	False	O	True	4	0	0	1
860	?	2	133	146	43	they	0	216	0	?	they	False	O	True	4	0	0	1
861	?	5	200	150	1	his	0	264	0	?	his	False	P	False	3	0	0	1
864	?	5	39	150	4	his	0	268	0	?	his	False	P	False	3	0	0	1
865	?	5	38	150	5	his	0	200	192	?	his	False	P	False	3	0	0	0
867	?	5	58	150	7	his	0	156	28	?	his	False	P	False	3	0	0	0
868	?	5	197	150	8	his	0	152	0	?	his	False	P	False	3	0	0	1
869	?	5	32	150	9	his	0	152	140	?	his	False	P	False	3	0	0	0
871	?	5	67	150	11	his	0	184	120	?	his	False	P	False	3	0	0	0
872	?	5	137	150	12	his	0	160	0	?	his	False	P	False	3	0	0	1
873	?	5	167	150	13	his	0	344	0	?	his	False	P	False	3	0	0	1
874	?	5	121	150	14	his	0	208	0	?	his	False	P	False	3	0	0	1
875	?	5	38	150	15	his	0	164	0	?	his	False	P	False	3	0	0	1
876	?	5	11	150	16	his	0	164	160	?	his	False	P	False	3	0	0	0
878	?	5	4	150	18	his	0	200	0	?	his	False	P	False	3	0	0	1
879	?	5	131	150	19	his	0	128	0	?	his	False	P	False	3	0	0	1
882	?	5	103	150	22	his	0	200	196	?	his	False	P	False	3	0	0	0
883	?	5	72	150	23	his	0	300	388	?	his	False	P	False	3	0	0	0
884	?	5	110	150	24	his	0	180	252	?	his	False	P	False	3	0	0	0
885	?	5	92	150	25	his	0	212	132	?	his	False	P	False	3	0	0	0
886	?	5	204	150	27	his	0	240	256	?	his	False	P	False	3	0	0	0
888	?	5	184	150	29	his	0	156	120	?	his	False	P	False	3	0	0	0
889	?	5	193	150	30	his	0	404	0	?	his	False	P	False	3	0	0	1
891	?	5	48	150	32	his	0	160	152	?	his	False	P	False	3	0	0	0
894	?	5	68	150	35	his	0	164	0	?	his	False	P	False	3	0	0	1
895	?	5	167	150	36	his	0	224	0	?	his	False	P	False	3	0	0	1
896	?	5	75	150	37	his	0	152	124	?	his	False	P	False	3	0	0	0
897	?	5	30	150	38	his	0	224	192	?	his	False	P	False	3	0	0	0
901	?	5	104	150	42	his	0	240	0	?	his	False	P	False	3	0	0	1
902	?	5	14	150	43	his	0	148	0	?	his	False	P	False	3	0	0	1
903	?	7	68	154	1	she	0	264	0	?	she	False	O	False	3	1	0	1
905	?	7	106	154	3	she	0	280	204	?	she	False	O	False	3	1	0	0
906	?	7	132	154	4	she	0	100	140	?	she	False	O	False	3	1	0	0
909	?	7	70	154	7	she	0	152	0	?	she	False	O	False	3	1	0	1
910	?	7	40	154	8	she	0	132	0	?	she	False	O	False	3	1	0	1
912	?	7	38	154	11	she	0	140	0	?	she	False	O	False	3	1	0	1
914	?	7	173	154	13	she	0	160	0	?	she	False	O	False	3	1	0	1
915	?	7	145	154	14	she	0	164	120	?	she	False	O	False	3	1	0	0
916	?	7	65	154	15	she	0	140	0	?	she	False	O	False	3	1	0	1
917	?	7	161	154	16	she	0	176	172	?	she	False	O	False	3	1	0	0
918	?	7	40	154	17	she	0	148	136	?	she	False	O	False	3	1	0	0
919	?	7	195	154	18	she	0	164	0	?	she	False	O	False	3	1	0	1
920	?	7	182	154	19	she	0	84	176	?	she	False	O	False	3	1	0	0
922	?	7	61	154	21	she	0	176	0	?	she	False	O	False	3	1	0	1
926	?	7	179	154	25	she	0	152	136	?	she	False	O	False	3	1	0	0
928	?	7	32	154	28	she	0	336	344	?	she	False	O	False	3	1	0	0
929	?	7	175	154	29	she	0	212	164	?	she	False	O	False	3	1	0	0
930	?	7	129	154	30	she	0	448	0	?	she	False	O	False	3	1	0	1
933	?	7	42	154	33	she	0	160	164	?	she	False	O	False	3	1	0	0
934	?	7	4	154	34	she	0	144	0	?	she	False	O	False	3	1	0	1
935	?	7	60	154	35	she	0	204	212	?	she	False	O	False	3	1	0	0
936	?	7	28	154	36	she	0	152	0	?	she	False	O	False	3	1	0	1
937	?	7	193	154	37	she	0	164	176	?	she	False	O	False	3	1	0	0
938	?	7	74	154	38	she	0	192	164	?	she	False	O	False	3	1	0	0
939	?	7	194	154	39	she	0	136	0	?	she	False	O	False	3	1	0	1
940	?	7	40	154	40	she	0	136	0	?	she	False	O	False	3	1	0	1
942	?	7	26	154	42	she	0	168	0	?	she	False	O	False	3	1	0	1
944	?	6	91	157	1	they	0	172	0	?	they	False	O	True	4	1	0	1
946	?	6	169	157	3	they	0	152	120	?	they	False	O	True	4	1	0	0
947	?	6	71	157	4	they	0	156	296	?	they	False	O	True	4	1	0	0
949	?	6	48	157	6	they	0	160	276	?	they	False	O	True	4	1	0	0
950	?	6	112	157	7	they	0	128	44	?	they	False	O	True	4	1	0	0
952	?	6	129	157	10	they	0	144	148	?	they	False	O	True	4	1	0	0
953	?	6	53	157	11	they	0	208	148	?	they	False	O	True	4	1	0	0
954	?	6	116	157	12	they	0	176	0	?	they	False	O	True	4	1	0	1
956	?	6	23	157	14	they	0	444	364	?	they	False	O	True	4	1	0	0
958	?	6	149	157	16	they	0	320	192	?	they	False	O	True	4	1	0	0
960	?	6	164	157	18	they	0	168	0	?	they	False	O	True	4	1	0	1
961	?	6	3	157	19	they	0	188	156	?	they	False	O	True	4	1	0	0
964	?	6	57	157	22	they	0	176	220	?	they	False	O	True	4	1	0	0
965	?	6	8	157	23	they	0	172	276	?	they	False	O	True	4	1	0	0
967	?	6	180	157	25	they	0	260	152	?	they	False	O	True	4	1	0	0
968	?	6	7	157	27	they	0	228	180	?	they	False	O	True	4	1	0	0
969	?	6	18	157	28	they	0	196	484	?	they	False	O	True	4	1	0	0
971	?	6	176	157	30	they	0	252	104	?	they	False	O	True	4	1	0	0
972	?	6	103	157	31	they	0	172	0	?	they	False	O	True	4	1	0	1
973	?	6	58	157	32	they	0	196	236	?	they	False	O	True	4	1	0	0
974	?	6	5	157	33	they	0	152	220	?	they	False	O	True	4	1	0	0
976	?	6	56	157	35	they	0	136	0	?	they	False	O	True	4	1	0	1
978	?	6	40	157	37	they	0	292	200	?	they	False	O	True	4	1	0	0
979	?	6	64	157	38	they	0	276	180	?	they	False	O	True	4	1	0	0
981	?	6	45	157	40	they	0	168	120	?	they	False	O	True	4	1	0	0
982	?	6	73	157	41	they	0	168	0	?	they	False	O	True	4	1	0	1
983	?	6	117	157	42	they	0	164	268	?	they	False	O	True	4	1	0	0
986	?	10	69	165	2	we	0	168	568	?	we	False	O	False	2	1	0	0
987	?	10	25	165	3	we	0	156	416	?	we	False	O	False	2	1	0	0
989	?	10	136	165	5	we	0	64	152	?	we	False	O	False	2	1	0	0
992	?	10	149	165	8	we	0	244	360	?	we	False	O	False	2	1	0	0
994	?	10	105	165	11	we	0	132	320	?	we	False	O	False	2	1	0	0
995	?	10	147	165	12	we	0	216	152	?	we	False	O	False	2	1	0	0
997	?	10	194	165	14	we	0	404	0	?	we	False	O	False	2	1	0	1
999	?	10	179	165	16	we	0	208	428	?	we	False	O	False	2	1	0	0
1000	?	10	86	165	18	we	0	200	160	?	we	False	O	False	2	1	0	0
1009	?	10	169	165	28	we	0	336	488	?	we	False	O	False	2	1	0	0
1010	?	10	103	165	29	we	0	288	324	?	we	False	O	False	2	1	0	0
1013	?	10	56	165	32	we	0	240	488	?	we	False	O	False	2	1	0	0
1015	?	10	41	165	34	we	0	188	244	?	we	False	O	False	2	1	0	0
1019	?	10	70	165	38	we	0	192	0	?	we	False	O	False	2	1	0	1
1023	?	10	25	165	42	we	0	248	172	?	we	False	O	False	2	1	0	0
1024	?	10	18	165	43	we	0	156	332	?	we	False	O	False	2	1	0	0
1027	?	2	188	169	3	us	0	452	156	?	us	False	O	False	2	0	0	0
1031	?	2	138	169	7	us	0	216	0	?	us	False	O	False	2	0	0	1
1032	?	2	47	169	8	us	0	428	156	?	us	False	O	False	2	0	0	0
1033	?	2	53	169	10	us	0	124	340	?	us	False	O	False	2	0	0	0
1034	?	2	20	169	11	us	0	128	0	?	us	False	O	False	2	0	0	1
1035	?	2	174	169	12	us	0	216	520	?	us	False	O	False	2	0	0	0
1040	?	2	28	169	17	us	0	344	0	?	us	False	O	False	2	0	0	1
1042	?	2	30	169	19	us	0	332	148	?	us	False	O	False	2	0	0	0
1044	?	2	3	169	21	us	0	200	172	?	us	False	O	False	2	0	0	0
1045	?	2	155	169	22	us	0	400	328	?	us	False	O	False	2	0	0	0
1046	?	2	116	169	23	us	0	232	156	?	us	False	O	False	2	0	0	0
1047	?	2	46	169	24	us	0	468	292	?	us	False	O	False	2	0	0	0
1051	?	2	91	169	29	us	0	268	196	?	us	False	O	False	2	0	0	0
1052	?	2	17	169	30	us	0	260	192	?	us	False	O	False	2	0	0	0
1054	?	2	59	169	32	us	0	180	208	?	us	False	O	False	2	0	0	0
1055	?	2	97	169	33	us	0	584	116	?	us	False	O	False	2	0	0	0
1056	?	2	107	169	34	us	0	252	204	?	us	False	O	False	2	0	0	0
1060	?	2	39	169	38	us	0	292	176	?	us	False	O	False	2	0	0	0
1064	?	2	196	169	42	us	0	296	112	?	us	False	O	False	2	0	0	0
1066	?	3	185	172	1	they	0	244	236	?	they	False	O	True	4	0	0	0
1067	?	3	178	172	2	they	0	152	84	?	they	False	O	True	4	0	0	0
1068	?	3	111	172	3	they	0	380	172	?	they	False	O	True	4	0	0	0
1070	?	3	179	172	5	they	0	232	248	?	they	False	O	True	4	0	0	0
1072	?	3	128	172	7	they	0	104	176	?	they	False	O	True	4	0	0	0
1073	?	3	186	172	8	they	0	144	172	?	they	False	O	True	4	0	0	0
1074	?	3	172	172	10	they	0	120	136	?	they	False	O	True	4	0	0	0
1075	?	3	47	172	11	they	0	160	172	?	they	False	O	True	4	0	0	0
1076	?	3	103	172	12	they	0	144	296	?	they	False	O	True	4	0	0	0
1077	?	3	168	172	13	they	0	88	136	?	they	False	O	True	4	0	0	0
1080	?	3	153	172	16	they	0	192	352	?	they	False	O	True	4	0	0	0
1082	?	3	1	172	18	they	0	172	0	?	they	False	O	True	4	0	0	1
1083	?	3	14	172	19	they	0	164	124	?	they	False	O	True	4	0	0	0
1084	?	3	182	172	20	they	0	332	160	?	they	False	O	True	4	0	0	0
1085	?	3	197	172	21	they	0	232	136	?	they	False	O	True	4	0	0	0
1086	?	3	161	172	22	they	0	252	284	?	they	False	O	True	4	0	0	0
1087	?	3	163	172	23	they	0	136	376	?	they	False	O	True	4	0	0	0
1088	?	3	130	172	24	they	0	192	168	?	they	False	O	True	4	0	0	0
1089	?	3	143	172	25	they	0	136	260	?	they	False	O	True	4	0	0	0
1090	?	3	109	172	27	they	0	184	320	?	they	False	O	True	4	0	0	0
1091	?	3	198	172	28	they	0	236	260	?	they	False	O	True	4	0	0	0
1093	?	3	121	172	30	they	0	256	560	?	they	False	O	True	4	0	0	0
1094	?	3	77	172	31	they	0	196	192	?	they	False	O	True	4	0	0	0
1095	?	3	46	172	32	they	0	260	180	?	they	False	O	True	4	0	0	0
1096	?	3	58	172	33	they	0	152	200	?	they	False	O	True	4	0	0	0
1097	?	3	64	172	34	they	0	212	168	?	they	False	O	True	4	0	0	0
1098	?	3	47	172	35	they	0	272	196	?	they	False	O	True	4	0	0	0
1100	?	3	6	172	37	they	0	124	272	?	they	False	O	True	4	0	0	0
1101	?	3	7	172	38	they	0	204	172	?	they	False	O	True	4	0	0	0
1102	?	3	199	172	39	they	0	164	276	?	they	False	O	True	4	0	0	0
1108	?	9	160	174	2	it	0	132	196	?	it	False	O	False	2	0	0	0
1111	?	9	143	174	5	it	0	152	0	?	it	False	O	False	2	0	0	1
1114	?	9	131	174	8	it	0	140	232	?	it	False	O	False	2	0	0	0
1115	?	9	21	174	9	it	0	156	216	?	it	False	O	False	2	0	0	0
1119	?	9	66	174	13	it	0	316	504	?	it	False	O	False	2	0	0	0
1120	?	9	129	174	14	it	0	304	228	?	it	False	O	False	2	0	0	0
1122	?	9	101	174	16	it	0	260	68	?	it	False	O	False	2	0	0	0
1127	?	9	183	174	21	it	0	200	144	?	it	False	O	False	2	0	0	0
1130	?	9	134	174	24	it	0	160	0	?	it	False	O	False	2	0	0	1
1135	?	9	15	174	30	it	0	140	432	?	it	False	O	False	2	0	0	0
1136	?	9	114	174	31	it	0	160	0	?	it	False	O	False	2	0	0	1
1138	?	9	132	174	33	it	0	148	404	?	it	False	O	False	2	0	0	0
1140	?	9	72	174	35	it	0	140	156	?	it	False	O	False	2	0	0	0
1146	?	9	158	174	41	it	0	156	0	?	it	False	O	False	2	0	0	1
1147	?	9	121	174	42	it	0	120	0	?	it	False	O	False	2	0	0	1
1150	?	7	135	175	2	this	0	132	72	?	this	False	O	False	4	1	0	0
1151	?	7	110	175	3	this	0	352	156	?	this	False	O	False	4	1	0	0
1152	?	7	115	175	4	this	0	192	448	?	this	False	O	False	4	1	0	0
1153	?	7	119	175	5	this	0	132	236	?	this	False	O	False	4	1	0	0
1155	?	7	191	175	7	this	0	152	276	?	this	False	O	False	4	1	0	0
1156	?	7	171	175	8	this	0	300	192	?	this	False	O	False	4	1	0	0
1158	?	7	83	175	11	this	0	132	168	?	this	False	O	False	4	1	0	0
1159	?	7	7	175	12	this	0	196	264	?	this	False	O	False	4	1	0	0
1160	?	7	22	175	13	this	0	264	396	?	this	False	O	False	4	1	0	0
1161	?	7	162	175	14	this	0	276	160	?	this	False	O	False	4	1	0	0
1163	?	7	53	175	16	this	0	184	120	?	this	False	O	False	4	1	0	0
1165	?	7	128	175	18	this	0	252	0	?	this	False	O	False	4	1	0	1
1166	?	7	163	175	19	this	0	300	0	?	this	False	O	False	4	1	0	1
1168	?	7	54	175	21	this	0	92	0	?	this	False	O	False	4	1	0	1
1169	?	7	163	175	22	this	0	1136	216	?	this	False	O	False	4	1	0	0
1170	?	7	19	175	23	this	0	424	124	?	this	False	O	False	4	1	0	0
1171	?	7	192	175	24	this	0	204	136	?	this	False	O	False	4	1	0	0
1172	?	7	153	175	25	this	0	212	120	?	this	False	O	False	4	1	0	0
1173	?	7	124	175	27	this	0	256	316	?	this	False	O	False	4	1	0	0
1174	?	7	71	175	28	this	0	212	132	?	this	False	O	False	4	1	0	0
1176	?	7	52	175	30	this	0	696	408	?	this	False	O	False	4	1	0	0
1177	?	7	106	175	31	this	0	356	0	?	this	False	O	False	4	1	0	1
1178	?	7	137	175	32	this	0	696	216	?	this	False	O	False	4	1	0	0
1179	?	7	124	175	33	this	0	452	156	?	this	False	O	False	4	1	0	0
1180	?	7	84	175	34	this	0	172	288	?	this	False	O	False	4	1	0	0
1181	?	7	84	175	35	this	0	252	0	?	this	False	O	False	4	1	0	1
1183	?	7	136	175	37	this	0	128	0	?	this	False	O	False	4	1	0	1
1184	?	7	71	175	38	this	0	120	0	?	this	False	O	False	4	1	0	1
1186	?	7	24	175	40	this	0	176	0	?	this	False	O	False	4	1	0	1
1187	?	7	42	175	41	this	0	256	0	?	this	False	O	False	4	1	0	1
1188	?	7	142	175	42	this	0	140	0	?	this	False	O	False	4	1	0	1
1190	?	6	7	176	1	her	0	280	196	?	her	False	O	False	3	0	0	0
1191	?	6	151	176	2	her	0	288	0	?	her	False	O	False	3	0	0	1
1192	?	6	51	176	3	her	0	572	0	?	her	False	O	False	3	0	0	1
1193	?	6	15	176	4	her	0	192	152	?	her	False	O	False	3	0	0	0
1194	?	6	63	176	5	her	0	212	228	?	her	False	O	False	3	0	0	0
1197	?	6	87	176	8	her	0	256	140	?	her	False	O	False	3	0	0	0
1198	?	6	13	176	9	her	0	252	164	?	her	False	O	False	3	0	0	0
1199	?	6	85	176	10	her	0	140	0	?	her	False	O	False	3	0	0	1
1200	?	6	127	176	11	her	0	208	116	?	her	False	O	False	3	0	0	0
1201	?	6	173	176	12	her	0	264	244	?	her	False	O	False	3	0	0	0
1202	?	6	203	176	13	her	0	260	0	?	her	False	O	False	3	0	0	1
1203	?	6	148	176	14	her	0	296	164	?	her	False	O	False	3	0	0	0
1205	?	6	92	176	16	her	0	416	328	?	her	False	O	False	3	0	0	0
1206	?	6	156	176	17	her	0	320	244	?	her	False	O	False	3	0	0	0
1207	?	6	199	176	18	her	0	136	0	?	her	False	O	False	3	0	0	1
1208	?	6	84	176	19	her	0	232	140	?	her	False	O	False	3	0	0	0
1209	?	6	126	176	20	her	0	140	280	?	her	False	O	False	3	0	0	0
1210	?	6	22	176	21	her	0	324	140	?	her	False	O	False	3	0	0	0
1211	?	6	7	176	22	her	0	200	432	?	her	False	O	False	3	0	0	0
1212	?	6	35	176	23	her	0	396	264	?	her	False	O	False	3	0	0	0
1213	?	6	11	176	24	her	0	404	112	?	her	False	O	False	3	0	0	0
1214	?	6	137	176	25	her	0	180	208	?	her	False	O	False	3	0	0	0
1215	?	6	46	176	27	her	0	444	336	?	her	False	O	False	3	0	0	0
1216	?	6	74	176	28	her	0	144	280	?	her	False	O	False	3	0	0	0
1217	?	6	68	176	29	her	0	192	192	?	her	False	O	False	3	0	0	0
1220	?	6	108	176	32	her	0	372	328	?	her	False	O	False	3	0	0	0
1221	?	6	141	176	33	her	0	224	400	?	her	False	O	False	3	0	0	0
1222	?	6	45	176	34	her	0	496	340	?	her	False	O	False	3	0	0	0
1223	?	6	96	176	35	her	0	160	232	?	her	False	O	False	3	0	0	0
1225	?	6	182	176	37	her	0	192	192	?	her	False	O	False	3	0	0	0
1227	?	6	200	176	39	her	0	156	180	?	her	False	O	False	3	0	0	0
1228	?	6	31	176	40	her	0	276	180	?	her	False	O	False	3	0	0	0
1229	?	6	102	176	41	her	0	176	320	?	her	False	O	False	3	0	0	0
1230	?	6	153	176	42	her	0	224	180	?	her	False	O	False	3	0	0	0
1231	?	6	75	176	43	her	0	260	0	?	her	False	O	False	3	0	0	1
1232	?	4	76	186	1	we	0	260	0	?	we	False	O	False	2	0	0	1
1234	?	4	93	186	3	we	0	216	148	?	we	False	O	False	2	0	0	0
1236	?	4	189	186	5	we	0	288	0	?	we	False	O	False	2	0	0	1
1237	?	4	1	186	6	we	0	132	272	?	we	False	O	False	2	0	0	0
1238	?	4	43	186	7	we	0	76	208	?	we	False	O	False	2	0	0	0
1240	?	4	94	186	10	we	0	196	128	?	we	False	O	False	2	0	0	0
1241	?	4	15	186	11	we	0	148	160	?	we	False	O	False	2	0	0	0
1243	?	4	166	186	13	we	0	272	0	?	we	False	O	False	2	0	0	1
1248	?	4	29	186	18	we	0	200	0	?	we	False	O	False	2	0	0	1
1259	?	4	148	186	30	we	0	336	184	?	we	False	O	False	2	0	0	0
1270	?	4	134	186	41	we	0	124	144	?	we	False	O	False	2	0	0	0
1272	?	4	101	186	43	we	0	116	276	?	we	False	O	False	2	0	0	0
1273	?	6	76	186	1	this	0	192	204	?	this	False	O	False	4	1	0	0
1274	?	6	118	186	2	this	0	192	136	?	this	False	O	False	4	1	0	0
1275	?	6	93	186	3	this	0	344	168	?	this	False	O	False	4	1	0	0
1276	?	6	188	186	4	this	0	172	144	?	this	False	O	False	4	1	0	0
1277	?	6	189	186	5	this	0	192	260	?	this	False	O	False	4	1	0	0
1279	?	6	43	186	7	this	0	128	0	?	this	False	O	False	4	1	0	1
1280	?	6	182	186	8	this	0	228	164	?	this	False	O	False	4	1	0	0
1282	?	6	15	186	11	this	0	236	136	?	this	False	O	False	4	1	0	0
1283	?	6	47	186	12	this	0	240	132	?	this	False	O	False	4	1	0	0
1284	?	6	166	186	13	this	0	220	148	?	this	False	O	False	4	1	0	0
1287	?	6	91	186	16	this	0	304	268	?	this	False	O	False	4	1	0	0
1289	?	6	29	186	18	this	0	336	0	?	this	False	O	False	4	1	0	1
1290	?	6	125	186	19	this	0	20	192	?	this	False	O	False	4	1	0	0
1292	?	6	37	186	21	this	0	172	176	?	this	False	O	False	4	1	0	0
1293	?	6	48	186	22	this	0	240	212	?	this	False	O	False	4	1	0	0
1294	?	6	39	186	23	this	0	196	224	?	this	False	O	False	4	1	0	0
1295	?	6	165	186	24	this	0	312	0	?	this	False	O	False	4	1	0	1
1298	?	6	196	186	28	this	0	392	156	?	this	False	O	False	4	1	0	0
1300	?	6	148	186	30	this	0	288	476	?	this	False	O	False	4	1	0	0
1302	?	6	4	186	32	this	0	240	308	?	this	False	O	False	4	1	0	0
1303	?	6	195	186	33	this	0	284	116	?	this	False	O	False	4	1	0	0
1304	?	6	198	186	34	this	0	172	268	?	this	False	O	False	4	1	0	0
1305	?	6	8	186	35	this	0	204	0	?	this	False	O	False	4	1	0	1
1307	?	6	43	186	37	this	0	288	224	?	this	False	O	False	4	1	0	0
1309	?	6	98	186	39	this	0	16	100	?	this	False	O	False	4	1	0	0
1312	?	6	34	186	42	this	0	316	128	?	this	False	O	False	4	1	0	0
1313	?	6	101	186	43	this	0	252	0	?	this	False	O	False	4	1	0	1
1314	?	12	132	192	1	this	0	144	484	?	this	False	O	False	4	0	0	0
1316	?	12	163	192	3	this	0	164	0	?	this	False	O	False	4	0	0	1
1317	?	12	16	192	4	this	0	144	276	?	this	False	O	False	4	0	0	0
1318	?	12	28	192	5	this	0	216	0	?	this	False	O	False	4	0	0	1
1319	?	12	153	192	6	this	0	316	124	?	this	False	O	False	4	0	0	0
1321	?	12	169	192	8	this	0	240	172	?	this	False	O	False	4	0	0	0
1323	?	12	99	192	10	this	0	352	0	?	this	False	O	False	4	0	0	1
1324	?	12	88	192	11	this	0	188	236	?	this	False	O	False	4	0	0	0
1325	?	12	89	192	12	this	0	280	104	?	this	False	O	False	4	0	0	0
1326	?	12	158	192	13	this	0	184	628	?	this	False	O	False	4	0	0	0
1328	?	12	9	192	15	this	0	264	60	?	this	False	O	False	4	0	0	0
1329	?	12	172	192	16	this	0	272	864	?	this	False	O	False	4	0	0	0
1330	?	12	71	192	17	this	0	360	0	?	this	False	O	False	4	0	0	1
1331	?	12	82	192	18	this	0	216	0	?	this	False	O	False	4	0	0	1
1332	?	12	116	192	19	this	0	328	0	?	this	False	O	False	4	0	0	1
1333	?	12	34	192	20	this	0	208	260	?	this	False	O	False	4	0	0	0
1335	?	12	110	192	22	this	0	252	156	?	this	False	O	False	4	0	0	0
1336	?	12	76	192	23	this	0	228	500	?	this	False	O	False	4	0	0	0
1339	?	12	196	192	27	this	0	528	268	?	this	False	O	False	4	0	0	0
1340	?	12	131	192	28	this	0	160	0	?	this	False	O	False	4	0	0	1
1342	?	12	89	192	30	this	0	248	112	?	this	False	O	False	4	0	0	0
1343	?	12	95	192	31	this	0	160	0	?	this	False	O	False	4	0	0	1
1344	?	12	167	192	32	this	0	204	116	?	this	False	O	False	4	0	0	0
1345	?	12	164	192	33	this	0	152	260	?	this	False	O	False	4	0	0	0
1346	?	12	68	192	34	this	0	192	148	?	this	False	O	False	4	0	0	0
1347	?	12	42	192	35	this	0	204	180	?	this	False	O	False	4	0	0	0
1348	?	12	198	192	36	this	0	164	0	?	this	False	O	False	4	0	0	1
1349	?	12	86	192	37	this	0	312	192	?	this	False	O	False	4	0	0	0
1350	?	12	37	192	38	this	0	196	164	?	this	False	O	False	4	0	0	0
1352	?	12	1	192	40	this	0	296	172	?	this	False	O	False	4	0	0	0
1353	?	12	91	192	41	this	0	180	228	?	this	False	O	False	4	0	0	0
1354	?	12	156	192	42	this	0	320	0	?	this	False	O	False	4	0	0	1
1355	?	12	55	192	43	this	0	640	0	?	this	False	O	False	4	0	0	1
1357	?	7	142	193	2	they	0	132	136	?	they	False	O	True	4	0	0	0
1358	?	7	158	193	3	they	0	140	228	?	they	False	O	True	4	0	0	0
1359	?	7	66	193	4	they	0	172	0	?	they	False	O	True	4	0	0	1
1361	?	7	44	193	6	they	0	160	0	?	they	False	O	True	4	0	0	1
1362	?	7	89	193	7	they	0	220	136	?	they	False	O	True	4	0	0	0
1363	?	7	63	193	8	they	0	172	156	?	they	False	O	True	4	0	0	0
1364	?	7	37	193	10	they	0	88	164	?	they	False	O	True	4	0	0	0
1366	?	7	1	193	12	they	0	104	0	?	they	False	O	True	4	0	0	1
1367	?	7	70	193	13	they	0	200	140	?	they	False	O	True	4	0	0	0
1369	?	7	85	193	15	they	0	176	0	?	they	False	O	True	4	0	0	1
1370	?	7	155	193	16	they	0	264	232	?	they	False	O	True	4	0	0	0
1371	?	7	33	193	17	they	0	176	144	?	they	False	O	True	4	0	0	0
1373	?	7	23	193	19	they	0	96	188	?	they	False	O	True	4	0	0	0
1375	?	7	57	193	21	they	0	208	132	?	they	False	O	True	4	0	0	0
1376	?	7	129	193	22	they	0	224	236	?	they	False	O	True	4	0	0	0
1377	?	7	13	193	23	they	0	500	212	?	they	False	O	True	4	0	0	0
1378	?	7	162	193	24	they	0	92	244	?	they	False	O	True	4	0	0	0
1380	?	7	163	193	27	they	0	172	236	?	they	False	O	True	4	0	0	0
1381	?	7	202	193	28	they	0	336	0	?	they	False	O	True	4	0	0	1
1382	?	7	192	193	29	they	0	200	136	?	they	False	O	True	4	0	0	0
1383	?	7	86	193	30	they	0	220	252	?	they	False	O	True	4	0	0	0
1384	?	7	82	193	31	they	0	152	0	?	they	False	O	True	4	0	0	1
1385	?	7	106	193	32	they	0	336	244	?	they	False	O	True	4	0	0	0
1386	?	7	91	193	33	they	0	168	276	?	they	False	O	True	4	0	0	0
1387	?	7	87	193	34	they	0	192	156	?	they	False	O	True	4	0	0	0
1388	?	7	121	193	35	they	0	196	0	?	they	False	O	True	4	0	0	1
1390	?	7	130	193	37	they	0	172	192	?	they	False	O	True	4	0	0	0
1391	?	7	47	193	38	they	0	216	0	?	they	False	O	True	4	0	0	1
1395	?	7	113	193	42	they	0	132	0	?	they	False	O	True	4	0	0	1
1397	?	4	69	201	1	she	0	284	392	?	she	False	O	False	3	0	0	0
1398	?	4	77	201	2	she	0	144	148	?	she	False	O	False	3	0	0	0
1399	?	4	203	201	3	she	0	188	232	?	she	False	O	False	3	0	0	0
1401	?	4	150	201	5	she	0	420	228	?	she	False	O	False	3	0	0	0
1402	?	4	7	201	6	she	0	132	224	?	she	False	O	False	3	0	0	0
1403	?	4	193	201	7	she	0	148	136	?	she	False	O	False	3	0	0	0
1404	?	4	72	201	8	she	0	148	148	?	she	False	O	False	3	0	0	0
1406	?	4	204	201	11	she	0	184	128	?	she	False	O	False	3	0	0	0
1408	?	4	38	201	13	she	0	168	0	?	she	False	O	False	3	0	0	1
1409	?	4	108	201	14	she	0	168	204	?	she	False	O	False	3	0	0	0
1411	?	4	85	201	16	she	0	204	400	?	she	False	O	False	3	0	0	0
1412	?	4	11	201	17	she	0	204	268	?	she	False	O	False	3	0	0	0
1413	?	4	13	201	18	she	0	464	168	?	she	False	O	False	3	0	0	0
1414	?	4	179	201	19	she	0	208	120	?	she	False	O	False	3	0	0	0
1416	?	4	135	201	21	she	0	120	204	?	she	False	O	False	3	0	0	0
1417	?	4	8	201	22	she	0	328	248	?	she	False	O	False	3	0	0	0
1419	?	4	48	201	24	she	0	276	136	?	she	False	O	False	3	0	0	0
1420	?	4	139	201	25	she	0	152	220	?	she	False	O	False	3	0	0	0
1421	?	4	58	201	27	she	0	208	136	?	she	False	O	False	3	0	0	0
1422	?	4	199	201	28	she	0	156	164	?	she	False	O	False	3	0	0	0
1424	?	4	96	201	30	she	0	268	228	?	she	False	O	False	3	0	0	0
1426	?	4	32	201	32	she	0	200	232	?	she	False	O	False	3	0	0	0
1427	?	4	32	201	33	she	0	176	84	?	she	False	O	False	3	0	0	0
1428	?	4	61	201	34	she	0	236	180	?	she	False	O	False	3	0	0	0
1431	?	4	68	201	37	she	0	112	452	?	she	False	O	False	3	0	0	0
1437	?	4	82	201	43	she	0	116	172	?	she	False	O	False	3	0	0	0
1438	?	9	69	201	1	their	0	412	168	?	their	False	P	True	5	2	0	0
1439	?	9	77	201	2	their	0	144	320	?	their	False	P	True	5	2	0	0
1440	?	9	203	201	3	their	0	108	216	?	their	False	P	True	5	2	0	0
1441	?	9	113	201	4	their	0	228	312	?	their	False	P	True	5	2	0	0
1442	?	9	150	201	5	their	0	192	388	?	their	False	P	True	5	2	0	0
1445	?	9	72	201	8	their	0	384	284	?	their	False	P	True	5	2	0	0
1446	?	9	13	201	10	their	0	324	0	?	their	False	P	True	5	2	0	1
1447	?	9	204	201	11	their	0	156	300	?	their	False	P	True	5	2	0	0
1448	?	9	167	201	12	their	0	152	348	?	their	False	P	True	5	2	0	0
1451	?	9	66	201	15	their	0	108	168	?	their	False	P	True	5	2	0	0
1452	?	9	85	201	16	their	0	412	332	?	their	False	P	True	5	2	0	0
1453	?	9	11	201	17	their	0	140	172	?	their	False	P	True	5	2	0	0
1454	?	9	13	201	18	their	0	256	0	?	their	False	P	True	5	2	0	1
1455	?	9	179	201	19	their	0	168	152	?	their	False	P	True	5	2	0	0
1456	?	9	148	201	20	their	0	216	212	?	their	False	P	True	5	2	0	0
1458	?	9	8	201	22	their	0	228	268	?	their	False	P	True	5	2	0	0
1459	?	9	203	201	23	their	0	272	468	?	their	False	P	True	5	2	0	0
1460	?	9	48	201	24	their	0	188	0	?	their	False	P	True	5	2	0	1
1461	?	9	139	201	25	their	0	152	376	?	their	False	P	True	5	2	0	0
1462	?	9	58	201	27	their	0	484	0	?	their	False	P	True	5	2	0	1
1465	?	9	96	201	30	their	0	224	336	?	their	False	P	True	5	2	0	0
1467	?	9	32	201	32	their	0	312	208	?	their	False	P	True	5	2	0	0
1468	?	9	32	201	33	their	0	244	160	?	their	False	P	True	5	2	0	0
1469	?	9	61	201	34	their	0	284	284	?	their	False	P	True	5	2	0	0
1470	?	9	73	201	35	their	0	188	188	?	their	False	P	True	5	2	0	0
1471	?	9	58	201	36	their	0	180	0	?	their	False	P	True	5	2	0	1
1472	?	9	68	201	37	their	0	164	284	?	their	False	P	True	5	2	0	0
1473	?	9	43	201	38	their	0	148	212	?	their	False	P	True	5	2	0	0
1475	?	9	110	201	40	their	0	156	140	?	their	False	P	True	5	2	0	0
1476	?	9	190	201	41	their	0	296	424	?	their	False	P	True	5	2	0	0
1478	?	9	82	201	43	their	0	108	344	?	their	False	P	True	5	2	0	0
1479	?	4	19	202	1	him	0	492	168	?	him	False	O	False	3	0	0	0
1480	?	4	93	202	2	him	0	160	0	?	him	False	O	False	3	0	0	1
1481	?	4	74	202	3	him	0	284	168	?	him	False	O	False	3	0	0	0
1486	?	4	201	202	8	him	0	168	112	?	him	False	O	False	3	0	0	0
1487	?	4	51	202	10	him	0	160	156	?	him	False	O	False	3	0	0	0
1488	?	4	69	202	11	him	0	168	144	?	him	False	O	False	3	0	0	0
1489	?	4	172	202	12	him	0	132	0	?	him	False	O	False	3	0	0	1
1490	?	4	191	202	13	him	0	208	260	?	him	False	O	False	3	0	0	0
1491	?	4	16	202	14	him	0	216	200	?	him	False	O	False	3	0	0	0
1493	?	4	130	202	16	him	0	164	284	?	him	False	O	False	3	0	0	0
1494	?	4	146	202	17	him	0	180	0	?	him	False	O	False	3	0	0	1
1496	?	4	49	202	19	him	0	180	140	?	him	False	O	False	3	0	0	0
1497	?	4	77	202	20	him	0	148	200	?	him	False	O	False	3	0	0	0
1498	?	4	99	202	21	him	0	204	0	?	him	False	O	False	3	0	0	1
1499	?	4	138	202	22	him	0	188	184	?	him	False	O	False	3	0	0	0
1500	?	4	151	202	23	him	0	284	180	?	him	False	O	False	3	0	0	0
1501	?	4	122	202	24	him	0	276	216	?	him	False	O	False	3	0	0	0
1504	?	4	39	202	28	him	0	520	372	?	him	False	O	False	3	0	0	0
1506	?	4	11	202	30	him	0	96	180	?	him	False	O	False	3	0	0	0
1508	?	4	188	202	32	him	0	192	0	?	him	False	O	False	3	0	0	1
1509	?	4	55	202	33	him	0	180	160	?	him	False	O	False	3	0	0	0
1510	?	4	147	202	34	him	0	176	0	?	him	False	O	False	3	0	0	1
1511	?	4	89	202	35	him	0	196	0	?	him	False	O	False	3	0	0	1
1513	?	4	140	202	37	him	0	196	116	?	him	False	O	False	3	0	0	0
1515	?	4	7	202	39	him	0	208	176	?	him	False	O	False	3	0	0	0
1519	?	4	100	202	43	him	0	168	192	?	him	False	O	False	3	0	0	0
1520	?	5	170	227	1	her	0	324	320	?	her	False	O	False	3	0	0	0
1521	?	5	88	227	2	her	0	224	180	?	her	False	O	False	3	0	0	0
1522	?	5	56	227	3	her	0	132	184	?	her	False	O	False	3	0	0	0
1524	?	5	6	227	5	her	0	236	160	?	her	False	O	False	3	0	0	0
1526	?	5	36	227	7	her	0	144	0	?	her	False	O	False	3	0	0	1
1527	?	5	172	227	8	her	0	376	184	?	her	False	O	False	3	0	0	0
1528	?	5	152	227	10	her	0	148	156	?	her	False	O	False	3	0	0	0
1529	?	5	164	227	11	her	0	176	168	?	her	False	O	False	3	0	0	0
1530	?	5	102	227	12	her	0	256	164	?	her	False	O	False	3	0	0	0
1534	?	5	29	227	16	her	0	220	308	?	her	False	O	False	3	0	0	0
1535	?	5	64	227	17	her	0	180	168	?	her	False	O	False	3	0	0	0
1536	?	5	27	227	18	her	0	168	0	?	her	False	O	False	3	0	0	1
1537	?	5	29	227	19	her	0	456	0	?	her	False	O	False	3	0	0	1
1538	?	5	188	227	20	her	0	356	0	?	her	False	O	False	3	0	0	1
1540	?	5	93	227	22	her	0	344	0	?	her	False	O	False	3	0	0	1
1541	?	5	18	227	23	her	0	408	192	?	her	False	O	False	3	0	0	0
1542	?	5	171	227	24	her	0	268	268	?	her	False	O	False	3	0	0	0
1543	?	5	141	227	25	her	0	392	0	?	her	False	O	False	3	0	0	1
1544	?	5	65	227	27	her	0	240	504	?	her	False	O	False	3	0	0	0
1545	?	5	70	227	28	her	0	384	360	?	her	False	O	False	3	0	0	0
1547	?	5	138	227	30	her	0	220	312	?	her	False	O	False	3	0	0	0
1549	?	5	87	227	32	her	0	344	192	?	her	False	O	False	3	0	0	0
1550	?	5	33	227	33	her	0	224	204	?	her	False	O	False	3	0	0	0
1551	?	5	188	227	34	her	0	176	180	?	her	False	O	False	3	0	0	0
1552	?	5	157	227	35	her	0	192	156	?	her	False	O	False	3	0	0	0
1553	?	5	12	227	36	her	0	200	0	?	her	False	O	False	3	0	0	1
1554	?	5	57	227	37	her	0	204	628	?	her	False	O	False	3	0	0	0
1555	?	5	200	227	38	her	0	260	0	?	her	False	O	False	3	0	0	1
1557	?	5	64	227	40	her	0	300	156	?	her	False	O	False	3	0	0	0
1560	?	5	40	227	43	her	0	288	220	?	her	False	O	False	3	0	0	0
1561	?	3	162	228	1	he	0	188	216	?	he	False	O	False	2	1	0	0
1562	?	3	50	228	2	he	0	168	0	?	he	False	O	False	2	1	0	1
1563	?	3	80	228	3	he	0	168	524	?	he	False	O	False	2	1	0	0
1567	?	3	34	228	7	he	0	96	0	?	he	False	O	False	2	1	0	1
1570	?	3	28	228	11	he	0	164	132	?	he	False	O	False	2	1	0	0
1576	?	3	153	228	17	he	0	336	160	?	he	False	O	False	2	1	0	0
1579	?	3	113	228	20	he	0	144	0	?	he	False	O	False	2	1	0	1
1582	?	3	3	228	23	he	0	164	328	?	he	False	O	False	2	1	0	0
1584	?	3	124	228	25	he	0	284	180	?	he	False	O	False	2	1	0	0
1588	?	3	75	228	30	he	0	288	140	?	he	False	O	False	2	1	0	0
1591	?	3	184	228	33	he	0	252	232	?	he	False	O	False	2	1	0	0
1593	?	3	118	228	35	he	0	164	0	?	he	False	O	False	2	1	0	1
1595	?	3	54	228	37	he	0	116	160	?	he	False	O	False	2	1	0	0
1596	?	3	183	228	38	he	0	132	0	?	he	False	O	False	2	1	0	1
1600	?	3	91	228	42	he	0	296	132	?	he	False	O	False	2	1	0	0
1601	?	3	95	228	43	he	0	212	200	?	he	False	O	False	2	1	0	0
1608	?	9	163	235	7	us	0	140	0	?	us	False	O	False	2	1	0	1
1615	?	9	128	235	15	us	0	52	0	?	us	False	O	False	2	1	0	1
1616	?	9	58	235	16	us	0	192	184	?	us	False	O	False	2	1	0	0
1618	?	9	52	235	19	us	0	108	428	?	us	False	O	False	2	1	0	0
1620	?	9	95	235	21	us	0	140	0	?	us	False	O	False	2	1	0	1
1622	?	9	117	235	23	us	0	200	200	?	us	False	O	False	2	1	0	0
1626	?	9	83	235	28	us	0	180	0	?	us	False	O	False	2	1	0	1
1627	?	9	189	235	29	us	0	192	0	?	us	False	O	False	2	1	0	1
1628	?	9	192	235	30	us	0	76	0	?	us	False	O	False	2	1	0	1
1634	?	9	43	235	36	us	0	144	0	?	us	False	O	False	2	1	0	1
1643	?	10	66	241	2	this	0	208	136	?	this	False	O	False	4	1	0	0
1644	?	10	22	241	3	this	0	192	300	?	this	False	O	False	4	1	0	0
1645	?	10	161	241	4	this	0	212	0	?	this	False	O	False	4	1	0	1
1646	?	10	50	241	5	this	0	240	184	?	this	False	O	False	4	1	0	0
1651	?	10	20	241	10	this	0	64	92	?	this	False	O	False	4	1	0	0
1657	?	10	170	241	16	this	0	148	148	?	this	False	O	False	4	1	0	0
1659	?	10	40	241	19	this	0	156	168	?	this	False	O	False	4	1	0	0
1663	?	10	190	241	23	this	0	220	228	?	this	False	O	False	4	1	0	0
1664	?	10	140	241	24	this	0	208	168	?	this	False	O	False	4	1	0	0
1665	?	10	42	241	25	this	0	120	220	?	this	False	O	False	4	1	0	0
1666	?	10	203	241	27	this	0	212	0	?	this	False	O	False	4	1	0	1
1669	?	10	88	241	30	this	0	104	228	?	this	False	O	False	4	1	0	0
1671	?	10	171	241	32	this	0	220	164	?	this	False	O	False	4	1	0	0
1672	?	10	72	241	33	this	0	188	136	?	this	False	O	False	4	1	0	0
1673	?	10	21	241	34	this	0	140	0	?	this	False	O	False	4	1	0	1
1674	?	10	131	241	35	this	0	188	136	?	this	False	O	False	4	1	0	0
1676	?	10	171	241	37	this	0	192	124	?	this	False	O	False	4	1	0	0
1680	?	10	88	241	41	this	0	220	0	?	this	False	O	False	4	1	0	1
1682	?	10	175	241	43	this	0	156	192	?	this	False	O	False	4	1	0	0
1684	-3	4	166	3	2	his	1	152	316	-3	his	False	P	False	3	1	0	0
1685	-3	4	142	3	3	his	1	116	0	-3	his	False	P	False	3	1	0	1
1686	-3	4	36	3	4	his	1	264	216	-3	his	False	P	False	3	1	0	0
1689	-3	4	48	3	7	his	1	168	208	-3	his	False	P	False	3	1	0	0
1690	-3	4	7	3	8	his	1	276	148	-3	his	False	P	False	3	1	0	0
1692	-3	4	135	3	11	his	1	260	252	-3	his	False	P	False	3	1	0	0
1693	-3	4	164	3	12	his	1	192	200	-3	his	False	P	False	3	1	0	0
1695	-3	4	48	3	14	his	1	176	156	-3	his	False	P	False	3	1	0	0
1696	-3	4	13	3	15	his	1	360	96	-3	his	False	P	False	3	1	0	0
1697	-3	4	22	3	16	his	1	428	1232	-3	his	False	P	False	3	1	0	0
1700	-3	4	89	3	19	his	1	204	0	-3	his	False	P	False	3	1	0	1
1701	-3	4	57	3	20	his	1	212	220	-3	his	False	P	False	3	1	0	0
1704	-3	4	50	3	23	his	1	176	840	-3	his	False	P	False	3	1	0	0
1706	-3	4	140	3	25	his	1	260	164	-3	his	False	P	False	3	1	0	0
1707	-3	4	45	3	27	his	1	140	332	-3	his	False	P	False	3	1	0	0
1710	-3	4	151	3	30	his	1	164	192	-3	his	False	P	False	3	1	0	0
1711	-3	4	57	3	31	his	1	152	188	-3	his	False	P	False	3	1	0	0
1712	-3	4	156	3	32	his	1	164	272	-3	his	False	P	False	3	1	0	0
1715	-3	4	29	3	35	his	1	188	636	-3	his	False	P	False	3	1	0	0
1717	-3	4	194	3	37	his	1	368	188	-3	his	False	P	False	3	1	0	0
1718	-3	4	114	3	38	his	1	216	188	-3	his	False	P	False	3	1	0	0
1720	-3	4	20	3	40	his	1	476	0	-3	his	False	P	False	3	1	0	1
1721	-3	4	185	3	41	his	1	212	148	-3	his	False	P	False	3	1	0	0
1724	-3	3	15	16	1	his	1	260	164	-3	his	False	P	False	3	0	0	0
1725	-3	3	101	16	2	his	1	136	128	-3	his	False	P	False	3	0	0	0
1726	-3	3	59	16	3	his	1	168	248	-3	his	False	P	False	3	0	0	0
1727	-3	3	148	16	4	his	1	148	332	-3	his	False	P	False	3	0	0	0
1728	-3	3	72	16	5	his	1	164	192	-3	his	False	P	False	3	0	0	0
1729	-3	3	192	16	6	his	1	124	0	-3	his	False	P	False	3	0	0	1
1730	-3	3	195	16	7	his	1	160	0	-3	his	False	P	False	3	0	0	1
1731	-3	3	22	16	8	his	1	196	140	-3	his	False	P	False	3	0	0	0
1732	-3	3	5	16	9	his	1	196	164	-3	his	False	P	False	3	0	0	0
1733	-3	3	86	16	10	his	1	156	68	-3	his	False	P	False	3	0	0	0
1734	-3	3	16	16	11	his	1	136	216	-3	his	False	P	False	3	0	0	0
1736	-3	3	139	16	13	his	1	184	0	-3	his	False	P	False	3	0	0	1
1737	-3	3	177	16	14	his	1	256	0	-3	his	False	P	False	3	0	0	1
1738	-3	3	142	16	15	his	1	196	0	-3	his	False	P	False	3	0	0	1
1739	-3	3	113	16	16	his	1	212	164	-3	his	False	P	False	3	0	0	0
1741	-3	3	45	16	18	his	1	252	136	-3	his	False	P	False	3	0	0	0
1742	-3	3	8	16	19	his	1	160	236	-3	his	False	P	False	3	0	0	0
1744	-3	3	55	16	21	his	1	212	120	-3	his	False	P	False	3	0	0	0
1745	-3	3	101	16	22	his	1	388	0	-3	his	False	P	False	3	0	0	1
1746	-3	3	103	16	23	his	1	288	264	-3	his	False	P	False	3	0	0	0
1747	-3	3	40	16	24	his	1	160	204	-3	his	False	P	False	3	0	0	0
1748	-3	3	166	16	25	his	1	136	148	-3	his	False	P	False	3	0	0	0
1749	-3	3	26	16	27	his	1	72	300	-3	his	False	P	False	3	0	0	0
1751	-3	3	97	16	29	his	1	180	188	-3	his	False	P	False	3	0	0	0
1752	-3	3	70	16	30	his	1	276	212	-3	his	False	P	False	3	0	0	0
1753	-3	3	136	16	31	his	1	144	120	-3	his	False	P	False	3	0	0	0
1754	-3	3	41	16	32	his	1	184	200	-3	his	False	P	False	3	0	0	0
1755	-3	3	2	16	33	his	1	188	136	-3	his	False	P	False	3	0	0	0
1756	-3	3	92	16	34	his	1	220	424	-3	his	False	P	False	3	0	0	0
1758	-3	3	186	16	36	his	1	180	252	-3	his	False	P	False	3	0	0	0
1759	-3	3	49	16	37	his	1	212	128	-3	his	False	P	False	3	0	0	0
1766	-3	4	158	17	1	his	1	344	136	-3	his	False	P	False	3	0	0	0
1767	-3	4	197	17	2	his	1	168	0	-3	his	False	P	False	3	0	0	1
1768	-3	4	122	17	3	his	1	144	184	-3	his	False	P	False	3	0	0	0
1769	-3	4	5	17	4	his	1	172	288	-3	his	False	P	False	3	0	0	0
1771	-3	4	86	17	6	his	1	184	444	-3	his	False	P	False	3	0	0	0
1773	-3	4	51	17	8	his	1	196	248	-3	his	False	P	False	3	0	0	0
1775	-3	4	37	17	11	his	1	124	132	-3	his	False	P	False	3	0	0	0
1776	-3	4	143	17	12	his	1	224	116	-3	his	False	P	False	3	0	0	0
1777	-3	4	52	17	13	his	1	208	168	-3	his	False	P	False	3	0	0	0
1778	-3	4	22	17	14	his	1	208	216	-3	his	False	P	False	3	0	0	0
1780	-3	4	169	17	16	his	1	412	464	-3	his	False	P	False	3	0	0	0
1781	-3	4	86	17	17	his	1	292	308	-3	his	False	P	False	3	0	0	0
1782	-3	4	115	17	18	his	1	208	0	-3	his	False	P	False	3	0	0	1
1783	-3	4	205	17	19	his	1	244	168	-3	his	False	P	False	3	0	0	0
1786	-3	4	52	17	22	his	1	288	196	-3	his	False	P	False	3	0	0	0
1787	-3	4	75	17	23	his	1	184	200	-3	his	False	P	False	3	0	0	0
1789	-3	4	103	17	25	his	1	316	192	-3	his	False	P	False	3	0	0	0
1790	-3	4	195	17	27	his	1	228	28	-3	his	False	P	False	3	0	0	0
1791	-3	4	77	17	28	his	1	140	160	-3	his	False	P	False	3	0	0	0
1795	-3	4	138	17	32	his	1	444	168	-3	his	False	P	False	3	0	0	0
1796	-3	4	46	17	33	his	1	136	124	-3	his	False	P	False	3	0	0	0
1797	-3	4	69	17	34	his	1	252	252	-3	his	False	P	False	3	0	0	0
1798	-3	4	102	17	35	his	1	144	156	-3	his	False	P	False	3	0	0	0
1800	-3	4	112	17	37	his	1	156	240	-3	his	False	P	False	3	0	0	0
1801	-3	4	82	17	38	his	1	248	144	-3	his	False	P	False	3	0	0	0
1803	-3	4	47	17	40	his	1	140	140	-3	his	False	P	False	3	0	0	0
1806	-3	4	28	17	43	his	1	180	228	-3	his	False	P	False	3	0	0	0
1807	-4	5	33	18	1	his	1	248	264	-4	his	False	P	False	3	1	0	0
1808	-4	5	120	18	2	his	1	156	0	-4	his	False	P	False	3	1	0	1
1809	-4	5	75	18	3	his	1	336	0	-4	his	False	P	False	3	1	0	1
1810	-4	5	105	18	4	his	1	644	0	-4	his	False	P	False	3	1	0	1
1812	-4	5	46	18	6	his	1	176	80	-4	his	False	P	False	3	1	0	0
1813	-4	5	107	18	7	his	1	80	0	-4	his	False	P	False	3	1	0	1
1814	-4	5	153	18	8	his	1	212	0	-4	his	False	P	False	3	1	0	1
1815	-4	5	135	18	10	his	1	336	524	-4	his	False	P	False	3	1	0	0
1816	-4	5	201	18	11	his	1	196	108	-4	his	False	P	False	3	1	0	0
1817	-4	5	177	18	12	his	1	128	0	-4	his	False	P	False	3	1	0	1
1819	-4	5	149	18	14	his	1	288	0	-4	his	False	P	False	3	1	0	1
1820	-4	5	36	18	15	his	1	232	0	-4	his	False	P	False	3	1	0	1
1821	-4	5	38	18	16	his	1	248	580	-4	his	False	P	False	3	1	0	0
1822	-4	5	84	18	17	his	1	172	116	-4	his	False	P	False	3	1	0	0
1823	-4	5	147	18	18	his	1	292	0	-4	his	False	P	False	3	1	0	1
1824	-4	5	51	18	19	his	1	64	152	-4	his	False	P	False	3	1	0	0
1828	-4	5	175	18	23	his	1	172	176	-4	his	False	P	False	3	1	0	0
1829	-4	5	136	18	24	his	1	440	276	-4	his	False	P	False	3	1	0	0
1830	-4	5	158	18	25	his	1	220	104	-4	his	False	P	False	3	1	0	0
1831	-4	5	13	18	27	his	1	308	280	-4	his	False	P	False	3	1	0	0
1832	-4	5	157	18	28	his	1	324	148	-4	his	False	P	False	3	1	0	0
1833	-4	5	203	18	29	his	1	196	348	-4	his	False	P	False	3	1	0	0
1836	-4	5	203	18	32	his	1	164	0	-4	his	False	P	False	3	1	0	1
1837	-4	5	29	18	33	his	1	176	132	-4	his	False	P	False	3	1	0	0
1838	-4	5	58	18	34	his	1	168	0	-4	his	False	P	False	3	1	0	1
1840	-4	5	22	18	36	his	1	236	0	-4	his	False	P	False	3	1	0	1
1841	-4	5	188	18	37	his	1	176	140	-4	his	False	P	False	3	1	0	0
1842	-4	5	141	18	38	his	1	192	88	-4	his	False	P	False	3	1	0	0
1845	-4	5	136	18	41	his	1	312	372	-4	his	False	P	False	3	1	0	0
1846	-4	5	184	18	42	his	1	204	0	-4	his	False	P	False	3	1	0	1
1847	-4	5	195	18	43	his	1	148	188	-4	his	False	P	False	3	1	0	0
1848	-3	3	106	20	1	his	1	296	0	-3	his	False	P	False	3	1	0	1
1849	-3	3	202	20	2	his	1	160	276	-3	his	False	P	False	3	1	0	0
1850	-3	3	120	20	3	his	1	340	0	-3	his	False	P	False	3	1	0	1
1851	-3	3	102	20	4	his	1	196	220	-3	his	False	P	False	3	1	0	0
1852	-3	3	131	20	5	his	1	268	432	-3	his	False	P	False	3	1	0	0
1854	-3	3	63	20	7	his	1	172	0	-3	his	False	P	False	3	1	0	1
1855	-3	3	139	20	8	his	1	188	204	-3	his	False	P	False	3	1	0	0
1857	-3	3	197	20	11	his	1	156	156	-3	his	False	P	False	3	1	0	0
1859	-3	3	67	20	13	his	1	200	236	-3	his	False	P	False	3	1	0	0
1860	-3	3	203	20	14	his	1	204	244	-3	his	False	P	False	3	1	0	0
1861	-3	3	40	20	15	his	1	264	404	-3	his	False	P	False	3	1	0	0
1862	-3	3	103	20	16	his	1	152	192	-3	his	False	P	False	3	1	0	0
1865	-3	3	72	20	19	his	1	180	204	-3	his	False	P	False	3	1	0	0
1866	-3	3	105	20	20	his	1	156	188	-3	his	False	P	False	3	1	0	0
1868	-3	3	203	20	22	his	1	184	188	-3	his	False	P	False	3	1	0	0
1869	-3	3	200	20	23	his	1	192	0	-3	his	False	P	False	3	1	0	1
1870	-3	3	90	20	24	his	1	168	196	-3	his	False	P	False	3	1	0	0
1872	-3	3	173	20	27	his	1	272	284	-3	his	False	P	False	3	1	0	0
1874	-3	3	153	20	29	his	1	148	156	-3	his	False	P	False	3	1	0	0
1875	-3	3	199	20	30	his	1	172	0	-3	his	False	P	False	3	1	0	1
1876	-3	3	200	20	31	his	1	52	172	-3	his	False	P	False	3	1	0	0
1877	-3	3	14	20	32	his	1	224	116	-3	his	False	P	False	3	1	0	0
1878	-3	3	119	20	33	his	1	176	140	-3	his	False	P	False	3	1	0	0
1879	-3	3	127	20	34	his	1	148	352	-3	his	False	P	False	3	1	0	0
1880	-3	3	175	20	35	his	1	352	280	-3	his	False	P	False	3	1	0	0
1881	-3	3	143	20	36	his	1	360	0	-3	his	False	P	False	3	1	0	1
1882	-3	3	78	20	37	his	1	204	168	-3	his	False	P	False	3	1	0	0
1883	-3	3	113	20	38	his	1	280	0	-3	his	False	P	False	3	1	0	1
1886	-3	3	5	20	42	his	1	200	304	-3	his	False	P	False	3	1	0	0
1887	-3	3	162	20	43	his	1	224	160	-3	his	False	P	False	3	1	0	0
1888	-3	3	114	21	1	his	1	244	148	-3	his	False	P	False	3	1	0	0
1889	-3	3	44	21	2	his	1	92	80	-3	his	False	P	False	3	1	0	0
1890	-3	3	10	21	3	his	1	380	132	-3	his	False	P	False	3	1	0	0
1892	-3	3	15	21	5	his	1	240	144	-3	his	False	P	False	3	1	0	0
1894	-3	3	86	21	7	his	1	156	0	-3	his	False	P	False	3	1	0	1
1895	-3	3	86	21	8	his	1	180	200	-3	his	False	P	False	3	1	0	0
1896	-3	3	146	21	10	his	1	140	128	-3	his	False	P	False	3	1	0	0
1897	-3	3	70	21	11	his	1	152	136	-3	his	False	P	False	3	1	0	0
1898	-3	3	36	21	12	his	1	116	224	-3	his	False	P	False	3	1	0	0
1899	-3	3	142	21	13	his	1	180	156	-3	his	False	P	False	3	1	0	0
1901	-3	3	30	21	15	his	1	256	232	-3	his	False	P	False	3	1	0	0
1902	-3	3	48	21	16	his	1	192	144	-3	his	False	P	False	3	1	0	0
1903	-3	3	155	21	17	his	1	136	400	-3	his	False	P	False	3	1	0	0
1905	-3	3	42	21	19	his	1	72	296	-3	his	False	P	False	3	1	0	0
1907	-3	3	63	21	21	his	1	144	52	-3	his	False	P	False	3	1	0	0
1909	-3	3	138	21	23	his	1	120	220	-3	his	False	P	False	3	1	0	0
1910	-3	3	146	21	24	his	1	152	164	-3	his	False	P	False	3	1	0	0
1913	-3	3	87	21	28	his	1	276	212	-3	his	False	P	False	3	1	0	0
1915	-3	3	95	21	30	his	1	280	164	-3	his	False	P	False	3	1	0	0
1917	-3	3	154	21	32	his	1	264	236	-3	his	False	P	False	3	1	0	0
1918	-3	3	128	21	33	his	1	160	144	-3	his	False	P	False	3	1	0	0
1919	-3	3	152	21	34	his	1	164	0	-3	his	False	P	False	3	1	0	1
1920	-3	3	95	21	35	his	1	116	584	-3	his	False	P	False	3	1	0	0
1922	-3	3	190	21	37	his	1	124	180	-3	his	False	P	False	3	1	0	0
1925	-3	3	67	21	40	his	1	224	304	-3	his	False	P	False	3	1	0	0
1928	-3	3	93	21	43	his	1	128	212	-3	his	False	P	False	3	1	0	0
1929	-4	5	138	32	1	our	1	256	0	-4	our	False	P	True	3	1	0	1
1930	-4	5	70	32	2	our	1	176	0	-4	our	False	P	True	3	1	0	1
1931	-4	5	87	32	3	our	1	348	0	-4	our	False	P	True	3	1	0	1
1932	-4	5	26	32	4	our	1	132	0	-4	our	False	P	True	3	1	0	1
1933	-4	5	115	32	5	our	1	304	0	-4	our	False	P	True	3	1	0	1
1934	-4	5	72	32	6	our	1	312	248	-4	our	False	P	True	3	1	0	0
1935	-4	5	73	32	7	our	1	140	0	-4	our	False	P	True	3	1	0	1
1936	-4	5	31	32	8	our	1	180	0	-4	our	False	P	True	3	1	0	1
1937	-4	5	58	32	10	our	1	192	196	-4	our	False	P	True	3	1	0	0
1938	-4	5	188	32	11	our	1	280	0	-4	our	False	P	True	3	1	0	1
1939	-4	5	23	32	12	our	1	192	0	-4	our	False	P	True	3	1	0	1
1940	-4	5	23	32	13	our	1	184	504	-4	our	False	P	True	3	1	0	0
1942	-4	5	117	32	15	our	1	640	0	-4	our	False	P	True	3	1	0	1
1943	-4	5	43	32	16	our	1	744	0	-4	our	False	P	True	3	1	0	1
1944	-4	5	135	32	18	our	1	276	292	-4	our	False	P	True	3	1	0	0
1945	-4	5	82	32	19	our	1	260	412	-4	our	False	P	True	3	1	0	0
1947	-4	5	71	32	21	our	1	124	232	-4	our	False	P	True	3	1	0	0
1949	-4	5	186	32	23	our	1	376	1520	-4	our	False	P	True	3	1	0	0
1950	-4	5	56	32	24	our	1	168	396	-4	our	False	P	True	3	1	0	0
1951	-4	5	49	32	25	our	1	200	180	-4	our	False	P	True	3	1	0	0
1952	-4	5	144	32	27	our	1	828	0	-4	our	False	P	True	3	1	0	1
1953	-4	5	14	32	28	our	1	192	168	-4	our	False	P	True	3	1	0	0
1954	-4	5	98	32	29	our	1	180	152	-4	our	False	P	True	3	1	0	0
1955	-4	5	172	32	30	our	1	248	0	-4	our	False	P	True	3	1	0	1
1956	-4	5	169	32	31	our	1	140	0	-4	our	False	P	True	3	1	0	1
1957	-4	5	95	32	32	our	1	176	316	-4	our	False	P	True	3	1	0	0
1958	-4	5	22	32	33	our	1	236	744	-4	our	False	P	True	3	1	0	0
1959	-4	5	74	32	34	our	1	996	0	-4	our	False	P	True	3	1	0	1
1960	-4	5	28	32	35	our	1	156	560	-4	our	False	P	True	3	1	0	0
1961	-4	5	164	32	36	our	1	204	0	-4	our	False	P	True	3	1	0	1
1962	-4	5	118	32	37	our	1	184	0	-4	our	False	P	True	3	1	0	1
1963	-4	5	184	32	38	our	1	212	320	-4	our	False	P	True	3	1	0	0
1964	-4	5	188	32	39	our	1	140	148	-4	our	False	P	True	3	1	0	0
1966	-4	5	121	32	41	our	1	100	148	-4	our	False	P	True	3	1	0	0
1968	-4	5	153	32	43	our	1	212	144	-4	our	False	P	True	3	1	0	0
1969	-4	5	26	42	1	he	1	216	412	-4	he	False	O	False	2	0	0	0
1970	-4	5	145	42	2	he	1	212	344	-4	he	False	O	False	2	0	0	0
1972	-4	5	94	42	4	he	1	144	228	-4	he	False	O	False	2	0	0	0
1976	-4	5	56	42	8	he	1	312	260	-4	he	False	O	False	2	0	0	0
1977	-4	5	1	42	10	he	1	120	144	-4	he	False	O	False	2	0	0	0
1978	-4	5	4	42	11	he	1	148	736	-4	he	False	O	False	2	0	0	0
1981	-4	5	82	42	14	he	1	248	196	-4	he	False	O	False	2	0	0	0
1982	-4	5	124	42	15	he	1	224	0	-4	he	False	O	False	2	0	0	1
1983	-4	5	194	42	16	he	1	224	204	-4	he	False	O	False	2	0	0	0
1984	-4	5	177	42	18	he	1	256	444	-4	he	False	O	False	2	0	0	0
1987	-4	5	60	42	21	he	1	200	308	-4	he	False	O	False	2	0	0	0
1992	-4	5	167	42	27	he	1	216	484	-4	he	False	O	False	2	0	0	0
1993	-4	5	102	42	28	he	1	164	164	-4	he	False	O	False	2	0	0	0
1994	-4	5	113	42	29	he	1	160	184	-4	he	False	O	False	2	0	0	0
1995	-4	5	102	42	30	he	1	476	220	-4	he	False	O	False	2	0	0	0
1996	-4	5	25	42	31	he	1	132	96	-4	he	False	O	False	2	0	0	0
1997	-4	5	38	42	32	he	1	148	356	-4	he	False	O	False	2	0	0	0
1999	-4	5	204	42	34	he	1	156	0	-4	he	False	O	False	2	0	0	1
2000	-4	5	194	42	35	he	1	184	136	-4	he	False	O	False	2	0	0	0
2001	-4	5	203	42	36	he	1	168	152	-4	he	False	O	False	2	0	0	0
2002	-4	5	120	42	37	he	1	124	184	-4	he	False	O	False	2	0	0	0
2003	-4	5	63	42	38	he	1	168	172	-4	he	False	O	False	2	0	0	0
2009	-5	6	124	43	1	his	1	204	456	-5	his	False	P	False	3	0	0	0
2010	-5	6	41	43	2	his	1	360	0	-5	his	False	P	False	3	0	0	1
2011	-5	6	16	43	3	his	1	464	248	-5	his	False	P	False	3	0	0	0
2012	-5	6	178	43	4	his	1	192	196	-5	his	False	P	False	3	0	0	0
2015	-5	6	6	43	7	his	1	164	0	-5	his	False	P	False	3	0	0	1
2016	-5	6	173	43	8	his	1	272	0	-5	his	False	P	False	3	0	0	1
2017	-5	6	10	43	9	his	1	68	524	-5	his	False	P	False	3	0	0	0
2019	-5	6	60	43	11	his	1	224	188	-5	his	False	P	False	3	0	0	0
2020	-5	6	202	43	12	his	1	148	0	-5	his	False	P	False	3	0	0	1
2021	-5	6	11	43	13	his	1	260	0	-5	his	False	P	False	3	0	0	1
2023	-5	6	28	43	15	his	1	252	0	-5	his	False	P	False	3	0	0	1
2025	-5	6	114	43	17	his	1	360	0	-5	his	False	P	False	3	0	0	1
2026	-5	6	25	43	18	his	1	204	148	-5	his	False	P	False	3	0	0	0
2027	-5	6	115	43	19	his	1	220	184	-5	his	False	P	False	3	0	0	0
2029	-5	6	32	43	21	his	1	120	104	-5	his	False	P	False	3	0	0	0
2030	-5	6	120	43	22	his	1	216	0	-5	his	False	P	False	3	0	0	1
2031	-5	6	160	43	23	his	1	172	656	-5	his	False	P	False	3	0	0	0
2032	-5	6	68	43	24	his	1	264	0	-5	his	False	P	False	3	0	0	1
2034	-5	6	138	43	27	his	1	196	668	-5	his	False	P	False	3	0	0	0
2035	-5	6	8	43	28	his	1	324	440	-5	his	False	P	False	3	0	0	0
2036	-5	6	64	43	29	his	1	136	160	-5	his	False	P	False	3	0	0	0
2037	-5	6	98	43	30	his	1	492	0	-5	his	False	P	False	3	0	0	1
2039	-5	6	132	43	32	his	1	216	312	-5	his	False	P	False	3	0	0	0
2040	-5	6	17	43	33	his	1	172	260	-5	his	False	P	False	3	0	0	0
2041	-5	6	5	43	34	his	1	156	176	-5	his	False	P	False	3	0	0	0
2042	-5	6	91	43	35	his	1	324	0	-5	his	False	P	False	3	0	0	1
2043	-5	6	153	43	36	his	1	164	0	-5	his	False	P	False	3	0	0	1
2044	-5	6	34	43	37	his	1	396	0	-5	his	False	P	False	3	0	0	1
2045	-5	6	192	43	38	his	1	192	0	-5	his	False	P	False	3	0	0	1
2047	-5	6	184	43	40	his	1	368	0	-5	his	False	P	False	3	0	0	1
2048	-5	6	17	43	41	his	1	164	428	-5	his	False	P	False	3	0	0	0
2050	-5	6	161	43	43	his	1	300	260	-5	his	False	P	False	3	0	0	0
2051	-4	6	96	45	1	his	1	380	1032	-4	his	False	P	False	3	0	0	0
2052	-4	6	168	45	2	his	1	208	0	-4	his	False	P	False	3	0	0	1
2053	-4	6	196	45	3	his	1	380	100	-4	his	False	P	False	3	0	0	0
2054	-4	6	152	45	4	his	1	120	592	-4	his	False	P	False	3	0	0	0
2056	-4	6	37	45	6	his	1	220	0	-4	his	False	P	False	3	0	0	1
2057	-4	6	119	45	7	his	1	160	396	-4	his	False	P	False	3	0	0	0
2058	-4	6	127	45	8	his	1	208	0	-4	his	False	P	False	3	0	0	1
2059	-4	6	35	45	10	his	1	300	136	-4	his	False	P	False	3	0	0	0
2060	-4	6	119	45	11	his	1	196	0	-4	his	False	P	False	3	0	0	1
2062	-4	6	28	45	13	his	1	72	0	-4	his	False	P	False	3	0	0	1
2064	-4	6	173	45	15	his	1	164	0	-4	his	False	P	False	3	0	0	1
2065	-4	6	187	45	16	his	1	540	448	-4	his	False	P	False	3	0	0	0
2068	-4	6	165	45	19	his	1	196	0	-4	his	False	P	False	3	0	0	1
2069	-4	6	9	45	20	his	1	244	108	-4	his	False	P	False	3	0	0	0
2070	-4	6	161	45	21	his	1	200	212	-4	his	False	P	False	3	0	0	0
2074	-4	6	82	45	25	his	1	212	0	-4	his	False	P	False	3	0	0	1
2075	-4	6	57	45	27	his	1	236	792	-4	his	False	P	False	3	0	0	0
2077	-4	6	100	45	29	his	1	240	144	-4	his	False	P	False	3	0	0	0
2078	-4	6	164	45	30	his	1	268	536	-4	his	False	P	False	3	0	0	0
2079	-4	6	125	45	31	his	1	204	92	-4	his	False	P	False	3	0	0	0
2080	-4	6	81	45	32	his	1	368	224	-4	his	False	P	False	3	0	0	0
2081	-4	6	152	45	33	his	1	176	116	-4	his	False	P	False	3	0	0	0
2082	-4	6	141	45	34	his	1	200	0	-4	his	False	P	False	3	0	0	1
2084	-4	6	113	45	36	his	1	244	0	-4	his	False	P	False	3	0	0	1
2085	-4	6	32	45	37	his	1	144	0	-4	his	False	P	False	3	0	0	1
2086	-4	6	161	45	38	his	1	104	0	-4	his	False	P	False	3	0	0	1
2088	-4	6	15	45	40	his	1	128	760	-4	his	False	P	False	3	0	0	0
2089	-4	6	2	45	41	his	1	672	0	-4	his	False	P	False	3	0	0	1
2091	-4	6	172	45	43	his	1	260	572	-4	his	False	P	False	3	0	0	0
2092	-5	5	28	46	1	his	1	296	148	-5	his	False	P	False	3	0	0	0
2093	-5	5	87	46	2	his	1	252	24	-5	his	False	P	False	3	0	0	0
2094	-5	5	157	46	3	his	1	316	212	-5	his	False	P	False	3	0	0	0
2095	-5	5	92	46	4	his	1	176	152	-5	his	False	P	False	3	0	0	0
2096	-5	5	161	46	5	his	1	208	396	-5	his	False	P	False	3	0	0	0
2098	-5	5	145	46	7	his	1	160	80	-5	his	False	P	False	3	0	0	0
2099	-5	5	93	46	8	his	1	224	152	-5	his	False	P	False	3	0	0	0
2100	-5	5	81	46	10	his	1	244	180	-5	his	False	P	False	3	0	0	0
2101	-5	5	41	46	11	his	1	164	344	-5	his	False	P	False	3	0	0	0
2103	-5	5	15	46	13	his	1	240	0	-5	his	False	P	False	3	0	0	1
2104	-5	5	199	46	14	his	1	272	176	-5	his	False	P	False	3	0	0	0
2106	-5	5	200	46	16	his	1	352	452	-5	his	False	P	False	3	0	0	0
2109	-5	5	184	46	19	his	1	328	132	-5	his	False	P	False	3	0	0	0
2110	-5	5	160	46	20	his	1	248	208	-5	his	False	P	False	3	0	0	0
2113	-5	5	153	46	23	his	1	272	64	-5	his	False	P	False	3	0	0	0
2114	-5	5	179	46	24	his	1	280	520	-5	his	False	P	False	3	0	0	0
2115	-5	5	89	46	25	his	1	120	228	-5	his	False	P	False	3	0	0	0
2116	-5	5	107	46	27	his	1	420	420	-5	his	False	P	False	3	0	0	0
2118	-5	5	147	46	29	his	1	132	148	-5	his	False	P	False	3	0	0	0
2119	-5	5	22	46	30	his	1	256	300	-5	his	False	P	False	3	0	0	0
2120	-5	5	12	46	31	his	1	180	168	-5	his	False	P	False	3	0	0	0
2121	-5	5	90	46	32	his	1	212	136	-5	his	False	P	False	3	0	0	0
2122	-5	5	74	46	33	his	1	116	200	-5	his	False	P	False	3	0	0	0
2125	-5	5	117	46	36	his	1	276	0	-5	his	False	P	False	3	0	0	1
2128	-5	5	134	46	39	his	1	204	232	-5	his	False	P	False	3	0	0	0
2129	-5	5	22	46	40	his	1	324	132	-5	his	False	P	False	3	0	0	0
2132	-5	5	32	46	43	his	1	152	172	-5	his	False	P	False	3	0	0	0
2133	-5	6	44	47	1	his	1	524	1040	-5	his	False	P	False	3	0	0	0
2134	-5	6	190	47	2	his	1	168	268	-5	his	False	P	False	3	0	0	0
2135	-5	6	166	47	3	his	1	260	0	-5	his	False	P	False	3	0	0	1
2138	-5	6	50	47	6	his	1	732	0	-5	his	False	P	False	3	0	0	1
2139	-5	6	38	47	7	his	1	136	196	-5	his	False	P	False	3	0	0	0
2140	-5	6	82	47	8	his	1	392	0	-5	his	False	P	False	3	0	0	1
2141	-5	6	61	47	10	his	1	296	0	-5	his	False	P	False	3	0	0	1
2142	-5	6	169	47	11	his	1	312	0	-5	his	False	P	False	3	0	0	1
2143	-5	6	86	47	12	his	1	320	0	-5	his	False	P	False	3	0	0	1
2144	-5	6	26	47	13	his	1	336	656	-5	his	False	P	False	3	0	0	0
2145	-5	6	61	47	14	his	1	176	608	-5	his	False	P	False	3	0	0	0
2146	-5	6	37	47	15	his	1	356	0	-5	his	False	P	False	3	0	0	1
2147	-5	6	162	47	16	his	1	532	812	-5	his	False	P	False	3	0	0	0
2150	-5	6	67	47	19	his	1	176	136	-5	his	False	P	False	3	0	0	0
2151	-5	6	137	47	20	his	1	152	208	-5	his	False	P	False	3	0	0	0
2153	-5	6	179	47	22	his	1	324	308	-5	his	False	P	False	3	0	0	0
2154	-5	6	9	47	23	his	1	244	1060	-5	his	False	P	False	3	0	0	0
2155	-5	6	43	47	24	his	1	520	0	-5	his	False	P	False	3	0	0	1
2158	-5	6	7	47	28	his	1	440	196	-5	his	False	P	False	3	0	0	0
2159	-5	6	172	47	29	his	1	388	316	-5	his	False	P	False	3	0	0	0
2160	-5	6	64	47	30	his	1	200	0	-5	his	False	P	False	3	0	0	1
2161	-5	6	98	47	31	his	1	144	0	-5	his	False	P	False	3	0	0	1
2162	-5	6	125	47	32	his	1	164	356	-5	his	False	P	False	3	0	0	0
2164	-5	6	163	47	34	his	1	1196	0	-5	his	False	P	False	3	0	0	1
2165	-5	6	30	47	35	his	1	200	416	-5	his	False	P	False	3	0	0	0
2167	-5	6	108	47	37	his	1	536	292	-5	his	False	P	False	3	0	0	0
2169	-5	6	64	47	39	his	1	256	0	-5	his	False	P	False	3	0	0	1
2170	-5	6	75	47	40	his	1	264	484	-5	his	False	P	False	3	0	0	0
2171	-5	6	150	47	41	his	1	160	428	-5	his	False	P	False	3	0	0	0
2172	-5	6	21	47	42	his	1	288	720	-5	his	False	P	False	3	0	0	0
2173	-5	6	171	47	43	his	1	292	200	-5	his	False	P	False	3	0	0	0
2174	-5	6	56	48	1	his	1	248	728	-5	his	False	P	False	3	0	0	0
2175	-5	6	136	48	2	his	1	600	0	-5	his	False	P	False	3	0	0	1
2176	-5	6	9	48	3	his	1	340	0	-5	his	False	P	False	3	0	0	1
2177	-5	6	131	48	4	his	1	172	264	-5	his	False	P	False	3	0	0	0
2178	-5	6	114	48	5	his	1	252	0	-5	his	False	P	False	3	0	0	1
2180	-5	6	46	48	7	his	1	136	52	-5	his	False	P	False	3	0	0	0
2181	-5	6	88	48	8	his	1	288	316	-5	his	False	P	False	3	0	0	0
2182	-5	6	23	48	10	his	1	268	184	-5	his	False	P	False	3	0	0	0
2183	-5	6	1	48	11	his	1	320	296	-5	his	False	P	False	3	0	0	0
2184	-5	6	154	48	12	his	1	440	0	-5	his	False	P	False	3	0	0	1
2186	-5	6	110	48	14	his	1	204	336	-5	his	False	P	False	3	0	0	0
2187	-5	6	20	48	15	his	1	92	340	-5	his	False	P	False	3	0	0	0
2188	-5	6	79	48	16	his	1	192	2100	-5	his	False	P	False	3	0	0	0
2191	-5	6	204	48	19	his	1	260	0	-5	his	False	P	False	3	0	0	1
2194	-5	6	11	48	22	his	1	284	660	-5	his	False	P	False	3	0	0	0
2196	-5	6	76	48	24	his	1	460	364	-5	his	False	P	False	3	0	0	0
2198	-5	6	60	48	27	his	1	320	456	-5	his	False	P	False	3	0	0	0
2199	-5	6	67	48	28	his	1	364	432	-5	his	False	P	False	3	0	0	0
2201	-5	6	146	48	30	his	1	420	0	-5	his	False	P	False	3	0	0	1
2203	-5	6	191	48	32	his	1	160	0	-5	his	False	P	False	3	0	0	1
2204	-5	6	98	48	33	his	1	184	204	-5	his	False	P	False	3	0	0	0
2205	-5	6	183	48	34	his	1	688	0	-5	his	False	P	False	3	0	0	1
2207	-5	6	60	48	36	his	1	256	0	-5	his	False	P	False	3	0	0	1
2208	-5	6	168	48	37	his	1	544	0	-5	his	False	P	False	3	0	0	1
2209	-5	6	170	48	38	his	1	868	0	-5	his	False	P	False	3	0	0	1
2210	-5	6	89	48	39	his	1	192	0	-5	his	False	P	False	3	0	0	1
2213	-5	6	88	48	42	his	1	160	228	-5	his	False	P	False	3	0	0	0
2214	-5	6	167	48	43	his	1	244	564	-5	his	False	P	False	3	0	0	0
2216	-3	5	71	49	2	his	1	184	140	-3	his	False	P	False	3	0	0	0
2217	-3	5	97	49	3	his	1	152	356	-3	his	False	P	False	3	0	0	0
2221	-3	5	26	49	7	his	1	84	0	-3	his	False	P	False	3	0	0	1
2222	-3	5	55	49	8	his	1	172	232	-3	his	False	P	False	3	0	0	0
2223	-3	5	101	49	10	his	1	140	152	-3	his	False	P	False	3	0	0	0
2224	-3	5	45	49	11	his	1	140	168	-3	his	False	P	False	3	0	0	0
2226	-3	5	90	49	13	his	1	216	284	-3	his	False	P	False	3	0	0	0
2227	-3	5	91	49	14	his	1	520	240	-3	his	False	P	False	3	0	0	0
2229	-3	5	9	49	16	his	1	160	208	-3	his	False	P	False	3	0	0	0
2230	-3	5	175	49	17	his	1	272	0	-3	his	False	P	False	3	0	0	1
2231	-3	5	104	49	18	his	1	180	188	-3	his	False	P	False	3	0	0	0
2234	-3	5	16	49	21	his	1	152	192	-3	his	False	P	False	3	0	0	0
2235	-3	5	85	49	22	his	1	192	228	-3	his	False	P	False	3	0	0	0
2236	-3	5	94	49	23	his	1	164	260	-3	his	False	P	False	3	0	0	0
2237	-3	5	160	49	24	his	1	472	252	-3	his	False	P	False	3	0	0	0
2240	-3	5	187	49	28	his	1	184	208	-3	his	False	P	False	3	0	0	0
2241	-3	5	4	49	29	his	1	132	184	-3	his	False	P	False	3	0	0	0
2242	-3	5	6	49	30	his	1	280	0	-3	his	False	P	False	3	0	0	1
2243	-3	5	48	49	31	his	1	148	0	-3	his	False	P	False	3	0	0	1
2244	-3	5	70	49	32	his	1	156	220	-3	his	False	P	False	3	0	0	0
2247	-3	5	90	49	35	his	1	172	184	-3	his	False	P	False	3	0	0	0
2249	-3	5	59	49	37	his	1	236	152	-3	his	False	P	False	3	0	0	0
2252	-3	5	7	49	40	his	1	192	188	-3	his	False	P	False	3	0	0	0
2254	-3	5	42	49	42	his	1	160	136	-3	his	False	P	False	3	0	0	0
2256	-4	6	50	52	1	her	1	344	340	-4	her	False	O	False	3	1	0	0
2257	-4	6	167	52	2	her	1	220	224	-4	her	False	O	False	3	1	0	0
2258	-4	6	68	52	3	her	1	200	0	-4	her	False	O	False	3	1	0	1
2259	-4	6	35	52	4	her	1	228	396	-4	her	False	O	False	3	1	0	0
2261	-4	6	122	52	6	her	1	504	0	-4	her	False	O	False	3	1	0	1
2262	-4	6	14	52	7	her	1	176	180	-4	her	False	O	False	3	1	0	0
2263	-4	6	159	52	8	her	1	1292	0	-4	her	False	O	False	3	1	0	1
2264	-4	6	198	52	10	her	1	408	24	-4	her	False	O	False	3	1	0	0
2265	-4	6	48	52	11	her	1	264	232	-4	her	False	O	False	3	1	0	0
2266	-4	6	78	52	12	her	1	688	0	-4	her	False	O	False	3	1	0	1
2267	-4	6	14	52	13	her	1	224	384	-4	her	False	O	False	3	1	0	0
2268	-4	6	168	52	14	her	1	208	0	-4	her	False	O	False	3	1	0	1
2269	-4	6	200	52	15	her	1	332	164	-4	her	False	O	False	3	1	0	0
2270	-4	6	195	52	16	her	1	288	484	-4	her	False	O	False	3	1	0	0
2271	-4	6	105	52	17	her	1	1068	0	-4	her	False	O	False	3	1	0	1
2273	-4	6	142	52	19	her	1	200	0	-4	her	False	O	False	3	1	0	1
2276	-4	6	157	52	22	her	1	256	0	-4	her	False	O	False	3	1	0	1
2277	-4	6	20	52	23	her	1	172	440	-4	her	False	O	False	3	1	0	0
2280	-4	6	47	52	27	her	1	232	0	-4	her	False	O	False	3	1	0	1
2281	-4	6	72	52	28	her	1	172	368	-4	her	False	O	False	3	1	0	0
2282	-4	6	131	52	29	her	1	108	304	-4	her	False	O	False	3	1	0	0
2283	-4	6	188	52	30	her	1	256	408	-4	her	False	O	False	3	1	0	0
2285	-4	6	13	52	32	her	1	232	268	-4	her	False	O	False	3	1	0	0
2286	-4	6	171	52	33	her	1	328	0	-4	her	False	O	False	3	1	0	1
2287	-4	6	131	52	34	her	1	268	344	-4	her	False	O	False	3	1	0	0
2290	-4	6	178	52	37	her	1	176	368	-4	her	False	O	False	3	1	0	0
2292	-4	6	201	52	39	her	1	148	0	-4	her	False	O	False	3	1	0	1
2293	-4	6	17	52	40	her	1	268	232	-4	her	False	O	False	3	1	0	0
2294	-4	6	66	52	41	her	1	212	368	-4	her	False	O	False	3	1	0	0
2295	-4	6	61	52	42	her	1	232	512	-4	her	False	O	False	3	1	0	0
2296	-4	6	94	52	43	her	1	232	0	-4	her	False	O	False	3	1	0	1
2298	-3	6	32	59	2	he	1	284	156	-3	he	False	O	False	2	1	0	0
2299	-3	6	33	59	3	he	1	172	348	-3	he	False	O	False	2	1	0	0
2302	-3	6	100	59	6	he	1	144	0	-3	he	False	O	False	2	1	0	1
2313	-3	6	103	59	18	he	1	164	0	-3	he	False	O	False	2	1	0	1
2315	-3	6	125	59	20	he	1	124	0	-3	he	False	O	False	2	1	0	1
2317	-3	6	42	59	22	he	1	144	600	-3	he	False	O	False	2	1	0	0
2324	-3	6	187	59	30	he	1	244	216	-3	he	False	O	False	2	1	0	0
2327	-3	6	156	59	33	he	1	264	128	-3	he	False	O	False	2	1	0	0
2329	-3	6	38	59	35	he	1	168	0	-3	he	False	O	False	2	1	0	1
2331	-3	6	94	59	37	he	1	136	180	-3	he	False	O	False	2	1	0	0
2337	-3	6	39	59	43	he	1	92	396	-3	he	False	O	False	2	1	0	0
2338	-4	7	100	66	1	his	1	160	80	-4	his	False	P	False	3	1	0	0
2339	-4	7	141	66	2	his	1	108	108	-4	his	False	P	False	3	1	0	0
2340	-4	7	44	66	3	his	1	372	700	-4	his	False	P	False	3	1	0	0
2341	-4	7	3	66	4	his	1	328	156	-4	his	False	P	False	3	1	0	0
2344	-4	7	17	66	7	his	1	188	320	-4	his	False	P	False	3	1	0	0
2345	-4	7	105	66	8	his	1	792	268	-4	his	False	P	False	3	1	0	0
2346	-4	7	157	66	10	his	1	248	384	-4	his	False	P	False	3	1	0	0
2347	-4	7	148	66	11	his	1	356	108	-4	his	False	P	False	3	1	0	0
2348	-4	7	66	66	12	his	1	320	0	-4	his	False	P	False	3	1	0	1
2349	-4	7	43	66	13	his	1	384	216	-4	his	False	P	False	3	1	0	0
2350	-4	7	17	66	14	his	1	576	0	-4	his	False	P	False	3	1	0	1
2351	-4	7	45	66	15	his	1	280	152	-4	his	False	P	False	3	1	0	0
2352	-4	7	201	66	16	his	1	208	204	-4	his	False	P	False	3	1	0	0
2353	-4	7	157	66	17	his	1	520	0	-4	his	False	P	False	3	1	0	1
2354	-4	7	205	66	18	his	1	376	0	-4	his	False	P	False	3	1	0	1
2355	-4	7	174	66	19	his	1	168	100	-4	his	False	P	False	3	1	0	0
2358	-4	7	144	66	22	his	1	612	292	-4	his	False	P	False	3	1	0	0
2359	-4	7	27	66	23	his	1	132	344	-4	his	False	P	False	3	1	0	0
2360	-4	7	127	66	24	his	1	440	0	-4	his	False	P	False	3	1	0	1
2361	-4	7	116	66	25	his	1	168	268	-4	his	False	P	False	3	1	0	0
2362	-4	7	25	66	27	his	1	504	228	-4	his	False	P	False	3	1	0	0
2363	-4	7	52	66	28	his	1	172	240	-4	his	False	P	False	3	1	0	0
2364	-4	7	132	66	29	his	1	324	284	-4	his	False	P	False	3	1	0	0
2365	-4	7	101	66	30	his	1	896	0	-4	his	False	P	False	3	1	0	1
2367	-4	7	114	66	32	his	1	300	96	-4	his	False	P	False	3	1	0	0
2368	-4	7	92	66	33	his	1	112	140	-4	his	False	P	False	3	1	0	0
2369	-4	7	155	66	34	his	1	240	0	-4	his	False	P	False	3	1	0	1
2370	-4	7	52	66	35	his	1	156	120	-4	his	False	P	False	3	1	0	0
2371	-4	7	111	66	36	his	1	212	0	-4	his	False	P	False	3	1	0	1
2372	-4	7	143	66	37	his	1	172	248	-4	his	False	P	False	3	1	0	0
2373	-4	7	131	66	38	his	1	360	0	-4	his	False	P	False	3	1	0	1
2376	-4	7	173	66	41	his	1	208	268	-4	his	False	P	False	3	1	0	0
2377	-4	7	151	66	42	his	1	236	404	-4	his	False	P	False	3	1	0	0
2378	-4	7	156	66	43	his	1	804	196	-4	his	False	P	False	3	1	0	0
2379	-5	7	11	71	1	his	1	280	680	-5	his	False	P	False	3	0	0	0
2380	-5	7	19	71	2	his	1	208	220	-5	his	False	P	False	3	0	0	0
2381	-5	7	53	71	3	his	1	332	156	-5	his	False	P	False	3	0	0	0
2384	-5	7	45	71	6	his	1	224	0	-5	his	False	P	False	3	0	0	1
2385	-5	7	9	71	7	his	1	132	100	-5	his	False	P	False	3	0	0	0
2387	-5	7	56	71	10	his	1	184	140	-5	his	False	P	False	3	0	0	0
2388	-5	7	182	71	11	his	1	204	292	-5	his	False	P	False	3	0	0	0
2390	-5	7	64	71	13	his	1	196	240	-5	his	False	P	False	3	0	0	0
2393	-5	7	164	71	16	his	1	228	760	-5	his	False	P	False	3	0	0	0
2394	-5	7	36	71	18	his	1	216	156	-5	his	False	P	False	3	0	0	0
2395	-5	7	97	71	19	his	1	232	64	-5	his	False	P	False	3	0	0	0
2399	-5	7	23	71	23	his	1	184	436	-5	his	False	P	False	3	0	0	0
2401	-5	7	130	71	25	his	1	212	216	-5	his	False	P	False	3	0	0	0
2406	-5	7	160	71	31	his	1	268	252	-5	his	False	P	False	3	0	0	0
2408	-5	7	126	71	33	his	1	212	216	-5	his	False	P	False	3	0	0	0
2410	-5	7	139	71	35	his	1	224	308	-5	his	False	P	False	3	0	0	0
2411	-5	7	89	71	36	his	1	184	116	-5	his	False	P	False	3	0	0	0
2413	-5	7	103	71	38	his	1	264	140	-5	his	False	P	False	3	0	0	0
2414	-5	7	103	71	39	his	1	248	164	-5	his	False	P	False	3	0	0	0
2416	-5	7	170	71	41	his	1	184	168	-5	his	False	P	False	3	0	0	0
2417	-5	7	29	71	42	his	1	156	280	-5	his	False	P	False	3	0	0	0
2419	-3	3	63	87	1	his	1	216	288	-3	his	False	P	False	3	1	0	0
2421	-3	3	161	87	3	his	1	144	128	-3	his	False	P	False	3	1	0	0
2422	-3	3	23	87	4	his	1	248	200	-3	his	False	P	False	3	1	0	0
2426	-3	3	203	87	8	his	1	200	0	-3	his	False	P	False	3	1	0	1
2427	-3	3	19	87	9	his	1	200	136	-3	his	False	P	False	3	1	0	0
2428	-3	3	115	87	10	his	1	292	136	-3	his	False	P	False	3	1	0	0
2429	-3	3	128	87	11	his	1	144	160	-3	his	False	P	False	3	1	0	0
2431	-3	3	141	87	13	his	1	216	160	-3	his	False	P	False	3	1	0	0
2433	-3	3	153	87	15	his	1	300	0	-3	his	False	P	False	3	1	0	1
2434	-3	3	177	87	16	his	1	160	312	-3	his	False	P	False	3	1	0	0
2437	-3	3	86	87	19	his	1	300	384	-3	his	False	P	False	3	1	0	0
2440	-3	3	188	87	22	his	1	204	356	-3	his	False	P	False	3	1	0	0
2441	-3	3	112	87	23	his	1	280	532	-3	his	False	P	False	3	1	0	0
2442	-3	3	10	87	24	his	1	232	192	-3	his	False	P	False	3	1	0	0
2443	-3	3	159	87	25	his	1	164	380	-3	his	False	P	False	3	1	0	0
2444	-3	3	187	87	27	his	1	268	180	-3	his	False	P	False	3	1	0	0
2445	-3	3	150	87	28	his	1	312	200	-3	his	False	P	False	3	1	0	0
2447	-3	3	149	87	30	his	1	244	184	-3	his	False	P	False	3	1	0	0
2449	-3	3	64	87	32	his	1	268	288	-3	his	False	P	False	3	1	0	0
2450	-3	3	4	87	33	his	1	168	96	-3	his	False	P	False	3	1	0	0
2451	-3	3	169	87	34	his	1	200	188	-3	his	False	P	False	3	1	0	0
2452	-3	3	112	87	35	his	1	232	188	-3	his	False	P	False	3	1	0	0
2454	-3	3	65	87	37	his	1	180	316	-3	his	False	P	False	3	1	0	0
2457	-3	3	69	87	40	his	1	184	148	-3	his	False	P	False	3	1	0	0
2459	-3	3	89	87	42	his	1	140	128	-3	his	False	P	False	3	1	0	0
2460	-3	3	50	87	43	his	1	168	160	-3	his	False	P	False	3	1	0	0
2463	-6	8	54	88	3	his	1	224	240	-6	his	False	P	False	3	1	0	0
2464	-6	8	205	88	4	his	1	372	284	-6	his	False	P	False	3	1	0	0
2465	-6	8	118	88	5	his	1	236	168	-6	his	False	P	False	3	1	0	0
2466	-6	8	68	88	6	his	1	128	0	-6	his	False	P	False	3	1	0	1
2467	-6	8	150	88	7	his	1	188	196	-6	his	False	P	False	3	1	0	0
2468	-6	8	107	88	8	his	1	240	0	-6	his	False	P	False	3	1	0	1
2469	-6	8	141	88	10	his	1	152	400	-6	his	False	P	False	3	1	0	0
2470	-6	8	178	88	11	his	1	220	492	-6	his	False	P	False	3	1	0	0
2471	-6	8	145	88	12	his	1	108	140	-6	his	False	P	False	3	1	0	0
2473	-6	8	137	88	14	his	1	472	152	-6	his	False	P	False	3	1	0	0
2475	-6	8	61	88	16	his	1	192	356	-6	his	False	P	False	3	1	0	0
2476	-6	8	131	88	18	his	1	240	204	-6	his	False	P	False	3	1	0	0
2477	-6	8	6	88	19	his	1	136	204	-6	his	False	P	False	3	1	0	0
2478	-6	8	76	88	20	his	1	320	164	-6	his	False	P	False	3	1	0	0
2480	-6	8	168	88	22	his	1	176	144	-6	his	False	P	False	3	1	0	0
2481	-6	8	126	88	23	his	1	304	228	-6	his	False	P	False	3	1	0	0
2482	-6	8	198	88	24	his	1	140	272	-6	his	False	P	False	3	1	0	0
2483	-6	8	75	88	25	his	1	212	204	-6	his	False	P	False	3	1	0	0
2484	-6	8	10	88	27	his	1	128	260	-6	his	False	P	False	3	1	0	0
2485	-6	8	188	88	28	his	1	116	172	-6	his	False	P	False	3	1	0	0
2486	-6	8	15	88	29	his	1	172	272	-6	his	False	P	False	3	1	0	0
2487	-6	8	31	88	30	his	1	216	392	-6	his	False	P	False	3	1	0	0
2489	-6	8	153	88	32	his	1	260	0	-6	his	False	P	False	3	1	0	1
2490	-6	8	109	88	33	his	1	188	76	-6	his	False	P	False	3	1	0	0
2492	-6	8	199	88	35	his	1	168	124	-6	his	False	P	False	3	1	0	0
2494	-6	8	205	88	37	his	1	68	0	-6	his	False	P	False	3	1	0	1
2495	-6	8	91	88	38	his	1	184	236	-6	his	False	P	False	3	1	0	0
2496	-6	8	150	88	39	his	1	184	360	-6	his	False	P	False	3	1	0	0
2497	-6	8	79	88	40	his	1	140	0	-6	his	False	P	False	3	1	0	1
2498	-6	8	176	88	41	his	1	240	312	-6	his	False	P	False	3	1	0	0
2499	-6	8	62	88	42	his	1	220	488	-6	his	False	P	False	3	1	0	0
2500	-6	8	17	88	43	his	1	356	152	-6	his	False	P	False	3	1	0	0
2501	-4	4	67	89	1	he	1	228	180	-4	he	False	O	False	2	1	0	0
2503	-4	4	148	89	3	he	1	288	276	-4	he	False	O	False	2	1	0	0
2505	-4	4	188	89	5	he	1	160	180	-4	he	False	O	False	2	1	0	0
2510	-4	4	101	89	11	he	1	172	0	-4	he	False	O	False	2	1	0	1
2511	-4	4	126	89	12	he	1	212	0	-4	he	False	O	False	2	1	0	1
2515	-4	4	204	89	16	he	1	208	152	-4	he	False	O	False	2	1	0	0
2520	-4	4	9	89	22	he	1	164	252	-4	he	False	O	False	2	1	0	0
2522	-4	4	176	89	24	he	1	196	188	-4	he	False	O	False	2	1	0	0
2524	-4	4	18	89	27	he	1	124	184	-4	he	False	O	False	2	1	0	0
2527	-4	4	99	89	30	he	1	500	200	-4	he	False	O	False	2	1	0	0
2530	-4	4	113	89	33	he	1	220	176	-4	he	False	O	False	2	1	0	0
2534	-4	4	83	89	37	he	1	172	88	-4	he	False	O	False	2	1	0	0
2540	-4	4	38	89	43	he	1	140	148	-4	he	False	O	False	2	1	0	0
2541	-2	8	67	89	1	his	1	832	0	-2	his	False	P	False	3	2	0	1
2542	-2	8	163	89	2	his	1	228	0	-2	his	False	P	False	3	2	0	1
2544	-2	8	137	89	4	his	1	244	472	-2	his	False	P	False	3	2	0	0
2545	-2	8	188	89	5	his	1	228	160	-2	his	False	P	False	3	2	0	0
2547	-2	8	50	89	7	his	1	160	288	-2	his	False	P	False	3	2	0	0
2548	-2	8	164	89	8	his	1	312	0	-2	his	False	P	False	3	2	0	1
2549	-2	8	130	89	10	his	1	216	208	-2	his	False	P	False	3	2	0	0
2550	-2	8	101	89	11	his	1	528	152	-2	his	False	P	False	3	2	0	0
2551	-2	8	126	89	12	his	1	120	0	-2	his	False	P	False	3	2	0	1
2552	-2	8	193	89	13	his	1	240	520	-2	his	False	P	False	3	2	0	0
2553	-2	8	150	89	14	his	1	240	424	-2	his	False	P	False	3	2	0	0
2554	-2	8	175	89	15	his	1	448	0	-2	his	False	P	False	3	2	0	1
2555	-2	8	204	89	16	his	1	232	476	-2	his	False	P	False	3	2	0	0
2557	-2	8	63	89	19	his	1	164	164	-2	his	False	P	False	3	2	0	0
2560	-2	8	9	89	22	his	1	356	780	-2	his	False	P	False	3	2	0	0
2561	-2	8	48	89	23	his	1	180	188	-2	his	False	P	False	3	2	0	0
2562	-2	8	176	89	24	his	1	156	0	-2	his	False	P	False	3	2	0	1
2563	-2	8	30	89	25	his	1	216	236	-2	his	False	P	False	3	2	0	0
2564	-2	8	18	89	27	his	1	300	244	-2	his	False	P	False	3	2	0	0
2565	-2	8	184	89	28	his	1	252	260	-2	his	False	P	False	3	2	0	0
2566	-2	8	174	89	29	his	1	148	332	-2	his	False	P	False	3	2	0	0
2567	-2	8	99	89	30	his	1	168	380	-2	his	False	P	False	3	2	0	0
2568	-2	8	166	89	31	his	1	144	0	-2	his	False	P	False	3	2	0	1
2569	-2	8	116	89	32	his	1	420	228	-2	his	False	P	False	3	2	0	0
2570	-2	8	113	89	33	his	1	128	372	-2	his	False	P	False	3	2	0	0
2571	-2	8	18	89	34	his	1	204	0	-2	his	False	P	False	3	2	0	1
2572	-2	8	65	89	35	his	1	112	236	-2	his	False	P	False	3	2	0	0
2574	-2	8	83	89	37	his	1	216	356	-2	his	False	P	False	3	2	0	0
2575	-2	8	169	89	38	his	1	424	0	-2	his	False	P	False	3	2	0	1
2577	-2	8	68	89	40	his	1	204	252	-2	his	False	P	False	3	2	0	0
2579	-2	8	33	89	42	his	1	508	0	-2	his	False	P	False	3	2	0	1
2580	-2	8	38	89	43	his	1	236	120	-2	his	False	P	False	3	2	0	0
2581	-3	3	13	90	1	his	1	256	244	-3	his	False	P	False	3	1	0	0
2582	-3	3	170	90	2	his	1	172	156	-3	his	False	P	False	3	1	0	0
2583	-3	3	72	90	3	his	1	160	296	-3	his	False	P	False	3	1	0	0
2585	-3	3	169	90	5	his	1	304	228	-3	his	False	P	False	3	1	0	0
2586	-3	3	172	90	6	his	1	232	276	-3	his	False	P	False	3	1	0	0
2588	-3	3	36	90	8	his	1	448	0	-3	his	False	P	False	3	1	0	1
2590	-3	3	21	90	11	his	1	236	0	-3	his	False	P	False	3	1	0	1
2592	-3	3	140	90	13	his	1	232	164	-3	his	False	P	False	3	1	0	0
2593	-3	3	132	90	14	his	1	128	220	-3	his	False	P	False	3	1	0	0
2594	-3	3	131	90	15	his	1	220	0	-3	his	False	P	False	3	1	0	1
2595	-3	3	119	90	16	his	1	444	152	-3	his	False	P	False	3	1	0	0
2596	-3	3	69	90	17	his	1	132	180	-3	his	False	P	False	3	1	0	0
2598	-3	3	187	90	19	his	1	108	304	-3	his	False	P	False	3	1	0	0
2599	-3	3	175	90	20	his	1	152	148	-3	his	False	P	False	3	1	0	0
2601	-3	3	165	90	22	his	1	248	468	-3	his	False	P	False	3	1	0	0
2602	-3	3	197	90	23	his	1	240	0	-3	his	False	P	False	3	1	0	1
2603	-3	3	8	90	24	his	1	316	0	-3	his	False	P	False	3	1	0	1
2605	-3	3	123	90	27	his	1	432	248	-3	his	False	P	False	3	1	0	0
2606	-3	3	96	90	28	his	1	464	152	-3	his	False	P	False	3	1	0	0
2608	-3	3	4	90	30	his	1	100	412	-3	his	False	P	False	3	1	0	0
2610	-3	3	62	90	32	his	1	176	284	-3	his	False	P	False	3	1	0	0
2611	-3	3	157	90	33	his	1	116	204	-3	his	False	P	False	3	1	0	0
2612	-3	3	143	90	34	his	1	404	0	-3	his	False	P	False	3	1	0	1
2615	-3	3	125	90	37	his	1	120	480	-3	his	False	P	False	3	1	0	0
2620	-3	3	94	90	42	his	1	244	0	-3	his	False	P	False	3	1	0	1
2622	-4	8	13	90	1	his	1	284	752	-4	his	False	P	False	3	2	0	0
2623	-4	8	170	90	2	his	1	304	0	-4	his	False	P	False	3	2	0	1
2624	-4	8	72	90	3	his	1	364	144	-4	his	False	P	False	3	2	0	0
2626	-4	8	169	90	5	his	1	572	0	-4	his	False	P	False	3	2	0	1
2629	-4	8	36	90	8	his	1	412	0	-4	his	False	P	False	3	2	0	1
2630	-4	8	71	90	10	his	1	172	116	-4	his	False	P	False	3	2	0	0
2631	-4	8	21	90	11	his	1	256	404	-4	his	False	P	False	3	2	0	0
2632	-4	8	203	90	12	his	1	232	0	-4	his	False	P	False	3	2	0	1
2633	-4	8	140	90	13	his	1	156	372	-4	his	False	P	False	3	2	0	0
2634	-4	8	132	90	14	his	1	356	136	-4	his	False	P	False	3	2	0	0
2635	-4	8	131	90	15	his	1	424	200	-4	his	False	P	False	3	2	0	0
2639	-4	8	187	90	19	his	1	220	0	-4	his	False	P	False	3	2	0	1
2643	-4	8	197	90	23	his	1	272	604	-4	his	False	P	False	3	2	0	0
2646	-4	8	123	90	27	his	1	292	148	-4	his	False	P	False	3	2	0	0
2647	-4	8	96	90	28	his	1	364	512	-4	his	False	P	False	3	2	0	0
2650	-4	8	154	90	31	his	1	160	280	-4	his	False	P	False	3	2	0	0
2651	-4	8	62	90	32	his	1	196	236	-4	his	False	P	False	3	2	0	0
2656	-4	8	125	90	37	his	1	304	144	-4	his	False	P	False	3	2	0	0
2658	-4	8	116	90	39	his	1	520	0	-4	his	False	P	False	3	2	0	1
2662	-4	8	203	90	43	his	1	208	100	-4	his	False	P	False	3	2	0	0
2663	-4	5	193	93	1	his	1	132	204	-4	his	False	P	False	3	1	0	0
2664	-4	5	34	93	2	his	1	224	0	-4	his	False	P	False	3	1	0	1
2665	-4	5	28	93	3	his	1	212	308	-4	his	False	P	False	3	1	0	0
2667	-4	5	163	93	5	his	1	232	272	-4	his	False	P	False	3	1	0	0
2671	-4	5	1	93	9	his	1	192	108	-4	his	False	P	False	3	1	0	0
2673	-4	5	25	93	11	his	1	192	148	-4	his	False	P	False	3	1	0	0
2675	-4	5	205	93	13	his	1	152	120	-4	his	False	P	False	3	1	0	0
2678	-4	5	2	93	16	his	1	224	136	-4	his	False	P	False	3	1	0	0
2681	-4	5	110	93	19	his	1	36	300	-4	his	False	P	False	3	1	0	0
2685	-4	5	32	93	23	his	1	176	512	-4	his	False	P	False	3	1	0	0
2693	-4	5	29	93	32	his	1	244	0	-4	his	False	P	False	3	1	0	1
2694	-4	5	201	93	33	his	1	152	224	-4	his	False	P	False	3	1	0	0
2696	-4	5	109	93	35	his	1	192	200	-4	his	False	P	False	3	1	0	0
2698	-4	5	97	93	37	his	1	188	0	-4	his	False	P	False	3	1	0	1
2702	-4	5	165	93	41	his	1	140	244	-4	his	False	P	False	3	1	0	0
2705	-5	8	82	101	1	his	1	140	0	-5	his	False	P	False	3	0	0	1
2711	-5	8	77	101	7	his	1	132	188	-5	his	False	P	False	3	0	0	0
2712	-5	8	49	101	8	his	1	236	0	-5	his	False	P	False	3	0	0	1
2713	-5	8	178	101	10	his	1	272	160	-5	his	False	P	False	3	0	0	0
2714	-5	8	156	101	11	his	1	276	164	-5	his	False	P	False	3	0	0	0
2715	-5	8	155	101	12	his	1	832	0	-5	his	False	P	False	3	0	0	1
2716	-5	8	91	101	13	his	1	212	284	-5	his	False	P	False	3	0	0	0
2717	-5	8	4	101	14	his	1	140	428	-5	his	False	P	False	3	0	0	0
2719	-5	8	148	101	16	his	1	500	308	-5	his	False	P	False	3	0	0	0
2721	-5	8	35	101	18	his	1	248	412	-5	his	False	P	False	3	0	0	0
2722	-5	8	73	101	19	his	1	280	0	-5	his	False	P	False	3	0	0	1
2726	-5	8	26	101	23	his	1	168	388	-5	his	False	P	False	3	0	0	0
2727	-5	8	66	101	24	his	1	152	200	-5	his	False	P	False	3	0	0	0
2728	-5	8	169	101	25	his	1	220	136	-5	his	False	P	False	3	0	0	0
2729	-5	8	172	101	27	his	1	724	0	-5	his	False	P	False	3	0	0	1
2730	-5	8	182	101	28	his	1	304	0	-5	his	False	P	False	3	0	0	1
2732	-5	8	42	101	30	his	1	296	148	-5	his	False	P	False	3	0	0	0
2734	-5	8	127	101	32	his	1	324	596	-5	his	False	P	False	3	0	0	0
2735	-5	8	54	101	33	his	1	260	692	-5	his	False	P	False	3	0	0	0
2739	-5	8	71	101	37	his	1	240	600	-5	his	False	P	False	3	0	0	0
2740	-5	8	4	101	38	his	1	140	488	-5	his	False	P	False	3	0	0	0
2741	-5	8	53	101	39	his	1	136	132	-5	his	False	P	False	3	0	0	0
2743	-5	8	188	101	41	his	1	228	0	-5	his	False	P	False	3	0	0	1
2745	-5	8	134	101	43	his	1	220	288	-5	his	False	P	False	3	0	0	0
2748	-5	5	167	102	3	his	1	320	148	-5	his	False	P	False	3	0	0	0
2750	-5	5	57	102	5	his	1	368	0	-5	his	False	P	False	3	0	0	1
2752	-5	5	116	102	7	his	1	96	0	-5	his	False	P	False	3	0	0	1
2753	-5	5	34	102	8	his	1	464	0	-5	his	False	P	False	3	0	0	1
2756	-5	5	113	102	12	his	1	128	0	-5	his	False	P	False	3	0	0	1
2758	-5	5	125	102	14	his	1	196	184	-5	his	False	P	False	3	0	0	0
2760	-5	5	7	102	16	his	1	164	140	-5	his	False	P	False	3	0	0	0
2763	-5	5	157	102	19	his	1	188	112	-5	his	False	P	False	3	0	0	0
2764	-5	5	159	102	20	his	1	256	200	-5	his	False	P	False	3	0	0	0
2767	-5	5	202	102	23	his	1	176	360	-5	his	False	P	False	3	0	0	0
2768	-5	5	83	102	24	his	1	168	140	-5	his	False	P	False	3	0	0	0
2769	-5	5	138	102	25	his	1	120	176	-5	his	False	P	False	3	0	0	0
2770	-5	5	38	102	27	his	1	240	292	-5	his	False	P	False	3	0	0	0
2771	-5	5	92	102	28	his	1	564	292	-5	his	False	P	False	3	0	0	0
2772	-5	5	90	102	29	his	1	184	160	-5	his	False	P	False	3	0	0	0
2773	-5	5	12	102	30	his	1	440	180	-5	his	False	P	False	3	0	0	0
2774	-5	5	164	102	31	his	1	144	196	-5	his	False	P	False	3	0	0	0
2776	-5	5	189	102	33	his	1	192	168	-5	his	False	P	False	3	0	0	0
2777	-5	5	63	102	34	his	1	164	0	-5	his	False	P	False	3	0	0	1
2780	-5	5	189	102	37	his	1	284	284	-5	his	False	P	False	3	0	0	0
2781	-5	5	144	102	38	his	1	296	164	-5	his	False	P	False	3	0	0	0
2783	-5	5	150	102	40	his	1	148	128	-5	his	False	P	False	3	0	0	0
2785	-5	5	128	102	42	his	1	144	0	-5	his	False	P	False	3	0	0	1
2788	-2	8	18	102	2	his	1	148	0	-2	his	False	P	False	3	1	0	1
2790	-2	8	19	102	4	his	1	152	472	-2	his	False	P	False	3	1	0	0
2792	-2	8	179	102	6	his	1	152	140	-2	his	False	P	False	3	1	0	0
2793	-2	8	116	102	7	his	1	36	180	-2	his	False	P	False	3	1	0	0
2795	-2	8	12	102	10	his	1	248	252	-2	his	False	P	False	3	1	0	0
2798	-2	8	102	102	13	his	1	264	508	-2	his	False	P	False	3	1	0	0
2800	-2	8	194	102	15	his	1	220	172	-2	his	False	P	False	3	1	0	0
2805	-2	8	159	102	20	his	1	164	192	-2	his	False	P	False	3	1	0	0
2806	-2	8	109	102	21	his	1	136	184	-2	his	False	P	False	3	1	0	0
2808	-2	8	202	102	23	his	1	144	368	-2	his	False	P	False	3	1	0	0
2813	-2	8	90	102	29	his	1	276	152	-2	his	False	P	False	3	1	0	0
2815	-2	8	164	102	31	his	1	92	168	-2	his	False	P	False	3	1	0	0
2817	-2	8	189	102	33	his	1	180	308	-2	his	False	P	False	3	1	0	0
2818	-2	8	63	102	34	his	1	220	0	-2	his	False	P	False	3	1	0	1
2819	-2	8	191	102	35	his	1	124	0	-2	his	False	P	False	3	1	0	1
2820	-2	8	47	102	36	his	1	408	132	-2	his	False	P	False	3	1	0	0
2821	-2	8	189	102	37	his	1	128	116	-2	his	False	P	False	3	1	0	0
2823	-2	8	16	102	39	his	1	240	104	-2	his	False	P	False	3	1	0	0
2825	-2	8	77	102	41	his	1	324	328	-2	his	False	P	False	3	1	0	0
2829	-2	8	18	102	2	Paul	1	148	0	-2	paul	False	O	False	4	1	0	1
2831	-2	8	19	102	4	Paul	1	152	472	-2	paul	False	O	False	4	1	0	0
2833	-2	8	179	102	6	Paul	1	152	140	-2	paul	False	O	False	4	1	0	0
2834	-2	8	116	102	7	Paul	1	36	180	-2	paul	False	O	False	4	1	0	0
2836	-2	8	12	102	10	Paul	1	248	252	-2	paul	False	O	False	4	1	0	0
2839	-2	8	102	102	13	Paul	1	264	508	-2	paul	False	O	False	4	1	0	0
2841	-2	8	194	102	15	Paul	1	220	172	-2	paul	False	O	False	4	1	0	0
2846	-2	8	159	102	20	Paul	1	164	192	-2	paul	False	O	False	4	1	0	0
2847	-2	8	109	102	21	Paul	1	136	184	-2	paul	False	O	False	4	1	0	0
2849	-2	8	202	102	23	Paul	1	144	368	-2	paul	False	O	False	4	1	0	0
2854	-2	8	90	102	29	Paul	1	276	152	-2	paul	False	O	False	4	1	0	0
2856	-2	8	164	102	31	Paul	1	92	168	-2	paul	False	O	False	4	1	0	0
2858	-2	8	189	102	33	Paul	1	180	308	-2	paul	False	O	False	4	1	0	0
2859	-2	8	63	102	34	Paul	1	220	0	-2	paul	False	O	False	4	1	0	1
2860	-2	8	191	102	35	Paul	1	124	0	-2	paul	False	O	False	4	1	0	1
2861	-2	8	47	102	36	Paul	1	408	132	-2	paul	False	O	False	4	1	0	0
2862	-2	8	189	102	37	Paul	1	128	116	-2	paul	False	O	False	4	1	0	0
2864	-2	8	16	102	39	Paul	1	240	104	-2	paul	False	O	False	4	1	0	0
2866	-2	8	77	102	41	Paul	1	324	328	-2	paul	False	O	False	4	1	0	0
2869	-3	3	95	104	1	his	1	224	192	-3	his	False	P	False	3	0	0	0
2871	-3	3	184	104	3	his	1	200	232	-3	his	False	P	False	3	0	0	0
2875	-3	3	147	104	7	his	1	288	0	-3	his	False	P	False	3	0	0	1
2876	-3	3	98	104	8	his	1	208	0	-3	his	False	P	False	3	0	0	1
2877	-3	3	201	104	10	his	1	184	152	-3	his	False	P	False	3	0	0	0
2878	-3	3	124	104	11	his	1	180	128	-3	his	False	P	False	3	0	0	0
2879	-3	3	5	104	12	his	1	160	124	-3	his	False	P	False	3	0	0	0
2880	-3	3	101	104	13	his	1	232	164	-3	his	False	P	False	3	0	0	0
2881	-3	3	142	104	14	his	1	212	0	-3	his	False	P	False	3	0	0	1
2882	-3	3	149	104	15	his	1	132	0	-3	his	False	P	False	3	0	0	1
2883	-3	3	49	104	16	his	1	220	0	-3	his	False	P	False	3	0	0	1
2886	-3	3	113	104	19	his	1	156	112	-3	his	False	P	False	3	0	0	0
2890	-3	3	93	104	23	his	1	204	156	-3	his	False	P	False	3	0	0	0
2891	-3	3	78	104	24	his	1	152	168	-3	his	False	P	False	3	0	0	0
2892	-3	3	35	104	25	his	1	240	80	-3	his	False	P	False	3	0	0	0
2896	-3	3	27	104	30	his	1	288	212	-3	his	False	P	False	3	0	0	0
2898	-3	3	192	104	32	his	1	188	204	-3	his	False	P	False	3	0	0	0
2901	-3	3	27	104	35	his	1	164	168	-3	his	False	P	False	3	0	0	0
2903	-3	3	9	104	37	his	1	272	192	-3	his	False	P	False	3	0	0	0
2905	-3	3	22	104	39	his	1	292	432	-3	his	False	P	False	3	0	0	0
2907	-3	3	204	104	41	his	1	208	116	-3	his	False	P	False	3	0	0	0
2910	-3	3	108	106	1	his	1	212	124	-3	his	False	P	False	3	0	0	0
2911	-3	3	154	106	2	his	1	164	116	-3	his	False	P	False	3	0	0	0
2912	-3	3	177	106	3	his	1	248	180	-3	his	False	P	False	3	0	0	0
2914	-3	3	108	106	5	his	1	216	204	-3	his	False	P	False	3	0	0	0
2915	-3	3	127	106	6	his	1	124	0	-3	his	False	P	False	3	0	0	1
2916	-3	3	16	106	7	his	1	116	124	-3	his	False	P	False	3	0	0	0
2917	-3	3	113	106	8	his	1	224	0	-3	his	False	P	False	3	0	0	1
2919	-3	3	187	106	11	his	1	164	148	-3	his	False	P	False	3	0	0	0
2921	-3	3	196	106	13	his	1	184	128	-3	his	False	P	False	3	0	0	0
2924	-3	3	16	106	16	his	1	188	148	-3	his	False	P	False	3	0	0	0
2927	-3	3	2	106	19	his	1	200	104	-3	his	False	P	False	3	0	0	0
2928	-3	3	196	106	20	his	1	136	0	-3	his	False	P	False	3	0	0	1
2929	-3	3	179	106	21	his	1	128	128	-3	his	False	P	False	3	0	0	0
2931	-3	3	52	106	23	his	1	176	268	-3	his	False	P	False	3	0	0	0
2932	-3	3	137	106	24	his	1	128	112	-3	his	False	P	False	3	0	0	0
2933	-3	3	129	106	25	his	1	264	316	-3	his	False	P	False	3	0	0	0
2934	-3	3	146	106	27	his	1	232	0	-3	his	False	P	False	3	0	0	1
2935	-3	3	20	106	28	his	1	228	704	-3	his	False	P	False	3	0	0	0
2937	-3	3	2	106	30	his	1	248	0	-3	his	False	P	False	3	0	0	1
2939	-3	3	133	106	32	his	1	244	228	-3	his	False	P	False	3	0	0	0
2950	-3	3	85	106	43	his	1	224	104	-3	his	False	P	False	3	0	0	0
2951	-7	8	94	107	1	her	1	148	508	-7	her	False	O	False	3	2	0	0
2952	-7	8	104	107	2	her	1	156	172	-7	her	False	O	False	3	2	0	0
2953	-7	8	94	107	3	her	1	444	196	-7	her	False	O	False	3	2	0	0
2954	-7	8	6	107	4	her	1	172	92	-7	her	False	O	False	3	2	0	0
2955	-7	8	172	107	5	her	1	380	0	-7	her	False	O	False	3	2	0	1
2956	-7	8	123	107	6	her	1	168	0	-7	her	False	O	False	3	2	0	1
2957	-7	8	115	107	7	her	1	180	312	-7	her	False	O	False	3	2	0	0
2958	-7	8	71	107	8	her	1	192	140	-7	her	False	O	False	3	2	0	0
2959	-7	8	183	107	10	her	1	232	316	-7	her	False	O	False	3	2	0	0
2960	-7	8	154	107	11	her	1	292	444	-7	her	False	O	False	3	2	0	0
2961	-7	8	196	107	12	her	1	348	0	-7	her	False	O	False	3	2	0	1
2962	-7	8	84	107	13	her	1	560	0	-7	her	False	O	False	3	2	0	1
2963	-7	8	193	107	14	her	1	220	348	-7	her	False	O	False	3	2	0	0
2964	-7	8	199	107	15	her	1	240	0	-7	her	False	O	False	3	2	0	1
2965	-7	8	189	107	16	her	1	484	456	-7	her	False	O	False	3	2	0	0
2966	-7	8	109	107	17	her	1	404	0	-7	her	False	O	False	3	2	0	1
2967	-7	8	109	107	18	her	1	216	0	-7	her	False	O	False	3	2	0	1
2968	-7	8	120	107	19	her	1	120	312	-7	her	False	O	False	3	2	0	0
2971	-7	8	3	107	22	her	1	264	364	-7	her	False	O	False	3	2	0	0
2972	-7	8	128	107	23	her	1	172	468	-7	her	False	O	False	3	2	0	0
2973	-7	8	17	107	24	her	1	304	0	-7	her	False	O	False	3	2	0	1
2974	-7	8	64	107	25	her	1	168	212	-7	her	False	O	False	3	2	0	0
2975	-7	8	17	107	27	her	1	296	192	-7	her	False	O	False	3	2	0	0
2976	-7	8	117	107	28	her	1	368	100	-7	her	False	O	False	3	2	0	0
2977	-7	8	151	107	29	her	1	216	236	-7	her	False	O	False	3	2	0	0
2978	-7	8	142	107	30	her	1	196	232	-7	her	False	O	False	3	2	0	0
2980	-7	8	104	107	32	her	1	164	212	-7	her	False	O	False	3	2	0	0
2981	-7	8	96	107	33	her	1	272	188	-7	her	False	O	False	3	2	0	0
2983	-7	8	116	107	35	her	1	148	164	-7	her	False	O	False	3	2	0	0
2984	-7	8	194	107	36	her	1	220	0	-7	her	False	O	False	3	2	0	1
2985	-7	8	52	107	37	her	1	140	0	-7	her	False	O	False	3	2	0	1
2986	-7	8	12	107	38	her	1	220	124	-7	her	False	O	False	3	2	0	0
2987	-7	8	54	107	39	her	1	540	0	-7	her	False	O	False	3	2	0	1
2989	-7	8	13	107	41	her	1	220	280	-7	her	False	O	False	3	2	0	0
2990	-7	8	179	107	42	her	1	168	0	-7	her	False	O	False	3	2	0	1
2991	-7	8	27	107	43	her	1	556	172	-7	her	False	O	False	3	2	0	0
2998	-7	8	51	113	7	his	1	164	0	-7	his	False	P	False	3	1	0	1
2999	-7	8	181	113	8	his	1	200	200	-7	his	False	P	False	3	1	0	0
3001	-7	8	23	113	11	his	1	136	544	-7	his	False	P	False	3	1	0	0
3003	-7	8	77	113	13	his	1	240	0	-7	his	False	P	False	3	1	0	1
3006	-7	8	68	113	16	his	1	180	396	-7	his	False	P	False	3	1	0	0
3010	-7	8	201	113	20	his	1	164	0	-7	his	False	P	False	3	1	0	1
3011	-7	8	155	113	21	his	1	180	416	-7	his	False	P	False	3	1	0	0
3020	-7	8	54	113	31	his	1	132	0	-7	his	False	P	False	3	1	0	1
3022	-7	8	28	113	33	his	1	168	160	-7	his	False	P	False	3	1	0	0
3023	-7	8	117	113	34	his	1	140	304	-7	his	False	P	False	3	1	0	0
3025	-7	8	121	113	36	his	1	172	0	-7	his	False	P	False	3	1	0	1
3030	-7	8	32	113	41	his	1	176	248	-7	his	False	P	False	3	1	0	0
3031	-7	8	174	113	42	his	1	264	268	-7	his	False	P	False	3	1	0	0
3033	-5	6	79	114	1	him	1	236	360	-5	him	False	O	False	3	1	0	0
3034	-5	6	24	114	2	him	1	92	0	-5	him	False	O	False	3	1	0	1
3035	-5	6	127	114	3	him	1	284	0	-5	him	False	O	False	3	1	0	1
3036	-5	6	74	114	4	him	1	140	0	-5	him	False	O	False	3	1	0	1
3037	-5	6	121	114	5	him	1	424	0	-5	him	False	O	False	3	1	0	1
3039	-5	6	52	114	7	him	1	244	0	-5	him	False	O	False	3	1	0	1
3041	-5	6	48	114	10	him	1	160	0	-5	him	False	O	False	3	1	0	1
3042	-5	6	121	114	11	him	1	228	0	-5	him	False	O	False	3	1	0	1
3044	-5	6	161	114	13	him	1	160	0	-5	him	False	O	False	3	1	0	1
3046	-5	6	127	114	15	him	1	292	0	-5	him	False	O	False	3	1	0	1
3047	-5	6	135	114	16	him	1	348	172	-5	him	False	O	False	3	1	0	0
3050	-5	6	12	114	19	him	1	120	208	-5	him	False	O	False	3	1	0	0
3051	-5	6	147	114	20	him	1	76	0	-5	him	False	O	False	3	1	0	1
3053	-5	6	132	114	22	him	1	200	0	-5	him	False	O	False	3	1	0	1
3054	-5	6	205	114	23	him	1	220	232	-5	him	False	O	False	3	1	0	0
3055	-5	6	147	114	24	him	1	312	0	-5	him	False	O	False	3	1	0	1
3057	-5	6	67	114	27	him	1	240	304	-5	him	False	O	False	3	1	0	0
3058	-5	6	170	114	28	him	1	268	136	-5	him	False	O	False	3	1	0	0
3060	-5	6	170	114	30	him	1	320	256	-5	him	False	O	False	3	1	0	0
3061	-5	6	150	114	31	him	1	164	0	-5	him	False	O	False	3	1	0	1
3062	-5	6	135	114	32	him	1	300	0	-5	him	False	O	False	3	1	0	1
3063	-5	6	51	114	33	him	1	324	0	-5	him	False	O	False	3	1	0	1
3066	-5	6	178	114	36	him	1	216	0	-5	him	False	O	False	3	1	0	1
3067	-5	6	180	114	37	him	1	188	0	-5	him	False	O	False	3	1	0	1
3073	-5	6	147	114	43	him	1	232	180	-5	him	False	O	False	3	1	0	0
3075	-5	8	24	114	2	they	1	176	0	-5	they	False	O	True	4	2	0	1
3076	-5	8	127	114	3	they	1	168	196	-5	they	False	O	True	4	2	0	0
3077	-5	8	74	114	4	they	1	132	168	-5	they	False	O	True	4	2	0	0
3078	-5	8	121	114	5	they	1	216	216	-5	they	False	O	True	4	2	0	0
3081	-5	8	195	114	8	they	1	276	204	-5	they	False	O	True	4	2	0	0
3082	-5	8	48	114	10	they	1	160	132	-5	they	False	O	True	4	2	0	0
3083	-5	8	121	114	11	they	1	168	288	-5	they	False	O	True	4	2	0	0
3084	-5	8	128	114	12	they	1	328	0	-5	they	False	O	True	4	2	0	1
3085	-5	8	161	114	13	they	1	236	180	-5	they	False	O	True	4	2	0	0
3086	-5	8	76	114	14	they	1	304	0	-5	they	False	O	True	4	2	0	1
3088	-5	8	135	114	16	they	1	216	268	-5	they	False	O	True	4	2	0	0
3089	-5	8	6	114	17	they	1	192	0	-5	they	False	O	True	4	2	0	1
3090	-5	8	158	114	18	they	1	212	348	-5	they	False	O	True	4	2	0	0
3091	-5	8	12	114	19	they	1	168	0	-5	they	False	O	True	4	2	0	1
3092	-5	8	147	114	20	they	1	200	140	-5	they	False	O	True	4	2	0	0
3093	-5	8	33	114	21	they	1	132	0	-5	they	False	O	True	4	2	0	1
3094	-5	8	132	114	22	they	1	252	212	-5	they	False	O	True	4	2	0	0
3095	-5	8	205	114	23	they	1	292	0	-5	they	False	O	True	4	2	0	1
3096	-5	8	147	114	24	they	1	136	184	-5	they	False	O	True	4	2	0	0
3097	-5	8	101	114	25	they	1	204	152	-5	they	False	O	True	4	2	0	0
3098	-5	8	67	114	27	they	1	208	212	-5	they	False	O	True	4	2	0	0
3100	-5	8	167	114	29	they	1	208	0	-5	they	False	O	True	4	2	0	1
3101	-5	8	170	114	30	they	1	132	324	-5	they	False	O	True	4	2	0	0
3103	-5	8	135	114	32	they	1	256	352	-5	they	False	O	True	4	2	0	0
3104	-5	8	51	114	33	they	1	288	200	-5	they	False	O	True	4	2	0	0
3105	-5	8	11	114	34	they	1	316	224	-5	they	False	O	True	4	2	0	0
3106	-5	8	23	114	35	they	1	180	172	-5	they	False	O	True	4	2	0	0
3108	-5	8	180	114	37	they	1	320	144	-5	they	False	O	True	4	2	0	0
3109	-5	8	100	114	38	they	1	200	0	-5	they	False	O	True	4	2	0	1
3110	-5	8	3	114	39	they	1	136	0	-5	they	False	O	True	4	2	0	1
3111	-5	8	135	114	40	they	1	140	0	-5	they	False	O	True	4	2	0	1
3112	-5	8	103	114	41	they	1	192	252	-5	they	False	O	True	4	2	0	0
3115	-3	8	71	116	1	his	1	168	496	-3	his	False	P	False	3	0	0	0
3120	-3	8	73	116	6	his	1	188	0	-3	his	False	P	False	3	0	0	1
3122	-3	8	184	116	8	his	1	144	352	-3	his	False	P	False	3	0	0	0
3123	-3	8	121	116	10	his	1	76	204	-3	his	False	P	False	3	0	0	0
3128	-3	8	43	116	15	his	1	184	320	-3	his	False	P	False	3	0	0	0
3129	-3	8	145	116	16	his	1	140	184	-3	his	False	P	False	3	0	0	0
3142	-3	8	49	116	30	his	1	164	216	-3	his	False	P	False	3	0	0	0
3143	-3	8	197	116	31	his	1	136	0	-3	his	False	P	False	3	0	0	1
3147	-3	8	79	116	35	his	1	164	164	-3	his	False	P	False	3	0	0	0
3151	-3	8	59	116	39	his	1	116	196	-3	his	False	P	False	3	0	0	0
3153	-3	8	89	116	41	his	1	148	196	-3	his	False	P	False	3	0	0	0
3157	-3	5	46	117	2	his	1	144	56	-3	his	False	P	False	3	0	0	0
3158	-3	5	178	117	3	his	1	200	280	-3	his	False	P	False	3	0	0	0
3159	-3	5	154	117	4	his	1	344	0	-3	his	False	P	False	3	0	0	1
3160	-3	5	187	117	5	his	1	228	184	-3	his	False	P	False	3	0	0	0
3163	-3	5	168	117	8	his	1	200	128	-3	his	False	P	False	3	0	0	0
3164	-3	5	143	117	10	his	1	128	152	-3	his	False	P	False	3	0	0	0
3165	-3	5	117	117	11	his	1	140	140	-3	his	False	P	False	3	0	0	0
3166	-3	5	110	117	12	his	1	168	0	-3	his	False	P	False	3	0	0	1
3167	-3	5	36	117	13	his	1	240	188	-3	his	False	P	False	3	0	0	0
3170	-3	5	205	117	16	his	1	236	192	-3	his	False	P	False	3	0	0	0
3172	-3	5	159	117	19	his	1	236	144	-3	his	False	P	False	3	0	0	0
3175	-3	5	135	117	22	his	1	156	148	-3	his	False	P	False	3	0	0	0
3176	-3	5	183	117	23	his	1	144	224	-3	his	False	P	False	3	0	0	0
3177	-3	5	5	117	24	his	1	308	0	-3	his	False	P	False	3	0	0	1
3178	-3	5	47	117	25	his	1	212	156	-3	his	False	P	False	3	0	0	0
3179	-3	5	78	117	27	his	1	232	0	-3	his	False	P	False	3	0	0	1
3180	-3	5	37	117	28	his	1	164	0	-3	his	False	P	False	3	0	0	1
3182	-3	5	71	117	30	his	1	384	40	-3	his	False	P	False	3	0	0	0
3184	-3	5	80	117	32	his	1	368	0	-3	his	False	P	False	3	0	0	1
3186	-3	5	8	117	34	his	1	148	0	-3	his	False	P	False	3	0	0	1
3188	-3	5	16	117	36	his	1	172	0	-3	his	False	P	False	3	0	0	1
3189	-3	5	107	117	37	his	1	152	192	-3	his	False	P	False	3	0	0	0
3193	-3	5	108	117	41	his	1	320	112	-3	his	False	P	False	3	0	0	0
3195	-3	5	66	117	43	his	1	164	0	-3	his	False	P	False	3	0	0	1
3196	-2	8	48	117	1	she	1	164	180	-2	she	False	O	False	3	1	0	0
3198	-2	8	178	117	3	she	1	208	108	-2	she	False	O	False	3	1	0	0
3204	-2	8	143	117	10	she	1	56	180	-2	she	False	O	False	3	1	0	0
3208	-2	8	26	117	14	she	1	148	0	-2	she	False	O	False	3	1	0	1
3210	-2	8	205	117	16	she	1	128	92	-2	she	False	O	False	3	1	0	0
3212	-2	8	159	117	19	she	1	188	0	-2	she	False	O	False	3	1	0	1
3213	-2	8	100	117	20	she	1	256	168	-2	she	False	O	False	3	1	0	0
3225	-2	8	26	117	33	she	1	76	212	-2	she	False	O	False	3	1	0	0
3229	-2	8	107	117	37	she	1	204	168	-2	she	False	O	False	3	1	0	0
3231	-2	8	32	117	39	she	1	112	0	-2	she	False	O	False	3	1	0	1
3236	-7	8	88	118	1	him	1	264	0	-7	him	False	O	False	3	1	0	1
3239	-7	8	65	118	4	him	1	196	132	-7	him	False	O	False	3	1	0	0
3241	-7	8	125	118	6	him	1	176	164	-7	him	False	O	False	3	1	0	0
3242	-7	8	180	118	7	him	1	244	356	-7	him	False	O	False	3	1	0	0
3244	-7	8	165	118	10	him	1	116	316	-7	him	False	O	False	3	1	0	0
3249	-7	8	164	118	15	him	1	144	108	-7	him	False	O	False	3	1	0	0
3251	-7	8	75	118	18	him	1	248	124	-7	him	False	O	False	3	1	0	0
3252	-7	8	194	118	19	him	1	212	176	-7	him	False	O	False	3	1	0	0
3253	-7	8	11	118	20	him	1	264	60	-7	him	False	O	False	3	1	0	0
3256	-7	8	179	118	23	him	1	60	420	-7	him	False	O	False	3	1	0	0
3259	-7	8	200	118	27	him	1	184	100	-7	him	False	O	False	3	1	0	0
3262	-7	8	162	118	30	him	1	252	568	-7	him	False	O	False	3	1	0	0
3266	-7	8	194	118	34	him	1	148	192	-7	him	False	O	False	3	1	0	0
3267	-7	8	135	118	35	him	1	148	0	-7	him	False	O	False	3	1	0	1
3269	-7	8	7	118	37	him	1	216	88	-7	him	False	O	False	3	1	0	0
3271	-7	8	99	118	39	him	1	176	0	-7	him	False	O	False	3	1	0	1
3274	-7	8	180	118	42	him	1	232	104	-7	him	False	O	False	3	1	0	0
3276	-5	5	139	119	1	his	1	196	196	-5	his	False	P	False	3	0	0	0
3278	-5	5	139	119	3	his	1	156	308	-5	his	False	P	False	3	0	0	0
3279	-5	5	196	119	4	his	1	180	272	-5	his	False	P	False	3	0	0	0
3280	-5	5	44	119	5	his	1	344	232	-5	his	False	P	False	3	0	0	0
3281	-5	5	128	119	6	his	1	212	0	-5	his	False	P	False	3	0	0	1
3282	-5	5	79	119	7	his	1	32	248	-5	his	False	P	False	3	0	0	0
3283	-5	5	122	119	8	his	1	152	140	-5	his	False	P	False	3	0	0	0
3285	-5	5	89	119	11	his	1	140	200	-5	his	False	P	False	3	0	0	0
3286	-5	5	140	119	12	his	1	136	188	-5	his	False	P	False	3	0	0	0
3287	-5	5	137	119	13	his	1	164	240	-5	his	False	P	False	3	0	0	0
3288	-5	5	175	119	14	his	1	148	444	-5	his	False	P	False	3	0	0	0
3289	-5	5	64	119	15	his	1	168	220	-5	his	False	P	False	3	0	0	0
3290	-5	5	3	119	16	his	1	208	156	-5	his	False	P	False	3	0	0	0
3293	-5	5	201	119	19	his	1	172	96	-5	his	False	P	False	3	0	0	0
3297	-5	5	140	119	23	his	1	160	292	-5	his	False	P	False	3	0	0	0
3298	-5	5	47	119	24	his	1	172	288	-5	his	False	P	False	3	0	0	0
3300	-5	5	111	119	27	his	1	240	168	-5	his	False	P	False	3	0	0	0
3301	-5	5	58	119	28	his	1	296	152	-5	his	False	P	False	3	0	0	0
3303	-5	5	178	119	30	his	1	280	472	-5	his	False	P	False	3	0	0	0
3308	-5	5	19	119	35	his	1	184	268	-5	his	False	P	False	3	0	0	0
3310	-5	5	53	119	37	his	1	180	220	-5	his	False	P	False	3	0	0	0
3311	-5	5	18	119	38	his	1	184	188	-5	his	False	P	False	3	0	0	0
3314	-5	5	143	119	41	his	1	220	188	-5	his	False	P	False	3	0	0	0
3316	-5	5	96	119	43	his	1	172	156	-5	his	False	P	False	3	0	0	0
3317	-3	9	139	119	1	his	1	132	260	-3	his	False	P	False	3	1	0	0
3323	-3	9	79	119	7	his	1	300	0	-3	his	False	P	False	3	1	0	1
3325	-3	9	62	119	10	his	1	116	132	-3	his	False	P	False	3	1	0	0
3333	-3	9	16	119	18	his	1	104	0	-3	his	False	P	False	3	1	0	1
3335	-3	9	41	119	20	his	1	144	228	-3	his	False	P	False	3	1	0	0
3336	-3	9	126	119	21	his	1	216	136	-3	his	False	P	False	3	1	0	0
3344	-3	9	178	119	30	his	1	244	504	-3	his	False	P	False	3	1	0	0
3345	-3	9	8	119	31	his	1	184	156	-3	his	False	P	False	3	1	0	0
3346	-3	9	98	119	32	his	1	184	172	-3	his	False	P	False	3	1	0	0
3347	-3	9	73	119	33	his	1	180	212	-3	his	False	P	False	3	1	0	0
3350	-3	9	7	119	36	his	1	148	292	-3	his	False	P	False	3	1	0	0
3352	-3	9	18	119	38	his	1	164	232	-3	his	False	P	False	3	1	0	0
3358	-2	9	139	119	1	Charlie	1	132	260	-2	charlie	False	O	False	7	1	0	0
3364	-2	9	79	119	7	Charlie	1	300	0	-2	charlie	False	O	False	7	1	0	1
3366	-2	9	62	119	10	Charlie	1	116	132	-2	charlie	False	O	False	7	1	0	0
3374	-2	9	16	119	18	Charlie	1	104	0	-2	charlie	False	O	False	7	1	0	1
3376	-2	9	41	119	20	Charlie	1	144	228	-2	charlie	False	O	False	7	1	0	0
3377	-2	9	126	119	21	Charlie	1	216	136	-2	charlie	False	O	False	7	1	0	0
3385	-2	9	178	119	30	Charlie	1	244	504	-2	charlie	False	O	False	7	1	0	0
3386	-2	9	8	119	31	Charlie	1	184	156	-2	charlie	False	O	False	7	1	0	0
3387	-2	9	98	119	32	Charlie	1	184	172	-2	charlie	False	O	False	7	1	0	0
3388	-2	9	73	119	33	Charlie	1	180	212	-2	charlie	False	O	False	7	1	0	0
3391	-2	9	7	119	36	Charlie	1	148	292	-2	charlie	False	O	False	7	1	0	0
3393	-2	9	18	119	38	Charlie	1	164	232	-2	charlie	False	O	False	7	1	0	0
3400	-5	6	108	123	2	he	1	164	148	-5	he	False	O	False	2	0	0	0
3406	-5	6	91	123	8	he	1	200	0	-5	he	False	O	False	2	0	0	1
3407	-5	6	24	123	9	he	1	112	208	-5	he	False	O	False	2	0	0	0
3409	-5	6	131	123	11	he	1	220	224	-5	he	False	O	False	2	0	0	0
3412	-5	6	99	123	14	he	1	236	160	-5	he	False	O	False	2	0	0	0
3414	-5	6	25	123	16	he	1	152	200	-5	he	False	O	False	2	0	0	0
3416	-5	6	106	123	18	he	1	184	0	-5	he	False	O	False	2	0	0	1
3417	-5	6	164	123	19	he	1	172	160	-5	he	False	O	False	2	0	0	0
3418	-5	6	170	123	20	he	1	128	0	-5	he	False	O	False	2	0	0	1
3419	-5	6	94	123	21	he	1	256	0	-5	he	False	O	False	2	0	0	1
3420	-5	6	72	123	22	he	1	288	284	-5	he	False	O	False	2	0	0	0
3425	-5	6	159	123	28	he	1	208	140	-5	he	False	O	False	2	0	0	0
3426	-5	6	117	123	29	he	1	264	0	-5	he	False	O	False	2	0	0	1
3427	-5	6	44	123	30	he	1	92	192	-5	he	False	O	False	2	0	0	0
3430	-5	6	24	123	33	he	1	140	136	-5	he	False	O	False	2	0	0	0
3432	-5	6	48	123	35	he	1	172	224	-5	he	False	O	False	2	0	0	0
3435	-5	6	23	123	38	he	1	280	192	-5	he	False	O	False	2	0	0	0
3437	-5	6	202	123	40	he	1	164	0	-5	he	False	O	False	2	0	0	1
3440	-5	6	12	123	43	he	1	80	160	-5	he	False	O	False	2	0	0	0
3441	-4	9	90	123	1	his	1	108	288	-4	his	False	P	False	3	1	0	0
3442	-4	9	108	123	2	his	1	204	0	-4	his	False	P	False	3	1	0	1
3447	-4	9	162	123	7	his	1	164	228	-4	his	False	P	False	3	1	0	0
3448	-4	9	91	123	8	his	1	132	308	-4	his	False	P	False	3	1	0	0
3452	-4	9	170	123	12	his	1	92	228	-4	his	False	P	False	3	1	0	0
3455	-4	9	25	123	15	his	1	152	116	-4	his	False	P	False	3	1	0	0
3456	-4	9	25	123	16	his	1	468	0	-4	his	False	P	False	3	1	0	1
3458	-4	9	106	123	18	his	1	304	0	-4	his	False	P	False	3	1	0	1
3459	-4	9	164	123	19	his	1	80	0	-4	his	False	P	False	3	1	0	1
3460	-4	9	170	123	20	his	1	188	164	-4	his	False	P	False	3	1	0	0
3462	-4	9	72	123	22	his	1	312	204	-4	his	False	P	False	3	1	0	0
3470	-4	9	113	123	31	his	1	140	208	-4	his	False	P	False	3	1	0	0
3471	-4	9	24	123	32	his	1	324	0	-4	his	False	P	False	3	1	0	1
3472	-4	9	24	123	33	his	1	364	224	-4	his	False	P	False	3	1	0	0
3473	-4	9	201	123	34	his	1	228	0	-4	his	False	P	False	3	1	0	1
3475	-4	9	55	123	36	his	1	292	224	-4	his	False	P	False	3	1	0	0
3476	-4	9	123	123	37	his	1	68	188	-4	his	False	P	False	3	1	0	0
3477	-4	9	23	123	38	his	1	240	188	-4	his	False	P	False	3	1	0	0
3481	-4	9	74	123	42	his	1	92	180	-4	his	False	P	False	3	1	0	0
3482	-4	9	12	123	43	his	1	340	240	-4	his	False	P	False	3	1	0	0
3483	-7	8	141	125	1	him	1	304	0	-7	him	False	O	False	3	0	0	1
3484	-7	8	42	125	2	him	1	172	144	-7	him	False	O	False	3	0	0	0
3485	-7	8	42	125	3	him	1	176	0	-7	him	False	O	False	3	0	0	1
3489	-7	8	87	125	7	him	1	168	0	-7	him	False	O	False	3	0	0	1
3491	-7	8	21	125	10	him	1	140	148	-7	him	False	O	False	3	0	0	0
3493	-7	8	87	125	12	him	1	176	0	-7	him	False	O	False	3	0	0	1
3494	-7	8	147	125	13	him	1	232	0	-7	him	False	O	False	3	0	0	1
3496	-7	8	95	125	15	him	1	164	0	-7	him	False	O	False	3	0	0	1
3497	-7	8	60	125	16	him	1	340	0	-7	him	False	O	False	3	0	0	1
3500	-7	8	102	125	19	him	1	436	0	-7	him	False	O	False	3	0	0	1
3501	-7	8	53	125	20	him	1	128	0	-7	him	False	O	False	3	0	0	1
3502	-7	8	76	125	21	him	1	128	0	-7	him	False	O	False	3	0	0	1
3503	-7	8	141	125	22	him	1	224	168	-7	him	False	O	False	3	0	0	0
3504	-7	8	125	125	23	him	1	192	0	-7	him	False	O	False	3	0	0	1
3506	-7	8	171	125	25	him	1	216	0	-7	him	False	O	False	3	0	0	1
3507	-7	8	51	125	27	him	1	160	0	-7	him	False	O	False	3	0	0	1
3509	-7	8	194	125	29	him	1	152	0	-7	him	False	O	False	3	0	0	1
3510	-7	8	185	125	30	him	1	180	0	-7	him	False	O	False	3	0	0	1
3511	-7	8	29	125	31	him	1	172	0	-7	him	False	O	False	3	0	0	1
3513	-7	8	77	125	33	him	1	212	0	-7	him	False	O	False	3	0	0	1
3514	-7	8	191	125	34	him	1	164	0	-7	him	False	O	False	3	0	0	1
3518	-7	8	181	125	38	him	1	164	0	-7	him	False	O	False	3	0	0	1
3519	-7	8	169	125	39	him	1	108	0	-7	him	False	O	False	3	0	0	1
3522	-7	8	97	125	42	him	1	160	0	-7	him	False	O	False	3	0	0	1
3535	-6	8	87	126	13	his	1	248	88	-6	his	False	P	False	3	0	0	0
3536	-6	8	50	126	14	his	1	156	312	-6	his	False	P	False	3	0	0	0
3538	-6	8	185	126	16	his	1	256	792	-6	his	False	P	False	3	0	0	0
3539	-6	8	124	126	17	his	1	1244	0	-6	his	False	P	False	3	0	0	1
3542	-6	8	60	126	20	his	1	228	0	-6	his	False	P	False	3	0	0	1
3549	-6	8	17	126	28	his	1	148	284	-6	his	False	P	False	3	0	0	0
3553	-6	8	2	126	32	his	1	220	424	-6	his	False	P	False	3	0	0	0
3554	-6	8	114	126	33	his	1	184	436	-6	his	False	P	False	3	0	0	0
3563	-6	8	175	126	42	his	1	148	304	-6	his	False	P	False	3	0	0	0
3565	-4	7	204	127	1	she	1	196	180	-4	she	False	O	False	3	1	0	0
3567	-4	7	116	127	3	she	1	304	252	-4	she	False	O	False	3	1	0	0
3568	-4	7	117	127	4	she	1	188	280	-4	she	False	O	False	3	1	0	0
3569	-4	7	83	127	5	she	1	196	176	-4	she	False	O	False	3	1	0	0
3571	-4	7	1	127	7	she	1	112	0	-4	she	False	O	False	3	1	0	1
3572	-4	7	192	127	8	she	1	456	200	-4	she	False	O	False	3	1	0	0
3574	-4	7	72	127	11	she	1	244	168	-4	she	False	O	False	3	1	0	0
3575	-4	7	129	127	12	she	1	144	140	-4	she	False	O	False	3	1	0	0
3576	-4	7	150	127	13	she	1	196	260	-4	she	False	O	False	3	1	0	0
3577	-4	7	24	127	14	she	1	212	416	-4	she	False	O	False	3	1	0	0
3579	-4	7	12	127	16	she	1	160	148	-4	she	False	O	False	3	1	0	0
3580	-4	7	151	127	17	she	1	268	244	-4	she	False	O	False	3	1	0	0
3581	-4	7	113	127	18	she	1	252	0	-4	she	False	O	False	3	1	0	1
3582	-4	7	138	127	19	she	1	308	248	-4	she	False	O	False	3	1	0	0
3586	-4	7	191	127	23	she	1	172	84	-4	she	False	O	False	3	1	0	0
3587	-4	7	201	127	24	she	1	236	136	-4	she	False	O	False	3	1	0	0
3589	-4	7	84	127	27	she	1	508	140	-4	she	False	O	False	3	1	0	0
3590	-4	7	15	127	28	she	1	632	156	-4	she	False	O	False	3	1	0	0
3592	-4	7	179	127	30	she	1	428	316	-4	she	False	O	False	3	1	0	0
3594	-4	7	33	127	32	she	1	116	248	-4	she	False	O	False	3	1	0	0
3595	-4	7	39	127	33	she	1	236	184	-4	she	False	O	False	3	1	0	0
3597	-4	7	171	127	35	she	1	168	196	-4	she	False	O	False	3	1	0	0
3598	-4	7	105	127	36	she	1	204	0	-4	she	False	O	False	3	1	0	1
3599	-4	7	164	127	37	she	1	152	160	-4	she	False	O	False	3	1	0	0
3603	-4	7	175	127	41	she	1	312	164	-4	she	False	O	False	3	1	0	0
3604	-4	7	169	127	42	she	1	288	184	-4	she	False	O	False	3	1	0	0
3605	-4	7	99	127	43	she	1	208	188	-4	she	False	O	False	3	1	0	0
3607	-4	6	182	129	2	he	1	120	0	-4	he	False	O	False	2	0	0	1
3608	-4	6	131	129	3	he	1	272	0	-4	he	False	O	False	2	0	0	1
3613	-4	6	85	129	8	he	1	228	200	-4	he	False	O	False	2	0	0	0
3615	-4	6	142	129	11	he	1	204	72	-4	he	False	O	False	2	0	0	0
3618	-4	6	36	129	14	he	1	144	0	-4	he	False	O	False	2	0	0	1
3619	-4	6	62	129	15	he	1	148	0	-4	he	False	O	False	2	0	0	1
3620	-4	6	67	129	16	he	1	80	0	-4	he	False	O	False	2	0	0	1
3623	-4	6	54	129	19	he	1	172	0	-4	he	False	O	False	2	0	0	1
3627	-4	6	172	129	23	he	1	148	160	-4	he	False	O	False	2	0	0	0
3628	-4	6	120	129	24	he	1	208	0	-4	he	False	O	False	2	0	0	1
3630	-4	6	89	129	27	he	1	284	0	-4	he	False	O	False	2	0	0	1
3632	-4	6	150	129	29	he	1	188	124	-4	he	False	O	False	2	0	0	0
3633	-4	6	34	129	30	he	1	440	0	-4	he	False	O	False	2	0	0	1
3635	-4	6	11	129	32	he	1	264	300	-4	he	False	O	False	2	0	0	0
3638	-4	6	155	129	35	he	1	204	0	-4	he	False	O	False	2	0	0	1
3640	-4	6	46	129	37	he	1	136	188	-4	he	False	O	False	2	0	0	0
3641	-4	6	202	129	38	he	1	220	0	-4	he	False	O	False	2	0	0	1
3644	-4	6	38	129	41	he	1	388	0	-4	he	False	O	False	2	0	0	1
3647	-3	3	130	132	1	his	1	152	192	-3	his	False	P	False	3	1	0	0
3648	-3	3	129	132	2	his	1	96	168	-3	his	False	P	False	3	1	0	0
3649	-3	3	140	132	3	his	1	316	0	-3	his	False	P	False	3	1	0	1
3654	-3	3	161	132	8	his	1	200	144	-3	his	False	P	False	3	1	0	0
3656	-3	3	8	132	11	his	1	156	232	-3	his	False	P	False	3	1	0	0
3657	-3	3	29	132	12	his	1	332	248	-3	his	False	P	False	3	1	0	0
3658	-3	3	48	132	13	his	1	176	0	-3	his	False	P	False	3	1	0	1
3660	-3	3	79	132	15	his	1	140	0	-3	his	False	P	False	3	1	0	1
3661	-3	3	69	132	16	his	1	204	188	-3	his	False	P	False	3	1	0	0
3663	-3	3	134	132	19	his	1	184	156	-3	his	False	P	False	3	1	0	0
3664	-3	3	190	132	20	his	1	172	168	-3	his	False	P	False	3	1	0	0
3666	-3	3	143	132	22	his	1	308	140	-3	his	False	P	False	3	1	0	0
3667	-3	3	6	132	23	his	1	308	364	-3	his	False	P	False	3	1	0	0
3668	-3	3	84	132	24	his	1	180	180	-3	his	False	P	False	3	1	0	0
3669	-3	3	48	132	25	his	1	152	260	-3	his	False	P	False	3	1	0	0
3671	-3	3	85	132	28	his	1	424	336	-3	his	False	P	False	3	1	0	0
3673	-3	3	136	132	30	his	1	296	68	-3	his	False	P	False	3	1	0	0
3675	-3	3	190	132	32	his	1	208	160	-3	his	False	P	False	3	1	0	0
3677	-3	3	24	132	34	his	1	196	192	-3	his	False	P	False	3	1	0	0
3678	-3	3	134	132	35	his	1	172	208	-3	his	False	P	False	3	1	0	0
3679	-3	3	24	132	36	his	1	136	0	-3	his	False	P	False	3	1	0	1
3680	-3	3	47	132	37	his	1	144	164	-3	his	False	P	False	3	1	0	0
3684	-3	3	130	132	41	his	1	276	0	-3	his	False	P	False	3	1	0	1
3686	-3	3	192	132	43	his	1	252	0	-3	his	False	P	False	3	1	0	1
3687	-3	3	175	133	1	his	1	172	160	-3	his	False	P	False	3	1	0	0
3689	-3	3	69	133	3	his	1	180	244	-3	his	False	P	False	3	1	0	0
3690	-3	3	202	133	4	his	1	160	156	-3	his	False	P	False	3	1	0	0
3691	-3	3	149	133	5	his	1	264	272	-3	his	False	P	False	3	1	0	0
3692	-3	3	167	133	6	his	1	240	120	-3	his	False	P	False	3	1	0	0
3693	-3	3	171	133	7	his	1	164	188	-3	his	False	P	False	3	1	0	0
3694	-3	3	29	133	8	his	1	204	128	-3	his	False	P	False	3	1	0	0
3695	-3	3	192	133	10	his	1	124	136	-3	his	False	P	False	3	1	0	0
3696	-3	3	107	133	11	his	1	144	288	-3	his	False	P	False	3	1	0	0
3697	-3	3	187	133	12	his	1	296	0	-3	his	False	P	False	3	1	0	1
3699	-3	3	89	133	14	his	1	248	192	-3	his	False	P	False	3	1	0	0
3701	-3	3	108	133	16	his	1	192	168	-3	his	False	P	False	3	1	0	0
3703	-3	3	203	133	19	his	1	280	152	-3	his	False	P	False	3	1	0	0
3704	-3	3	40	133	20	his	1	96	148	-3	his	False	P	False	3	1	0	0
3705	-3	3	97	133	21	his	1	216	264	-3	his	False	P	False	3	1	0	0
3707	-3	3	166	133	23	his	1	184	284	-3	his	False	P	False	3	1	0	0
3708	-3	3	37	133	24	his	1	184	180	-3	his	False	P	False	3	1	0	0
3709	-3	3	203	133	25	his	1	156	244	-3	his	False	P	False	3	1	0	0
3713	-3	3	137	133	30	his	1	480	72	-3	his	False	P	False	3	1	0	0
3715	-3	3	130	133	32	his	1	220	208	-3	his	False	P	False	3	1	0	0
3716	-3	3	112	133	33	his	1	184	148	-3	his	False	P	False	3	1	0	0
3717	-3	3	110	133	34	his	1	564	0	-3	his	False	P	False	3	1	0	1
3718	-3	3	32	133	35	his	1	188	208	-3	his	False	P	False	3	1	0	0
3719	-3	3	201	133	36	his	1	216	0	-3	his	False	P	False	3	1	0	1
3720	-3	3	29	133	37	his	1	220	256	-3	his	False	P	False	3	1	0	0
3723	-3	3	59	133	40	his	1	44	56	-3	his	False	P	False	3	1	0	0
3726	-3	3	88	133	43	his	1	160	152	-3	his	False	P	False	3	1	0	0
3727	-7	10	175	133	1	his	1	284	364	-7	his	False	P	False	3	3	0	0
3728	-7	10	156	133	2	his	1	256	0	-7	his	False	P	False	3	3	0	1
3729	-7	10	69	133	3	his	1	176	360	-7	his	False	P	False	3	3	0	0
3730	-7	10	202	133	4	his	1	188	544	-7	his	False	P	False	3	3	0	0
3731	-7	10	149	133	5	his	1	328	376	-7	his	False	P	False	3	3	0	0
3733	-7	10	171	133	7	his	1	188	64	-7	his	False	P	False	3	3	0	0
3734	-7	10	29	133	8	his	1	388	192	-7	his	False	P	False	3	3	0	0
3735	-7	10	192	133	10	his	1	168	208	-7	his	False	P	False	3	3	0	0
3736	-7	10	107	133	11	his	1	200	324	-7	his	False	P	False	3	3	0	0
3738	-7	10	194	133	13	his	1	248	428	-7	his	False	P	False	3	3	0	0
3739	-7	10	89	133	14	his	1	336	204	-7	his	False	P	False	3	3	0	0
3741	-7	10	108	133	16	his	1	284	604	-7	his	False	P	False	3	3	0	0
3742	-7	10	51	133	18	his	1	416	0	-7	his	False	P	False	3	3	0	1
3743	-7	10	203	133	19	his	1	228	0	-7	his	False	P	False	3	3	0	1
3746	-7	10	130	133	22	his	1	284	0	-7	his	False	P	False	3	3	0	1
3747	-7	10	166	133	23	his	1	160	444	-7	his	False	P	False	3	3	0	0
3749	-7	10	203	133	25	his	1	140	212	-7	his	False	P	False	3	3	0	0
3751	-7	10	80	133	28	his	1	192	644	-7	his	False	P	False	3	3	0	0
3754	-7	10	44	133	31	his	1	132	0	-7	his	False	P	False	3	3	0	1
3755	-7	10	130	133	32	his	1	256	152	-7	his	False	P	False	3	3	0	0
3760	-7	10	29	133	37	his	1	176	368	-7	his	False	P	False	3	3	0	0
3761	-7	10	204	133	38	his	1	204	376	-7	his	False	P	False	3	3	0	0
3763	-7	10	59	133	40	his	1	156	100	-7	his	False	P	False	3	3	0	0
3764	-7	10	178	133	41	his	1	256	184	-7	his	False	P	False	3	3	0	0
3765	-7	10	20	133	42	his	1	48	232	-7	his	False	P	False	3	3	0	0
3767	-3	7	175	133	1	she	1	220	404	-3	she	False	O	False	3	2	0	0
3768	-3	7	156	133	2	she	1	208	152	-3	she	False	O	False	3	2	0	0
3769	-3	7	69	133	3	she	1	200	332	-3	she	False	O	False	3	2	0	0
3770	-3	7	202	133	4	she	1	180	208	-3	she	False	O	False	3	2	0	0
3771	-3	7	149	133	5	she	1	280	324	-3	she	False	O	False	3	2	0	0
3774	-3	7	29	133	8	she	1	248	160	-3	she	False	O	False	3	2	0	0
3776	-3	7	107	133	11	she	1	124	76	-3	she	False	O	False	3	2	0	0
3777	-3	7	187	133	12	she	1	148	140	-3	she	False	O	False	3	2	0	0
3779	-3	7	89	133	14	she	1	132	212	-3	she	False	O	False	3	2	0	0
3780	-3	7	165	133	15	she	1	100	0	-3	she	False	O	False	3	2	0	1
3781	-3	7	108	133	16	she	1	360	228	-3	she	False	O	False	3	2	0	0
3783	-3	7	203	133	19	she	1	172	132	-3	she	False	O	False	3	2	0	0
3784	-3	7	40	133	20	she	1	140	0	-3	she	False	O	False	3	2	0	1
3785	-3	7	97	133	21	she	1	160	156	-3	she	False	O	False	3	2	0	0
3786	-3	7	130	133	22	she	1	184	208	-3	she	False	O	False	3	2	0	0
3787	-3	7	166	133	23	she	1	348	464	-3	she	False	O	False	3	2	0	0
3788	-3	7	37	133	24	she	1	172	232	-3	she	False	O	False	3	2	0	0
3789	-3	7	203	133	25	she	1	200	204	-3	she	False	O	False	3	2	0	0
3790	-3	7	130	133	27	she	1	304	364	-3	she	False	O	False	3	2	0	0
3791	-3	7	80	133	28	she	1	316	236	-3	she	False	O	False	3	2	0	0
3792	-3	7	66	133	29	she	1	184	204	-3	she	False	O	False	3	2	0	0
3795	-3	7	130	133	32	she	1	332	184	-3	she	False	O	False	3	2	0	0
3796	-3	7	112	133	33	she	1	180	200	-3	she	False	O	False	3	2	0	0
3797	-3	7	110	133	34	she	1	148	0	-3	she	False	O	False	3	2	0	1
3798	-3	7	32	133	35	she	1	280	228	-3	she	False	O	False	3	2	0	0
3799	-3	7	201	133	36	she	1	156	0	-3	she	False	O	False	3	2	0	1
3800	-3	7	29	133	37	she	1	288	104	-3	she	False	O	False	3	2	0	0
3804	-3	7	178	133	41	she	1	232	200	-3	she	False	O	False	3	2	0	0
3805	-3	7	20	133	42	she	1	88	156	-3	she	False	O	False	3	2	0	0
3806	-3	7	88	133	43	she	1	132	196	-3	she	False	O	False	3	2	0	0
3808	-5	6	176	135	2	he	1	224	156	-5	he	False	O	False	2	1	0	0
3809	-5	6	176	135	3	he	1	160	76	-5	he	False	O	False	2	1	0	0
3811	-5	6	61	135	5	he	1	120	0	-5	he	False	O	False	2	1	0	1
3812	-5	6	24	135	6	he	1	160	0	-5	he	False	O	False	2	1	0	1
3813	-5	6	139	135	7	he	1	204	104	-5	he	False	O	False	2	1	0	0
3816	-5	6	29	135	11	he	1	132	144	-5	he	False	O	False	2	1	0	0
3817	-5	6	193	135	12	he	1	236	272	-5	he	False	O	False	2	1	0	0
3819	-5	6	164	135	14	he	1	168	320	-5	he	False	O	False	2	1	0	0
3822	-5	6	125	135	17	he	1	168	112	-5	he	False	O	False	2	1	0	0
3825	-5	6	99	135	20	he	1	164	0	-5	he	False	O	False	2	1	0	1
3826	-5	6	11	135	21	he	1	120	136	-5	he	False	O	False	2	1	0	0
3828	-5	6	17	135	23	he	1	224	280	-5	he	False	O	False	2	1	0	0
3830	-5	6	164	135	25	he	1	176	184	-5	he	False	O	False	2	1	0	0
3834	-5	6	130	135	30	he	1	312	264	-5	he	False	O	False	2	1	0	0
3839	-5	6	172	135	35	he	1	296	184	-5	he	False	O	False	2	1	0	0
3840	-5	6	158	135	36	he	1	160	136	-5	he	False	O	False	2	1	0	0
3841	-5	6	145	135	37	he	1	124	116	-5	he	False	O	False	2	1	0	0
3842	-5	6	104	135	38	he	1	152	0	-5	he	False	O	False	2	1	0	1
3844	-5	6	50	135	40	he	1	208	260	-5	he	False	O	False	2	1	0	0
3846	-5	6	178	135	42	he	1	164	184	-5	he	False	O	False	2	1	0	0
3848	-4	4	25	136	1	he	1	172	200	-4	he	False	O	False	2	0	0	0
3850	-4	4	73	136	3	he	1	556	332	-4	he	False	O	False	2	0	0	0
3851	-4	4	27	136	4	he	1	148	0	-4	he	False	O	False	2	0	0	1
3857	-4	4	62	136	11	he	1	148	124	-4	he	False	O	False	2	0	0	0
3859	-4	4	130	136	13	he	1	196	216	-4	he	False	O	False	2	0	0	0
3862	-4	4	171	136	16	he	1	232	192	-4	he	False	O	False	2	0	0	0
3865	-4	4	141	136	19	he	1	92	168	-4	he	False	O	False	2	0	0	0
3867	-4	4	58	136	21	he	1	144	136	-4	he	False	O	False	2	0	0	0
3869	-4	4	21	136	23	he	1	304	24	-4	he	False	O	False	2	0	0	0
3870	-4	4	124	136	24	he	1	268	124	-4	he	False	O	False	2	0	0	0
3871	-4	4	185	136	25	he	1	192	168	-4	he	False	O	False	2	0	0	0
3872	-4	4	44	136	27	he	1	244	0	-4	he	False	O	False	2	0	0	1
3875	-4	4	25	136	30	he	1	252	164	-4	he	False	O	False	2	0	0	0
3878	-4	4	190	136	33	he	1	176	180	-4	he	False	O	False	2	0	0	0
3879	-4	4	199	136	34	he	1	232	156	-4	he	False	O	False	2	0	0	0
3884	-4	4	60	136	39	he	1	184	412	-4	he	False	O	False	2	0	0	0
3888	-4	4	72	136	43	he	1	92	208	-4	he	False	O	False	2	0	0	0
3889	-3	7	25	136	1	his	1	252	420	-3	his	False	P	False	3	1	0	0
3891	-3	7	73	136	3	his	1	204	220	-3	his	False	P	False	3	1	0	0
3892	-3	7	27	136	4	his	1	200	180	-3	his	False	P	False	3	1	0	0
3893	-3	7	124	136	5	his	1	96	204	-3	his	False	P	False	3	1	0	0
3896	-3	7	64	136	8	his	1	184	140	-3	his	False	P	False	3	1	0	0
3906	-3	7	141	136	19	his	1	180	196	-3	his	False	P	False	3	1	0	0
3907	-3	7	48	136	20	his	1	148	168	-3	his	False	P	False	3	1	0	0
3910	-3	7	21	136	23	his	1	180	444	-3	his	False	P	False	3	1	0	0
3913	-3	7	44	136	27	his	1	152	160	-3	his	False	P	False	3	1	0	0
3916	-3	7	25	136	30	his	1	316	376	-3	his	False	P	False	3	1	0	0
3917	-3	7	199	136	31	his	1	152	288	-3	his	False	P	False	3	1	0	0
3919	-3	7	190	136	33	his	1	284	92	-3	his	False	P	False	3	1	0	0
3921	-3	7	24	136	35	his	1	160	248	-3	his	False	P	False	3	1	0	0
3923	-3	7	117	136	37	his	1	136	136	-3	his	False	P	False	3	1	0	0
3925	-3	7	60	136	39	his	1	152	72	-3	his	False	P	False	3	1	0	0
3930	-4	6	192	137	1	his	1	132	240	-4	his	False	P	False	3	0	0	0
3931	-4	6	17	137	2	his	1	132	0	-4	his	False	P	False	3	0	0	1
3932	-4	6	6	137	3	his	1	200	440	-4	his	False	P	False	3	0	0	0
3934	-4	6	198	137	5	his	1	260	296	-4	his	False	P	False	3	0	0	0
3935	-4	6	2	137	6	his	1	164	0	-4	his	False	P	False	3	0	0	1
3937	-4	6	194	137	8	his	1	264	0	-4	his	False	P	False	3	0	0	1
3938	-4	6	120	137	10	his	1	172	132	-4	his	False	P	False	3	0	0	0
3939	-4	6	22	137	11	his	1	188	112	-4	his	False	P	False	3	0	0	0
3940	-4	6	96	137	12	his	1	176	0	-4	his	False	P	False	3	0	0	1
3941	-4	6	25	137	13	his	1	136	0	-4	his	False	P	False	3	0	0	1
3942	-4	6	103	137	14	his	1	256	132	-4	his	False	P	False	3	0	0	0
3943	-4	6	140	137	15	his	1	176	84	-4	his	False	P	False	3	0	0	0
3944	-4	6	129	137	16	his	1	216	192	-4	his	False	P	False	3	0	0	0
3945	-4	6	32	137	17	his	1	260	124	-4	his	False	P	False	3	0	0	0
3946	-4	6	149	137	18	his	1	208	0	-4	his	False	P	False	3	0	0	1
3947	-4	6	107	137	19	his	1	132	164	-4	his	False	P	False	3	0	0	0
3949	-4	6	87	137	21	his	1	132	0	-4	his	False	P	False	3	0	0	1
3950	-4	6	149	137	22	his	1	184	172	-4	his	False	P	False	3	0	0	0
3951	-4	6	136	137	23	his	1	468	208	-4	his	False	P	False	3	0	0	0
3952	-4	6	163	137	24	his	1	396	140	-4	his	False	P	False	3	0	0	0
3953	-4	6	66	137	25	his	1	200	268	-4	his	False	P	False	3	0	0	0
3954	-4	6	88	137	27	his	1	264	64	-4	his	False	P	False	3	0	0	0
3955	-4	6	38	137	28	his	1	396	168	-4	his	False	P	False	3	0	0	0
3957	-4	6	73	137	30	his	1	192	608	-4	his	False	P	False	3	0	0	0
3959	-4	6	65	137	32	his	1	212	200	-4	his	False	P	False	3	0	0	0
3960	-4	6	197	137	33	his	1	120	0	-4	his	False	P	False	3	0	0	1
3961	-4	6	130	137	34	his	1	164	172	-4	his	False	P	False	3	0	0	0
3962	-4	6	43	137	35	his	1	184	156	-4	his	False	P	False	3	0	0	0
3964	-4	6	149	137	37	his	1	320	172	-4	his	False	P	False	3	0	0	0
3966	-4	6	81	137	39	his	1	364	0	-4	his	False	P	False	3	0	0	1
3968	-4	6	184	137	41	his	1	224	0	-4	his	False	P	False	3	0	0	1
3969	-4	6	13	137	42	his	1	140	0	-4	his	False	P	False	3	0	0	1
3970	-4	6	41	137	43	his	1	172	0	-4	his	False	P	False	3	0	0	1
3971	-4	10	192	137	1	his	1	680	444	-4	his	False	P	False	3	1	0	0
3972	-4	10	17	137	2	his	1	160	128	-4	his	False	P	False	3	1	0	0
3973	-4	10	6	137	3	his	1	444	232	-4	his	False	P	False	3	1	0	0
3974	-4	10	171	137	4	his	1	172	284	-4	his	False	P	False	3	1	0	0
3976	-4	10	2	137	6	his	1	156	0	-4	his	False	P	False	3	1	0	1
3977	-4	10	109	137	7	his	1	96	164	-4	his	False	P	False	3	1	0	0
3978	-4	10	194	137	8	his	1	288	0	-4	his	False	P	False	3	1	0	1
3979	-4	10	120	137	10	his	1	92	232	-4	his	False	P	False	3	1	0	0
3981	-4	10	96	137	12	his	1	292	536	-4	his	False	P	False	3	1	0	0
3983	-4	10	103	137	14	his	1	744	0	-4	his	False	P	False	3	1	0	1
3984	-4	10	140	137	15	his	1	836	0	-4	his	False	P	False	3	1	0	1
3985	-4	10	129	137	16	his	1	424	428	-4	his	False	P	False	3	1	0	0
3988	-4	10	107	137	19	his	1	188	52	-4	his	False	P	False	3	1	0	0
3989	-4	10	199	137	20	his	1	236	132	-4	his	False	P	False	3	1	0	0
3995	-4	10	88	137	27	his	1	316	212	-4	his	False	P	False	3	1	0	0
3996	-4	10	38	137	28	his	1	152	232	-4	his	False	P	False	3	1	0	0
3997	-4	10	197	137	29	his	1	220	256	-4	his	False	P	False	3	1	0	0
3999	-4	10	47	137	31	his	1	156	160	-4	his	False	P	False	3	1	0	0
4000	-4	10	65	137	32	his	1	252	224	-4	his	False	P	False	3	1	0	0
4001	-4	10	197	137	33	his	1	324	0	-4	his	False	P	False	3	1	0	1
4002	-4	10	130	137	34	his	1	260	464	-4	his	False	P	False	3	1	0	0
4005	-4	10	149	137	37	his	1	516	104	-4	his	False	P	False	3	1	0	0
4006	-4	10	72	137	38	his	1	248	204	-4	his	False	P	False	3	1	0	0
4007	-4	10	81	137	39	his	1	232	160	-4	his	False	P	False	3	1	0	0
4008	-4	10	66	137	40	his	1	132	820	-4	his	False	P	False	3	1	0	0
4009	-4	10	184	137	41	his	1	148	204	-4	his	False	P	False	3	1	0	0
4010	-4	10	13	137	42	his	1	240	0	-4	his	False	P	False	3	1	0	1
4012	-3	7	120	138	1	her	1	224	548	-3	her	False	O	False	3	0	0	0
4014	-3	7	107	138	3	her	1	196	168	-3	her	False	O	False	3	0	0	0
4015	-3	7	165	138	4	her	1	224	256	-3	her	False	O	False	3	0	0	0
4017	-3	7	74	138	6	her	1	216	136	-3	her	False	O	False	3	0	0	0
4021	-3	7	59	138	11	her	1	160	124	-3	her	False	O	False	3	0	0	0
4022	-3	7	118	138	12	her	1	448	540	-3	her	False	O	False	3	0	0	0
4025	-3	7	201	138	15	her	1	228	0	-3	her	False	O	False	3	0	0	1
4026	-3	7	80	138	16	her	1	208	460	-3	her	False	O	False	3	0	0	0
4027	-3	7	37	138	17	her	1	132	0	-3	her	False	O	False	3	0	0	1
4028	-3	7	157	138	18	her	1	204	244	-3	her	False	O	False	3	0	0	0
4029	-3	7	24	138	19	her	1	224	312	-3	her	False	O	False	3	0	0	0
4030	-3	7	39	138	20	her	1	96	0	-3	her	False	O	False	3	0	0	1
4031	-3	7	159	138	21	her	1	168	124	-3	her	False	O	False	3	0	0	0
4032	-3	7	25	138	22	her	1	248	280	-3	her	False	O	False	3	0	0	0
4033	-3	7	89	138	23	her	1	252	384	-3	her	False	O	False	3	0	0	0
4036	-3	7	16	138	27	her	1	180	152	-3	her	False	O	False	3	0	0	0
4037	-3	7	19	138	28	her	1	268	156	-3	her	False	O	False	3	0	0	0
4039	-3	7	33	138	30	her	1	212	308	-3	her	False	O	False	3	0	0	0
4040	-3	7	99	138	31	her	1	172	0	-3	her	False	O	False	3	0	0	1
4041	-3	7	164	138	32	her	1	168	220	-3	her	False	O	False	3	0	0	0
4042	-3	7	173	138	33	her	1	336	172	-3	her	False	O	False	3	0	0	0
4043	-3	7	106	138	34	her	1	192	0	-3	her	False	O	False	3	0	0	1
4044	-3	7	138	138	35	her	1	180	0	-3	her	False	O	False	3	0	0	1
4046	-3	7	14	138	37	her	1	216	140	-3	her	False	O	False	3	0	0	0
4048	-3	7	100	138	39	her	1	76	232	-3	her	False	O	False	3	0	0	0
4051	-3	7	187	138	42	her	1	136	164	-3	her	False	O	False	3	0	0	0
4053	-8	10	120	138	1	his	1	264	396	-8	his	False	P	False	3	1	0	0
4055	-8	10	107	138	3	his	1	156	0	-8	his	False	P	False	3	1	0	1
4056	-8	10	165	138	4	his	1	196	0	-8	his	False	P	False	3	1	0	1
4057	-8	10	53	138	5	his	1	168	76	-8	his	False	P	False	3	1	0	0
4058	-8	10	74	138	6	his	1	216	192	-8	his	False	P	False	3	1	0	0
4059	-8	10	166	138	7	his	1	132	0	-8	his	False	P	False	3	1	0	1
4060	-8	10	77	138	8	his	1	536	0	-8	his	False	P	False	3	1	0	1
4061	-8	10	46	138	10	his	1	192	0	-8	his	False	P	False	3	1	0	1
4062	-8	10	59	138	11	his	1	596	292	-8	his	False	P	False	3	1	0	0
4063	-8	10	118	138	12	his	1	116	272	-8	his	False	P	False	3	1	0	0
4064	-8	10	73	138	13	his	1	196	400	-8	his	False	P	False	3	1	0	0
4065	-8	10	77	138	14	his	1	316	216	-8	his	False	P	False	3	1	0	0
4066	-8	10	201	138	15	his	1	188	124	-8	his	False	P	False	3	1	0	0
4067	-8	10	80	138	16	his	1	344	0	-8	his	False	P	False	3	1	0	1
4069	-8	10	157	138	18	his	1	392	288	-8	his	False	P	False	3	1	0	0
4070	-8	10	24	138	19	his	1	188	256	-8	his	False	P	False	3	1	0	0
4072	-8	10	159	138	21	his	1	136	304	-8	his	False	P	False	3	1	0	0
4074	-8	10	89	138	23	his	1	328	508	-8	his	False	P	False	3	1	0	0
4076	-8	10	21	138	25	his	1	168	280	-8	his	False	P	False	3	1	0	0
4077	-8	10	16	138	27	his	1	348	444	-8	his	False	P	False	3	1	0	0
4078	-8	10	19	138	28	his	1	196	372	-8	his	False	P	False	3	1	0	0
4082	-8	10	164	138	32	his	1	140	196	-8	his	False	P	False	3	1	0	0
4083	-8	10	173	138	33	his	1	164	232	-8	his	False	P	False	3	1	0	0
4087	-8	10	14	138	37	his	1	196	316	-8	his	False	P	False	3	1	0	0
4088	-8	10	27	138	38	his	1	648	0	-8	his	False	P	False	3	1	0	1
4090	-8	10	128	138	40	his	1	276	0	-8	his	False	P	False	3	1	0	1
4091	-8	10	86	138	41	his	1	236	156	-8	his	False	P	False	3	1	0	0
4092	-8	10	187	138	42	his	1	108	0	-8	his	False	P	False	3	1	0	1
4093	-8	10	124	138	43	his	1	372	252	-8	his	False	P	False	3	1	0	0
4094	-4	7	197	139	1	his	1	172	240	-4	his	False	P	False	3	0	0	0
4095	-4	7	195	139	2	his	1	184	164	-4	his	False	P	False	3	0	0	0
4097	-4	7	29	139	4	his	1	284	180	-4	his	False	P	False	3	0	0	0
4100	-4	7	174	139	7	his	1	180	0	-4	his	False	P	False	3	0	0	1
4101	-4	7	78	139	8	his	1	360	0	-4	his	False	P	False	3	0	0	1
4102	-4	7	17	139	9	his	1	120	108	-4	his	False	P	False	3	0	0	0
4107	-4	7	176	139	14	his	1	192	156	-4	his	False	P	False	3	0	0	0
4109	-4	7	196	139	16	his	1	196	460	-4	his	False	P	False	3	0	0	0
4110	-4	7	83	139	17	his	1	148	0	-4	his	False	P	False	3	0	0	1
4112	-4	7	175	139	19	his	1	128	100	-4	his	False	P	False	3	0	0	0
4116	-4	7	185	139	23	his	1	124	280	-4	his	False	P	False	3	0	0	0
4117	-4	7	166	139	24	his	1	320	128	-4	his	False	P	False	3	0	0	0
4118	-4	7	118	139	25	his	1	240	144	-4	his	False	P	False	3	0	0	0
4119	-4	7	102	139	27	his	1	152	196	-4	his	False	P	False	3	0	0	0
4120	-4	7	123	139	28	his	1	260	228	-4	his	False	P	False	3	0	0	0
4125	-4	7	47	139	33	his	1	300	116	-4	his	False	P	False	3	0	0	0
4128	-4	7	129	139	36	his	1	132	0	-4	his	False	P	False	3	0	0	1
4129	-4	7	37	139	37	his	1	156	176	-4	his	False	P	False	3	0	0	0
4130	-4	7	77	139	38	his	1	148	252	-4	his	False	P	False	3	0	0	0
4132	-4	7	42	139	40	his	1	272	132	-4	his	False	P	False	3	0	0	0
4134	-4	7	158	139	42	his	1	296	0	-4	his	False	P	False	3	0	0	1
4142	-3	10	174	139	7	his	1	180	124	-3	his	False	P	False	3	1	0	0
4144	-3	10	17	139	9	his	1	180	500	-3	his	False	P	False	3	1	0	0
4146	-3	10	82	139	11	his	1	244	296	-3	his	False	P	False	3	1	0	0
4147	-3	10	20	139	12	his	1	244	308	-3	his	False	P	False	3	1	0	0
4150	-3	10	123	139	15	his	1	824	0	-3	his	False	P	False	3	1	0	1
4151	-3	10	196	139	16	his	1	816	0	-3	his	False	P	False	3	1	0	1
4159	-3	10	166	139	24	his	1	424	0	-3	his	False	P	False	3	1	0	1
4160	-3	10	118	139	25	his	1	164	372	-3	his	False	P	False	3	1	0	0
4168	-3	10	43	139	34	his	1	420	0	-3	his	False	P	False	3	1	0	1
4169	-3	10	21	139	35	his	1	168	232	-3	his	False	P	False	3	1	0	0
4171	-3	10	37	139	37	his	1	164	80	-3	his	False	P	False	3	1	0	0
4173	-3	10	178	139	39	his	1	248	308	-3	his	False	P	False	3	1	0	0
4174	-3	10	42	139	40	his	1	132	364	-3	his	False	P	False	3	1	0	0
4176	-3	10	158	139	42	his	1	268	184	-3	his	False	P	False	3	1	0	0
4178	-5	5	85	141	1	herself	1	244	216	-5	herself	True	R	False	7	1	0	0
4179	-5	5	59	141	2	herself	1	112	0	-5	herself	True	R	False	7	1	0	1
4180	-5	5	83	141	3	herself	1	244	188	-5	herself	True	R	False	7	1	0	0
4181	-5	5	141	141	4	herself	1	208	0	-5	herself	True	R	False	7	1	0	1
4182	-5	5	186	141	5	herself	1	220	0	-5	herself	True	R	False	7	1	0	1
4183	-5	5	78	141	6	herself	1	180	0	-5	herself	True	R	False	7	1	0	1
4184	-5	5	141	141	7	herself	1	188	116	-5	herself	True	R	False	7	1	0	0
4185	-5	5	9	141	8	herself	1	188	0	-5	herself	True	R	False	7	1	0	1
4186	-5	5	26	141	9	herself	1	164	0	-5	herself	True	R	False	7	1	0	1
4187	-5	5	139	141	10	herself	1	156	148	-5	herself	True	R	False	7	1	0	0
4188	-5	5	65	141	11	herself	1	256	0	-5	herself	True	R	False	7	1	0	1
4189	-5	5	70	141	12	herself	1	104	0	-5	herself	True	R	False	7	1	0	1
4190	-5	5	121	141	13	herself	1	128	0	-5	herself	True	R	False	7	1	0	1
4191	-5	5	69	141	14	herself	1	244	0	-5	herself	True	R	False	7	1	0	1
4193	-5	5	65	141	16	herself	1	280	0	-5	herself	True	R	False	7	1	0	1
4195	-5	5	202	141	18	herself	1	156	0	-5	herself	True	R	False	7	1	0	1
4196	-5	5	68	141	19	herself	1	140	184	-5	herself	True	R	False	7	1	0	0
4197	-5	5	140	141	20	herself	1	140	0	-5	herself	True	R	False	7	1	0	1
4198	-5	5	156	141	21	herself	1	140	136	-5	herself	True	R	False	7	1	0	0
4199	-5	5	64	141	22	herself	1	292	0	-5	herself	True	R	False	7	1	0	1
4200	-5	5	73	141	23	herself	1	264	240	-5	herself	True	R	False	7	1	0	0
4201	-5	5	42	141	24	herself	1	180	0	-5	herself	True	R	False	7	1	0	1
4202	-5	5	94	141	25	herself	1	280	0	-5	herself	True	R	False	7	1	0	1
4203	-5	5	168	141	27	herself	1	184	344	-5	herself	True	R	False	7	1	0	0
4204	-5	5	69	141	28	herself	1	236	448	-5	herself	True	R	False	7	1	0	0
4205	-5	5	48	141	29	herself	1	208	0	-5	herself	True	R	False	7	1	0	1
4206	-5	5	106	141	30	herself	1	84	424	-5	herself	True	R	False	7	1	0	0
4207	-5	5	100	141	31	herself	1	148	0	-5	herself	True	R	False	7	1	0	1
4208	-5	5	197	141	32	herself	1	308	0	-5	herself	True	R	False	7	1	0	1
4210	-5	5	60	141	34	herself	1	168	0	-5	herself	True	R	False	7	1	0	1
4211	-5	5	136	141	35	herself	1	160	0	-5	herself	True	R	False	7	1	0	1
4212	-5	5	202	141	36	herself	1	196	0	-5	herself	True	R	False	7	1	0	1
4213	-5	5	186	141	37	herself	1	132	172	-5	herself	True	R	False	7	1	0	0
4214	-5	5	199	141	38	herself	1	188	0	-5	herself	True	R	False	7	1	0	1
4215	-5	5	173	141	39	herself	1	132	0	-5	herself	True	R	False	7	1	0	1
4216	-5	5	94	141	40	herself	1	24	0	-5	herself	True	R	False	7	1	0	1
4217	-5	5	10	141	41	herself	1	156	176	-5	herself	True	R	False	7	1	0	0
4218	-5	5	200	141	42	herself	1	152	132	-5	herself	True	R	False	7	1	0	0
4219	-5	5	31	141	43	herself	1	200	0	-5	herself	True	R	False	7	1	0	1
4222	-5	8	32	142	3	her	1	244	244	-5	her	False	O	False	3	1	0	0
4223	-5	8	167	142	4	her	1	212	144	-5	her	False	O	False	3	1	0	0
4224	-5	8	101	142	5	her	1	200	0	-5	her	False	O	False	3	1	0	1
4229	-5	8	129	142	11	her	1	136	140	-5	her	False	O	False	3	1	0	0
4230	-5	8	141	142	12	her	1	172	256	-5	her	False	O	False	3	1	0	0
4234	-5	8	109	142	16	her	1	192	316	-5	her	False	O	False	3	1	0	0
4238	-5	8	90	142	20	her	1	160	0	-5	her	False	O	False	3	1	0	1
4241	-5	8	131	142	23	her	1	296	316	-5	her	False	O	False	3	1	0	0
4244	-5	8	113	142	27	her	1	212	256	-5	her	False	O	False	3	1	0	0
4245	-5	8	124	142	28	her	1	204	0	-5	her	False	O	False	3	1	0	1
4246	-5	8	38	142	29	her	1	188	280	-5	her	False	O	False	3	1	0	0
4247	-5	8	157	142	30	her	1	220	312	-5	her	False	O	False	3	1	0	0
4248	-5	8	38	142	31	her	1	156	148	-5	her	False	O	False	3	1	0	0
4249	-5	8	139	142	32	her	1	192	0	-5	her	False	O	False	3	1	0	1
4252	-5	8	137	142	35	her	1	192	224	-5	her	False	O	False	3	1	0	0
4254	-5	8	16	142	37	her	1	144	188	-5	her	False	O	False	3	1	0	0
4255	-5	8	52	142	38	her	1	264	240	-5	her	False	O	False	3	1	0	0
4257	-5	8	8	142	40	her	1	232	0	-5	her	False	O	False	3	1	0	1
4258	-5	8	64	142	41	her	1	160	96	-5	her	False	O	False	3	1	0	0
4259	-5	8	189	142	42	her	1	136	0	-5	her	False	O	False	3	1	0	1
4261	-5	9	131	146	1	them	1	252	236	-5	them	False	O	True	4	2	0	0
4262	-5	9	100	146	2	them	1	312	168	-5	them	False	O	True	4	2	0	0
4263	-5	9	19	146	3	them	1	700	0	-5	them	False	O	True	4	2	0	1
4264	-5	9	176	146	4	them	1	172	184	-5	them	False	O	True	4	2	0	0
4265	-5	9	190	146	5	them	1	208	0	-5	them	False	O	True	4	2	0	1
4269	-5	9	75	146	10	them	1	400	0	-5	them	False	O	True	4	2	0	1
4270	-5	9	163	146	11	them	1	652	0	-5	them	False	O	True	4	2	0	1
4271	-5	9	18	146	12	them	1	204	0	-5	them	False	O	True	4	2	0	1
4274	-5	9	14	146	15	them	1	148	0	-5	them	False	O	True	4	2	0	1
4275	-5	9	13	146	16	them	1	228	0	-5	them	False	O	True	4	2	0	1
4276	-5	9	48	146	17	them	1	232	0	-5	them	False	O	True	4	2	0	1
4277	-5	9	10	146	18	them	1	204	0	-5	them	False	O	True	4	2	0	1
4278	-5	9	70	146	19	them	1	176	0	-5	them	False	O	True	4	2	0	1
4279	-5	9	36	146	20	them	1	160	0	-5	them	False	O	True	4	2	0	1
4280	-5	9	90	146	21	them	1	216	0	-5	them	False	O	True	4	2	0	1
4281	-5	9	133	146	22	them	1	672	0	-5	them	False	O	True	4	2	0	1
4282	-5	9	30	146	23	them	1	616	164	-5	them	False	O	True	4	2	0	0
4283	-5	9	149	146	24	them	1	152	0	-5	them	False	O	True	4	2	0	1
4284	-5	9	145	146	25	them	1	208	0	-5	them	False	O	True	4	2	0	1
4285	-5	9	11	146	27	them	1	224	0	-5	them	False	O	True	4	2	0	1
4286	-5	9	146	146	28	them	1	216	256	-5	them	False	O	True	4	2	0	0
4287	-5	9	12	146	29	them	1	236	0	-5	them	False	O	True	4	2	0	1
4288	-5	9	59	146	30	them	1	272	520	-5	them	False	O	True	4	2	0	0
4289	-5	9	70	146	31	them	1	92	0	-5	them	False	O	True	4	2	0	1
4290	-5	9	39	146	32	them	1	216	0	-5	them	False	O	True	4	2	0	1
4291	-5	9	204	146	33	them	1	776	0	-5	them	False	O	True	4	2	0	1
4292	-5	9	32	146	34	them	1	160	0	-5	them	False	O	True	4	2	0	1
4295	-5	9	129	146	37	them	1	160	176	-5	them	False	O	True	4	2	0	0
4296	-5	9	57	146	38	them	1	236	0	-5	them	False	O	True	4	2	0	1
4297	-5	9	133	146	39	them	1	140	0	-5	them	False	O	True	4	2	0	1
4298	-5	9	105	146	40	them	1	168	252	-5	them	False	O	True	4	2	0	0
4299	-5	9	114	146	41	them	1	244	0	-5	them	False	O	True	4	2	0	1
4301	-5	9	133	146	43	them	1	152	208	-5	them	False	O	True	4	2	0	0
4302	-2	8	200	150	1	he	1	336	0	-2	he	False	O	False	2	1	0	1
4304	-2	8	181	150	3	he	1	96	176	-2	he	False	O	False	2	1	0	0
4305	-2	8	39	150	4	he	1	136	164	-2	he	False	O	False	2	1	0	0
4306	-2	8	38	150	5	he	1	176	140	-2	he	False	O	False	2	1	0	0
4307	-2	8	146	150	6	he	1	168	0	-2	he	False	O	False	2	1	0	1
4310	-2	8	32	150	9	he	1	304	120	-2	he	False	O	False	2	1	0	0
4311	-2	8	15	150	10	he	1	72	172	-2	he	False	O	False	2	1	0	0
4312	-2	8	67	150	11	he	1	180	0	-2	he	False	O	False	2	1	0	1
4313	-2	8	137	150	12	he	1	288	144	-2	he	False	O	False	2	1	0	0
4315	-2	8	121	150	14	he	1	196	220	-2	he	False	O	False	2	1	0	0
4316	-2	8	38	150	15	he	1	52	144	-2	he	False	O	False	2	1	0	0
4317	-2	8	11	150	16	he	1	316	172	-2	he	False	O	False	2	1	0	0
4318	-2	8	101	150	17	he	1	148	152	-2	he	False	O	False	2	1	0	0
4319	-2	8	4	150	18	he	1	240	228	-2	he	False	O	False	2	1	0	0
4320	-2	8	131	150	19	he	1	224	88	-2	he	False	O	False	2	1	0	0
4324	-2	8	72	150	23	he	1	328	336	-2	he	False	O	False	2	1	0	0
4330	-2	8	193	150	30	he	1	304	388	-2	he	False	O	False	2	1	0	0
4332	-2	8	48	150	32	he	1	184	160	-2	he	False	O	False	2	1	0	0
4333	-2	8	133	150	33	he	1	196	144	-2	he	False	O	False	2	1	0	0
4335	-2	8	68	150	35	he	1	188	212	-2	he	False	O	False	2	1	0	0
4337	-2	8	75	150	37	he	1	316	92	-2	he	False	O	False	2	1	0	0
4338	-2	8	30	150	38	he	1	224	160	-2	he	False	O	False	2	1	0	0
4340	-2	8	28	150	40	he	1	152	172	-2	he	False	O	False	2	1	0	0
4343	-2	8	14	150	43	he	1	120	188	-2	he	False	O	False	2	1	0	0
4344	-7	11	68	154	1	his	1	208	164	-7	his	False	P	False	3	2	0	0
4346	-7	11	106	154	3	his	1	280	232	-7	his	False	P	False	3	2	0	0
4350	-7	11	70	154	7	his	1	124	108	-7	his	False	P	False	3	2	0	0
4351	-7	11	40	154	8	his	1	460	0	-7	his	False	P	False	3	2	0	1
4352	-7	11	197	154	10	his	1	344	0	-7	his	False	P	False	3	2	0	1
4353	-7	11	38	154	11	his	1	748	168	-7	his	False	P	False	3	2	0	0
4354	-7	11	124	154	12	his	1	100	0	-7	his	False	P	False	3	2	0	1
4355	-7	11	173	154	13	his	1	260	472	-7	his	False	P	False	3	2	0	0
4357	-7	11	65	154	15	his	1	696	0	-7	his	False	P	False	3	2	0	1
4358	-7	11	161	154	16	his	1	536	708	-7	his	False	P	False	3	2	0	0
4360	-7	11	195	154	18	his	1	164	252	-7	his	False	P	False	3	2	0	0
4361	-7	11	182	154	19	his	1	228	0	-7	his	False	P	False	3	2	0	1
4364	-7	11	12	154	22	his	1	1084	0	-7	his	False	P	False	3	2	0	1
4365	-7	11	154	154	23	his	1	164	188	-7	his	False	P	False	3	2	0	0
4368	-7	11	95	154	27	his	1	220	0	-7	his	False	P	False	3	2	0	1
4369	-7	11	32	154	28	his	1	324	296	-7	his	False	P	False	3	2	0	0
4370	-7	11	175	154	29	his	1	164	252	-7	his	False	P	False	3	2	0	0
4373	-7	11	37	154	32	his	1	192	216	-7	his	False	P	False	3	2	0	0
4374	-7	11	42	154	33	his	1	448	0	-7	his	False	P	False	3	2	0	1
4375	-7	11	4	154	34	his	1	192	280	-7	his	False	P	False	3	2	0	0
4376	-7	11	60	154	35	his	1	164	176	-7	his	False	P	False	3	2	0	0
4377	-7	11	28	154	36	his	1	232	164	-7	his	False	P	False	3	2	0	0
4378	-7	11	193	154	37	his	1	144	184	-7	his	False	P	False	3	2	0	0
4379	-7	11	74	154	38	his	1	276	72	-7	his	False	P	False	3	2	0	0
4381	-7	11	40	154	40	his	1	216	328	-7	his	False	P	False	3	2	0	0
4382	-7	11	8	154	41	his	1	476	0	-7	his	False	P	False	3	2	0	1
4383	-7	11	26	154	42	his	1	412	424	-7	his	False	P	False	3	2	0	0
4384	-7	11	30	154	43	his	1	564	0	-7	his	False	P	False	3	2	0	1
4385	-3	3	116	156	1	his	1	220	228	-3	his	False	P	False	3	1	0	0
4386	-3	3	39	156	2	his	1	176	0	-3	his	False	P	False	3	1	0	1
4387	-3	3	149	156	3	his	1	204	148	-3	his	False	P	False	3	1	0	0
4388	-3	3	61	156	4	his	1	224	0	-3	his	False	P	False	3	1	0	1
4390	-3	3	188	156	6	his	1	128	0	-3	his	False	P	False	3	1	0	1
4392	-3	3	76	156	8	his	1	276	128	-3	his	False	P	False	3	1	0	0
4393	-3	3	158	156	10	his	1	80	144	-3	his	False	P	False	3	1	0	0
4394	-3	3	152	156	11	his	1	224	140	-3	his	False	P	False	3	1	0	0
4395	-3	3	191	156	12	his	1	124	0	-3	his	False	P	False	3	1	0	1
4396	-3	3	40	156	13	his	1	220	0	-3	his	False	P	False	3	1	0	1
4397	-3	3	98	156	14	his	1	152	272	-3	his	False	P	False	3	1	0	0
4399	-3	3	154	156	16	his	1	184	156	-3	his	False	P	False	3	1	0	0
4400	-3	3	18	156	17	his	1	156	0	-3	his	False	P	False	3	1	0	1
4402	-3	3	127	156	19	his	1	220	0	-3	his	False	P	False	3	1	0	1
4403	-3	3	161	156	20	his	1	120	0	-3	his	False	P	False	3	1	0	1
4406	-3	3	152	156	23	his	1	212	284	-3	his	False	P	False	3	1	0	0
4407	-3	3	109	156	24	his	1	148	0	-3	his	False	P	False	3	1	0	1
4408	-3	3	39	156	25	his	1	148	328	-3	his	False	P	False	3	1	0	0
4409	-3	3	122	156	27	his	1	280	0	-3	his	False	P	False	3	1	0	1
4412	-3	3	105	156	30	his	1	264	176	-3	his	False	P	False	3	1	0	0
4413	-3	3	133	156	31	his	1	128	0	-3	his	False	P	False	3	1	0	1
4415	-3	3	31	156	33	his	1	204	120	-3	his	False	P	False	3	1	0	0
4416	-3	3	133	156	34	his	1	160	0	-3	his	False	P	False	3	1	0	1
4417	-3	3	133	156	35	his	1	176	164	-3	his	False	P	False	3	1	0	0
4419	-3	3	80	156	37	his	1	120	0	-3	his	False	P	False	3	1	0	1
4421	-3	3	179	156	39	his	1	236	232	-3	his	False	P	False	3	1	0	0
4424	-3	3	77	156	42	his	1	116	124	-3	his	False	P	False	3	1	0	0
4425	-3	3	22	156	43	his	1	192	0	-3	his	False	P	False	3	1	0	1
4426	-2	6	116	156	1	his	1	268	156	-2	his	False	P	False	3	2	0	0
4428	-2	6	149	156	3	his	1	128	268	-2	his	False	P	False	3	2	0	0
4430	-2	6	125	156	5	his	1	220	192	-2	his	False	P	False	3	2	0	0
4435	-2	6	152	156	11	his	1	140	0	-2	his	False	P	False	3	2	0	1
4440	-2	6	154	156	16	his	1	232	336	-2	his	False	P	False	3	2	0	0
4443	-2	6	127	156	19	his	1	156	132	-2	his	False	P	False	3	2	0	0
4445	-2	6	1	156	21	his	1	192	164	-2	his	False	P	False	3	2	0	0
4447	-2	6	152	156	23	his	1	108	504	-2	his	False	P	False	3	2	0	0
4448	-2	6	109	156	24	his	1	232	128	-2	his	False	P	False	3	2	0	0
4450	-2	6	122	156	27	his	1	172	228	-2	his	False	P	False	3	2	0	0
4453	-2	6	105	156	30	his	1	448	120	-2	his	False	P	False	3	2	0	0
4457	-2	6	133	156	34	his	1	208	172	-2	his	False	P	False	3	2	0	0
4458	-2	6	133	156	35	his	1	144	0	-2	his	False	P	False	3	2	0	1
4460	-2	6	80	156	37	his	1	156	188	-2	his	False	P	False	3	2	0	0
4464	-2	6	182	156	41	his	1	152	168	-2	his	False	P	False	3	2	0	0
4466	-2	6	22	156	43	his	1	200	68	-2	his	False	P	False	3	2	0	0
4467	-4	11	116	156	1	his	1	252	388	-4	his	False	P	False	3	3	0	0
4469	-4	11	149	156	3	his	1	344	148	-4	his	False	P	False	3	3	0	0
4470	-4	11	61	156	4	his	1	300	388	-4	his	False	P	False	3	3	0	0
4472	-4	11	188	156	6	his	1	148	0	-4	his	False	P	False	3	3	0	1
4474	-4	11	76	156	8	his	1	336	276	-4	his	False	P	False	3	3	0	0
4475	-4	11	158	156	10	his	1	272	192	-4	his	False	P	False	3	3	0	0
4476	-4	11	152	156	11	his	1	208	216	-4	his	False	P	False	3	3	0	0
4478	-4	11	40	156	13	his	1	204	312	-4	his	False	P	False	3	3	0	0
4479	-4	11	98	156	14	his	1	324	132	-4	his	False	P	False	3	3	0	0
4480	-4	11	107	156	15	his	1	672	0	-4	his	False	P	False	3	3	0	1
4481	-4	11	154	156	16	his	1	124	712	-4	his	False	P	False	3	3	0	0
4483	-4	11	17	156	18	his	1	200	0	-4	his	False	P	False	3	3	0	1
4484	-4	11	127	156	19	his	1	640	192	-4	his	False	P	False	3	3	0	0
4485	-4	11	161	156	20	his	1	164	180	-4	his	False	P	False	3	3	0	0
4486	-4	11	1	156	21	his	1	144	180	-4	his	False	P	False	3	3	0	0
4488	-4	11	152	156	23	his	1	200	204	-4	his	False	P	False	3	3	0	0
4489	-4	11	109	156	24	his	1	312	104	-4	his	False	P	False	3	3	0	0
4490	-4	11	39	156	25	his	1	284	312	-4	his	False	P	False	3	3	0	0
4491	-4	11	122	156	27	his	1	332	248	-4	his	False	P	False	3	3	0	0
4492	-4	11	12	156	28	his	1	328	240	-4	his	False	P	False	3	3	0	0
4493	-4	11	92	156	29	his	1	180	268	-4	his	False	P	False	3	3	0	0
4494	-4	11	105	156	30	his	1	284	368	-4	his	False	P	False	3	3	0	0
4496	-4	11	6	156	32	his	1	356	264	-4	his	False	P	False	3	3	0	0
4497	-4	11	31	156	33	his	1	180	72	-4	his	False	P	False	3	3	0	0
4498	-4	11	133	156	34	his	1	336	188	-4	his	False	P	False	3	3	0	0
4499	-4	11	133	156	35	his	1	164	128	-4	his	False	P	False	3	3	0	0
4501	-4	11	80	156	37	his	1	292	148	-4	his	False	P	False	3	3	0	0
4502	-4	11	153	156	38	his	1	188	224	-4	his	False	P	False	3	3	0	0
4503	-4	11	179	156	39	his	1	200	0	-4	his	False	P	False	3	3	0	1
4505	-4	11	182	156	41	his	1	488	0	-4	his	False	P	False	3	3	0	1
4506	-4	11	77	156	42	his	1	144	168	-4	his	False	P	False	3	3	0	0
4507	-4	11	22	156	43	his	1	612	0	-4	his	False	P	False	3	3	0	1
4508	-8	8	91	157	1	him	1	168	0	-8	him	False	O	False	3	2	0	1
4509	-8	8	22	157	2	him	1	152	0	-8	him	False	O	False	3	2	0	1
4510	-8	8	169	157	3	him	1	280	0	-8	him	False	O	False	3	2	0	1
4512	-8	8	107	157	5	him	1	176	0	-8	him	False	O	False	3	2	0	1
4514	-8	8	112	157	7	him	1	128	0	-8	him	False	O	False	3	2	0	1
4518	-8	8	116	157	12	him	1	100	0	-8	him	False	O	False	3	2	0	1
4522	-8	8	149	157	16	him	1	180	0	-8	him	False	O	False	3	2	0	1
4523	-8	8	82	157	17	him	1	84	0	-8	him	False	O	False	3	2	0	1
4524	-8	8	164	157	18	him	1	156	0	-8	him	False	O	False	3	2	0	1
4527	-8	8	141	157	21	him	1	148	0	-8	him	False	O	False	3	2	0	1
4528	-8	8	57	157	22	him	1	160	0	-8	him	False	O	False	3	2	0	1
4529	-8	8	8	157	23	him	1	248	0	-8	him	False	O	False	3	2	0	1
4530	-8	8	28	157	24	him	1	164	0	-8	him	False	O	False	3	2	0	1
4533	-8	8	18	157	28	him	1	184	180	-8	him	False	O	False	3	2	0	0
4534	-8	8	73	157	29	him	1	196	0	-8	him	False	O	False	3	2	0	1
4536	-8	8	103	157	31	him	1	180	0	-8	him	False	O	False	3	2	0	1
4537	-8	8	58	157	32	him	1	224	0	-8	him	False	O	False	3	2	0	1
4538	-8	8	5	157	33	him	1	164	0	-8	him	False	O	False	3	2	0	1
4540	-8	8	56	157	35	him	1	172	0	-8	him	False	O	False	3	2	0	1
4541	-8	8	125	157	36	him	1	180	0	-8	him	False	O	False	3	2	0	1
4542	-8	8	40	157	37	him	1	152	176	-8	him	False	O	False	3	2	0	0
4544	-8	8	24	157	39	him	1	148	0	-8	him	False	O	False	3	2	0	1
4546	-8	8	73	157	41	him	1	144	204	-8	him	False	O	False	3	2	0	0
4548	-8	8	189	157	43	him	1	144	0	-8	him	False	O	False	3	2	0	1
4552	-1	9	71	157	4	he	1	164	252	-1	he	False	O	False	2	3	0	0
4556	-1	9	108	157	8	he	1	148	240	-1	he	False	O	False	2	3	0	0
4557	-1	9	129	157	10	he	1	172	0	-1	he	False	O	False	2	3	0	1
4558	-1	9	53	157	11	he	1	148	148	-1	he	False	O	False	2	3	0	0
4560	-1	9	174	157	13	he	1	240	0	-1	he	False	O	False	2	3	0	1
4561	-1	9	23	157	14	he	1	188	0	-1	he	False	O	False	2	3	0	1
4566	-1	9	3	157	19	he	1	216	0	-1	he	False	O	False	2	3	0	1
4574	-1	9	18	157	28	he	1	180	0	-1	he	False	O	False	2	3	0	1
4576	-1	9	176	157	30	he	1	116	236	-1	he	False	O	False	2	3	0	0
4580	-1	9	171	157	34	he	1	108	0	-1	he	False	O	False	2	3	0	1
4583	-1	9	40	157	37	he	1	176	108	-1	he	False	O	False	2	3	0	0
4584	-1	9	64	157	38	he	1	228	0	-1	he	False	O	False	2	3	0	1
4586	-1	9	45	157	40	he	1	136	0	-1	he	False	O	False	2	3	0	1
4587	-1	9	73	157	41	he	1	204	108	-1	he	False	O	False	2	3	0	0
4588	-1	9	117	157	42	he	1	168	0	-1	he	False	O	False	2	3	0	1
4590	-3	3	12	158	1	his	1	252	0	-3	his	False	P	False	3	1	0	1
4591	-3	3	138	158	2	his	1	316	0	-3	his	False	P	False	3	1	0	1
4592	-3	3	198	158	3	his	1	200	112	-3	his	False	P	False	3	1	0	0
4593	-3	3	40	158	4	his	1	168	0	-3	his	False	P	False	3	1	0	1
4595	-3	3	69	158	6	his	1	124	120	-3	his	False	P	False	3	1	0	0
4596	-3	3	31	158	7	his	1	128	104	-3	his	False	P	False	3	1	0	0
4597	-3	3	123	158	8	his	1	140	0	-3	his	False	P	False	3	1	0	1
4598	-3	3	83	158	10	his	1	184	108	-3	his	False	P	False	3	1	0	0
4599	-3	3	110	158	11	his	1	160	132	-3	his	False	P	False	3	1	0	0
4600	-3	3	175	158	12	his	1	184	140	-3	his	False	P	False	3	1	0	0
4601	-3	3	94	158	13	his	1	220	176	-3	his	False	P	False	3	1	0	0
4602	-3	3	74	158	14	his	1	312	0	-3	his	False	P	False	3	1	0	1
4604	-3	3	137	158	16	his	1	324	188	-3	his	False	P	False	3	1	0	0
4606	-3	3	152	158	19	his	1	192	104	-3	his	False	P	False	3	1	0	0
4608	-3	3	158	158	21	his	1	124	140	-3	his	False	P	False	3	1	0	0
4609	-3	3	184	158	22	his	1	156	224	-3	his	False	P	False	3	1	0	0
4610	-3	3	60	158	23	his	1	172	228	-3	his	False	P	False	3	1	0	0
4611	-3	3	82	158	24	his	1	240	176	-3	his	False	P	False	3	1	0	0
4612	-3	3	189	158	25	his	1	128	148	-3	his	False	P	False	3	1	0	0
4614	-3	3	125	158	28	his	1	348	424	-3	his	False	P	False	3	1	0	0
4616	-3	3	125	158	30	his	1	340	264	-3	his	False	P	False	3	1	0	0
4617	-3	3	72	158	31	his	1	196	0	-3	his	False	P	False	3	1	0	1
4618	-3	3	17	158	32	his	1	200	124	-3	his	False	P	False	3	1	0	0
4619	-3	3	182	158	33	his	1	144	168	-3	his	False	P	False	3	1	0	0
4621	-3	3	167	158	35	his	1	164	200	-3	his	False	P	False	3	1	0	0
4623	-3	3	141	158	37	his	1	140	148	-3	his	False	P	False	3	1	0	0
4633	-2	6	40	158	4	his	1	156	212	-2	his	False	P	False	3	2	0	0
4637	-2	6	123	158	8	his	1	208	0	-2	his	False	P	False	3	2	0	1
4638	-2	6	83	158	10	his	1	324	60	-2	his	False	P	False	3	2	0	0
4640	-2	6	175	158	12	his	1	288	124	-2	his	False	P	False	3	2	0	0
4641	-2	6	94	158	13	his	1	168	340	-2	his	False	P	False	3	2	0	0
4642	-2	6	74	158	14	his	1	236	112	-2	his	False	P	False	3	2	0	0
4644	-2	6	137	158	16	his	1	200	368	-2	his	False	P	False	3	2	0	0
4645	-2	6	175	158	18	his	1	228	0	-2	his	False	P	False	3	2	0	1
4646	-2	6	152	158	19	his	1	140	196	-2	his	False	P	False	3	2	0	0
4648	-2	6	158	158	21	his	1	132	136	-2	his	False	P	False	3	2	0	0
4649	-2	6	184	158	22	his	1	204	200	-2	his	False	P	False	3	2	0	0
4650	-2	6	60	158	23	his	1	228	408	-2	his	False	P	False	3	2	0	0
4651	-2	6	82	158	24	his	1	304	144	-2	his	False	P	False	3	2	0	0
4652	-2	6	189	158	25	his	1	284	0	-2	his	False	P	False	3	2	0	1
4653	-2	6	27	158	27	his	1	328	0	-2	his	False	P	False	3	2	0	1
4654	-2	6	125	158	28	his	1	180	396	-2	his	False	P	False	3	2	0	0
4655	-2	6	33	158	29	his	1	160	136	-2	his	False	P	False	3	2	0	0
4656	-2	6	125	158	30	his	1	160	352	-2	his	False	P	False	3	2	0	0
4657	-2	6	72	158	31	his	1	148	140	-2	his	False	P	False	3	2	0	0
4658	-2	6	17	158	32	his	1	280	156	-2	his	False	P	False	3	2	0	0
4659	-2	6	182	158	33	his	1	172	32	-2	his	False	P	False	3	2	0	0
4660	-2	6	156	158	34	his	1	212	180	-2	his	False	P	False	3	2	0	0
4661	-2	6	167	158	35	his	1	160	160	-2	his	False	P	False	3	2	0	0
4662	-2	6	69	158	36	his	1	180	0	-2	his	False	P	False	3	2	0	1
4663	-2	6	141	158	37	his	1	172	144	-2	his	False	P	False	3	2	0	0
4664	-2	6	55	158	38	his	1	204	264	-2	his	False	P	False	3	2	0	0
4669	-2	6	151	158	43	his	1	120	156	-2	his	False	P	False	3	2	0	0
4670	-7	10	5	159	1	his	1	136	236	-7	his	False	P	False	3	1	0	0
4671	-7	10	117	159	2	his	1	96	164	-7	his	False	P	False	3	1	0	0
4672	-7	10	78	159	3	his	1	160	172	-7	his	False	P	False	3	1	0	0
4673	-7	10	174	159	4	his	1	96	316	-7	his	False	P	False	3	1	0	0
4674	-7	10	111	159	5	his	1	188	436	-7	his	False	P	False	3	1	0	0
4675	-7	10	64	159	6	his	1	372	0	-7	his	False	P	False	3	1	0	1
4676	-7	10	203	159	7	his	1	160	160	-7	his	False	P	False	3	1	0	0
4679	-7	10	175	159	10	his	1	168	148	-7	his	False	P	False	3	1	0	0
4680	-7	10	190	159	11	his	1	156	272	-7	his	False	P	False	3	1	0	0
4684	-7	10	172	159	15	his	1	168	0	-7	his	False	P	False	3	1	0	1
4686	-7	10	36	159	17	his	1	192	320	-7	his	False	P	False	3	1	0	0
4689	-7	10	108	159	20	his	1	128	0	-7	his	False	P	False	3	1	0	1
4690	-7	10	194	159	21	his	1	228	232	-7	his	False	P	False	3	1	0	0
4694	-7	10	96	159	25	his	1	124	316	-7	his	False	P	False	3	1	0	0
4695	-7	10	72	159	27	his	1	148	432	-7	his	False	P	False	3	1	0	0
4699	-7	10	168	159	31	his	1	172	120	-7	his	False	P	False	3	1	0	0
4702	-7	10	168	159	34	his	1	176	240	-7	his	False	P	False	3	1	0	0
4703	-7	10	97	159	35	his	1	208	160	-7	his	False	P	False	3	1	0	0
4704	-7	10	152	159	36	his	1	200	0	-7	his	False	P	False	3	1	0	1
4705	-7	10	142	159	37	his	1	164	152	-7	his	False	P	False	3	1	0	0
4707	-7	10	20	159	39	his	1	140	0	-7	his	False	P	False	3	1	0	1
4709	-7	10	159	159	41	his	1	244	236	-7	his	False	P	False	3	1	0	0
4710	-7	10	79	159	42	his	1	212	240	-7	his	False	P	False	3	1	0	0
4711	-7	10	140	159	43	his	1	176	120	-7	his	False	P	False	3	1	0	0
4712	-5	10	5	159	1	I	1	136	236	-5	i	False	O	False	1	1	0	0
4713	-5	10	117	159	2	I	1	96	164	-5	i	False	O	False	1	1	0	0
4714	-5	10	78	159	3	I	1	160	172	-5	i	False	O	False	1	1	0	0
4715	-5	10	174	159	4	I	1	96	316	-5	i	False	O	False	1	1	0	0
4716	-5	10	111	159	5	I	1	188	436	-5	i	False	O	False	1	1	0	0
4717	-5	10	64	159	6	I	1	372	0	-5	i	False	O	False	1	1	0	1
4718	-5	10	203	159	7	I	1	160	160	-5	i	False	O	False	1	1	0	0
4721	-5	10	175	159	10	I	1	168	148	-5	i	False	O	False	1	1	0	0
4722	-5	10	190	159	11	I	1	156	272	-5	i	False	O	False	1	1	0	0
4726	-5	10	172	159	15	I	1	168	0	-5	i	False	O	False	1	1	0	1
4728	-5	10	36	159	17	I	1	192	320	-5	i	False	O	False	1	1	0	0
4731	-5	10	108	159	20	I	1	128	0	-5	i	False	O	False	1	1	0	1
4732	-5	10	194	159	21	I	1	228	232	-5	i	False	O	False	1	1	0	0
4736	-5	10	96	159	25	I	1	124	316	-5	i	False	O	False	1	1	0	0
4737	-5	10	72	159	27	I	1	148	432	-5	i	False	O	False	1	1	0	0
4741	-5	10	168	159	31	I	1	172	120	-5	i	False	O	False	1	1	0	0
4744	-5	10	168	159	34	I	1	176	240	-5	i	False	O	False	1	1	0	0
4745	-5	10	97	159	35	I	1	208	160	-5	i	False	O	False	1	1	0	0
4746	-5	10	152	159	36	I	1	200	0	-5	i	False	O	False	1	1	0	1
4747	-5	10	142	159	37	I	1	164	152	-5	i	False	O	False	1	1	0	0
4749	-5	10	20	159	39	I	1	140	0	-5	i	False	O	False	1	1	0	1
4751	-5	10	159	159	41	I	1	244	236	-5	i	False	O	False	1	1	0	0
4752	-5	10	79	159	42	I	1	212	240	-5	i	False	O	False	1	1	0	0
4753	-5	10	140	159	43	I	1	176	120	-5	i	False	O	False	1	1	0	0
4756	-4	9	191	161	3	it	1	380	0	-4	it	False	O	False	2	0	0	1
4763	-4	9	18	161	10	it	1	124	0	-4	it	False	O	False	2	0	0	1
4764	-4	9	95	161	11	it	1	256	76	-4	it	False	O	False	2	0	0	0
4768	-4	9	10	161	15	it	1	124	0	-4	it	False	O	False	2	0	0	1
4769	-4	9	178	161	16	it	1	116	0	-4	it	False	O	False	2	0	0	1
4775	-4	9	127	161	23	it	1	168	360	-4	it	False	O	False	2	0	0	0
4779	-4	9	165	161	28	it	1	128	0	-4	it	False	O	False	2	0	0	1
4781	-4	9	65	161	30	it	1	204	0	-4	it	False	O	False	2	0	0	1
4785	-4	9	6	161	34	it	1	176	0	-4	it	False	O	False	2	0	0	1
4791	-4	9	199	161	40	it	1	148	0	-4	it	False	O	False	2	0	0	1
4792	-4	9	194	161	41	it	1	220	284	-4	it	False	O	False	2	0	0	0
4795	-4	8	52	162	1	his	1	248	216	-4	his	False	P	False	3	0	0	0
4797	-4	8	90	162	3	his	1	224	164	-4	his	False	P	False	3	0	0	0
4798	-4	8	175	162	4	his	1	260	132	-4	his	False	P	False	3	0	0	0
4799	-4	8	99	162	5	his	1	300	168	-4	his	False	P	False	3	0	0	0
4800	-4	8	19	162	6	his	1	144	0	-4	his	False	P	False	3	0	0	1
4801	-4	8	4	162	7	his	1	164	0	-4	his	False	P	False	3	0	0	1
4802	-4	8	183	162	8	his	1	192	156	-4	his	False	P	False	3	0	0	0
4804	-4	8	158	162	11	his	1	196	148	-4	his	False	P	False	3	0	0	0
4806	-4	8	51	162	13	his	1	200	208	-4	his	False	P	False	3	0	0	0
4807	-4	8	188	162	14	his	1	140	156	-4	his	False	P	False	3	0	0	0
4809	-4	8	183	162	16	his	1	148	160	-4	his	False	P	False	3	0	0	0
4810	-4	8	162	162	17	his	1	204	248	-4	his	False	P	False	3	0	0	0
4811	-4	8	110	162	18	his	1	220	0	-4	his	False	P	False	3	0	0	1
4812	-4	8	197	162	19	his	1	220	152	-4	his	False	P	False	3	0	0	0
4814	-4	8	128	162	21	his	1	164	320	-4	his	False	P	False	3	0	0	0
4815	-4	8	22	162	22	his	1	316	208	-4	his	False	P	False	3	0	0	0
4816	-4	8	115	162	23	his	1	272	220	-4	his	False	P	False	3	0	0	0
4818	-4	8	196	162	25	his	1	184	168	-4	his	False	P	False	3	0	0	0
4819	-4	8	150	162	27	his	1	296	424	-4	his	False	P	False	3	0	0	0
4821	-4	8	11	162	29	his	1	180	0	-4	his	False	P	False	3	0	0	1
4822	-4	8	205	162	30	his	1	696	268	-4	his	False	P	False	3	0	0	0
4823	-4	8	180	162	31	his	1	160	0	-4	his	False	P	False	3	0	0	1
4824	-4	8	124	162	32	his	1	200	248	-4	his	False	P	False	3	0	0	0
4825	-4	8	155	162	33	his	1	56	280	-4	his	False	P	False	3	0	0	0
4826	-4	8	88	162	34	his	1	200	144	-4	his	False	P	False	3	0	0	0
4828	-4	8	23	162	36	his	1	184	0	-4	his	False	P	False	3	0	0	1
4829	-4	8	3	162	37	his	1	148	276	-4	his	False	P	False	3	0	0	0
4830	-4	8	85	162	38	his	1	216	0	-4	his	False	P	False	3	0	0	1
4833	-4	8	126	162	41	his	1	284	176	-4	his	False	P	False	3	0	0	0
4834	-4	8	126	162	42	his	1	188	176	-4	his	False	P	False	3	0	0	0
4836	-3	11	52	162	1	his	1	396	628	-3	his	False	P	False	3	1	0	0
4838	-3	11	90	162	3	his	1	220	0	-3	his	False	P	False	3	1	0	1
4839	-3	11	175	162	4	his	1	192	136	-3	his	False	P	False	3	1	0	0
4842	-3	11	4	162	7	his	1	212	172	-3	his	False	P	False	3	1	0	0
4845	-3	11	158	162	11	his	1	188	168	-3	his	False	P	False	3	1	0	0
4846	-3	11	42	162	12	his	1	124	0	-3	his	False	P	False	3	1	0	1
4849	-3	11	187	162	15	his	1	256	172	-3	his	False	P	False	3	1	0	0
4850	-3	11	183	162	16	his	1	224	0	-3	his	False	P	False	3	1	0	1
4852	-3	11	110	162	18	his	1	212	316	-3	his	False	P	False	3	1	0	0
4855	-3	11	128	162	21	his	1	196	184	-3	his	False	P	False	3	1	0	0
4859	-3	11	196	162	25	his	1	196	292	-3	his	False	P	False	3	1	0	0
4860	-3	11	150	162	27	his	1	264	0	-3	his	False	P	False	3	1	0	1
4862	-3	11	11	162	29	his	1	156	100	-3	his	False	P	False	3	1	0	0
4864	-3	11	180	162	31	his	1	148	268	-3	his	False	P	False	3	1	0	0
4865	-3	11	124	162	32	his	1	248	244	-3	his	False	P	False	3	1	0	0
4866	-3	11	155	162	33	his	1	120	0	-3	his	False	P	False	3	1	0	1
4868	-3	11	75	162	35	his	1	188	172	-3	his	False	P	False	3	1	0	0
4871	-3	11	85	162	38	his	1	180	292	-3	his	False	P	False	3	1	0	0
4872	-3	11	31	162	39	his	1	212	0	-3	his	False	P	False	3	1	0	1
4876	-3	11	188	162	43	his	1	240	0	-3	his	False	P	False	3	1	0	1
4887	-4	11	24	163	12	he	1	204	312	-4	he	False	O	False	2	0	0	0
4890	-4	11	99	163	15	he	1	204	236	-4	he	False	O	False	2	0	0	0
4895	-4	11	25	163	20	he	1	196	188	-4	he	False	O	False	2	0	0	0
4896	-4	11	115	163	21	he	1	564	200	-4	he	False	O	False	2	0	0	0
4898	-4	11	111	163	23	he	1	160	520	-4	he	False	O	False	2	0	0	0
4903	-4	11	162	163	29	he	1	124	272	-4	he	False	O	False	2	0	0	0
4909	-4	11	9	163	35	he	1	200	576	-4	he	False	O	False	2	0	0	0
4915	-4	11	186	163	41	he	1	272	268	-4	he	False	O	False	2	0	0	0
4918	-6	6	185	172	1	him	1	368	0	-6	him	False	O	False	3	1	0	1
4919	-6	6	178	172	2	him	1	176	0	-6	him	False	O	False	3	1	0	1
4920	-6	6	111	172	3	him	1	168	180	-6	him	False	O	False	3	1	0	0
4925	-6	6	186	172	8	him	1	192	0	-6	him	False	O	False	3	1	0	1
4926	-6	6	172	172	10	him	1	280	0	-6	him	False	O	False	3	1	0	1
4927	-6	6	47	172	11	him	1	220	0	-6	him	False	O	False	3	1	0	1
4928	-6	6	103	172	12	him	1	124	0	-6	him	False	O	False	3	1	0	1
4931	-6	6	81	172	15	him	1	256	0	-6	him	False	O	False	3	1	0	1
4932	-6	6	153	172	16	him	1	308	0	-6	him	False	O	False	3	1	0	1
4933	-6	6	96	172	17	him	1	264	0	-6	him	False	O	False	3	1	0	1
4935	-6	6	14	172	19	him	1	200	0	-6	him	False	O	False	3	1	0	1
4936	-6	6	182	172	20	him	1	140	172	-6	him	False	O	False	3	1	0	0
4937	-6	6	197	172	21	him	1	140	148	-6	him	False	O	False	3	1	0	0
4938	-6	6	161	172	22	him	1	412	0	-6	him	False	O	False	3	1	0	1
4939	-6	6	163	172	23	him	1	380	372	-6	him	False	O	False	3	1	0	0
4940	-6	6	130	172	24	him	1	224	152	-6	him	False	O	False	3	1	0	0
4941	-6	6	143	172	25	him	1	84	0	-6	him	False	O	False	3	1	0	1
4942	-6	6	109	172	27	him	1	144	0	-6	him	False	O	False	3	1	0	1
4943	-6	6	198	172	28	him	1	364	0	-6	him	False	O	False	3	1	0	1
4944	-6	6	61	172	29	him	1	252	0	-6	him	False	O	False	3	1	0	1
4946	-6	6	77	172	31	him	1	236	0	-6	him	False	O	False	3	1	0	1
4947	-6	6	46	172	32	him	1	268	0	-6	him	False	O	False	3	1	0	1
4949	-6	6	64	172	34	him	1	164	0	-6	him	False	O	False	3	1	0	1
4950	-6	6	47	172	35	him	1	212	208	-6	him	False	O	False	3	1	0	0
4951	-6	6	64	172	36	him	1	244	0	-6	him	False	O	False	3	1	0	1
4952	-6	6	6	172	37	him	1	252	0	-6	him	False	O	False	3	1	0	1
4953	-6	6	7	172	38	him	1	188	208	-6	him	False	O	False	3	1	0	0
4955	-6	6	93	172	40	him	1	216	0	-6	him	False	O	False	3	1	0	1
4956	-6	6	93	172	41	him	1	136	148	-6	him	False	O	False	3	1	0	0
4958	-6	6	152	172	43	him	1	148	188	-6	him	False	O	False	3	1	0	0
4961	-4	4	164	173	3	he	1	304	188	-4	he	False	O	False	2	0	0	0
4965	-4	4	140	173	7	he	1	136	132	-4	he	False	O	False	2	0	0	0
4966	-4	4	154	173	8	he	1	164	140	-4	he	False	O	False	2	0	0	0
4968	-4	4	78	173	11	he	1	144	136	-4	he	False	O	False	2	0	0	0
4970	-4	4	6	173	13	he	1	204	0	-4	he	False	O	False	2	0	0	1
4972	-4	4	98	173	15	he	1	232	56	-4	he	False	O	False	2	0	0	0
4973	-4	4	51	173	16	he	1	216	812	-4	he	False	O	False	2	0	0	0
4977	-4	4	177	173	20	he	1	136	144	-4	he	False	O	False	2	0	0	0
4978	-4	4	148	173	21	he	1	152	400	-4	he	False	O	False	2	0	0	0
4980	-4	4	157	173	23	he	1	220	600	-4	he	False	O	False	2	0	0	0
4981	-4	4	121	173	24	he	1	412	452	-4	he	False	O	False	2	0	0	0
4982	-4	4	52	173	25	he	1	84	0	-4	he	False	O	False	2	0	0	1
4984	-4	4	6	173	28	he	1	28	128	-4	he	False	O	False	2	0	0	0
4986	-4	4	76	173	30	he	1	264	308	-4	he	False	O	False	2	0	0	0
4988	-4	4	101	173	32	he	1	184	224	-4	he	False	O	False	2	0	0	0
4993	-4	4	192	173	37	he	1	232	732	-4	he	False	O	False	2	0	0	0
4996	-4	4	14	173	40	he	1	216	484	-4	he	False	O	False	2	0	0	0
4999	-4	4	3	173	43	he	1	124	224	-4	he	False	O	False	2	0	0	0
5002	-6	11	164	173	3	his	1	212	0	-6	his	False	P	False	3	1	0	1
5006	-6	11	140	173	7	his	1	224	0	-6	his	False	P	False	3	1	0	1
5008	-6	11	199	173	10	his	1	200	224	-6	his	False	P	False	3	1	0	0
5010	-6	11	101	173	12	his	1	256	84	-6	his	False	P	False	3	1	0	0
5013	-6	11	98	173	15	his	1	472	0	-6	his	False	P	False	3	1	0	1
5014	-6	11	51	173	16	his	1	476	416	-6	his	False	P	False	3	1	0	0
5015	-6	11	149	173	17	his	1	336	232	-6	his	False	P	False	3	1	0	0
5017	-6	11	108	173	19	his	1	92	164	-6	his	False	P	False	3	1	0	0
5019	-6	11	148	173	21	his	1	304	172	-6	his	False	P	False	3	1	0	0
5020	-6	11	83	173	22	his	1	284	232	-6	his	False	P	False	3	1	0	0
5024	-6	11	143	173	27	his	1	244	172	-6	his	False	P	False	3	1	0	0
5025	-6	11	6	173	28	his	1	88	620	-6	his	False	P	False	3	1	0	0
5026	-6	11	196	173	29	his	1	256	196	-6	his	False	P	False	3	1	0	0
5029	-6	11	101	173	32	his	1	160	104	-6	his	False	P	False	3	1	0	0
5031	-6	11	203	173	34	his	1	500	120	-6	his	False	P	False	3	1	0	0
5033	-6	11	42	173	36	his	1	448	80	-6	his	False	P	False	3	1	0	0
5037	-6	11	14	173	40	his	1	132	360	-6	his	False	P	False	3	1	0	0
5038	-6	11	62	173	41	his	1	272	180	-6	his	False	P	False	3	1	0	0
5040	-6	11	3	173	43	his	1	288	108	-6	his	False	P	False	3	1	0	0
5041	-5	9	177	175	1	she	1	136	260	-5	she	False	O	False	3	2	0	0
5042	-5	9	135	175	2	she	1	120	0	-5	she	False	O	False	3	2	0	1
5043	-5	9	110	175	3	she	1	232	108	-5	she	False	O	False	3	2	0	0
5047	-5	9	191	175	7	she	1	64	0	-5	she	False	O	False	3	2	0	1
5048	-5	9	171	175	8	she	1	92	264	-5	she	False	O	False	3	2	0	0
5049	-5	9	162	175	10	she	1	136	0	-5	she	False	O	False	3	2	0	1
5051	-5	9	7	175	12	she	1	228	152	-5	she	False	O	False	3	2	0	0
5053	-5	9	162	175	14	she	1	384	0	-5	she	False	O	False	3	2	0	1
5054	-5	9	141	175	15	she	1	244	0	-5	she	False	O	False	3	2	0	1
5055	-5	9	53	175	16	she	1	192	0	-5	she	False	O	False	3	2	0	1
5056	-5	9	56	175	17	she	1	160	0	-5	she	False	O	False	3	2	0	1
5057	-5	9	128	175	18	she	1	208	172	-5	she	False	O	False	3	2	0	0
5058	-5	9	163	175	19	she	1	88	184	-5	she	False	O	False	3	2	0	0
5060	-5	9	54	175	21	she	1	216	148	-5	she	False	O	False	3	2	0	0
5063	-5	9	192	175	24	she	1	192	136	-5	she	False	O	False	3	2	0	0
5066	-5	9	71	175	28	she	1	280	160	-5	she	False	O	False	3	2	0	0
5068	-5	9	52	175	30	she	1	264	540	-5	she	False	O	False	3	2	0	0
5069	-5	9	106	175	31	she	1	148	0	-5	she	False	O	False	3	2	0	1
5073	-5	9	84	175	35	she	1	188	208	-5	she	False	O	False	3	2	0	0
5074	-5	9	30	175	36	she	1	196	0	-5	she	False	O	False	3	2	0	1
5075	-5	9	136	175	37	she	1	364	144	-5	she	False	O	False	3	2	0	0
5076	-5	9	71	175	38	she	1	212	240	-5	she	False	O	False	3	2	0	0
5078	-5	9	24	175	40	she	1	132	136	-5	she	False	O	False	3	2	0	0
5079	-5	9	42	175	41	she	1	204	148	-5	she	False	O	False	3	2	0	0
5080	-5	9	142	175	42	she	1	240	148	-5	she	False	O	False	3	2	0	0
5082	-2	9	7	176	1	she	1	288	348	-2	she	False	O	False	3	1	0	0
5083	-2	9	151	176	2	she	1	228	172	-2	she	False	O	False	3	1	0	0
5084	-2	9	51	176	3	she	1	356	156	-2	she	False	O	False	3	1	0	0
5085	-2	9	15	176	4	she	1	172	200	-2	she	False	O	False	3	1	0	0
5086	-2	9	63	176	5	she	1	216	208	-2	she	False	O	False	3	1	0	0
5089	-2	9	87	176	8	she	1	224	196	-2	she	False	O	False	3	1	0	0
5091	-2	9	85	176	10	she	1	128	132	-2	she	False	O	False	3	1	0	0
5093	-2	9	173	176	12	she	1	172	0	-2	she	False	O	False	3	1	0	1
5094	-2	9	203	176	13	she	1	164	168	-2	she	False	O	False	3	1	0	0
5095	-2	9	148	176	14	she	1	236	0	-2	she	False	O	False	3	1	0	1
5097	-2	9	92	176	16	she	1	360	300	-2	she	False	O	False	3	1	0	0
5098	-2	9	156	176	17	she	1	176	0	-2	she	False	O	False	3	1	0	1
5100	-2	9	84	176	19	she	1	176	156	-2	she	False	O	False	3	1	0	0
5102	-2	9	22	176	21	she	1	152	352	-2	she	False	O	False	3	1	0	0
5103	-2	9	7	176	22	she	1	196	608	-2	she	False	O	False	3	1	0	0
5104	-2	9	35	176	23	she	1	1276	192	-2	she	False	O	False	3	1	0	0
5106	-2	9	137	176	25	she	1	172	224	-2	she	False	O	False	3	1	0	0
5108	-2	9	74	176	28	she	1	408	152	-2	she	False	O	False	3	1	0	0
5111	-2	9	115	176	31	she	1	184	176	-2	she	False	O	False	3	1	0	0
5112	-2	9	108	176	32	she	1	172	508	-2	she	False	O	False	3	1	0	0
5113	-2	9	141	176	33	she	1	80	116	-2	she	False	O	False	3	1	0	0
5115	-2	9	96	176	35	she	1	168	128	-2	she	False	O	False	3	1	0	0
5117	-2	9	182	176	37	she	1	172	324	-2	she	False	O	False	3	1	0	0
5120	-2	9	31	176	40	she	1	272	184	-2	she	False	O	False	3	1	0	0
5121	-2	9	102	176	41	she	1	304	0	-2	she	False	O	False	3	1	0	1
5122	-2	9	153	176	42	she	1	180	0	-2	she	False	O	False	3	1	0	1
5123	-2	9	75	176	43	she	1	88	156	-2	she	False	O	False	3	1	0	0
5126	-8	11	51	176	3	it	1	212	204	-8	it	False	O	False	2	2	0	0
5129	-8	11	28	176	6	it	1	200	216	-8	it	False	O	False	2	2	0	0
5131	-8	11	87	176	8	it	1	184	476	-8	it	False	O	False	2	2	0	0
5135	-8	11	173	176	12	it	1	148	192	-8	it	False	O	False	2	2	0	0
5137	-8	11	148	176	14	it	1	324	124	-8	it	False	O	False	2	2	0	0
5139	-8	11	92	176	16	it	1	140	276	-8	it	False	O	False	2	2	0	0
5140	-8	11	156	176	17	it	1	188	148	-8	it	False	O	False	2	2	0	0
5150	-8	11	74	176	28	it	1	172	232	-8	it	False	O	False	2	2	0	0
5154	-8	11	108	176	32	it	1	236	384	-8	it	False	O	False	2	2	0	0
5156	-8	11	45	176	34	it	1	320	180	-8	it	False	O	False	2	2	0	0
5157	-8	11	96	176	35	it	1	168	192	-8	it	False	O	False	2	2	0	0
5159	-8	11	182	176	37	it	1	148	256	-8	it	False	O	False	2	2	0	0
5163	-8	11	102	176	41	it	1	132	172	-8	it	False	O	False	2	2	0	0
5164	-8	11	153	176	42	it	1	160	200	-8	it	False	O	False	2	2	0	0
5166	-3	3	43	183	1	her	1	300	148	-3	her	False	O	False	3	0	0	0
5167	-3	3	125	183	2	her	1	108	0	-3	her	False	O	False	3	0	0	1
5168	-3	3	194	183	3	her	1	136	300	-3	her	False	O	False	3	0	0	0
5169	-3	3	89	183	4	her	1	160	188	-3	her	False	O	False	3	0	0	0
5173	-3	3	83	183	8	her	1	164	140	-3	her	False	O	False	3	0	0	0
5175	-3	3	56	183	11	her	1	156	156	-3	her	False	O	False	3	0	0	0
5177	-3	3	62	183	13	her	1	152	0	-3	her	False	O	False	3	0	0	1
5178	-3	3	57	183	14	her	1	132	280	-3	her	False	O	False	3	0	0	0
5180	-3	3	138	183	16	her	1	352	172	-3	her	False	O	False	3	0	0	0
5181	-3	3	95	183	17	her	1	208	0	-3	her	False	O	False	3	0	0	1
5182	-3	3	47	183	18	her	1	200	136	-3	her	False	O	False	3	0	0	0
5183	-3	3	87	183	19	her	1	196	104	-3	her	False	O	False	3	0	0	0
5185	-3	3	108	183	21	her	1	72	0	-3	her	False	O	False	3	0	0	1
5186	-3	3	172	183	22	her	1	568	148	-3	her	False	O	False	3	0	0	0
5187	-3	3	71	183	23	her	1	160	340	-3	her	False	O	False	3	0	0	0
5188	-3	3	154	183	24	her	1	236	152	-3	her	False	O	False	3	0	0	0
5189	-3	3	152	183	25	her	1	152	252	-3	her	False	O	False	3	0	0	0
5190	-3	3	63	183	27	her	1	248	0	-3	her	False	O	False	3	0	0	1
5191	-3	3	109	183	28	her	1	364	292	-3	her	False	O	False	3	0	0	0
5192	-3	3	168	183	29	her	1	144	0	-3	her	False	O	False	3	0	0	1
5193	-3	3	202	183	30	her	1	312	156	-3	her	False	O	False	3	0	0	0
5194	-3	3	159	183	31	her	1	184	0	-3	her	False	O	False	3	0	0	1
5195	-3	3	204	183	32	her	1	180	180	-3	her	False	O	False	3	0	0	0
5196	-3	3	78	183	33	her	1	168	0	-3	her	False	O	False	3	0	0	1
5197	-3	3	173	183	34	her	1	176	208	-3	her	False	O	False	3	0	0	0
5200	-3	3	42	183	37	her	1	132	148	-3	her	False	O	False	3	0	0	0
5201	-3	3	111	183	38	her	1	176	244	-3	her	False	O	False	3	0	0	0
5203	-3	3	61	183	40	her	1	152	136	-3	her	False	O	False	3	0	0	0
5205	-3	3	85	183	42	her	1	236	268	-3	her	False	O	False	3	0	0	0
5206	-3	3	179	183	43	her	1	144	168	-3	her	False	O	False	3	0	0	0
5207	-7	12	36	185	1	his	1	420	616	-7	his	False	P	False	3	0	0	0
5208	-7	12	4	185	2	his	1	168	0	-7	his	False	P	False	3	0	0	1
5210	-7	12	10	185	4	his	1	204	228	-7	his	False	P	False	3	0	0	0
5211	-7	12	202	185	5	his	1	256	0	-7	his	False	P	False	3	0	0	1
5212	-7	12	158	185	6	his	1	708	0	-7	his	False	P	False	3	0	0	1
5213	-7	12	66	185	7	his	1	220	276	-7	his	False	P	False	3	0	0	0
5214	-7	12	147	185	8	his	1	476	0	-7	his	False	P	False	3	0	0	1
5215	-7	12	200	185	10	his	1	220	212	-7	his	False	P	False	3	0	0	0
5216	-7	12	34	185	11	his	1	256	196	-7	his	False	P	False	3	0	0	0
5218	-7	12	188	185	13	his	1	184	456	-7	his	False	P	False	3	0	0	0
5219	-7	12	92	185	14	his	1	232	244	-7	his	False	P	False	3	0	0	0
5220	-7	12	86	185	15	his	1	760	0	-7	his	False	P	False	3	0	0	1
5221	-7	12	184	185	16	his	1	400	0	-7	his	False	P	False	3	0	0	1
5223	-7	12	52	185	18	his	1	224	168	-7	his	False	P	False	3	0	0	0
5224	-7	12	198	185	19	his	1	208	228	-7	his	False	P	False	3	0	0	0
5228	-7	12	181	185	23	his	1	144	472	-7	his	False	P	False	3	0	0	0
5230	-7	12	16	185	25	his	1	168	244	-7	his	False	P	False	3	0	0	0
5231	-7	12	160	185	27	his	1	224	192	-7	his	False	P	False	3	0	0	0
5233	-7	12	180	185	29	his	1	216	208	-7	his	False	P	False	3	0	0	0
5234	-7	12	103	185	30	his	1	496	584	-7	his	False	P	False	3	0	0	0
5235	-7	12	13	185	31	his	1	204	560	-7	his	False	P	False	3	0	0	0
5236	-7	12	126	185	32	his	1	208	136	-7	his	False	P	False	3	0	0	0
5237	-7	12	1	185	33	his	1	188	232	-7	his	False	P	False	3	0	0	0
5240	-7	12	32	185	36	his	1	180	0	-7	his	False	P	False	3	0	0	1
5241	-7	12	137	185	37	his	1	208	156	-7	his	False	P	False	3	0	0	0
5243	-7	12	138	185	39	his	1	172	148	-7	his	False	P	False	3	0	0	0
5245	-7	12	181	185	41	his	1	192	372	-7	his	False	P	False	3	0	0	0
5247	-7	12	69	185	43	his	1	552	0	-7	his	False	P	False	3	0	0	1
5251	-5	9	133	187	4	he	1	132	288	-5	he	False	O	False	2	1	0	0
5254	-5	9	205	187	7	he	1	148	116	-5	he	False	O	False	2	1	0	0
5255	-5	9	115	187	8	he	1	176	152	-5	he	False	O	False	2	1	0	0
5259	-5	9	182	187	13	he	1	196	176	-5	he	False	O	False	2	1	0	0
5260	-5	9	63	187	14	he	1	176	208	-5	he	False	O	False	2	1	0	0
5262	-5	9	112	187	16	he	1	252	160	-5	he	False	O	False	2	1	0	0
5269	-5	9	189	187	23	he	1	216	312	-5	he	False	O	False	2	1	0	0
5277	-5	9	49	187	32	he	1	240	420	-5	he	False	O	False	2	1	0	0
5282	-5	9	202	187	37	he	1	148	140	-5	he	False	O	False	2	1	0	0
5286	-5	9	94	187	41	he	1	180	252	-5	he	False	O	False	2	1	0	0
5287	-5	9	36	187	42	he	1	152	0	-5	he	False	O	False	2	1	0	1
5297	-6	12	190	187	10	it	1	192	580	-6	it	False	O	False	2	2	0	0
5302	-6	12	90	187	15	it	1	952	0	-6	it	False	O	False	2	2	0	1
5303	-6	12	112	187	16	it	1	172	544	-6	it	False	O	False	2	2	0	0
5307	-6	12	8	187	20	it	1	152	252	-6	it	False	O	False	2	2	0	0
5310	-6	12	189	187	23	it	1	344	408	-6	it	False	O	False	2	2	0	0
5312	-6	12	132	187	25	it	1	252	72	-6	it	False	O	False	2	2	0	0
5314	-6	12	108	187	28	it	1	184	0	-6	it	False	O	False	2	2	0	1
5325	-6	12	73	187	39	it	1	528	0	-6	it	False	O	False	2	2	0	1
5328	-6	12	36	187	42	it	1	264	0	-6	it	False	O	False	2	2	0	1
5330	-5	6	84	188	1	he	1	276	304	-5	he	False	O	False	2	1	0	0
5331	-5	6	153	188	2	he	1	140	152	-5	he	False	O	False	2	1	0	0
5332	-5	6	205	188	3	he	1	172	280	-5	he	False	O	False	2	1	0	0
5334	-5	6	147	188	5	he	1	320	0	-5	he	False	O	False	2	1	0	1
5337	-5	6	163	188	8	he	1	348	0	-5	he	False	O	False	2	1	0	1
5340	-5	6	100	188	12	he	1	172	172	-5	he	False	O	False	2	1	0	0
5342	-5	6	3	188	14	he	1	172	228	-5	he	False	O	False	2	1	0	0
5343	-5	6	161	188	15	he	1	208	0	-5	he	False	O	False	2	1	0	1
5345	-5	6	152	188	17	he	1	264	160	-5	he	False	O	False	2	1	0	0
5350	-5	6	147	188	22	he	1	216	148	-5	he	False	O	False	2	1	0	0
5354	-5	6	202	188	27	he	1	232	184	-5	he	False	O	False	2	1	0	0
5356	-5	6	87	188	29	he	1	172	0	-5	he	False	O	False	2	1	0	1
5358	-5	6	14	188	31	he	1	112	0	-5	he	False	O	False	2	1	0	1
5359	-5	6	111	188	32	he	1	184	188	-5	he	False	O	False	2	1	0	0
5360	-5	6	161	188	33	he	1	172	96	-5	he	False	O	False	2	1	0	0
5363	-5	6	197	188	36	he	1	212	0	-5	he	False	O	False	2	1	0	1
5364	-5	6	199	188	37	he	1	268	200	-5	he	False	O	False	2	1	0	0
5367	-5	6	57	188	40	he	1	140	228	-5	he	False	O	False	2	1	0	0
5369	-5	6	67	188	42	he	1	164	148	-5	he	False	O	False	2	1	0	0
5370	-5	6	9	188	43	he	1	168	132	-5	he	False	O	False	2	1	0	0
5371	-5	8	184	190	1	he	1	180	412	-5	he	False	O	False	2	1	0	0
5373	-5	8	60	190	3	he	1	164	504	-5	he	False	O	False	2	1	0	0
5374	-5	8	109	190	4	he	1	144	164	-5	he	False	O	False	2	1	0	0
5379	-5	8	26	190	10	he	1	184	64	-5	he	False	O	False	2	1	0	0
5380	-5	8	33	190	11	he	1	196	172	-5	he	False	O	False	2	1	0	0
5381	-5	8	19	190	12	he	1	148	0	-5	he	False	O	False	2	1	0	1
5383	-5	8	15	190	14	he	1	144	628	-5	he	False	O	False	2	1	0	0
5385	-5	8	190	190	16	he	1	212	196	-5	he	False	O	False	2	1	0	0
5386	-5	8	89	190	17	he	1	128	0	-5	he	False	O	False	2	1	0	1
5387	-5	8	26	190	18	he	1	212	0	-5	he	False	O	False	2	1	0	1
5388	-5	8	146	190	19	he	1	116	152	-5	he	False	O	False	2	1	0	0
5390	-5	8	137	190	21	he	1	156	0	-5	he	False	O	False	2	1	0	1
5392	-5	8	55	190	23	he	1	424	116	-5	he	False	O	False	2	1	0	0
5395	-5	8	115	190	27	he	1	220	204	-5	he	False	O	False	2	1	0	0
5397	-5	8	156	190	29	he	1	176	164	-5	he	False	O	False	2	1	0	0
5398	-5	8	119	190	30	he	1	504	212	-5	he	False	O	False	2	1	0	0
5402	-5	8	62	190	34	he	1	116	0	-5	he	False	O	False	2	1	0	1
5406	-5	8	147	190	38	he	1	196	172	-5	he	False	O	False	2	1	0	0
5410	-5	8	155	190	42	he	1	204	244	-5	he	False	O	False	2	1	0	0
5412	-3	8	184	190	1	my	1	180	412	-3	my	False	O	False	2	1	0	0
5414	-3	8	60	190	3	my	1	164	504	-3	my	False	O	False	2	1	0	0
5415	-3	8	109	190	4	my	1	144	164	-3	my	False	O	False	2	1	0	0
5420	-3	8	26	190	10	my	1	184	64	-3	my	False	O	False	2	1	0	0
5421	-3	8	33	190	11	my	1	196	172	-3	my	False	O	False	2	1	0	0
5422	-3	8	19	190	12	my	1	148	0	-3	my	False	O	False	2	1	0	1
5424	-3	8	15	190	14	my	1	144	628	-3	my	False	O	False	2	1	0	0
5426	-3	8	190	190	16	my	1	212	196	-3	my	False	O	False	2	1	0	0
5427	-3	8	89	190	17	my	1	128	0	-3	my	False	O	False	2	1	0	1
5428	-3	8	26	190	18	my	1	212	0	-3	my	False	O	False	2	1	0	1
5429	-3	8	146	190	19	my	1	116	152	-3	my	False	O	False	2	1	0	0
5431	-3	8	137	190	21	my	1	156	0	-3	my	False	O	False	2	1	0	1
5433	-3	8	55	190	23	my	1	424	116	-3	my	False	O	False	2	1	0	0
5436	-3	8	115	190	27	my	1	220	204	-3	my	False	O	False	2	1	0	0
5438	-3	8	156	190	29	my	1	176	164	-3	my	False	O	False	2	1	0	0
5439	-3	8	119	190	30	my	1	504	212	-3	my	False	O	False	2	1	0	0
5443	-3	8	62	190	34	my	1	116	0	-3	my	False	O	False	2	1	0	1
5447	-3	8	147	190	38	my	1	196	172	-3	my	False	O	False	2	1	0	0
5451	-3	8	155	190	42	my	1	204	244	-3	my	False	O	False	2	1	0	0
5453	-3	8	184	190	1	my	1	180	412	-3	my	False	O	False	2	1	0	0
5455	-3	8	60	190	3	my	1	164	504	-3	my	False	O	False	2	1	0	0
5456	-3	8	109	190	4	my	1	144	164	-3	my	False	O	False	2	1	0	0
5461	-3	8	26	190	10	my	1	184	64	-3	my	False	O	False	2	1	0	0
5462	-3	8	33	190	11	my	1	196	172	-3	my	False	O	False	2	1	0	0
5463	-3	8	19	190	12	my	1	148	0	-3	my	False	O	False	2	1	0	1
5465	-3	8	15	190	14	my	1	144	628	-3	my	False	O	False	2	1	0	0
5467	-3	8	190	190	16	my	1	212	196	-3	my	False	O	False	2	1	0	0
5468	-3	8	89	190	17	my	1	128	0	-3	my	False	O	False	2	1	0	1
5469	-3	8	26	190	18	my	1	212	0	-3	my	False	O	False	2	1	0	1
5470	-3	8	146	190	19	my	1	116	152	-3	my	False	O	False	2	1	0	0
5472	-3	8	137	190	21	my	1	156	0	-3	my	False	O	False	2	1	0	1
5474	-3	8	55	190	23	my	1	424	116	-3	my	False	O	False	2	1	0	0
5477	-3	8	115	190	27	my	1	220	204	-3	my	False	O	False	2	1	0	0
5479	-3	8	156	190	29	my	1	176	164	-3	my	False	O	False	2	1	0	0
5480	-3	8	119	190	30	my	1	504	212	-3	my	False	O	False	2	1	0	0
5484	-3	8	62	190	34	my	1	116	0	-3	my	False	O	False	2	1	0	1
5488	-3	8	147	190	38	my	1	196	172	-3	my	False	O	False	2	1	0	0
5492	-3	8	155	190	42	my	1	204	244	-3	my	False	O	False	2	1	0	0
5496	-3	10	172	194	3	it	1	324	224	-3	it	False	O	False	2	0	0	0
5500	-3	10	95	194	7	it	1	40	0	-3	it	False	O	False	2	0	0	1
5509	-3	10	6	194	16	it	1	196	0	-3	it	False	O	False	2	0	0	1
5511	-3	10	83	194	19	it	1	204	0	-3	it	False	O	False	2	0	0	1
5512	-3	10	51	194	20	it	1	292	0	-3	it	False	O	False	2	0	0	1
5515	-3	10	69	194	23	it	1	100	508	-3	it	False	O	False	2	0	0	0
5518	-3	10	165	194	27	it	1	176	0	-3	it	False	O	False	2	0	0	1
5519	-3	10	149	194	28	it	1	168	0	-3	it	False	O	False	2	0	0	1
5520	-3	10	6	194	29	it	1	496	0	-3	it	False	O	False	2	0	0	1
5522	-3	10	18	194	31	it	1	132	0	-3	it	False	O	False	2	0	0	1
5528	-3	10	64	194	37	it	1	124	176	-3	it	False	O	False	2	0	0	0
5529	-3	10	201	194	38	it	1	144	0	-3	it	False	O	False	2	0	0	1
5531	-3	10	21	194	40	it	1	200	136	-3	it	False	O	False	2	0	0	0
5532	-3	10	168	194	41	it	1	268	0	-3	it	False	O	False	2	0	0	1
5533	-3	10	161	194	42	it	1	208	0	-3	it	False	O	False	2	0	0	1
5536	-4	5	192	195	2	he	1	140	0	-4	he	False	O	False	2	0	0	1
5538	-4	5	164	195	4	he	1	160	160	-4	he	False	O	False	2	0	0	0
5540	-4	5	43	195	6	he	1	156	128	-4	he	False	O	False	2	0	0	0
5541	-4	5	56	195	7	he	1	88	0	-4	he	False	O	False	2	0	0	1
5542	-4	5	41	195	8	he	1	196	132	-4	he	False	O	False	2	0	0	0
5543	-4	5	149	195	10	he	1	116	0	-4	he	False	O	False	2	0	0	1
5546	-4	5	98	195	13	he	1	192	224	-4	he	False	O	False	2	0	0	0
5547	-4	5	169	195	14	he	1	172	208	-4	he	False	O	False	2	0	0	0
5557	-4	5	93	195	24	he	1	168	0	-4	he	False	O	False	2	0	0	1
5558	-4	5	28	195	25	he	1	144	172	-4	he	False	O	False	2	0	0	0
5560	-4	5	152	195	28	he	1	392	164	-4	he	False	O	False	2	0	0	0
5561	-4	5	119	195	29	he	1	204	0	-4	he	False	O	False	2	0	0	1
5563	-4	5	116	195	31	he	1	168	0	-4	he	False	O	False	2	0	0	1
5564	-4	5	74	195	32	he	1	164	208	-4	he	False	O	False	2	0	0	0
5565	-4	5	41	195	33	he	1	148	168	-4	he	False	O	False	2	0	0	0
5566	-4	5	137	195	34	he	1	184	0	-4	he	False	O	False	2	0	0	1
5567	-4	5	85	195	35	he	1	196	144	-4	he	False	O	False	2	0	0	0
5568	-4	5	61	195	36	he	1	176	0	-4	he	False	O	False	2	0	0	1
5571	-4	5	123	195	39	he	1	144	0	-4	he	False	O	False	2	0	0	1
5573	-4	5	132	195	41	he	1	168	0	-4	he	False	O	False	2	0	0	1
5574	-4	5	139	195	42	he	1	196	0	-4	he	False	O	False	2	0	0	1
5577	-8	9	37	197	2	he	1	108	116	-8	he	False	O	False	2	0	0	0
5578	-8	9	195	197	3	he	1	168	196	-8	he	False	O	False	2	0	0	0
5580	-8	9	93	197	5	he	1	96	300	-8	he	False	O	False	2	0	0	0
5583	-8	9	24	197	8	he	1	176	140	-8	he	False	O	False	2	0	0	0
5584	-8	9	8	197	10	he	1	168	88	-8	he	False	O	False	2	0	0	0
5585	-8	9	31	197	11	he	1	168	168	-8	he	False	O	False	2	0	0	0
5586	-8	9	61	197	12	he	1	272	244	-8	he	False	O	False	2	0	0	0
5587	-8	9	78	197	13	he	1	216	0	-8	he	False	O	False	2	0	0	1
5598	-8	9	181	197	25	he	1	228	0	-8	he	False	O	False	2	0	0	1
5600	-8	9	101	197	28	he	1	144	420	-8	he	False	O	False	2	0	0	0
5601	-8	9	201	197	29	he	1	160	0	-8	he	False	O	False	2	0	0	1
5609	-8	9	50	197	37	he	1	124	0	-8	he	False	O	False	2	0	0	1
5615	-8	9	25	197	43	he	1	204	0	-8	he	False	O	False	2	0	0	1
5617	-8	12	58	199	2	his	1	80	400	-8	his	False	P	False	3	0	0	0
5618	-8	12	82	199	3	his	1	204	264	-8	his	False	P	False	3	0	0	0
5620	-8	12	34	199	5	his	1	164	128	-8	his	False	P	False	3	0	0	0
5622	-8	12	173	199	7	his	1	140	88	-8	his	False	P	False	3	0	0	0
5623	-8	12	121	199	8	his	1	164	452	-8	his	False	P	False	3	0	0	0
5624	-8	12	8	199	9	his	1	160	528	-8	his	False	P	False	3	0	0	0
5626	-8	12	6	199	11	his	1	264	164	-8	his	False	P	False	3	0	0	0
5631	-8	12	141	199	16	his	1	204	468	-8	his	False	P	False	3	0	0	0
5633	-8	12	117	199	18	his	1	204	196	-8	his	False	P	False	3	0	0	0
5634	-8	12	46	199	19	his	1	164	148	-8	his	False	P	False	3	0	0	0
5635	-8	12	49	199	20	his	1	252	156	-8	his	False	P	False	3	0	0	0
5637	-8	12	107	199	22	his	1	448	336	-8	his	False	P	False	3	0	0	0
5638	-8	12	177	199	23	his	1	496	716	-8	his	False	P	False	3	0	0	0
5639	-8	12	194	199	24	his	1	164	160	-8	his	False	P	False	3	0	0	0
5640	-8	12	53	199	25	his	1	228	160	-8	his	False	P	False	3	0	0	0
5642	-8	12	201	199	28	his	1	180	180	-8	his	False	P	False	3	0	0	0
5644	-8	12	21	199	30	his	1	92	440	-8	his	False	P	False	3	0	0	0
5645	-8	12	16	199	31	his	1	152	152	-8	his	False	P	False	3	0	0	0
5646	-8	12	42	199	32	his	1	84	292	-8	his	False	P	False	3	0	0	0
5647	-8	12	100	199	33	his	1	232	220	-8	his	False	P	False	3	0	0	0
5650	-8	12	46	199	36	his	1	148	216	-8	his	False	P	False	3	0	0	0
5651	-8	12	82	199	37	his	1	148	140	-8	his	False	P	False	3	0	0	0
5652	-8	12	143	199	38	his	1	220	220	-8	his	False	P	False	3	0	0	0
5654	-8	12	4	199	40	his	1	136	260	-8	his	False	P	False	3	0	0	0
5655	-8	12	96	199	41	his	1	228	512	-8	his	False	P	False	3	0	0	0
5656	-8	12	71	199	42	his	1	148	248	-8	his	False	P	False	3	0	0	0
5657	-8	12	157	199	43	his	1	128	236	-8	his	False	P	False	3	0	0	0
5658	-3	6	69	201	1	her	1	220	148	-3	her	False	O	False	3	1	0	0
5659	-3	6	77	201	2	her	1	160	140	-3	her	False	O	False	3	1	0	0
5660	-3	6	203	201	3	her	1	300	144	-3	her	False	O	False	3	1	0	0
5662	-3	6	150	201	5	her	1	216	152	-3	her	False	O	False	3	1	0	0
5665	-3	6	72	201	8	her	1	156	132	-3	her	False	O	False	3	1	0	0
5666	-3	6	13	201	10	her	1	244	116	-3	her	False	O	False	3	1	0	0
5667	-3	6	204	201	11	her	1	140	128	-3	her	False	O	False	3	1	0	0
5668	-3	6	167	201	12	her	1	128	228	-3	her	False	O	False	3	1	0	0
5669	-3	6	38	201	13	her	1	184	0	-3	her	False	O	False	3	1	0	1
5671	-3	6	66	201	15	her	1	148	0	-3	her	False	O	False	3	1	0	1
5672	-3	6	85	201	16	her	1	368	224	-3	her	False	O	False	3	1	0	0
5675	-3	6	179	201	19	her	1	192	84	-3	her	False	O	False	3	1	0	0
5678	-3	6	8	201	22	her	1	288	256	-3	her	False	O	False	3	1	0	0
5679	-3	6	203	201	23	her	1	164	324	-3	her	False	O	False	3	1	0	0
5681	-3	6	139	201	25	her	1	168	152	-3	her	False	O	False	3	1	0	0
5685	-3	6	96	201	30	her	1	264	208	-3	her	False	O	False	3	1	0	0
5687	-3	6	32	201	32	her	1	208	164	-3	her	False	O	False	3	1	0	0
5688	-3	6	32	201	33	her	1	280	100	-3	her	False	O	False	3	1	0	0
5690	-3	6	73	201	35	her	1	168	0	-3	her	False	O	False	3	1	0	1
5692	-3	6	68	201	37	her	1	96	316	-3	her	False	O	False	3	1	0	0
5694	-3	6	102	201	39	her	1	148	128	-3	her	False	O	False	3	1	0	0
5699	-2	8	19	202	1	he	1	196	288	-2	he	False	O	False	2	1	0	0
5700	-2	8	93	202	2	he	1	164	196	-2	he	False	O	False	2	1	0	0
5705	-2	8	201	202	7	he	1	144	0	-2	he	False	O	False	2	1	0	1
5709	-2	8	172	202	12	he	1	168	0	-2	he	False	O	False	2	1	0	1
5711	-2	8	16	202	14	he	1	160	300	-2	he	False	O	False	2	1	0	0
5715	-2	8	9	202	18	he	1	212	0	-2	he	False	O	False	2	1	0	1
5716	-2	8	49	202	19	he	1	164	116	-2	he	False	O	False	2	1	0	0
5718	-2	8	99	202	21	he	1	148	0	-2	he	False	O	False	2	1	0	1
5719	-2	8	138	202	22	he	1	188	248	-2	he	False	O	False	2	1	0	0
5720	-2	8	151	202	23	he	1	80	212	-2	he	False	O	False	2	1	0	0
5723	-2	8	61	202	27	he	1	300	0	-2	he	False	O	False	2	1	0	1
5724	-2	8	39	202	28	he	1	184	492	-2	he	False	O	False	2	1	0	0
5726	-2	8	11	202	30	he	1	196	124	-2	he	False	O	False	2	1	0	0
5728	-2	8	188	202	32	he	1	188	168	-2	he	False	O	False	2	1	0	0
5729	-2	8	55	202	33	he	1	148	180	-2	he	False	O	False	2	1	0	0
5733	-2	8	140	202	37	he	1	288	192	-2	he	False	O	False	2	1	0	0
5734	-2	8	76	202	38	he	1	196	176	-2	he	False	O	False	2	1	0	0
5736	-2	8	101	202	40	he	1	136	148	-2	he	False	O	False	2	1	0	0
5739	-2	8	100	202	43	he	1	196	0	-2	he	False	O	False	2	1	0	1
5740	-3	4	70	209	1	his	1	296	0	-3	his	False	P	False	3	1	0	1
5741	-3	4	56	209	2	his	1	132	136	-3	his	False	P	False	3	1	0	0
5742	-3	4	183	209	3	his	1	156	160	-3	his	False	P	False	3	1	0	0
5743	-3	4	160	209	4	his	1	160	160	-3	his	False	P	False	3	1	0	0
5746	-3	4	172	209	7	his	1	184	140	-3	his	False	P	False	3	1	0	0
5747	-3	4	136	209	8	his	1	140	0	-3	his	False	P	False	3	1	0	1
5748	-3	4	43	209	10	his	1	132	100	-3	his	False	P	False	3	1	0	0
5749	-3	4	147	209	11	his	1	224	132	-3	his	False	P	False	3	1	0	0
5751	-3	4	171	209	13	his	1	264	0	-3	his	False	P	False	3	1	0	1
5754	-3	4	21	209	16	his	1	316	0	-3	his	False	P	False	3	1	0	1
5755	-3	4	1	209	17	his	1	164	180	-3	his	False	P	False	3	1	0	0
5757	-3	4	47	209	19	his	1	172	504	-3	his	False	P	False	3	1	0	0
5759	-3	4	45	209	21	his	1	84	152	-3	his	False	P	False	3	1	0	0
5760	-3	4	96	209	22	his	1	428	0	-3	his	False	P	False	3	1	0	1
5761	-3	4	113	209	23	his	1	172	356	-3	his	False	P	False	3	1	0	0
5763	-3	4	122	209	25	his	1	148	192	-3	his	False	P	False	3	1	0	0
5764	-3	4	170	209	27	his	1	372	0	-3	his	False	P	False	3	1	0	1
5765	-3	4	156	209	28	his	1	300	0	-3	his	False	P	False	3	1	0	1
5766	-3	4	202	209	29	his	1	176	140	-3	his	False	P	False	3	1	0	0
5767	-3	4	194	209	30	his	1	156	0	-3	his	False	P	False	3	1	0	1
5768	-3	4	107	209	31	his	1	144	0	-3	his	False	P	False	3	1	0	1
5769	-3	4	94	209	32	his	1	152	168	-3	his	False	P	False	3	1	0	0
5770	-3	4	104	209	33	his	1	184	200	-3	his	False	P	False	3	1	0	0
5774	-3	4	45	209	37	his	1	128	192	-3	his	False	P	False	3	1	0	0
5777	-3	4	34	209	40	his	1	188	116	-3	his	False	P	False	3	1	0	0
5780	-3	4	13	209	43	his	1	144	100	-3	his	False	P	False	3	1	0	0
5781	-3	3	99	210	1	his	1	120	252	-3	his	False	P	False	3	1	0	0
5782	-3	3	86	210	2	his	1	220	52	-3	his	False	P	False	3	1	0	0
5783	-3	3	138	210	3	his	1	140	160	-3	his	False	P	False	3	1	0	0
5784	-3	3	46	210	4	his	1	124	156	-3	his	False	P	False	3	1	0	0
5787	-3	3	149	210	7	his	1	216	156	-3	his	False	P	False	3	1	0	0
5788	-3	3	69	210	8	his	1	276	212	-3	his	False	P	False	3	1	0	0
5789	-3	3	59	210	10	his	1	124	176	-3	his	False	P	False	3	1	0	0
5790	-3	3	144	210	11	his	1	144	172	-3	his	False	P	False	3	1	0	0
5791	-3	3	95	210	12	his	1	224	88	-3	his	False	P	False	3	1	0	0
5792	-3	3	59	210	13	his	1	208	132	-3	his	False	P	False	3	1	0	0
5793	-3	3	88	210	14	his	1	152	316	-3	his	False	P	False	3	1	0	0
5795	-3	3	133	210	16	his	1	428	132	-3	his	False	P	False	3	1	0	0
5796	-3	3	163	210	17	his	1	316	0	-3	his	False	P	False	3	1	0	1
5798	-3	3	123	210	19	his	1	184	208	-3	his	False	P	False	3	1	0	0
5799	-3	3	174	210	20	his	1	220	188	-3	his	False	P	False	3	1	0	0
5801	-3	3	192	210	22	his	1	168	196	-3	his	False	P	False	3	1	0	0
5802	-3	3	37	210	23	his	1	240	268	-3	his	False	P	False	3	1	0	0
5803	-3	3	41	210	24	his	1	248	124	-3	his	False	P	False	3	1	0	0
5804	-3	3	61	210	25	his	1	328	0	-3	his	False	P	False	3	1	0	1
5805	-3	3	176	210	27	his	1	300	260	-3	his	False	P	False	3	1	0	0
5806	-3	3	111	210	28	his	1	248	204	-3	his	False	P	False	3	1	0	0
5808	-3	3	182	210	30	his	1	332	156	-3	his	False	P	False	3	1	0	0
5809	-3	3	49	210	31	his	1	204	0	-3	his	False	P	False	3	1	0	1
5810	-3	3	173	210	32	his	1	164	180	-3	his	False	P	False	3	1	0	0
5811	-3	3	125	210	33	his	1	172	152	-3	his	False	P	False	3	1	0	0
5812	-3	3	54	210	34	his	1	212	260	-3	his	False	P	False	3	1	0	0
5815	-3	3	76	210	37	his	1	184	172	-3	his	False	P	False	3	1	0	0
5817	-3	3	50	210	39	his	1	164	384	-3	his	False	P	False	3	1	0	0
5820	-3	3	115	210	42	his	1	320	360	-3	his	False	P	False	3	1	0	0
5821	-3	3	168	210	43	his	1	132	0	-3	his	False	P	False	3	1	0	1
5822	-7	11	99	210	1	his	1	156	352	-7	his	False	P	False	3	2	0	0
5823	-7	11	86	210	2	his	1	156	112	-7	his	False	P	False	3	2	0	0
5829	-7	11	69	210	8	his	1	236	116	-7	his	False	P	False	3	2	0	0
5830	-7	11	59	210	10	his	1	148	128	-7	his	False	P	False	3	2	0	0
5832	-7	11	95	210	12	his	1	292	140	-7	his	False	P	False	3	2	0	0
5836	-7	11	133	210	16	his	1	204	320	-7	his	False	P	False	3	2	0	0
5839	-7	11	123	210	19	his	1	176	264	-7	his	False	P	False	3	2	0	0
5840	-7	11	174	210	20	his	1	188	0	-7	his	False	P	False	3	2	0	1
5841	-7	11	180	210	21	his	1	260	0	-7	his	False	P	False	3	2	0	1
5843	-7	11	37	210	23	his	1	316	360	-7	his	False	P	False	3	2	0	0
5847	-7	11	111	210	28	his	1	384	236	-7	his	False	P	False	3	2	0	0
5849	-7	11	182	210	30	his	1	248	176	-7	his	False	P	False	3	2	0	0
5850	-7	11	49	210	31	his	1	172	0	-7	his	False	P	False	3	2	0	1
5852	-7	11	125	210	33	his	1	252	180	-7	his	False	P	False	3	2	0	0
5853	-7	11	54	210	34	his	1	176	0	-7	his	False	P	False	3	2	0	1
5854	-7	11	130	210	35	his	1	152	0	-7	his	False	P	False	3	2	0	1
5855	-7	11	161	210	36	his	1	100	0	-7	his	False	P	False	3	2	0	1
5856	-7	11	76	210	37	his	1	148	264	-7	his	False	P	False	3	2	0	0
5861	-7	11	115	210	42	his	1	184	220	-7	his	False	P	False	3	2	0	0
5862	-7	11	168	210	43	his	1	132	0	-7	his	False	P	False	3	2	0	1
5865	-3	3	152	221	3	his	1	328	0	-3	his	False	P	False	3	0	0	1
5866	-3	3	93	221	4	his	1	180	0	-3	his	False	P	False	3	0	0	1
5867	-3	3	47	221	5	his	1	248	0	-3	his	False	P	False	3	0	0	1
5868	-3	3	176	221	6	his	1	124	116	-3	his	False	P	False	3	0	0	0
5870	-3	3	37	221	8	his	1	168	0	-3	his	False	P	False	3	0	0	1
5871	-3	3	65	221	10	his	1	176	80	-3	his	False	P	False	3	0	0	0
5874	-3	3	76	221	13	his	1	100	0	-3	his	False	P	False	3	0	0	1
5875	-3	3	146	221	14	his	1	496	104	-3	his	False	P	False	3	0	0	0
5877	-3	3	30	221	16	his	1	216	164	-3	his	False	P	False	3	0	0	0
5882	-3	3	85	221	21	his	1	132	136	-3	his	False	P	False	3	0	0	0
5883	-3	3	18	221	22	his	1	116	208	-3	his	False	P	False	3	0	0	0
5884	-3	3	49	221	23	his	1	220	320	-3	his	False	P	False	3	0	0	0
5885	-3	3	169	221	24	his	1	172	168	-3	his	False	P	False	3	0	0	0
5886	-3	3	177	221	25	his	1	132	204	-3	his	False	P	False	3	0	0	0
5888	-3	3	175	221	28	his	1	260	152	-3	his	False	P	False	3	0	0	0
5890	-3	3	36	221	30	his	1	228	60	-3	his	False	P	False	3	0	0	0
5892	-3	3	117	221	32	his	1	328	0	-3	his	False	P	False	3	0	0	1
5893	-3	3	49	221	33	his	1	340	152	-3	his	False	P	False	3	0	0	0
5895	-3	3	46	221	35	his	1	180	188	-3	his	False	P	False	3	0	0	0
5897	-3	3	105	221	37	his	1	128	144	-3	his	False	P	False	3	0	0	0
5899	-3	3	170	221	39	his	1	228	0	-3	his	False	P	False	3	0	0	1
5903	-3	3	45	221	43	his	1	88	128	-3	his	False	P	False	3	0	0	0
5904	-8	13	170	227	1	his	1	456	508	-8	his	False	P	False	3	1	0	0
5905	-8	13	88	227	2	his	1	236	136	-8	his	False	P	False	3	1	0	0
5906	-8	13	56	227	3	his	1	364	256	-8	his	False	P	False	3	1	0	0
5909	-8	13	180	227	6	his	1	204	0	-8	his	False	P	False	3	1	0	1
5910	-8	13	36	227	7	his	1	148	0	-8	his	False	P	False	3	1	0	1
5911	-8	13	172	227	8	his	1	184	0	-8	his	False	P	False	3	1	0	1
5912	-8	13	152	227	10	his	1	324	232	-8	his	False	P	False	3	1	0	0
5913	-8	13	164	227	11	his	1	304	720	-8	his	False	P	False	3	1	0	0
5914	-8	13	102	227	12	his	1	268	176	-8	his	False	P	False	3	1	0	0
5915	-8	13	82	227	13	his	1	256	776	-8	his	False	P	False	3	1	0	0
5917	-8	13	54	227	15	his	1	236	0	-8	his	False	P	False	3	1	0	1
5918	-8	13	29	227	16	his	1	220	336	-8	his	False	P	False	3	1	0	0
5920	-8	13	27	227	18	his	1	320	0	-8	his	False	P	False	3	1	0	1
5922	-8	13	188	227	20	his	1	284	136	-8	his	False	P	False	3	1	0	0
5924	-8	13	93	227	22	his	1	288	0	-8	his	False	P	False	3	1	0	1
5928	-8	13	65	227	27	his	1	416	0	-8	his	False	P	False	3	1	0	1
5929	-8	13	70	227	28	his	1	824	328	-8	his	False	P	False	3	1	0	0
5931	-8	13	138	227	30	his	1	124	368	-8	his	False	P	False	3	1	0	0
5932	-8	13	19	227	31	his	1	120	0	-8	his	False	P	False	3	1	0	1
5933	-8	13	87	227	32	his	1	236	0	-8	his	False	P	False	3	1	0	1
5934	-8	13	33	227	33	his	1	96	164	-8	his	False	P	False	3	1	0	0
5937	-8	13	12	227	36	his	1	216	164	-8	his	False	P	False	3	1	0	0
5938	-8	13	57	227	37	his	1	124	284	-8	his	False	P	False	3	1	0	0
5940	-8	13	13	227	39	his	1	152	152	-8	his	False	P	False	3	1	0	0
5941	-8	13	64	227	40	his	1	268	96	-8	his	False	P	False	3	1	0	0
5942	-8	13	140	227	41	his	1	216	164	-8	his	False	P	False	3	1	0	0
5944	-8	13	40	227	43	his	1	404	148	-8	his	False	P	False	3	1	0	0
5945	-3	5	101	230	1	his	1	248	224	-3	his	False	P	False	3	1	0	0
5947	-3	5	47	230	3	his	1	164	208	-3	his	False	P	False	3	1	0	0
5948	-3	5	7	230	4	his	1	276	200	-3	his	False	P	False	3	1	0	0
5949	-3	5	174	230	5	his	1	312	200	-3	his	False	P	False	3	1	0	0
5952	-3	5	141	230	8	his	1	196	252	-3	his	False	P	False	3	1	0	0
5954	-3	5	50	230	11	his	1	128	276	-3	his	False	P	False	3	1	0	0
5957	-3	5	200	230	14	his	1	612	464	-3	his	False	P	False	3	1	0	0
5958	-3	5	195	230	15	his	1	164	120	-3	his	False	P	False	3	1	0	0
5959	-3	5	157	230	16	his	1	152	196	-3	his	False	P	False	3	1	0	0
5960	-3	5	21	230	17	his	1	144	132	-3	his	False	P	False	3	1	0	0
5961	-3	5	24	230	18	his	1	300	0	-3	his	False	P	False	3	1	0	1
5962	-3	5	188	230	19	his	1	152	204	-3	his	False	P	False	3	1	0	0
5963	-3	5	33	230	20	his	1	100	144	-3	his	False	P	False	3	1	0	0
5964	-3	5	125	230	21	his	1	140	232	-3	his	False	P	False	3	1	0	0
5965	-3	5	95	230	22	his	1	184	336	-3	his	False	P	False	3	1	0	0
5966	-3	5	156	230	23	his	1	176	512	-3	his	False	P	False	3	1	0	0
5967	-3	5	107	230	24	his	1	156	148	-3	his	False	P	False	3	1	0	0
5968	-3	5	170	230	25	his	1	216	212	-3	his	False	P	False	3	1	0	0
5969	-3	5	52	230	27	his	1	260	372	-3	his	False	P	False	3	1	0	0
5970	-3	5	160	230	28	his	1	328	232	-3	his	False	P	False	3	1	0	0
5971	-3	5	17	230	29	his	1	100	124	-3	his	False	P	False	3	1	0	0
5972	-3	5	177	230	30	his	1	188	280	-3	his	False	P	False	3	1	0	0
5974	-3	5	83	230	32	his	1	132	228	-3	his	False	P	False	3	1	0	0
5975	-3	5	181	230	33	his	1	168	88	-3	his	False	P	False	3	1	0	0
5976	-3	5	75	230	34	his	1	164	216	-3	his	False	P	False	3	1	0	0
5977	-3	5	128	230	35	his	1	200	192	-3	his	False	P	False	3	1	0	0
5981	-3	5	2	230	39	his	1	108	36	-3	his	False	P	False	3	1	0	0
5984	-3	5	9	230	42	his	1	220	132	-3	his	False	P	False	3	1	0	0
5985	-3	5	158	230	43	his	1	232	232	-3	his	False	P	False	3	1	0	0
5987	-2	8	102	230	2	he	1	156	188	-2	he	False	O	False	2	2	0	0
5989	-2	8	7	230	4	he	1	244	288	-2	he	False	O	False	2	2	0	0
5990	-2	8	174	230	5	he	1	364	220	-2	he	False	O	False	2	2	0	0
5992	-2	8	54	230	7	he	1	148	96	-2	he	False	O	False	2	2	0	0
6001	-2	8	21	230	17	he	1	168	176	-2	he	False	O	False	2	2	0	0
6002	-2	8	24	230	18	he	1	200	156	-2	he	False	O	False	2	2	0	0
6003	-2	8	188	230	19	he	1	84	184	-2	he	False	O	False	2	2	0	0
6007	-2	8	156	230	23	he	1	180	440	-2	he	False	O	False	2	2	0	0
6009	-2	8	170	230	25	he	1	140	404	-2	he	False	O	False	2	2	0	0
6011	-2	8	160	230	28	he	1	140	180	-2	he	False	O	False	2	2	0	0
6012	-2	8	17	230	29	he	1	192	200	-2	he	False	O	False	2	2	0	0
6013	-2	8	177	230	30	he	1	248	120	-2	he	False	O	False	2	2	0	0
6018	-2	8	128	230	35	he	1	192	168	-2	he	False	O	False	2	2	0	0
6021	-2	8	186	230	38	he	1	176	252	-2	he	False	O	False	2	2	0	0
6023	-2	8	191	230	40	he	1	152	148	-2	he	False	O	False	2	2	0	0
6024	-2	8	112	230	41	he	1	172	0	-2	he	False	O	False	2	2	0	1
6025	-2	8	9	230	42	he	1	220	164	-2	he	False	O	False	2	2	0	0
6031	-3	10	174	230	5	his	1	228	432	-3	his	False	P	False	3	3	0	0
6032	-3	10	105	230	6	his	1	204	0	-3	his	False	P	False	3	3	0	1
6034	-3	10	141	230	8	his	1	244	252	-3	his	False	P	False	3	3	0	0
6035	-3	10	118	230	10	his	1	260	128	-3	his	False	P	False	3	3	0	0
6036	-3	10	50	230	11	his	1	204	0	-3	his	False	P	False	3	3	0	1
6038	-3	10	88	230	13	his	1	248	0	-3	his	False	P	False	3	3	0	1
6041	-3	10	157	230	16	his	1	164	152	-3	his	False	P	False	3	3	0	0
6045	-3	10	33	230	20	his	1	160	0	-3	his	False	P	False	3	3	0	1
6051	-3	10	52	230	27	his	1	364	148	-3	his	False	P	False	3	3	0	0
6052	-3	10	160	230	28	his	1	156	344	-3	his	False	P	False	3	3	0	0
6055	-3	10	124	230	31	his	1	164	0	-3	his	False	P	False	3	3	0	1
6058	-3	10	75	230	34	his	1	152	0	-3	his	False	P	False	3	3	0	1
6061	-3	10	77	230	37	his	1	216	176	-3	his	False	P	False	3	3	0	0
6065	-3	10	112	230	41	his	1	160	240	-3	his	False	P	False	3	3	0	0
6067	-3	10	158	230	43	his	1	128	168	-3	his	False	P	False	3	3	0	0
