	sent_nr	word_pos	sent_pos	last_word	token	sent_has_unresolved	distance	subj_nr	rt_ff	rt_fp	rt_rb	rt_gp	spill_ff	spill_fp	spill_rb	spill_gp	inverse_distance	clean_token	reflexive	ana_category	multiple_drefs	word_length	num_prev_anas	resolved	target_skipped	spill_skipped
1	3	4	166	0	his	True	-3	2	152	152	152	276	316	316	316	316	-3	his	False	P	False	3	1	1	0	0
2	3	4	142	0	his	True	-3	3	116	116	116	688	0	0	0	0	-3	his	False	P	False	3	1	1	0	1
3	3	4	36	0	his	True	-3	4	264	264	780	916	216	216	216	216	-3	his	False	P	False	3	1	1	0	0
6	3	4	48	0	his	True	-3	7	168	168	168	704	208	208	940	2716	-3	his	False	P	False	3	1	1	0	0
7	3	4	7	0	his	True	-3	8	276	276	428	784	148	148	148	1024	-3	his	False	P	False	3	1	1	0	0
9	3	4	135	0	his	True	-3	11	260	260	260	260	252	252	252	252	-3	his	False	P	False	3	1	1	0	0
10	3	4	164	0	his	True	-3	12	192	192	192	192	200	200	432	1236	-3	his	False	P	False	3	1	1	0	0
12	3	4	48	0	his	True	-3	14	176	176	176	176	156	156	156	156	-3	his	False	P	False	3	1	1	0	0
13	3	4	13	0	his	True	-3	15	200	360	360	584	96	96	96	96	-3	his	False	P	False	3	1	1	0	0
14	3	4	22	0	his	True	-3	16	220	428	428	428	336	1232	1232	1232	-3	his	False	P	False	3	1	1	0	0
17	3	4	89	0	his	True	-3	19	204	204	204	384	0	0	0	0	-3	his	False	P	False	3	1	1	0	1
18	3	4	57	0	his	True	-3	20	212	212	296	464	220	220	220	448	-3	his	False	P	False	3	1	1	0	0
21	3	4	50	0	his	True	-3	23	176	176	176	176	368	840	840	1020	-3	his	False	P	False	3	1	1	0	0
23	3	4	140	0	his	True	-3	25	260	260	260	260	164	164	164	164	-3	his	False	P	False	3	1	1	0	0
24	3	4	45	0	his	True	-3	27	140	140	140	776	332	332	332	332	-3	his	False	P	False	3	1	1	0	0
27	3	4	151	0	his	True	-3	30	164	164	164	164	192	192	192	192	-3	his	False	P	False	3	1	1	0	0
28	3	4	57	0	his	True	-3	31	152	152	152	220	104	188	188	188	-3	his	False	P	False	3	1	1	0	0
29	3	4	156	0	his	True	-3	32	164	164	164	164	272	272	272	524	-3	his	False	P	False	3	1	1	0	0
32	3	4	29	0	his	True	-3	35	188	188	188	188	476	636	636	636	-3	his	False	P	False	3	1	1	0	0
34	3	4	194	0	his	True	-3	37	88	368	576	1068	188	188	188	188	-3	his	False	P	False	3	1	1	0	0
35	3	4	114	0	his	True	-3	38	216	216	216	360	188	188	188	348	-3	his	False	P	False	3	1	1	0	0
37	3	4	20	0	his	True	-3	40	292	476	604	1336	0	0	0	0	-3	his	False	P	False	3	1	1	0	1
38	3	4	185	0	his	True	-3	41	212	212	428	1172	148	148	148	148	-3	his	False	P	False	3	1	1	0	0
41	16	3	15	0	his	False	-3	1	260	260	260	260	164	164	164	164	-3	his	False	P	False	3	0	1	0	0
42	16	3	101	0	his	False	-3	2	136	136	136	136	128	128	128	128	-3	his	False	P	False	3	0	1	0	0
43	16	3	59	0	his	False	-3	3	168	168	168	168	248	248	248	248	-3	his	False	P	False	3	0	1	0	0
44	16	3	148	0	his	False	-3	4	148	148	148	148	332	332	332	332	-3	his	False	P	False	3	0	1	0	0
45	16	3	72	0	his	False	-3	5	164	164	164	164	192	192	192	192	-3	his	False	P	False	3	0	1	0	0
46	16	3	192	0	his	False	-3	6	124	124	124	124	0	0	0	0	-3	his	False	P	False	3	0	1	0	1
47	16	3	195	0	his	False	-3	7	160	160	160	160	0	0	0	0	-3	his	False	P	False	3	0	1	0	1
48	16	3	22	0	his	False	-3	8	196	196	196	196	140	140	140	140	-3	his	False	P	False	3	0	1	0	0
49	16	3	5	0	his	False	-3	9	196	196	196	196	164	164	164	164	-3	his	False	P	False	3	0	1	0	0
50	16	3	86	0	his	False	-3	10	156	156	156	156	68	68	68	68	-3	his	False	P	False	3	0	1	0	0
51	16	3	16	0	his	False	-3	11	136	136	136	136	216	216	216	216	-3	his	False	P	False	3	0	1	0	0
53	16	3	139	0	his	False	-3	13	184	184	184	184	0	0	0	0	-3	his	False	P	False	3	0	1	0	1
54	16	3	177	0	his	False	-3	14	256	256	256	256	0	0	0	0	-3	his	False	P	False	3	0	1	0	1
55	16	3	142	0	his	False	-3	15	196	196	196	196	0	0	0	0	-3	his	False	P	False	3	0	1	0	1
56	16	3	113	0	his	False	-3	16	212	212	212	212	164	164	164	164	-3	his	False	P	False	3	0	1	0	0
58	16	3	45	0	his	False	-3	18	252	252	252	252	136	136	136	136	-3	his	False	P	False	3	0	1	0	0
59	16	3	8	0	his	False	-3	19	160	160	160	160	236	236	236	236	-3	his	False	P	False	3	0	1	0	0
61	16	3	55	0	his	False	-3	21	212	212	400	708	120	120	120	120	-3	his	False	P	False	3	0	1	0	0
62	16	3	101	0	his	False	-3	22	168	388	388	388	0	0	0	0	-3	his	False	P	False	3	0	1	0	1
63	16	3	103	0	his	False	-3	23	132	288	288	288	264	264	264	264	-3	his	False	P	False	3	0	1	0	0
64	16	3	40	0	his	False	-3	24	160	160	160	160	204	204	204	204	-3	his	False	P	False	3	0	1	0	0
65	16	3	166	0	his	False	-3	25	136	136	136	136	148	148	148	148	-3	his	False	P	False	3	0	1	0	0
66	16	3	26	0	his	False	-3	27	72	72	72	552	300	300	300	300	-3	his	False	P	False	3	0	1	0	0
68	16	3	97	0	his	False	-3	29	180	180	180	180	188	188	188	188	-3	his	False	P	False	3	0	1	0	0
69	16	3	70	0	his	False	-3	30	276	276	488	744	212	212	212	212	-3	his	False	P	False	3	0	1	0	0
70	16	3	136	0	his	False	-3	31	144	144	144	144	120	120	120	120	-3	his	False	P	False	3	0	1	0	0
71	16	3	41	0	his	False	-3	32	184	184	184	184	200	200	200	200	-3	his	False	P	False	3	0	1	0	0
72	16	3	2	0	his	False	-3	33	188	188	188	188	136	136	136	136	-3	his	False	P	False	3	0	1	0	0
73	16	3	92	0	his	False	-3	34	220	220	220	432	212	424	424	424	-3	his	False	P	False	3	0	1	0	0
75	16	3	186	0	his	False	-3	36	180	180	180	180	252	252	252	656	-3	his	False	P	False	3	0	1	0	0
76	16	3	49	0	his	False	-3	37	212	212	212	212	128	128	128	128	-3	his	False	P	False	3	0	1	0	0
83	17	4	158	0	his	False	-3	1	188	344	344	344	136	136	136	136	-3	his	False	P	False	3	0	1	0	0
84	17	4	197	0	his	False	-3	2	168	168	168	168	0	0	0	0	-3	his	False	P	False	3	0	1	0	1
85	17	4	122	0	his	False	-3	3	144	144	144	312	184	184	184	184	-3	his	False	P	False	3	0	1	0	0
86	17	4	5	0	his	False	-3	4	88	172	172	172	288	288	476	640	-3	his	False	P	False	3	0	1	0	0
88	17	4	86	0	his	False	-3	6	184	184	184	184	444	444	444	444	-3	his	False	P	False	3	0	1	0	0
90	17	4	51	0	his	False	-3	8	196	196	196	196	248	248	248	516	-3	his	False	P	False	3	0	1	0	0
92	17	4	37	0	his	False	-3	11	124	124	124	124	132	132	132	132	-3	his	False	P	False	3	0	1	0	0
93	17	4	143	0	his	False	-3	12	224	224	224	576	116	116	116	116	-3	his	False	P	False	3	0	1	0	0
94	17	4	52	0	his	False	-3	13	208	208	208	208	168	168	168	168	-3	his	False	P	False	3	0	1	0	0
95	17	4	22	0	his	False	-3	14	208	208	208	208	216	216	216	216	-3	his	False	P	False	3	0	1	0	0
97	17	4	169	0	his	False	-3	16	240	412	412	412	216	464	464	464	-3	his	False	P	False	3	0	1	0	0
98	17	4	86	0	his	False	-3	17	292	292	292	292	172	308	308	308	-3	his	False	P	False	3	0	1	0	0
99	17	4	115	0	his	False	-3	18	208	208	208	208	0	0	0	0	-3	his	False	P	False	3	0	1	0	1
100	17	4	205	0	his	False	-3	19	244	244	244	244	168	168	344	812	-3	his	False	P	False	3	0	1	0	0
103	17	4	52	0	his	False	-3	22	288	288	288	288	196	196	196	196	-3	his	False	P	False	3	0	1	0	0
104	17	4	75	0	his	False	-3	23	184	184	184	184	200	200	200	200	-3	his	False	P	False	3	0	1	0	0
106	17	4	103	0	his	False	-3	25	164	316	316	316	192	192	192	192	-3	his	False	P	False	3	0	1	0	0
107	17	4	195	0	his	False	-3	27	228	228	228	228	28	28	212	428	-3	his	False	P	False	3	0	1	0	0
108	17	4	77	0	his	False	-3	28	140	140	268	544	160	160	160	160	-3	his	False	P	False	3	0	1	0	0
112	17	4	138	0	his	False	-3	32	208	444	444	720	168	168	168	168	-3	his	False	P	False	3	0	1	0	0
113	17	4	46	0	his	False	-3	33	136	136	136	316	124	124	124	124	-3	his	False	P	False	3	0	1	0	0
114	17	4	69	0	his	False	-3	34	252	252	252	252	252	252	252	252	-3	his	False	P	False	3	0	1	0	0
115	17	4	102	0	his	False	-3	35	144	144	144	144	156	156	156	156	-3	his	False	P	False	3	0	1	0	0
117	17	4	112	0	his	False	-3	37	156	156	156	212	240	240	240	240	-3	his	False	P	False	3	0	1	0	0
118	17	4	82	0	his	False	-3	38	248	248	248	248	144	144	144	144	-3	his	False	P	False	3	0	1	0	0
120	17	4	47	0	his	False	-3	40	140	140	140	140	140	140	140	140	-3	his	False	P	False	3	0	1	0	0
123	17	4	28	0	his	False	-3	43	180	180	180	180	228	228	228	228	-3	his	False	P	False	3	0	1	0	0
124	18	5	33	0	his	True	-4	1	248	248	248	248	264	264	264	264	-4	his	False	P	False	3	1	1	0	0
125	18	5	120	0	his	True	-4	2	156	156	344	568	0	0	0	0	-4	his	False	P	False	3	1	1	0	1
126	18	5	75	0	his	True	-4	3	144	336	336	336	0	0	0	0	-4	his	False	P	False	3	1	1	0	1
127	18	5	105	0	his	True	-4	4	644	644	644	644	0	0	0	0	-4	his	False	P	False	3	1	1	0	1
129	18	5	46	0	his	True	-4	6	176	176	176	176	80	80	80	80	-4	his	False	P	False	3	1	1	0	0
130	18	5	107	0	his	True	-4	7	80	80	572	1660	0	0	0	0	-4	his	False	P	False	3	1	1	0	1
131	18	5	153	0	his	True	-4	8	212	212	212	212	0	0	0	0	-4	his	False	P	False	3	1	1	0	1
132	18	5	135	0	his	True	-4	10	336	336	336	336	244	524	524	1364	-4	his	False	P	False	3	1	1	0	0
133	18	5	201	0	his	True	-4	11	196	196	196	308	108	108	108	108	-4	his	False	P	False	3	1	1	0	0
134	18	5	177	0	his	True	-4	12	128	128	128	996	0	0	0	0	-4	his	False	P	False	3	1	1	0	1
136	18	5	149	0	his	True	-4	14	288	288	288	500	0	0	0	0	-4	his	False	P	False	3	1	1	0	1
137	18	5	36	0	his	True	-4	15	232	232	336	720	0	0	0	0	-4	his	False	P	False	3	1	1	0	1
138	18	5	38	0	his	True	-4	16	248	248	248	248	172	580	580	580	-4	his	False	P	False	3	1	1	0	0
139	18	5	84	0	his	True	-4	17	172	172	172	172	116	116	116	484	-4	his	False	P	False	3	1	1	0	0
140	18	5	147	0	his	True	-4	18	204	292	292	292	0	0	0	0	-4	his	False	P	False	3	1	1	0	1
141	18	5	51	0	his	True	-4	19	64	64	296	1200	152	152	152	636	-4	his	False	P	False	3	1	1	0	0
145	18	5	175	0	his	True	-4	23	172	172	172	172	176	176	1052	2192	-4	his	False	P	False	3	1	1	0	0
146	18	5	136	0	his	True	-4	24	440	440	440	440	276	276	276	276	-4	his	False	P	False	3	1	1	0	0
147	18	5	158	0	his	True	-4	25	220	220	220	336	104	104	104	104	-4	his	False	P	False	3	1	1	0	0
148	18	5	13	0	his	True	-4	27	308	308	308	308	280	280	280	280	-4	his	False	P	False	3	1	1	0	0
149	18	5	157	0	his	True	-4	28	324	324	324	324	148	148	148	840	-4	his	False	P	False	3	1	1	0	0
150	18	5	203	0	his	True	-4	29	196	196	196	276	348	348	348	348	-4	his	False	P	False	3	1	1	0	0
153	18	5	203	0	his	True	-4	32	164	164	164	164	0	0	0	0	-4	his	False	P	False	3	1	1	0	1
154	18	5	29	0	his	True	-4	33	176	176	268	672	132	132	132	1976	-4	his	False	P	False	3	1	1	0	0
155	18	5	58	0	his	True	-4	34	168	168	168	1280	0	0	0	0	-4	his	False	P	False	3	1	1	0	1
157	18	5	22	0	his	True	-4	36	236	236	236	904	0	0	0	0	-4	his	False	P	False	3	1	1	0	1
158	18	5	188	0	his	True	-4	37	176	176	176	176	140	140	140	324	-4	his	False	P	False	3	1	1	0	0
159	18	5	141	0	his	True	-4	38	192	192	192	192	88	88	88	88	-4	his	False	P	False	3	1	1	0	0
162	18	5	136	0	his	True	-4	41	312	312	312	312	372	372	372	372	-4	his	False	P	False	3	1	1	0	0
163	18	5	184	0	his	True	-4	42	204	204	204	812	0	0	0	0	-4	his	False	P	False	3	1	1	0	1
164	18	5	195	0	his	True	-4	43	148	148	148	348	188	188	188	188	-4	his	False	P	False	3	1	1	0	0
165	20	3	106	0	his	True	-3	1	168	296	296	296	0	0	0	0	-3	his	False	P	False	3	1	1	0	1
166	20	3	202	0	his	True	-3	2	160	160	160	320	276	276	276	276	-3	his	False	P	False	3	1	1	0	0
167	20	3	120	0	his	True	-3	3	204	340	340	340	0	0	0	0	-3	his	False	P	False	3	1	1	0	1
168	20	3	102	0	his	True	-3	4	196	196	196	460	220	220	220	220	-3	his	False	P	False	3	1	1	0	0
169	20	3	131	0	his	True	-3	5	268	268	268	744	432	432	432	432	-3	his	False	P	False	3	1	1	0	0
171	20	3	63	0	his	True	-3	7	72	172	172	172	0	0	0	0	-3	his	False	P	False	3	1	1	0	1
172	20	3	139	0	his	True	-3	8	188	188	188	188	204	204	204	204	-3	his	False	P	False	3	1	1	0	0
174	20	3	197	0	his	True	-3	11	156	156	156	156	156	156	156	156	-3	his	False	P	False	3	1	1	0	0
176	20	3	67	0	his	True	-3	13	200	200	200	412	236	236	236	236	-3	his	False	P	False	3	1	1	0	0
177	20	3	203	0	his	True	-3	14	204	204	204	204	244	244	244	244	-3	his	False	P	False	3	1	1	0	0
178	20	3	40	0	his	True	-3	15	44	264	264	264	164	404	508	720	-3	his	False	P	False	3	1	1	0	0
179	20	3	103	0	his	True	-3	16	152	152	152	152	192	192	192	192	-3	his	False	P	False	3	1	1	0	0
182	20	3	72	0	his	True	-3	19	180	180	180	180	204	204	204	960	-3	his	False	P	False	3	1	1	0	0
183	20	3	105	0	his	True	-3	20	156	156	156	156	188	188	188	188	-3	his	False	P	False	3	1	1	0	0
185	20	3	203	0	his	True	-3	22	184	184	184	184	188	188	188	188	-3	his	False	P	False	3	1	1	0	0
186	20	3	200	0	his	True	-3	23	192	192	192	852	0	0	0	0	-3	his	False	P	False	3	1	1	0	1
187	20	3	90	0	his	True	-3	24	168	168	168	168	196	196	196	196	-3	his	False	P	False	3	1	1	0	0
189	20	3	173	0	his	True	-3	27	272	272	272	272	168	284	284	688	-3	his	False	P	False	3	1	1	0	0
191	20	3	153	0	his	True	-3	29	148	148	148	148	156	156	156	156	-3	his	False	P	False	3	1	1	0	0
192	20	3	199	0	his	True	-3	30	172	172	552	836	0	0	0	0	-3	his	False	P	False	3	1	1	0	1
193	20	3	200	0	his	True	-3	31	52	52	52	52	172	172	172	172	-3	his	False	P	False	3	1	1	0	0
194	20	3	14	0	his	True	-3	32	224	224	404	652	116	116	116	116	-3	his	False	P	False	3	1	1	0	0
195	20	3	119	0	his	True	-3	33	176	176	176	176	140	140	140	140	-3	his	False	P	False	3	1	1	0	0
196	20	3	127	0	his	True	-3	34	148	148	148	148	352	352	352	352	-3	his	False	P	False	3	1	1	0	0
197	20	3	175	0	his	True	-3	35	280	352	352	352	280	280	280	280	-3	his	False	P	False	3	1	1	0	0
198	20	3	143	0	his	True	-3	36	360	360	360	360	0	0	0	0	-3	his	False	P	False	3	1	1	0	1
199	20	3	78	0	his	True	-3	37	204	204	204	568	168	168	168	168	-3	his	False	P	False	3	1	1	0	0
200	20	3	113	0	his	True	-3	38	232	280	280	280	0	0	0	0	-3	his	False	P	False	3	1	1	0	1
203	20	3	5	0	his	True	-3	42	200	200	200	200	304	304	304	520	-3	his	False	P	False	3	1	1	0	0
204	20	3	162	0	his	True	-3	43	224	224	224	224	160	160	160	160	-3	his	False	P	False	3	1	1	0	0
205	21	3	114	0	his	True	-3	1	244	244	244	244	148	148	444	1140	-3	his	False	P	False	3	1	1	0	0
206	21	3	44	0	his	True	-3	2	92	92	92	92	80	80	264	564	-3	his	False	P	False	3	1	1	0	0
207	21	3	10	0	his	True	-3	3	212	380	380	380	132	132	132	132	-3	his	False	P	False	3	1	1	0	0
209	21	3	15	0	his	True	-3	5	240	240	456	1128	144	144	144	144	-3	his	False	P	False	3	1	1	0	0
211	21	3	86	0	his	True	-3	7	156	156	156	156	0	0	0	0	-3	his	False	P	False	3	1	1	0	1
212	21	3	86	0	his	True	-3	8	180	180	180	180	200	200	200	200	-3	his	False	P	False	3	1	1	0	0
213	21	3	146	0	his	True	-3	10	140	140	140	140	128	128	128	128	-3	his	False	P	False	3	1	1	0	0
214	21	3	70	0	his	True	-3	11	152	152	152	152	136	136	136	136	-3	his	False	P	False	3	1	1	0	0
215	21	3	36	0	his	True	-3	12	116	116	116	116	224	224	224	224	-3	his	False	P	False	3	1	1	0	0
216	21	3	142	0	his	True	-3	13	180	180	180	180	156	156	156	156	-3	his	False	P	False	3	1	1	0	0
218	21	3	30	0	his	True	-3	15	256	256	256	412	232	232	232	232	-3	his	False	P	False	3	1	1	0	0
219	21	3	48	0	his	True	-3	16	192	192	192	192	144	144	144	144	-3	his	False	P	False	3	1	1	0	0
220	21	3	155	0	his	True	-3	17	136	136	136	136	244	400	400	684	-3	his	False	P	False	3	1	1	0	0
222	21	3	42	0	his	True	-3	19	72	72	72	72	296	296	296	432	-3	his	False	P	False	3	1	1	0	0
224	21	3	63	0	his	True	-3	21	144	144	144	144	52	52	52	52	-3	his	False	P	False	3	1	1	0	0
226	21	3	138	0	his	True	-3	23	120	120	120	120	220	220	220	220	-3	his	False	P	False	3	1	1	0	0
227	21	3	146	0	his	True	-3	24	152	152	152	152	164	164	164	164	-3	his	False	P	False	3	1	1	0	0
230	21	3	87	0	his	True	-3	28	140	276	276	276	212	212	212	212	-3	his	False	P	False	3	1	1	0	0
232	21	3	95	0	his	True	-3	30	280	280	280	280	164	164	164	164	-3	his	False	P	False	3	1	1	0	0
234	21	3	154	0	his	True	-3	32	264	264	264	264	236	236	236	236	-3	his	False	P	False	3	1	1	0	0
235	21	3	128	0	his	True	-3	33	160	160	160	160	144	144	144	144	-3	his	False	P	False	3	1	1	0	0
236	21	3	152	0	his	True	-3	34	164	164	164	164	0	0	0	0	-3	his	False	P	False	3	1	1	0	1
237	21	3	95	0	his	True	-3	35	116	116	116	116	584	584	792	2312	-3	his	False	P	False	3	1	1	0	0
239	21	3	190	0	his	True	-3	37	124	124	124	124	180	180	180	180	-3	his	False	P	False	3	1	1	0	0
242	21	3	67	0	his	True	-3	40	224	224	224	224	304	304	304	304	-3	his	False	P	False	3	1	1	0	0
245	21	3	93	0	his	True	-3	43	128	128	128	128	212	212	212	212	-3	his	False	P	False	3	1	1	0	0
288	32	5	138	0	our	True	-4	1	256	256	256	764	0	0	0	0	-4	our	False	P	True	3	1	1	0	1
289	32	5	70	0	our	True	-4	2	176	176	700	864	0	0	0	0	-4	our	False	P	True	3	1	1	0	1
290	32	5	87	0	our	True	-4	3	156	348	348	348	0	0	0	0	-4	our	False	P	True	3	1	1	0	1
291	32	5	26	0	our	True	-4	4	132	132	1100	1220	0	0	0	0	-4	our	False	P	True	3	1	1	0	1
292	32	5	115	0	our	True	-4	5	304	304	304	1544	0	0	0	0	-4	our	False	P	True	3	1	1	0	1
293	32	5	72	0	our	True	-4	6	312	312	312	312	248	248	248	248	-4	our	False	P	True	3	1	1	0	0
294	32	5	73	0	our	True	-4	7	140	140	304	664	0	0	0	0	-4	our	False	P	True	3	1	1	0	1
295	32	5	31	0	our	True	-4	8	180	180	180	660	0	0	0	0	-4	our	False	P	True	3	1	1	0	1
296	32	5	58	0	our	True	-4	10	192	192	408	940	196	196	196	1104	-4	our	False	P	True	3	1	1	0	0
297	32	5	188	0	our	True	-4	11	280	280	280	680	0	0	0	0	-4	our	False	P	True	3	1	1	0	1
298	32	5	23	0	our	True	-4	12	192	192	192	772	0	0	0	0	-4	our	False	P	True	3	1	1	0	1
299	32	5	23	0	our	True	-4	13	184	184	184	184	504	504	504	504	-4	our	False	P	True	3	1	1	0	0
301	32	5	117	0	our	True	-4	15	640	640	640	640	0	0	0	0	-4	our	False	P	True	3	1	1	0	1
302	32	5	43	0	our	True	-4	16	216	744	1336	1556	0	0	0	0	-4	our	False	P	True	3	1	1	0	1
303	32	5	135	0	our	True	-4	18	276	276	276	276	292	292	292	292	-4	our	False	P	True	3	1	1	0	0
304	32	5	82	0	our	True	-4	19	260	260	260	260	412	412	412	636	-4	our	False	P	True	3	1	1	0	0
306	32	5	71	0	our	True	-4	21	124	124	124	124	232	232	232	1248	-4	our	False	P	True	3	1	1	0	0
308	32	5	186	0	our	True	-4	23	376	376	376	376	428	1520	1520	1520	-4	our	False	P	True	3	1	1	0	0
309	32	5	56	0	our	True	-4	24	168	168	168	168	396	396	396	396	-4	our	False	P	True	3	1	1	0	0
310	32	5	49	0	our	True	-4	25	200	200	200	340	180	180	180	180	-4	our	False	P	True	3	1	1	0	0
311	32	5	144	0	our	True	-4	27	260	828	828	828	0	0	0	0	-4	our	False	P	True	3	1	1	0	1
312	32	5	14	0	our	True	-4	28	192	192	192	192	168	168	168	292	-4	our	False	P	True	3	1	1	0	0
313	32	5	98	0	our	True	-4	29	180	180	180	180	152	152	152	572	-4	our	False	P	True	3	1	1	0	0
314	32	5	172	0	our	True	-4	30	248	248	248	864	0	0	0	0	-4	our	False	P	True	3	1	1	0	1
315	32	5	169	0	our	True	-4	31	140	140	140	140	0	0	0	0	-4	our	False	P	True	3	1	1	0	1
316	32	5	95	0	our	True	-4	32	176	176	176	176	316	316	316	316	-4	our	False	P	True	3	1	1	0	0
317	32	5	22	0	our	True	-4	33	236	236	236	652	200	744	744	744	-4	our	False	P	True	3	1	1	0	0
318	32	5	74	0	our	True	-4	34	996	996	996	996	0	0	0	0	-4	our	False	P	True	3	1	1	0	1
319	32	5	28	0	our	True	-4	35	156	156	156	156	560	560	560	560	-4	our	False	P	True	3	1	1	0	0
320	32	5	164	0	our	True	-4	36	204	204	204	616	0	0	0	0	-4	our	False	P	True	3	1	1	0	1
321	32	5	118	0	our	True	-4	37	184	184	468	668	0	0	0	0	-4	our	False	P	True	3	1	1	0	1
322	32	5	184	0	our	True	-4	38	212	212	212	264	320	320	320	320	-4	our	False	P	True	3	1	1	0	0
323	32	5	188	0	our	True	-4	39	140	140	232	452	148	148	148	320	-4	our	False	P	True	3	1	1	0	0
325	32	5	121	0	our	True	-4	41	100	100	300	636	148	148	148	148	-4	our	False	P	True	3	1	1	0	0
327	32	5	153	0	our	True	-4	43	212	212	212	212	144	144	144	472	-4	our	False	P	True	3	1	1	0	0
328	42	5	26	0	he	False	-4	1	216	216	216	216	412	412	412	412	-4	he	False	O	False	2	0	1	0	0
329	42	5	145	0	he	False	-4	2	212	212	212	212	268	344	344	648	-4	he	False	O	False	2	0	1	0	0
331	42	5	94	0	he	False	-4	4	144	144	144	144	180	228	620	1296	-4	he	False	O	False	2	0	1	0	0
335	42	5	56	0	he	False	-4	8	312	312	312	312	260	260	260	260	-4	he	False	O	False	2	0	1	0	0
336	42	5	1	0	he	False	-4	10	120	120	120	120	144	144	1040	2336	-4	he	False	O	False	2	0	1	0	0
337	42	5	4	0	he	False	-4	11	148	148	148	148	132	736	736	736	-4	he	False	O	False	2	0	1	0	0
340	42	5	82	0	he	False	-4	14	248	248	248	248	196	196	692	1068	-4	he	False	O	False	2	0	1	0	0
341	42	5	124	0	he	False	-4	15	224	224	804	976	0	0	0	0	-4	he	False	O	False	2	0	1	0	1
342	42	5	194	0	he	False	-4	16	224	224	224	224	204	204	204	380	-4	he	False	O	False	2	0	1	0	0
343	42	5	177	0	he	False	-4	18	256	256	256	256	444	444	444	444	-4	he	False	O	False	2	0	1	0	0
346	42	5	60	0	he	False	-4	21	200	200	200	520	308	308	308	308	-4	he	False	O	False	2	0	1	0	0
351	42	5	167	0	he	False	-4	27	216	216	216	216	172	484	484	484	-4	he	False	O	False	2	0	1	0	0
352	42	5	102	0	he	False	-4	28	164	164	164	164	164	164	164	164	-4	he	False	O	False	2	0	1	0	0
353	42	5	113	0	he	False	-4	29	160	160	160	160	184	184	184	184	-4	he	False	O	False	2	0	1	0	0
354	42	5	102	0	he	False	-4	30	160	476	476	476	220	220	220	220	-4	he	False	O	False	2	0	1	0	0
355	42	5	25	0	he	False	-4	31	132	132	132	340	96	96	96	96	-4	he	False	O	False	2	0	1	0	0
356	42	5	38	0	he	False	-4	32	148	148	148	148	356	356	356	356	-4	he	False	O	False	2	0	1	0	0
358	42	5	204	0	he	False	-4	34	156	156	156	392	0	0	0	0	-4	he	False	O	False	2	0	1	0	1
359	42	5	194	0	he	False	-4	35	184	184	184	184	136	136	136	136	-4	he	False	O	False	2	0	1	0	0
360	42	5	203	0	he	False	-4	36	168	168	168	168	152	152	152	152	-4	he	False	O	False	2	0	1	0	0
361	42	5	120	0	he	False	-4	37	124	124	124	124	184	184	184	184	-4	he	False	O	False	2	0	1	0	0
362	42	5	63	0	he	False	-4	38	168	168	168	168	172	172	172	172	-4	he	False	O	False	2	0	1	0	0
368	43	6	124	0	his	False	-5	1	204	204	204	204	456	456	456	456	-5	his	False	P	False	3	0	1	0	0
369	43	6	41	0	his	False	-5	2	152	360	360	360	0	0	0	0	-5	his	False	P	False	3	0	1	0	1
370	43	6	16	0	his	False	-5	3	464	464	464	464	248	248	248	600	-5	his	False	P	False	3	0	1	0	0
371	43	6	178	0	his	False	-5	4	192	192	192	192	196	196	196	868	-5	his	False	P	False	3	0	1	0	0
374	43	6	6	0	his	False	-5	7	164	164	320	668	0	0	0	0	-5	his	False	P	False	3	0	1	0	1
375	43	6	173	0	his	False	-5	8	272	272	272	272	0	0	0	0	-5	his	False	P	False	3	0	1	0	1
376	43	6	10	0	his	False	-5	9	68	68	68	68	344	524	1032	1672	-5	his	False	P	False	3	0	1	0	0
378	43	6	60	0	his	False	-5	11	224	224	224	224	188	188	188	656	-5	his	False	P	False	3	0	1	0	0
379	43	6	202	0	his	False	-5	12	148	148	284	800	0	0	0	0	-5	his	False	P	False	3	0	1	0	1
380	43	6	11	0	his	False	-5	13	260	260	260	260	0	0	0	0	-5	his	False	P	False	3	0	1	0	1
382	43	6	28	0	his	False	-5	15	252	252	252	252	0	0	0	0	-5	his	False	P	False	3	0	1	0	1
384	43	6	114	0	his	False	-5	17	360	360	360	2920	0	0	0	0	-5	his	False	P	False	3	0	1	0	1
385	43	6	25	0	his	False	-5	18	204	204	204	204	148	148	148	288	-5	his	False	P	False	3	0	1	0	0
386	43	6	115	0	his	False	-5	19	220	220	220	220	184	184	184	184	-5	his	False	P	False	3	0	1	0	0
388	43	6	32	0	his	False	-5	21	120	120	240	396	104	104	528	1720	-5	his	False	P	False	3	0	1	0	0
389	43	6	120	0	his	False	-5	22	216	216	216	216	0	0	0	0	-5	his	False	P	False	3	0	1	0	1
390	43	6	160	0	his	False	-5	23	172	172	172	172	396	656	656	656	-5	his	False	P	False	3	0	1	0	0
391	43	6	68	0	his	False	-5	24	264	264	264	588	0	0	0	0	-5	his	False	P	False	3	0	1	0	1
393	43	6	138	0	his	False	-5	27	196	196	196	196	124	668	668	668	-5	his	False	P	False	3	0	1	0	0
394	43	6	8	0	his	False	-5	28	156	324	324	324	440	440	440	792	-5	his	False	P	False	3	0	1	0	0
395	43	6	64	0	his	False	-5	29	136	136	136	136	160	160	160	508	-5	his	False	P	False	3	0	1	0	0
396	43	6	98	0	his	False	-5	30	492	492	492	492	0	0	0	0	-5	his	False	P	False	3	0	1	0	1
398	43	6	132	0	his	False	-5	32	216	216	216	216	312	312	312	312	-5	his	False	P	False	3	0	1	0	0
399	43	6	17	0	his	False	-5	33	172	172	344	836	260	260	260	836	-5	his	False	P	False	3	0	1	0	0
400	43	6	5	0	his	False	-5	34	156	156	156	156	176	176	176	176	-5	his	False	P	False	3	0	1	0	0
401	43	6	91	0	his	False	-5	35	324	324	324	736	0	0	0	0	-5	his	False	P	False	3	0	1	0	1
402	43	6	153	0	his	False	-5	36	164	164	164	164	0	0	0	0	-5	his	False	P	False	3	0	1	0	1
403	43	6	34	0	his	False	-5	37	300	396	396	580	0	0	0	0	-5	his	False	P	False	3	0	1	0	1
404	43	6	192	0	his	False	-5	38	192	192	192	192	0	0	0	0	-5	his	False	P	False	3	0	1	0	1
406	43	6	184	0	his	False	-5	40	208	368	368	368	0	0	0	0	-5	his	False	P	False	3	0	1	0	1
407	43	6	17	0	his	False	-5	41	164	164	164	164	428	428	428	428	-5	his	False	P	False	3	0	1	0	0
409	43	6	161	0	his	False	-5	43	152	300	300	300	260	260	260	504	-5	his	False	P	False	3	0	1	0	0
410	45	6	96	0	his	False	-4	1	380	380	380	380	1032	1032	1032	1032	-4	his	False	P	False	3	0	1	0	0
411	45	6	168	0	his	False	-4	2	208	208	208	208	0	0	0	0	-4	his	False	P	False	3	0	1	0	1
412	45	6	196	0	his	False	-4	3	148	380	380	380	100	100	100	376	-4	his	False	P	False	3	0	1	0	0
413	45	6	152	0	his	False	-4	4	120	120	120	120	396	592	592	592	-4	his	False	P	False	3	0	1	0	0
415	45	6	37	0	his	False	-4	6	220	220	220	220	0	0	0	0	-4	his	False	P	False	3	0	1	0	1
416	45	6	119	0	his	False	-4	7	160	160	160	1076	160	396	1720	2660	-4	his	False	P	False	3	0	1	0	0
417	45	6	127	0	his	False	-4	8	208	208	208	208	0	0	0	0	-4	his	False	P	False	3	0	1	0	1
418	45	6	35	0	his	False	-4	10	300	300	300	300	136	136	136	716	-4	his	False	P	False	3	0	1	0	0
419	45	6	119	0	his	False	-4	11	196	196	196	196	0	0	0	0	-4	his	False	P	False	3	0	1	0	1
421	45	6	28	0	his	False	-4	13	72	72	72	72	0	0	0	0	-4	his	False	P	False	3	0	1	0	1
423	45	6	173	0	his	False	-4	15	164	164	328	932	0	0	0	0	-4	his	False	P	False	3	0	1	0	1
424	45	6	187	0	his	False	-4	16	264	540	540	540	448	448	448	448	-4	his	False	P	False	3	0	1	0	0
427	45	6	165	0	his	False	-4	19	172	196	196	1168	0	0	0	0	-4	his	False	P	False	3	0	1	0	1
428	45	6	9	0	his	False	-4	20	244	244	436	740	108	108	108	808	-4	his	False	P	False	3	0	1	0	0
429	45	6	161	0	his	False	-4	21	200	200	200	200	212	212	212	212	-4	his	False	P	False	3	0	1	0	0
433	45	6	82	0	his	False	-4	25	212	212	212	448	0	0	0	0	-4	his	False	P	False	3	0	1	0	1
434	45	6	57	0	his	False	-4	27	236	236	236	236	300	792	792	792	-4	his	False	P	False	3	0	1	0	0
436	45	6	100	0	his	False	-4	29	240	240	240	240	144	144	144	144	-4	his	False	P	False	3	0	1	0	0
437	45	6	164	0	his	False	-4	30	268	268	268	268	204	536	536	536	-4	his	False	P	False	3	0	1	0	0
438	45	6	125	0	his	False	-4	31	204	204	204	204	92	92	92	92	-4	his	False	P	False	3	0	1	0	0
439	45	6	81	0	his	False	-4	32	152	368	368	368	224	224	224	224	-4	his	False	P	False	3	0	1	0	0
440	45	6	152	0	his	False	-4	33	176	176	316	576	116	116	116	116	-4	his	False	P	False	3	0	1	0	0
441	45	6	141	0	his	False	-4	34	200	200	200	640	0	0	0	0	-4	his	False	P	False	3	0	1	0	1
443	45	6	113	0	his	False	-4	36	244	244	244	452	0	0	0	0	-4	his	False	P	False	3	0	1	0	1
444	45	6	32	0	his	False	-4	37	144	144	264	580	0	0	0	0	-4	his	False	P	False	3	0	1	0	1
445	45	6	161	0	his	False	-4	38	104	104	104	104	0	0	0	0	-4	his	False	P	False	3	0	1	0	1
447	45	6	15	0	his	False	-4	40	128	128	128	488	420	760	760	760	-4	his	False	P	False	3	0	1	0	0
448	45	6	2	0	his	False	-4	41	188	672	672	672	0	0	0	0	-4	his	False	P	False	3	0	1	0	1
450	45	6	172	0	his	False	-4	43	260	260	260	260	340	572	572	572	-4	his	False	P	False	3	0	1	0	0
451	46	5	28	0	his	False	-5	1	296	296	296	296	148	148	296	1484	-5	his	False	P	False	3	0	1	0	0
452	46	5	87	0	his	False	-5	2	252	252	252	252	24	24	136	236	-5	his	False	P	False	3	0	1	0	0
453	46	5	157	0	his	False	-5	3	212	316	316	316	212	212	212	212	-5	his	False	P	False	3	0	1	0	0
454	46	5	92	0	his	False	-5	4	176	176	176	176	152	152	572	900	-5	his	False	P	False	3	0	1	0	0
455	46	5	161	0	his	False	-5	5	208	208	208	208	164	396	396	396	-5	his	False	P	False	3	0	1	0	0
457	46	5	145	0	his	False	-5	7	160	160	160	160	80	80	80	1164	-5	his	False	P	False	3	0	1	0	0
458	46	5	93	0	his	False	-5	8	224	224	224	224	152	152	152	152	-5	his	False	P	False	3	0	1	0	0
459	46	5	81	0	his	False	-5	10	244	244	244	244	180	180	180	180	-5	his	False	P	False	3	0	1	0	0
460	46	5	41	0	his	False	-5	11	164	164	164	164	168	344	344	344	-5	his	False	P	False	3	0	1	0	0
462	46	5	15	0	his	False	-5	13	240	240	240	240	0	0	0	0	-5	his	False	P	False	3	0	1	0	1
463	46	5	199	0	his	False	-5	14	272	272	272	272	176	176	176	176	-5	his	False	P	False	3	0	1	0	0
465	46	5	200	0	his	False	-5	16	148	352	352	352	236	452	452	452	-5	his	False	P	False	3	0	1	0	0
468	46	5	184	0	his	False	-5	19	136	328	328	328	132	132	132	132	-5	his	False	P	False	3	0	1	0	0
469	46	5	160	0	his	False	-5	20	248	248	248	248	208	208	208	208	-5	his	False	P	False	3	0	1	0	0
472	46	5	153	0	his	False	-5	23	272	272	272	272	64	64	536	1696	-5	his	False	P	False	3	0	1	0	0
473	46	5	179	0	his	False	-5	24	280	280	344	564	520	520	520	520	-5	his	False	P	False	3	0	1	0	0
474	46	5	89	0	his	False	-5	25	120	120	120	120	228	228	228	368	-5	his	False	P	False	3	0	1	0	0
475	46	5	107	0	his	False	-5	27	232	420	420	420	420	420	420	420	-5	his	False	P	False	3	0	1	0	0
477	46	5	147	0	his	False	-5	29	132	132	132	288	148	148	148	148	-5	his	False	P	False	3	0	1	0	0
478	46	5	22	0	his	False	-5	30	256	256	256	256	300	300	300	300	-5	his	False	P	False	3	0	1	0	0
479	46	5	12	0	his	False	-5	31	180	180	180	180	168	168	168	168	-5	his	False	P	False	3	0	1	0	0
480	46	5	90	0	his	False	-5	32	212	212	212	212	136	136	136	136	-5	his	False	P	False	3	0	1	0	0
481	46	5	74	0	his	False	-5	33	116	116	256	628	200	200	200	200	-5	his	False	P	False	3	0	1	0	0
484	46	5	117	0	his	False	-5	36	276	276	276	500	0	0	0	0	-5	his	False	P	False	3	0	1	0	1
487	46	5	134	0	his	False	-5	39	204	204	204	204	232	232	232	232	-5	his	False	P	False	3	0	1	0	0
488	46	5	22	0	his	False	-5	40	188	324	456	556	132	132	132	132	-5	his	False	P	False	3	0	1	0	0
491	46	5	32	0	his	False	-5	43	152	152	152	152	172	172	308	856	-5	his	False	P	False	3	0	1	0	0
492	47	6	44	0	his	False	-5	1	524	524	524	524	1040	1040	1040	1040	-5	his	False	P	False	3	0	1	0	0
493	47	6	190	0	his	False	-5	2	168	168	168	168	268	268	268	268	-5	his	False	P	False	3	0	1	0	0
494	47	6	166	0	his	False	-5	3	260	260	260	260	0	0	0	0	-5	his	False	P	False	3	0	1	0	1
497	47	6	50	0	his	False	-5	6	732	732	732	732	0	0	0	0	-5	his	False	P	False	3	0	1	0	1
498	47	6	38	0	his	False	-5	7	136	136	136	592	196	196	340	1040	-5	his	False	P	False	3	0	1	0	0
499	47	6	82	0	his	False	-5	8	392	392	392	392	0	0	0	0	-5	his	False	P	False	3	0	1	0	1
500	47	6	61	0	his	False	-5	10	296	296	296	1808	0	0	0	0	-5	his	False	P	False	3	0	1	0	1
501	47	6	169	0	his	False	-5	11	312	312	312	312	0	0	0	0	-5	his	False	P	False	3	0	1	0	1
502	47	6	86	0	his	False	-5	12	320	320	320	1024	0	0	0	0	-5	his	False	P	False	3	0	1	0	1
503	47	6	26	0	his	False	-5	13	336	336	336	336	396	656	656	656	-5	his	False	P	False	3	0	1	0	0
504	47	6	61	0	his	False	-5	14	176	176	176	176	608	608	608	780	-5	his	False	P	False	3	0	1	0	0
505	47	6	37	0	his	False	-5	15	356	356	356	356	0	0	0	0	-5	his	False	P	False	3	0	1	0	1
506	47	6	162	0	his	False	-5	16	280	532	532	532	332	812	812	812	-5	his	False	P	False	3	0	1	0	0
509	47	6	67	0	his	False	-5	19	176	176	176	176	136	136	136	724	-5	his	False	P	False	3	0	1	0	0
510	47	6	137	0	his	False	-5	20	152	152	152	152	140	208	348	1980	-5	his	False	P	False	3	0	1	0	0
512	47	6	179	0	his	False	-5	22	324	324	324	324	308	308	308	308	-5	his	False	P	False	3	0	1	0	0
513	47	6	9	0	his	False	-5	23	244	244	408	660	356	1060	1060	3016	-5	his	False	P	False	3	0	1	0	0
514	47	6	43	0	his	False	-5	24	520	520	520	520	0	0	0	0	-5	his	False	P	False	3	0	1	0	1
517	47	6	7	0	his	False	-5	28	184	440	440	440	196	196	196	196	-5	his	False	P	False	3	0	1	0	0
518	47	6	172	0	his	False	-5	29	388	388	388	388	316	316	316	636	-5	his	False	P	False	3	0	1	0	0
519	47	6	64	0	his	False	-5	30	200	200	200	708	0	0	0	0	-5	his	False	P	False	3	0	1	0	1
520	47	6	98	0	his	False	-5	31	144	144	144	144	0	0	0	0	-5	his	False	P	False	3	0	1	0	1
521	47	6	125	0	his	False	-5	32	164	164	164	164	356	356	356	356	-5	his	False	P	False	3	0	1	0	0
523	47	6	163	0	his	False	-5	34	728	1196	1196	1196	0	0	0	0	-5	his	False	P	False	3	0	1	0	1
524	47	6	30	0	his	False	-5	35	200	200	200	200	416	416	416	416	-5	his	False	P	False	3	0	1	0	0
526	47	6	108	0	his	False	-5	37	536	536	680	896	292	292	292	292	-5	his	False	P	False	3	0	1	0	0
528	47	6	64	0	his	False	-5	39	256	256	444	1232	0	0	0	0	-5	his	False	P	False	3	0	1	0	1
529	47	6	75	0	his	False	-5	40	264	264	264	264	260	484	484	756	-5	his	False	P	False	3	0	1	0	0
530	47	6	150	0	his	False	-5	41	160	160	160	160	132	428	428	428	-5	his	False	P	False	3	0	1	0	0
531	47	6	21	0	his	False	-5	42	288	288	288	288	376	720	720	720	-5	his	False	P	False	3	0	1	0	0
532	47	6	171	0	his	False	-5	43	292	292	292	292	200	200	200	200	-5	his	False	P	False	3	0	1	0	0
533	48	6	56	0	his	False	-5	1	248	248	248	248	728	728	728	728	-5	his	False	P	False	3	0	1	0	0
534	48	6	136	0	his	False	-5	2	184	600	600	600	0	0	0	0	-5	his	False	P	False	3	0	1	0	1
535	48	6	9	0	his	False	-5	3	184	340	340	1148	0	0	0	0	-5	his	False	P	False	3	0	1	0	1
536	48	6	131	0	his	False	-5	4	172	172	172	288	264	264	264	264	-5	his	False	P	False	3	0	1	0	0
537	48	6	114	0	his	False	-5	5	252	252	252	1188	0	0	0	0	-5	his	False	P	False	3	0	1	0	1
539	48	6	46	0	his	False	-5	7	136	136	136	608	52	52	748	1232	-5	his	False	P	False	3	0	1	0	0
540	48	6	88	0	his	False	-5	8	288	288	288	480	316	316	316	316	-5	his	False	P	False	3	0	1	0	0
541	48	6	23	0	his	False	-5	10	268	268	268	268	184	184	184	1100	-5	his	False	P	False	3	0	1	0	0
542	48	6	1	0	his	False	-5	11	176	320	320	320	296	296	296	704	-5	his	False	P	False	3	0	1	0	0
543	48	6	154	0	his	False	-5	12	440	440	440	440	0	0	0	0	-5	his	False	P	False	3	0	1	0	1
545	48	6	110	0	his	False	-5	14	204	204	204	204	336	336	336	336	-5	his	False	P	False	3	0	1	0	0
546	48	6	20	0	his	False	-5	15	92	92	320	544	340	340	340	340	-5	his	False	P	False	3	0	1	0	0
547	48	6	79	0	his	False	-5	16	192	192	192	192	292	2100	2100	2100	-5	his	False	P	False	3	0	1	0	0
550	48	6	204	0	his	False	-5	19	260	260	260	924	0	0	0	0	-5	his	False	P	False	3	0	1	0	1
553	48	6	11	0	his	False	-5	22	284	284	284	284	660	660	660	660	-5	his	False	P	False	3	0	1	0	0
555	48	6	76	0	his	False	-5	24	460	460	460	460	364	364	364	364	-5	his	False	P	False	3	0	1	0	0
557	48	6	60	0	his	False	-5	27	320	320	320	320	456	456	456	456	-5	his	False	P	False	3	0	1	0	0
558	48	6	67	0	his	False	-5	28	364	364	364	364	432	432	432	432	-5	his	False	P	False	3	0	1	0	0
560	48	6	146	0	his	False	-5	30	420	420	420	1372	0	0	0	0	-5	his	False	P	False	3	0	1	0	1
562	48	6	191	0	his	False	-5	32	160	160	160	160	0	0	0	0	-5	his	False	P	False	3	0	1	0	1
563	48	6	98	0	his	False	-5	33	184	184	184	184	204	204	204	204	-5	his	False	P	False	3	0	1	0	0
564	48	6	183	0	his	False	-5	34	688	688	688	688	0	0	0	0	-5	his	False	P	False	3	0	1	0	1
566	48	6	60	0	his	False	-5	36	256	256	256	520	0	0	0	0	-5	his	False	P	False	3	0	1	0	1
567	48	6	168	0	his	False	-5	37	148	544	544	544	0	0	0	0	-5	his	False	P	False	3	0	1	0	1
568	48	6	170	0	his	False	-5	38	400	868	868	868	0	0	0	0	-5	his	False	P	False	3	0	1	0	1
569	48	6	89	0	his	False	-5	39	192	192	192	664	0	0	0	0	-5	his	False	P	False	3	0	1	0	1
572	48	6	88	0	his	False	-5	42	160	160	160	160	228	228	228	652	-5	his	False	P	False	3	0	1	0	0
573	48	6	167	0	his	False	-5	43	244	244	244	244	336	564	564	564	-5	his	False	P	False	3	0	1	0	0
575	49	5	71	0	his	False	-3	2	184	184	184	184	140	140	140	140	-3	his	False	P	False	3	0	1	0	0
576	49	5	97	0	his	False	-3	3	152	152	152	152	204	356	356	356	-3	his	False	P	False	3	0	1	0	0
580	49	5	26	0	his	False	-3	7	84	84	84	84	0	0	0	0	-3	his	False	P	False	3	0	1	0	1
581	49	5	55	0	his	False	-3	8	172	172	172	172	232	232	232	452	-3	his	False	P	False	3	0	1	0	0
582	49	5	101	0	his	False	-3	10	140	140	140	140	152	152	152	152	-3	his	False	P	False	3	0	1	0	0
583	49	5	45	0	his	False	-3	11	140	140	140	140	168	168	168	168	-3	his	False	P	False	3	0	1	0	0
585	49	5	90	0	his	False	-3	13	216	216	216	216	284	284	284	284	-3	his	False	P	False	3	0	1	0	0
586	49	5	91	0	his	False	-3	14	192	520	520	520	240	240	240	240	-3	his	False	P	False	3	0	1	0	0
588	49	5	9	0	his	False	-3	16	160	160	160	160	208	208	208	496	-3	his	False	P	False	3	0	1	0	0
589	49	5	175	0	his	False	-3	17	272	272	272	272	0	0	0	0	-3	his	False	P	False	3	0	1	0	1
590	49	5	104	0	his	False	-3	18	180	180	180	180	188	188	188	320	-3	his	False	P	False	3	0	1	0	0
593	49	5	16	0	his	False	-3	21	152	152	152	152	192	192	192	192	-3	his	False	P	False	3	0	1	0	0
594	49	5	85	0	his	False	-3	22	192	192	192	192	228	228	228	228	-3	his	False	P	False	3	0	1	0	0
595	49	5	94	0	his	False	-3	23	164	164	164	164	260	260	260	260	-3	his	False	P	False	3	0	1	0	0
596	49	5	160	0	his	False	-3	24	472	472	472	472	252	252	252	396	-3	his	False	P	False	3	0	1	0	0
599	49	5	187	0	his	False	-3	28	184	184	532	884	208	208	208	208	-3	his	False	P	False	3	0	1	0	0
600	49	5	4	0	his	False	-3	29	132	132	132	132	184	184	184	184	-3	his	False	P	False	3	0	1	0	0
601	49	5	6	0	his	False	-3	30	280	280	280	280	0	0	0	0	-3	his	False	P	False	3	0	1	0	1
602	49	5	48	0	his	False	-3	31	148	148	148	148	0	0	0	0	-3	his	False	P	False	3	0	1	0	1
603	49	5	70	0	his	False	-3	32	156	156	156	156	220	220	220	220	-3	his	False	P	False	3	0	1	0	0
606	49	5	90	0	his	False	-3	35	172	172	172	172	184	184	184	184	-3	his	False	P	False	3	0	1	0	0
608	49	5	59	0	his	False	-3	37	236	236	236	236	152	152	152	152	-3	his	False	P	False	3	0	1	0	0
611	49	5	7	0	his	False	-3	40	192	192	372	764	188	188	188	188	-3	his	False	P	False	3	0	1	0	0
613	49	5	42	0	his	False	-3	42	160	160	160	160	136	136	136	300	-3	his	False	P	False	3	0	1	0	0
615	52	6	50	0	her	True	-4	1	200	344	344	344	340	340	600	1892	-4	her	False	O	False	3	1	1	0	0
616	52	6	167	0	her	True	-4	2	220	220	220	220	224	224	224	420	-4	her	False	O	False	3	1	1	0	0
617	52	6	68	0	her	True	-4	3	200	200	200	408	0	0	0	0	-4	her	False	O	False	3	1	1	0	1
618	52	6	35	0	her	True	-4	4	228	228	460	1400	396	396	396	396	-4	her	False	O	False	3	1	1	0	0
620	52	6	122	0	her	True	-4	6	504	504	504	504	0	0	0	0	-4	her	False	O	False	3	1	1	0	1
621	52	6	14	0	her	True	-4	7	176	176	176	368	180	180	944	2532	-4	her	False	O	False	3	1	1	0	0
622	52	6	159	0	her	True	-4	8	1292	1292	1292	1292	0	0	0	0	-4	her	False	O	False	3	1	1	0	1
623	52	6	198	0	her	True	-4	10	144	408	408	408	24	24	24	1284	-4	her	False	O	False	3	1	1	0	0
624	52	6	48	0	her	True	-4	11	264	264	264	264	232	232	232	696	-4	her	False	O	False	3	1	1	0	0
625	52	6	78	0	her	True	-4	12	688	688	688	688	0	0	0	0	-4	her	False	O	False	3	1	1	0	1
626	52	6	14	0	her	True	-4	13	224	224	224	224	384	384	384	384	-4	her	False	O	False	3	1	1	0	0
627	52	6	168	0	her	True	-4	14	208	208	536	724	0	0	0	0	-4	her	False	O	False	3	1	1	0	1
628	52	6	200	0	her	True	-4	15	332	332	332	332	164	164	164	680	-4	her	False	O	False	3	1	1	0	0
629	52	6	195	0	her	True	-4	16	288	288	288	288	264	484	484	484	-4	her	False	O	False	3	1	1	0	0
630	52	6	105	0	her	True	-4	17	560	1068	1068	1068	0	0	0	0	-4	her	False	O	False	3	1	1	0	1
632	52	6	142	0	her	True	-4	19	200	200	656	856	0	0	0	0	-4	her	False	O	False	3	1	1	0	1
635	52	6	157	0	her	True	-4	22	256	256	256	408	0	0	0	0	-4	her	False	O	False	3	1	1	0	1
636	52	6	20	0	her	True	-4	23	172	172	172	172	280	440	440	836	-4	her	False	O	False	3	1	1	0	0
639	52	6	47	0	her	True	-4	27	232	232	580	1208	0	0	0	0	-4	her	False	O	False	3	1	1	0	1
640	52	6	72	0	her	True	-4	28	172	172	172	172	368	368	368	368	-4	her	False	O	False	3	1	1	0	0
641	52	6	131	0	her	True	-4	29	108	108	108	108	304	304	304	304	-4	her	False	O	False	3	1	1	0	0
642	52	6	188	0	her	True	-4	30	256	256	256	256	408	408	408	408	-4	her	False	O	False	3	1	1	0	0
644	52	6	13	0	her	True	-4	32	232	232	232	232	268	268	268	268	-4	her	False	O	False	3	1	1	0	0
645	52	6	171	0	her	True	-4	33	328	328	328	328	0	0	0	0	-4	her	False	O	False	3	1	1	0	1
646	52	6	131	0	her	True	-4	34	268	268	268	268	344	344	344	344	-4	her	False	O	False	3	1	1	0	0
649	52	6	178	0	her	True	-4	37	176	176	176	176	368	368	368	604	-4	her	False	O	False	3	1	1	0	0
651	52	6	201	0	her	True	-4	39	148	148	148	320	0	0	0	0	-4	her	False	O	False	3	1	1	0	1
652	52	6	17	0	her	True	-4	40	268	268	268	268	232	232	324	532	-4	her	False	O	False	3	1	1	0	0
653	52	6	66	0	her	True	-4	41	212	212	212	452	368	368	368	368	-4	her	False	O	False	3	1	1	0	0
654	52	6	61	0	her	True	-4	42	232	232	232	232	512	512	512	512	-4	her	False	O	False	3	1	1	0	0
655	52	6	94	0	her	True	-4	43	232	232	428	812	0	0	0	0	-4	her	False	O	False	3	1	1	0	1
699	59	6	32	0	he	True	-3	2	168	284	284	408	156	156	156	156	-3	he	False	O	False	2	1	1	0	0
700	59	6	33	0	he	True	-3	3	172	172	172	172	168	348	348	348	-3	he	False	O	False	2	1	1	0	0
703	59	6	100	0	he	True	-3	6	144	144	144	144	0	0	0	0	-3	he	False	O	False	2	1	1	0	1
714	59	6	103	0	he	True	-3	18	164	164	164	164	0	0	0	0	-3	he	False	O	False	2	1	1	0	1
716	59	6	125	0	he	True	-3	20	124	124	124	124	0	0	0	0	-3	he	False	O	False	2	1	1	0	1
718	59	6	42	0	he	True	-3	22	144	144	144	1908	600	600	600	600	-3	he	False	O	False	2	1	1	0	0
725	59	6	187	0	he	True	-3	30	244	244	244	244	216	216	216	216	-3	he	False	O	False	2	1	1	0	0
728	59	6	156	0	he	True	-3	33	264	264	264	264	128	128	128	128	-3	he	False	O	False	2	1	1	0	0
730	59	6	38	0	he	True	-3	35	168	168	168	168	0	0	0	0	-3	he	False	O	False	2	1	1	0	1
732	59	6	94	0	he	True	-3	37	136	136	136	136	180	180	180	180	-3	he	False	O	False	2	1	1	0	0
738	59	6	39	0	he	True	-3	43	92	92	92	92	396	396	396	396	-3	he	False	O	False	2	1	1	0	0
739	66	7	100	0	his	True	-4	1	160	160	360	700	80	80	80	244	-4	his	False	P	False	3	1	1	0	0
740	66	7	141	0	his	True	-4	2	108	108	108	108	108	108	108	688	-4	his	False	P	False	3	1	1	0	0
741	66	7	44	0	his	True	-4	3	372	372	372	372	700	700	700	700	-4	his	False	P	False	3	1	1	0	0
742	66	7	3	0	his	True	-4	4	172	328	328	328	156	156	156	912	-4	his	False	P	False	3	1	1	0	0
745	66	7	17	0	his	True	-4	7	188	188	464	1060	320	320	476	636	-4	his	False	P	False	3	1	1	0	0
746	66	7	105	0	his	True	-4	8	316	792	792	792	268	268	268	1076	-4	his	False	P	False	3	1	1	0	0
747	66	7	157	0	his	True	-4	10	248	248	404	640	36	384	384	1080	-4	his	False	P	False	3	1	1	0	0
748	66	7	148	0	his	True	-4	11	356	356	356	356	108	108	108	108	-4	his	False	P	False	3	1	1	0	0
749	66	7	66	0	his	True	-4	12	176	320	548	1236	0	0	0	0	-4	his	False	P	False	3	1	1	0	1
750	66	7	43	0	his	True	-4	13	384	384	384	592	216	216	216	216	-4	his	False	P	False	3	1	1	0	0
751	66	7	17	0	his	True	-4	14	144	576	576	792	0	0	0	0	-4	his	False	P	False	3	1	1	0	1
752	66	7	45	0	his	True	-4	15	140	280	280	384	152	152	152	152	-4	his	False	P	False	3	1	1	0	0
753	66	7	201	0	his	True	-4	16	208	208	208	208	204	204	204	660	-4	his	False	P	False	3	1	1	0	0
754	66	7	157	0	his	True	-4	17	184	520	520	520	0	0	0	0	-4	his	False	P	False	3	1	1	0	1
755	66	7	205	0	his	True	-4	18	376	376	376	376	0	0	0	0	-4	his	False	P	False	3	1	1	0	1
756	66	7	174	0	his	True	-4	19	168	168	168	168	100	100	100	284	-4	his	False	P	False	3	1	1	0	0
759	66	7	144	0	his	True	-4	22	612	612	884	1096	292	292	292	1472	-4	his	False	P	False	3	1	1	0	0
760	66	7	27	0	his	True	-4	23	132	132	132	132	224	344	344	1348	-4	his	False	P	False	3	1	1	0	0
761	66	7	127	0	his	True	-4	24	440	440	440	440	0	0	0	0	-4	his	False	P	False	3	1	1	0	1
762	66	7	116	0	his	True	-4	25	168	168	168	168	268	268	660	1204	-4	his	False	P	False	3	1	1	0	0
763	66	7	25	0	his	True	-4	27	216	504	504	504	228	228	228	228	-4	his	False	P	False	3	1	1	0	0
764	66	7	52	0	his	True	-4	28	172	172	172	344	240	240	240	240	-4	his	False	P	False	3	1	1	0	0
765	66	7	132	0	his	True	-4	29	324	324	324	424	284	284	284	284	-4	his	False	P	False	3	1	1	0	0
766	66	7	101	0	his	True	-4	30	280	896	896	896	0	0	0	0	-4	his	False	P	False	3	1	1	0	1
768	66	7	114	0	his	True	-4	32	300	300	300	472	96	96	96	96	-4	his	False	P	False	3	1	1	0	0
769	66	7	92	0	his	True	-4	33	112	112	112	112	140	140	296	904	-4	his	False	P	False	3	1	1	0	0
770	66	7	155	0	his	True	-4	34	240	240	496	732	0	0	0	0	-4	his	False	P	False	3	1	1	0	1
771	66	7	52	0	his	True	-4	35	156	156	156	156	120	120	120	656	-4	his	False	P	False	3	1	1	0	0
772	66	7	111	0	his	True	-4	36	212	212	212	212	0	0	0	0	-4	his	False	P	False	3	1	1	0	1
773	66	7	143	0	his	True	-4	37	172	172	172	172	248	248	248	248	-4	his	False	P	False	3	1	1	0	0
774	66	7	131	0	his	True	-4	38	112	360	360	488	0	0	0	0	-4	his	False	P	False	3	1	1	0	1
777	66	7	173	0	his	True	-4	41	208	208	208	208	268	268	268	268	-4	his	False	P	False	3	1	1	0	0
778	66	7	151	0	his	True	-4	42	236	236	236	1140	404	404	404	404	-4	his	False	P	False	3	1	1	0	0
779	66	7	156	0	his	True	-4	43	120	804	804	804	196	196	196	196	-4	his	False	P	False	3	1	1	0	0
780	71	7	11	0	his	False	-5	1	280	280	280	280	680	680	680	1044	-5	his	False	P	False	3	0	1	0	0
781	71	7	19	0	his	False	-5	2	208	208	208	428	220	220	220	844	-5	his	False	P	False	3	0	1	0	0
782	71	7	53	0	his	False	-5	3	332	332	332	484	156	156	156	156	-5	his	False	P	False	3	0	1	0	0
785	71	7	45	0	his	False	-5	6	224	224	224	488	0	0	0	0	-5	his	False	P	False	3	0	1	0	1
786	71	7	9	0	his	False	-5	7	132	132	132	132	100	100	492	1916	-5	his	False	P	False	3	0	1	0	0
788	71	7	56	0	his	False	-5	10	184	184	184	184	140	140	312	880	-5	his	False	P	False	3	0	1	0	0
789	71	7	182	0	his	False	-5	11	204	204	204	392	128	292	292	292	-5	his	False	P	False	3	0	1	0	0
791	71	7	64	0	his	False	-5	13	196	196	196	196	240	240	240	724	-5	his	False	P	False	3	0	1	0	0
794	71	7	164	0	his	False	-5	16	228	228	228	228	152	760	1116	1236	-5	his	False	P	False	3	0	1	0	0
795	71	7	36	0	his	False	-5	18	216	216	216	216	156	156	360	896	-5	his	False	P	False	3	0	1	0	0
796	71	7	97	0	his	False	-5	19	232	232	232	232	64	64	64	452	-5	his	False	P	False	3	0	1	0	0
800	71	7	23	0	his	False	-5	23	184	184	184	184	232	436	932	2888	-5	his	False	P	False	3	0	1	0	0
802	71	7	130	0	his	False	-5	25	212	212	212	324	216	216	508	816	-5	his	False	P	False	3	0	1	0	0
807	71	7	160	0	his	False	-5	31	140	268	268	268	60	252	252	604	-5	his	False	P	False	3	0	1	0	0
809	71	7	126	0	his	False	-5	33	212	212	368	700	216	216	216	216	-5	his	False	P	False	3	0	1	0	0
811	71	7	139	0	his	False	-5	35	224	224	224	224	164	308	308	1580	-5	his	False	P	False	3	0	1	0	0
812	71	7	89	0	his	False	-5	36	184	184	184	184	116	116	116	596	-5	his	False	P	False	3	0	1	0	0
814	71	7	103	0	his	False	-5	38	264	264	264	264	140	140	140	1976	-5	his	False	P	False	3	0	1	0	0
815	71	7	103	0	his	False	-5	39	248	248	248	248	164	164	288	460	-5	his	False	P	False	3	0	1	0	0
817	71	7	170	0	his	False	-5	41	184	184	184	316	168	168	168	168	-5	his	False	P	False	3	0	1	0	0
818	71	7	29	0	his	False	-5	42	156	156	156	156	280	280	372	1440	-5	his	False	P	False	3	0	1	0	0
862	87	3	63	0	his	True	-3	1	216	216	216	216	288	288	288	288	-3	his	False	P	False	3	1	1	0	0
864	87	3	161	0	his	True	-3	3	144	144	528	808	128	128	128	128	-3	his	False	P	False	3	1	1	0	0
865	87	3	23	0	his	True	-3	4	248	248	248	248	200	200	200	200	-3	his	False	P	False	3	1	1	0	0
869	87	3	203	0	his	True	-3	8	200	200	200	200	0	0	0	0	-3	his	False	P	False	3	1	1	0	1
870	87	3	19	0	his	True	-3	9	200	200	200	200	136	136	136	136	-3	his	False	P	False	3	1	1	0	0
871	87	3	115	0	his	True	-3	10	292	292	476	820	136	136	136	136	-3	his	False	P	False	3	1	1	0	0
872	87	3	128	0	his	True	-3	11	144	144	144	144	160	160	160	160	-3	his	False	P	False	3	1	1	0	0
874	87	3	141	0	his	True	-3	13	216	216	216	216	160	160	160	160	-3	his	False	P	False	3	1	1	0	0
876	87	3	153	0	his	True	-3	15	300	300	300	300	0	0	0	0	-3	his	False	P	False	3	1	1	0	1
877	87	3	177	0	his	True	-3	16	160	160	160	160	176	312	312	312	-3	his	False	P	False	3	1	1	0	0
880	87	3	86	0	his	True	-3	19	300	300	300	300	384	384	384	384	-3	his	False	P	False	3	1	1	0	0
883	87	3	188	0	his	True	-3	22	204	204	204	204	212	356	356	356	-3	his	False	P	False	3	1	1	0	0
884	87	3	112	0	his	True	-3	23	280	280	448	1204	284	532	532	532	-3	his	False	P	False	3	1	1	0	0
885	87	3	10	0	his	True	-3	24	232	232	408	692	192	192	364	688	-3	his	False	P	False	3	1	1	0	0
886	87	3	159	0	his	True	-3	25	164	164	164	164	168	380	380	676	-3	his	False	P	False	3	1	1	0	0
887	87	3	187	0	his	True	-3	27	268	268	268	268	180	180	180	180	-3	his	False	P	False	3	1	1	0	0
888	87	3	150	0	his	True	-3	28	312	312	312	312	200	200	200	200	-3	his	False	P	False	3	1	1	0	0
890	87	3	149	0	his	True	-3	30	244	244	244	244	184	184	384	976	-3	his	False	P	False	3	1	1	0	0
892	87	3	64	0	his	True	-3	32	268	268	268	268	168	288	288	288	-3	his	False	P	False	3	1	1	0	0
893	87	3	4	0	his	True	-3	33	64	168	284	564	96	96	96	96	-3	his	False	P	False	3	1	1	0	0
894	87	3	169	0	his	True	-3	34	200	200	200	200	188	188	188	188	-3	his	False	P	False	3	1	1	0	0
895	87	3	112	0	his	True	-3	35	232	232	232	232	188	188	188	188	-3	his	False	P	False	3	1	1	0	0
897	87	3	65	0	his	True	-3	37	180	180	180	312	184	316	316	316	-3	his	False	P	False	3	1	1	0	0
900	87	3	69	0	his	True	-3	40	184	184	388	604	148	148	148	148	-3	his	False	P	False	3	1	1	0	0
902	87	3	89	0	his	True	-3	42	140	140	140	140	128	128	128	128	-3	his	False	P	False	3	1	1	0	0
903	87	3	50	0	his	True	-3	43	168	168	168	168	160	160	160	160	-3	his	False	P	False	3	1	1	0	0
906	88	8	54	0	his	True	-6	3	224	224	224	224	240	240	240	240	-6	his	False	P	False	3	1	1	0	0
907	88	8	205	0	his	True	-6	4	372	372	372	372	136	284	440	616	-6	his	False	P	False	3	1	1	0	0
908	88	8	118	0	his	True	-6	5	236	236	408	2096	168	168	168	540	-6	his	False	P	False	3	1	1	0	0
909	88	8	68	0	his	True	-6	6	128	128	128	128	0	0	0	0	-6	his	False	P	False	3	1	1	0	1
910	88	8	150	0	his	True	-6	7	188	188	540	1488	196	196	196	332	-6	his	False	P	False	3	1	1	0	0
911	88	8	107	0	his	True	-6	8	240	240	1008	2572	0	0	0	0	-6	his	False	P	False	3	1	1	0	1
912	88	8	141	0	his	True	-6	10	152	152	152	152	152	400	400	1980	-6	his	False	P	False	3	1	1	0	0
913	88	8	178	0	his	True	-6	11	220	220	220	220	160	492	492	808	-6	his	False	P	False	3	1	1	0	0
914	88	8	145	0	his	True	-6	12	108	108	108	108	140	140	140	468	-6	his	False	P	False	3	1	1	0	0
916	88	8	137	0	his	True	-6	14	472	472	760	852	152	152	152	496	-6	his	False	P	False	3	1	1	0	0
918	88	8	61	0	his	True	-6	16	192	192	192	192	252	356	356	1364	-6	his	False	P	False	3	1	1	0	0
919	88	8	131	0	his	True	-6	18	240	240	240	240	204	204	204	204	-6	his	False	P	False	3	1	1	0	0
920	88	8	6	0	his	True	-6	19	136	136	136	136	204	204	1028	2440	-6	his	False	P	False	3	1	1	0	0
921	88	8	76	0	his	True	-6	20	320	320	320	320	164	164	352	1108	-6	his	False	P	False	3	1	1	0	0
923	88	8	168	0	his	True	-6	22	176	176	176	176	144	144	144	144	-6	his	False	P	False	3	1	1	0	0
924	88	8	126	0	his	True	-6	23	304	304	304	304	228	228	904	3200	-6	his	False	P	False	3	1	1	0	0
925	88	8	198	0	his	True	-6	24	140	140	140	140	272	272	272	472	-6	his	False	P	False	3	1	1	0	0
926	88	8	75	0	his	True	-6	25	212	212	212	340	204	204	204	1248	-6	his	False	P	False	3	1	1	0	0
927	88	8	10	0	his	True	-6	27	128	128	128	128	260	260	260	408	-6	his	False	P	False	3	1	1	0	0
928	88	8	188	0	his	True	-6	28	116	116	308	816	172	172	172	172	-6	his	False	P	False	3	1	1	0	0
929	88	8	15	0	his	True	-6	29	172	172	172	172	108	272	272	272	-6	his	False	P	False	3	1	1	0	0
930	88	8	31	0	his	True	-6	30	216	216	216	216	392	392	392	620	-6	his	False	P	False	3	1	1	0	0
932	88	8	153	0	his	True	-6	32	260	260	260	260	0	0	0	0	-6	his	False	P	False	3	1	1	0	1
933	88	8	109	0	his	True	-6	33	188	188	188	188	76	76	140	1844	-6	his	False	P	False	3	1	1	0	0
935	88	8	199	0	his	True	-6	35	168	168	168	168	124	124	124	124	-6	his	False	P	False	3	1	1	0	0
937	88	8	205	0	his	True	-6	37	68	68	68	504	0	0	0	0	-6	his	False	P	False	3	1	1	0	1
938	88	8	91	0	his	True	-6	38	184	184	184	416	236	236	428	768	-6	his	False	P	False	3	1	1	0	0
939	88	8	150	0	his	True	-6	39	184	184	184	184	360	360	360	360	-6	his	False	P	False	3	1	1	0	0
940	88	8	79	0	his	True	-6	40	140	140	308	580	0	0	0	0	-6	his	False	P	False	3	1	1	0	1
941	88	8	176	0	his	True	-6	41	240	240	240	240	140	312	312	964	-6	his	False	P	False	3	1	1	0	0
942	88	8	62	0	his	True	-6	42	220	220	864	2740	488	488	488	1588	-6	his	False	P	False	3	1	1	0	0
943	88	8	17	0	his	True	-6	43	356	356	356	356	152	152	152	152	-6	his	False	P	False	3	1	1	0	0
944	89	4	67	0	he	True	-4	1	228	228	228	228	180	180	180	180	-4	he	False	O	False	2	1	1	0	0
946	89	4	148	0	he	True	-4	3	288	288	288	436	152	276	276	276	-4	he	False	O	False	2	1	1	0	0
948	89	4	188	0	he	True	-4	5	160	160	160	160	180	180	180	180	-4	he	False	O	False	2	1	1	0	0
953	89	4	101	0	he	True	-4	11	172	172	172	172	0	0	0	0	-4	he	False	O	False	2	1	1	0	1
954	89	4	126	0	he	True	-4	12	212	212	212	212	0	0	0	0	-4	he	False	O	False	2	1	1	0	1
958	89	4	204	0	he	True	-4	16	208	208	208	208	152	152	152	152	-4	he	False	O	False	2	1	1	0	0
963	89	4	9	0	he	True	-4	22	164	164	164	2644	252	252	252	252	-4	he	False	O	False	2	1	1	0	0
965	89	4	176	0	he	True	-4	24	196	196	196	196	188	188	188	188	-4	he	False	O	False	2	1	1	0	0
967	89	4	18	0	he	True	-4	27	124	124	124	124	184	184	184	184	-4	he	False	O	False	2	1	1	0	0
970	89	4	99	0	he	True	-4	30	500	500	500	500	200	200	200	200	-4	he	False	O	False	2	1	1	0	0
973	89	4	113	0	he	True	-4	33	220	220	220	372	176	176	176	176	-4	he	False	O	False	2	1	1	0	0
977	89	4	83	0	he	True	-4	37	172	172	172	172	88	88	88	88	-4	he	False	O	False	2	1	1	0	0
983	89	4	38	0	he	True	-4	43	140	140	140	140	148	148	148	148	-4	he	False	O	False	2	1	1	0	0
984	89	8	67	0	his	True	-2	1	832	832	832	832	0	0	0	0	-2	his	False	P	False	3	2	1	0	1
985	89	8	163	0	his	True	-2	2	228	228	420	640	0	0	0	0	-2	his	False	P	False	3	2	1	0	1
987	89	8	137	0	his	True	-2	4	244	244	376	1648	472	472	472	472	-2	his	False	P	False	3	2	1	0	0
988	89	8	188	0	his	True	-2	5	228	228	228	504	160	160	160	160	-2	his	False	P	False	3	2	1	0	0
990	89	8	50	0	his	True	-2	7	160	160	576	1652	288	288	288	288	-2	his	False	P	False	3	2	1	0	0
991	89	8	164	0	his	True	-2	8	212	312	312	312	0	0	0	0	-2	his	False	P	False	3	2	1	0	1
992	89	8	130	0	his	True	-2	10	216	216	216	216	208	208	208	1784	-2	his	False	P	False	3	2	1	0	0
993	89	8	101	0	his	True	-2	11	268	528	528	528	152	152	152	152	-2	his	False	P	False	3	2	1	0	0
994	89	8	126	0	his	True	-2	12	120	120	500	628	0	0	0	0	-2	his	False	P	False	3	2	1	0	1
995	89	8	193	0	his	True	-2	13	240	240	240	240	520	520	520	616	-2	his	False	P	False	3	2	1	0	0
996	89	8	150	0	his	True	-2	14	240	240	240	240	172	424	424	424	-2	his	False	P	False	3	2	1	0	0
997	89	8	175	0	his	True	-2	15	368	448	448	448	0	0	0	0	-2	his	False	P	False	3	2	1	0	1
998	89	8	204	0	his	True	-2	16	232	232	232	232	212	476	476	476	-2	his	False	P	False	3	2	1	0	0
1000	89	8	63	0	his	True	-2	19	164	164	164	164	164	164	164	732	-2	his	False	P	False	3	2	1	0	0
1003	89	8	9	0	his	True	-2	22	356	356	356	356	340	780	1112	10432	-2	his	False	P	False	3	2	1	0	0
1004	89	8	48	0	his	True	-2	23	180	180	180	180	188	188	188	476	-2	his	False	P	False	3	2	1	0	0
1005	89	8	176	0	his	True	-2	24	156	156	836	1220	0	0	0	0	-2	his	False	P	False	3	2	1	0	1
1006	89	8	30	0	his	True	-2	25	216	216	348	544	236	236	236	504	-2	his	False	P	False	3	2	1	0	0
1007	89	8	18	0	his	True	-2	27	300	300	300	300	244	244	244	244	-2	his	False	P	False	3	2	1	0	0
1008	89	8	184	0	his	True	-2	28	216	252	588	824	260	260	260	260	-2	his	False	P	False	3	2	1	0	0
1009	89	8	174	0	his	True	-2	29	148	148	148	148	120	332	332	332	-2	his	False	P	False	3	2	1	0	0
1010	89	8	99	0	his	True	-2	30	168	168	168	168	380	380	380	836	-2	his	False	P	False	3	2	1	0	0
1011	89	8	166	0	his	True	-2	31	144	144	144	144	0	0	0	0	-2	his	False	P	False	3	2	1	0	1
1012	89	8	116	0	his	True	-2	32	420	420	420	420	172	228	228	228	-2	his	False	P	False	3	2	1	0	0
1013	89	8	113	0	his	True	-2	33	128	128	128	128	288	372	372	372	-2	his	False	P	False	3	2	1	0	0
1014	89	8	18	0	his	True	-2	34	204	204	648	832	0	0	0	0	-2	his	False	P	False	3	2	1	0	1
1015	89	8	65	0	his	True	-2	35	112	112	112	112	236	236	236	236	-2	his	False	P	False	3	2	1	0	0
1017	89	8	83	0	his	True	-2	37	216	216	216	216	224	356	356	356	-2	his	False	P	False	3	2	1	0	0
1018	89	8	169	0	his	True	-2	38	424	424	424	500	0	0	0	0	-2	his	False	P	False	3	2	1	0	1
1020	89	8	68	0	his	True	-2	40	204	204	204	204	140	252	440	988	-2	his	False	P	False	3	2	1	0	0
1022	89	8	33	0	his	True	-2	42	508	508	508	860	0	0	0	0	-2	his	False	P	False	3	2	1	0	1
1023	89	8	38	0	his	True	-2	43	236	236	236	236	120	120	120	420	-2	his	False	P	False	3	2	1	0	0
1024	90	3	13	0	his	True	-3	1	256	256	256	256	244	244	244	244	-3	his	False	P	False	3	1	1	0	0
1025	90	3	170	0	his	True	-3	2	172	172	172	172	156	156	156	156	-3	his	False	P	False	3	1	1	0	0
1026	90	3	72	0	his	True	-3	3	160	160	160	160	216	296	368	568	-3	his	False	P	False	3	1	1	0	0
1028	90	3	169	0	his	True	-3	5	304	304	304	560	228	228	228	228	-3	his	False	P	False	3	1	1	0	0
1029	90	3	172	0	his	True	-3	6	232	232	232	232	148	276	276	276	-3	his	False	P	False	3	1	1	0	0
1031	90	3	36	0	his	True	-3	8	448	448	448	448	0	0	0	0	-3	his	False	P	False	3	1	1	0	1
1033	90	3	21	0	his	True	-3	11	236	236	404	564	0	0	0	0	-3	his	False	P	False	3	1	1	0	1
1035	90	3	140	0	his	True	-3	13	232	232	232	232	164	164	164	164	-3	his	False	P	False	3	1	1	0	0
1036	90	3	132	0	his	True	-3	14	128	128	128	128	220	220	220	220	-3	his	False	P	False	3	1	1	0	0
1037	90	3	131	0	his	True	-3	15	220	220	220	320	0	0	0	0	-3	his	False	P	False	3	1	1	0	1
1038	90	3	119	0	his	True	-3	16	172	444	444	444	152	152	152	152	-3	his	False	P	False	3	1	1	0	0
1039	90	3	69	0	his	True	-3	17	132	132	132	132	180	180	180	180	-3	his	False	P	False	3	1	1	0	0
1041	90	3	187	0	his	True	-3	19	108	108	108	108	116	304	304	304	-3	his	False	P	False	3	1	1	0	0
1042	90	3	175	0	his	True	-3	20	152	152	152	152	148	148	148	148	-3	his	False	P	False	3	1	1	0	0
1044	90	3	165	0	his	True	-3	22	248	248	248	840	468	468	468	468	-3	his	False	P	False	3	1	1	0	0
1045	90	3	197	0	his	True	-3	23	240	240	240	908	0	0	0	0	-3	his	False	P	False	3	1	1	0	1
1046	90	3	8	0	his	True	-3	24	316	316	316	316	0	0	0	0	-3	his	False	P	False	3	1	1	0	1
1048	90	3	123	0	his	True	-3	27	232	432	432	432	248	248	248	248	-3	his	False	P	False	3	1	1	0	0
1049	90	3	96	0	his	True	-3	28	464	464	464	464	152	152	152	152	-3	his	False	P	False	3	1	1	0	0
1051	90	3	4	0	his	True	-3	30	100	100	428	916	224	412	412	412	-3	his	False	P	False	3	1	1	0	0
1053	90	3	62	0	his	True	-3	32	176	176	176	176	284	284	284	284	-3	his	False	P	False	3	1	1	0	0
1054	90	3	157	0	his	True	-3	33	116	116	116	116	204	204	204	204	-3	his	False	P	False	3	1	1	0	0
1055	90	3	143	0	his	True	-3	34	404	404	404	404	0	0	0	0	-3	his	False	P	False	3	1	1	0	1
1058	90	3	125	0	his	True	-3	37	120	120	120	120	144	480	480	480	-3	his	False	P	False	3	1	1	0	0
1063	90	3	94	0	his	True	-3	42	244	244	244	244	0	0	0	0	-3	his	False	P	False	3	1	1	0	1
1065	90	8	13	0	his	True	-4	1	284	284	284	284	596	752	752	1020	-4	his	False	P	False	3	2	1	0	0
1066	90	8	170	0	his	True	-4	2	104	304	304	420	0	0	0	0	-4	his	False	P	False	3	2	1	0	1
1067	90	8	72	0	his	True	-4	3	364	364	364	364	144	144	144	144	-4	his	False	P	False	3	2	1	0	0
1069	90	8	169	0	his	True	-4	5	572	572	572	936	0	0	0	0	-4	his	False	P	False	3	2	1	0	1
1072	90	8	36	0	his	True	-4	8	412	412	412	696	0	0	0	0	-4	his	False	P	False	3	2	1	0	1
1073	90	8	71	0	his	True	-4	10	172	172	172	172	116	116	116	1664	-4	his	False	P	False	3	2	1	0	0
1074	90	8	21	0	his	True	-4	11	256	256	256	424	404	404	404	404	-4	his	False	P	False	3	2	1	0	0
1075	90	8	203	0	his	True	-4	12	232	232	232	736	0	0	0	0	-4	his	False	P	False	3	2	1	0	1
1076	90	8	140	0	his	True	-4	13	156	156	156	156	372	372	372	912	-4	his	False	P	False	3	2	1	0	0
1077	90	8	132	0	his	True	-4	14	356	356	356	356	136	136	136	136	-4	his	False	P	False	3	2	1	0	0
1078	90	8	131	0	his	True	-4	15	424	424	424	872	200	200	536	860	-4	his	False	P	False	3	2	1	0	0
1082	90	8	187	0	his	True	-4	19	220	220	220	564	0	0	0	0	-4	his	False	P	False	3	2	1	0	1
1086	90	8	197	0	his	True	-4	23	88	272	272	272	604	604	604	604	-4	his	False	P	False	3	2	1	0	0
1089	90	8	123	0	his	True	-4	27	292	292	292	292	148	148	148	856	-4	his	False	P	False	3	2	1	0	0
1090	90	8	96	0	his	True	-4	28	364	364	364	364	512	512	512	512	-4	his	False	P	False	3	2	1	0	0
1093	90	8	154	0	his	True	-4	31	160	160	160	160	280	280	280	280	-4	his	False	P	False	3	2	1	0	0
1094	90	8	62	0	his	True	-4	32	196	196	196	196	236	236	236	488	-4	his	False	P	False	3	2	1	0	0
1099	90	8	125	0	his	True	-4	37	304	304	304	304	144	144	144	384	-4	his	False	P	False	3	2	1	0	0
1101	90	8	116	0	his	True	-4	39	284	520	520	520	0	0	0	0	-4	his	False	P	False	3	2	1	0	1
1105	90	8	203	0	his	True	-4	43	208	208	208	208	100	100	100	1128	-4	his	False	P	False	3	2	1	0	0
1106	93	5	193	0	his	True	-4	1	132	132	132	132	204	204	204	204	-4	his	False	P	False	3	1	1	0	0
1107	93	5	34	0	his	True	-4	2	224	224	224	288	0	0	0	0	-4	his	False	P	False	3	1	1	0	1
1108	93	5	28	0	his	True	-4	3	212	212	212	212	308	308	308	308	-4	his	False	P	False	3	1	1	0	0
1110	93	5	163	0	his	True	-4	5	232	232	232	232	272	272	272	272	-4	his	False	P	False	3	1	1	0	0
1114	93	5	1	0	his	True	-4	9	192	192	192	192	108	108	108	108	-4	his	False	P	False	3	1	1	0	0
1116	93	5	25	0	his	True	-4	11	192	192	192	192	148	148	148	148	-4	his	False	P	False	3	1	1	0	0
1118	93	5	205	0	his	True	-4	13	152	152	152	152	120	120	120	120	-4	his	False	P	False	3	1	1	0	0
1121	93	5	2	0	his	True	-4	16	224	224	224	224	136	136	136	136	-4	his	False	P	False	3	1	1	0	0
1124	93	5	110	0	his	True	-4	19	36	36	36	36	228	300	300	300	-4	his	False	P	False	3	1	1	0	0
1128	93	5	32	0	his	True	-4	23	176	176	176	176	152	512	512	512	-4	his	False	P	False	3	1	1	0	0
1136	93	5	29	0	his	True	-4	32	244	244	244	244	0	0	0	0	-4	his	False	P	False	3	1	1	0	1
1137	93	5	201	0	his	True	-4	33	152	152	152	152	224	224	224	224	-4	his	False	P	False	3	1	1	0	0
1139	93	5	109	0	his	True	-4	35	192	192	192	192	200	200	200	200	-4	his	False	P	False	3	1	1	0	0
1141	93	5	97	0	his	True	-4	37	188	188	188	188	0	0	0	0	-4	his	False	P	False	3	1	1	0	1
1145	93	5	165	0	his	True	-4	41	140	140	140	140	244	244	244	244	-4	his	False	P	False	3	1	1	0	0
1148	101	8	82	0	his	False	-5	1	140	140	264	892	0	0	0	0	-5	his	False	P	False	3	0	1	0	1
1154	101	8	77	0	his	False	-5	7	132	132	352	2220	188	188	188	504	-5	his	False	P	False	3	0	1	0	0
1155	101	8	49	0	his	False	-5	8	236	236	552	836	0	0	0	0	-5	his	False	P	False	3	0	1	0	1
1156	101	8	178	0	his	False	-5	10	272	272	584	1480	160	160	160	1072	-5	his	False	P	False	3	0	1	0	0
1157	101	8	156	0	his	False	-5	11	276	276	276	276	164	164	164	164	-5	his	False	P	False	3	0	1	0	0
1158	101	8	155	0	his	False	-5	12	264	832	832	832	0	0	0	0	-5	his	False	P	False	3	0	1	0	1
1159	101	8	91	0	his	False	-5	13	212	212	212	212	284	284	284	284	-5	his	False	P	False	3	0	1	0	0
1160	101	8	4	0	his	False	-5	14	140	140	140	140	428	428	428	428	-5	his	False	P	False	3	0	1	0	0
1162	101	8	148	0	his	False	-5	16	232	500	500	500	308	308	308	308	-5	his	False	P	False	3	0	1	0	0
1164	101	8	35	0	his	False	-5	18	248	248	248	384	412	412	412	412	-5	his	False	P	False	3	0	1	0	0
1165	101	8	73	0	his	False	-5	19	280	280	280	1128	0	0	0	0	-5	his	False	P	False	3	0	1	0	1
1169	101	8	26	0	his	False	-5	23	168	168	168	168	236	388	388	1056	-5	his	False	P	False	3	0	1	0	0
1170	101	8	66	0	his	False	-5	24	152	152	152	152	200	200	200	652	-5	his	False	P	False	3	0	1	0	0
1171	101	8	169	0	his	False	-5	25	220	220	220	220	136	136	136	316	-5	his	False	P	False	3	0	1	0	0
1172	101	8	172	0	his	False	-5	27	272	724	724	1136	0	0	0	0	-5	his	False	P	False	3	0	1	0	1
1173	101	8	182	0	his	False	-5	28	304	304	304	304	0	0	0	0	-5	his	False	P	False	3	0	1	0	1
1175	101	8	42	0	his	False	-5	30	196	296	296	296	148	148	148	1388	-5	his	False	P	False	3	0	1	0	0
1177	101	8	127	0	his	False	-5	32	324	324	324	496	284	596	596	596	-5	his	False	P	False	3	0	1	0	0
1178	101	8	54	0	his	False	-5	33	260	260	260	260	396	692	692	692	-5	his	False	P	False	3	0	1	0	0
1182	101	8	71	0	his	False	-5	37	240	240	240	240	220	600	600	600	-5	his	False	P	False	3	0	1	0	0
1183	101	8	4	0	his	False	-5	38	140	140	140	140	324	488	488	808	-5	his	False	P	False	3	0	1	0	0
1184	101	8	53	0	his	False	-5	39	136	136	136	136	132	132	132	1108	-5	his	False	P	False	3	0	1	0	0
1186	101	8	188	0	his	False	-5	41	228	228	228	228	0	0	0	0	-5	his	False	P	False	3	0	1	0	1
1188	101	8	134	0	his	False	-5	43	220	220	220	296	288	288	288	920	-5	his	False	P	False	3	0	1	0	0
1191	102	5	167	0	his	False	-5	3	160	320	320	320	148	148	148	148	-5	his	False	P	False	3	0	1	0	0
1193	102	5	57	0	his	False	-5	5	368	368	368	368	0	0	0	0	-5	his	False	P	False	3	0	1	0	1
1195	102	5	116	0	his	False	-5	7	96	96	96	96	0	0	0	0	-5	his	False	P	False	3	0	1	0	1
1196	102	5	34	0	his	False	-5	8	464	464	464	464	0	0	0	0	-5	his	False	P	False	3	0	1	0	1
1199	102	5	113	0	his	False	-5	12	128	128	128	128	0	0	0	0	-5	his	False	P	False	3	0	1	0	1
1201	102	5	125	0	his	False	-5	14	196	196	196	196	184	184	184	184	-5	his	False	P	False	3	0	1	0	0
1203	102	5	7	0	his	False	-5	16	164	164	164	164	140	140	140	140	-5	his	False	P	False	3	0	1	0	0
1206	102	5	157	0	his	False	-5	19	188	188	188	188	112	112	112	112	-5	his	False	P	False	3	0	1	0	0
1207	102	5	159	0	his	False	-5	20	256	256	256	256	200	200	384	788	-5	his	False	P	False	3	0	1	0	0
1210	102	5	202	0	his	False	-5	23	176	176	176	176	360	360	360	360	-5	his	False	P	False	3	0	1	0	0
1211	102	5	83	0	his	False	-5	24	168	168	168	168	140	140	140	140	-5	his	False	P	False	3	0	1	0	0
1212	102	5	138	0	his	False	-5	25	120	120	120	120	176	176	176	176	-5	his	False	P	False	3	0	1	0	0
1213	102	5	38	0	his	False	-5	27	240	240	240	240	160	292	292	292	-5	his	False	P	False	3	0	1	0	0
1214	102	5	92	0	his	False	-5	28	372	564	852	1072	292	292	292	292	-5	his	False	P	False	3	0	1	0	0
1215	102	5	90	0	his	False	-5	29	184	184	184	184	160	160	160	160	-5	his	False	P	False	3	0	1	0	0
1216	102	5	12	0	his	False	-5	30	440	440	664	1400	180	180	180	180	-5	his	False	P	False	3	0	1	0	0
1217	102	5	164	0	his	False	-5	31	144	144	144	256	196	196	196	196	-5	his	False	P	False	3	0	1	0	0
1219	102	5	189	0	his	False	-5	33	192	192	192	192	168	168	168	168	-5	his	False	P	False	3	0	1	0	0
1220	102	5	63	0	his	False	-5	34	164	164	164	164	0	0	0	0	-5	his	False	P	False	3	0	1	0	1
1223	102	5	189	0	his	False	-5	37	284	284	284	284	196	284	284	284	-5	his	False	P	False	3	0	1	0	0
1224	102	5	144	0	his	False	-5	38	296	296	296	404	164	164	164	164	-5	his	False	P	False	3	0	1	0	0
1226	102	5	150	0	his	False	-5	40	148	148	148	148	128	128	128	388	-5	his	False	P	False	3	0	1	0	0
1228	102	5	128	0	his	False	-5	42	144	144	144	144	0	0	0	0	-5	his	False	P	False	3	0	1	0	1
1231	102	8	18	0	his	False	-2	2	148	148	148	648	0	0	0	0	-2	his	False	P	False	3	1	1	0	1
1233	102	8	19	0	his	False	-2	4	152	152	152	152	144	472	472	756	-2	his	False	P	False	3	1	1	0	0
1235	102	8	179	0	his	False	-2	6	152	152	152	152	140	140	140	280	-2	his	False	P	False	3	1	1	0	0
1236	102	8	116	0	his	False	-2	7	36	36	36	36	180	180	384	2592	-2	his	False	P	False	3	1	1	0	0
1238	102	8	12	0	his	False	-2	10	248	248	248	248	252	252	252	1164	-2	his	False	P	False	3	1	1	0	0
1241	102	8	102	0	his	False	-2	13	264	264	264	264	272	508	508	708	-2	his	False	P	False	3	1	1	0	0
1243	102	8	194	0	his	False	-2	15	220	220	220	220	172	172	172	172	-2	his	False	P	False	3	1	1	0	0
1248	102	8	159	0	his	False	-2	20	164	164	164	164	192	192	192	700	-2	his	False	P	False	3	1	1	0	0
1249	102	8	109	0	his	False	-2	21	136	136	136	136	184	184	184	184	-2	his	False	P	False	3	1	1	0	0
1251	102	8	202	0	his	False	-2	23	144	144	144	144	368	368	524	1484	-2	his	False	P	False	3	1	1	0	0
1256	102	8	90	0	his	False	-2	29	276	276	276	276	152	152	152	288	-2	his	False	P	False	3	1	1	0	0
1258	102	8	164	0	his	False	-2	31	92	92	228	1044	168	168	168	168	-2	his	False	P	False	3	1	1	0	0
1260	102	8	189	0	his	False	-2	33	180	180	180	368	144	308	308	904	-2	his	False	P	False	3	1	1	0	0
1261	102	8	63	0	his	False	-2	34	220	220	220	408	0	0	0	0	-2	his	False	P	False	3	1	1	0	1
1262	102	8	191	0	his	False	-2	35	124	124	124	124	0	0	0	0	-2	his	False	P	False	3	1	1	0	1
1263	102	8	47	0	his	False	-2	36	264	408	408	408	132	132	132	392	-2	his	False	P	False	3	1	1	0	0
1264	102	8	189	0	his	False	-2	37	128	128	128	128	116	116	116	412	-2	his	False	P	False	3	1	1	0	0
1266	102	8	16	0	his	False	-2	39	240	240	240	240	104	104	104	104	-2	his	False	P	False	3	1	1	0	0
1268	102	8	77	0	his	False	-2	41	188	324	324	324	156	328	328	508	-2	his	False	P	False	3	1	1	0	0
1272	102	8	18	0	Paul	False	-2	2	148	148	148	648	0	0	0	0	-2	paul	False	O	False	4	1	1	0	1
1274	102	8	19	0	Paul	False	-2	4	152	152	152	152	144	472	472	756	-2	paul	False	O	False	4	1	1	0	0
1276	102	8	179	0	Paul	False	-2	6	152	152	152	152	140	140	140	280	-2	paul	False	O	False	4	1	1	0	0
1277	102	8	116	0	Paul	False	-2	7	36	36	36	36	180	180	384	2592	-2	paul	False	O	False	4	1	1	0	0
1279	102	8	12	0	Paul	False	-2	10	248	248	248	248	252	252	252	1164	-2	paul	False	O	False	4	1	1	0	0
1282	102	8	102	0	Paul	False	-2	13	264	264	264	264	272	508	508	708	-2	paul	False	O	False	4	1	1	0	0
1284	102	8	194	0	Paul	False	-2	15	220	220	220	220	172	172	172	172	-2	paul	False	O	False	4	1	1	0	0
1289	102	8	159	0	Paul	False	-2	20	164	164	164	164	192	192	192	700	-2	paul	False	O	False	4	1	1	0	0
1290	102	8	109	0	Paul	False	-2	21	136	136	136	136	184	184	184	184	-2	paul	False	O	False	4	1	1	0	0
1292	102	8	202	0	Paul	False	-2	23	144	144	144	144	368	368	524	1484	-2	paul	False	O	False	4	1	1	0	0
1297	102	8	90	0	Paul	False	-2	29	276	276	276	276	152	152	152	288	-2	paul	False	O	False	4	1	1	0	0
1299	102	8	164	0	Paul	False	-2	31	92	92	228	1044	168	168	168	168	-2	paul	False	O	False	4	1	1	0	0
1301	102	8	189	0	Paul	False	-2	33	180	180	180	368	144	308	308	904	-2	paul	False	O	False	4	1	1	0	0
1302	102	8	63	0	Paul	False	-2	34	220	220	220	408	0	0	0	0	-2	paul	False	O	False	4	1	1	0	1
1303	102	8	191	0	Paul	False	-2	35	124	124	124	124	0	0	0	0	-2	paul	False	O	False	4	1	1	0	1
1304	102	8	47	0	Paul	False	-2	36	264	408	408	408	132	132	132	392	-2	paul	False	O	False	4	1	1	0	0
1305	102	8	189	0	Paul	False	-2	37	128	128	128	128	116	116	116	412	-2	paul	False	O	False	4	1	1	0	0
1307	102	8	16	0	Paul	False	-2	39	240	240	240	240	104	104	104	104	-2	paul	False	O	False	4	1	1	0	0
1309	102	8	77	0	Paul	False	-2	41	188	324	324	324	156	328	328	508	-2	paul	False	O	False	4	1	1	0	0
1312	104	3	95	0	his	False	-3	1	224	224	224	224	192	192	192	192	-3	his	False	P	False	3	0	1	0	0
1314	104	3	184	0	his	False	-3	3	200	200	200	200	232	232	232	232	-3	his	False	P	False	3	0	1	0	0
1318	104	3	147	0	his	False	-3	7	184	288	288	288	0	0	0	0	-3	his	False	P	False	3	0	1	0	1
1319	104	3	98	0	his	False	-3	8	208	208	208	208	0	0	0	0	-3	his	False	P	False	3	0	1	0	1
1320	104	3	201	0	his	False	-3	10	184	184	184	184	152	152	152	152	-3	his	False	P	False	3	0	1	0	0
1321	104	3	124	0	his	False	-3	11	180	180	180	180	128	128	128	128	-3	his	False	P	False	3	0	1	0	0
1322	104	3	5	0	his	False	-3	12	160	160	160	160	124	124	124	124	-3	his	False	P	False	3	0	1	0	0
1323	104	3	101	0	his	False	-3	13	232	232	232	232	164	164	164	164	-3	his	False	P	False	3	0	1	0	0
1324	104	3	142	0	his	False	-3	14	212	212	212	212	0	0	0	0	-3	his	False	P	False	3	0	1	0	1
1325	104	3	149	0	his	False	-3	15	132	132	132	132	0	0	0	0	-3	his	False	P	False	3	0	1	0	1
1326	104	3	49	0	his	False	-3	16	220	220	220	220	0	0	0	0	-3	his	False	P	False	3	0	1	0	1
1329	104	3	113	0	his	False	-3	19	156	156	156	156	112	112	112	112	-3	his	False	P	False	3	0	1	0	0
1333	104	3	93	0	his	False	-3	23	204	204	204	204	156	156	156	464	-3	his	False	P	False	3	0	1	0	0
1334	104	3	78	0	his	False	-3	24	152	152	152	152	168	168	168	168	-3	his	False	P	False	3	0	1	0	0
1335	104	3	35	0	his	False	-3	25	240	240	240	240	80	80	224	600	-3	his	False	P	False	3	0	1	0	0
1339	104	3	27	0	his	False	-3	30	288	288	288	288	212	212	212	212	-3	his	False	P	False	3	0	1	0	0
1341	104	3	192	0	his	False	-3	32	188	188	188	188	204	204	204	204	-3	his	False	P	False	3	0	1	0	0
1344	104	3	27	0	his	False	-3	35	164	164	164	164	168	168	168	168	-3	his	False	P	False	3	0	1	0	0
1346	104	3	9	0	his	False	-3	37	272	272	272	272	192	192	192	192	-3	his	False	P	False	3	0	1	0	0
1348	104	3	22	0	his	False	-3	39	292	292	292	1456	432	432	644	940	-3	his	False	P	False	3	0	1	0	0
1350	104	3	204	0	his	False	-3	41	208	208	208	208	116	116	116	116	-3	his	False	P	False	3	0	1	0	0
1353	106	3	108	0	his	False	-3	1	164	212	212	212	124	124	124	124	-3	his	False	P	False	3	0	1	0	0
1354	106	3	154	0	his	False	-3	2	164	164	164	164	116	116	116	116	-3	his	False	P	False	3	0	1	0	0
1355	106	3	177	0	his	False	-3	3	132	248	248	248	180	180	180	180	-3	his	False	P	False	3	0	1	0	0
1357	106	3	108	0	his	False	-3	5	216	216	216	904	204	204	204	204	-3	his	False	P	False	3	0	1	0	0
1358	106	3	127	0	his	False	-3	6	124	124	124	124	0	0	0	0	-3	his	False	P	False	3	0	1	0	1
1359	106	3	16	0	his	False	-3	7	116	116	116	116	124	124	124	124	-3	his	False	P	False	3	0	1	0	0
1360	106	3	113	0	his	False	-3	8	224	224	224	224	0	0	0	0	-3	his	False	P	False	3	0	1	0	1
1362	106	3	187	0	his	False	-3	11	164	164	164	164	148	148	148	148	-3	his	False	P	False	3	0	1	0	0
1364	106	3	196	0	his	False	-3	13	184	184	184	184	128	128	128	128	-3	his	False	P	False	3	0	1	0	0
1367	106	3	16	0	his	False	-3	16	188	188	188	188	148	148	148	148	-3	his	False	P	False	3	0	1	0	0
1370	106	3	2	0	his	False	-3	19	200	200	200	200	104	104	104	104	-3	his	False	P	False	3	0	1	0	0
1371	106	3	196	0	his	False	-3	20	136	136	136	136	0	0	0	0	-3	his	False	P	False	3	0	1	0	1
1372	106	3	179	0	his	False	-3	21	128	128	128	128	128	128	128	128	-3	his	False	P	False	3	0	1	0	0
1374	106	3	52	0	his	False	-3	23	176	176	176	176	268	268	268	268	-3	his	False	P	False	3	0	1	0	0
1375	106	3	137	0	his	False	-3	24	128	128	128	128	112	112	112	112	-3	his	False	P	False	3	0	1	0	0
1376	106	3	129	0	his	False	-3	25	264	264	264	828	192	316	316	316	-3	his	False	P	False	3	0	1	0	0
1377	106	3	146	0	his	False	-3	27	232	232	232	232	0	0	0	0	-3	his	False	P	False	3	0	1	0	1
1378	106	3	20	0	his	False	-3	28	120	228	228	228	192	704	704	704	-3	his	False	P	False	3	0	1	0	0
1380	106	3	2	0	his	False	-3	30	248	248	248	248	0	0	0	0	-3	his	False	P	False	3	0	1	0	1
1382	106	3	133	0	his	False	-3	32	244	244	244	244	228	228	228	228	-3	his	False	P	False	3	0	1	0	0
1393	106	3	85	0	his	False	-3	43	224	224	224	224	104	104	104	104	-3	his	False	P	False	3	0	1	0	0
1394	107	8	94	0	her	True	-7	1	148	148	148	148	220	508	508	508	-7	her	False	O	False	3	2	1	0	0
1395	107	8	104	0	her	True	-7	2	156	156	156	156	172	172	172	548	-7	her	False	O	False	3	2	1	0	0
1396	107	8	94	0	her	True	-7	3	232	444	444	444	116	196	196	196	-7	her	False	O	False	3	2	1	0	0
1397	107	8	6	0	her	True	-7	4	172	172	172	172	92	92	92	768	-7	her	False	O	False	3	2	1	0	0
1398	107	8	172	0	her	True	-7	5	380	380	380	660	0	0	0	0	-7	her	False	O	False	3	2	1	0	1
1399	107	8	123	0	her	True	-7	6	168	168	168	168	0	0	0	0	-7	her	False	O	False	3	2	1	0	1
1400	107	8	115	0	her	True	-7	7	180	180	352	588	312	312	448	1076	-7	her	False	O	False	3	2	1	0	0
1401	107	8	71	0	her	True	-7	8	192	192	192	192	140	140	140	400	-7	her	False	O	False	3	2	1	0	0
1402	107	8	183	0	her	True	-7	10	232	232	232	232	316	316	316	1128	-7	her	False	O	False	3	2	1	0	0
1403	107	8	154	0	her	True	-7	11	292	292	292	292	248	444	444	444	-7	her	False	O	False	3	2	1	0	0
1404	107	8	196	0	her	True	-7	12	348	348	348	832	0	0	0	0	-7	her	False	O	False	3	2	1	0	1
1405	107	8	84	0	her	True	-7	13	476	560	560	560	0	0	0	0	-7	her	False	O	False	3	2	1	0	1
1406	107	8	193	0	her	True	-7	14	220	220	392	596	348	348	348	348	-7	her	False	O	False	3	2	1	0	0
1407	107	8	199	0	her	True	-7	15	240	240	360	632	0	0	0	0	-7	her	False	O	False	3	2	1	0	1
1408	107	8	189	0	her	True	-7	16	200	484	484	484	456	456	612	1204	-7	her	False	O	False	3	2	1	0	0
1409	107	8	109	0	her	True	-7	17	404	404	516	596	0	0	0	0	-7	her	False	O	False	3	2	1	0	1
1410	107	8	109	0	her	True	-7	18	216	216	296	432	0	0	0	0	-7	her	False	O	False	3	2	1	0	1
1411	107	8	120	0	her	True	-7	19	120	120	120	120	312	312	312	1240	-7	her	False	O	False	3	2	1	0	0
1414	107	8	3	0	her	True	-7	22	264	264	704	1964	160	364	364	364	-7	her	False	O	False	3	2	1	0	0
1415	107	8	128	0	her	True	-7	23	172	172	172	172	468	468	468	752	-7	her	False	O	False	3	2	1	0	0
1416	107	8	17	0	her	True	-7	24	304	304	304	864	0	0	0	0	-7	her	False	O	False	3	2	1	0	1
1417	107	8	64	0	her	True	-7	25	168	168	168	168	212	212	400	508	-7	her	False	O	False	3	2	1	0	0
1418	107	8	17	0	her	True	-7	27	296	296	296	296	192	192	192	192	-7	her	False	O	False	3	2	1	0	0
1419	107	8	117	0	her	True	-7	28	232	368	368	368	100	100	100	100	-7	her	False	O	False	3	2	1	0	0
1420	107	8	151	0	her	True	-7	29	216	216	216	216	236	236	236	236	-7	her	False	O	False	3	2	1	0	0
1421	107	8	142	0	her	True	-7	30	196	196	196	676	232	232	444	636	-7	her	False	O	False	3	2	1	0	0
1423	107	8	104	0	her	True	-7	32	164	164	164	164	212	212	212	212	-7	her	False	O	False	3	2	1	0	0
1424	107	8	96	0	her	True	-7	33	272	272	272	272	188	188	188	1144	-7	her	False	O	False	3	2	1	0	0
1426	107	8	116	0	her	True	-7	35	148	148	148	148	164	164	164	164	-7	her	False	O	False	3	2	1	0	0
1427	107	8	194	0	her	True	-7	36	220	220	1128	1540	0	0	0	0	-7	her	False	O	False	3	2	1	0	1
1428	107	8	52	0	her	True	-7	37	140	140	556	1384	0	0	0	0	-7	her	False	O	False	3	2	1	0	1
1429	107	8	12	0	her	True	-7	38	220	220	220	220	124	124	124	124	-7	her	False	O	False	3	2	1	0	0
1430	107	8	54	0	her	True	-7	39	336	540	540	692	0	0	0	0	-7	her	False	O	False	3	2	1	0	1
1432	107	8	13	0	her	True	-7	41	220	220	220	220	108	280	280	280	-7	her	False	O	False	3	2	1	0	0
1433	107	8	179	0	her	True	-7	42	168	168	168	312	0	0	0	0	-7	her	False	O	False	3	2	1	0	1
1434	107	8	27	0	her	True	-7	43	260	556	556	556	172	172	172	172	-7	her	False	O	False	3	2	1	0	0
1524	113	8	51	0	his	True	-7	7	164	164	164	164	0	0	0	0	-7	his	False	P	False	3	1	1	0	1
1525	113	8	181	0	his	True	-7	8	200	200	200	200	200	200	404	1712	-7	his	False	P	False	3	1	1	0	0
1527	113	8	23	0	his	True	-7	11	136	136	136	136	236	544	544	544	-7	his	False	P	False	3	1	1	0	0
1529	113	8	77	0	his	True	-7	13	240	240	240	240	0	0	0	0	-7	his	False	P	False	3	1	1	0	1
1532	113	8	68	0	his	True	-7	16	180	180	180	180	256	396	396	396	-7	his	False	P	False	3	1	1	0	0
1536	113	8	201	0	his	True	-7	20	164	164	164	164	0	0	0	0	-7	his	False	P	False	3	1	1	0	1
1537	113	8	155	0	his	True	-7	21	180	180	180	180	416	416	416	416	-7	his	False	P	False	3	1	1	0	0
1546	113	8	54	0	his	True	-7	31	132	132	132	132	0	0	0	0	-7	his	False	P	False	3	1	1	0	1
1548	113	8	28	0	his	True	-7	33	168	168	168	168	160	160	160	160	-7	his	False	P	False	3	1	1	0	0
1549	113	8	117	0	his	True	-7	34	140	140	140	140	304	304	304	304	-7	his	False	P	False	3	1	1	0	0
1551	113	8	121	0	his	True	-7	36	172	172	172	172	0	0	0	0	-7	his	False	P	False	3	1	1	0	1
1556	113	8	32	0	his	True	-7	41	176	176	176	176	248	248	248	248	-7	his	False	P	False	3	1	1	0	0
1557	113	8	174	0	his	True	-7	42	264	264	264	264	268	268	268	528	-7	his	False	P	False	3	1	1	0	0
1559	114	6	79	0	him	True	-5	1	236	236	236	236	360	360	360	360	-5	him	False	O	False	3	1	1	0	0
1560	114	6	24	0	him	True	-5	2	92	92	92	92	0	0	0	0	-5	him	False	O	False	3	1	1	0	1
1561	114	6	127	0	him	True	-5	3	284	284	284	284	0	0	0	0	-5	him	False	O	False	3	1	1	0	1
1562	114	6	74	0	him	True	-5	4	140	140	140	140	0	0	0	0	-5	him	False	O	False	3	1	1	0	1
1563	114	6	121	0	him	True	-5	5	424	424	424	424	0	0	0	0	-5	him	False	O	False	3	1	1	0	1
1565	114	6	52	0	him	True	-5	7	244	244	244	244	0	0	0	0	-5	him	False	O	False	3	1	1	0	1
1567	114	6	48	0	him	True	-5	10	160	160	160	160	0	0	0	0	-5	him	False	O	False	3	1	1	0	1
1568	114	6	121	0	him	True	-5	11	228	228	228	228	0	0	0	0	-5	him	False	O	False	3	1	1	0	1
1570	114	6	161	0	him	True	-5	13	160	160	160	160	0	0	0	0	-5	him	False	O	False	3	1	1	0	1
1572	114	6	127	0	him	True	-5	15	292	292	292	584	0	0	0	0	-5	him	False	O	False	3	1	1	0	1
1573	114	6	135	0	him	True	-5	16	208	348	348	348	172	172	172	172	-5	him	False	O	False	3	1	1	0	0
1576	114	6	12	0	him	True	-5	19	120	120	120	120	208	208	208	208	-5	him	False	O	False	3	1	1	0	0
1577	114	6	147	0	him	True	-5	20	76	76	76	324	0	0	0	0	-5	him	False	O	False	3	1	1	0	1
1579	114	6	132	0	him	True	-5	22	200	200	200	200	0	0	0	0	-5	him	False	O	False	3	1	1	0	1
1580	114	6	205	0	him	True	-5	23	220	220	220	220	232	232	232	232	-5	him	False	O	False	3	1	1	0	0
1581	114	6	147	0	him	True	-5	24	312	312	312	312	0	0	0	0	-5	him	False	O	False	3	1	1	0	1
1583	114	6	67	0	him	True	-5	27	240	240	240	548	304	304	304	304	-5	him	False	O	False	3	1	1	0	0
1584	114	6	170	0	him	True	-5	28	268	268	268	268	136	136	136	136	-5	him	False	O	False	3	1	1	0	0
1586	114	6	170	0	him	True	-5	30	320	320	320	320	256	256	256	256	-5	him	False	O	False	3	1	1	0	0
1587	114	6	150	0	him	True	-5	31	164	164	164	164	0	0	0	0	-5	him	False	O	False	3	1	1	0	1
1588	114	6	135	0	him	True	-5	32	300	300	300	300	0	0	0	0	-5	him	False	O	False	3	1	1	0	1
1589	114	6	51	0	him	True	-5	33	196	324	324	324	0	0	0	0	-5	him	False	O	False	3	1	1	0	1
1592	114	6	178	0	him	True	-5	36	216	216	216	216	0	0	0	0	-5	him	False	O	False	3	1	1	0	1
1593	114	6	180	0	him	True	-5	37	188	188	188	188	0	0	0	0	-5	him	False	O	False	3	1	1	0	1
1599	114	6	147	0	him	True	-5	43	232	232	232	232	180	180	180	180	-5	him	False	O	False	3	1	1	0	0
1601	114	8	24	0	they	True	-5	2	176	176	176	176	0	0	0	0	-5	they	False	O	True	4	2	1	0	1
1602	114	8	127	0	they	True	-5	3	168	168	336	564	196	196	196	196	-5	they	False	O	True	4	2	1	0	0
1603	114	8	74	0	they	True	-5	4	132	132	132	132	168	168	168	168	-5	they	False	O	True	4	2	1	0	0
1604	114	8	121	0	they	True	-5	5	156	216	216	216	216	216	216	216	-5	they	False	O	True	4	2	1	0	0
1607	114	8	195	0	they	True	-5	8	276	276	276	276	204	204	204	328	-5	they	False	O	True	4	2	1	0	0
1608	114	8	48	0	they	True	-5	10	160	160	160	160	132	132	132	132	-5	they	False	O	True	4	2	1	0	0
1609	114	8	121	0	they	True	-5	11	168	168	168	168	288	288	288	288	-5	they	False	O	True	4	2	1	0	0
1610	114	8	128	0	they	True	-5	12	328	328	564	3652	0	0	0	0	-5	they	False	O	True	4	2	1	0	1
1611	114	8	161	0	they	True	-5	13	236	236	236	236	180	180	180	560	-5	they	False	O	True	4	2	1	0	0
1612	114	8	76	0	they	True	-5	14	304	304	304	304	0	0	0	0	-5	they	False	O	True	4	2	1	0	1
1614	114	8	135	0	they	True	-5	16	216	216	216	216	268	268	268	268	-5	they	False	O	True	4	2	1	0	0
1615	114	8	6	0	they	True	-5	17	192	192	192	192	0	0	0	0	-5	they	False	O	True	4	2	1	0	1
1616	114	8	158	0	they	True	-5	18	212	212	212	212	196	348	348	348	-5	they	False	O	True	4	2	1	0	0
1617	114	8	12	0	they	True	-5	19	168	168	168	168	0	0	0	0	-5	they	False	O	True	4	2	1	0	1
1618	114	8	147	0	they	True	-5	20	200	200	200	200	140	140	140	140	-5	they	False	O	True	4	2	1	0	0
1619	114	8	33	0	they	True	-5	21	132	132	132	132	0	0	0	0	-5	they	False	O	True	4	2	1	0	1
1620	114	8	132	0	they	True	-5	22	252	252	252	252	212	212	212	212	-5	they	False	O	True	4	2	1	0	0
1621	114	8	205	0	they	True	-5	23	160	292	292	292	0	0	0	0	-5	they	False	O	True	4	2	1	0	1
1622	114	8	147	0	they	True	-5	24	136	136	136	136	184	184	720	948	-5	they	False	O	True	4	2	1	0	0
1623	114	8	101	0	they	True	-5	25	204	204	204	204	152	152	152	152	-5	they	False	O	True	4	2	1	0	0
1624	114	8	67	0	they	True	-5	27	208	208	208	208	212	212	212	212	-5	they	False	O	True	4	2	1	0	0
1626	114	8	167	0	they	True	-5	29	208	208	208	208	0	0	0	0	-5	they	False	O	True	4	2	1	0	1
1627	114	8	170	0	they	True	-5	30	132	132	132	132	324	324	324	324	-5	they	False	O	True	4	2	1	0	0
1629	114	8	135	0	they	True	-5	32	256	256	256	256	352	352	352	352	-5	they	False	O	True	4	2	1	0	0
1630	114	8	51	0	they	True	-5	33	92	288	288	288	60	200	344	1524	-5	they	False	O	True	4	2	1	0	0
1631	114	8	11	0	they	True	-5	34	316	316	316	480	224	224	224	224	-5	they	False	O	True	4	2	1	0	0
1632	114	8	23	0	they	True	-5	35	180	180	180	180	172	172	172	172	-5	they	False	O	True	4	2	1	0	0
1634	114	8	180	0	they	True	-5	37	136	320	320	320	144	144	144	144	-5	they	False	O	True	4	2	1	0	0
1635	114	8	100	0	they	True	-5	38	200	200	200	200	0	0	0	0	-5	they	False	O	True	4	2	1	0	1
1636	114	8	3	0	they	True	-5	39	136	136	136	136	0	0	0	0	-5	they	False	O	True	4	2	1	0	1
1637	114	8	135	0	they	True	-5	40	140	140	140	140	0	0	0	0	-5	they	False	O	True	4	2	1	0	1
1638	114	8	103	0	they	True	-5	41	192	192	192	192	252	252	252	252	-5	they	False	O	True	4	2	1	0	0
1641	116	8	71	0	his	False	-3	1	168	168	168	168	496	496	496	496	-3	his	False	P	False	3	0	1	0	0
1646	116	8	73	0	his	False	-3	6	188	188	188	188	0	0	0	0	-3	his	False	P	False	3	0	1	0	1
1648	116	8	184	0	his	False	-3	8	144	144	144	144	352	352	352	352	-3	his	False	P	False	3	0	1	0	0
1649	116	8	121	0	his	False	-3	10	76	76	76	76	204	204	204	204	-3	his	False	P	False	3	0	1	0	0
1654	116	8	43	0	his	False	-3	15	184	184	184	184	320	320	320	1132	-3	his	False	P	False	3	0	1	0	0
1655	116	8	145	0	his	False	-3	16	140	140	140	140	184	184	184	184	-3	his	False	P	False	3	0	1	0	0
1668	116	8	49	0	his	False	-3	30	164	164	164	164	216	216	216	216	-3	his	False	P	False	3	0	1	0	0
1669	116	8	197	0	his	False	-3	31	136	136	136	136	0	0	0	0	-3	his	False	P	False	3	0	1	0	1
1673	116	8	79	0	his	False	-3	35	164	164	164	164	164	164	164	164	-3	his	False	P	False	3	0	1	0	0
1677	116	8	59	0	his	False	-3	39	116	116	116	116	196	196	196	196	-3	his	False	P	False	3	0	1	0	0
1679	116	8	89	0	his	False	-3	41	148	148	148	148	196	196	196	196	-3	his	False	P	False	3	0	1	0	0
1683	117	5	46	0	his	False	-3	2	144	144	144	144	56	56	56	56	-3	his	False	P	False	3	0	1	0	0
1684	117	5	178	0	his	False	-3	3	200	200	200	200	168	280	280	280	-3	his	False	P	False	3	0	1	0	0
1685	117	5	154	0	his	False	-3	4	344	344	344	344	0	0	0	0	-3	his	False	P	False	3	0	1	0	1
1686	117	5	187	0	his	False	-3	5	228	228	228	228	184	184	184	184	-3	his	False	P	False	3	0	1	0	0
1689	117	5	168	0	his	False	-3	8	200	200	200	200	128	128	128	128	-3	his	False	P	False	3	0	1	0	0
1690	117	5	143	0	his	False	-3	10	128	128	128	128	152	152	152	152	-3	his	False	P	False	3	0	1	0	0
1691	117	5	117	0	his	False	-3	11	140	140	140	140	140	140	140	140	-3	his	False	P	False	3	0	1	0	0
1692	117	5	110	0	his	False	-3	12	168	168	168	168	0	0	0	0	-3	his	False	P	False	3	0	1	0	1
1693	117	5	36	0	his	False	-3	13	240	240	240	240	188	188	188	188	-3	his	False	P	False	3	0	1	0	0
1696	117	5	205	0	his	False	-3	16	236	236	236	236	192	192	192	192	-3	his	False	P	False	3	0	1	0	0
1698	117	5	159	0	his	False	-3	19	236	236	236	236	144	144	144	144	-3	his	False	P	False	3	0	1	0	0
1701	117	5	135	0	his	False	-3	22	156	156	156	156	148	148	148	148	-3	his	False	P	False	3	0	1	0	0
1702	117	5	183	0	his	False	-3	23	144	144	144	144	224	224	224	224	-3	his	False	P	False	3	0	1	0	0
1703	117	5	5	0	his	False	-3	24	308	308	308	308	0	0	0	0	-3	his	False	P	False	3	0	1	0	1
1704	117	5	47	0	his	False	-3	25	212	212	212	212	156	156	156	156	-3	his	False	P	False	3	0	1	0	0
1705	117	5	78	0	his	False	-3	27	232	232	232	232	0	0	0	0	-3	his	False	P	False	3	0	1	0	1
1706	117	5	37	0	his	False	-3	28	164	164	288	464	0	0	0	0	-3	his	False	P	False	3	0	1	0	1
1708	117	5	71	0	his	False	-3	30	44	384	384	416	40	40	40	484	-3	his	False	P	False	3	0	1	0	0
1710	117	5	80	0	his	False	-3	32	268	368	368	368	0	0	0	0	-3	his	False	P	False	3	0	1	0	1
1712	117	5	8	0	his	False	-3	34	148	148	148	148	0	0	0	0	-3	his	False	P	False	3	0	1	0	1
1714	117	5	16	0	his	False	-3	36	172	172	172	172	0	0	0	0	-3	his	False	P	False	3	0	1	0	1
1715	117	5	107	0	his	False	-3	37	152	152	152	152	192	192	192	192	-3	his	False	P	False	3	0	1	0	0
1719	117	5	108	0	his	False	-3	41	172	320	320	320	112	112	112	112	-3	his	False	P	False	3	0	1	0	0
1721	117	5	66	0	his	False	-3	43	164	164	164	164	0	0	0	0	-3	his	False	P	False	3	0	1	0	1
1722	117	8	48	0	she	False	-2	1	164	164	164	164	180	180	180	336	-2	she	False	O	False	3	1	1	0	0
1724	117	8	178	0	she	False	-2	3	208	208	208	208	108	108	108	108	-2	she	False	O	False	3	1	1	0	0
1730	117	8	143	0	she	False	-2	10	56	56	56	56	180	180	180	180	-2	she	False	O	False	3	1	1	0	0
1734	117	8	26	0	she	False	-2	14	148	148	148	148	0	0	0	0	-2	she	False	O	False	3	1	1	0	1
1736	117	8	205	0	she	False	-2	16	128	128	128	128	92	92	92	92	-2	she	False	O	False	3	1	1	0	0
1738	117	8	159	0	she	False	-2	19	188	188	188	188	0	0	0	0	-2	she	False	O	False	3	1	1	0	1
1739	117	8	100	0	she	False	-2	20	256	256	256	256	168	168	168	168	-2	she	False	O	False	3	1	1	0	0
1751	117	8	26	0	she	False	-2	33	76	76	76	76	212	212	212	212	-2	she	False	O	False	3	1	1	0	0
1755	117	8	107	0	she	False	-2	37	204	204	204	204	168	168	168	168	-2	she	False	O	False	3	1	1	0	0
1757	117	8	32	0	she	False	-2	39	112	112	112	112	0	0	0	0	-2	she	False	O	False	3	1	1	0	1
1762	118	8	88	0	him	True	-7	1	264	264	264	604	0	0	0	0	-7	him	False	O	False	3	1	1	0	1
1765	118	8	65	0	him	True	-7	4	196	196	196	196	132	132	280	856	-7	him	False	O	False	3	1	1	0	0
1767	118	8	125	0	him	True	-7	6	176	176	176	176	164	164	164	164	-7	him	False	O	False	3	1	1	0	0
1768	118	8	180	0	him	True	-7	7	176	244	244	1016	196	356	356	356	-7	him	False	O	False	3	1	1	0	0
1770	118	8	165	0	him	True	-7	10	116	116	116	116	316	316	316	1268	-7	him	False	O	False	3	1	1	0	0
1775	118	8	164	0	him	True	-7	15	144	144	144	380	108	108	108	488	-7	him	False	O	False	3	1	1	0	0
1777	118	8	75	0	him	True	-7	18	248	248	248	248	124	124	124	124	-7	him	False	O	False	3	1	1	0	0
1778	118	8	194	0	him	True	-7	19	212	212	212	344	176	176	260	1424	-7	him	False	O	False	3	1	1	0	0
1779	118	8	11	0	him	True	-7	20	264	264	264	264	60	60	500	1100	-7	him	False	O	False	3	1	1	0	0
1782	118	8	179	0	him	True	-7	23	60	60	60	60	236	420	972	3016	-7	him	False	O	False	3	1	1	0	0
1785	118	8	200	0	him	True	-7	27	184	184	184	184	100	100	100	360	-7	him	False	O	False	3	1	1	0	0
1788	118	8	162	0	him	True	-7	30	252	252	252	252	304	568	568	568	-7	him	False	O	False	3	1	1	0	0
1792	118	8	194	0	him	True	-7	34	148	148	148	148	192	192	192	636	-7	him	False	O	False	3	1	1	0	0
1793	118	8	135	0	him	True	-7	35	148	148	148	148	0	0	0	0	-7	him	False	O	False	3	1	1	0	1
1795	118	8	7	0	him	True	-7	37	216	216	216	216	88	88	88	488	-7	him	False	O	False	3	1	1	0	0
1797	118	8	99	0	him	True	-7	39	176	176	176	176	0	0	0	0	-7	him	False	O	False	3	1	1	0	1
1800	118	8	180	0	him	True	-7	42	232	232	232	232	104	104	196	400	-7	him	False	O	False	3	1	1	0	0
1802	119	5	139	0	his	False	-5	1	196	196	196	196	196	196	196	196	-5	his	False	P	False	3	0	1	0	0
1804	119	5	139	0	his	False	-5	3	156	156	156	156	308	308	308	308	-5	his	False	P	False	3	0	1	0	0
1805	119	5	196	0	his	False	-5	4	180	180	180	180	272	272	272	272	-5	his	False	P	False	3	0	1	0	0
1806	119	5	44	0	his	False	-5	5	344	344	344	344	232	232	232	232	-5	his	False	P	False	3	0	1	0	0
1807	119	5	128	0	his	False	-5	6	212	212	212	212	0	0	0	0	-5	his	False	P	False	3	0	1	0	1
1808	119	5	79	0	his	False	-5	7	32	32	32	32	248	248	248	248	-5	his	False	P	False	3	0	1	0	0
1809	119	5	122	0	his	False	-5	8	152	152	152	152	140	140	140	140	-5	his	False	P	False	3	0	1	0	0
1811	119	5	89	0	his	False	-5	11	140	140	140	140	200	200	200	200	-5	his	False	P	False	3	0	1	0	0
1812	119	5	140	0	his	False	-5	12	136	136	136	136	188	188	188	188	-5	his	False	P	False	3	0	1	0	0
1813	119	5	137	0	his	False	-5	13	164	164	164	164	240	240	240	240	-5	his	False	P	False	3	0	1	0	0
1814	119	5	175	0	his	False	-5	14	148	148	148	148	444	444	444	444	-5	his	False	P	False	3	0	1	0	0
1815	119	5	64	0	his	False	-5	15	168	168	168	168	220	220	220	220	-5	his	False	P	False	3	0	1	0	0
1816	119	5	3	0	his	False	-5	16	208	208	208	208	156	156	156	156	-5	his	False	P	False	3	0	1	0	0
1819	119	5	201	0	his	False	-5	19	172	172	172	172	96	96	96	96	-5	his	False	P	False	3	0	1	0	0
1823	119	5	140	0	his	False	-5	23	160	160	160	160	180	292	796	984	-5	his	False	P	False	3	0	1	0	0
1824	119	5	47	0	his	False	-5	24	172	172	172	172	288	288	288	288	-5	his	False	P	False	3	0	1	0	0
1826	119	5	111	0	his	False	-5	27	240	240	240	240	168	168	168	168	-5	his	False	P	False	3	0	1	0	0
1827	119	5	58	0	his	False	-5	28	296	296	296	296	152	152	556	692	-5	his	False	P	False	3	0	1	0	0
1829	119	5	178	0	his	False	-5	30	280	280	280	280	164	472	472	472	-5	his	False	P	False	3	0	1	0	0
1834	119	5	19	0	his	False	-5	35	184	184	184	184	268	268	268	268	-5	his	False	P	False	3	0	1	0	0
1836	119	5	53	0	his	False	-5	37	180	180	180	180	220	220	220	220	-5	his	False	P	False	3	0	1	0	0
1837	119	5	18	0	his	False	-5	38	184	184	184	184	188	188	188	188	-5	his	False	P	False	3	0	1	0	0
1840	119	5	143	0	his	False	-5	41	220	220	220	1084	188	188	416	604	-5	his	False	P	False	3	0	1	0	0
1842	119	5	96	0	his	False	-5	43	172	172	172	172	156	156	156	156	-5	his	False	P	False	3	0	1	0	0
1843	119	9	139	0	his	False	-3	1	132	132	132	132	260	260	260	632	-3	his	False	P	False	3	1	1	0	0
1849	119	9	79	0	his	False	-3	7	300	300	448	1312	0	0	0	0	-3	his	False	P	False	3	1	1	0	1
1851	119	9	62	0	his	False	-3	10	116	116	116	116	132	132	484	1588	-3	his	False	P	False	3	1	1	0	0
1859	119	9	16	0	his	False	-3	18	104	104	104	300	0	0	0	0	-3	his	False	P	False	3	1	1	0	1
1861	119	9	41	0	his	False	-3	20	144	144	144	144	228	228	444	1764	-3	his	False	P	False	3	1	1	0	0
1862	119	9	126	0	his	False	-3	21	216	216	216	216	136	136	136	136	-3	his	False	P	False	3	1	1	0	0
1870	119	9	178	0	his	False	-3	30	244	244	244	244	276	504	504	504	-3	his	False	P	False	3	1	1	0	0
1871	119	9	8	0	his	False	-3	31	184	184	184	184	156	156	312	808	-3	his	False	P	False	3	1	1	0	0
1872	119	9	98	0	his	False	-3	32	184	184	184	184	172	172	172	172	-3	his	False	P	False	3	1	1	0	0
1873	119	9	73	0	his	False	-3	33	180	180	180	180	212	212	212	896	-3	his	False	P	False	3	1	1	0	0
1876	119	9	7	0	his	False	-3	36	148	148	148	148	292	292	292	292	-3	his	False	P	False	3	1	1	0	0
1878	119	9	18	0	his	False	-3	38	164	164	164	164	232	232	232	232	-3	his	False	P	False	3	1	1	0	0
1884	119	9	139	0	Charlie	False	-2	1	132	132	132	132	260	260	260	632	-2	charlie	False	O	False	7	1	1	0	0
1890	119	9	79	0	Charlie	False	-2	7	300	300	448	1312	0	0	0	0	-2	charlie	False	O	False	7	1	1	0	1
1892	119	9	62	0	Charlie	False	-2	10	116	116	116	116	132	132	484	1588	-2	charlie	False	O	False	7	1	1	0	0
1900	119	9	16	0	Charlie	False	-2	18	104	104	104	300	0	0	0	0	-2	charlie	False	O	False	7	1	1	0	1
1902	119	9	41	0	Charlie	False	-2	20	144	144	144	144	228	228	444	1764	-2	charlie	False	O	False	7	1	1	0	0
1903	119	9	126	0	Charlie	False	-2	21	216	216	216	216	136	136	136	136	-2	charlie	False	O	False	7	1	1	0	0
1911	119	9	178	0	Charlie	False	-2	30	244	244	244	244	276	504	504	504	-2	charlie	False	O	False	7	1	1	0	0
1912	119	9	8	0	Charlie	False	-2	31	184	184	184	184	156	156	312	808	-2	charlie	False	O	False	7	1	1	0	0
1913	119	9	98	0	Charlie	False	-2	32	184	184	184	184	172	172	172	172	-2	charlie	False	O	False	7	1	1	0	0
1914	119	9	73	0	Charlie	False	-2	33	180	180	180	180	212	212	212	896	-2	charlie	False	O	False	7	1	1	0	0
1917	119	9	7	0	Charlie	False	-2	36	148	148	148	148	292	292	292	292	-2	charlie	False	O	False	7	1	1	0	0
1919	119	9	18	0	Charlie	False	-2	38	164	164	164	164	232	232	232	232	-2	charlie	False	O	False	7	1	1	0	0
1926	123	6	108	0	he	False	-5	2	164	164	164	164	148	148	148	148	-5	he	False	O	False	2	0	1	0	0
1932	123	6	91	0	he	False	-5	8	200	200	200	200	0	0	0	0	-5	he	False	O	False	2	0	1	0	1
1933	123	6	24	0	he	False	-5	9	112	112	112	252	160	208	208	208	-5	he	False	O	False	2	0	1	0	0
1935	123	6	131	0	he	False	-5	11	220	220	220	304	224	224	224	224	-5	he	False	O	False	2	0	1	0	0
1938	123	6	99	0	he	False	-5	14	236	236	236	360	160	160	160	160	-5	he	False	O	False	2	0	1	0	0
1940	123	6	25	0	he	False	-5	16	152	152	152	152	200	200	200	200	-5	he	False	O	False	2	0	1	0	0
1942	123	6	106	0	he	False	-5	18	184	184	184	184	0	0	0	0	-5	he	False	O	False	2	0	1	0	1
1943	123	6	164	0	he	False	-5	19	172	172	172	172	160	160	160	160	-5	he	False	O	False	2	0	1	0	0
1944	123	6	170	0	he	False	-5	20	128	128	128	128	0	0	0	0	-5	he	False	O	False	2	0	1	0	1
1945	123	6	94	0	he	False	-5	21	256	256	256	256	0	0	0	0	-5	he	False	O	False	2	0	1	0	1
1946	123	6	72	0	he	False	-5	22	288	288	288	540	128	284	284	284	-5	he	False	O	False	2	0	1	0	0
1951	123	6	159	0	he	False	-5	28	208	208	208	408	140	140	140	140	-5	he	False	O	False	2	0	1	0	0
1952	123	6	117	0	he	False	-5	29	264	264	264	264	0	0	0	0	-5	he	False	O	False	2	0	1	0	1
1953	123	6	44	0	he	False	-5	30	92	92	92	92	192	192	192	192	-5	he	False	O	False	2	0	1	0	0
1956	123	6	24	0	he	False	-5	33	140	140	312	408	136	136	136	136	-5	he	False	O	False	2	0	1	0	0
1958	123	6	48	0	he	False	-5	35	172	172	172	172	224	224	224	224	-5	he	False	O	False	2	0	1	0	0
1961	123	6	23	0	he	False	-5	38	280	280	280	280	192	192	192	192	-5	he	False	O	False	2	0	1	0	0
1963	123	6	202	0	he	False	-5	40	28	164	164	692	0	0	0	0	-5	he	False	O	False	2	0	1	0	1
1966	123	6	12	0	he	False	-5	43	80	80	80	80	160	160	160	160	-5	he	False	O	False	2	0	1	0	0
1967	123	9	90	0	his	False	-4	1	108	108	108	488	288	288	288	288	-4	his	False	P	False	3	1	1	0	0
1968	123	9	108	0	his	False	-4	2	204	204	204	384	0	0	0	0	-4	his	False	P	False	3	1	1	0	1
1973	123	9	162	0	his	False	-4	7	164	164	164	296	228	228	228	1812	-4	his	False	P	False	3	1	1	0	0
1974	123	9	91	0	his	False	-4	8	132	132	132	132	308	308	308	308	-4	his	False	P	False	3	1	1	0	0
1978	123	9	170	0	his	False	-4	12	92	92	92	208	120	228	228	648	-4	his	False	P	False	3	1	1	0	0
1981	123	9	25	0	his	False	-4	15	152	152	152	152	116	116	116	892	-4	his	False	P	False	3	1	1	0	0
1982	123	9	25	0	his	False	-4	16	172	468	468	960	0	0	0	0	-4	his	False	P	False	3	1	1	0	1
1984	123	9	106	0	his	False	-4	18	304	304	304	304	0	0	0	0	-4	his	False	P	False	3	1	1	0	1
1985	123	9	164	0	his	False	-4	19	80	80	184	784	0	0	0	0	-4	his	False	P	False	3	1	1	0	1
1986	123	9	170	0	his	False	-4	20	188	188	188	188	164	164	164	1668	-4	his	False	P	False	3	1	1	0	0
1988	123	9	72	0	his	False	-4	22	312	312	312	312	204	204	204	508	-4	his	False	P	False	3	1	1	0	0
1996	123	9	113	0	his	False	-4	31	140	140	140	140	208	208	208	208	-4	his	False	P	False	3	1	1	0	0
1997	123	9	24	0	his	False	-4	32	324	324	324	324	0	0	0	0	-4	his	False	P	False	3	1	1	0	1
1998	123	9	24	0	his	False	-4	33	364	364	1008	2844	224	224	224	532	-4	his	False	P	False	3	1	1	0	0
1999	123	9	201	0	his	False	-4	34	228	228	228	1652	0	0	0	0	-4	his	False	P	False	3	1	1	0	1
2001	123	9	55	0	his	False	-4	36	292	292	292	480	224	224	224	452	-4	his	False	P	False	3	1	1	0	0
2002	123	9	123	0	his	False	-4	37	68	68	68	580	188	188	512	716	-4	his	False	P	False	3	1	1	0	0
2003	123	9	23	0	his	False	-4	38	240	240	240	240	188	188	188	944	-4	his	False	P	False	3	1	1	0	0
2007	123	9	74	0	his	False	-4	42	92	92	376	1552	180	180	180	180	-4	his	False	P	False	3	1	1	0	0
2008	123	9	12	0	his	False	-4	43	340	340	340	340	240	240	240	240	-4	his	False	P	False	3	1	1	0	0
2009	125	8	141	0	him	False	-7	1	304	304	304	304	0	0	0	0	-7	him	False	O	False	3	0	1	0	1
2010	125	8	42	0	him	False	-7	2	172	172	172	292	144	144	144	144	-7	him	False	O	False	3	0	1	0	0
2011	125	8	42	0	him	False	-7	3	176	176	176	176	0	0	0	0	-7	him	False	O	False	3	0	1	0	1
2015	125	8	87	0	him	False	-7	7	168	168	168	168	0	0	0	0	-7	him	False	O	False	3	0	1	0	1
2017	125	8	21	0	him	False	-7	10	140	140	140	140	148	148	148	148	-7	him	False	O	False	3	0	1	0	0
2019	125	8	87	0	him	False	-7	12	176	176	176	364	0	0	0	0	-7	him	False	O	False	3	0	1	0	1
2020	125	8	147	0	him	False	-7	13	232	232	232	232	0	0	0	0	-7	him	False	O	False	3	0	1	0	1
2022	125	8	95	0	him	False	-7	15	164	164	164	164	0	0	0	0	-7	him	False	O	False	3	0	1	0	1
2023	125	8	60	0	him	False	-7	16	204	340	340	340	0	0	0	0	-7	him	False	O	False	3	0	1	0	1
2026	125	8	102	0	him	False	-7	19	180	436	436	756	0	0	0	0	-7	him	False	O	False	3	0	1	0	1
2027	125	8	53	0	him	False	-7	20	128	128	128	128	0	0	0	0	-7	him	False	O	False	3	0	1	0	1
2028	125	8	76	0	him	False	-7	21	128	128	128	128	0	0	0	0	-7	him	False	O	False	3	0	1	0	1
2029	125	8	141	0	him	False	-7	22	224	224	224	224	168	168	168	168	-7	him	False	O	False	3	0	1	0	0
2030	125	8	125	0	him	False	-7	23	192	192	192	192	0	0	0	0	-7	him	False	O	False	3	0	1	0	1
2032	125	8	171	0	him	False	-7	25	216	216	216	216	0	0	0	0	-7	him	False	O	False	3	0	1	0	1
2033	125	8	51	0	him	False	-7	27	160	160	160	160	0	0	0	0	-7	him	False	O	False	3	0	1	0	1
2035	125	8	194	0	him	False	-7	29	152	152	152	152	0	0	0	0	-7	him	False	O	False	3	0	1	0	1
2036	125	8	185	0	him	False	-7	30	180	180	180	180	0	0	0	0	-7	him	False	O	False	3	0	1	0	1
2037	125	8	29	0	him	False	-7	31	172	172	172	172	0	0	0	0	-7	him	False	O	False	3	0	1	0	1
2039	125	8	77	0	him	False	-7	33	212	212	212	212	0	0	0	0	-7	him	False	O	False	3	0	1	0	1
2040	125	8	191	0	him	False	-7	34	164	164	164	164	0	0	0	0	-7	him	False	O	False	3	0	1	0	1
2044	125	8	181	0	him	False	-7	38	164	164	164	164	0	0	0	0	-7	him	False	O	False	3	0	1	0	1
2045	125	8	169	0	him	False	-7	39	108	108	108	108	0	0	0	0	-7	him	False	O	False	3	0	1	0	1
2048	125	8	97	0	him	False	-7	42	160	160	160	160	0	0	0	0	-7	him	False	O	False	3	0	1	0	1
2061	126	8	87	0	his	False	-6	13	248	248	248	248	88	88	88	256	-6	his	False	P	False	3	0	1	0	0
2062	126	8	50	0	his	False	-6	14	156	156	156	156	312	312	312	312	-6	his	False	P	False	3	0	1	0	0
2064	126	8	185	0	his	False	-6	16	256	256	256	256	208	792	792	792	-6	his	False	P	False	3	0	1	0	0
2065	126	8	124	0	his	False	-6	17	1244	1244	1244	1244	0	0	0	0	-6	his	False	P	False	3	0	1	0	1
2068	126	8	60	0	his	False	-6	20	228	228	228	228	0	0	0	0	-6	his	False	P	False	3	0	1	0	1
2075	126	8	17	0	his	False	-6	28	148	148	148	148	284	284	284	284	-6	his	False	P	False	3	0	1	0	0
2079	126	8	2	0	his	False	-6	32	220	220	220	220	424	424	424	424	-6	his	False	P	False	3	0	1	0	0
2080	126	8	114	0	his	False	-6	33	184	184	184	184	244	436	436	436	-6	his	False	P	False	3	0	1	0	0
2089	126	8	175	0	his	False	-6	42	148	148	148	148	304	304	304	1292	-6	his	False	P	False	3	0	1	0	0
2091	127	7	204	0	she	True	-4	1	196	196	488	960	180	180	180	180	-4	she	False	O	False	3	1	1	0	0
2093	127	7	116	0	she	True	-4	3	156	304	304	304	168	252	252	252	-4	she	False	O	False	3	1	1	0	0
2094	127	7	117	0	she	True	-4	4	188	188	188	188	280	280	280	280	-4	she	False	O	False	3	1	1	0	0
2095	127	7	83	0	she	True	-4	5	196	196	196	196	176	176	176	176	-4	she	False	O	False	3	1	1	0	0
2097	127	7	1	0	she	True	-4	7	112	112	112	112	0	0	0	0	-4	she	False	O	False	3	1	1	0	1
2098	127	7	192	0	she	True	-4	8	264	456	456	456	200	200	200	200	-4	she	False	O	False	3	1	1	0	0
2100	127	7	72	0	she	True	-4	11	180	244	244	396	168	168	168	168	-4	she	False	O	False	3	1	1	0	0
2101	127	7	129	0	she	True	-4	12	144	144	144	144	140	140	140	140	-4	she	False	O	False	3	1	1	0	0
2102	127	7	150	0	she	True	-4	13	196	196	196	196	260	260	260	260	-4	she	False	O	False	3	1	1	0	0
2103	127	7	24	0	she	True	-4	14	212	212	212	212	232	416	416	416	-4	she	False	O	False	3	1	1	0	0
2105	127	7	12	0	she	True	-4	16	160	160	160	160	148	148	148	148	-4	she	False	O	False	3	1	1	0	0
2106	127	7	151	0	she	True	-4	17	268	268	268	268	244	244	244	244	-4	she	False	O	False	3	1	1	0	0
2107	127	7	113	0	she	True	-4	18	252	252	252	252	0	0	0	0	-4	she	False	O	False	3	1	1	0	1
2108	127	7	138	0	she	True	-4	19	308	308	308	412	116	248	248	248	-4	she	False	O	False	3	1	1	0	0
2112	127	7	191	0	she	True	-4	23	172	172	172	172	84	84	300	1060	-4	she	False	O	False	3	1	1	0	0
2113	127	7	201	0	she	True	-4	24	236	236	236	236	136	136	136	136	-4	she	False	O	False	3	1	1	0	0
2115	127	7	84	0	she	True	-4	27	240	508	508	508	140	140	140	140	-4	she	False	O	False	3	1	1	0	0
2116	127	7	15	0	she	True	-4	28	188	632	632	632	156	156	156	156	-4	she	False	O	False	3	1	1	0	0
2118	127	7	179	0	she	True	-4	30	252	428	536	788	176	316	316	316	-4	she	False	O	False	3	1	1	0	0
2120	127	7	33	0	she	True	-4	32	116	116	116	328	248	248	248	248	-4	she	False	O	False	3	1	1	0	0
2121	127	7	39	0	she	True	-4	33	236	236	236	236	184	184	184	444	-4	she	False	O	False	3	1	1	0	0
2123	127	7	171	0	she	True	-4	35	168	168	168	168	196	196	196	196	-4	she	False	O	False	3	1	1	0	0
2124	127	7	105	0	she	True	-4	36	204	204	204	204	0	0	0	0	-4	she	False	O	False	3	1	1	0	1
2125	127	7	164	0	she	True	-4	37	152	152	152	264	160	160	160	160	-4	she	False	O	False	3	1	1	0	0
2129	127	7	175	0	she	True	-4	41	312	312	504	684	164	164	164	164	-4	she	False	O	False	3	1	1	0	0
2130	127	7	169	0	she	True	-4	42	288	288	288	288	184	184	184	184	-4	she	False	O	False	3	1	1	0	0
2131	127	7	99	0	she	True	-4	43	208	208	208	208	188	188	188	188	-4	she	False	O	False	3	1	1	0	0
2133	129	6	182	0	he	False	-4	2	120	120	120	120	0	0	0	0	-4	he	False	O	False	2	0	1	0	1
2134	129	6	131	0	he	False	-4	3	148	272	272	452	0	0	0	0	-4	he	False	O	False	2	0	1	0	1
2139	129	6	85	0	he	False	-4	8	228	228	228	228	200	200	200	200	-4	he	False	O	False	2	0	1	0	0
2141	129	6	142	0	he	False	-4	11	204	204	204	204	72	72	72	72	-4	he	False	O	False	2	0	1	0	0
2144	129	6	36	0	he	False	-4	14	144	144	144	144	0	0	0	0	-4	he	False	O	False	2	0	1	0	1
2145	129	6	62	0	he	False	-4	15	148	148	148	148	0	0	0	0	-4	he	False	O	False	2	0	1	0	1
2146	129	6	67	0	he	False	-4	16	80	80	80	80	0	0	0	0	-4	he	False	O	False	2	0	1	0	1
2149	129	6	54	0	he	False	-4	19	172	172	172	172	0	0	0	0	-4	he	False	O	False	2	0	1	0	1
2153	129	6	172	0	he	False	-4	23	148	148	148	148	160	160	160	160	-4	he	False	O	False	2	0	1	0	0
2154	129	6	120	0	he	False	-4	24	208	208	208	208	0	0	0	0	-4	he	False	O	False	2	0	1	0	1
2156	129	6	89	0	he	False	-4	27	284	284	284	284	0	0	0	0	-4	he	False	O	False	2	0	1	0	1
2158	129	6	150	0	he	False	-4	29	188	188	188	188	124	124	124	124	-4	he	False	O	False	2	0	1	0	0
2159	129	6	34	0	he	False	-4	30	440	440	440	440	0	0	0	0	-4	he	False	O	False	2	0	1	0	1
2161	129	6	11	0	he	False	-4	32	264	264	264	264	116	300	300	300	-4	he	False	O	False	2	0	1	0	0
2164	129	6	155	0	he	False	-4	35	204	204	204	204	0	0	0	0	-4	he	False	O	False	2	0	1	0	1
2166	129	6	46	0	he	False	-4	37	136	136	136	136	188	188	188	188	-4	he	False	O	False	2	0	1	0	0
2167	129	6	202	0	he	False	-4	38	220	220	220	220	0	0	0	0	-4	he	False	O	False	2	0	1	0	1
2170	129	6	38	0	he	False	-4	41	388	388	388	388	0	0	0	0	-4	he	False	O	False	2	0	1	0	1
2173	132	3	130	0	his	True	-3	1	152	152	152	152	192	192	192	192	-3	his	False	P	False	3	1	1	0	0
2174	132	3	129	0	his	True	-3	2	96	96	96	96	168	168	168	168	-3	his	False	P	False	3	1	1	0	0
2175	132	3	140	0	his	True	-3	3	144	316	316	316	0	0	0	0	-3	his	False	P	False	3	1	1	0	1
2180	132	3	161	0	his	True	-3	8	200	200	200	200	144	144	144	144	-3	his	False	P	False	3	1	1	0	0
2182	132	3	8	0	his	True	-3	11	156	156	156	156	232	232	232	232	-3	his	False	P	False	3	1	1	0	0
2183	132	3	29	0	his	True	-3	12	332	332	332	332	248	248	248	248	-3	his	False	P	False	3	1	1	0	0
2184	132	3	48	0	his	True	-3	13	176	176	176	176	0	0	0	0	-3	his	False	P	False	3	1	1	0	1
2186	132	3	79	0	his	True	-3	15	140	140	140	140	0	0	0	0	-3	his	False	P	False	3	1	1	0	1
2187	132	3	69	0	his	True	-3	16	204	204	204	204	188	188	188	188	-3	his	False	P	False	3	1	1	0	0
2189	132	3	134	0	his	True	-3	19	184	184	184	380	156	156	156	156	-3	his	False	P	False	3	1	1	0	0
2190	132	3	190	0	his	True	-3	20	172	172	172	172	168	168	168	168	-3	his	False	P	False	3	1	1	0	0
2192	132	3	143	0	his	True	-3	22	308	308	308	308	140	140	140	140	-3	his	False	P	False	3	1	1	0	0
2193	132	3	6	0	his	True	-3	23	140	308	308	308	200	364	364	364	-3	his	False	P	False	3	1	1	0	0
2194	132	3	84	0	his	True	-3	24	180	180	180	180	180	180	180	180	-3	his	False	P	False	3	1	1	0	0
2195	132	3	48	0	his	True	-3	25	152	152	152	152	260	260	260	260	-3	his	False	P	False	3	1	1	0	0
2197	132	3	85	0	his	True	-3	28	424	424	424	424	336	336	336	336	-3	his	False	P	False	3	1	1	0	0
2199	132	3	136	0	his	True	-3	30	296	296	296	296	68	68	68	68	-3	his	False	P	False	3	1	1	0	0
2201	132	3	190	0	his	True	-3	32	208	208	208	208	160	160	160	160	-3	his	False	P	False	3	1	1	0	0
2203	132	3	24	0	his	True	-3	34	196	196	196	196	192	192	192	192	-3	his	False	P	False	3	1	1	0	0
2204	132	3	134	0	his	True	-3	35	172	172	172	172	208	208	208	208	-3	his	False	P	False	3	1	1	0	0
2205	132	3	24	0	his	True	-3	36	136	136	136	136	0	0	0	0	-3	his	False	P	False	3	1	1	0	1
2206	132	3	47	0	his	True	-3	37	144	144	144	144	164	164	164	164	-3	his	False	P	False	3	1	1	0	0
2210	132	3	130	0	his	True	-3	41	244	276	276	276	0	0	0	0	-3	his	False	P	False	3	1	1	0	1
2212	132	3	192	0	his	True	-3	43	252	252	252	252	0	0	0	0	-3	his	False	P	False	3	1	1	0	1
2213	133	3	175	0	his	True	-3	1	172	172	172	172	160	160	160	160	-3	his	False	P	False	3	1	1	0	0
2215	133	3	69	0	his	True	-3	3	180	180	356	460	244	244	244	244	-3	his	False	P	False	3	1	1	0	0
2216	133	3	202	0	his	True	-3	4	160	160	160	160	156	156	156	156	-3	his	False	P	False	3	1	1	0	0
2217	133	3	149	0	his	True	-3	5	264	264	264	264	76	272	272	272	-3	his	False	P	False	3	1	1	0	0
2218	133	3	167	0	his	True	-3	6	240	240	240	240	120	120	120	120	-3	his	False	P	False	3	1	1	0	0
2219	133	3	171	0	his	True	-3	7	164	164	164	164	188	188	188	188	-3	his	False	P	False	3	1	1	0	0
2220	133	3	29	0	his	True	-3	8	204	204	204	204	128	128	128	448	-3	his	False	P	False	3	1	1	0	0
2221	133	3	192	0	his	True	-3	10	124	124	124	124	136	136	136	136	-3	his	False	P	False	3	1	1	0	0
2222	133	3	107	0	his	True	-3	11	144	144	144	144	288	288	288	288	-3	his	False	P	False	3	1	1	0	0
2223	133	3	187	0	his	True	-3	12	296	296	296	296	0	0	0	0	-3	his	False	P	False	3	1	1	0	1
2225	133	3	89	0	his	True	-3	14	248	248	248	504	192	192	192	220	-3	his	False	P	False	3	1	1	0	0
2227	133	3	108	0	his	True	-3	16	192	192	192	192	168	168	168	168	-3	his	False	P	False	3	1	1	0	0
2229	133	3	203	0	his	True	-3	19	212	280	280	280	152	152	152	152	-3	his	False	P	False	3	1	1	0	0
2230	133	3	40	0	his	True	-3	20	96	96	228	568	148	148	148	148	-3	his	False	P	False	3	1	1	0	0
2231	133	3	97	0	his	True	-3	21	216	216	216	348	144	264	264	264	-3	his	False	P	False	3	1	1	0	0
2233	133	3	166	0	his	True	-3	23	184	184	184	184	284	284	284	284	-3	his	False	P	False	3	1	1	0	0
2234	133	3	37	0	his	True	-3	24	184	184	184	184	180	180	180	180	-3	his	False	P	False	3	1	1	0	0
2235	133	3	203	0	his	True	-3	25	156	156	156	156	168	244	244	244	-3	his	False	P	False	3	1	1	0	0
2239	133	3	137	0	his	True	-3	30	188	480	480	480	72	72	72	72	-3	his	False	P	False	3	1	1	0	0
2241	133	3	130	0	his	True	-3	32	220	220	220	220	208	208	208	208	-3	his	False	P	False	3	1	1	0	0
2242	133	3	112	0	his	True	-3	33	184	184	184	184	148	148	148	148	-3	his	False	P	False	3	1	1	0	0
2243	133	3	110	0	his	True	-3	34	276	564	564	564	0	0	0	0	-3	his	False	P	False	3	1	1	0	1
2244	133	3	32	0	his	True	-3	35	188	188	188	188	208	208	208	208	-3	his	False	P	False	3	1	1	0	0
2245	133	3	201	0	his	True	-3	36	216	216	216	216	0	0	0	0	-3	his	False	P	False	3	1	1	0	1
2246	133	3	29	0	his	True	-3	37	220	220	220	220	112	256	256	256	-3	his	False	P	False	3	1	1	0	0
2249	133	3	59	0	his	True	-3	40	44	44	184	372	56	56	56	56	-3	his	False	P	False	3	1	1	0	0
2252	133	3	88	0	his	True	-3	43	160	160	160	160	152	152	152	152	-3	his	False	P	False	3	1	1	0	0
2253	133	10	175	0	his	True	-7	1	284	284	284	284	200	364	364	1072	-7	his	False	P	False	3	3	1	0	0
2254	133	10	156	0	his	True	-7	2	156	256	256	256	0	0	0	0	-7	his	False	P	False	3	3	1	0	1
2255	133	10	69	0	his	True	-7	3	176	176	176	176	144	360	360	360	-7	his	False	P	False	3	3	1	0	0
2256	133	10	202	0	his	True	-7	4	188	188	188	188	544	544	544	544	-7	his	False	P	False	3	3	1	0	0
2257	133	10	149	0	his	True	-7	5	328	328	328	328	212	376	376	376	-7	his	False	P	False	3	3	1	0	0
2259	133	10	171	0	his	True	-7	7	188	188	188	516	64	64	64	1436	-7	his	False	P	False	3	3	1	0	0
2260	133	10	29	0	his	True	-7	8	388	388	388	2752	192	192	192	192	-7	his	False	P	False	3	3	1	0	0
2261	133	10	192	0	his	True	-7	10	168	168	168	168	208	208	444	1528	-7	his	False	P	False	3	3	1	0	0
2262	133	10	107	0	his	True	-7	11	200	200	200	428	324	324	324	456	-7	his	False	P	False	3	3	1	0	0
2264	133	10	194	0	his	True	-7	13	248	248	248	248	428	428	428	820	-7	his	False	P	False	3	3	1	0	0
2265	133	10	89	0	his	True	-7	14	336	336	336	336	204	204	204	204	-7	his	False	P	False	3	3	1	0	0
2267	133	10	108	0	his	True	-7	16	284	284	284	284	268	604	604	1212	-7	his	False	P	False	3	3	1	0	0
2268	133	10	51	0	his	True	-7	18	220	416	416	416	0	0	0	0	-7	his	False	P	False	3	3	1	0	1
2269	133	10	203	0	his	True	-7	19	228	228	228	1040	0	0	0	0	-7	his	False	P	False	3	3	1	0	1
2272	133	10	130	0	his	True	-7	22	284	284	284	284	0	0	0	0	-7	his	False	P	False	3	3	1	0	1
2273	133	10	166	0	his	True	-7	23	160	160	160	160	132	444	444	444	-7	his	False	P	False	3	3	1	0	0
2275	133	10	203	0	his	True	-7	25	140	140	140	420	212	212	212	448	-7	his	False	P	False	3	3	1	0	0
2277	133	10	80	0	his	True	-7	28	192	192	192	376	432	644	644	644	-7	his	False	P	False	3	3	1	0	0
2280	133	10	44	0	his	True	-7	31	132	132	132	132	0	0	0	0	-7	his	False	P	False	3	3	1	0	1
2281	133	10	130	0	his	True	-7	32	256	256	256	256	152	152	152	152	-7	his	False	P	False	3	3	1	0	0
2286	133	10	29	0	his	True	-7	37	176	176	176	176	132	368	368	1688	-7	his	False	P	False	3	3	1	0	0
2287	133	10	204	0	his	True	-7	38	204	204	204	204	376	376	376	376	-7	his	False	P	False	3	3	1	0	0
2289	133	10	59	0	his	True	-7	40	156	156	156	156	68	100	100	812	-7	his	False	P	False	3	3	1	0	0
2290	133	10	178	0	his	True	-7	41	168	256	256	256	184	184	184	184	-7	his	False	P	False	3	3	1	0	0
2291	133	10	20	0	his	True	-7	42	48	48	48	48	232	232	332	1220	-7	his	False	P	False	3	3	1	0	0
2293	133	7	175	0	she	True	-3	1	220	220	220	220	404	404	404	404	-3	she	False	O	False	3	2	1	0	0
2294	133	7	156	0	she	True	-3	2	208	208	208	208	152	152	152	152	-3	she	False	O	False	3	2	1	0	0
2295	133	7	69	0	she	True	-3	3	200	200	200	200	192	332	332	332	-3	she	False	O	False	3	2	1	0	0
2296	133	7	202	0	she	True	-3	4	180	180	180	180	208	208	208	208	-3	she	False	O	False	3	2	1	0	0
2297	133	7	149	0	she	True	-3	5	280	280	280	280	324	324	324	480	-3	she	False	O	False	3	2	1	0	0
2300	133	7	29	0	she	True	-3	8	248	248	248	248	160	160	160	160	-3	she	False	O	False	3	2	1	0	0
2302	133	7	107	0	she	True	-3	11	124	124	124	124	76	76	76	76	-3	she	False	O	False	3	2	1	0	0
2303	133	7	187	0	she	True	-3	12	148	148	148	148	140	140	140	140	-3	she	False	O	False	3	2	1	0	0
2305	133	7	89	0	she	True	-3	14	132	132	132	132	212	212	212	212	-3	she	False	O	False	3	2	1	0	0
2306	133	7	165	0	she	True	-3	15	100	100	100	100	0	0	0	0	-3	she	False	O	False	3	2	1	0	1
2307	133	7	108	0	she	True	-3	16	160	360	360	360	228	228	228	228	-3	she	False	O	False	3	2	1	0	0
2309	133	7	203	0	she	True	-3	19	172	172	172	172	132	132	132	132	-3	she	False	O	False	3	2	1	0	0
2310	133	7	40	0	she	True	-3	20	140	140	140	140	0	0	0	0	-3	she	False	O	False	3	2	1	0	1
2311	133	7	97	0	she	True	-3	21	160	160	160	160	156	156	156	156	-3	she	False	O	False	3	2	1	0	0
2312	133	7	130	0	she	True	-3	22	184	184	184	184	208	208	208	208	-3	she	False	O	False	3	2	1	0	0
2313	133	7	166	0	she	True	-3	23	196	348	348	348	396	464	604	776	-3	she	False	O	False	3	2	1	0	0
2314	133	7	37	0	she	True	-3	24	172	172	172	172	232	232	324	476	-3	she	False	O	False	3	2	1	0	0
2315	133	7	203	0	she	True	-3	25	200	200	200	200	204	204	204	204	-3	she	False	O	False	3	2	1	0	0
2316	133	7	130	0	she	True	-3	27	168	304	304	304	280	364	364	364	-3	she	False	O	False	3	2	1	0	0
2317	133	7	80	0	she	True	-3	28	316	316	316	316	236	236	236	236	-3	she	False	O	False	3	2	1	0	0
2318	133	7	66	0	she	True	-3	29	184	184	184	184	204	204	204	204	-3	she	False	O	False	3	2	1	0	0
2321	133	7	130	0	she	True	-3	32	184	332	332	332	184	184	184	184	-3	she	False	O	False	3	2	1	0	0
2322	133	7	112	0	she	True	-3	33	180	180	180	180	200	200	200	200	-3	she	False	O	False	3	2	1	0	0
2323	133	7	110	0	she	True	-3	34	148	148	148	148	0	0	0	0	-3	she	False	O	False	3	2	1	0	1
2324	133	7	32	0	she	True	-3	35	280	280	280	280	228	228	228	228	-3	she	False	O	False	3	2	1	0	0
2325	133	7	201	0	she	True	-3	36	156	156	156	156	0	0	0	0	-3	she	False	O	False	3	2	1	0	1
2326	133	7	29	0	she	True	-3	37	160	288	288	288	104	104	104	104	-3	she	False	O	False	3	2	1	0	0
2330	133	7	178	0	she	True	-3	41	232	232	372	1220	200	200	200	200	-3	she	False	O	False	3	2	1	0	0
2331	133	7	20	0	she	True	-3	42	88	88	88	400	156	156	156	188	-3	she	False	O	False	3	2	1	0	0
2332	133	7	88	0	she	True	-3	43	132	132	132	132	196	196	196	196	-3	she	False	O	False	3	2	1	0	0
2334	135	6	176	0	he	True	-5	2	224	224	224	224	156	156	156	156	-5	he	False	O	False	2	1	1	0	0
2335	135	6	176	0	he	True	-5	3	160	160	160	160	76	76	76	76	-5	he	False	O	False	2	1	1	0	0
2337	135	6	61	0	he	True	-5	5	120	120	120	120	0	0	0	0	-5	he	False	O	False	2	1	1	0	1
2338	135	6	24	0	he	True	-5	6	160	160	160	160	0	0	0	0	-5	he	False	O	False	2	1	1	0	1
2339	135	6	139	0	he	True	-5	7	204	204	332	516	104	104	104	104	-5	he	False	O	False	2	1	1	0	0
2342	135	6	29	0	he	True	-5	11	132	132	132	132	144	144	144	144	-5	he	False	O	False	2	1	1	0	0
2343	135	6	193	0	he	True	-5	12	236	236	236	236	272	272	272	272	-5	he	False	O	False	2	1	1	0	0
2345	135	6	164	0	he	True	-5	14	168	168	272	428	320	320	320	320	-5	he	False	O	False	2	1	1	0	0
2348	135	6	125	0	he	True	-5	17	168	168	168	168	112	112	112	112	-5	he	False	O	False	2	1	1	0	0
2351	135	6	99	0	he	True	-5	20	164	164	164	164	0	0	0	0	-5	he	False	O	False	2	1	1	0	1
2352	135	6	11	0	he	True	-5	21	120	120	120	120	136	136	136	136	-5	he	False	O	False	2	1	1	0	0
2354	135	6	17	0	he	True	-5	23	224	224	224	224	120	280	280	280	-5	he	False	O	False	2	1	1	0	0
2356	135	6	164	0	he	True	-5	25	176	176	176	176	184	184	184	184	-5	he	False	O	False	2	1	1	0	0
2360	135	6	130	0	he	True	-5	30	312	312	312	312	264	264	264	264	-5	he	False	O	False	2	1	1	0	0
2365	135	6	172	0	he	True	-5	35	296	296	532	1536	184	184	184	184	-5	he	False	O	False	2	1	1	0	0
2366	135	6	158	0	he	True	-5	36	160	160	160	160	136	136	136	136	-5	he	False	O	False	2	1	1	0	0
2367	135	6	145	0	he	True	-5	37	124	124	124	124	116	116	116	116	-5	he	False	O	False	2	1	1	0	0
2368	135	6	104	0	he	True	-5	38	152	152	152	152	0	0	0	0	-5	he	False	O	False	2	1	1	0	1
2370	135	6	50	0	he	True	-5	40	144	208	340	600	260	260	260	260	-5	he	False	O	False	2	1	1	0	0
2372	135	6	178	0	he	True	-5	42	164	164	164	164	184	184	184	184	-5	he	False	O	False	2	1	1	0	0
2374	136	4	25	0	he	False	-4	1	172	172	172	172	200	200	472	632	-4	he	False	O	False	2	0	1	0	0
2376	136	4	73	0	he	False	-4	3	288	556	556	556	148	332	644	892	-4	he	False	O	False	2	0	1	0	0
2377	136	4	27	0	he	False	-4	4	148	148	148	148	0	0	0	0	-4	he	False	O	False	2	0	1	0	1
2383	136	4	62	0	he	False	-4	11	148	148	148	148	124	124	124	124	-4	he	False	O	False	2	0	1	0	0
2385	136	4	130	0	he	False	-4	13	196	196	196	196	216	216	216	216	-4	he	False	O	False	2	0	1	0	0
2388	136	4	171	0	he	False	-4	16	232	232	232	232	192	192	192	192	-4	he	False	O	False	2	0	1	0	0
2391	136	4	141	0	he	False	-4	19	92	92	92	92	168	168	168	168	-4	he	False	O	False	2	0	1	0	0
2393	136	4	58	0	he	False	-4	21	144	144	144	144	136	136	136	136	-4	he	False	O	False	2	0	1	0	0
2395	136	4	21	0	he	False	-4	23	160	304	444	624	24	24	24	24	-4	he	False	O	False	2	0	1	0	0
2396	136	4	124	0	he	False	-4	24	268	268	268	268	124	124	124	124	-4	he	False	O	False	2	0	1	0	0
2397	136	4	185	0	he	False	-4	25	192	192	192	192	168	168	168	168	-4	he	False	O	False	2	0	1	0	0
2398	136	4	44	0	he	False	-4	27	244	244	244	244	0	0	0	0	-4	he	False	O	False	2	0	1	0	1
2401	136	4	25	0	he	False	-4	30	252	252	252	252	164	164	164	164	-4	he	False	O	False	2	0	1	0	0
2404	136	4	190	0	he	False	-4	33	176	176	368	836	180	180	180	180	-4	he	False	O	False	2	0	1	0	0
2405	136	4	199	0	he	False	-4	34	232	232	232	232	156	156	156	156	-4	he	False	O	False	2	0	1	0	0
2410	136	4	60	0	he	False	-4	39	184	184	184	184	412	412	536	1104	-4	he	False	O	False	2	0	1	0	0
2414	136	4	72	0	he	False	-4	43	92	92	92	92	208	208	208	208	-4	he	False	O	False	2	0	1	0	0
2415	136	7	25	0	his	False	-3	1	252	252	252	252	420	420	420	420	-3	his	False	P	False	3	1	1	0	0
2417	136	7	73	0	his	False	-3	3	204	204	204	204	220	220	220	220	-3	his	False	P	False	3	1	1	0	0
2418	136	7	27	0	his	False	-3	4	200	200	200	200	180	180	180	180	-3	his	False	P	False	3	1	1	0	0
2419	136	7	124	0	his	False	-3	5	96	96	96	412	204	204	204	204	-3	his	False	P	False	3	1	1	0	0
2422	136	7	64	0	his	False	-3	8	184	184	364	564	140	140	140	140	-3	his	False	P	False	3	1	1	0	0
2432	136	7	141	0	his	False	-3	19	180	180	180	180	112	196	196	196	-3	his	False	P	False	3	1	1	0	0
2433	136	7	48	0	his	False	-3	20	148	148	148	148	168	168	168	168	-3	his	False	P	False	3	1	1	0	0
2436	136	7	21	0	his	False	-3	23	180	180	180	180	444	444	624	1312	-3	his	False	P	False	3	1	1	0	0
2439	136	7	44	0	his	False	-3	27	152	152	152	152	160	160	160	160	-3	his	False	P	False	3	1	1	0	0
2442	136	7	25	0	his	False	-3	30	316	316	316	316	376	376	520	736	-3	his	False	P	False	3	1	1	0	0
2443	136	7	199	0	his	False	-3	31	152	152	152	152	288	288	288	288	-3	his	False	P	False	3	1	1	0	0
2445	136	7	190	0	his	False	-3	33	156	284	284	284	92	92	92	92	-3	his	False	P	False	3	1	1	0	0
2447	136	7	24	0	his	False	-3	35	160	160	160	160	248	248	248	248	-3	his	False	P	False	3	1	1	0	0
2449	136	7	117	0	his	False	-3	37	136	136	312	776	136	136	136	136	-3	his	False	P	False	3	1	1	0	0
2451	136	7	60	0	his	False	-3	39	152	152	152	152	72	72	72	72	-3	his	False	P	False	3	1	1	0	0
2456	137	6	192	0	his	False	-4	1	132	132	132	132	240	240	240	240	-4	his	False	P	False	3	0	1	0	0
2457	137	6	17	0	his	False	-4	2	132	132	132	240	0	0	0	0	-4	his	False	P	False	3	0	1	0	1
2458	137	6	6	0	his	False	-4	3	200	200	200	200	440	440	440	440	-4	his	False	P	False	3	0	1	0	0
2460	137	6	198	0	his	False	-4	5	260	260	260	260	296	296	296	296	-4	his	False	P	False	3	0	1	0	0
2461	137	6	2	0	his	False	-4	6	164	164	164	164	0	0	0	0	-4	his	False	P	False	3	0	1	0	1
2463	137	6	194	0	his	False	-4	8	264	264	264	264	0	0	0	0	-4	his	False	P	False	3	0	1	0	1
2464	137	6	120	0	his	False	-4	10	172	172	172	172	132	132	132	132	-4	his	False	P	False	3	0	1	0	0
2465	137	6	22	0	his	False	-4	11	188	188	188	188	112	112	112	112	-4	his	False	P	False	3	0	1	0	0
2466	137	6	96	0	his	False	-4	12	176	176	176	176	0	0	0	0	-4	his	False	P	False	3	0	1	0	1
2467	137	6	25	0	his	False	-4	13	136	136	136	136	0	0	0	0	-4	his	False	P	False	3	0	1	0	1
2468	137	6	103	0	his	False	-4	14	256	256	256	256	132	132	132	132	-4	his	False	P	False	3	0	1	0	0
2469	137	6	140	0	his	False	-4	15	176	176	176	176	84	84	84	84	-4	his	False	P	False	3	0	1	0	0
2470	137	6	129	0	his	False	-4	16	216	216	216	216	192	192	192	192	-4	his	False	P	False	3	0	1	0	0
2471	137	6	32	0	his	False	-4	17	260	260	260	260	124	124	124	124	-4	his	False	P	False	3	0	1	0	0
2472	137	6	149	0	his	False	-4	18	208	208	208	208	0	0	0	0	-4	his	False	P	False	3	0	1	0	1
2473	137	6	107	0	his	False	-4	19	132	132	132	132	164	164	164	164	-4	his	False	P	False	3	0	1	0	0
2475	137	6	87	0	his	False	-4	21	132	132	132	132	0	0	0	0	-4	his	False	P	False	3	0	1	0	1
2476	137	6	149	0	his	False	-4	22	184	184	184	184	172	172	172	172	-4	his	False	P	False	3	0	1	0	0
2477	137	6	136	0	his	False	-4	23	468	468	468	468	208	208	208	208	-4	his	False	P	False	3	0	1	0	0
2478	137	6	163	0	his	False	-4	24	264	396	396	396	140	140	140	140	-4	his	False	P	False	3	0	1	0	0
2479	137	6	66	0	his	False	-4	25	200	200	200	200	268	268	268	268	-4	his	False	P	False	3	0	1	0	0
2480	137	6	88	0	his	False	-4	27	192	264	264	612	64	64	64	64	-4	his	False	P	False	3	0	1	0	0
2481	137	6	38	0	his	False	-4	28	240	396	396	396	168	168	168	168	-4	his	False	P	False	3	0	1	0	0
2483	137	6	73	0	his	False	-4	30	192	192	192	192	300	608	608	608	-4	his	False	P	False	3	0	1	0	0
2485	137	6	65	0	his	False	-4	32	212	212	212	212	200	200	200	200	-4	his	False	P	False	3	0	1	0	0
2486	137	6	197	0	his	False	-4	33	120	120	276	444	0	0	0	0	-4	his	False	P	False	3	0	1	0	1
2487	137	6	130	0	his	False	-4	34	164	164	164	164	172	172	172	172	-4	his	False	P	False	3	0	1	0	0
2488	137	6	43	0	his	False	-4	35	184	184	184	184	156	156	156	156	-4	his	False	P	False	3	0	1	0	0
2490	137	6	149	0	his	False	-4	37	192	320	320	320	172	172	172	172	-4	his	False	P	False	3	0	1	0	0
2492	137	6	81	0	his	False	-4	39	220	364	364	364	0	0	0	0	-4	his	False	P	False	3	0	1	0	1
2494	137	6	184	0	his	False	-4	41	224	224	224	224	0	0	0	0	-4	his	False	P	False	3	0	1	0	1
2495	137	6	13	0	his	False	-4	42	140	140	140	140	0	0	0	0	-4	his	False	P	False	3	0	1	0	1
2496	137	6	41	0	his	False	-4	43	172	172	172	172	0	0	0	0	-4	his	False	P	False	3	0	1	0	1
2497	137	10	192	0	his	False	-4	1	680	680	680	1692	312	444	444	444	-4	his	False	P	False	3	1	1	0	0
2498	137	10	17	0	his	False	-4	2	160	160	160	356	128	128	128	708	-4	his	False	P	False	3	1	1	0	0
2499	137	10	6	0	his	False	-4	3	236	444	444	444	232	232	408	2072	-4	his	False	P	False	3	1	1	0	0
2500	137	10	171	0	his	False	-4	4	172	172	172	172	144	284	284	532	-4	his	False	P	False	3	1	1	0	0
2502	137	10	2	0	his	False	-4	6	156	156	156	456	0	0	0	0	-4	his	False	P	False	3	1	1	0	1
2503	137	10	109	0	his	False	-4	7	96	96	256	800	164	164	164	476	-4	his	False	P	False	3	1	1	0	0
2504	137	10	194	0	his	False	-4	8	288	288	288	288	0	0	0	0	-4	his	False	P	False	3	1	1	0	1
2505	137	10	120	0	his	False	-4	10	92	92	92	92	200	232	232	1252	-4	his	False	P	False	3	1	1	0	0
2507	137	10	96	0	his	False	-4	12	292	292	292	292	252	536	536	2212	-4	his	False	P	False	3	1	1	0	0
2509	137	10	103	0	his	False	-4	14	240	744	744	744	0	0	0	0	-4	his	False	P	False	3	1	1	0	1
2510	137	10	140	0	his	False	-4	15	240	836	836	836	0	0	0	0	-4	his	False	P	False	3	1	1	0	1
2511	137	10	129	0	his	False	-4	16	180	424	424	424	428	428	428	540	-4	his	False	P	False	3	1	1	0	0
2514	137	10	107	0	his	False	-4	19	188	188	188	188	52	52	52	1212	-4	his	False	P	False	3	1	1	0	0
2515	137	10	199	0	his	False	-4	20	236	236	236	236	132	132	132	1068	-4	his	False	P	False	3	1	1	0	0
2521	137	10	88	0	his	False	-4	27	316	316	316	316	212	212	212	212	-4	his	False	P	False	3	1	1	0	0
2522	137	10	38	0	his	False	-4	28	152	152	560	748	232	232	232	232	-4	his	False	P	False	3	1	1	0	0
2523	137	10	197	0	his	False	-4	29	220	220	220	220	132	256	256	256	-4	his	False	P	False	3	1	1	0	0
2525	137	10	47	0	his	False	-4	31	156	156	156	156	160	160	160	160	-4	his	False	P	False	3	1	1	0	0
2526	137	10	65	0	his	False	-4	32	252	252	252	252	224	224	224	320	-4	his	False	P	False	3	1	1	0	0
2527	137	10	197	0	his	False	-4	33	224	324	324	324	0	0	0	0	-4	his	False	P	False	3	1	1	0	1
2528	137	10	130	0	his	False	-4	34	260	260	260	260	464	464	464	464	-4	his	False	P	False	3	1	1	0	0
2531	137	10	149	0	his	False	-4	37	516	516	516	640	104	104	104	104	-4	his	False	P	False	3	1	1	0	0
2532	137	10	72	0	his	False	-4	38	248	248	248	248	204	204	204	204	-4	his	False	P	False	3	1	1	0	0
2533	137	10	81	0	his	False	-4	39	232	232	232	232	160	160	316	3160	-4	his	False	P	False	3	1	1	0	0
2534	137	10	66	0	his	False	-4	40	132	132	132	132	172	820	820	1652	-4	his	False	P	False	3	1	1	0	0
2535	137	10	184	0	his	False	-4	41	148	148	148	148	204	204	204	388	-4	his	False	P	False	3	1	1	0	0
2536	137	10	13	0	his	False	-4	42	240	240	240	1796	0	0	0	0	-4	his	False	P	False	3	1	1	0	1
2538	138	7	120	0	her	False	-3	1	224	224	224	224	292	548	548	548	-3	her	False	O	False	3	0	1	0	0
2540	138	7	107	0	her	False	-3	3	196	196	196	196	168	168	168	168	-3	her	False	O	False	3	0	1	0	0
2541	138	7	165	0	her	False	-3	4	224	224	224	224	256	256	256	256	-3	her	False	O	False	3	0	1	0	0
2543	138	7	74	0	her	False	-3	6	216	216	216	456	136	136	136	136	-3	her	False	O	False	3	0	1	0	0
2547	138	7	59	0	her	False	-3	11	160	160	160	160	124	124	124	124	-3	her	False	O	False	3	0	1	0	0
2548	138	7	118	0	her	False	-3	12	448	448	448	448	336	540	540	540	-3	her	False	O	False	3	0	1	0	0
2551	138	7	201	0	her	False	-3	15	228	228	228	228	0	0	0	0	-3	her	False	O	False	3	0	1	0	1
2552	138	7	80	0	her	False	-3	16	208	208	208	208	344	460	460	460	-3	her	False	O	False	3	0	1	0	0
2553	138	7	37	0	her	False	-3	17	132	132	132	132	0	0	0	0	-3	her	False	O	False	3	0	1	0	1
2554	138	7	157	0	her	False	-3	18	204	204	204	204	244	244	244	244	-3	her	False	O	False	3	0	1	0	0
2555	138	7	24	0	her	False	-3	19	224	224	224	1428	228	312	312	312	-3	her	False	O	False	3	0	1	0	0
2556	138	7	39	0	her	False	-3	20	96	96	244	1208	0	0	0	0	-3	her	False	O	False	3	0	1	0	1
2557	138	7	159	0	her	False	-3	21	168	168	168	268	124	124	124	124	-3	her	False	O	False	3	0	1	0	0
2558	138	7	25	0	her	False	-3	22	248	248	248	2024	280	280	280	280	-3	her	False	O	False	3	0	1	0	0
2559	138	7	89	0	her	False	-3	23	252	252	252	252	208	384	384	384	-3	her	False	O	False	3	0	1	0	0
2562	138	7	16	0	her	False	-3	27	180	180	180	180	152	152	152	152	-3	her	False	O	False	3	0	1	0	0
2563	138	7	19	0	her	False	-3	28	268	268	268	268	156	156	156	156	-3	her	False	O	False	3	0	1	0	0
2565	138	7	33	0	her	False	-3	30	212	212	212	212	308	308	308	308	-3	her	False	O	False	3	0	1	0	0
2566	138	7	99	0	her	False	-3	31	172	172	172	172	0	0	0	0	-3	her	False	O	False	3	0	1	0	1
2567	138	7	164	0	her	False	-3	32	168	168	168	168	220	220	220	220	-3	her	False	O	False	3	0	1	0	0
2568	138	7	173	0	her	False	-3	33	156	336	336	336	172	172	172	172	-3	her	False	O	False	3	0	1	0	0
2569	138	7	106	0	her	False	-3	34	192	192	192	192	0	0	0	0	-3	her	False	O	False	3	0	1	0	1
2570	138	7	138	0	her	False	-3	35	180	180	180	180	0	0	0	0	-3	her	False	O	False	3	0	1	0	1
2572	138	7	14	0	her	False	-3	37	216	216	216	216	140	140	140	220	-3	her	False	O	False	3	0	1	0	0
2574	138	7	100	0	her	False	-3	39	76	76	76	76	232	232	232	232	-3	her	False	O	False	3	0	1	0	0
2577	138	7	187	0	her	False	-3	42	136	136	136	300	164	164	164	164	-3	her	False	O	False	3	0	1	0	0
2579	138	10	120	0	his	False	-8	1	264	264	264	264	396	396	396	1696	-8	his	False	P	False	3	1	1	0	0
2581	138	10	107	0	his	False	-8	3	156	156	712	828	0	0	0	0	-8	his	False	P	False	3	1	1	0	1
2582	138	10	165	0	his	False	-8	4	196	196	196	760	0	0	0	0	-8	his	False	P	False	3	1	1	0	1
2583	138	10	53	0	his	False	-8	5	168	168	168	168	76	76	76	2072	-8	his	False	P	False	3	1	1	0	0
2584	138	10	74	0	his	False	-8	6	216	216	216	216	192	192	192	192	-8	his	False	P	False	3	1	1	0	0
2585	138	10	166	0	his	False	-8	7	132	132	400	2252	0	0	0	0	-8	his	False	P	False	3	1	1	0	1
2586	138	10	77	0	his	False	-8	8	252	536	536	536	0	0	0	0	-8	his	False	P	False	3	1	1	0	1
2587	138	10	46	0	his	False	-8	10	192	192	680	2124	0	0	0	0	-8	his	False	P	False	3	1	1	0	1
2588	138	10	59	0	his	False	-8	11	272	596	596	596	292	292	292	292	-8	his	False	P	False	3	1	1	0	0
2589	138	10	118	0	his	False	-8	12	116	116	116	116	272	272	272	2912	-8	his	False	P	False	3	1	1	0	0
2590	138	10	73	0	his	False	-8	13	196	196	196	416	200	400	400	524	-8	his	False	P	False	3	1	1	0	0
2591	138	10	77	0	his	False	-8	14	316	316	316	316	216	216	520	1084	-8	his	False	P	False	3	1	1	0	0
2592	138	10	201	0	his	False	-8	15	188	188	188	576	124	124	124	464	-8	his	False	P	False	3	1	1	0	0
2593	138	10	80	0	his	False	-8	16	344	344	344	1896	0	0	0	0	-8	his	False	P	False	3	1	1	0	1
2595	138	10	157	0	his	False	-8	18	392	392	392	392	288	288	288	288	-8	his	False	P	False	3	1	1	0	0
2596	138	10	24	0	his	False	-8	19	188	188	188	188	256	256	256	1880	-8	his	False	P	False	3	1	1	0	0
2598	138	10	159	0	his	False	-8	21	136	136	136	136	304	304	304	304	-8	his	False	P	False	3	1	1	0	0
2600	138	10	89	0	his	False	-8	23	328	328	328	328	192	508	1496	7004	-8	his	False	P	False	3	1	1	0	0
2602	138	10	21	0	his	False	-8	25	168	168	168	168	156	280	708	1308	-8	his	False	P	False	3	1	1	0	0
2603	138	10	16	0	his	False	-8	27	348	348	348	348	164	444	444	704	-8	his	False	P	False	3	1	1	0	0
2604	138	10	19	0	his	False	-8	28	196	196	352	496	372	372	372	372	-8	his	False	P	False	3	1	1	0	0
2608	138	10	164	0	his	False	-8	32	140	140	140	140	196	196	196	196	-8	his	False	P	False	3	1	1	0	0
2609	138	10	173	0	his	False	-8	33	164	164	164	164	232	232	232	232	-8	his	False	P	False	3	1	1	0	0
2613	138	10	14	0	his	False	-8	37	196	196	196	196	120	316	316	992	-8	his	False	P	False	3	1	1	0	0
2614	138	10	27	0	his	False	-8	38	452	648	648	860	0	0	0	0	-8	his	False	P	False	3	1	1	0	1
2616	138	10	128	0	his	False	-8	40	276	276	276	812	0	0	0	0	-8	his	False	P	False	3	1	1	0	1
2617	138	10	86	0	his	False	-8	41	236	236	236	236	156	156	156	952	-8	his	False	P	False	3	1	1	0	0
2618	138	10	187	0	his	False	-8	42	108	108	344	928	0	0	0	0	-8	his	False	P	False	3	1	1	0	1
2619	138	10	124	0	his	False	-8	43	372	372	372	372	252	252	252	252	-8	his	False	P	False	3	1	1	0	0
2620	139	7	197	0	his	False	-4	1	172	172	172	328	240	240	240	240	-4	his	False	P	False	3	0	1	0	0
2621	139	7	195	0	his	False	-4	2	184	184	184	184	164	164	164	164	-4	his	False	P	False	3	0	1	0	0
2623	139	7	29	0	his	False	-4	4	136	284	284	284	180	180	180	180	-4	his	False	P	False	3	0	1	0	0
2626	139	7	174	0	his	False	-4	7	180	180	180	180	0	0	0	0	-4	his	False	P	False	3	0	1	0	1
2627	139	7	78	0	his	False	-4	8	220	360	360	360	0	0	0	0	-4	his	False	P	False	3	0	1	0	1
2628	139	7	17	0	his	False	-4	9	120	120	120	120	108	108	108	108	-4	his	False	P	False	3	0	1	0	0
2633	139	7	176	0	his	False	-4	14	192	192	192	192	156	156	156	156	-4	his	False	P	False	3	0	1	0	0
2635	139	7	196	0	his	False	-4	16	196	196	196	196	184	460	460	460	-4	his	False	P	False	3	0	1	0	0
2636	139	7	83	0	his	False	-4	17	148	148	148	148	0	0	0	0	-4	his	False	P	False	3	0	1	0	1
2638	139	7	175	0	his	False	-4	19	128	128	128	128	100	100	100	100	-4	his	False	P	False	3	0	1	0	0
2642	139	7	185	0	his	False	-4	23	124	124	124	124	280	280	280	280	-4	his	False	P	False	3	0	1	0	0
2643	139	7	166	0	his	False	-4	24	320	320	320	320	128	128	128	128	-4	his	False	P	False	3	0	1	0	0
2644	139	7	118	0	his	False	-4	25	240	240	240	240	144	144	144	144	-4	his	False	P	False	3	0	1	0	0
2645	139	7	102	0	his	False	-4	27	152	152	152	152	196	196	196	196	-4	his	False	P	False	3	0	1	0	0
2646	139	7	123	0	his	False	-4	28	260	260	260	260	228	228	228	228	-4	his	False	P	False	3	0	1	0	0
2651	139	7	47	0	his	False	-4	33	136	300	300	300	116	116	116	116	-4	his	False	P	False	3	0	1	0	0
2654	139	7	129	0	his	False	-4	36	132	132	132	132	0	0	0	0	-4	his	False	P	False	3	0	1	0	1
2655	139	7	37	0	his	False	-4	37	156	156	156	156	176	176	176	176	-4	his	False	P	False	3	0	1	0	0
2656	139	7	77	0	his	False	-4	38	148	148	148	148	252	252	252	252	-4	his	False	P	False	3	0	1	0	0
2658	139	7	42	0	his	False	-4	40	272	272	272	272	132	132	132	132	-4	his	False	P	False	3	0	1	0	0
2660	139	7	158	0	his	False	-4	42	156	296	296	296	0	0	0	0	-4	his	False	P	False	3	0	1	0	1
2668	139	10	174	0	his	False	-3	7	180	180	180	180	124	124	448	2232	-3	his	False	P	False	3	1	1	0	0
2670	139	10	17	0	his	False	-3	9	180	180	180	180	200	500	500	968	-3	his	False	P	False	3	1	1	0	0
2672	139	10	82	0	his	False	-3	11	244	244	244	244	184	296	296	296	-3	his	False	P	False	3	1	1	0	0
2673	139	10	20	0	his	False	-3	12	244	244	244	244	132	308	308	1492	-3	his	False	P	False	3	1	1	0	0
2676	139	10	123	0	his	False	-3	15	824	824	1128	1916	0	0	0	0	-3	his	False	P	False	3	1	1	0	1
2677	139	10	196	0	his	False	-3	16	324	816	816	1228	0	0	0	0	-3	his	False	P	False	3	1	1	0	1
2685	139	10	166	0	his	False	-3	24	424	424	424	784	0	0	0	0	-3	his	False	P	False	3	1	1	0	1
2686	139	10	118	0	his	False	-3	25	164	164	164	348	260	372	372	716	-3	his	False	P	False	3	1	1	0	0
2694	139	10	43	0	his	False	-3	34	420	420	420	420	0	0	0	0	-3	his	False	P	False	3	1	1	0	1
2695	139	10	21	0	his	False	-3	35	168	168	168	168	232	232	232	232	-3	his	False	P	False	3	1	1	0	0
2697	139	10	37	0	his	False	-3	37	164	164	164	164	80	80	80	300	-3	his	False	P	False	3	1	1	0	0
2699	139	10	178	0	his	False	-3	39	248	248	248	248	308	308	308	308	-3	his	False	P	False	3	1	1	0	0
2700	139	10	42	0	his	False	-3	40	132	132	132	132	152	364	364	1468	-3	his	False	P	False	3	1	1	0	0
2702	139	10	158	0	his	False	-3	42	268	268	268	268	184	184	184	1272	-3	his	False	P	False	3	1	1	0	0
2704	141	5	85	0	herself	True	-5	1	244	244	244	244	216	216	216	216	-5	herself	True	R	False	7	1	1	0	0
2705	141	5	59	0	herself	True	-5	2	112	112	112	112	0	0	0	0	-5	herself	True	R	False	7	1	1	0	1
2706	141	5	83	0	herself	True	-5	3	244	244	244	244	188	188	188	188	-5	herself	True	R	False	7	1	1	0	0
2707	141	5	141	0	herself	True	-5	4	208	208	208	208	0	0	0	0	-5	herself	True	R	False	7	1	1	0	1
2708	141	5	186	0	herself	True	-5	5	220	220	220	220	0	0	0	0	-5	herself	True	R	False	7	1	1	0	1
2709	141	5	78	0	herself	True	-5	6	180	180	180	180	0	0	0	0	-5	herself	True	R	False	7	1	1	0	1
2710	141	5	141	0	herself	True	-5	7	188	188	216	588	116	116	116	116	-5	herself	True	R	False	7	1	1	0	0
2711	141	5	9	0	herself	True	-5	8	188	188	188	188	0	0	0	0	-5	herself	True	R	False	7	1	1	0	1
2712	141	5	26	0	herself	True	-5	9	164	164	164	164	0	0	0	0	-5	herself	True	R	False	7	1	1	0	1
2713	141	5	139	0	herself	True	-5	10	156	156	156	156	148	148	148	148	-5	herself	True	R	False	7	1	1	0	0
2714	141	5	65	0	herself	True	-5	11	256	256	256	256	0	0	0	0	-5	herself	True	R	False	7	1	1	0	1
2715	141	5	70	0	herself	True	-5	12	104	104	104	104	0	0	0	0	-5	herself	True	R	False	7	1	1	0	1
2716	141	5	121	0	herself	True	-5	13	128	128	128	128	0	0	0	0	-5	herself	True	R	False	7	1	1	0	1
2717	141	5	69	0	herself	True	-5	14	244	244	244	244	0	0	0	0	-5	herself	True	R	False	7	1	1	0	1
2719	141	5	65	0	herself	True	-5	16	132	280	280	280	0	0	0	0	-5	herself	True	R	False	7	1	1	0	1
2721	141	5	202	0	herself	True	-5	18	156	156	156	156	0	0	0	0	-5	herself	True	R	False	7	1	1	0	1
2722	141	5	68	0	herself	True	-5	19	140	140	140	140	184	184	184	184	-5	herself	True	R	False	7	1	1	0	0
2723	141	5	140	0	herself	True	-5	20	140	140	140	140	0	0	0	0	-5	herself	True	R	False	7	1	1	0	1
2724	141	5	156	0	herself	True	-5	21	140	140	140	140	136	136	136	136	-5	herself	True	R	False	7	1	1	0	0
2725	141	5	64	0	herself	True	-5	22	292	292	292	292	0	0	0	0	-5	herself	True	R	False	7	1	1	0	1
2726	141	5	73	0	herself	True	-5	23	264	264	264	264	240	240	240	240	-5	herself	True	R	False	7	1	1	0	0
2727	141	5	42	0	herself	True	-5	24	180	180	180	180	0	0	0	0	-5	herself	True	R	False	7	1	1	0	1
2728	141	5	94	0	herself	True	-5	25	280	280	280	280	0	0	0	0	-5	herself	True	R	False	7	1	1	0	1
2729	141	5	168	0	herself	True	-5	27	184	184	184	184	344	344	344	344	-5	herself	True	R	False	7	1	1	0	0
2730	141	5	69	0	herself	True	-5	28	236	236	236	236	196	448	448	448	-5	herself	True	R	False	7	1	1	0	0
2731	141	5	48	0	herself	True	-5	29	208	208	208	208	0	0	0	0	-5	herself	True	R	False	7	1	1	0	1
2732	141	5	106	0	herself	True	-5	30	84	84	84	84	316	424	424	424	-5	herself	True	R	False	7	1	1	0	0
2733	141	5	100	0	herself	True	-5	31	148	148	148	148	0	0	0	0	-5	herself	True	R	False	7	1	1	0	1
2734	141	5	197	0	herself	True	-5	32	308	308	308	308	0	0	0	0	-5	herself	True	R	False	7	1	1	0	1
2736	141	5	60	0	herself	True	-5	34	168	168	168	168	0	0	0	0	-5	herself	True	R	False	7	1	1	0	1
2737	141	5	136	0	herself	True	-5	35	160	160	160	160	0	0	0	0	-5	herself	True	R	False	7	1	1	0	1
2738	141	5	202	0	herself	True	-5	36	196	196	196	196	0	0	0	0	-5	herself	True	R	False	7	1	1	0	1
2739	141	5	186	0	herself	True	-5	37	132	132	132	132	172	172	172	172	-5	herself	True	R	False	7	1	1	0	0
2740	141	5	199	0	herself	True	-5	38	188	188	188	188	0	0	0	0	-5	herself	True	R	False	7	1	1	0	1
2741	141	5	173	0	herself	True	-5	39	132	132	132	132	0	0	0	0	-5	herself	True	R	False	7	1	1	0	1
2742	141	5	94	0	herself	True	-5	40	24	24	24	24	0	0	0	0	-5	herself	True	R	False	7	1	1	0	1
2743	141	5	10	0	herself	True	-5	41	156	156	156	156	176	176	176	176	-5	herself	True	R	False	7	1	1	0	0
2744	141	5	200	0	herself	True	-5	42	152	152	152	152	132	132	132	132	-5	herself	True	R	False	7	1	1	0	0
2745	141	5	31	0	herself	True	-5	43	200	200	200	200	0	0	0	0	-5	herself	True	R	False	7	1	1	0	1
2748	142	8	32	0	her	True	-5	3	244	244	244	244	244	244	244	244	-5	her	False	O	False	3	1	1	0	0
2749	142	8	167	0	her	True	-5	4	212	212	212	212	144	144	144	144	-5	her	False	O	False	3	1	1	0	0
2750	142	8	101	0	her	True	-5	5	200	200	200	200	0	0	0	0	-5	her	False	O	False	3	1	1	0	1
2755	142	8	129	0	her	True	-5	11	136	136	136	136	140	140	140	140	-5	her	False	O	False	3	1	1	0	0
2756	142	8	141	0	her	True	-5	12	172	172	172	172	256	256	256	256	-5	her	False	O	False	3	1	1	0	0
2760	142	8	109	0	her	True	-5	16	192	192	192	192	176	316	316	316	-5	her	False	O	False	3	1	1	0	0
2764	142	8	90	0	her	True	-5	20	160	160	160	160	0	0	0	0	-5	her	False	O	False	3	1	1	0	1
2767	142	8	131	0	her	True	-5	23	296	296	296	296	136	316	316	316	-5	her	False	O	False	3	1	1	0	0
2770	142	8	113	0	her	True	-5	27	212	212	212	212	256	256	256	256	-5	her	False	O	False	3	1	1	0	0
2771	142	8	124	0	her	True	-5	28	204	204	204	204	0	0	0	0	-5	her	False	O	False	3	1	1	0	1
2772	142	8	38	0	her	True	-5	29	188	188	188	188	280	280	280	520	-5	her	False	O	False	3	1	1	0	0
2773	142	8	157	0	her	True	-5	30	220	220	220	220	312	312	312	312	-5	her	False	O	False	3	1	1	0	0
2774	142	8	38	0	her	True	-5	31	156	156	156	288	148	148	148	148	-5	her	False	O	False	3	1	1	0	0
2775	142	8	139	0	her	True	-5	32	192	192	192	192	0	0	0	0	-5	her	False	O	False	3	1	1	0	1
2778	142	8	137	0	her	True	-5	35	192	192	192	192	224	224	224	224	-5	her	False	O	False	3	1	1	0	0
2780	142	8	16	0	her	True	-5	37	144	144	144	144	188	188	188	188	-5	her	False	O	False	3	1	1	0	0
2781	142	8	52	0	her	True	-5	38	264	264	264	428	240	240	240	240	-5	her	False	O	False	3	1	1	0	0
2783	142	8	8	0	her	True	-5	40	168	232	232	232	0	0	0	0	-5	her	False	O	False	3	1	1	0	1
2784	142	8	64	0	her	True	-5	41	160	160	160	160	96	96	96	96	-5	her	False	O	False	3	1	1	0	0
2785	142	8	189	0	her	True	-5	42	136	136	136	136	0	0	0	0	-5	her	False	O	False	3	1	1	0	1
2787	146	9	131	0	them	True	-5	1	252	252	252	252	236	236	236	236	-5	them	False	O	True	4	2	1	0	0
2788	146	9	100	0	them	True	-5	2	312	312	312	312	168	168	168	168	-5	them	False	O	True	4	2	1	0	0
2789	146	9	19	0	them	True	-5	3	452	700	700	700	0	0	0	0	-5	them	False	O	True	4	2	1	0	1
2790	146	9	176	0	them	True	-5	4	172	172	172	172	184	184	368	692	-5	them	False	O	True	4	2	1	0	0
2791	146	9	190	0	them	True	-5	5	208	208	208	208	0	0	0	0	-5	them	False	O	True	4	2	1	0	1
2795	146	9	75	0	them	True	-5	10	212	400	400	400	0	0	0	0	-5	them	False	O	True	4	2	1	0	1
2796	146	9	163	0	them	True	-5	11	204	652	836	1048	0	0	0	0	-5	them	False	O	True	4	2	1	0	1
2797	146	9	18	0	them	True	-5	12	204	204	204	204	0	0	0	0	-5	them	False	O	True	4	2	1	0	1
2800	146	9	14	0	them	True	-5	15	148	148	148	148	0	0	0	0	-5	them	False	O	True	4	2	1	0	1
2801	146	9	13	0	them	True	-5	16	228	228	228	228	0	0	0	0	-5	them	False	O	True	4	2	1	0	1
2802	146	9	48	0	them	True	-5	17	140	232	232	232	0	0	0	0	-5	them	False	O	True	4	2	1	0	1
2803	146	9	10	0	them	True	-5	18	204	204	204	488	0	0	0	0	-5	them	False	O	True	4	2	1	0	1
2804	146	9	70	0	them	True	-5	19	176	176	176	176	0	0	0	0	-5	them	False	O	True	4	2	1	0	1
2805	146	9	36	0	them	True	-5	20	160	160	160	160	0	0	0	0	-5	them	False	O	True	4	2	1	0	1
2806	146	9	90	0	them	True	-5	21	216	216	216	216	0	0	0	0	-5	them	False	O	True	4	2	1	0	1
2807	146	9	133	0	them	True	-5	22	164	672	672	672	0	0	0	0	-5	them	False	O	True	4	2	1	0	1
2808	146	9	30	0	them	True	-5	23	300	616	616	616	164	164	308	464	-5	them	False	O	True	4	2	1	0	0
2809	146	9	149	0	them	True	-5	24	152	152	152	152	0	0	0	0	-5	them	False	O	True	4	2	1	0	1
2810	146	9	145	0	them	True	-5	25	208	208	208	208	0	0	0	0	-5	them	False	O	True	4	2	1	0	1
2811	146	9	11	0	them	True	-5	27	224	224	224	224	0	0	0	0	-5	them	False	O	True	4	2	1	0	1
2812	146	9	146	0	them	True	-5	28	216	216	488	644	256	256	256	256	-5	them	False	O	True	4	2	1	0	0
2813	146	9	12	0	them	True	-5	29	132	236	236	236	0	0	0	0	-5	them	False	O	True	4	2	1	0	1
2814	146	9	59	0	them	True	-5	30	148	272	272	272	520	520	520	520	-5	them	False	O	True	4	2	1	0	0
2815	146	9	70	0	them	True	-5	31	92	92	92	92	0	0	0	0	-5	them	False	O	True	4	2	1	0	1
2816	146	9	39	0	them	True	-5	32	216	216	216	216	0	0	0	0	-5	them	False	O	True	4	2	1	0	1
2817	146	9	204	0	them	True	-5	33	160	776	776	776	0	0	0	0	-5	them	False	O	True	4	2	1	0	1
2818	146	9	32	0	them	True	-5	34	160	160	160	160	0	0	0	0	-5	them	False	O	True	4	2	1	0	1
2821	146	9	129	0	them	True	-5	37	160	160	836	1032	176	176	176	176	-5	them	False	O	True	4	2	1	0	0
2822	146	9	57	0	them	True	-5	38	236	236	236	236	0	0	0	0	-5	them	False	O	True	4	2	1	0	1
2823	146	9	133	0	them	True	-5	39	140	140	140	380	0	0	0	0	-5	them	False	O	True	4	2	1	0	1
2824	146	9	105	0	them	True	-5	40	168	168	168	168	108	252	252	252	-5	them	False	O	True	4	2	1	0	0
2825	146	9	114	0	them	True	-5	41	148	244	536	904	0	0	0	0	-5	them	False	O	True	4	2	1	0	1
2827	146	9	133	0	them	True	-5	43	152	152	152	152	208	208	208	208	-5	them	False	O	True	4	2	1	0	0
2828	150	8	200	0	he	True	-2	1	336	336	336	336	0	0	0	0	-2	he	False	O	False	2	1	1	0	1
2830	150	8	181	0	he	True	-2	3	96	96	96	96	176	176	176	412	-2	he	False	O	False	2	1	1	0	0
2831	150	8	39	0	he	True	-2	4	84	136	136	136	164	164	164	164	-2	he	False	O	False	2	1	1	0	0
2832	150	8	38	0	he	True	-2	5	176	176	176	176	140	140	140	140	-2	he	False	O	False	2	1	1	0	0
2833	150	8	146	0	he	True	-2	6	168	168	168	168	0	0	0	0	-2	he	False	O	False	2	1	1	0	1
2836	150	8	32	0	he	True	-2	9	168	304	304	304	120	120	120	120	-2	he	False	O	False	2	1	1	0	0
2837	150	8	15	0	he	True	-2	10	72	72	176	212	32	172	328	1104	-2	he	False	O	False	2	1	1	0	0
2838	150	8	67	0	he	True	-2	11	180	180	180	180	0	0	0	0	-2	he	False	O	False	2	1	1	0	1
2839	150	8	137	0	he	True	-2	12	288	288	288	288	144	144	144	144	-2	he	False	O	False	2	1	1	0	0
2841	150	8	121	0	he	True	-2	14	196	196	196	196	220	220	220	220	-2	he	False	O	False	2	1	1	0	0
2842	150	8	38	0	he	True	-2	15	52	52	52	52	144	144	144	144	-2	he	False	O	False	2	1	1	0	0
2843	150	8	11	0	he	True	-2	16	316	316	316	316	172	172	172	172	-2	he	False	O	False	2	1	1	0	0
2844	150	8	101	0	he	True	-2	17	148	148	148	148	152	152	152	152	-2	he	False	O	False	2	1	1	0	0
2845	150	8	4	0	he	True	-2	18	240	240	240	240	228	228	228	228	-2	he	False	O	False	2	1	1	0	0
2846	150	8	131	0	he	True	-2	19	224	224	224	224	88	88	88	188	-2	he	False	O	False	2	1	1	0	0
2850	150	8	72	0	he	True	-2	23	328	328	328	328	124	336	336	336	-2	he	False	O	False	2	1	1	0	0
2856	150	8	193	0	he	True	-2	30	304	304	304	860	200	388	388	388	-2	he	False	O	False	2	1	1	0	0
2858	150	8	48	0	he	True	-2	32	184	184	184	336	160	160	160	160	-2	he	False	O	False	2	1	1	0	0
2859	150	8	133	0	he	True	-2	33	196	196	196	196	144	144	144	144	-2	he	False	O	False	2	1	1	0	0
2861	150	8	68	0	he	True	-2	35	188	188	188	188	212	212	212	212	-2	he	False	O	False	2	1	1	0	0
2863	150	8	75	0	he	True	-2	37	156	316	316	316	92	92	92	92	-2	he	False	O	False	2	1	1	0	0
2864	150	8	30	0	he	True	-2	38	224	224	224	224	32	160	160	160	-2	he	False	O	False	2	1	1	0	0
2866	150	8	28	0	he	True	-2	40	152	152	152	1348	172	172	172	172	-2	he	False	O	False	2	1	1	0	0
2869	150	8	14	0	he	True	-2	43	120	120	120	120	188	188	188	188	-2	he	False	O	False	2	1	1	0	0
2870	154	11	68	0	his	True	-7	1	208	208	208	208	164	164	420	728	-7	his	False	P	False	3	2	1	0	0
2872	154	11	106	0	his	True	-7	3	128	280	280	280	232	232	232	232	-7	his	False	P	False	3	2	1	0	0
2876	154	11	70	0	his	True	-7	7	124	124	124	124	108	108	108	1296	-7	his	False	P	False	3	2	1	0	0
2877	154	11	40	0	his	True	-7	8	316	460	460	1024	0	0	0	0	-7	his	False	P	False	3	2	1	0	1
2878	154	11	197	0	his	True	-7	10	344	344	720	1676	0	0	0	0	-7	his	False	P	False	3	2	1	0	1
2879	154	11	38	0	his	True	-7	11	188	748	748	828	168	168	168	168	-7	his	False	P	False	3	2	1	0	0
2880	154	11	124	0	his	True	-7	12	100	100	172	900	0	0	0	0	-7	his	False	P	False	3	2	1	0	1
2881	154	11	173	0	his	True	-7	13	260	260	260	260	472	472	472	708	-7	his	False	P	False	3	2	1	0	0
2883	154	11	65	0	his	True	-7	15	444	696	696	1116	0	0	0	0	-7	his	False	P	False	3	2	1	0	1
2884	154	11	161	0	his	True	-7	16	240	536	536	536	140	708	708	708	-7	his	False	P	False	3	2	1	0	0
2886	154	11	195	0	his	True	-7	18	164	164	164	260	252	252	252	252	-7	his	False	P	False	3	2	1	0	0
2887	154	11	182	0	his	True	-7	19	228	228	228	860	0	0	0	0	-7	his	False	P	False	3	2	1	0	1
2890	154	11	12	0	his	True	-7	22	432	1084	1084	1084	0	0	0	0	-7	his	False	P	False	3	2	1	0	1
2891	154	11	154	0	his	True	-7	23	164	164	164	164	188	188	620	4196	-7	his	False	P	False	3	2	1	0	0
2894	154	11	95	0	his	True	-7	27	220	220	220	668	0	0	0	0	-7	his	False	P	False	3	2	1	0	1
2895	154	11	32	0	his	True	-7	28	324	324	324	324	296	296	296	296	-7	his	False	P	False	3	2	1	0	0
2896	154	11	175	0	his	True	-7	29	164	164	164	164	152	252	252	532	-7	his	False	P	False	3	2	1	0	0
2899	154	11	37	0	his	True	-7	32	192	192	192	192	216	216	432	612	-7	his	False	P	False	3	2	1	0	0
2900	154	11	42	0	his	True	-7	33	288	448	580	2684	0	0	0	0	-7	his	False	P	False	3	2	1	0	1
2901	154	11	4	0	his	True	-7	34	192	192	192	192	168	280	280	280	-7	his	False	P	False	3	2	1	0	0
2902	154	11	60	0	his	True	-7	35	164	164	164	164	176	176	176	620	-7	his	False	P	False	3	2	1	0	0
2903	154	11	28	0	his	True	-7	36	232	232	232	232	164	164	164	832	-7	his	False	P	False	3	2	1	0	0
2904	154	11	193	0	his	True	-7	37	144	144	144	144	184	184	184	544	-7	his	False	P	False	3	2	1	0	0
2905	154	11	74	0	his	True	-7	38	276	276	276	276	72	72	72	440	-7	his	False	P	False	3	2	1	0	0
2907	154	11	40	0	his	True	-7	40	216	216	216	216	236	328	328	2696	-7	his	False	P	False	3	2	1	0	0
2908	154	11	8	0	his	True	-7	41	212	476	476	816	0	0	0	0	-7	his	False	P	False	3	2	1	0	1
2909	154	11	26	0	his	True	-7	42	412	412	412	412	292	424	424	2152	-7	his	False	P	False	3	2	1	0	0
2910	154	11	30	0	his	True	-7	43	160	564	564	564	0	0	0	0	-7	his	False	P	False	3	2	1	0	1
2911	156	3	116	0	his	True	-3	1	220	220	220	220	228	228	228	228	-3	his	False	P	False	3	1	1	0	0
2912	156	3	39	0	his	True	-3	2	176	176	332	500	0	0	0	0	-3	his	False	P	False	3	1	1	0	1
2913	156	3	149	0	his	True	-3	3	204	204	204	204	148	148	148	148	-3	his	False	P	False	3	1	1	0	0
2914	156	3	61	0	his	True	-3	4	224	224	224	224	0	0	0	0	-3	his	False	P	False	3	1	1	0	1
2916	156	3	188	0	his	True	-3	6	128	128	128	128	0	0	0	0	-3	his	False	P	False	3	1	1	0	1
2918	156	3	76	0	his	True	-3	8	148	276	276	276	128	128	128	128	-3	his	False	P	False	3	1	1	0	0
2919	156	3	158	0	his	True	-3	10	80	80	80	80	144	144	144	144	-3	his	False	P	False	3	1	1	0	0
2920	156	3	152	0	his	True	-3	11	224	224	356	500	140	140	140	140	-3	his	False	P	False	3	1	1	0	0
2921	156	3	191	0	his	True	-3	12	124	124	124	124	0	0	0	0	-3	his	False	P	False	3	1	1	0	1
2922	156	3	40	0	his	True	-3	13	220	220	220	220	0	0	0	0	-3	his	False	P	False	3	1	1	0	1
2923	156	3	98	0	his	True	-3	14	152	152	152	152	272	272	272	272	-3	his	False	P	False	3	1	1	0	0
2925	156	3	154	0	his	True	-3	16	184	184	184	184	156	156	156	156	-3	his	False	P	False	3	1	1	0	0
2926	156	3	18	0	his	True	-3	17	156	156	156	156	0	0	0	0	-3	his	False	P	False	3	1	1	0	1
2928	156	3	127	0	his	True	-3	19	220	220	220	220	0	0	0	0	-3	his	False	P	False	3	1	1	0	1
2929	156	3	161	0	his	True	-3	20	120	120	120	120	0	0	0	0	-3	his	False	P	False	3	1	1	0	1
2932	156	3	152	0	his	True	-3	23	212	212	212	212	284	284	284	284	-3	his	False	P	False	3	1	1	0	0
2933	156	3	109	0	his	True	-3	24	148	148	148	148	0	0	0	0	-3	his	False	P	False	3	1	1	0	1
2934	156	3	39	0	his	True	-3	25	148	148	148	228	268	328	328	328	-3	his	False	P	False	3	1	1	0	0
2935	156	3	122	0	his	True	-3	27	280	280	280	280	0	0	0	0	-3	his	False	P	False	3	1	1	0	1
2938	156	3	105	0	his	True	-3	30	264	264	264	264	176	176	176	176	-3	his	False	P	False	3	1	1	0	0
2939	156	3	133	0	his	True	-3	31	128	128	128	128	0	0	0	0	-3	his	False	P	False	3	1	1	0	1
2941	156	3	31	0	his	True	-3	33	204	204	204	204	120	120	120	120	-3	his	False	P	False	3	1	1	0	0
2942	156	3	133	0	his	True	-3	34	160	160	160	160	0	0	0	0	-3	his	False	P	False	3	1	1	0	1
2943	156	3	133	0	his	True	-3	35	176	176	176	176	164	164	164	164	-3	his	False	P	False	3	1	1	0	0
2945	156	3	80	0	his	True	-3	37	120	120	120	120	0	0	0	0	-3	his	False	P	False	3	1	1	0	1
2947	156	3	179	0	his	True	-3	39	236	236	236	236	232	232	232	232	-3	his	False	P	False	3	1	1	0	0
2950	156	3	77	0	his	True	-3	42	116	116	116	116	124	124	124	124	-3	his	False	P	False	3	1	1	0	0
2951	156	3	22	0	his	True	-3	43	192	192	192	192	0	0	0	0	-3	his	False	P	False	3	1	1	0	1
2952	156	6	116	0	his	True	-2	1	268	268	268	268	156	156	156	312	-2	his	False	P	False	3	2	1	0	0
2954	156	6	149	0	his	True	-2	3	128	128	128	128	268	268	268	268	-2	his	False	P	False	3	2	1	0	0
2956	156	6	125	0	his	True	-2	5	220	220	220	220	192	192	192	192	-2	his	False	P	False	3	2	1	0	0
2961	156	6	152	0	his	True	-2	11	140	140	140	140	0	0	0	0	-2	his	False	P	False	3	2	1	0	1
2966	156	6	154	0	his	True	-2	16	232	232	232	232	188	336	336	336	-2	his	False	P	False	3	2	1	0	0
2969	156	6	127	0	his	True	-2	19	156	156	156	156	132	132	132	132	-2	his	False	P	False	3	2	1	0	0
2971	156	6	1	0	his	True	-2	21	192	192	192	192	164	164	164	164	-2	his	False	P	False	3	2	1	0	0
2973	156	6	152	0	his	True	-2	23	108	108	108	108	204	504	504	504	-2	his	False	P	False	3	2	1	0	0
2974	156	6	109	0	his	True	-2	24	232	232	232	232	128	128	128	128	-2	his	False	P	False	3	2	1	0	0
2976	156	6	122	0	his	True	-2	27	172	172	172	172	228	228	228	228	-2	his	False	P	False	3	2	1	0	0
2979	156	6	105	0	his	True	-2	30	448	448	448	868	120	120	372	884	-2	his	False	P	False	3	2	1	0	0
2983	156	6	133	0	his	True	-2	34	208	208	208	208	172	172	172	172	-2	his	False	P	False	3	2	1	0	0
2984	156	6	133	0	his	True	-2	35	144	144	144	144	0	0	0	0	-2	his	False	P	False	3	2	1	0	1
2986	156	6	80	0	his	True	-2	37	156	156	156	156	188	188	188	188	-2	his	False	P	False	3	2	1	0	0
2990	156	6	182	0	his	True	-2	41	152	152	152	152	168	168	168	168	-2	his	False	P	False	3	2	1	0	0
2992	156	6	22	0	his	True	-2	43	200	200	200	200	68	68	68	68	-2	his	False	P	False	3	2	1	0	0
2993	156	11	116	0	his	True	-4	1	252	252	492	624	240	388	564	1936	-4	his	False	P	False	3	3	1	0	0
2995	156	11	149	0	his	True	-4	3	188	344	344	344	148	148	148	148	-4	his	False	P	False	3	3	1	0	0
2996	156	11	61	0	his	True	-4	4	300	300	300	300	388	388	388	584	-4	his	False	P	False	3	3	1	0	0
2998	156	11	188	0	his	True	-4	6	148	148	148	148	0	0	0	0	-4	his	False	P	False	3	3	1	0	1
3000	156	11	76	0	his	True	-4	8	336	336	336	336	276	276	276	276	-4	his	False	P	False	3	3	1	0	0
3001	156	11	158	0	his	True	-4	10	272	272	508	548	192	192	528	2196	-4	his	False	P	False	3	3	1	0	0
3002	156	11	152	0	his	True	-4	11	208	208	208	208	216	216	216	388	-4	his	False	P	False	3	3	1	0	0
3004	156	11	40	0	his	True	-4	13	204	204	204	204	312	312	312	692	-4	his	False	P	False	3	3	1	0	0
3005	156	11	98	0	his	True	-4	14	324	324	660	1072	132	132	132	268	-4	his	False	P	False	3	3	1	0	0
3006	156	11	107	0	his	True	-4	15	672	672	672	860	0	0	0	0	-4	his	False	P	False	3	3	1	0	1
3007	156	11	154	0	his	True	-4	16	124	124	124	124	336	712	712	912	-4	his	False	P	False	3	3	1	0	0
3009	156	11	17	0	his	True	-4	18	200	200	464	1172	0	0	0	0	-4	his	False	P	False	3	3	1	0	1
3010	156	11	127	0	his	True	-4	19	512	640	640	640	192	192	192	1320	-4	his	False	P	False	3	3	1	0	0
3011	156	11	161	0	his	True	-4	20	164	164	164	164	180	180	444	1264	-4	his	False	P	False	3	3	1	0	0
3012	156	11	1	0	his	True	-4	21	144	144	144	144	180	180	520	968	-4	his	False	P	False	3	3	1	0	0
3014	156	11	152	0	his	True	-4	23	200	200	200	200	204	204	204	392	-4	his	False	P	False	3	3	1	0	0
3015	156	11	109	0	his	True	-4	24	312	312	312	764	104	104	104	280	-4	his	False	P	False	3	3	1	0	0
3016	156	11	39	0	his	True	-4	25	284	284	284	284	312	312	696	960	-4	his	False	P	False	3	3	1	0	0
3017	156	11	122	0	his	True	-4	27	332	332	332	548	180	248	248	884	-4	his	False	P	False	3	3	1	0	0
3018	156	11	12	0	his	True	-4	28	164	328	328	328	240	240	240	240	-4	his	False	P	False	3	3	1	0	0
3019	156	11	92	0	his	True	-4	29	180	180	180	180	152	268	268	468	-4	his	False	P	False	3	3	1	0	0
3020	156	11	105	0	his	True	-4	30	284	284	284	284	368	368	368	1080	-4	his	False	P	False	3	3	1	0	0
3022	156	11	6	0	his	True	-4	32	196	356	748	1436	264	264	748	1880	-4	his	False	P	False	3	3	1	0	0
3023	156	11	31	0	his	True	-4	33	180	180	924	2556	72	72	72	344	-4	his	False	P	False	3	3	1	0	0
3024	156	11	133	0	his	True	-4	34	336	336	336	336	188	188	280	460	-4	his	False	P	False	3	3	1	0	0
3025	156	11	133	0	his	True	-4	35	164	164	164	164	128	128	128	128	-4	his	False	P	False	3	3	1	0	0
3027	156	11	80	0	his	True	-4	37	180	292	292	292	148	148	284	1516	-4	his	False	P	False	3	3	1	0	0
3028	156	11	153	0	his	True	-4	38	188	188	188	188	224	224	224	464	-4	his	False	P	False	3	3	1	0	0
3029	156	11	179	0	his	True	-4	39	200	200	572	2124	0	0	0	0	-4	his	False	P	False	3	3	1	0	1
3031	156	11	182	0	his	True	-4	41	168	488	596	844	0	0	0	0	-4	his	False	P	False	3	3	1	0	1
3032	156	11	77	0	his	True	-4	42	144	144	144	144	168	168	168	1400	-4	his	False	P	False	3	3	1	0	0
3033	156	11	22	0	his	True	-4	43	268	612	612	708	0	0	0	0	-4	his	False	P	False	3	3	1	0	1
3034	157	8	91	0	him	True	-8	1	168	168	168	168	0	0	0	0	-8	him	False	O	False	3	2	1	0	1
3035	157	8	22	0	him	True	-8	2	152	152	152	260	0	0	0	0	-8	him	False	O	False	3	2	1	0	1
3036	157	8	169	0	him	True	-8	3	132	280	280	280	0	0	0	0	-8	him	False	O	False	3	2	1	0	1
3038	157	8	107	0	him	True	-8	5	176	176	176	176	0	0	0	0	-8	him	False	O	False	3	2	1	0	1
3040	157	8	112	0	him	True	-8	7	128	128	128	128	0	0	0	0	-8	him	False	O	False	3	2	1	0	1
3044	157	8	116	0	him	True	-8	12	100	100	100	100	0	0	0	0	-8	him	False	O	False	3	2	1	0	1
3048	157	8	149	0	him	True	-8	16	180	180	180	180	0	0	0	0	-8	him	False	O	False	3	2	1	0	1
3049	157	8	82	0	him	True	-8	17	84	84	84	84	0	0	0	0	-8	him	False	O	False	3	2	1	0	1
3050	157	8	164	0	him	True	-8	18	156	156	156	156	0	0	0	0	-8	him	False	O	False	3	2	1	0	1
3053	157	8	141	0	him	True	-8	21	148	148	148	148	0	0	0	0	-8	him	False	O	False	3	2	1	0	1
3054	157	8	57	0	him	True	-8	22	160	160	160	160	0	0	0	0	-8	him	False	O	False	3	2	1	0	1
3055	157	8	8	0	him	True	-8	23	248	248	248	248	0	0	0	0	-8	him	False	O	False	3	2	1	0	1
3056	157	8	28	0	him	True	-8	24	164	164	164	164	0	0	0	0	-8	him	False	O	False	3	2	1	0	1
3059	157	8	18	0	him	True	-8	28	184	184	184	184	180	180	180	180	-8	him	False	O	False	3	2	1	0	0
3060	157	8	73	0	him	True	-8	29	196	196	196	196	0	0	0	0	-8	him	False	O	False	3	2	1	0	1
3062	157	8	103	0	him	True	-8	31	180	180	180	180	0	0	0	0	-8	him	False	O	False	3	2	1	0	1
3063	157	8	58	0	him	True	-8	32	224	224	224	224	0	0	0	0	-8	him	False	O	False	3	2	1	0	1
3064	157	8	5	0	him	True	-8	33	164	164	164	164	0	0	0	0	-8	him	False	O	False	3	2	1	0	1
3066	157	8	56	0	him	True	-8	35	172	172	172	172	0	0	0	0	-8	him	False	O	False	3	2	1	0	1
3067	157	8	125	0	him	True	-8	36	180	180	180	180	0	0	0	0	-8	him	False	O	False	3	2	1	0	1
3068	157	8	40	0	him	True	-8	37	152	152	152	152	176	176	176	176	-8	him	False	O	False	3	2	1	0	0
3070	157	8	24	0	him	True	-8	39	148	148	148	148	0	0	0	0	-8	him	False	O	False	3	2	1	0	1
3072	157	8	73	0	him	True	-8	41	144	144	144	144	204	204	204	204	-8	him	False	O	False	3	2	1	0	0
3074	157	8	189	0	him	True	-8	43	144	144	144	144	0	0	0	0	-8	him	False	O	False	3	2	1	0	1
3078	157	9	71	0	he	True	-1	4	164	164	164	164	252	252	252	252	-1	he	False	O	False	2	3	1	0	0
3082	157	9	108	0	he	True	-1	8	148	148	148	148	240	240	240	240	-1	he	False	O	False	2	3	1	0	0
3083	157	9	129	0	he	True	-1	10	172	172	172	172	0	0	0	0	-1	he	False	O	False	2	3	1	0	1
3084	157	9	53	0	he	True	-1	11	148	148	148	148	148	148	148	148	-1	he	False	O	False	2	3	1	0	0
3086	157	9	174	0	he	True	-1	13	240	240	240	240	0	0	0	0	-1	he	False	O	False	2	3	1	0	1
3087	157	9	23	0	he	True	-1	14	188	188	188	188	0	0	0	0	-1	he	False	O	False	2	3	1	0	1
3092	157	9	3	0	he	True	-1	19	216	216	216	216	0	0	0	0	-1	he	False	O	False	2	3	1	0	1
3100	157	9	18	0	he	True	-1	28	180	180	180	180	0	0	0	0	-1	he	False	O	False	2	3	1	0	1
3102	157	9	176	0	he	True	-1	30	116	116	116	116	236	236	236	236	-1	he	False	O	False	2	3	1	0	0
3106	157	9	171	0	he	True	-1	34	108	108	108	108	0	0	0	0	-1	he	False	O	False	2	3	1	0	1
3109	157	9	40	0	he	True	-1	37	176	176	176	176	108	108	108	108	-1	he	False	O	False	2	3	1	0	0
3110	157	9	64	0	he	True	-1	38	228	228	228	228	0	0	0	0	-1	he	False	O	False	2	3	1	0	1
3112	157	9	45	0	he	True	-1	40	136	136	136	136	0	0	0	0	-1	he	False	O	False	2	3	1	0	1
3113	157	9	73	0	he	True	-1	41	204	204	204	204	108	108	108	108	-1	he	False	O	False	2	3	1	0	0
3114	157	9	117	0	he	True	-1	42	168	168	168	168	0	0	0	0	-1	he	False	O	False	2	3	1	0	1
3116	158	3	12	0	his	True	-3	1	128	252	252	252	0	0	0	0	-3	his	False	P	False	3	1	1	0	1
3117	158	3	138	0	his	True	-3	2	316	316	316	316	0	0	0	0	-3	his	False	P	False	3	1	1	0	1
3118	158	3	198	0	his	True	-3	3	200	200	200	200	112	112	112	112	-3	his	False	P	False	3	1	1	0	0
3119	158	3	40	0	his	True	-3	4	168	168	168	168	0	0	0	0	-3	his	False	P	False	3	1	1	0	1
3121	158	3	69	0	his	True	-3	6	124	124	124	124	120	120	120	120	-3	his	False	P	False	3	1	1	0	0
3122	158	3	31	0	his	True	-3	7	128	128	128	128	104	104	104	104	-3	his	False	P	False	3	1	1	0	0
3123	158	3	123	0	his	True	-3	8	140	140	140	140	0	0	0	0	-3	his	False	P	False	3	1	1	0	1
3124	158	3	83	0	his	True	-3	10	184	184	184	184	108	108	108	108	-3	his	False	P	False	3	1	1	0	0
3125	158	3	110	0	his	True	-3	11	160	160	160	160	132	132	132	132	-3	his	False	P	False	3	1	1	0	0
3126	158	3	175	0	his	True	-3	12	184	184	184	184	140	140	140	140	-3	his	False	P	False	3	1	1	0	0
3127	158	3	94	0	his	True	-3	13	220	220	220	220	176	176	176	176	-3	his	False	P	False	3	1	1	0	0
3128	158	3	74	0	his	True	-3	14	312	312	312	312	0	0	0	0	-3	his	False	P	False	3	1	1	0	1
3130	158	3	137	0	his	True	-3	16	324	324	324	324	188	188	188	188	-3	his	False	P	False	3	1	1	0	0
3132	158	3	152	0	his	True	-3	19	192	192	192	192	104	104	104	104	-3	his	False	P	False	3	1	1	0	0
3134	158	3	158	0	his	True	-3	21	124	124	124	124	140	140	140	140	-3	his	False	P	False	3	1	1	0	0
3135	158	3	184	0	his	True	-3	22	156	156	156	156	224	224	224	224	-3	his	False	P	False	3	1	1	0	0
3136	158	3	60	0	his	True	-3	23	172	172	172	172	228	228	228	228	-3	his	False	P	False	3	1	1	0	0
3137	158	3	82	0	his	True	-3	24	240	240	240	240	176	176	176	176	-3	his	False	P	False	3	1	1	0	0
3138	158	3	189	0	his	True	-3	25	128	128	128	128	148	148	148	148	-3	his	False	P	False	3	1	1	0	0
3140	158	3	125	0	his	True	-3	28	348	348	348	348	424	424	424	424	-3	his	False	P	False	3	1	1	0	0
3142	158	3	125	0	his	True	-3	30	340	340	340	340	264	264	264	264	-3	his	False	P	False	3	1	1	0	0
3143	158	3	72	0	his	True	-3	31	196	196	196	196	0	0	0	0	-3	his	False	P	False	3	1	1	0	1
3144	158	3	17	0	his	True	-3	32	200	200	200	200	124	124	124	124	-3	his	False	P	False	3	1	1	0	0
3145	158	3	182	0	his	True	-3	33	144	144	144	144	168	168	168	168	-3	his	False	P	False	3	1	1	0	0
3147	158	3	167	0	his	True	-3	35	164	164	164	164	200	200	200	200	-3	his	False	P	False	3	1	1	0	0
3149	158	3	141	0	his	True	-3	37	140	140	140	140	148	148	148	148	-3	his	False	P	False	3	1	1	0	0
3159	158	6	40	0	his	True	-2	4	156	156	156	156	212	212	212	212	-2	his	False	P	False	3	2	1	0	0
3163	158	6	123	0	his	True	-2	8	208	208	208	208	0	0	0	0	-2	his	False	P	False	3	2	1	0	1
3164	158	6	83	0	his	True	-2	10	212	324	324	324	60	60	60	60	-2	his	False	P	False	3	2	1	0	0
3166	158	6	175	0	his	True	-2	12	288	288	288	288	124	124	124	124	-2	his	False	P	False	3	2	1	0	0
3167	158	6	94	0	his	True	-2	13	168	168	168	168	340	340	340	340	-2	his	False	P	False	3	2	1	0	0
3168	158	6	74	0	his	True	-2	14	236	236	236	236	112	112	112	112	-2	his	False	P	False	3	2	1	0	0
3170	158	6	137	0	his	True	-2	16	200	200	200	200	208	368	368	368	-2	his	False	P	False	3	2	1	0	0
3171	158	6	175	0	his	True	-2	18	228	228	228	228	0	0	0	0	-2	his	False	P	False	3	2	1	0	1
3172	158	6	152	0	his	True	-2	19	140	140	140	140	88	196	196	196	-2	his	False	P	False	3	2	1	0	0
3174	158	6	158	0	his	True	-2	21	132	132	132	132	136	136	136	136	-2	his	False	P	False	3	2	1	0	0
3175	158	6	184	0	his	True	-2	22	204	204	204	204	200	200	200	256	-2	his	False	P	False	3	2	1	0	0
3176	158	6	60	0	his	True	-2	23	228	228	228	228	264	408	408	408	-2	his	False	P	False	3	2	1	0	0
3177	158	6	82	0	his	True	-2	24	304	304	304	304	144	144	144	372	-2	his	False	P	False	3	2	1	0	0
3178	158	6	189	0	his	True	-2	25	164	284	284	284	0	0	0	0	-2	his	False	P	False	3	2	1	0	1
3179	158	6	27	0	his	True	-2	27	328	328	328	328	0	0	0	0	-2	his	False	P	False	3	2	1	0	1
3180	158	6	125	0	his	True	-2	28	180	180	396	524	396	396	396	396	-2	his	False	P	False	3	2	1	0	0
3181	158	6	33	0	his	True	-2	29	160	160	160	160	136	136	136	136	-2	his	False	P	False	3	2	1	0	0
3182	158	6	125	0	his	True	-2	30	160	160	160	160	352	352	352	516	-2	his	False	P	False	3	2	1	0	0
3183	158	6	72	0	his	True	-2	31	148	148	148	148	140	140	140	140	-2	his	False	P	False	3	2	1	0	0
3184	158	6	17	0	his	True	-2	32	280	280	280	280	156	156	156	156	-2	his	False	P	False	3	2	1	0	0
3185	158	6	182	0	his	True	-2	33	172	172	172	172	32	32	32	32	-2	his	False	P	False	3	2	1	0	0
3186	158	6	156	0	his	True	-2	34	212	212	212	212	180	180	180	180	-2	his	False	P	False	3	2	1	0	0
3187	158	6	167	0	his	True	-2	35	160	160	160	160	160	160	160	160	-2	his	False	P	False	3	2	1	0	0
3188	158	6	69	0	his	True	-2	36	180	180	180	180	0	0	0	0	-2	his	False	P	False	3	2	1	0	1
3189	158	6	141	0	his	True	-2	37	172	172	172	172	144	144	144	144	-2	his	False	P	False	3	2	1	0	0
3190	158	6	55	0	his	True	-2	38	204	204	204	204	264	264	264	264	-2	his	False	P	False	3	2	1	0	0
3195	158	6	151	0	his	True	-2	43	120	120	120	120	156	156	156	156	-2	his	False	P	False	3	2	1	0	0
3196	159	10	5	0	his	True	-7	1	136	136	136	136	236	236	236	236	-7	his	False	P	False	3	1	1	0	0
3197	159	10	117	0	his	True	-7	2	96	96	96	96	164	164	164	164	-7	his	False	P	False	3	1	1	0	0
3198	159	10	78	0	his	True	-7	3	160	160	160	160	172	172	172	172	-7	his	False	P	False	3	1	1	0	0
3199	159	10	174	0	his	True	-7	4	96	96	96	96	148	316	316	316	-7	his	False	P	False	3	1	1	0	0
3200	159	10	111	0	his	True	-7	5	188	188	188	188	436	436	436	2108	-7	his	False	P	False	3	1	1	0	0
3201	159	10	64	0	his	True	-7	6	372	372	372	372	0	0	0	0	-7	his	False	P	False	3	1	1	0	1
3202	159	10	203	0	his	True	-7	7	160	160	160	160	160	160	160	160	-7	his	False	P	False	3	1	1	0	0
3205	159	10	175	0	his	True	-7	10	168	168	168	168	148	148	148	148	-7	his	False	P	False	3	1	1	0	0
3206	159	10	190	0	his	True	-7	11	156	156	156	156	136	272	272	272	-7	his	False	P	False	3	1	1	0	0
3210	159	10	172	0	his	True	-7	15	168	168	168	168	0	0	0	0	-7	his	False	P	False	3	1	1	0	1
3212	159	10	36	0	his	True	-7	17	192	192	192	192	224	320	320	320	-7	his	False	P	False	3	1	1	0	0
3215	159	10	108	0	his	True	-7	20	128	128	128	128	0	0	0	0	-7	his	False	P	False	3	1	1	0	1
3216	159	10	194	0	his	True	-7	21	228	228	228	228	232	232	232	592	-7	his	False	P	False	3	1	1	0	0
3220	159	10	96	0	his	True	-7	25	124	124	124	340	188	316	316	316	-7	his	False	P	False	3	1	1	0	0
3221	159	10	72	0	his	True	-7	27	148	148	148	148	172	432	432	684	-7	his	False	P	False	3	1	1	0	0
3225	159	10	168	0	his	True	-7	31	172	172	172	172	120	120	120	120	-7	his	False	P	False	3	1	1	0	0
3228	159	10	168	0	his	True	-7	34	176	176	176	176	240	240	240	1264	-7	his	False	P	False	3	1	1	0	0
3229	159	10	97	0	his	True	-7	35	208	208	208	208	160	160	160	160	-7	his	False	P	False	3	1	1	0	0
3230	159	10	152	0	his	True	-7	36	200	200	200	200	0	0	0	0	-7	his	False	P	False	3	1	1	0	1
3231	159	10	142	0	his	True	-7	37	164	164	164	164	152	152	152	152	-7	his	False	P	False	3	1	1	0	0
3233	159	10	20	0	his	True	-7	39	140	140	140	140	0	0	0	0	-7	his	False	P	False	3	1	1	0	1
3235	159	10	159	0	his	True	-7	41	244	244	244	244	236	236	236	236	-7	his	False	P	False	3	1	1	0	0
3236	159	10	79	0	his	True	-7	42	212	212	212	528	240	240	240	240	-7	his	False	P	False	3	1	1	0	0
3237	159	10	140	0	his	True	-7	43	176	176	176	176	120	120	120	120	-7	his	False	P	False	3	1	1	0	0
3238	159	10	5	0	I	True	-5	1	136	136	136	136	236	236	236	236	-5	i	False	O	False	1	1	1	0	0
3239	159	10	117	0	I	True	-5	2	96	96	96	96	164	164	164	164	-5	i	False	O	False	1	1	1	0	0
3240	159	10	78	0	I	True	-5	3	160	160	160	160	172	172	172	172	-5	i	False	O	False	1	1	1	0	0
3241	159	10	174	0	I	True	-5	4	96	96	96	96	148	316	316	316	-5	i	False	O	False	1	1	1	0	0
3242	159	10	111	0	I	True	-5	5	188	188	188	188	436	436	436	2108	-5	i	False	O	False	1	1	1	0	0
3243	159	10	64	0	I	True	-5	6	372	372	372	372	0	0	0	0	-5	i	False	O	False	1	1	1	0	1
3244	159	10	203	0	I	True	-5	7	160	160	160	160	160	160	160	160	-5	i	False	O	False	1	1	1	0	0
3247	159	10	175	0	I	True	-5	10	168	168	168	168	148	148	148	148	-5	i	False	O	False	1	1	1	0	0
3248	159	10	190	0	I	True	-5	11	156	156	156	156	136	272	272	272	-5	i	False	O	False	1	1	1	0	0
3252	159	10	172	0	I	True	-5	15	168	168	168	168	0	0	0	0	-5	i	False	O	False	1	1	1	0	1
3254	159	10	36	0	I	True	-5	17	192	192	192	192	224	320	320	320	-5	i	False	O	False	1	1	1	0	0
3257	159	10	108	0	I	True	-5	20	128	128	128	128	0	0	0	0	-5	i	False	O	False	1	1	1	0	1
3258	159	10	194	0	I	True	-5	21	228	228	228	228	232	232	232	592	-5	i	False	O	False	1	1	1	0	0
3262	159	10	96	0	I	True	-5	25	124	124	124	340	188	316	316	316	-5	i	False	O	False	1	1	1	0	0
3263	159	10	72	0	I	True	-5	27	148	148	148	148	172	432	432	684	-5	i	False	O	False	1	1	1	0	0
3267	159	10	168	0	I	True	-5	31	172	172	172	172	120	120	120	120	-5	i	False	O	False	1	1	1	0	0
3270	159	10	168	0	I	True	-5	34	176	176	176	176	240	240	240	1264	-5	i	False	O	False	1	1	1	0	0
3271	159	10	97	0	I	True	-5	35	208	208	208	208	160	160	160	160	-5	i	False	O	False	1	1	1	0	0
3272	159	10	152	0	I	True	-5	36	200	200	200	200	0	0	0	0	-5	i	False	O	False	1	1	1	0	1
3273	159	10	142	0	I	True	-5	37	164	164	164	164	152	152	152	152	-5	i	False	O	False	1	1	1	0	0
3275	159	10	20	0	I	True	-5	39	140	140	140	140	0	0	0	0	-5	i	False	O	False	1	1	1	0	1
3277	159	10	159	0	I	True	-5	41	244	244	244	244	236	236	236	236	-5	i	False	O	False	1	1	1	0	0
3278	159	10	79	0	I	True	-5	42	212	212	212	528	240	240	240	240	-5	i	False	O	False	1	1	1	0	0
3279	159	10	140	0	I	True	-5	43	176	176	176	176	120	120	120	120	-5	i	False	O	False	1	1	1	0	0
3282	161	9	191	0	it	False	-4	3	380	380	380	380	0	0	0	0	-4	it	False	O	False	2	0	1	0	1
3289	161	9	18	0	it	False	-4	10	124	124	124	124	0	0	0	0	-4	it	False	O	False	2	0	1	0	1
3290	161	9	95	0	it	False	-4	11	256	256	256	256	76	76	76	236	-4	it	False	O	False	2	0	1	0	0
3294	161	9	10	0	it	False	-4	15	124	124	124	124	0	0	0	0	-4	it	False	O	False	2	0	1	0	1
3295	161	9	178	0	it	False	-4	16	116	116	116	116	0	0	0	0	-4	it	False	O	False	2	0	1	0	1
3301	161	9	127	0	it	False	-4	23	168	168	168	168	360	360	360	360	-4	it	False	O	False	2	0	1	0	0
3305	161	9	165	0	it	False	-4	28	128	128	128	128	0	0	0	0	-4	it	False	O	False	2	0	1	0	1
3307	161	9	65	0	it	False	-4	30	204	204	204	204	0	0	0	0	-4	it	False	O	False	2	0	1	0	1
3311	161	9	6	0	it	False	-4	34	176	176	176	176	0	0	0	0	-4	it	False	O	False	2	0	1	0	1
3317	161	9	199	0	it	False	-4	40	148	148	148	944	0	0	0	0	-4	it	False	O	False	2	0	1	0	1
3318	161	9	194	0	it	False	-4	41	220	220	220	220	284	284	284	284	-4	it	False	O	False	2	0	1	0	0
3321	162	8	52	0	his	False	-4	1	248	248	248	408	216	216	216	216	-4	his	False	P	False	3	0	1	0	0
3323	162	8	90	0	his	False	-4	3	224	224	224	224	164	164	164	164	-4	his	False	P	False	3	0	1	0	0
3324	162	8	175	0	his	False	-4	4	260	260	260	260	132	132	132	132	-4	his	False	P	False	3	0	1	0	0
3325	162	8	99	0	his	False	-4	5	300	300	300	300	168	168	168	168	-4	his	False	P	False	3	0	1	0	0
3326	162	8	19	0	his	False	-4	6	144	144	144	144	0	0	0	0	-4	his	False	P	False	3	0	1	0	1
3327	162	8	4	0	his	False	-4	7	164	164	164	164	0	0	0	0	-4	his	False	P	False	3	0	1	0	1
3328	162	8	183	0	his	False	-4	8	192	192	192	192	156	156	156	156	-4	his	False	P	False	3	0	1	0	0
3330	162	8	158	0	his	False	-4	11	196	196	196	196	148	148	148	148	-4	his	False	P	False	3	0	1	0	0
3332	162	8	51	0	his	False	-4	13	200	200	200	200	208	208	208	208	-4	his	False	P	False	3	0	1	0	0
3333	162	8	188	0	his	False	-4	14	140	140	140	140	156	156	156	156	-4	his	False	P	False	3	0	1	0	0
3335	162	8	183	0	his	False	-4	16	148	148	148	148	160	160	160	160	-4	his	False	P	False	3	0	1	0	0
3336	162	8	162	0	his	False	-4	17	204	204	204	204	248	248	248	248	-4	his	False	P	False	3	0	1	0	0
3337	162	8	110	0	his	False	-4	18	220	220	220	220	0	0	0	0	-4	his	False	P	False	3	0	1	0	1
3338	162	8	197	0	his	False	-4	19	220	220	220	220	152	152	152	152	-4	his	False	P	False	3	0	1	0	0
3340	162	8	128	0	his	False	-4	21	164	164	164	164	320	320	320	1040	-4	his	False	P	False	3	0	1	0	0
3341	162	8	22	0	his	False	-4	22	316	316	316	316	208	208	208	208	-4	his	False	P	False	3	0	1	0	0
3342	162	8	115	0	his	False	-4	23	272	272	272	272	220	220	220	220	-4	his	False	P	False	3	0	1	0	0
3344	162	8	196	0	his	False	-4	25	184	184	184	184	168	168	168	168	-4	his	False	P	False	3	0	1	0	0
3345	162	8	150	0	his	False	-4	27	296	296	296	648	296	424	424	540	-4	his	False	P	False	3	0	1	0	0
3347	162	8	11	0	his	False	-4	29	180	180	180	180	0	0	0	0	-4	his	False	P	False	3	0	1	0	1
3348	162	8	205	0	his	False	-4	30	696	696	696	696	268	268	268	268	-4	his	False	P	False	3	0	1	0	0
3349	162	8	180	0	his	False	-4	31	160	160	160	160	0	0	0	0	-4	his	False	P	False	3	0	1	0	1
3350	162	8	124	0	his	False	-4	32	200	200	200	200	248	248	248	248	-4	his	False	P	False	3	0	1	0	0
3351	162	8	155	0	his	False	-4	33	56	56	56	660	132	280	280	280	-4	his	False	P	False	3	0	1	0	0
3352	162	8	88	0	his	False	-4	34	200	200	200	200	144	144	144	144	-4	his	False	P	False	3	0	1	0	0
3354	162	8	23	0	his	False	-4	36	184	184	184	184	0	0	0	0	-4	his	False	P	False	3	0	1	0	1
3355	162	8	3	0	his	False	-4	37	148	148	148	148	276	276	276	276	-4	his	False	P	False	3	0	1	0	0
3356	162	8	85	0	his	False	-4	38	216	216	216	332	0	0	0	0	-4	his	False	P	False	3	0	1	0	1
3359	162	8	126	0	his	False	-4	41	168	284	284	284	176	176	176	176	-4	his	False	P	False	3	0	1	0	0
3360	162	8	126	0	his	False	-4	42	188	188	188	188	176	176	176	176	-4	his	False	P	False	3	0	1	0	0
3362	162	11	52	0	his	False	-3	1	396	396	396	396	628	628	628	1968	-3	his	False	P	False	3	1	1	0	0
3364	162	11	90	0	his	False	-3	3	220	220	220	220	0	0	0	0	-3	his	False	P	False	3	1	1	0	1
3365	162	11	175	0	his	False	-3	4	192	192	384	652	136	136	264	3060	-3	his	False	P	False	3	1	1	0	0
3368	162	11	4	0	his	False	-3	7	212	212	212	1224	172	172	460	620	-3	his	False	P	False	3	1	1	0	0
3371	162	11	158	0	his	False	-3	11	188	188	188	364	168	168	168	168	-3	his	False	P	False	3	1	1	0	0
3372	162	11	42	0	his	False	-3	12	124	124	512	1484	0	0	0	0	-3	his	False	P	False	3	1	1	0	1
3375	162	11	187	0	his	False	-3	15	256	256	560	880	172	172	172	536	-3	his	False	P	False	3	1	1	0	0
3376	162	11	183	0	his	False	-3	16	224	224	320	1352	0	0	0	0	-3	his	False	P	False	3	1	1	0	1
3378	162	11	110	0	his	False	-3	18	212	212	212	212	316	316	316	316	-3	his	False	P	False	3	1	1	0	0
3381	162	11	128	0	his	False	-3	21	196	196	196	196	184	184	304	596	-3	his	False	P	False	3	1	1	0	0
3385	162	11	196	0	his	False	-3	25	196	196	384	724	292	292	472	804	-3	his	False	P	False	3	1	1	0	0
3386	162	11	150	0	his	False	-3	27	264	264	264	264	0	0	0	0	-3	his	False	P	False	3	1	1	0	1
3388	162	11	11	0	his	False	-3	29	156	156	156	156	100	100	100	792	-3	his	False	P	False	3	1	1	0	0
3390	162	11	180	0	his	False	-3	31	148	148	148	148	268	268	268	268	-3	his	False	P	False	3	1	1	0	0
3391	162	11	124	0	his	False	-3	32	248	248	248	248	244	244	244	244	-3	his	False	P	False	3	1	1	0	0
3392	162	11	155	0	his	False	-3	33	120	120	120	120	0	0	0	0	-3	his	False	P	False	3	1	1	0	1
3394	162	11	75	0	his	False	-3	35	188	188	188	188	172	172	172	172	-3	his	False	P	False	3	1	1	0	0
3397	162	11	85	0	his	False	-3	38	180	180	180	180	292	292	532	2784	-3	his	False	P	False	3	1	1	0	0
3398	162	11	31	0	his	False	-3	39	212	212	212	856	0	0	0	0	-3	his	False	P	False	3	1	1	0	1
3402	162	11	188	0	his	False	-3	43	240	240	240	896	0	0	0	0	-3	his	False	P	False	3	1	1	0	1
3413	163	11	24	0	he	False	-4	12	204	204	204	204	312	312	312	756	-4	he	False	O	False	2	0	1	0	0
3416	163	11	99	0	he	False	-4	15	204	204	204	204	236	236	236	236	-4	he	False	O	False	2	0	1	0	0
3421	163	11	25	0	he	False	-4	20	196	196	196	196	188	188	388	2012	-4	he	False	O	False	2	0	1	0	0
3422	163	11	115	0	he	False	-4	21	440	564	564	564	200	200	200	200	-4	he	False	O	False	2	0	1	0	0
3424	163	11	111	0	he	False	-4	23	160	160	160	160	212	520	520	2520	-4	he	False	O	False	2	0	1	0	0
3429	163	11	162	0	he	False	-4	29	124	124	124	124	272	272	272	604	-4	he	False	O	False	2	0	1	0	0
3435	163	11	9	0	he	False	-4	35	200	200	200	200	344	576	576	752	-4	he	False	O	False	2	0	1	0	0
3441	163	11	186	0	he	False	-4	41	272	272	272	272	116	268	268	584	-4	he	False	O	False	2	0	1	0	0
3444	172	6	185	0	him	True	-6	1	368	368	368	368	0	0	0	0	-6	him	False	O	False	3	1	1	0	1
3445	172	6	178	0	him	True	-6	2	176	176	176	176	0	0	0	0	-6	him	False	O	False	3	1	1	0	1
3446	172	6	111	0	him	True	-6	3	168	168	168	168	180	180	180	180	-6	him	False	O	False	3	1	1	0	0
3451	172	6	186	0	him	True	-6	8	192	192	192	192	0	0	0	0	-6	him	False	O	False	3	1	1	0	1
3452	172	6	172	0	him	True	-6	10	216	280	280	280	0	0	0	0	-6	him	False	O	False	3	1	1	0	1
3453	172	6	47	0	him	True	-6	11	220	220	444	1772	0	0	0	0	-6	him	False	O	False	3	1	1	0	1
3454	172	6	103	0	him	True	-6	12	124	124	124	268	0	0	0	0	-6	him	False	O	False	3	1	1	0	1
3457	172	6	81	0	him	True	-6	15	256	256	384	1044	0	0	0	0	-6	him	False	O	False	3	1	1	0	1
3458	172	6	153	0	him	True	-6	16	152	308	308	308	0	0	0	0	-6	him	False	O	False	3	1	1	0	1
3459	172	6	96	0	him	True	-6	17	264	264	264	264	0	0	0	0	-6	him	False	O	False	3	1	1	0	1
3461	172	6	14	0	him	True	-6	19	200	200	200	200	0	0	0	0	-6	him	False	O	False	3	1	1	0	1
3462	172	6	182	0	him	True	-6	20	140	140	140	140	172	172	172	172	-6	him	False	O	False	3	1	1	0	0
3463	172	6	197	0	him	True	-6	21	140	140	140	140	148	148	148	148	-6	him	False	O	False	3	1	1	0	0
3464	172	6	161	0	him	True	-6	22	412	412	412	412	0	0	0	0	-6	him	False	O	False	3	1	1	0	1
3465	172	6	163	0	him	True	-6	23	380	380	380	380	372	372	372	372	-6	him	False	O	False	3	1	1	0	0
3466	172	6	130	0	him	True	-6	24	224	224	224	224	152	152	152	152	-6	him	False	O	False	3	1	1	0	0
3467	172	6	143	0	him	True	-6	25	84	84	84	84	0	0	0	0	-6	him	False	O	False	3	1	1	0	1
3468	172	6	109	0	him	True	-6	27	144	144	144	144	0	0	0	0	-6	him	False	O	False	3	1	1	0	1
3469	172	6	198	0	him	True	-6	28	364	364	364	364	0	0	0	0	-6	him	False	O	False	3	1	1	0	1
3470	172	6	61	0	him	True	-6	29	128	252	252	252	0	0	0	0	-6	him	False	O	False	3	1	1	0	1
3472	172	6	77	0	him	True	-6	31	236	236	236	236	0	0	0	0	-6	him	False	O	False	3	1	1	0	1
3473	172	6	46	0	him	True	-6	32	268	268	268	268	0	0	0	0	-6	him	False	O	False	3	1	1	0	1
3475	172	6	64	0	him	True	-6	34	164	164	164	164	0	0	0	0	-6	him	False	O	False	3	1	1	0	1
3476	172	6	47	0	him	True	-6	35	212	212	212	212	208	208	208	208	-6	him	False	O	False	3	1	1	0	0
3477	172	6	64	0	him	True	-6	36	244	244	244	244	0	0	0	0	-6	him	False	O	False	3	1	1	0	1
3478	172	6	6	0	him	True	-6	37	252	252	252	252	0	0	0	0	-6	him	False	O	False	3	1	1	0	1
3479	172	6	7	0	him	True	-6	38	188	188	188	188	208	208	376	1116	-6	him	False	O	False	3	1	1	0	0
3481	172	6	93	0	him	True	-6	40	216	216	216	256	0	0	0	0	-6	him	False	O	False	3	1	1	0	1
3482	172	6	93	0	him	True	-6	41	136	136	356	668	148	148	148	148	-6	him	False	O	False	3	1	1	0	0
3484	172	6	152	0	him	True	-6	43	148	148	148	148	188	188	188	188	-6	him	False	O	False	3	1	1	0	0
3487	173	4	164	0	he	False	-4	3	304	304	304	304	188	188	188	188	-4	he	False	O	False	2	0	1	0	0
3491	173	4	140	0	he	False	-4	7	136	136	136	136	132	132	132	132	-4	he	False	O	False	2	0	1	0	0
3492	173	4	154	0	he	False	-4	8	164	164	164	164	140	140	140	140	-4	he	False	O	False	2	0	1	0	0
3494	173	4	78	0	he	False	-4	11	144	144	144	144	136	136	136	136	-4	he	False	O	False	2	0	1	0	0
3496	173	4	6	0	he	False	-4	13	204	204	204	204	0	0	0	0	-4	he	False	O	False	2	0	1	0	1
3498	173	4	98	0	he	False	-4	15	232	232	232	232	56	56	56	56	-4	he	False	O	False	2	0	1	0	0
3499	173	4	51	0	he	False	-4	16	216	216	216	216	304	812	812	812	-4	he	False	O	False	2	0	1	0	0
3503	173	4	177	0	he	False	-4	20	136	136	136	136	144	144	144	144	-4	he	False	O	False	2	0	1	0	0
3504	173	4	148	0	he	False	-4	21	152	152	152	152	272	400	400	400	-4	he	False	O	False	2	0	1	0	0
3506	173	4	157	0	he	False	-4	23	220	220	220	220	260	600	600	748	-4	he	False	O	False	2	0	1	0	0
3507	173	4	121	0	he	False	-4	24	160	412	412	412	292	452	452	452	-4	he	False	O	False	2	0	1	0	0
3508	173	4	52	0	he	False	-4	25	84	84	84	84	0	0	0	0	-4	he	False	O	False	2	0	1	0	1
3510	173	4	6	0	he	False	-4	28	28	28	28	280	92	128	128	128	-4	he	False	O	False	2	0	1	0	0
3512	173	4	76	0	he	False	-4	30	264	264	264	264	308	308	308	308	-4	he	False	O	False	2	0	1	0	0
3514	173	4	101	0	he	False	-4	32	184	184	184	184	224	224	224	224	-4	he	False	O	False	2	0	1	0	0
3519	173	4	192	0	he	False	-4	37	232	232	232	232	328	732	732	732	-4	he	False	O	False	2	0	1	0	0
3522	173	4	14	0	he	False	-4	40	216	216	216	216	168	484	484	484	-4	he	False	O	False	2	0	1	0	0
3525	173	4	3	0	he	False	-4	43	124	124	124	124	224	224	224	224	-4	he	False	O	False	2	0	1	0	0
3528	173	11	164	0	his	False	-6	3	212	212	416	580	0	0	0	0	-6	his	False	P	False	3	1	1	0	1
3532	173	11	140	0	his	False	-6	7	224	224	424	3204	0	0	0	0	-6	his	False	P	False	3	1	1	0	1
3534	173	11	199	0	his	False	-6	10	200	200	200	200	224	224	500	1320	-6	his	False	P	False	3	1	1	0	0
3536	173	11	101	0	his	False	-6	12	256	256	256	256	84	84	84	1116	-6	his	False	P	False	3	1	1	0	0
3539	173	11	98	0	his	False	-6	15	472	472	472	712	0	0	0	0	-6	his	False	P	False	3	1	1	0	1
3540	173	11	51	0	his	False	-6	16	184	476	476	476	416	416	416	416	-6	his	False	P	False	3	1	1	0	0
3541	173	11	149	0	his	False	-6	17	336	336	336	428	232	232	232	828	-6	his	False	P	False	3	1	1	0	0
3543	173	11	108	0	his	False	-6	19	92	92	92	156	76	164	164	988	-6	his	False	P	False	3	1	1	0	0
3545	173	11	148	0	his	False	-6	21	304	304	304	476	172	172	172	172	-6	his	False	P	False	3	1	1	0	0
3546	173	11	83	0	his	False	-6	22	284	284	284	284	232	232	232	708	-6	his	False	P	False	3	1	1	0	0
3550	173	11	143	0	his	False	-6	27	244	244	244	244	172	172	172	972	-6	his	False	P	False	3	1	1	0	0
3551	173	11	6	0	his	False	-6	28	88	88	88	244	196	620	888	1504	-6	his	False	P	False	3	1	1	0	0
3552	173	11	196	0	his	False	-6	29	256	256	256	256	196	196	196	348	-6	his	False	P	False	3	1	1	0	0
3555	173	11	101	0	his	False	-6	32	160	160	160	160	104	104	104	104	-6	his	False	P	False	3	1	1	0	0
3557	173	11	203	0	his	False	-6	34	500	500	500	632	120	120	120	120	-6	his	False	P	False	3	1	1	0	0
3559	173	11	42	0	his	False	-6	36	232	448	604	860	80	80	80	80	-6	his	False	P	False	3	1	1	0	0
3563	173	11	14	0	his	False	-6	40	132	132	240	468	172	360	360	788	-6	his	False	P	False	3	1	1	0	0
3564	173	11	62	0	his	False	-6	41	272	272	272	272	180	180	180	556	-6	his	False	P	False	3	1	1	0	0
3566	173	11	3	0	his	False	-6	43	288	288	288	288	108	108	108	272	-6	his	False	P	False	3	1	1	0	0
3567	175	9	177	0	she	True	-5	1	136	136	136	136	260	260	260	260	-5	she	False	O	False	3	2	1	0	0
3568	175	9	135	0	she	True	-5	2	120	120	120	120	0	0	0	0	-5	she	False	O	False	3	2	1	0	1
3569	175	9	110	0	she	True	-5	3	232	232	232	232	108	108	108	108	-5	she	False	O	False	3	2	1	0	0
3573	175	9	191	0	she	True	-5	7	64	64	64	64	0	0	0	0	-5	she	False	O	False	3	2	1	0	1
3574	175	9	171	0	she	True	-5	8	92	92	92	92	264	264	264	264	-5	she	False	O	False	3	2	1	0	0
3575	175	9	162	0	she	True	-5	10	136	136	136	136	0	0	0	0	-5	she	False	O	False	3	2	1	0	1
3577	175	9	7	0	she	True	-5	12	228	228	228	228	152	152	152	152	-5	she	False	O	False	3	2	1	0	0
3579	175	9	162	0	she	True	-5	14	152	384	384	384	0	0	0	0	-5	she	False	O	False	3	2	1	0	1
3580	175	9	141	0	she	True	-5	15	244	244	244	492	0	0	0	0	-5	she	False	O	False	3	2	1	0	1
3581	175	9	53	0	she	True	-5	16	192	192	192	192	0	0	0	0	-5	she	False	O	False	3	2	1	0	1
3582	175	9	56	0	she	True	-5	17	160	160	160	160	0	0	0	0	-5	she	False	O	False	3	2	1	0	1
3583	175	9	128	0	she	True	-5	18	208	208	208	208	172	172	172	172	-5	she	False	O	False	3	2	1	0	0
3584	175	9	163	0	she	True	-5	19	88	88	88	88	184	184	184	184	-5	she	False	O	False	3	2	1	0	0
3586	175	9	54	0	she	True	-5	21	216	216	216	216	148	148	148	148	-5	she	False	O	False	3	2	1	0	0
3589	175	9	192	0	she	True	-5	24	192	192	192	192	136	136	136	136	-5	she	False	O	False	3	2	1	0	0
3592	175	9	71	0	she	True	-5	28	280	280	280	280	160	160	160	300	-5	she	False	O	False	3	2	1	0	0
3594	175	9	52	0	she	True	-5	30	264	264	368	2280	540	540	540	540	-5	she	False	O	False	3	2	1	0	0
3595	175	9	106	0	she	True	-5	31	148	148	148	148	0	0	0	0	-5	she	False	O	False	3	2	1	0	1
3599	175	9	84	0	she	True	-5	35	188	188	188	188	208	208	208	208	-5	she	False	O	False	3	2	1	0	0
3600	175	9	30	0	she	True	-5	36	196	196	196	196	0	0	0	0	-5	she	False	O	False	3	2	1	0	1
3601	175	9	136	0	she	True	-5	37	172	364	364	364	144	144	144	144	-5	she	False	O	False	3	2	1	0	0
3602	175	9	71	0	she	True	-5	38	212	212	212	212	240	240	240	240	-5	she	False	O	False	3	2	1	0	0
3604	175	9	24	0	she	True	-5	40	132	132	132	132	136	136	136	136	-5	she	False	O	False	3	2	1	0	0
3605	175	9	42	0	she	True	-5	41	204	204	204	204	148	148	148	148	-5	she	False	O	False	3	2	1	0	0
3606	175	9	142	0	she	True	-5	42	240	240	240	240	148	148	148	148	-5	she	False	O	False	3	2	1	0	0
3608	176	9	7	0	she	True	-2	1	288	288	288	288	348	348	348	348	-2	she	False	O	False	3	1	1	0	0
3609	176	9	151	0	she	True	-2	2	228	228	228	228	172	172	172	172	-2	she	False	O	False	3	1	1	0	0
3610	176	9	51	0	she	True	-2	3	148	356	356	356	156	156	156	156	-2	she	False	O	False	3	1	1	0	0
3611	176	9	15	0	she	True	-2	4	172	172	172	172	200	200	200	200	-2	she	False	O	False	3	1	1	0	0
3612	176	9	63	0	she	True	-2	5	216	216	216	216	208	208	208	208	-2	she	False	O	False	3	1	1	0	0
3615	176	9	87	0	she	True	-2	8	224	224	224	224	196	196	196	196	-2	she	False	O	False	3	1	1	0	0
3617	176	9	85	0	she	True	-2	10	128	128	128	128	132	132	132	132	-2	she	False	O	False	3	1	1	0	0
3619	176	9	173	0	she	True	-2	12	172	172	172	172	0	0	0	0	-2	she	False	O	False	3	1	1	0	1
3620	176	9	203	0	she	True	-2	13	164	164	164	164	168	168	168	168	-2	she	False	O	False	3	1	1	0	0
3621	176	9	148	0	she	True	-2	14	236	236	236	236	0	0	0	0	-2	she	False	O	False	3	1	1	0	1
3623	176	9	92	0	she	True	-2	16	212	360	360	360	300	300	300	300	-2	she	False	O	False	3	1	1	0	0
3624	176	9	156	0	she	True	-2	17	176	176	176	176	0	0	0	0	-2	she	False	O	False	3	1	1	0	1
3626	176	9	84	0	she	True	-2	19	176	176	176	176	156	156	156	156	-2	she	False	O	False	3	1	1	0	0
3628	176	9	22	0	she	True	-2	21	152	152	152	268	208	352	560	1684	-2	she	False	O	False	3	1	1	0	0
3629	176	9	7	0	she	True	-2	22	196	196	196	196	340	608	608	608	-2	she	False	O	False	3	1	1	0	0
3630	176	9	35	0	she	True	-2	23	176	1276	1276	1276	192	192	192	192	-2	she	False	O	False	3	1	1	0	0
3632	176	9	137	0	she	True	-2	25	172	172	172	172	224	224	224	224	-2	she	False	O	False	3	1	1	0	0
3634	176	9	74	0	she	True	-2	28	268	408	408	408	152	152	152	152	-2	she	False	O	False	3	1	1	0	0
3637	176	9	115	0	she	True	-2	31	184	184	184	184	176	176	176	176	-2	she	False	O	False	3	1	1	0	0
3638	176	9	108	0	she	True	-2	32	172	172	172	172	116	508	508	508	-2	she	False	O	False	3	1	1	0	0
3639	176	9	141	0	she	True	-2	33	80	80	284	2208	116	116	116	116	-2	she	False	O	False	3	1	1	0	0
3641	176	9	96	0	she	True	-2	35	168	168	168	168	128	128	128	128	-2	she	False	O	False	3	1	1	0	0
3643	176	9	182	0	she	True	-2	37	172	172	172	172	148	324	324	324	-2	she	False	O	False	3	1	1	0	0
3646	176	9	31	0	she	True	-2	40	140	272	272	272	184	184	184	184	-2	she	False	O	False	3	1	1	0	0
3647	176	9	102	0	she	True	-2	41	304	304	304	304	0	0	0	0	-2	she	False	O	False	3	1	1	0	1
3648	176	9	153	0	she	True	-2	42	180	180	180	180	0	0	0	0	-2	she	False	O	False	3	1	1	0	1
3649	176	9	75	0	she	True	-2	43	88	88	88	88	156	156	156	156	-2	she	False	O	False	3	1	1	0	0
3652	176	11	51	0	it	True	-8	3	212	212	212	212	204	204	628	1100	-8	it	False	O	False	2	2	1	0	0
3655	176	11	28	0	it	True	-8	6	200	200	200	200	216	216	216	1324	-8	it	False	O	False	2	2	1	0	0
3657	176	11	87	0	it	True	-8	8	184	184	184	184	476	476	476	476	-8	it	False	O	False	2	2	1	0	0
3661	176	11	173	0	it	True	-8	12	148	148	148	148	192	192	476	1700	-8	it	False	O	False	2	2	1	0	0
3663	176	11	148	0	it	True	-8	14	324	324	608	844	124	124	392	1244	-8	it	False	O	False	2	2	1	0	0
3665	176	11	92	0	it	True	-8	16	140	140	140	140	276	276	276	1212	-8	it	False	O	False	2	2	1	0	0
3666	176	11	156	0	it	True	-8	17	188	188	188	188	148	148	368	2340	-8	it	False	O	False	2	2	1	0	0
3676	176	11	74	0	it	True	-8	28	172	172	172	172	232	232	1384	1868	-8	it	False	O	False	2	2	1	0	0
3680	176	11	108	0	it	True	-8	32	236	236	236	236	184	384	712	1028	-8	it	False	O	False	2	2	1	0	0
3682	176	11	45	0	it	True	-8	34	320	320	1120	1556	180	180	180	484	-8	it	False	O	False	2	2	1	0	0
3683	176	11	96	0	it	True	-8	35	168	168	168	168	192	192	192	192	-8	it	False	O	False	2	2	1	0	0
3685	176	11	182	0	it	True	-8	37	148	148	148	148	256	256	256	2232	-8	it	False	O	False	2	2	1	0	0
3689	176	11	102	0	it	True	-8	41	132	132	132	132	172	172	372	2176	-8	it	False	O	False	2	2	1	0	0
3690	176	11	153	0	it	True	-8	42	160	160	160	160	200	200	644	1508	-8	it	False	O	False	2	2	1	0	0
3692	183	3	43	0	her	False	-3	1	132	300	300	300	148	148	148	148	-3	her	False	O	False	3	0	1	0	0
3693	183	3	125	0	her	False	-3	2	108	108	108	108	0	0	0	0	-3	her	False	O	False	3	0	1	0	1
3694	183	3	194	0	her	False	-3	3	136	136	136	136	156	300	300	300	-3	her	False	O	False	3	0	1	0	0
3695	183	3	89	0	her	False	-3	4	160	160	160	160	188	188	188	188	-3	her	False	O	False	3	0	1	0	0
3699	183	3	83	0	her	False	-3	8	164	164	336	536	140	140	140	140	-3	her	False	O	False	3	0	1	0	0
3701	183	3	56	0	her	False	-3	11	156	156	156	156	156	156	156	156	-3	her	False	O	False	3	0	1	0	0
3703	183	3	62	0	her	False	-3	13	152	152	152	152	0	0	0	0	-3	her	False	O	False	3	0	1	0	1
3704	183	3	57	0	her	False	-3	14	132	132	132	132	280	280	280	280	-3	her	False	O	False	3	0	1	0	0
3706	183	3	138	0	her	False	-3	16	200	352	352	352	172	172	172	172	-3	her	False	O	False	3	0	1	0	0
3707	183	3	95	0	her	False	-3	17	208	208	208	208	0	0	0	0	-3	her	False	O	False	3	0	1	0	1
3708	183	3	47	0	her	False	-3	18	200	200	200	200	136	136	136	136	-3	her	False	O	False	3	0	1	0	0
3709	183	3	87	0	her	False	-3	19	196	196	196	196	104	104	104	104	-3	her	False	O	False	3	0	1	0	0
3711	183	3	108	0	her	False	-3	21	72	72	212	408	0	0	0	0	-3	her	False	O	False	3	0	1	0	1
3712	183	3	172	0	her	False	-3	22	568	568	568	568	148	148	148	148	-3	her	False	O	False	3	0	1	0	0
3713	183	3	71	0	her	False	-3	23	160	160	160	160	340	340	340	340	-3	her	False	O	False	3	0	1	0	0
3714	183	3	154	0	her	False	-3	24	236	236	236	236	152	152	152	152	-3	her	False	O	False	3	0	1	0	0
3715	183	3	152	0	her	False	-3	25	152	152	152	152	252	252	252	252	-3	her	False	O	False	3	0	1	0	0
3716	183	3	63	0	her	False	-3	27	248	248	248	248	0	0	0	0	-3	her	False	O	False	3	0	1	0	1
3717	183	3	109	0	her	False	-3	28	364	364	364	364	292	292	292	524	-3	her	False	O	False	3	0	1	0	0
3718	183	3	168	0	her	False	-3	29	144	144	144	280	0	0	0	0	-3	her	False	O	False	3	0	1	0	1
3719	183	3	202	0	her	False	-3	30	312	312	312	312	156	156	340	588	-3	her	False	O	False	3	0	1	0	0
3720	183	3	159	0	her	False	-3	31	184	184	184	184	0	0	0	0	-3	her	False	O	False	3	0	1	0	1
3721	183	3	204	0	her	False	-3	32	180	180	180	180	180	180	180	180	-3	her	False	O	False	3	0	1	0	0
3722	183	3	78	0	her	False	-3	33	168	168	168	168	0	0	0	0	-3	her	False	O	False	3	0	1	0	1
3723	183	3	173	0	her	False	-3	34	176	176	176	176	208	208	208	208	-3	her	False	O	False	3	0	1	0	0
3726	183	3	42	0	her	False	-3	37	132	132	132	132	148	148	148	148	-3	her	False	O	False	3	0	1	0	0
3727	183	3	111	0	her	False	-3	38	176	176	176	176	244	244	244	244	-3	her	False	O	False	3	0	1	0	0
3729	183	3	61	0	her	False	-3	40	152	152	152	152	136	136	344	532	-3	her	False	O	False	3	0	1	0	0
3731	183	3	85	0	her	False	-3	42	236	236	236	236	268	268	268	268	-3	her	False	O	False	3	0	1	0	0
3732	183	3	179	0	her	False	-3	43	144	144	144	144	168	168	168	168	-3	her	False	O	False	3	0	1	0	0
3733	185	12	36	0	his	False	-7	1	148	420	752	2752	284	616	616	616	-7	his	False	P	False	3	0	1	0	0
3734	185	12	4	0	his	False	-7	2	168	168	168	272	0	0	0	0	-7	his	False	P	False	3	0	1	0	1
3736	185	12	10	0	his	False	-7	4	204	204	204	372	228	228	228	564	-7	his	False	P	False	3	0	1	0	0
3737	185	12	202	0	his	False	-7	5	256	256	520	892	0	0	0	0	-7	his	False	P	False	3	0	1	0	1
3738	185	12	158	0	his	False	-7	6	708	708	708	708	0	0	0	0	-7	his	False	P	False	3	0	1	0	1
3739	185	12	66	0	his	False	-7	7	220	220	220	740	276	276	276	1080	-7	his	False	P	False	3	0	1	0	0
3740	185	12	147	0	his	False	-7	8	236	476	476	664	0	0	0	0	-7	his	False	P	False	3	0	1	0	1
3741	185	12	200	0	his	False	-7	10	220	220	220	220	212	212	476	1860	-7	his	False	P	False	3	0	1	0	0
3742	185	12	34	0	his	False	-7	11	256	256	256	256	196	196	196	196	-7	his	False	P	False	3	0	1	0	0
3744	185	12	188	0	his	False	-7	13	184	184	184	184	456	456	456	776	-7	his	False	P	False	3	0	1	0	0
3745	185	12	92	0	his	False	-7	14	232	232	232	232	244	244	244	244	-7	his	False	P	False	3	0	1	0	0
3746	185	12	86	0	his	False	-7	15	760	760	760	760	0	0	0	0	-7	his	False	P	False	3	0	1	0	1
3747	185	12	184	0	his	False	-7	16	168	400	400	824	0	0	0	0	-7	his	False	P	False	3	0	1	0	1
3749	185	12	52	0	his	False	-7	18	224	224	224	224	168	168	168	524	-7	his	False	P	False	3	0	1	0	0
3750	185	12	198	0	his	False	-7	19	208	208	208	208	152	228	228	1264	-7	his	False	P	False	3	0	1	0	0
3754	185	12	181	0	his	False	-7	23	144	144	144	144	164	472	472	648	-7	his	False	P	False	3	0	1	0	0
3756	185	12	16	0	his	False	-7	25	168	168	168	168	244	244	244	356	-7	his	False	P	False	3	0	1	0	0
3757	185	12	160	0	his	False	-7	27	224	224	224	224	192	192	192	192	-7	his	False	P	False	3	0	1	0	0
3759	185	12	180	0	his	False	-7	29	216	216	216	216	208	208	208	344	-7	his	False	P	False	3	0	1	0	0
3760	185	12	103	0	his	False	-7	30	496	496	496	496	584	584	584	584	-7	his	False	P	False	3	0	1	0	0
3761	185	12	13	0	his	False	-7	31	204	204	204	204	204	560	560	560	-7	his	False	P	False	3	0	1	0	0
3762	185	12	126	0	his	False	-7	32	208	208	208	208	136	136	136	136	-7	his	False	P	False	3	0	1	0	0
3763	185	12	1	0	his	False	-7	33	188	188	188	188	232	232	232	436	-7	his	False	P	False	3	0	1	0	0
3766	185	12	32	0	his	False	-7	36	180	180	180	596	0	0	0	0	-7	his	False	P	False	3	0	1	0	1
3767	185	12	137	0	his	False	-7	37	208	208	208	208	156	156	156	156	-7	his	False	P	False	3	0	1	0	0
3769	185	12	138	0	his	False	-7	39	172	172	172	172	148	148	148	880	-7	his	False	P	False	3	0	1	0	0
3771	185	12	181	0	his	False	-7	41	192	192	192	192	256	372	372	372	-7	his	False	P	False	3	0	1	0	0
3773	185	12	69	0	his	False	-7	43	268	552	552	912	0	0	0	0	-7	his	False	P	False	3	0	1	0	1
3777	187	9	133	0	he	True	-5	4	32	132	132	132	56	288	288	288	-5	he	False	O	False	2	1	1	0	0
3780	187	9	205	0	he	True	-5	7	148	148	148	148	116	116	116	116	-5	he	False	O	False	2	1	1	0	0
3781	187	9	115	0	he	True	-5	8	176	176	176	176	152	152	152	152	-5	he	False	O	False	2	1	1	0	0
3785	187	9	182	0	he	True	-5	13	196	196	196	196	176	176	176	176	-5	he	False	O	False	2	1	1	0	0
3786	187	9	63	0	he	True	-5	14	176	176	176	176	208	208	208	208	-5	he	False	O	False	2	1	1	0	0
3788	187	9	112	0	he	True	-5	16	252	252	252	252	160	160	160	160	-5	he	False	O	False	2	1	1	0	0
3795	187	9	189	0	he	True	-5	23	216	216	216	216	72	312	312	312	-5	he	False	O	False	2	1	1	0	0
3803	187	9	49	0	he	True	-5	32	240	240	240	240	176	420	420	420	-5	he	False	O	False	2	1	1	0	0
3808	187	9	202	0	he	True	-5	37	148	148	148	148	140	140	140	140	-5	he	False	O	False	2	1	1	0	0
3812	187	9	94	0	he	True	-5	41	180	180	180	180	252	252	252	252	-5	he	False	O	False	2	1	1	0	0
3813	187	9	36	0	he	True	-5	42	152	152	152	152	0	0	0	0	-5	he	False	O	False	2	1	1	0	1
3823	187	12	190	0	it	True	-6	10	192	192	192	192	360	580	580	1232	-6	it	False	O	False	2	2	1	0	0
3828	187	12	90	0	it	True	-6	15	260	952	952	1492	0	0	0	0	-6	it	False	O	False	2	2	1	0	1
3829	187	12	112	0	it	True	-6	16	172	172	172	172	320	544	544	544	-6	it	False	O	False	2	2	1	0	0
3833	187	12	8	0	it	True	-6	20	152	152	152	152	252	252	380	1388	-6	it	False	O	False	2	2	1	0	0
3836	187	12	189	0	it	True	-6	23	344	344	344	344	408	408	408	876	-6	it	False	O	False	2	2	1	0	0
3838	187	12	132	0	it	True	-6	25	252	252	252	368	72	72	72	664	-6	it	False	O	False	2	2	1	0	0
3840	187	12	108	0	it	True	-6	28	184	184	184	184	0	0	0	0	-6	it	False	O	False	2	2	1	0	1
3851	187	12	73	0	it	True	-6	39	528	528	528	528	0	0	0	0	-6	it	False	O	False	2	2	1	0	1
3854	187	12	36	0	it	True	-6	42	264	264	264	956	0	0	0	0	-6	it	False	O	False	2	2	1	0	1
3856	188	6	84	0	he	True	-5	1	276	276	276	276	196	304	304	304	-5	he	False	O	False	2	1	1	0	0
3857	188	6	153	0	he	True	-5	2	140	140	140	140	152	152	152	152	-5	he	False	O	False	2	1	1	0	0
3858	188	6	205	0	he	True	-5	3	172	172	172	172	280	280	280	280	-5	he	False	O	False	2	1	1	0	0
3860	188	6	147	0	he	True	-5	5	320	320	320	612	0	0	0	0	-5	he	False	O	False	2	1	1	0	1
3863	188	6	163	0	he	True	-5	8	348	348	348	348	0	0	0	0	-5	he	False	O	False	2	1	1	0	1
3866	188	6	100	0	he	True	-5	12	172	172	172	172	172	172	172	172	-5	he	False	O	False	2	1	1	0	0
3868	188	6	3	0	he	True	-5	14	172	172	172	172	228	228	228	228	-5	he	False	O	False	2	1	1	0	0
3869	188	6	161	0	he	True	-5	15	208	208	208	208	0	0	0	0	-5	he	False	O	False	2	1	1	0	1
3871	188	6	152	0	he	True	-5	17	264	264	264	264	160	160	160	160	-5	he	False	O	False	2	1	1	0	0
3876	188	6	147	0	he	True	-5	22	216	216	216	216	148	148	148	148	-5	he	False	O	False	2	1	1	0	0
3880	188	6	202	0	he	True	-5	27	232	232	232	232	184	184	184	184	-5	he	False	O	False	2	1	1	0	0
3882	188	6	87	0	he	True	-5	29	172	172	172	172	0	0	0	0	-5	he	False	O	False	2	1	1	0	1
3884	188	6	14	0	he	True	-5	31	112	112	112	112	0	0	0	0	-5	he	False	O	False	2	1	1	0	1
3885	188	6	111	0	he	True	-5	32	184	184	184	184	188	188	188	188	-5	he	False	O	False	2	1	1	0	0
3886	188	6	161	0	he	True	-5	33	172	172	172	172	96	96	96	96	-5	he	False	O	False	2	1	1	0	0
3889	188	6	197	0	he	True	-5	36	212	212	212	212	0	0	0	0	-5	he	False	O	False	2	1	1	0	1
3890	188	6	199	0	he	True	-5	37	152	268	268	268	200	200	200	200	-5	he	False	O	False	2	1	1	0	0
3893	188	6	57	0	he	True	-5	40	140	140	140	140	228	228	228	228	-5	he	False	O	False	2	1	1	0	0
3895	188	6	67	0	he	True	-5	42	164	164	164	164	148	148	148	148	-5	he	False	O	False	2	1	1	0	0
3896	188	6	9	0	he	True	-5	43	168	168	168	168	132	132	132	132	-5	he	False	O	False	2	1	1	0	0
3897	190	8	184	0	he	True	-5	1	180	180	180	264	192	412	412	412	-5	he	False	O	False	2	1	1	0	0
3899	190	8	60	0	he	True	-5	3	164	164	164	164	272	504	504	504	-5	he	False	O	False	2	1	1	0	0
3900	190	8	109	0	he	True	-5	4	144	144	144	144	164	164	164	164	-5	he	False	O	False	2	1	1	0	0
3905	190	8	26	0	he	True	-5	10	184	184	184	184	64	64	64	64	-5	he	False	O	False	2	1	1	0	0
3906	190	8	33	0	he	True	-5	11	196	196	196	196	172	172	172	172	-5	he	False	O	False	2	1	1	0	0
3907	190	8	19	0	he	True	-5	12	148	148	148	148	0	0	0	0	-5	he	False	O	False	2	1	1	0	1
3909	190	8	15	0	he	True	-5	14	144	144	144	144	160	628	628	628	-5	he	False	O	False	2	1	1	0	0
3911	190	8	190	0	he	True	-5	16	212	212	212	212	196	196	196	196	-5	he	False	O	False	2	1	1	0	0
3912	190	8	89	0	he	True	-5	17	128	128	128	128	0	0	0	0	-5	he	False	O	False	2	1	1	0	1
3913	190	8	26	0	he	True	-5	18	212	212	212	212	0	0	0	0	-5	he	False	O	False	2	1	1	0	1
3914	190	8	146	0	he	True	-5	19	116	116	116	116	152	152	152	152	-5	he	False	O	False	2	1	1	0	0
3916	190	8	137	0	he	True	-5	21	156	156	156	156	0	0	0	0	-5	he	False	O	False	2	1	1	0	1
3918	190	8	55	0	he	True	-5	23	424	424	424	424	116	116	116	260	-5	he	False	O	False	2	1	1	0	0
3921	190	8	115	0	he	True	-5	27	152	220	220	220	204	204	204	204	-5	he	False	O	False	2	1	1	0	0
3923	190	8	156	0	he	True	-5	29	176	176	176	176	164	164	164	164	-5	he	False	O	False	2	1	1	0	0
3924	190	8	119	0	he	True	-5	30	504	504	504	504	212	212	212	212	-5	he	False	O	False	2	1	1	0	0
3928	190	8	62	0	he	True	-5	34	116	116	116	116	0	0	0	0	-5	he	False	O	False	2	1	1	0	1
3932	190	8	147	0	he	True	-5	38	196	196	196	196	172	172	172	172	-5	he	False	O	False	2	1	1	0	0
3936	190	8	155	0	he	True	-5	42	204	204	204	204	244	244	244	244	-5	he	False	O	False	2	1	1	0	0
3938	190	8	184	0	my	True	-3	1	180	180	180	264	192	412	412	412	-3	my	False	O	False	2	1	1	0	0
3940	190	8	60	0	my	True	-3	3	164	164	164	164	272	504	504	504	-3	my	False	O	False	2	1	1	0	0
3941	190	8	109	0	my	True	-3	4	144	144	144	144	164	164	164	164	-3	my	False	O	False	2	1	1	0	0
3946	190	8	26	0	my	True	-3	10	184	184	184	184	64	64	64	64	-3	my	False	O	False	2	1	1	0	0
3947	190	8	33	0	my	True	-3	11	196	196	196	196	172	172	172	172	-3	my	False	O	False	2	1	1	0	0
3948	190	8	19	0	my	True	-3	12	148	148	148	148	0	0	0	0	-3	my	False	O	False	2	1	1	0	1
3950	190	8	15	0	my	True	-3	14	144	144	144	144	160	628	628	628	-3	my	False	O	False	2	1	1	0	0
3952	190	8	190	0	my	True	-3	16	212	212	212	212	196	196	196	196	-3	my	False	O	False	2	1	1	0	0
3953	190	8	89	0	my	True	-3	17	128	128	128	128	0	0	0	0	-3	my	False	O	False	2	1	1	0	1
3954	190	8	26	0	my	True	-3	18	212	212	212	212	0	0	0	0	-3	my	False	O	False	2	1	1	0	1
3955	190	8	146	0	my	True	-3	19	116	116	116	116	152	152	152	152	-3	my	False	O	False	2	1	1	0	0
3957	190	8	137	0	my	True	-3	21	156	156	156	156	0	0	0	0	-3	my	False	O	False	2	1	1	0	1
3959	190	8	55	0	my	True	-3	23	424	424	424	424	116	116	116	260	-3	my	False	O	False	2	1	1	0	0
3962	190	8	115	0	my	True	-3	27	152	220	220	220	204	204	204	204	-3	my	False	O	False	2	1	1	0	0
3964	190	8	156	0	my	True	-3	29	176	176	176	176	164	164	164	164	-3	my	False	O	False	2	1	1	0	0
3965	190	8	119	0	my	True	-3	30	504	504	504	504	212	212	212	212	-3	my	False	O	False	2	1	1	0	0
3969	190	8	62	0	my	True	-3	34	116	116	116	116	0	0	0	0	-3	my	False	O	False	2	1	1	0	1
3973	190	8	147	0	my	True	-3	38	196	196	196	196	172	172	172	172	-3	my	False	O	False	2	1	1	0	0
3977	190	8	155	0	my	True	-3	42	204	204	204	204	244	244	244	244	-3	my	False	O	False	2	1	1	0	0
3979	190	8	184	0	my	True	-3	1	180	180	180	264	192	412	412	412	-3	my	False	O	False	2	1	1	0	0
3981	190	8	60	0	my	True	-3	3	164	164	164	164	272	504	504	504	-3	my	False	O	False	2	1	1	0	0
3982	190	8	109	0	my	True	-3	4	144	144	144	144	164	164	164	164	-3	my	False	O	False	2	1	1	0	0
3987	190	8	26	0	my	True	-3	10	184	184	184	184	64	64	64	64	-3	my	False	O	False	2	1	1	0	0
3988	190	8	33	0	my	True	-3	11	196	196	196	196	172	172	172	172	-3	my	False	O	False	2	1	1	0	0
3989	190	8	19	0	my	True	-3	12	148	148	148	148	0	0	0	0	-3	my	False	O	False	2	1	1	0	1
3991	190	8	15	0	my	True	-3	14	144	144	144	144	160	628	628	628	-3	my	False	O	False	2	1	1	0	0
3993	190	8	190	0	my	True	-3	16	212	212	212	212	196	196	196	196	-3	my	False	O	False	2	1	1	0	0
3994	190	8	89	0	my	True	-3	17	128	128	128	128	0	0	0	0	-3	my	False	O	False	2	1	1	0	1
3995	190	8	26	0	my	True	-3	18	212	212	212	212	0	0	0	0	-3	my	False	O	False	2	1	1	0	1
3996	190	8	146	0	my	True	-3	19	116	116	116	116	152	152	152	152	-3	my	False	O	False	2	1	1	0	0
3998	190	8	137	0	my	True	-3	21	156	156	156	156	0	0	0	0	-3	my	False	O	False	2	1	1	0	1
4000	190	8	55	0	my	True	-3	23	424	424	424	424	116	116	116	260	-3	my	False	O	False	2	1	1	0	0
4003	190	8	115	0	my	True	-3	27	152	220	220	220	204	204	204	204	-3	my	False	O	False	2	1	1	0	0
4005	190	8	156	0	my	True	-3	29	176	176	176	176	164	164	164	164	-3	my	False	O	False	2	1	1	0	0
4006	190	8	119	0	my	True	-3	30	504	504	504	504	212	212	212	212	-3	my	False	O	False	2	1	1	0	0
4010	190	8	62	0	my	True	-3	34	116	116	116	116	0	0	0	0	-3	my	False	O	False	2	1	1	0	1
4014	190	8	147	0	my	True	-3	38	196	196	196	196	172	172	172	172	-3	my	False	O	False	2	1	1	0	0
4018	190	8	155	0	my	True	-3	42	204	204	204	204	244	244	244	244	-3	my	False	O	False	2	1	1	0	0
4022	194	10	172	0	it	False	-3	3	324	324	324	324	224	224	224	224	-3	it	False	O	False	2	0	1	0	0
4026	194	10	95	0	it	False	-3	7	40	40	40	1684	0	0	0	0	-3	it	False	O	False	2	0	1	0	1
4035	194	10	6	0	it	False	-3	16	196	196	196	196	0	0	0	0	-3	it	False	O	False	2	0	1	0	1
4037	194	10	83	0	it	False	-3	19	204	204	372	1236	0	0	0	0	-3	it	False	O	False	2	0	1	0	1
4038	194	10	51	0	it	False	-3	20	292	292	292	292	0	0	0	0	-3	it	False	O	False	2	0	1	0	1
4041	194	10	69	0	it	False	-3	23	100	100	100	100	508	508	860	2400	-3	it	False	O	False	2	0	1	0	0
4044	194	10	165	0	it	False	-3	27	176	176	176	432	0	0	0	0	-3	it	False	O	False	2	0	1	0	1
4045	194	10	149	0	it	False	-3	28	168	168	168	168	0	0	0	0	-3	it	False	O	False	2	0	1	0	1
4046	194	10	6	0	it	False	-3	29	224	496	496	496	0	0	0	0	-3	it	False	O	False	2	0	1	0	1
4048	194	10	18	0	it	False	-3	31	132	132	132	516	0	0	0	0	-3	it	False	O	False	2	0	1	0	1
4054	194	10	64	0	it	False	-3	37	124	124	124	1100	176	176	176	176	-3	it	False	O	False	2	0	1	0	0
4055	194	10	201	0	it	False	-3	38	144	144	144	144	0	0	0	0	-3	it	False	O	False	2	0	1	0	1
4057	194	10	21	0	it	False	-3	40	200	200	200	612	136	136	136	136	-3	it	False	O	False	2	0	1	0	0
4058	194	10	168	0	it	False	-3	41	268	268	268	268	0	0	0	0	-3	it	False	O	False	2	0	1	0	1
4059	194	10	161	0	it	False	-3	42	208	208	208	860	0	0	0	0	-3	it	False	O	False	2	0	1	0	1
4062	195	5	192	0	he	False	-4	2	140	140	140	140	0	0	0	0	-4	he	False	O	False	2	0	1	0	1
4064	195	5	164	0	he	False	-4	4	160	160	160	160	160	160	160	160	-4	he	False	O	False	2	0	1	0	0
4066	195	5	43	0	he	False	-4	6	156	156	156	156	128	128	128	128	-4	he	False	O	False	2	0	1	0	0
4067	195	5	56	0	he	False	-4	7	88	88	88	88	0	0	0	0	-4	he	False	O	False	2	0	1	0	1
4068	195	5	41	0	he	False	-4	8	196	196	196	196	132	132	132	132	-4	he	False	O	False	2	0	1	0	0
4069	195	5	149	0	he	False	-4	10	116	116	116	116	0	0	0	0	-4	he	False	O	False	2	0	1	0	1
4072	195	5	98	0	he	False	-4	13	192	192	192	192	224	224	224	224	-4	he	False	O	False	2	0	1	0	0
4073	195	5	169	0	he	False	-4	14	172	172	172	172	208	208	208	208	-4	he	False	O	False	2	0	1	0	0
4083	195	5	93	0	he	False	-4	24	168	168	168	168	0	0	0	0	-4	he	False	O	False	2	0	1	0	1
4084	195	5	28	0	he	False	-4	25	144	144	144	144	172	172	172	172	-4	he	False	O	False	2	0	1	0	0
4086	195	5	152	0	he	False	-4	28	160	392	392	520	164	164	164	164	-4	he	False	O	False	2	0	1	0	0
4087	195	5	119	0	he	False	-4	29	204	204	204	204	0	0	0	0	-4	he	False	O	False	2	0	1	0	1
4089	195	5	116	0	he	False	-4	31	168	168	168	168	0	0	0	0	-4	he	False	O	False	2	0	1	0	1
4090	195	5	74	0	he	False	-4	32	164	164	164	164	208	208	208	208	-4	he	False	O	False	2	0	1	0	0
4091	195	5	41	0	he	False	-4	33	148	148	148	148	168	168	168	168	-4	he	False	O	False	2	0	1	0	0
4092	195	5	137	0	he	False	-4	34	184	184	184	184	0	0	0	0	-4	he	False	O	False	2	0	1	0	1
4093	195	5	85	0	he	False	-4	35	196	196	196	196	144	144	144	144	-4	he	False	O	False	2	0	1	0	0
4094	195	5	61	0	he	False	-4	36	176	176	176	176	0	0	0	0	-4	he	False	O	False	2	0	1	0	1
4097	195	5	123	0	he	False	-4	39	144	144	144	144	0	0	0	0	-4	he	False	O	False	2	0	1	0	1
4099	195	5	132	0	he	False	-4	41	168	168	168	168	0	0	0	0	-4	he	False	O	False	2	0	1	0	1
4100	195	5	139	0	he	False	-4	42	196	196	196	196	0	0	0	0	-4	he	False	O	False	2	0	1	0	1
4103	197	9	37	0	he	False	-8	2	108	108	108	108	116	116	116	116	-8	he	False	O	False	2	0	1	0	0
4104	197	9	195	0	he	False	-8	3	168	168	168	168	196	196	196	196	-8	he	False	O	False	2	0	1	0	0
4106	197	9	93	0	he	False	-8	5	96	96	96	96	300	300	300	572	-8	he	False	O	False	2	0	1	0	0
4109	197	9	24	0	he	False	-8	8	176	176	176	176	140	140	140	140	-8	he	False	O	False	2	0	1	0	0
4110	197	9	8	0	he	False	-8	10	168	168	168	168	88	88	88	88	-8	he	False	O	False	2	0	1	0	0
4111	197	9	31	0	he	False	-8	11	168	168	168	168	168	168	168	168	-8	he	False	O	False	2	0	1	0	0
4112	197	9	61	0	he	False	-8	12	272	272	272	272	244	244	244	244	-8	he	False	O	False	2	0	1	0	0
4113	197	9	78	0	he	False	-8	13	216	216	216	216	0	0	0	0	-8	he	False	O	False	2	0	1	0	1
4124	197	9	181	0	he	False	-8	25	228	228	228	228	0	0	0	0	-8	he	False	O	False	2	0	1	0	1
4126	197	9	101	0	he	False	-8	28	144	144	144	144	244	420	420	420	-8	he	False	O	False	2	0	1	0	0
4127	197	9	201	0	he	False	-8	29	160	160	160	160	0	0	0	0	-8	he	False	O	False	2	0	1	0	1
4135	197	9	50	0	he	False	-8	37	124	124	124	124	0	0	0	0	-8	he	False	O	False	2	0	1	0	1
4141	197	9	25	0	he	False	-8	43	204	204	204	204	0	0	0	0	-8	he	False	O	False	2	0	1	0	1
4143	199	12	58	0	his	False	-8	2	80	80	80	80	228	400	400	580	-8	his	False	P	False	3	0	1	0	0
4144	199	12	82	0	his	False	-8	3	204	204	204	204	264	264	264	788	-8	his	False	P	False	3	0	1	0	0
4146	199	12	34	0	his	False	-8	5	164	164	164	164	128	128	128	2200	-8	his	False	P	False	3	0	1	0	0
4148	199	12	173	0	his	False	-8	7	140	140	140	140	88	88	460	1708	-8	his	False	P	False	3	0	1	0	0
4149	199	12	121	0	his	False	-8	8	164	164	164	164	452	452	452	452	-8	his	False	P	False	3	0	1	0	0
4150	199	12	8	0	his	False	-8	9	160	160	160	160	216	528	664	1568	-8	his	False	P	False	3	0	1	0	0
4152	199	12	6	0	his	False	-8	11	264	264	264	264	164	164	564	888	-8	his	False	P	False	3	0	1	0	0
4157	199	12	141	0	his	False	-8	16	204	204	204	204	180	468	468	700	-8	his	False	P	False	3	0	1	0	0
4159	199	12	117	0	his	False	-8	18	204	204	204	204	196	196	196	196	-8	his	False	P	False	3	0	1	0	0
4160	199	12	46	0	his	False	-8	19	164	164	164	164	148	148	148	532	-8	his	False	P	False	3	0	1	0	0
4161	199	12	49	0	his	False	-8	20	252	252	252	252	156	156	512	2456	-8	his	False	P	False	3	0	1	0	0
4163	199	12	107	0	his	False	-8	22	248	448	448	448	336	336	336	336	-8	his	False	P	False	3	0	1	0	0
4164	199	12	177	0	his	False	-8	23	496	496	496	496	196	716	1564	17508	-8	his	False	P	False	3	0	1	0	0
4165	199	12	194	0	his	False	-8	24	164	164	164	164	160	160	160	436	-8	his	False	P	False	3	0	1	0	0
4166	199	12	53	0	his	False	-8	25	228	228	228	228	160	160	160	1852	-8	his	False	P	False	3	0	1	0	0
4168	199	12	201	0	his	False	-8	28	180	180	180	180	180	180	180	180	-8	his	False	P	False	3	0	1	0	0
4170	199	12	21	0	his	False	-8	30	92	92	92	92	224	440	440	1700	-8	his	False	P	False	3	0	1	0	0
4171	199	12	16	0	his	False	-8	31	152	152	152	152	152	152	152	152	-8	his	False	P	False	3	0	1	0	0
4172	199	12	42	0	his	False	-8	32	84	84	84	84	236	292	292	292	-8	his	False	P	False	3	0	1	0	0
4173	199	12	100	0	his	False	-8	33	232	232	232	232	220	220	220	220	-8	his	False	P	False	3	0	1	0	0
4176	199	12	46	0	his	False	-8	36	148	148	148	148	216	216	216	632	-8	his	False	P	False	3	0	1	0	0
4177	199	12	82	0	his	False	-8	37	148	148	148	148	140	140	140	660	-8	his	False	P	False	3	0	1	0	0
4178	199	12	143	0	his	False	-8	38	220	220	220	220	220	220	220	220	-8	his	False	P	False	3	0	1	0	0
4180	199	12	4	0	his	False	-8	40	136	136	136	232	40	260	260	1232	-8	his	False	P	False	3	0	1	0	0
4181	199	12	96	0	his	False	-8	41	228	228	228	228	152	512	512	1032	-8	his	False	P	False	3	0	1	0	0
4182	199	12	71	0	his	False	-8	42	148	148	148	148	248	248	248	968	-8	his	False	P	False	3	0	1	0	0
4183	199	12	157	0	his	False	-8	43	128	128	128	128	236	236	236	1024	-8	his	False	P	False	3	0	1	0	0
4184	201	6	69	0	her	True	-3	1	220	220	220	220	148	148	148	148	-3	her	False	O	False	3	1	1	0	0
4185	201	6	77	0	her	True	-3	2	160	160	160	160	140	140	140	140	-3	her	False	O	False	3	1	1	0	0
4186	201	6	203	0	her	True	-3	3	164	300	300	300	144	144	144	144	-3	her	False	O	False	3	1	1	0	0
4188	201	6	150	0	her	True	-3	5	216	216	216	216	152	152	152	152	-3	her	False	O	False	3	1	1	0	0
4191	201	6	72	0	her	True	-3	8	156	156	156	156	132	132	132	132	-3	her	False	O	False	3	1	1	0	0
4192	201	6	13	0	her	True	-3	10	68	244	428	1196	116	116	116	116	-3	her	False	O	False	3	1	1	0	0
4193	201	6	204	0	her	True	-3	11	140	140	140	140	128	128	128	128	-3	her	False	O	False	3	1	1	0	0
4194	201	6	167	0	her	True	-3	12	128	128	128	128	228	228	228	228	-3	her	False	O	False	3	1	1	0	0
4195	201	6	38	0	her	True	-3	13	184	184	184	184	0	0	0	0	-3	her	False	O	False	3	1	1	0	1
4197	201	6	66	0	her	True	-3	15	148	148	336	540	0	0	0	0	-3	her	False	O	False	3	1	1	0	1
4198	201	6	85	0	her	True	-3	16	228	368	368	368	224	224	224	224	-3	her	False	O	False	3	1	1	0	0
4201	201	6	179	0	her	True	-3	19	192	192	192	192	84	84	84	84	-3	her	False	O	False	3	1	1	0	0
4204	201	6	8	0	her	True	-3	22	288	288	288	288	256	256	256	256	-3	her	False	O	False	3	1	1	0	0
4205	201	6	203	0	her	True	-3	23	164	164	164	164	324	324	324	324	-3	her	False	O	False	3	1	1	0	0
4207	201	6	139	0	her	True	-3	25	168	168	168	168	152	152	152	152	-3	her	False	O	False	3	1	1	0	0
4211	201	6	96	0	her	True	-3	30	264	264	264	264	208	208	208	208	-3	her	False	O	False	3	1	1	0	0
4213	201	6	32	0	her	True	-3	32	208	208	208	208	164	164	164	164	-3	her	False	O	False	3	1	1	0	0
4214	201	6	32	0	her	True	-3	33	280	280	280	280	100	100	100	100	-3	her	False	O	False	3	1	1	0	0
4216	201	6	73	0	her	True	-3	35	168	168	168	168	0	0	0	0	-3	her	False	O	False	3	1	1	0	1
4218	201	6	68	0	her	True	-3	37	96	96	96	96	132	316	316	316	-3	her	False	O	False	3	1	1	0	0
4220	201	6	102	0	her	True	-3	39	148	148	148	148	128	128	128	128	-3	her	False	O	False	3	1	1	0	0
4266	202	8	19	0	he	True	-2	1	196	196	196	196	288	288	288	568	-2	he	False	O	False	2	1	1	0	0
4267	202	8	93	0	he	True	-2	2	164	164	164	164	196	196	196	196	-2	he	False	O	False	2	1	1	0	0
4272	202	8	201	0	he	True	-2	7	144	144	144	144	0	0	0	0	-2	he	False	O	False	2	1	1	0	1
4276	202	8	172	0	he	True	-2	12	168	168	168	168	0	0	0	0	-2	he	False	O	False	2	1	1	0	1
4278	202	8	16	0	he	True	-2	14	160	160	160	160	300	300	300	300	-2	he	False	O	False	2	1	1	0	0
4282	202	8	9	0	he	True	-2	18	212	212	212	212	0	0	0	0	-2	he	False	O	False	2	1	1	0	1
4283	202	8	49	0	he	True	-2	19	164	164	164	164	116	116	116	116	-2	he	False	O	False	2	1	1	0	0
4285	202	8	99	0	he	True	-2	21	148	148	148	148	0	0	0	0	-2	he	False	O	False	2	1	1	0	1
4286	202	8	138	0	he	True	-2	22	188	188	188	188	248	248	248	248	-2	he	False	O	False	2	1	1	0	0
4287	202	8	151	0	he	True	-2	23	80	80	520	1096	212	212	212	212	-2	he	False	O	False	2	1	1	0	0
4290	202	8	61	0	he	True	-2	27	176	300	300	300	0	0	0	0	-2	he	False	O	False	2	1	1	0	1
4291	202	8	39	0	he	True	-2	28	184	184	184	184	376	492	492	492	-2	he	False	O	False	2	1	1	0	0
4293	202	8	11	0	he	True	-2	30	196	196	408	1940	124	124	124	124	-2	he	False	O	False	2	1	1	0	0
4295	202	8	188	0	he	True	-2	32	188	188	188	188	168	168	168	168	-2	he	False	O	False	2	1	1	0	0
4296	202	8	55	0	he	True	-2	33	148	148	148	148	180	180	180	180	-2	he	False	O	False	2	1	1	0	0
4300	202	8	140	0	he	True	-2	37	168	288	288	288	192	192	192	192	-2	he	False	O	False	2	1	1	0	0
4301	202	8	76	0	he	True	-2	38	196	196	196	196	176	176	176	176	-2	he	False	O	False	2	1	1	0	0
4303	202	8	101	0	he	True	-2	40	136	136	136	136	148	148	148	148	-2	he	False	O	False	2	1	1	0	0
4306	202	8	100	0	he	True	-2	43	196	196	196	196	0	0	0	0	-2	he	False	O	False	2	1	1	0	1
4307	209	4	70	0	his	True	-3	1	148	296	296	296	0	0	0	0	-3	his	False	P	False	3	1	1	0	1
4308	209	4	56	0	his	True	-3	2	132	132	132	132	136	136	136	136	-3	his	False	P	False	3	1	1	0	0
4309	209	4	183	0	his	True	-3	3	156	156	156	156	160	160	160	160	-3	his	False	P	False	3	1	1	0	0
4310	209	4	160	0	his	True	-3	4	160	160	160	160	160	160	160	160	-3	his	False	P	False	3	1	1	0	0
4313	209	4	172	0	his	True	-3	7	184	184	184	304	140	140	140	140	-3	his	False	P	False	3	1	1	0	0
4314	209	4	136	0	his	True	-3	8	140	140	140	140	0	0	0	0	-3	his	False	P	False	3	1	1	0	1
4315	209	4	43	0	his	True	-3	10	132	132	132	132	100	100	100	100	-3	his	False	P	False	3	1	1	0	0
4316	209	4	147	0	his	True	-3	11	224	224	224	224	132	132	132	132	-3	his	False	P	False	3	1	1	0	0
4318	209	4	171	0	his	True	-3	13	264	264	264	264	0	0	0	0	-3	his	False	P	False	3	1	1	0	1
4321	209	4	21	0	his	True	-3	16	184	316	316	316	0	0	0	0	-3	his	False	P	False	3	1	1	0	1
4322	209	4	1	0	his	True	-3	17	164	164	164	164	180	180	180	180	-3	his	False	P	False	3	1	1	0	0
4324	209	4	47	0	his	True	-3	19	172	172	172	172	504	504	504	504	-3	his	False	P	False	3	1	1	0	0
4326	209	4	45	0	his	True	-3	21	84	84	384	584	152	152	152	152	-3	his	False	P	False	3	1	1	0	0
4327	209	4	96	0	his	True	-3	22	220	428	428	428	0	0	0	0	-3	his	False	P	False	3	1	1	0	1
4328	209	4	113	0	his	True	-3	23	172	172	172	172	288	356	356	356	-3	his	False	P	False	3	1	1	0	0
4330	209	4	122	0	his	True	-3	25	148	148	276	656	192	192	192	192	-3	his	False	P	False	3	1	1	0	0
4331	209	4	170	0	his	True	-3	27	208	372	372	372	0	0	0	0	-3	his	False	P	False	3	1	1	0	1
4332	209	4	156	0	his	True	-3	28	164	300	300	300	0	0	0	0	-3	his	False	P	False	3	1	1	0	1
4333	209	4	202	0	his	True	-3	29	176	176	176	176	140	140	140	140	-3	his	False	P	False	3	1	1	0	0
4334	209	4	194	0	his	True	-3	30	156	156	156	156	0	0	0	0	-3	his	False	P	False	3	1	1	0	1
4335	209	4	107	0	his	True	-3	31	144	144	144	144	0	0	0	0	-3	his	False	P	False	3	1	1	0	1
4336	209	4	94	0	his	True	-3	32	152	152	152	152	168	168	168	168	-3	his	False	P	False	3	1	1	0	0
4337	209	4	104	0	his	True	-3	33	184	184	184	184	200	200	200	200	-3	his	False	P	False	3	1	1	0	0
4341	209	4	45	0	his	True	-3	37	128	128	128	128	192	192	192	192	-3	his	False	P	False	3	1	1	0	0
4344	209	4	34	0	his	True	-3	40	188	188	188	188	116	116	116	116	-3	his	False	P	False	3	1	1	0	0
4347	209	4	13	0	his	True	-3	43	144	144	144	144	100	100	100	100	-3	his	False	P	False	3	1	1	0	0
4389	210	3	99	0	his	True	-3	1	120	120	120	120	140	252	396	640	-3	his	False	P	False	3	1	1	0	0
4390	210	3	86	0	his	True	-3	2	48	220	220	220	52	52	192	676	-3	his	False	P	False	3	1	1	0	0
4391	210	3	138	0	his	True	-3	3	140	140	140	140	160	160	160	160	-3	his	False	P	False	3	1	1	0	0
4392	210	3	46	0	his	True	-3	4	124	124	124	124	156	156	156	156	-3	his	False	P	False	3	1	1	0	0
4395	210	3	149	0	his	True	-3	7	216	216	216	216	156	156	156	156	-3	his	False	P	False	3	1	1	0	0
4396	210	3	69	0	his	True	-3	8	276	276	276	276	212	212	212	556	-3	his	False	P	False	3	1	1	0	0
4397	210	3	59	0	his	True	-3	10	124	124	124	124	176	176	176	176	-3	his	False	P	False	3	1	1	0	0
4398	210	3	144	0	his	True	-3	11	144	144	144	144	172	172	172	172	-3	his	False	P	False	3	1	1	0	0
4399	210	3	95	0	his	True	-3	12	224	224	224	224	88	88	88	144	-3	his	False	P	False	3	1	1	0	0
4400	210	3	59	0	his	True	-3	13	208	208	208	208	132	132	132	384	-3	his	False	P	False	3	1	1	0	0
4401	210	3	88	0	his	True	-3	14	152	152	152	152	216	316	316	516	-3	his	False	P	False	3	1	1	0	0
4403	210	3	133	0	his	True	-3	16	216	428	428	428	132	132	132	132	-3	his	False	P	False	3	1	1	0	0
4404	210	3	163	0	his	True	-3	17	316	316	316	316	0	0	0	0	-3	his	False	P	False	3	1	1	0	1
4406	210	3	123	0	his	True	-3	19	184	184	184	184	208	208	208	408	-3	his	False	P	False	3	1	1	0	0
4407	210	3	174	0	his	True	-3	20	220	220	220	220	188	188	188	364	-3	his	False	P	False	3	1	1	0	0
4409	210	3	192	0	his	True	-3	22	168	168	168	168	196	196	196	196	-3	his	False	P	False	3	1	1	0	0
4410	210	3	37	0	his	True	-3	23	240	240	240	240	268	268	268	268	-3	his	False	P	False	3	1	1	0	0
4411	210	3	41	0	his	True	-3	24	248	248	480	648	124	124	124	392	-3	his	False	P	False	3	1	1	0	0
4412	210	3	61	0	his	True	-3	25	252	328	328	328	0	0	0	0	-3	his	False	P	False	3	1	1	0	1
4413	210	3	176	0	his	True	-3	27	300	300	300	300	260	260	260	260	-3	his	False	P	False	3	1	1	0	0
4414	210	3	111	0	his	True	-3	28	248	248	248	248	204	204	204	204	-3	his	False	P	False	3	1	1	0	0
4416	210	3	182	0	his	True	-3	30	332	332	332	332	156	156	380	744	-3	his	False	P	False	3	1	1	0	0
4417	210	3	49	0	his	True	-3	31	204	204	204	204	0	0	0	0	-3	his	False	P	False	3	1	1	0	1
4418	210	3	173	0	his	True	-3	32	164	164	164	164	180	180	180	180	-3	his	False	P	False	3	1	1	0	0
4419	210	3	125	0	his	True	-3	33	172	172	172	172	152	152	152	152	-3	his	False	P	False	3	1	1	0	0
4420	210	3	54	0	his	True	-3	34	212	212	212	212	260	260	516	744	-3	his	False	P	False	3	1	1	0	0
4423	210	3	76	0	his	True	-3	37	184	184	184	184	172	172	172	312	-3	his	False	P	False	3	1	1	0	0
4425	210	3	50	0	his	True	-3	39	164	164	164	164	248	384	384	384	-3	his	False	P	False	3	1	1	0	0
4428	210	3	115	0	his	True	-3	42	320	320	320	320	360	360	360	360	-3	his	False	P	False	3	1	1	0	0
4429	210	3	168	0	his	True	-3	43	132	132	132	132	0	0	0	0	-3	his	False	P	False	3	1	1	0	1
4430	210	11	99	0	his	True	-7	1	156	156	156	156	224	352	352	352	-7	his	False	P	False	3	2	1	0	0
4431	210	11	86	0	his	True	-7	2	156	156	156	156	112	112	112	112	-7	his	False	P	False	3	2	1	0	0
4437	210	11	69	0	his	True	-7	8	236	236	236	236	116	116	256	512	-7	his	False	P	False	3	2	1	0	0
4438	210	11	59	0	his	True	-7	10	148	148	148	148	128	128	128	128	-7	his	False	P	False	3	2	1	0	0
4440	210	11	95	0	his	True	-7	12	292	292	292	292	140	140	140	140	-7	his	False	P	False	3	2	1	0	0
4444	210	11	133	0	his	True	-7	16	204	204	204	204	180	320	320	320	-7	his	False	P	False	3	2	1	0	0
4447	210	11	123	0	his	True	-7	19	176	176	176	176	264	264	264	264	-7	his	False	P	False	3	2	1	0	0
4448	210	11	174	0	his	True	-7	20	188	188	188	188	0	0	0	0	-7	his	False	P	False	3	2	1	0	1
4449	210	11	180	0	his	True	-7	21	200	260	260	260	0	0	0	0	-7	his	False	P	False	3	2	1	0	1
4451	210	11	37	0	his	True	-7	23	316	316	316	316	360	360	360	360	-7	his	False	P	False	3	2	1	0	0
4455	210	11	111	0	his	True	-7	28	384	384	384	384	236	236	236	236	-7	his	False	P	False	3	2	1	0	0
4457	210	11	182	0	his	True	-7	30	248	248	248	248	176	176	176	176	-7	his	False	P	False	3	2	1	0	0
4458	210	11	49	0	his	True	-7	31	172	172	172	256	0	0	0	0	-7	his	False	P	False	3	2	1	0	1
4460	210	11	125	0	his	True	-7	33	252	252	252	252	180	180	180	180	-7	his	False	P	False	3	2	1	0	0
4461	210	11	54	0	his	True	-7	34	176	176	176	176	0	0	0	0	-7	his	False	P	False	3	2	1	0	1
4462	210	11	130	0	his	True	-7	35	152	152	152	152	0	0	0	0	-7	his	False	P	False	3	2	1	0	1
4463	210	11	161	0	his	True	-7	36	100	100	100	100	0	0	0	0	-7	his	False	P	False	3	2	1	0	1
4464	210	11	76	0	his	True	-7	37	148	148	148	148	264	264	264	264	-7	his	False	P	False	3	2	1	0	0
4469	210	11	115	0	his	True	-7	42	184	184	184	280	220	220	220	220	-7	his	False	P	False	3	2	1	0	0
4470	210	11	168	0	his	True	-7	43	132	132	132	132	0	0	0	0	-7	his	False	P	False	3	2	1	0	1
4514	221	3	152	0	his	False	-3	3	328	328	328	328	0	0	0	0	-3	his	False	P	False	3	0	1	0	1
4515	221	3	93	0	his	False	-3	4	180	180	180	180	0	0	0	0	-3	his	False	P	False	3	0	1	0	1
4516	221	3	47	0	his	False	-3	5	248	248	248	248	0	0	0	0	-3	his	False	P	False	3	0	1	0	1
4517	221	3	176	0	his	False	-3	6	124	124	124	124	116	116	116	116	-3	his	False	P	False	3	0	1	0	0
4519	221	3	37	0	his	False	-3	8	168	168	168	168	0	0	0	0	-3	his	False	P	False	3	0	1	0	1
4520	221	3	65	0	his	False	-3	10	176	176	176	176	80	80	80	80	-3	his	False	P	False	3	0	1	0	0
4523	221	3	76	0	his	False	-3	13	100	100	100	100	0	0	0	0	-3	his	False	P	False	3	0	1	0	1
4524	221	3	146	0	his	False	-3	14	164	496	496	692	104	104	104	104	-3	his	False	P	False	3	0	1	0	0
4526	221	3	30	0	his	False	-3	16	216	216	216	216	164	164	164	164	-3	his	False	P	False	3	0	1	0	0
4531	221	3	85	0	his	False	-3	21	132	132	132	132	136	136	136	136	-3	his	False	P	False	3	0	1	0	0
4532	221	3	18	0	his	False	-3	22	116	116	116	696	208	208	208	376	-3	his	False	P	False	3	0	1	0	0
4533	221	3	49	0	his	False	-3	23	96	220	220	220	320	320	320	320	-3	his	False	P	False	3	0	1	0	0
4534	221	3	169	0	his	False	-3	24	172	172	172	172	168	168	168	168	-3	his	False	P	False	3	0	1	0	0
4535	221	3	177	0	his	False	-3	25	132	132	132	132	204	204	204	204	-3	his	False	P	False	3	0	1	0	0
4537	221	3	175	0	his	False	-3	28	260	260	260	260	152	152	152	152	-3	his	False	P	False	3	0	1	0	0
4539	221	3	36	0	his	False	-3	30	228	228	228	228	60	60	60	60	-3	his	False	P	False	3	0	1	0	0
4541	221	3	117	0	his	False	-3	32	212	328	328	328	0	0	0	0	-3	his	False	P	False	3	0	1	0	1
4542	221	3	49	0	his	False	-3	33	164	340	340	340	152	152	152	152	-3	his	False	P	False	3	0	1	0	0
4544	221	3	46	0	his	False	-3	35	180	180	180	180	188	188	188	188	-3	his	False	P	False	3	0	1	0	0
4546	221	3	105	0	his	False	-3	37	128	128	128	128	144	144	144	144	-3	his	False	P	False	3	0	1	0	0
4548	221	3	170	0	his	False	-3	39	228	228	228	344	0	0	0	0	-3	his	False	P	False	3	0	1	0	1
4552	221	3	45	0	his	False	-3	43	88	88	88	88	128	128	128	128	-3	his	False	P	False	3	0	1	0	0
4553	227	13	170	0	his	True	-8	1	456	456	456	456	508	508	508	508	-8	his	False	P	False	3	1	1	0	0
4554	227	13	88	0	his	True	-8	2	236	236	236	236	136	136	136	256	-8	his	False	P	False	3	1	1	0	0
4555	227	13	56	0	his	True	-8	3	208	364	364	364	256	256	256	340	-8	his	False	P	False	3	1	1	0	0
4558	227	13	180	0	his	True	-8	6	204	204	204	560	0	0	0	0	-8	his	False	P	False	3	1	1	0	1
4559	227	13	36	0	his	True	-8	7	148	148	500	1420	0	0	0	0	-8	his	False	P	False	3	1	1	0	1
4560	227	13	172	0	his	True	-8	8	184	184	184	184	0	0	0	0	-8	his	False	P	False	3	1	1	0	1
4561	227	13	152	0	his	True	-8	10	324	324	324	324	232	232	232	1540	-8	his	False	P	False	3	1	1	0	0
4562	227	13	164	0	his	True	-8	11	172	304	304	304	376	720	720	720	-8	his	False	P	False	3	1	1	0	0
4563	227	13	102	0	his	True	-8	12	268	268	268	1188	176	176	176	276	-8	his	False	P	False	3	1	1	0	0
4564	227	13	82	0	his	True	-8	13	256	256	256	256	776	776	776	776	-8	his	False	P	False	3	1	1	0	0
4566	227	13	54	0	his	True	-8	15	236	236	596	1256	0	0	0	0	-8	his	False	P	False	3	1	1	0	1
4567	227	13	29	0	his	True	-8	16	220	220	220	220	268	336	336	672	-8	his	False	P	False	3	1	1	0	0
4569	227	13	27	0	his	True	-8	18	320	320	320	320	0	0	0	0	-8	his	False	P	False	3	1	1	0	1
4571	227	13	188	0	his	True	-8	20	284	284	284	284	136	136	384	1160	-8	his	False	P	False	3	1	1	0	0
4573	227	13	93	0	his	True	-8	22	288	288	288	288	0	0	0	0	-8	his	False	P	False	3	1	1	0	1
4577	227	13	65	0	his	True	-8	27	416	416	416	416	0	0	0	0	-8	his	False	P	False	3	1	1	0	1
4578	227	13	70	0	his	True	-8	28	476	824	824	824	328	328	328	540	-8	his	False	P	False	3	1	1	0	0
4580	227	13	138	0	his	True	-8	30	124	124	124	124	368	368	928	1684	-8	his	False	P	False	3	1	1	0	0
4581	227	13	19	0	his	True	-8	31	120	120	120	120	0	0	0	0	-8	his	False	P	False	3	1	1	0	1
4582	227	13	87	0	his	True	-8	32	236	236	236	236	0	0	0	0	-8	his	False	P	False	3	1	1	0	1
4583	227	13	33	0	his	True	-8	33	96	96	360	612	164	164	480	3376	-8	his	False	P	False	3	1	1	0	0
4586	227	13	12	0	his	True	-8	36	216	216	216	216	164	164	164	436	-8	his	False	P	False	3	1	1	0	0
4587	227	13	57	0	his	True	-8	37	124	124	124	124	284	284	284	676	-8	his	False	P	False	3	1	1	0	0
4589	227	13	13	0	his	True	-8	39	152	152	152	152	152	152	152	428	-8	his	False	P	False	3	1	1	0	0
4590	227	13	64	0	his	True	-8	40	148	268	268	268	96	96	96	1392	-8	his	False	P	False	3	1	1	0	0
4591	227	13	140	0	his	True	-8	41	216	216	216	216	164	164	164	256	-8	his	False	P	False	3	1	1	0	0
4593	227	13	40	0	his	True	-8	43	192	404	404	404	148	148	148	148	-8	his	False	P	False	3	1	1	0	0
4594	230	5	101	0	his	True	-3	1	248	248	248	248	224	224	448	608	-3	his	False	P	False	3	1	1	0	0
4596	230	5	47	0	his	True	-3	3	164	164	164	324	208	208	208	208	-3	his	False	P	False	3	1	1	0	0
4597	230	5	7	0	his	True	-3	4	276	276	276	276	200	200	200	200	-3	his	False	P	False	3	1	1	0	0
4598	230	5	174	0	his	True	-3	5	312	312	312	312	200	200	200	200	-3	his	False	P	False	3	1	1	0	0
4601	230	5	141	0	his	True	-3	8	196	196	196	196	252	252	252	252	-3	his	False	P	False	3	1	1	0	0
4603	230	5	50	0	his	True	-3	11	128	128	128	128	276	276	276	276	-3	his	False	P	False	3	1	1	0	0
4606	230	5	200	0	his	True	-3	14	340	612	612	612	200	464	464	464	-3	his	False	P	False	3	1	1	0	0
4607	230	5	195	0	his	True	-3	15	164	164	164	164	120	120	120	120	-3	his	False	P	False	3	1	1	0	0
4608	230	5	157	0	his	True	-3	16	152	152	152	152	196	196	196	196	-3	his	False	P	False	3	1	1	0	0
4609	230	5	21	0	his	True	-3	17	144	144	144	144	132	132	132	132	-3	his	False	P	False	3	1	1	0	0
4610	230	5	24	0	his	True	-3	18	300	300	300	300	0	0	0	0	-3	his	False	P	False	3	1	1	0	1
4611	230	5	188	0	his	True	-3	19	152	152	152	152	204	204	204	204	-3	his	False	P	False	3	1	1	0	0
4612	230	5	33	0	his	True	-3	20	100	100	100	100	144	144	144	728	-3	his	False	P	False	3	1	1	0	0
4613	230	5	125	0	his	True	-3	21	140	140	140	140	232	232	232	232	-3	his	False	P	False	3	1	1	0	0
4614	230	5	95	0	his	True	-3	22	184	184	184	184	336	336	336	336	-3	his	False	P	False	3	1	1	0	0
4615	230	5	156	0	his	True	-3	23	176	176	176	176	340	512	512	512	-3	his	False	P	False	3	1	1	0	0
4616	230	5	107	0	his	True	-3	24	156	156	156	156	148	148	148	348	-3	his	False	P	False	3	1	1	0	0
4617	230	5	170	0	his	True	-3	25	216	216	216	216	212	212	212	212	-3	his	False	P	False	3	1	1	0	0
4618	230	5	52	0	his	True	-3	27	260	260	260	260	172	372	372	372	-3	his	False	P	False	3	1	1	0	0
4619	230	5	160	0	his	True	-3	28	328	328	328	328	232	232	232	232	-3	his	False	P	False	3	1	1	0	0
4620	230	5	17	0	his	True	-3	29	100	100	100	100	124	124	344	932	-3	his	False	P	False	3	1	1	0	0
4621	230	5	177	0	his	True	-3	30	188	188	188	188	164	280	280	280	-3	his	False	P	False	3	1	1	0	0
4623	230	5	83	0	his	True	-3	32	132	132	132	132	228	228	228	228	-3	his	False	P	False	3	1	1	0	0
4624	230	5	181	0	his	True	-3	33	168	168	168	168	88	88	88	88	-3	his	False	P	False	3	1	1	0	0
4625	230	5	75	0	his	True	-3	34	164	164	164	164	216	216	216	216	-3	his	False	P	False	3	1	1	0	0
4626	230	5	128	0	his	True	-3	35	200	200	200	200	192	192	192	192	-3	his	False	P	False	3	1	1	0	0
4630	230	5	2	0	his	True	-3	39	108	108	108	108	36	36	36	36	-3	his	False	P	False	3	1	1	0	0
4633	230	5	9	0	his	True	-3	42	220	220	220	220	132	132	196	348	-3	his	False	P	False	3	1	1	0	0
4634	230	5	158	0	his	True	-3	43	232	232	232	232	232	232	232	232	-3	his	False	P	False	3	1	1	0	0
4636	230	8	102	0	he	True	-2	2	156	156	156	156	188	188	188	188	-2	he	False	O	False	2	2	1	0	0
4638	230	8	7	0	he	True	-2	4	244	244	244	244	288	288	288	288	-2	he	False	O	False	2	2	1	0	0
4639	230	8	174	0	he	True	-2	5	364	364	672	1320	220	220	220	220	-2	he	False	O	False	2	2	1	0	0
4641	230	8	54	0	he	True	-2	7	148	148	148	148	96	96	96	96	-2	he	False	O	False	2	2	1	0	0
4650	230	8	21	0	he	True	-2	17	168	168	168	168	176	176	176	176	-2	he	False	O	False	2	2	1	0	0
4651	230	8	24	0	he	True	-2	18	200	200	200	200	156	156	156	156	-2	he	False	O	False	2	2	1	0	0
4652	230	8	188	0	he	True	-2	19	84	84	84	84	184	184	184	184	-2	he	False	O	False	2	2	1	0	0
4656	230	8	156	0	he	True	-2	23	180	180	180	180	168	440	440	440	-2	he	False	O	False	2	2	1	0	0
4658	230	8	170	0	he	True	-2	25	140	140	140	404	164	404	404	404	-2	he	False	O	False	2	2	1	0	0
4660	230	8	160	0	he	True	-2	28	140	140	140	432	180	180	180	180	-2	he	False	O	False	2	2	1	0	0
4661	230	8	17	0	he	True	-2	29	192	192	192	192	200	200	200	200	-2	he	False	O	False	2	2	1	0	0
4662	230	8	177	0	he	True	-2	30	248	248	248	248	120	120	120	120	-2	he	False	O	False	2	2	1	0	0
4667	230	8	128	0	he	True	-2	35	192	192	192	192	168	168	168	168	-2	he	False	O	False	2	2	1	0	0
4670	230	8	186	0	he	True	-2	38	176	176	176	176	252	252	252	252	-2	he	False	O	False	2	2	1	0	0
4672	230	8	191	0	he	True	-2	40	152	152	152	152	148	148	148	368	-2	he	False	O	False	2	2	1	0	0
4673	230	8	112	0	he	True	-2	41	172	172	172	172	0	0	0	0	-2	he	False	O	False	2	2	1	0	1
4674	230	8	9	0	he	True	-2	42	220	220	220	220	164	164	164	164	-2	he	False	O	False	2	2	1	0	0
4680	230	10	174	0	his	True	-3	5	228	228	228	228	432	432	432	432	-3	his	False	P	False	3	3	1	0	0
4681	230	10	105	0	his	True	-3	6	204	204	204	292	0	0	0	0	-3	his	False	P	False	3	3	1	0	1
4683	230	10	141	0	his	True	-3	8	244	244	244	388	252	252	252	252	-3	his	False	P	False	3	3	1	0	0
4684	230	10	118	0	his	True	-3	10	260	260	260	260	128	128	128	128	-3	his	False	P	False	3	3	1	0	0
4685	230	10	50	0	his	True	-3	11	204	204	204	204	0	0	0	0	-3	his	False	P	False	3	3	1	0	1
4687	230	10	88	0	his	True	-3	13	248	248	248	248	0	0	0	0	-3	his	False	P	False	3	3	1	0	1
4690	230	10	157	0	his	True	-3	16	164	164	164	164	152	152	152	152	-3	his	False	P	False	3	3	1	0	0
4694	230	10	33	0	his	True	-3	20	160	160	160	160	0	0	0	0	-3	his	False	P	False	3	3	1	0	1
4700	230	10	52	0	his	True	-3	27	216	364	364	364	148	148	148	148	-3	his	False	P	False	3	3	1	0	0
4701	230	10	160	0	his	True	-3	28	156	156	156	156	192	344	344	344	-3	his	False	P	False	3	3	1	0	0
4704	230	10	124	0	his	True	-3	31	164	164	164	164	0	0	0	0	-3	his	False	P	False	3	3	1	0	1
4707	230	10	75	0	his	True	-3	34	152	152	152	152	0	0	0	0	-3	his	False	P	False	3	3	1	0	1
4710	230	10	77	0	his	True	-3	37	216	216	216	288	176	176	176	176	-3	his	False	P	False	3	3	1	0	0
4714	230	10	112	0	his	True	-3	41	160	160	160	160	240	240	240	240	-3	his	False	P	False	3	3	1	0	0
4716	230	10	158	0	his	True	-3	43	128	128	128	128	168	168	168	168	-3	his	False	P	False	3	3	1	0	0
