	distance	word_pos	sent_pos	sent_nr	subj_nr	token	resolved	rt_fp	spill_fp	inverse_distance	clean_token	reflexive	ana_category	multiple_drefs	word_length	num_prev_anas	target_skipped
0	?	5	53	14	1	his	0	220	160	?	his	False	P	False	3	0	0
1	?	5	29	14	2	his	0	88	0	?	his	False	P	False	3	0	0
2	?	5	193	14	3	his	0	576	0	?	his	False	P	False	3	0	0
3	?	5	177	14	4	his	0	548	0	?	his	False	P	False	3	0	0
4	?	5	4	14	5	his	0	236	712	?	his	False	P	False	3	0	0
5	?	5	5	14	6	his	0	368	0	?	his	False	P	False	3	0	0
6	?	5	167	14	7	his	0	0	132	?	his	False	P	False	3	0	1
7	?	5	4	14	8	his	0	340	184	?	his	False	P	False	3	0	0
8	?	5	60	14	10	his	0	192	156	?	his	False	P	False	3	0	0
9	?	5	10	14	11	his	0	148	396	?	his	False	P	False	3	0	0
10	?	5	201	14	12	his	0	288	0	?	his	False	P	False	3	0	0
11	?	5	122	14	13	his	0	0	820	?	his	False	P	False	3	0	1
12	?	5	114	14	14	his	0	0	220	?	his	False	P	False	3	0	1
13	?	5	155	14	15	his	0	132	0	?	his	False	P	False	3	0	0
14	?	5	181	14	16	his	0	556	1024	?	his	False	P	False	3	0	0
15	?	5	17	14	17	his	0	296	128	?	his	False	P	False	3	0	0
16	?	5	108	14	18	his	0	240	0	?	his	False	P	False	3	0	0
17	?	5	200	14	19	his	0	220	68	?	his	False	P	False	3	0	0
18	?	5	54	14	20	his	0	248	192	?	his	False	P	False	3	0	0
19	?	5	201	14	21	his	0	0	692	?	his	False	P	False	3	0	1
20	?	5	6	14	22	his	0	0	196	?	his	False	P	False	3	0	1
21	?	5	92	14	23	his	0	192	256	?	his	False	P	False	3	0	0
22	?	5	175	14	24	his	0	272	0	?	his	False	P	False	3	0	0
23	?	5	154	14	25	his	0	148	104	?	his	False	P	False	3	0	0
24	?	5	166	14	27	his	0	128	528	?	his	False	P	False	3	0	0
25	?	5	127	14	28	his	0	820	188	?	his	False	P	False	3	0	0
26	?	5	74	14	29	his	0	284	728	?	his	False	P	False	3	0	0
27	?	5	173	14	30	his	0	248	312	?	his	False	P	False	3	0	0
28	?	5	112	14	31	his	0	0	0	?	his	False	P	False	3	0	1
29	?	5	78	14	32	his	0	280	0	?	his	False	P	False	3	0	0
30	?	5	142	14	33	his	0	132	196	?	his	False	P	False	3	0	0
31	?	5	1	14	34	his	0	296	0	?	his	False	P	False	3	0	0
32	?	5	1	14	35	his	0	144	632	?	his	False	P	False	3	0	0
33	?	5	115	14	36	his	0	152	0	?	his	False	P	False	3	0	0
34	?	5	126	14	37	his	0	456	256	?	his	False	P	False	3	0	0
35	?	5	108	14	38	his	0	188	296	?	his	False	P	False	3	0	0
36	?	5	96	14	39	his	0	224	180	?	his	False	P	False	3	0	0
37	?	5	160	14	41	his	0	232	100	?	his	False	P	False	3	0	0
38	?	5	76	14	42	his	0	0	736	?	his	False	P	False	3	0	1
39	?	5	163	14	43	his	0	164	0	?	his	False	P	False	3	0	0
40	?	6	86	35	1	this	0	0	616	?	this	False	O	False	4	0	1
41	?	6	107	35	2	this	0	148	636	?	this	False	O	False	4	0	0
42	?	6	92	35	3	this	0	200	404	?	this	False	O	False	4	0	0
43	?	6	199	35	4	this	0	304	0	?	this	False	O	False	4	0	0
44	?	6	88	35	5	this	0	140	140	?	this	False	O	False	4	0	0
45	?	6	102	35	6	this	0	0	176	?	this	False	O	False	4	0	1
46	?	6	15	35	7	this	0	124	132	?	this	False	O	False	4	0	0
47	?	6	38	35	8	this	0	220	348	?	this	False	O	False	4	0	0
48	?	6	159	35	10	this	0	152	180	?	this	False	O	False	4	0	0
49	?	6	18	35	11	this	0	732	0	?	this	False	O	False	4	0	0
50	?	6	195	35	12	this	0	244	0	?	this	False	O	False	4	0	0
51	?	6	80	35	13	this	0	248	68	?	this	False	O	False	4	0	0
52	?	6	62	35	14	this	0	196	0	?	this	False	O	False	4	0	0
53	?	6	133	35	15	this	0	0	976	?	this	False	O	False	4	0	1
54	?	6	34	35	16	this	0	236	768	?	this	False	O	False	4	0	0
55	?	6	117	35	17	this	0	0	220	?	this	False	O	False	4	0	1
56	?	6	91	35	18	this	0	0	388	?	this	False	O	False	4	0	1
57	?	6	153	35	19	this	0	228	0	?	this	False	O	False	4	0	0
58	?	6	26	35	20	this	0	0	348	?	this	False	O	False	4	0	1
59	?	6	41	35	21	this	0	0	192	?	this	False	O	False	4	0	1
60	?	6	198	35	22	this	0	192	296	?	this	False	O	False	4	0	0
61	?	6	168	35	23	this	0	208	576	?	this	False	O	False	4	0	0
62	?	6	119	35	24	this	0	0	160	?	this	False	O	False	4	0	1
63	?	6	186	35	25	this	0	192	240	?	this	False	O	False	4	0	0
64	?	6	81	35	27	this	0	216	0	?	this	False	O	False	4	0	0
65	?	6	203	35	28	this	0	1724	340	?	this	False	O	False	4	0	0
66	?	6	137	35	29	this	0	0	164	?	this	False	O	False	4	0	1
67	?	6	144	35	30	this	0	244	400	?	this	False	O	False	4	0	0
68	?	6	4	35	31	this	0	0	188	?	this	False	O	False	4	0	1
69	?	6	172	35	32	this	0	0	316	?	this	False	O	False	4	0	1
70	?	6	115	35	33	this	0	192	288	?	this	False	O	False	4	0	0
71	?	6	122	35	34	this	0	0	196	?	this	False	O	False	4	0	1
72	?	6	14	35	35	this	0	172	232	?	this	False	O	False	4	0	0
73	?	6	19	35	36	this	0	0	236	?	this	False	O	False	4	0	1
74	?	6	175	35	37	this	0	540	0	?	this	False	O	False	4	0	0
75	?	6	194	35	38	this	0	0	408	?	this	False	O	False	4	0	1
76	?	6	85	35	39	this	0	0	336	?	this	False	O	False	4	0	1
77	?	6	106	35	40	this	0	0	192	?	this	False	O	False	4	0	1
78	?	6	200	35	41	this	0	608	0	?	this	False	O	False	4	0	0
79	?	6	193	35	42	this	0	0	132	?	this	False	O	False	4	0	1
80	?	6	166	35	43	this	0	312	252	?	this	False	O	False	4	0	0
81	?	6	174	36	1	us	0	0	1072	?	us	False	O	False	2	0	1
82	?	6	110	36	2	us	0	0	180	?	us	False	O	False	2	0	1
83	?	6	88	36	3	us	0	0	196	?	us	False	O	False	2	0	1
84	?	6	151	36	4	us	0	192	944	?	us	False	O	False	2	0	0
85	?	6	159	36	5	us	0	252	0	?	us	False	O	False	2	0	0
86	?	6	14	36	6	us	0	0	168	?	us	False	O	False	2	0	1
87	?	6	197	36	7	us	0	0	140	?	us	False	O	False	2	0	1
88	?	6	112	36	8	us	0	180	344	?	us	False	O	False	2	0	0
89	?	6	191	36	10	us	0	208	1300	?	us	False	O	False	2	0	0
90	?	6	173	36	11	us	0	284	276	?	us	False	O	False	2	0	0
91	?	6	34	36	12	us	0	0	228	?	us	False	O	False	2	0	1
92	?	6	202	36	13	us	0	0	808	?	us	False	O	False	2	0	1
93	?	6	134	36	14	us	0	0	180	?	us	False	O	False	2	0	1
94	?	6	144	36	15	us	0	180	748	?	us	False	O	False	2	0	0
95	?	6	55	36	16	us	0	548	552	?	us	False	O	False	2	0	0
96	?	6	39	36	17	us	0	0	188	?	us	False	O	False	2	0	1
97	?	6	153	36	18	us	0	0	720	?	us	False	O	False	2	0	1
98	?	6	4	36	19	us	0	228	60	?	us	False	O	False	2	0	0
99	?	6	82	36	20	us	0	0	220	?	us	False	O	False	2	0	1
100	?	6	157	36	21	us	0	0	460	?	us	False	O	False	2	0	1
101	?	6	108	36	22	us	0	0	408	?	us	False	O	False	2	0	1
102	?	6	33	36	23	us	0	176	216	?	us	False	O	False	2	0	0
103	?	6	75	36	24	us	0	0	368	?	us	False	O	False	2	0	1
104	?	6	19	36	25	us	0	0	568	?	us	False	O	False	2	0	1
105	?	6	188	36	27	us	0	300	436	?	us	False	O	False	2	0	0
106	?	6	179	36	28	us	0	0	268	?	us	False	O	False	2	0	1
107	?	6	67	36	29	us	0	0	248	?	us	False	O	False	2	0	1
108	?	6	5	36	30	us	0	144	168	?	us	False	O	False	2	0	0
109	?	6	104	36	31	us	0	140	208	?	us	False	O	False	2	0	0
110	?	6	16	36	32	us	0	0	516	?	us	False	O	False	2	0	1
111	?	6	198	36	33	us	0	148	108	?	us	False	O	False	2	0	0
112	?	6	65	36	34	us	0	0	268	?	us	False	O	False	2	0	1
113	?	6	4	36	35	us	0	0	424	?	us	False	O	False	2	0	1
114	?	6	78	36	36	us	0	256	160	?	us	False	O	False	2	0	0
115	?	6	134	36	37	us	0	112	536	?	us	False	O	False	2	0	0
116	?	6	48	36	38	us	0	0	332	?	us	False	O	False	2	0	1
117	?	6	187	36	39	us	0	0	340	?	us	False	O	False	2	0	1
118	?	6	200	36	40	us	0	140	88	?	us	False	O	False	2	0	0
119	?	6	37	36	41	us	0	0	152	?	us	False	O	False	2	0	1
120	?	6	176	36	42	us	0	256	312	?	us	False	O	False	2	0	0
121	?	6	49	36	43	us	0	248	608	?	us	False	O	False	2	0	0
122	?	3	118	39	1	him	0	144	192	?	him	False	O	False	3	0	0
123	?	3	189	39	2	him	0	0	344	?	him	False	O	False	3	0	1
124	?	3	71	39	3	him	0	144	332	?	him	False	O	False	3	0	0
125	?	3	180	39	4	him	0	0	220	?	him	False	O	False	3	0	1
126	?	3	113	39	5	him	0	0	308	?	him	False	O	False	3	0	1
127	?	3	135	39	6	him	0	0	148	?	him	False	O	False	3	0	1
128	?	3	106	39	7	him	0	72	132	?	him	False	O	False	3	0	0
129	?	3	65	39	8	him	0	204	276	?	him	False	O	False	3	0	0
130	?	3	3	39	10	him	0	92	124	?	him	False	O	False	3	0	0
131	?	3	44	39	11	him	0	152	112	?	him	False	O	False	3	0	0
132	?	3	35	39	12	him	0	0	236	?	him	False	O	False	3	0	1
133	?	3	113	39	13	him	0	244	152	?	him	False	O	False	3	0	0
134	?	3	156	39	14	him	0	0	220	?	him	False	O	False	3	0	1
135	?	3	183	39	15	him	0	0	156	?	him	False	O	False	3	0	1
136	?	3	96	39	16	him	0	184	356	?	him	False	O	False	3	0	0
137	?	3	122	39	17	him	0	260	0	?	him	False	O	False	3	0	0
138	?	3	94	39	18	him	0	0	172	?	him	False	O	False	3	0	1
139	?	3	66	39	19	him	0	168	120	?	him	False	O	False	3	0	0
140	?	3	173	39	20	him	0	0	128	?	him	False	O	False	3	0	1
141	?	3	79	39	21	him	0	0	144	?	him	False	O	False	3	0	1
142	?	3	140	39	22	him	0	176	292	?	him	False	O	False	3	0	0
143	?	3	150	39	23	him	0	192	244	?	him	False	O	False	3	0	0
144	?	3	64	39	24	him	0	296	160	?	him	False	O	False	3	0	0
145	?	3	44	39	25	him	0	0	244	?	him	False	O	False	3	0	1
146	?	3	190	39	27	him	0	232	296	?	him	False	O	False	3	0	0
147	?	3	78	39	28	him	0	356	216	?	him	False	O	False	3	0	0
148	?	3	45	39	29	him	0	0	0	?	him	False	O	False	3	0	1
149	?	3	66	39	30	him	0	0	304	?	him	False	O	False	3	0	1
150	?	3	127	39	31	him	0	208	68	?	him	False	O	False	3	0	0
151	?	3	82	39	32	him	0	188	244	?	him	False	O	False	3	0	0
152	?	3	82	39	33	him	0	180	252	?	him	False	O	False	3	0	0
153	?	3	22	39	34	him	0	456	248	?	him	False	O	False	3	0	0
154	?	3	86	39	35	him	0	156	168	?	him	False	O	False	3	0	0
155	?	3	9	39	36	him	0	248	0	?	him	False	O	False	3	0	0
156	?	3	103	39	37	him	0	132	180	?	him	False	O	False	3	0	0
157	?	3	21	39	38	him	0	0	368	?	him	False	O	False	3	0	1
158	?	3	193	39	39	him	0	0	0	?	him	False	O	False	3	0	1
159	?	3	196	39	40	him	0	0	0	?	him	False	O	False	3	0	1
160	?	3	97	39	41	him	0	0	0	?	him	False	O	False	3	0	1
161	?	3	35	39	42	him	0	0	160	?	him	False	O	False	3	0	1
162	?	3	131	39	43	him	0	172	188	?	him	False	O	False	3	0	0
163	?	2	146	50	1	they	0	192	124	?	they	False	O	True	4	0	0
164	?	2	53	50	2	they	0	204	308	?	they	False	O	True	4	0	0
165	?	2	86	50	3	they	0	184	296	?	they	False	O	True	4	0	0
166	?	2	79	50	4	they	0	0	240	?	they	False	O	True	4	0	1
167	?	2	195	50	5	they	0	0	0	?	they	False	O	True	4	0	1
168	?	2	181	50	6	they	0	0	0	?	they	False	O	True	4	0	1
169	?	2	159	50	7	they	0	140	180	?	they	False	O	True	4	0	0
170	?	2	196	50	8	they	0	156	164	?	they	False	O	True	4	0	0
171	?	2	93	50	10	they	0	272	304	?	they	False	O	True	4	0	0
172	?	2	19	50	11	they	0	140	160	?	they	False	O	True	4	0	0
173	?	2	162	50	12	they	0	156	132	?	they	False	O	True	4	0	0
174	?	2	35	50	13	they	0	248	256	?	they	False	O	True	4	0	0
175	?	2	102	50	14	they	0	172	0	?	they	False	O	True	4	0	0
176	?	2	106	50	15	they	0	156	0	?	they	False	O	True	4	0	0
177	?	2	118	50	16	they	0	384	184	?	they	False	O	True	4	0	0
178	?	2	144	50	17	they	0	180	160	?	they	False	O	True	4	0	0
179	?	2	85	50	18	they	0	0	212	?	they	False	O	True	4	0	1
180	?	2	199	50	19	they	0	176	180	?	they	False	O	True	4	0	0
181	?	2	179	50	20	they	0	136	140	?	they	False	O	True	4	0	0
182	?	2	205	50	21	they	0	0	140	?	they	False	O	True	4	0	1
183	?	2	118	50	22	they	0	292	148	?	they	False	O	True	4	0	0
184	?	2	82	50	23	they	0	140	284	?	they	False	O	True	4	0	0
185	?	2	205	50	24	they	0	0	428	?	they	False	O	True	4	0	1
186	?	2	163	50	25	they	0	244	156	?	they	False	O	True	4	0	0
187	?	2	42	50	27	they	0	256	276	?	they	False	O	True	4	0	0
188	?	2	61	50	28	they	0	264	524	?	they	False	O	True	4	0	0
189	?	2	118	50	29	they	0	188	188	?	they	False	O	True	4	0	0
190	?	2	108	50	30	they	0	256	580	?	they	False	O	True	4	0	0
191	?	2	96	50	31	they	0	0	176	?	they	False	O	True	4	0	1
192	?	2	158	50	32	they	0	232	260	?	they	False	O	True	4	0	0
193	?	2	148	50	33	they	0	364	172	?	they	False	O	True	4	0	0
194	?	2	13	50	34	they	0	0	180	?	they	False	O	True	4	0	1
195	?	2	152	50	35	they	0	164	156	?	they	False	O	True	4	0	0
196	?	2	141	50	36	they	0	196	124	?	they	False	O	True	4	0	0
197	?	2	135	50	37	they	0	104	144	?	they	False	O	True	4	0	0
198	?	2	142	50	38	they	0	308	0	?	they	False	O	True	4	0	0
199	?	2	174	50	39	they	0	176	0	?	they	False	O	True	4	0	0
200	?	2	162	50	40	they	0	0	0	?	they	False	O	True	4	0	1
201	?	2	117	50	41	they	0	0	0	?	they	False	O	True	4	0	1
202	?	2	37	50	42	they	0	172	148	?	they	False	O	True	4	0	0
203	?	2	169	50	43	they	0	192	184	?	they	False	O	True	4	0	0
204	?	3	198	59	1	he	0	204	224	?	he	False	O	False	2	0	0
205	?	3	32	59	2	he	0	132	0	?	he	False	O	False	2	0	0
206	?	3	33	59	3	he	0	428	176	?	he	False	O	False	2	0	0
207	?	3	156	59	4	he	0	180	0	?	he	False	O	False	2	0	0
208	?	3	184	59	5	he	0	0	156	?	he	False	O	False	2	0	1
209	?	3	100	59	6	he	0	0	144	?	he	False	O	False	2	0	1
210	?	3	3	59	7	he	0	136	100	?	he	False	O	False	2	0	0
211	?	3	167	59	8	he	0	0	192	?	he	False	O	False	2	0	1
212	?	3	63	59	10	he	0	0	192	?	he	False	O	False	2	0	1
213	?	3	139	59	11	he	0	0	216	?	he	False	O	False	2	0	1
214	?	3	165	59	12	he	0	240	0	?	he	False	O	False	2	0	0
215	?	3	120	59	13	he	0	0	208	?	he	False	O	False	2	0	1
216	?	3	38	59	14	he	0	0	224	?	he	False	O	False	2	0	1
217	?	3	22	59	15	he	0	0	0	?	he	False	O	False	2	0	1
218	?	3	73	59	16	he	0	132	172	?	he	False	O	False	2	0	0
219	?	3	108	59	17	he	0	0	168	?	he	False	O	False	2	0	1
220	?	3	103	59	18	he	0	0	192	?	he	False	O	False	2	0	1
221	?	3	121	59	19	he	0	0	188	?	he	False	O	False	2	0	1
222	?	3	125	59	20	he	0	228	0	?	he	False	O	False	2	0	0
223	?	3	187	59	21	he	0	0	0	?	he	False	O	False	2	0	1
224	?	3	42	59	22	he	0	0	0	?	he	False	O	False	2	0	1
225	?	3	193	59	23	he	0	276	236	?	he	False	O	False	2	0	0
226	?	3	79	59	24	he	0	0	188	?	he	False	O	False	2	0	1
227	?	3	73	59	25	he	0	0	240	?	he	False	O	False	2	0	1
228	?	3	192	59	27	he	0	0	380	?	he	False	O	False	2	0	1
229	?	3	113	59	28	he	0	284	296	?	he	False	O	False	2	0	0
230	?	3	164	59	29	he	0	0	148	?	he	False	O	False	2	0	1
231	?	3	187	59	30	he	0	316	300	?	he	False	O	False	2	0	0
232	?	3	32	59	31	he	0	0	0	?	he	False	O	False	2	0	1
233	?	3	149	59	32	he	0	0	232	?	he	False	O	False	2	0	1
234	?	3	156	59	33	he	0	0	196	?	he	False	O	False	2	0	1
235	?	3	20	59	34	he	0	124	188	?	he	False	O	False	2	0	0
236	?	3	38	59	35	he	0	168	0	?	he	False	O	False	2	0	0
237	?	3	5	59	36	he	0	0	0	?	he	False	O	False	2	0	1
238	?	3	94	59	37	he	0	288	248	?	he	False	O	False	2	0	0
239	?	3	188	59	38	he	0	248	0	?	he	False	O	False	2	0	0
240	?	3	110	59	39	he	0	0	0	?	he	False	O	False	2	0	1
241	?	3	159	59	40	he	0	0	0	?	he	False	O	False	2	0	1
242	?	3	29	59	41	he	0	0	0	?	he	False	O	False	2	0	1
243	?	3	6	59	42	he	0	0	124	?	he	False	O	False	2	0	1
244	?	3	39	59	43	he	0	0	168	?	he	False	O	False	2	0	1
245	?	7	190	62	1	their	0	228	324	?	their	False	P	True	5	0	0
246	?	7	2	62	2	their	0	152	96	?	their	False	P	True	5	0	0
247	?	7	24	62	3	their	0	376	180	?	their	False	P	True	5	0	0
248	?	7	24	62	4	their	0	348	176	?	their	False	P	True	5	0	0
249	?	7	130	62	5	their	0	276	296	?	their	False	P	True	5	0	0
250	?	7	201	62	6	their	0	0	0	?	their	False	P	True	5	0	1
251	?	7	7	62	7	their	0	0	156	?	their	False	P	True	5	0	1
252	?	7	26	62	8	their	0	412	636	?	their	False	P	True	5	0	0
253	?	7	2	62	9	their	0	196	252	?	their	False	P	True	5	0	0
254	?	7	169	62	10	their	0	184	172	?	their	False	P	True	5	0	0
255	?	7	195	62	11	their	0	152	452	?	their	False	P	True	5	0	0
256	?	7	44	62	12	their	0	616	156	?	their	False	P	True	5	0	0
257	?	7	111	62	13	their	0	248	284	?	their	False	P	True	5	0	0
258	?	7	113	62	14	their	0	0	0	?	their	False	P	True	5	0	1
259	?	7	121	62	15	their	0	192	172	?	their	False	P	True	5	0	0
260	?	7	123	62	16	their	0	504	920	?	their	False	P	True	5	0	0
261	?	7	14	62	17	their	0	252	240	?	their	False	P	True	5	0	0
262	?	7	105	62	18	their	0	184	308	?	their	False	P	True	5	0	0
263	?	7	99	62	19	their	0	160	212	?	their	False	P	True	5	0	0
264	?	7	52	62	20	their	0	296	148	?	their	False	P	True	5	0	0
265	?	7	77	62	21	their	0	124	196	?	their	False	P	True	5	0	0
266	?	7	91	62	22	their	0	240	432	?	their	False	P	True	5	0	0
267	?	7	65	62	23	their	0	248	408	?	their	False	P	True	5	0	0
268	?	7	155	62	24	their	0	260	108	?	their	False	P	True	5	0	0
269	?	7	25	62	25	their	0	216	264	?	their	False	P	True	5	0	0
270	?	7	162	62	27	their	0	388	228	?	their	False	P	True	5	0	0
271	?	7	119	62	28	their	0	472	436	?	their	False	P	True	5	0	0
272	?	7	182	62	29	their	0	144	216	?	their	False	P	True	5	0	0
273	?	7	13	62	30	their	0	244	584	?	their	False	P	True	5	0	0
274	?	7	175	62	31	their	0	144	0	?	their	False	P	True	5	0	0
275	?	7	51	62	32	their	0	256	288	?	their	False	P	True	5	0	0
276	?	7	159	62	33	their	0	188	252	?	their	False	P	True	5	0	0
277	?	7	124	62	34	their	0	296	0	?	their	False	P	True	5	0	0
278	?	7	148	62	35	their	0	152	264	?	their	False	P	True	5	0	0
279	?	7	92	62	36	their	0	192	200	?	their	False	P	True	5	0	0
280	?	7	115	62	37	their	0	100	340	?	their	False	P	True	5	0	0
281	?	7	159	62	38	their	0	316	0	?	their	False	P	True	5	0	0
282	?	7	63	62	39	their	0	0	300	?	their	False	P	True	5	0	1
283	?	7	164	62	40	their	0	204	148	?	their	False	P	True	5	0	0
284	?	7	12	62	41	their	0	352	420	?	their	False	P	True	5	0	0
285	?	7	24	62	42	their	0	212	156	?	their	False	P	True	5	0	0
286	?	7	196	62	43	their	0	196	396	?	their	False	P	True	5	0	0
287	?	5	152	63	1	she	0	0	188	?	she	False	O	False	3	1	1
288	?	5	85	63	2	she	0	128	176	?	she	False	O	False	3	1	0
289	?	5	85	63	3	she	0	316	340	?	she	False	O	False	3	1	0
290	?	5	47	63	4	she	0	164	168	?	she	False	O	False	3	1	0
291	?	5	117	63	5	she	0	368	0	?	she	False	O	False	3	1	0
292	?	5	71	63	6	she	0	0	176	?	she	False	O	False	3	1	1
293	?	5	76	63	7	she	0	0	148	?	she	False	O	False	3	1	1
294	?	5	16	63	8	she	0	380	196	?	she	False	O	False	3	1	0
295	?	5	22	63	10	she	0	192	76	?	she	False	O	False	3	1	0
296	?	5	32	63	11	she	0	120	136	?	she	False	O	False	3	1	0
297	?	5	186	63	12	she	0	0	332	?	she	False	O	False	3	1	1
298	?	5	105	63	13	she	0	268	172	?	she	False	O	False	3	1	0
299	?	5	172	63	14	she	0	0	220	?	she	False	O	False	3	1	1
300	?	5	158	63	15	she	0	156	340	?	she	False	O	False	3	1	0
301	?	5	99	63	16	she	0	188	360	?	she	False	O	False	3	1	0
302	?	5	111	63	17	she	0	152	200	?	she	False	O	False	3	1	0
303	?	5	63	63	18	she	0	0	0	?	she	False	O	False	3	1	1
304	?	5	103	63	19	she	0	172	0	?	she	False	O	False	3	1	0
305	?	5	97	63	20	she	0	76	0	?	she	False	O	False	3	1	0
306	?	5	107	63	21	she	0	40	148	?	she	False	O	False	3	1	0
307	?	5	69	63	22	she	0	180	164	?	she	False	O	False	3	1	0
308	?	5	2	63	23	she	0	280	260	?	she	False	O	False	3	1	0
309	?	5	118	63	24	she	0	212	168	?	she	False	O	False	3	1	0
310	?	5	106	63	25	she	0	136	124	?	she	False	O	False	3	1	0
311	?	5	149	63	27	she	0	416	0	?	she	False	O	False	3	1	0
312	?	5	97	63	28	she	0	200	204	?	she	False	O	False	3	1	0
313	?	5	35	63	29	she	0	220	220	?	she	False	O	False	3	1	0
314	?	5	135	63	30	she	0	632	284	?	she	False	O	False	3	1	0
315	?	5	61	63	31	she	0	0	164	?	she	False	O	False	3	1	1
316	?	5	77	63	32	she	0	152	128	?	she	False	O	False	3	1	0
317	?	5	160	63	33	she	0	188	132	?	she	False	O	False	3	1	0
318	?	5	126	63	34	she	0	184	0	?	she	False	O	False	3	1	0
319	?	5	151	63	35	she	0	0	272	?	she	False	O	False	3	1	1
320	?	5	122	63	36	she	0	180	0	?	she	False	O	False	3	1	0
321	?	5	170	63	37	she	0	0	284	?	she	False	O	False	3	1	1
322	?	5	196	63	38	she	0	0	188	?	she	False	O	False	3	1	1
323	?	5	4	63	39	she	0	0	0	?	she	False	O	False	3	1	1
324	?	5	122	63	40	she	0	0	0	?	she	False	O	False	3	1	1
325	?	5	124	63	41	she	0	292	188	?	she	False	O	False	3	1	0
326	?	5	51	63	42	she	0	0	0	?	she	False	O	False	3	1	1
327	?	5	135	63	43	she	0	220	176	?	she	False	O	False	3	1	0
328	?	2	181	69	1	us	0	172	172	?	us	False	O	False	2	0	0
329	?	2	61	69	2	us	0	0	192	?	us	False	O	False	2	0	1
330	?	2	63	69	3	us	0	0	348	?	us	False	O	False	2	0	1
331	?	2	4	69	4	us	0	396	160	?	us	False	O	False	2	0	0
332	?	2	98	69	5	us	0	0	0	?	us	False	O	False	2	0	1
333	?	2	88	69	6	us	0	0	244	?	us	False	O	False	2	0	1
334	?	2	135	69	7	us	0	0	368	?	us	False	O	False	2	0	1
335	?	2	174	69	8	us	0	0	164	?	us	False	O	False	2	0	1
336	?	2	148	69	10	us	0	0	224	?	us	False	O	False	2	0	1
337	?	2	46	69	11	us	0	176	148	?	us	False	O	False	2	0	0
338	?	2	38	69	12	us	0	0	0	?	us	False	O	False	2	0	1
339	?	2	41	69	13	us	0	0	116	?	us	False	O	False	2	0	1
340	?	2	141	69	14	us	0	240	220	?	us	False	O	False	2	0	0
341	?	2	115	69	15	us	0	0	236	?	us	False	O	False	2	0	1
342	?	2	32	69	16	us	0	192	356	?	us	False	O	False	2	0	0
343	?	2	139	69	17	us	0	132	136	?	us	False	O	False	2	0	0
344	?	2	66	69	18	us	0	332	144	?	us	False	O	False	2	0	0
345	?	2	173	69	19	us	0	0	160	?	us	False	O	False	2	0	1
346	?	2	63	69	20	us	0	0	140	?	us	False	O	False	2	0	1
347	?	2	68	69	21	us	0	176	276	?	us	False	O	False	2	0	0
348	?	2	33	69	22	us	0	0	0	?	us	False	O	False	2	0	1
349	?	2	139	69	23	us	0	152	168	?	us	False	O	False	2	0	0
350	?	2	33	69	24	us	0	136	0	?	us	False	O	False	2	0	0
351	?	2	12	69	25	us	0	0	0	?	us	False	O	False	2	0	1
352	?	2	159	69	27	us	0	252	0	?	us	False	O	False	2	0	0
353	?	2	105	69	28	us	0	0	200	?	us	False	O	False	2	0	1
354	?	2	145	69	29	us	0	0	0	?	us	False	O	False	2	0	1
355	?	2	7	69	30	us	0	28	196	?	us	False	O	False	2	0	0
356	?	2	128	69	31	us	0	0	228	?	us	False	O	False	2	0	1
357	?	2	47	69	32	us	0	52	200	?	us	False	O	False	2	0	0
358	?	2	176	69	33	us	0	140	204	?	us	False	O	False	2	0	0
359	?	2	78	69	34	us	0	0	200	?	us	False	O	False	2	0	1
360	?	2	49	69	35	us	0	0	288	?	us	False	O	False	2	0	1
361	?	2	73	69	36	us	0	0	0	?	us	False	O	False	2	0	1
362	?	2	95	69	37	us	0	216	136	?	us	False	O	False	2	0	0
363	?	2	185	69	38	us	0	324	116	?	us	False	O	False	2	0	0
364	?	2	30	69	39	us	0	0	0	?	us	False	O	False	2	0	1
365	?	2	71	69	40	us	0	0	384	?	us	False	O	False	2	0	1
366	?	2	107	69	41	us	0	0	0	?	us	False	O	False	2	0	1
367	?	2	92	69	42	us	0	260	152	?	us	False	O	False	2	0	0
368	?	2	198	69	43	us	0	112	176	?	us	False	O	False	2	0	0
369	?	7	155	75	1	his	0	0	416	?	his	False	P	False	3	1	1
370	?	7	119	75	2	his	0	204	0	?	his	False	P	False	3	1	0
371	?	7	153	75	3	his	0	144	0	?	his	False	P	False	3	1	0
372	?	7	130	75	4	his	0	184	312	?	his	False	P	False	3	1	0
373	?	7	48	75	5	his	0	216	0	?	his	False	P	False	3	1	0
374	?	7	165	75	6	his	0	352	0	?	his	False	P	False	3	1	0
375	?	7	154	75	7	his	0	236	320	?	his	False	P	False	3	1	0
376	?	7	175	75	8	his	0	704	0	?	his	False	P	False	3	1	0
377	?	7	126	75	10	his	0	612	784	?	his	False	P	False	3	1	0
378	?	7	85	75	11	his	0	340	0	?	his	False	P	False	3	1	0
379	?	7	58	75	12	his	0	500	0	?	his	False	P	False	3	1	0
380	?	7	69	75	13	his	0	272	0	?	his	False	P	False	3	1	0
381	?	7	30	75	14	his	0	296	0	?	his	False	P	False	3	1	0
382	?	7	89	75	15	his	0	136	0	?	his	False	P	False	3	1	0
383	?	7	63	75	16	his	0	716	0	?	his	False	P	False	3	1	0
384	?	7	159	75	17	his	0	860	0	?	his	False	P	False	3	1	0
385	?	7	176	75	18	his	0	376	0	?	his	False	P	False	3	1	0
386	?	7	162	75	19	his	0	272	0	?	his	False	P	False	3	1	0
387	?	7	95	75	20	his	0	0	268	?	his	False	P	False	3	1	1
388	?	7	78	75	21	his	0	0	148	?	his	False	P	False	3	1	1
389	?	7	105	75	22	his	0	340	0	?	his	False	P	False	3	1	0
390	?	7	187	75	23	his	0	356	568	?	his	False	P	False	3	1	0
391	?	7	190	75	24	his	0	348	0	?	his	False	P	False	3	1	0
392	?	7	120	75	25	his	0	364	384	?	his	False	P	False	3	1	0
393	?	7	1	75	27	his	0	436	0	?	his	False	P	False	3	1	0
394	?	7	148	75	28	his	0	324	380	?	his	False	P	False	3	1	0
395	?	7	171	75	29	his	0	276	148	?	his	False	P	False	3	1	0
396	?	7	14	75	30	his	0	324	0	?	his	False	P	False	3	1	0
397	?	7	135	75	31	his	0	0	0	?	his	False	P	False	3	1	1
398	?	7	9	75	32	his	0	436	148	?	his	False	P	False	3	1	0
399	?	7	120	75	33	his	0	204	200	?	his	False	P	False	3	1	0
400	?	7	37	75	34	his	0	316	0	?	his	False	P	False	3	1	0
401	?	7	59	75	35	his	0	188	204	?	his	False	P	False	3	1	0
402	?	7	200	75	36	his	0	0	424	?	his	False	P	False	3	1	1
403	?	7	122	75	37	his	0	176	144	?	his	False	P	False	3	1	0
404	?	7	10	75	38	his	0	360	164	?	his	False	P	False	3	1	0
405	?	7	23	75	39	his	0	244	0	?	his	False	P	False	3	1	0
406	?	7	112	75	40	his	0	0	428	?	his	False	P	False	3	1	1
407	?	7	57	75	41	his	0	244	152	?	his	False	P	False	3	1	0
408	?	7	168	75	42	his	0	588	0	?	his	False	P	False	3	1	0
409	?	7	186	75	43	his	0	264	336	?	his	False	P	False	3	1	0
410	?	2	112	84	1	him	0	420	112	?	him	False	O	False	3	0	0
411	?	2	84	84	2	him	0	0	0	?	him	False	O	False	3	0	1
412	?	2	95	84	3	him	0	0	224	?	him	False	O	False	3	0	1
413	?	2	81	84	4	him	0	352	236	?	him	False	O	False	3	0	0
414	?	2	27	84	5	him	0	0	0	?	him	False	O	False	3	0	1
415	?	2	150	84	6	him	0	0	256	?	him	False	O	False	3	0	1
416	?	2	40	84	7	him	0	372	88	?	him	False	O	False	3	0	0
417	?	2	50	84	8	him	0	252	136	?	him	False	O	False	3	0	0
418	?	2	55	84	10	him	0	268	132	?	him	False	O	False	3	0	0
419	?	2	205	84	11	him	0	312	0	?	him	False	O	False	3	0	0
420	?	2	30	84	12	him	0	0	0	?	him	False	O	False	3	0	1
421	?	2	32	84	13	him	0	272	156	?	him	False	O	False	3	0	0
422	?	2	115	84	14	him	0	0	0	?	him	False	O	False	3	0	1
423	?	2	162	84	15	him	0	176	0	?	him	False	O	False	3	0	0
424	?	2	134	84	16	him	0	176	188	?	him	False	O	False	3	0	0
425	?	2	165	84	17	him	0	220	0	?	him	False	O	False	3	0	0
426	?	2	137	84	18	him	0	0	276	?	him	False	O	False	3	0	1
427	?	2	133	84	19	him	0	236	224	?	him	False	O	False	3	0	0
428	?	2	197	84	20	him	0	0	204	?	him	False	O	False	3	0	1
429	?	2	50	84	21	him	0	0	360	?	him	False	O	False	3	0	1
430	?	2	145	84	22	him	0	480	152	?	him	False	O	False	3	0	0
431	?	2	14	84	23	him	0	476	208	?	him	False	O	False	3	0	0
432	?	2	98	84	24	him	0	248	264	?	him	False	O	False	3	0	0
433	?	2	4	84	25	him	0	0	0	?	him	False	O	False	3	0	1
434	?	2	105	84	27	him	0	0	244	?	him	False	O	False	3	0	1
435	?	2	151	84	28	him	0	312	188	?	him	False	O	False	3	0	0
436	?	2	122	84	29	him	0	0	288	?	him	False	O	False	3	0	1
437	?	2	18	84	30	him	0	296	84	?	him	False	O	False	3	0	0
438	?	2	140	84	31	him	0	260	144	?	him	False	O	False	3	0	0
439	?	2	146	84	32	him	0	184	200	?	him	False	O	False	3	0	0
440	?	2	175	84	33	him	0	180	136	?	him	False	O	False	3	0	0
441	?	2	165	84	34	him	0	0	188	?	him	False	O	False	3	0	1
442	?	2	161	84	35	him	0	144	176	?	him	False	O	False	3	0	0
443	?	2	102	84	36	him	0	272	248	?	him	False	O	False	3	0	0
444	?	2	55	84	37	him	0	248	128	?	him	False	O	False	3	0	0
445	?	2	99	84	38	him	0	216	0	?	him	False	O	False	3	0	0
446	?	2	144	84	39	him	0	0	0	?	him	False	O	False	3	0	1
447	?	2	186	84	40	him	0	0	0	?	him	False	O	False	3	0	1
448	?	2	41	84	41	him	0	0	24	?	him	False	O	False	3	0	1
449	?	2	87	84	42	him	0	0	0	?	him	False	O	False	3	0	1
450	?	2	184	84	43	him	0	0	236	?	him	False	O	False	3	0	1
451	?	4	126	92	1	she	0	160	168	?	she	False	O	False	3	1	0
452	?	4	38	92	2	she	0	148	156	?	she	False	O	False	3	1	0
453	?	4	62	92	3	she	0	220	204	?	she	False	O	False	3	1	0
454	?	4	21	92	4	she	0	200	140	?	she	False	O	False	3	1	0
455	?	4	17	92	5	she	0	0	0	?	she	False	O	False	3	1	1
456	?	4	35	92	6	she	0	292	0	?	she	False	O	False	3	1	0
457	?	4	78	92	7	she	0	0	0	?	she	False	O	False	3	1	1
458	?	4	11	92	8	she	0	220	268	?	she	False	O	False	3	1	0
459	?	4	156	92	10	she	0	144	0	?	she	False	O	False	3	1	0
460	?	4	193	92	11	she	0	168	0	?	she	False	O	False	3	1	0
461	?	4	45	92	12	she	0	0	160	?	she	False	O	False	3	1	1
462	?	4	50	92	13	she	0	228	0	?	she	False	O	False	3	1	0
463	?	4	111	92	14	she	0	0	208	?	she	False	O	False	3	1	1
464	?	4	11	92	15	she	0	0	0	?	she	False	O	False	3	1	1
465	?	4	146	92	16	she	0	248	220	?	she	False	O	False	3	1	0
466	?	4	41	92	17	she	0	0	264	?	she	False	O	False	3	1	1
467	?	4	143	92	18	she	0	0	112	?	she	False	O	False	3	1	1
468	?	4	58	92	19	she	0	192	228	?	she	False	O	False	3	1	0
469	?	4	59	92	20	she	0	0	24	?	she	False	O	False	3	1	1
470	?	4	65	92	21	she	0	160	152	?	she	False	O	False	3	1	0
471	?	4	127	92	22	she	0	0	160	?	she	False	O	False	3	1	1
472	?	4	105	92	23	she	0	0	272	?	she	False	O	False	3	1	1
473	?	4	106	92	24	she	0	184	212	?	she	False	O	False	3	1	0
474	?	4	202	92	25	she	0	0	352	?	she	False	O	False	3	1	1
475	?	4	152	92	27	she	0	0	296	?	she	False	O	False	3	1	1
476	?	4	104	92	28	she	0	224	232	?	she	False	O	False	3	1	0
477	?	4	58	92	29	she	0	0	184	?	she	False	O	False	3	1	1
478	?	4	9	92	30	she	0	108	436	?	she	False	O	False	3	1	0
479	?	4	17	92	31	she	0	0	168	?	she	False	O	False	3	1	1
480	?	4	201	92	32	she	0	176	152	?	she	False	O	False	3	1	0
481	?	4	23	92	33	she	0	196	176	?	she	False	O	False	3	1	0
482	?	4	136	92	34	she	0	240	0	?	she	False	O	False	3	1	0
483	?	4	170	92	35	she	0	200	172	?	she	False	O	False	3	1	0
484	?	4	40	92	36	she	0	232	0	?	she	False	O	False	3	1	0
485	?	4	25	92	37	she	0	252	156	?	she	False	O	False	3	1	0
486	?	4	31	92	38	she	0	0	216	?	she	False	O	False	3	1	1
487	?	4	141	92	39	she	0	0	0	?	she	False	O	False	3	1	1
488	?	4	168	92	40	she	0	0	0	?	she	False	O	False	3	1	1
489	?	4	18	92	41	she	0	248	0	?	she	False	O	False	3	1	0
490	?	4	111	92	42	she	0	300	0	?	she	False	O	False	3	1	0
491	?	4	164	92	43	she	0	0	208	?	she	False	O	False	3	1	1
492	?	5	94	107	1	him	0	0	124	?	him	False	O	False	3	1	1
493	?	5	104	107	2	him	0	156	164	?	him	False	O	False	3	1	0
494	?	5	94	107	3	him	0	140	208	?	him	False	O	False	3	1	0
495	?	5	6	107	4	him	0	148	204	?	him	False	O	False	3	1	0
496	?	5	172	107	5	him	0	176	156	?	him	False	O	False	3	1	0
497	?	5	123	107	6	him	0	152	208	?	him	False	O	False	3	1	0
498	?	5	115	107	7	him	0	120	184	?	him	False	O	False	3	1	0
499	?	5	71	107	8	him	0	148	116	?	him	False	O	False	3	1	0
500	?	5	183	107	10	him	0	0	0	?	him	False	O	False	3	1	1
501	?	5	154	107	11	him	0	140	124	?	him	False	O	False	3	1	0
502	?	5	196	107	12	him	0	0	140	?	him	False	O	False	3	1	1
503	?	5	84	107	13	him	0	0	388	?	him	False	O	False	3	1	1
504	?	5	193	107	14	him	0	292	208	?	him	False	O	False	3	1	0
505	?	5	199	107	15	him	0	0	160	?	him	False	O	False	3	1	1
506	?	5	189	107	16	him	0	156	156	?	him	False	O	False	3	1	0
507	?	5	109	107	17	him	0	0	452	?	him	False	O	False	3	1	1
508	?	5	109	107	18	him	0	0	220	?	him	False	O	False	3	1	1
509	?	5	120	107	19	him	0	196	176	?	him	False	O	False	3	1	0
510	?	5	151	107	20	him	0	172	136	?	him	False	O	False	3	1	0
511	?	5	124	107	21	him	0	0	140	?	him	False	O	False	3	1	1
512	?	5	3	107	22	him	0	0	0	?	him	False	O	False	3	1	1
513	?	5	128	107	23	him	0	168	528	?	him	False	O	False	3	1	0
514	?	5	17	107	24	him	0	0	368	?	him	False	O	False	3	1	1
515	?	5	64	107	25	him	0	0	116	?	him	False	O	False	3	1	1
516	?	5	17	107	27	him	0	344	120	?	him	False	O	False	3	1	0
517	?	5	117	107	28	him	0	0	724	?	him	False	O	False	3	1	1
518	?	5	151	107	29	him	0	448	144	?	him	False	O	False	3	1	0
519	?	5	142	107	30	him	0	260	156	?	him	False	O	False	3	1	0
520	?	5	130	107	31	him	0	0	224	?	him	False	O	False	3	1	1
521	?	5	104	107	32	him	0	164	196	?	him	False	O	False	3	1	0
522	?	5	96	107	33	him	0	212	188	?	him	False	O	False	3	1	0
523	?	5	129	107	34	him	0	0	184	?	him	False	O	False	3	1	1
524	?	5	116	107	35	him	0	144	196	?	him	False	O	False	3	1	0
525	?	5	194	107	36	him	0	0	244	?	him	False	O	False	3	1	1
526	?	5	52	107	37	him	0	132	160	?	him	False	O	False	3	1	0
527	?	5	12	107	38	him	0	152	72	?	him	False	O	False	3	1	0
528	?	5	54	107	39	him	0	396	144	?	him	False	O	False	3	1	0
529	?	5	129	107	40	him	0	0	0	?	him	False	O	False	3	1	1
530	?	5	13	107	41	him	0	0	0	?	him	False	O	False	3	1	1
531	?	5	179	107	42	him	0	0	140	?	him	False	O	False	3	1	1
532	?	5	27	107	43	him	0	0	344	?	him	False	O	False	3	1	1
533	?	4	77	109	1	her	0	208	168	?	her	False	O	False	3	0	0
534	?	4	72	109	2	her	0	208	256	?	her	False	O	False	3	0	0
535	?	4	160	109	3	her	0	212	168	?	her	False	O	False	3	0	0
536	?	4	147	109	4	her	0	252	160	?	her	False	O	False	3	0	0
537	?	4	176	109	5	her	0	0	248	?	her	False	O	False	3	0	1
538	?	4	190	109	6	her	0	0	200	?	her	False	O	False	3	0	1
539	?	4	88	109	7	her	0	0	240	?	her	False	O	False	3	0	1
540	?	4	129	109	8	her	0	144	92	?	her	False	O	False	3	0	0
541	?	4	163	109	10	her	0	180	128	?	her	False	O	False	3	0	0
542	?	4	87	109	11	her	0	0	132	?	her	False	O	False	3	0	1
543	?	4	2	109	12	her	0	180	240	?	her	False	O	False	3	0	0
544	?	4	133	109	13	her	0	180	196	?	her	False	O	False	3	0	0
545	?	4	11	109	14	her	0	0	248	?	her	False	O	False	3	0	1
546	?	4	75	109	15	her	0	0	176	?	her	False	O	False	3	0	1
547	?	4	87	109	16	her	0	140	92	?	her	False	O	False	3	0	0
548	?	4	120	109	17	her	0	0	0	?	her	False	O	False	3	0	1
549	?	4	184	109	18	her	0	0	232	?	her	False	O	False	3	0	1
550	?	4	178	109	19	her	0	188	156	?	her	False	O	False	3	0	0
551	?	4	4	109	20	her	0	132	0	?	her	False	O	False	3	0	0
552	?	4	62	109	21	her	0	144	148	?	her	False	O	False	3	0	0
553	?	4	180	109	22	her	0	172	200	?	her	False	O	False	3	0	0
554	?	4	66	109	23	her	0	0	1160	?	her	False	O	False	3	0	1
555	?	4	15	109	24	her	0	172	276	?	her	False	O	False	3	0	0
556	?	4	127	109	25	her	0	0	352	?	her	False	O	False	3	0	1
557	?	4	175	109	27	her	0	500	156	?	her	False	O	False	3	0	0
558	?	4	183	109	28	her	0	360	248	?	her	False	O	False	3	0	0
559	?	4	59	109	29	her	0	0	140	?	her	False	O	False	3	0	1
560	?	4	145	109	30	her	0	320	264	?	her	False	O	False	3	0	0
561	?	4	144	109	31	her	0	0	300	?	her	False	O	False	3	0	1
562	?	4	86	109	32	her	0	272	180	?	her	False	O	False	3	0	0
563	?	4	140	109	33	her	0	72	372	?	her	False	O	False	3	0	0
564	?	4	47	109	34	her	0	208	416	?	her	False	O	False	3	0	0
565	?	4	104	109	35	her	0	136	0	?	her	False	O	False	3	0	0
566	?	4	159	109	36	her	0	164	156	?	her	False	O	False	3	0	0
567	?	4	203	109	37	her	0	220	52	?	her	False	O	False	3	0	0
568	?	4	24	109	38	her	0	200	0	?	her	False	O	False	3	0	0
569	?	4	185	109	39	her	0	128	0	?	her	False	O	False	3	0	0
570	?	4	166	109	40	her	0	0	0	?	her	False	O	False	3	0	1
571	?	4	179	109	41	her	0	128	112	?	her	False	O	False	3	0	0
572	?	4	78	109	42	her	0	0	0	?	her	False	O	False	3	0	1
573	?	4	107	109	43	her	0	196	88	?	her	False	O	False	3	0	0
574	?	4	166	110	1	him	0	244	248	?	him	False	O	False	3	0	0
575	?	4	162	110	2	him	0	148	0	?	him	False	O	False	3	0	0
576	?	4	49	110	3	him	0	152	164	?	him	False	O	False	3	0	0
577	?	4	60	110	4	him	0	160	0	?	him	False	O	False	3	0	0
578	?	4	146	110	5	him	0	0	0	?	him	False	O	False	3	0	1
579	?	4	99	110	6	him	0	152	140	?	him	False	O	False	3	0	0
580	?	4	146	110	7	him	0	0	52	?	him	False	O	False	3	0	1
581	?	4	135	110	8	him	0	192	0	?	him	False	O	False	3	0	0
582	?	4	90	110	10	him	0	188	0	?	him	False	O	False	3	0	0
583	?	4	77	110	11	him	0	216	176	?	him	False	O	False	3	0	0
584	?	4	14	110	12	him	0	308	0	?	him	False	O	False	3	0	0
585	?	4	151	110	13	him	0	156	0	?	him	False	O	False	3	0	0
586	?	4	53	110	14	him	0	148	0	?	him	False	O	False	3	0	0
587	?	4	31	110	15	him	0	164	0	?	him	False	O	False	3	0	0
588	?	4	20	110	16	him	0	196	144	?	him	False	O	False	3	0	0
589	?	4	70	110	17	him	0	0	240	?	him	False	O	False	3	0	1
590	?	4	180	110	18	him	0	0	0	?	him	False	O	False	3	0	1
591	?	4	69	110	19	him	0	236	184	?	him	False	O	False	3	0	0
592	?	4	112	110	20	him	0	152	0	?	him	False	O	False	3	0	0
593	?	4	127	110	21	him	0	156	0	?	him	False	O	False	3	0	0
594	?	4	40	110	22	him	0	264	0	?	him	False	O	False	3	0	0
595	?	4	176	110	23	him	0	288	216	?	him	False	O	False	3	0	0
596	?	4	188	110	24	him	0	0	392	?	him	False	O	False	3	0	1
597	?	4	83	110	25	him	0	0	0	?	him	False	O	False	3	0	1
598	?	4	92	110	27	him	0	0	192	?	him	False	O	False	3	0	1
599	?	4	30	110	28	him	0	0	124	?	him	False	O	False	3	0	1
600	?	4	44	110	29	him	0	0	0	?	him	False	O	False	3	0	1
601	?	4	161	110	30	him	0	188	240	?	him	False	O	False	3	0	0
602	?	4	89	110	31	him	0	104	160	?	him	False	O	False	3	0	0
603	?	4	66	110	32	him	0	208	0	?	him	False	O	False	3	0	0
604	?	4	25	110	33	him	0	224	284	?	him	False	O	False	3	0	0
605	?	4	123	110	34	him	0	0	0	?	him	False	O	False	3	0	1
606	?	4	180	110	35	him	0	0	168	?	him	False	O	False	3	0	1
607	?	4	204	110	36	him	0	0	0	?	him	False	O	False	3	0	1
608	?	4	156	110	37	him	0	176	140	?	him	False	O	False	3	0	0
609	?	4	136	110	38	him	0	152	0	?	him	False	O	False	3	0	0
610	?	4	146	110	39	him	0	0	0	?	him	False	O	False	3	0	1
611	?	4	182	110	40	him	0	332	0	?	him	False	O	False	3	0	0
612	?	4	129	110	41	him	0	0	256	?	him	False	O	False	3	0	1
613	?	4	1	110	42	him	0	0	172	?	him	False	O	False	3	0	1
614	?	4	178	110	43	him	0	268	0	?	him	False	O	False	3	0	0
615	?	9	61	115	1	that	0	220	232	?	that	False	O	False	4	0	0
616	?	9	169	115	2	that	0	184	492	?	that	False	O	False	4	0	0
617	?	9	109	115	3	that	0	264	208	?	that	False	O	False	4	0	0
618	?	9	38	115	4	that	0	160	352	?	that	False	O	False	4	0	0
619	?	9	79	115	5	that	0	0	244	?	that	False	O	False	4	0	1
620	?	9	33	115	6	that	0	0	308	?	that	False	O	False	4	0	1
621	?	9	185	115	7	that	0	0	116	?	that	False	O	False	4	0	1
622	?	9	79	115	8	that	0	0	584	?	that	False	O	False	4	0	1
623	?	9	164	115	10	that	0	176	216	?	that	False	O	False	4	0	0
624	?	9	159	115	11	that	0	0	792	?	that	False	O	False	4	0	1
625	?	9	63	115	12	that	0	0	196	?	that	False	O	False	4	0	1
626	?	9	127	115	13	that	0	604	268	?	that	False	O	False	4	0	0
627	?	9	42	115	14	that	0	136	292	?	that	False	O	False	4	0	0
628	?	9	60	115	15	that	0	380	268	?	that	False	O	False	4	0	0
629	?	9	27	115	16	that	0	244	656	?	that	False	O	False	4	0	0
630	?	9	4	115	17	that	0	224	312	?	that	False	O	False	4	0	0
631	?	9	98	115	18	that	0	0	412	?	that	False	O	False	4	0	1
632	?	9	98	115	19	that	0	344	160	?	that	False	O	False	4	0	0
633	?	9	28	115	20	that	0	0	296	?	that	False	O	False	4	0	1
634	?	9	88	115	21	that	0	132	252	?	that	False	O	False	4	0	0
635	?	9	37	115	22	that	0	412	0	?	that	False	O	False	4	0	0
636	?	9	87	115	23	that	0	352	244	?	that	False	O	False	4	0	0
637	?	9	25	115	24	that	0	0	292	?	that	False	O	False	4	0	1
638	?	9	38	115	25	that	0	160	224	?	that	False	O	False	4	0	0
639	?	9	35	115	27	that	0	0	820	?	that	False	O	False	4	0	1
640	?	9	158	115	28	that	0	0	312	?	that	False	O	False	4	0	1
641	?	9	133	115	29	that	0	0	324	?	that	False	O	False	4	0	1
642	?	9	175	115	30	that	0	0	524	?	that	False	O	False	4	0	1
643	?	9	110	115	31	that	0	160	144	?	that	False	O	False	4	0	0
644	?	9	163	115	32	that	0	0	272	?	that	False	O	False	4	0	1
645	?	9	127	115	33	that	0	264	148	?	that	False	O	False	4	0	0
646	?	9	125	115	34	that	0	0	212	?	that	False	O	False	4	0	1
647	?	9	51	115	35	that	0	160	144	?	that	False	O	False	4	0	0
648	?	9	193	115	36	that	0	128	216	?	that	False	O	False	4	0	0
649	?	9	151	115	37	that	0	0	388	?	that	False	O	False	4	0	1
650	?	9	173	115	38	that	0	164	232	?	that	False	O	False	4	0	0
651	?	9	19	115	39	that	0	164	336	?	that	False	O	False	4	0	0
652	?	9	23	115	40	that	0	180	256	?	that	False	O	False	4	0	0
653	?	9	87	115	41	that	0	120	236	?	that	False	O	False	4	0	0
654	?	9	167	115	42	that	0	156	112	?	that	False	O	False	4	0	0
655	?	9	71	115	43	that	0	168	200	?	that	False	O	False	4	0	0
656	?	5	88	118	1	they	0	156	172	?	they	False	O	True	4	0	0
657	?	5	121	118	2	they	0	172	0	?	they	False	O	True	4	0	0
658	?	5	144	118	3	they	0	124	272	?	they	False	O	True	4	0	0
659	?	5	65	118	4	they	0	152	0	?	they	False	O	True	4	0	0
660	?	5	191	118	5	they	0	0	232	?	they	False	O	True	4	0	1
661	?	5	125	118	6	they	0	0	176	?	they	False	O	True	4	0	1
662	?	5	180	118	7	they	0	108	116	?	they	False	O	True	4	0	0
663	?	5	198	118	8	they	0	0	296	?	they	False	O	True	4	0	1
664	?	5	165	118	10	they	0	100	92	?	they	False	O	True	4	0	0
665	?	5	151	118	11	they	0	132	192	?	they	False	O	True	4	0	0
666	?	5	22	118	12	they	0	148	0	?	they	False	O	True	4	0	0
667	?	5	7	118	13	they	0	132	0	?	they	False	O	True	4	0	0
668	?	5	43	118	14	they	0	88	216	?	they	False	O	True	4	0	0
669	?	5	164	118	15	they	0	0	0	?	they	False	O	True	4	0	1
670	?	5	142	118	16	they	0	148	144	?	they	False	O	True	4	0	0
671	?	5	75	118	18	they	0	0	164	?	they	False	O	True	4	0	1
672	?	5	194	118	19	they	0	148	144	?	they	False	O	True	4	0	0
673	?	5	11	118	20	they	0	0	0	?	they	False	O	True	4	0	1
674	?	5	4	118	21	they	0	112	0	?	they	False	O	True	4	0	0
675	?	5	77	118	22	they	0	196	144	?	they	False	O	True	4	0	0
676	?	5	179	118	23	they	0	564	116	?	they	False	O	True	4	0	0
677	?	5	161	118	24	they	0	224	164	?	they	False	O	True	4	0	0
678	?	5	59	118	25	they	0	156	112	?	they	False	O	True	4	0	0
679	?	5	200	118	27	they	0	0	324	?	they	False	O	True	4	0	1
680	?	5	100	118	28	they	0	304	676	?	they	False	O	True	4	0	0
681	?	5	134	118	29	they	0	0	152	?	they	False	O	True	4	0	1
682	?	5	162	118	30	they	0	484	216	?	they	False	O	True	4	0	0
683	?	5	123	118	31	they	0	184	0	?	they	False	O	True	4	0	0
684	?	5	155	118	32	they	0	408	192	?	they	False	O	True	4	0	0
685	?	5	84	118	33	they	0	80	208	?	they	False	O	True	4	0	0
686	?	5	194	118	34	they	0	144	128	?	they	False	O	True	4	0	0
687	?	5	135	118	35	they	0	0	184	?	they	False	O	True	4	0	1
688	?	5	21	118	36	they	0	176	0	?	they	False	O	True	4	0	0
689	?	5	7	118	37	they	0	0	380	?	they	False	O	True	4	0	1
690	?	5	195	118	38	they	0	0	224	?	they	False	O	True	4	0	1
691	?	5	99	118	39	they	0	0	0	?	they	False	O	True	4	0	1
692	?	5	152	118	40	they	0	0	144	?	they	False	O	True	4	0	1
693	?	5	33	118	41	they	0	0	0	?	they	False	O	True	4	0	1
694	?	5	180	118	42	they	0	0	184	?	they	False	O	True	4	0	1
695	?	5	182	118	43	they	0	100	208	?	they	False	O	True	4	0	0
696	?	7	57	140	1	us	0	160	0	?	us	False	O	False	2	0	0
697	?	7	76	140	2	us	0	0	260	?	us	False	O	False	2	0	1
698	?	7	70	140	3	us	0	188	228	?	us	False	O	False	2	0	0
699	?	7	116	140	4	us	0	0	360	?	us	False	O	False	2	0	1
700	?	7	51	140	5	us	0	0	228	?	us	False	O	False	2	0	1
701	?	7	90	140	6	us	0	0	152	?	us	False	O	False	2	0	1
702	?	7	132	140	7	us	0	0	132	?	us	False	O	False	2	0	1
703	?	7	70	140	8	us	0	0	288	?	us	False	O	False	2	0	1
704	?	7	20	140	9	us	0	0	220	?	us	False	O	False	2	0	1
705	?	7	64	140	10	us	0	0	200	?	us	False	O	False	2	0	1
706	?	7	150	140	11	us	0	136	140	?	us	False	O	False	2	0	0
707	?	7	94	140	12	us	0	0	204	?	us	False	O	False	2	0	1
708	?	7	172	140	13	us	0	0	216	?	us	False	O	False	2	0	1
709	?	7	202	140	14	us	0	0	196	?	us	False	O	False	2	0	1
710	?	7	105	140	15	us	0	0	0	?	us	False	O	False	2	0	1
711	?	7	151	140	16	us	0	0	388	?	us	False	O	False	2	0	1
712	?	7	178	140	18	us	0	0	152	?	us	False	O	False	2	0	1
713	?	7	193	140	19	us	0	232	144	?	us	False	O	False	2	0	0
714	?	7	165	140	20	us	0	140	0	?	us	False	O	False	2	0	0
715	?	7	184	140	21	us	0	0	168	?	us	False	O	False	2	0	1
716	?	7	2	140	22	us	0	0	192	?	us	False	O	False	2	0	1
717	?	7	135	140	23	us	0	168	204	?	us	False	O	False	2	0	0
718	?	7	69	140	24	us	0	0	360	?	us	False	O	False	2	0	1
719	?	7	155	140	25	us	0	0	360	?	us	False	O	False	2	0	1
720	?	7	101	140	27	us	0	216	208	?	us	False	O	False	2	0	0
721	?	7	26	140	28	us	0	0	180	?	us	False	O	False	2	0	1
722	?	7	101	140	29	us	0	0	196	?	us	False	O	False	2	0	1
723	?	7	84	140	30	us	0	0	160	?	us	False	O	False	2	0	1
724	?	7	93	140	31	us	0	0	0	?	us	False	O	False	2	0	1
725	?	7	169	140	32	us	0	300	136	?	us	False	O	False	2	0	0
726	?	7	27	140	33	us	0	160	324	?	us	False	O	False	2	0	0
727	?	7	25	140	34	us	0	0	156	?	us	False	O	False	2	0	1
728	?	7	103	140	35	us	0	0	240	?	us	False	O	False	2	0	1
729	?	7	26	140	36	us	0	0	0	?	us	False	O	False	2	0	1
730	?	7	2	140	37	us	0	180	0	?	us	False	O	False	2	0	0
731	?	7	122	140	38	us	0	0	264	?	us	False	O	False	2	0	1
732	?	7	40	140	39	us	0	0	152	?	us	False	O	False	2	0	1
733	?	7	137	140	40	us	0	0	164	?	us	False	O	False	2	0	1
734	?	7	59	140	41	us	0	0	216	?	us	False	O	False	2	0	1
735	?	7	69	140	42	us	0	0	168	?	us	False	O	False	2	0	1
736	?	7	20	140	43	us	0	0	156	?	us	False	O	False	2	0	1
737	?	6	85	141	1	he	0	216	184	?	he	False	O	False	2	2	0
738	?	6	59	141	2	he	0	0	164	?	he	False	O	False	2	2	1
739	?	6	83	141	3	he	0	188	308	?	he	False	O	False	2	2	0
740	?	6	141	141	4	he	0	0	320	?	he	False	O	False	2	2	1
741	?	6	186	141	5	he	0	0	204	?	he	False	O	False	2	2	1
742	?	6	78	141	6	he	0	0	280	?	he	False	O	False	2	2	1
743	?	6	141	141	7	he	0	116	0	?	he	False	O	False	2	2	0
744	?	6	9	141	8	he	0	0	324	?	he	False	O	False	2	2	1
745	?	6	26	141	9	he	0	0	180	?	he	False	O	False	2	2	1
746	?	6	139	141	10	he	0	148	88	?	he	False	O	False	2	2	0
747	?	6	65	141	11	he	0	0	304	?	he	False	O	False	2	2	1
748	?	6	70	141	12	he	0	0	0	?	he	False	O	False	2	2	1
749	?	6	121	141	13	he	0	0	244	?	he	False	O	False	2	2	1
750	?	6	69	141	14	he	0	0	248	?	he	False	O	False	2	2	1
751	?	6	82	141	15	he	0	132	0	?	he	False	O	False	2	2	0
752	?	6	65	141	16	he	0	0	268	?	he	False	O	False	2	2	1
753	?	6	140	141	17	he	0	156	0	?	he	False	O	False	2	2	0
754	?	6	202	141	18	he	0	0	208	?	he	False	O	False	2	2	1
755	?	6	68	141	19	he	0	184	0	?	he	False	O	False	2	2	0
756	?	6	140	141	20	he	0	0	0	?	he	False	O	False	2	2	1
757	?	6	156	141	21	he	0	136	0	?	he	False	O	False	2	2	0
758	?	6	64	141	22	he	0	0	240	?	he	False	O	False	2	2	1
759	?	6	73	141	23	he	0	240	192	?	he	False	O	False	2	2	0
760	?	6	42	141	24	he	0	0	0	?	he	False	O	False	2	2	1
761	?	6	94	141	25	he	0	0	260	?	he	False	O	False	2	2	1
762	?	6	168	141	27	he	0	344	136	?	he	False	O	False	2	2	0
763	?	6	69	141	28	he	0	448	500	?	he	False	O	False	2	2	0
764	?	6	48	141	29	he	0	0	180	?	he	False	O	False	2	2	1
765	?	6	106	141	30	he	0	424	0	?	he	False	O	False	2	2	0
766	?	6	100	141	31	he	0	0	0	?	he	False	O	False	2	2	1
767	?	6	197	141	32	he	0	0	268	?	he	False	O	False	2	2	1
768	?	6	12	141	33	he	0	0	0	?	he	False	O	False	2	2	1
769	?	6	60	141	34	he	0	0	148	?	he	False	O	False	2	2	1
770	?	6	136	141	35	he	0	0	228	?	he	False	O	False	2	2	1
771	?	6	202	141	36	he	0	0	0	?	he	False	O	False	2	2	1
772	?	6	186	141	37	he	0	172	104	?	he	False	O	False	2	2	0
773	?	6	199	141	38	he	0	0	0	?	he	False	O	False	2	2	1
774	?	6	173	141	39	he	0	0	160	?	he	False	O	False	2	2	1
775	?	6	94	141	40	he	0	0	304	?	he	False	O	False	2	2	1
776	?	6	10	141	41	he	0	176	0	?	he	False	O	False	2	2	0
777	?	6	200	141	42	he	0	132	0	?	he	False	O	False	2	2	0
778	?	6	31	141	43	he	0	0	208	?	he	False	O	False	2	2	1
779	?	10	46	145	1	this	0	380	156	?	this	False	O	False	4	1	0
780	?	10	35	145	2	this	0	0	304	?	this	False	O	False	4	1	1
781	?	10	125	145	3	this	0	184	0	?	this	False	O	False	4	1	0
782	?	10	166	145	4	this	0	164	340	?	this	False	O	False	4	1	0
783	?	10	1	145	5	this	0	0	220	?	this	False	O	False	4	1	1
784	?	10	112	145	6	this	0	0	120	?	this	False	O	False	4	1	1
785	?	10	165	145	7	this	0	0	112	?	this	False	O	False	4	1	1
786	?	10	52	145	8	this	0	120	580	?	this	False	O	False	4	1	0
787	?	10	182	145	10	this	0	156	172	?	this	False	O	False	4	1	0
788	?	10	64	145	11	this	0	216	144	?	this	False	O	False	4	1	0
789	?	10	106	145	12	this	0	364	0	?	this	False	O	False	4	1	0
790	?	10	143	145	13	this	0	276	276	?	this	False	O	False	4	1	0
791	?	10	37	145	14	this	0	0	452	?	this	False	O	False	4	1	1
792	?	10	163	145	15	this	0	456	0	?	this	False	O	False	4	1	0
793	?	10	89	145	16	this	0	136	788	?	this	False	O	False	4	1	0
794	?	10	42	145	17	this	0	0	312	?	this	False	O	False	4	1	1
795	?	10	119	145	18	this	0	232	172	?	this	False	O	False	4	1	0
796	?	10	128	145	19	this	0	252	0	?	this	False	O	False	4	1	0
797	?	10	13	145	20	this	0	424	156	?	this	False	O	False	4	1	0
798	?	10	145	145	21	this	0	0	168	?	this	False	O	False	4	1	1
799	?	10	160	145	22	this	0	312	0	?	this	False	O	False	4	1	0
800	?	10	44	145	23	this	0	164	196	?	this	False	O	False	4	1	0
801	?	10	174	145	24	this	0	0	232	?	this	False	O	False	4	1	1
802	?	10	41	145	25	this	0	444	148	?	this	False	O	False	4	1	0
803	?	10	22	145	27	this	0	276	84	?	this	False	O	False	4	1	0
804	?	10	112	145	28	this	0	180	384	?	this	False	O	False	4	1	0
805	?	10	13	145	29	this	0	168	288	?	this	False	O	False	4	1	0
806	?	10	203	145	30	this	0	0	632	?	this	False	O	False	4	1	1
807	?	10	126	145	31	this	0	96	0	?	this	False	O	False	4	1	0
808	?	10	28	145	32	this	0	276	212	?	this	False	O	False	4	1	0
809	?	10	191	145	33	this	0	412	340	?	this	False	O	False	4	1	0
810	?	10	159	145	34	this	0	208	216	?	this	False	O	False	4	1	0
811	?	10	195	145	35	this	0	0	188	?	this	False	O	False	4	1	1
812	?	10	34	145	36	this	0	0	220	?	this	False	O	False	4	1	1
813	?	10	133	145	37	this	0	384	0	?	this	False	O	False	4	1	0
814	?	10	174	145	38	this	0	0	0	?	this	False	O	False	4	1	1
815	?	10	90	145	39	this	0	0	184	?	this	False	O	False	4	1	1
816	?	10	80	145	40	this	0	228	264	?	this	False	O	False	4	1	0
817	?	10	133	145	41	this	0	188	364	?	this	False	O	False	4	1	0
818	?	10	40	145	42	this	0	240	592	?	this	False	O	False	4	1	0
819	?	10	73	145	43	this	0	120	124	?	this	False	O	False	4	1	0
820	?	2	131	146	1	they	0	368	0	?	they	False	O	True	4	0	0
821	?	2	100	146	2	they	0	0	196	?	they	False	O	True	4	0	1
822	?	2	19	146	3	they	0	0	0	?	they	False	O	True	4	0	1
823	?	2	176	146	4	they	0	132	0	?	they	False	O	True	4	0	0
824	?	2	190	146	5	they	0	0	260	?	they	False	O	True	4	0	1
825	?	2	108	146	6	they	0	248	128	?	they	False	O	True	4	0	0
826	?	2	82	146	7	they	0	312	0	?	they	False	O	True	4	0	0
827	?	2	110	146	8	they	0	236	124	?	they	False	O	True	4	0	0
828	?	2	75	146	10	they	0	176	152	?	they	False	O	True	4	0	0
829	?	2	163	146	11	they	0	164	168	?	they	False	O	True	4	0	0
830	?	2	18	146	12	they	0	0	0	?	they	False	O	True	4	0	1
831	?	2	123	146	13	they	0	172	140	?	they	False	O	True	4	0	0
832	?	2	64	146	14	they	0	172	140	?	they	False	O	True	4	0	0
833	?	2	14	146	15	they	0	0	256	?	they	False	O	True	4	0	1
834	?	2	13	146	16	they	0	140	140	?	they	False	O	True	4	0	0
835	?	2	48	146	17	they	0	0	224	?	they	False	O	True	4	0	1
836	?	2	10	146	18	they	0	408	0	?	they	False	O	True	4	0	0
837	?	2	70	146	19	they	0	52	128	?	they	False	O	True	4	0	0
838	?	2	36	146	20	they	0	0	180	?	they	False	O	True	4	0	1
839	?	2	90	146	21	they	0	340	0	?	they	False	O	True	4	0	0
840	?	2	133	146	22	they	0	340	140	?	they	False	O	True	4	0	0
841	?	2	30	146	23	they	0	248	180	?	they	False	O	True	4	0	0
842	?	2	149	146	24	they	0	184	260	?	they	False	O	True	4	0	0
843	?	2	145	146	25	they	0	220	180	?	they	False	O	True	4	0	0
844	?	2	11	146	27	they	0	0	0	?	they	False	O	True	4	0	1
845	?	2	146	146	28	they	0	252	152	?	they	False	O	True	4	0	0
846	?	2	12	146	29	they	0	0	0	?	they	False	O	True	4	0	1
847	?	2	59	146	30	they	0	248	360	?	they	False	O	True	4	0	0
848	?	2	70	146	31	they	0	104	0	?	they	False	O	True	4	0	0
849	?	2	39	146	32	they	0	204	196	?	they	False	O	True	4	0	0
850	?	2	204	146	33	they	0	148	132	?	they	False	O	True	4	0	0
851	?	2	32	146	34	they	0	296	372	?	they	False	O	True	4	0	0
852	?	2	188	146	35	they	0	204	0	?	they	False	O	True	4	0	0
853	?	2	185	146	36	they	0	0	332	?	they	False	O	True	4	0	1
854	?	2	129	146	37	they	0	220	164	?	they	False	O	True	4	0	0
855	?	2	57	146	38	they	0	440	0	?	they	False	O	True	4	0	0
856	?	2	133	146	39	they	0	228	0	?	they	False	O	True	4	0	0
857	?	2	105	146	40	they	0	0	0	?	they	False	O	True	4	0	1
858	?	2	114	146	41	they	0	0	0	?	they	False	O	True	4	0	1
859	?	2	14	146	42	they	0	0	328	?	they	False	O	True	4	0	1
860	?	2	133	146	43	they	0	216	0	?	they	False	O	True	4	0	0
861	?	5	200	150	1	his	0	264	0	?	his	False	P	False	3	0	0
862	?	5	28	150	2	his	0	0	192	?	his	False	P	False	3	0	1
863	?	5	181	150	3	his	0	0	300	?	his	False	P	False	3	0	1
864	?	5	39	150	4	his	0	268	0	?	his	False	P	False	3	0	0
865	?	5	38	150	5	his	0	200	192	?	his	False	P	False	3	0	0
866	?	5	146	150	6	his	0	0	124	?	his	False	P	False	3	0	1
867	?	5	58	150	7	his	0	156	28	?	his	False	P	False	3	0	0
868	?	5	197	150	8	his	0	152	0	?	his	False	P	False	3	0	0
869	?	5	32	150	9	his	0	152	140	?	his	False	P	False	3	0	0
870	?	5	15	150	10	his	0	0	0	?	his	False	P	False	3	0	1
871	?	5	67	150	11	his	0	184	120	?	his	False	P	False	3	0	0
872	?	5	137	150	12	his	0	160	0	?	his	False	P	False	3	0	0
873	?	5	167	150	13	his	0	344	0	?	his	False	P	False	3	0	0
874	?	5	121	150	14	his	0	208	0	?	his	False	P	False	3	0	0
875	?	5	38	150	15	his	0	164	0	?	his	False	P	False	3	0	0
876	?	5	11	150	16	his	0	164	160	?	his	False	P	False	3	0	0
877	?	5	101	150	17	his	0	0	0	?	his	False	P	False	3	0	1
878	?	5	4	150	18	his	0	200	0	?	his	False	P	False	3	0	0
879	?	5	131	150	19	his	0	128	0	?	his	False	P	False	3	0	0
880	?	5	83	150	20	his	0	0	188	?	his	False	P	False	3	0	1
881	?	5	168	150	21	his	0	0	124	?	his	False	P	False	3	0	1
882	?	5	103	150	22	his	0	200	196	?	his	False	P	False	3	0	0
883	?	5	72	150	23	his	0	300	388	?	his	False	P	False	3	0	0
884	?	5	110	150	24	his	0	180	252	?	his	False	P	False	3	0	0
885	?	5	92	150	25	his	0	212	132	?	his	False	P	False	3	0	0
886	?	5	204	150	27	his	0	240	256	?	his	False	P	False	3	0	0
887	?	5	204	150	28	his	0	0	0	?	his	False	P	False	3	0	1
888	?	5	184	150	29	his	0	156	120	?	his	False	P	False	3	0	0
889	?	5	193	150	30	his	0	404	0	?	his	False	P	False	3	0	0
890	?	5	51	150	31	his	0	0	152	?	his	False	P	False	3	0	1
891	?	5	48	150	32	his	0	160	152	?	his	False	P	False	3	0	0
892	?	5	133	150	33	his	0	0	212	?	his	False	P	False	3	0	1
893	?	5	72	150	34	his	0	0	172	?	his	False	P	False	3	0	1
894	?	5	68	150	35	his	0	164	0	?	his	False	P	False	3	0	0
895	?	5	167	150	36	his	0	224	0	?	his	False	P	False	3	0	0
896	?	5	75	150	37	his	0	152	124	?	his	False	P	False	3	0	0
897	?	5	30	150	38	his	0	224	192	?	his	False	P	False	3	0	0
898	?	5	121	150	39	his	0	0	0	?	his	False	P	False	3	0	1
899	?	5	28	150	40	his	0	0	0	?	his	False	P	False	3	0	1
900	?	5	155	150	41	his	0	0	228	?	his	False	P	False	3	0	1
901	?	5	104	150	42	his	0	240	0	?	his	False	P	False	3	0	0
902	?	5	14	150	43	his	0	148	0	?	his	False	P	False	3	0	0
903	?	7	68	154	1	she	0	264	0	?	she	False	O	False	3	1	0
904	?	7	174	154	2	she	0	0	124	?	she	False	O	False	3	1	1
905	?	7	106	154	3	she	0	280	204	?	she	False	O	False	3	1	0
906	?	7	132	154	4	she	0	100	140	?	she	False	O	False	3	1	0
907	?	7	43	154	5	she	0	0	176	?	she	False	O	False	3	1	1
908	?	7	138	154	6	she	0	0	156	?	she	False	O	False	3	1	1
909	?	7	70	154	7	she	0	152	0	?	she	False	O	False	3	1	0
910	?	7	40	154	8	she	0	132	0	?	she	False	O	False	3	1	0
911	?	7	197	154	10	she	0	0	128	?	she	False	O	False	3	1	1
912	?	7	38	154	11	she	0	140	0	?	she	False	O	False	3	1	0
913	?	7	124	154	12	she	0	0	160	?	she	False	O	False	3	1	1
914	?	7	173	154	13	she	0	160	0	?	she	False	O	False	3	1	0
915	?	7	145	154	14	she	0	164	120	?	she	False	O	False	3	1	0
916	?	7	65	154	15	she	0	140	0	?	she	False	O	False	3	1	0
917	?	7	161	154	16	she	0	176	172	?	she	False	O	False	3	1	0
918	?	7	40	154	17	she	0	148	136	?	she	False	O	False	3	1	0
919	?	7	195	154	18	she	0	164	0	?	she	False	O	False	3	1	0
920	?	7	182	154	19	she	0	84	176	?	she	False	O	False	3	1	0
921	?	7	183	154	20	she	0	0	144	?	she	False	O	False	3	1	1
922	?	7	61	154	21	she	0	176	0	?	she	False	O	False	3	1	0
923	?	7	12	154	22	she	0	0	196	?	she	False	O	False	3	1	1
924	?	7	154	154	23	she	0	0	212	?	she	False	O	False	3	1	1
925	?	7	88	154	24	she	0	0	340	?	she	False	O	False	3	1	1
926	?	7	179	154	25	she	0	152	136	?	she	False	O	False	3	1	0
927	?	7	95	154	27	she	0	0	180	?	she	False	O	False	3	1	1
928	?	7	32	154	28	she	0	336	344	?	she	False	O	False	3	1	0
929	?	7	175	154	29	she	0	212	164	?	she	False	O	False	3	1	0
930	?	7	129	154	30	she	0	448	0	?	she	False	O	False	3	1	0
931	?	7	185	154	31	she	0	0	144	?	she	False	O	False	3	1	1
932	?	7	37	154	32	she	0	0	236	?	she	False	O	False	3	1	1
933	?	7	42	154	33	she	0	160	164	?	she	False	O	False	3	1	0
934	?	7	4	154	34	she	0	144	0	?	she	False	O	False	3	1	0
935	?	7	60	154	35	she	0	204	212	?	she	False	O	False	3	1	0
936	?	7	28	154	36	she	0	152	0	?	she	False	O	False	3	1	0
937	?	7	193	154	37	she	0	164	176	?	she	False	O	False	3	1	0
938	?	7	74	154	38	she	0	192	164	?	she	False	O	False	3	1	0
939	?	7	194	154	39	she	0	136	0	?	she	False	O	False	3	1	0
940	?	7	40	154	40	she	0	136	0	?	she	False	O	False	3	1	0
941	?	7	8	154	41	she	0	0	152	?	she	False	O	False	3	1	1
942	?	7	26	154	42	she	0	168	0	?	she	False	O	False	3	1	0
943	?	7	30	154	43	she	0	0	168	?	she	False	O	False	3	1	1
944	?	6	91	157	1	they	0	172	0	?	they	False	O	True	4	1	0
945	?	6	22	157	2	they	0	0	0	?	they	False	O	True	4	1	1
946	?	6	169	157	3	they	0	152	120	?	they	False	O	True	4	1	0
947	?	6	71	157	4	they	0	156	296	?	they	False	O	True	4	1	0
948	?	6	107	157	5	they	0	0	240	?	they	False	O	True	4	1	1
949	?	6	48	157	6	they	0	160	276	?	they	False	O	True	4	1	0
950	?	6	112	157	7	they	0	128	44	?	they	False	O	True	4	1	0
951	?	6	108	157	8	they	0	0	252	?	they	False	O	True	4	1	1
952	?	6	129	157	10	they	0	144	148	?	they	False	O	True	4	1	0
953	?	6	53	157	11	they	0	208	148	?	they	False	O	True	4	1	0
954	?	6	116	157	12	they	0	176	0	?	they	False	O	True	4	1	0
955	?	6	174	157	13	they	0	0	180	?	they	False	O	True	4	1	1
956	?	6	23	157	14	they	0	444	364	?	they	False	O	True	4	1	0
957	?	6	47	157	15	they	0	0	136	?	they	False	O	True	4	1	1
958	?	6	149	157	16	they	0	320	192	?	they	False	O	True	4	1	0
959	?	6	82	157	17	they	0	0	160	?	they	False	O	True	4	1	1
960	?	6	164	157	18	they	0	168	0	?	they	False	O	True	4	1	0
961	?	6	3	157	19	they	0	188	156	?	they	False	O	True	4	1	0
962	?	6	121	157	20	they	0	0	164	?	they	False	O	True	4	1	1
963	?	6	141	157	21	they	0	0	212	?	they	False	O	True	4	1	1
964	?	6	57	157	22	they	0	176	220	?	they	False	O	True	4	1	0
965	?	6	8	157	23	they	0	172	276	?	they	False	O	True	4	1	0
966	?	6	28	157	24	they	0	0	180	?	they	False	O	True	4	1	1
967	?	6	180	157	25	they	0	260	152	?	they	False	O	True	4	1	0
968	?	6	7	157	27	they	0	228	180	?	they	False	O	True	4	1	0
969	?	6	18	157	28	they	0	196	484	?	they	False	O	True	4	1	0
970	?	6	73	157	29	they	0	0	184	?	they	False	O	True	4	1	1
971	?	6	176	157	30	they	0	252	104	?	they	False	O	True	4	1	0
972	?	6	103	157	31	they	0	172	0	?	they	False	O	True	4	1	0
973	?	6	58	157	32	they	0	196	236	?	they	False	O	True	4	1	0
974	?	6	5	157	33	they	0	152	220	?	they	False	O	True	4	1	0
975	?	6	171	157	34	they	0	0	136	?	they	False	O	True	4	1	1
976	?	6	56	157	35	they	0	136	0	?	they	False	O	True	4	1	0
977	?	6	125	157	36	they	0	0	0	?	they	False	O	True	4	1	1
978	?	6	40	157	37	they	0	292	200	?	they	False	O	True	4	1	0
979	?	6	64	157	38	they	0	276	180	?	they	False	O	True	4	1	0
980	?	6	24	157	39	they	0	0	128	?	they	False	O	True	4	1	1
981	?	6	45	157	40	they	0	168	120	?	they	False	O	True	4	1	0
982	?	6	73	157	41	they	0	168	0	?	they	False	O	True	4	1	0
983	?	6	117	157	42	they	0	164	268	?	they	False	O	True	4	1	0
984	?	6	189	157	43	they	0	0	164	?	they	False	O	True	4	1	1
985	?	10	42	165	1	we	0	0	448	?	we	False	O	False	2	1	1
986	?	10	69	165	2	we	0	168	568	?	we	False	O	False	2	1	0
987	?	10	25	165	3	we	0	156	416	?	we	False	O	False	2	1	0
988	?	10	20	165	4	we	0	0	504	?	we	False	O	False	2	1	1
989	?	10	136	165	5	we	0	64	152	?	we	False	O	False	2	1	0
990	?	10	186	165	6	we	0	0	0	?	we	False	O	False	2	1	1
991	?	10	90	165	7	we	0	0	164	?	we	False	O	False	2	1	1
992	?	10	149	165	8	we	0	244	360	?	we	False	O	False	2	1	0
993	?	10	117	165	10	we	0	0	456	?	we	False	O	False	2	1	1
994	?	10	105	165	11	we	0	132	320	?	we	False	O	False	2	1	0
995	?	10	147	165	12	we	0	216	152	?	we	False	O	False	2	1	0
996	?	10	136	165	13	we	0	0	452	?	we	False	O	False	2	1	1
997	?	10	194	165	14	we	0	404	0	?	we	False	O	False	2	1	0
998	?	10	100	165	15	we	0	0	528	?	we	False	O	False	2	1	1
999	?	10	179	165	16	we	0	208	428	?	we	False	O	False	2	1	0
1000	?	10	86	165	18	we	0	200	160	?	we	False	O	False	2	1	0
1001	?	10	171	165	19	we	0	0	184	?	we	False	O	False	2	1	1
1002	?	10	2	165	20	we	0	0	180	?	we	False	O	False	2	1	1
1003	?	10	191	165	21	we	0	0	640	?	we	False	O	False	2	1	1
1004	?	10	193	165	22	we	0	0	540	?	we	False	O	False	2	1	1
1005	?	10	142	165	23	we	0	0	516	?	we	False	O	False	2	1	1
1006	?	10	7	165	24	we	0	0	284	?	we	False	O	False	2	1	1
1007	?	10	74	165	25	we	0	0	224	?	we	False	O	False	2	1	1
1008	?	10	126	165	27	we	0	0	432	?	we	False	O	False	2	1	1
1009	?	10	169	165	28	we	0	336	488	?	we	False	O	False	2	1	0
1010	?	10	103	165	29	we	0	288	324	?	we	False	O	False	2	1	0
1011	?	10	160	165	30	we	0	0	272	?	we	False	O	False	2	1	1
1012	?	10	23	165	31	we	0	0	140	?	we	False	O	False	2	1	1
1013	?	10	56	165	32	we	0	240	488	?	we	False	O	False	2	1	0
1014	?	10	169	165	33	we	0	0	444	?	we	False	O	False	2	1	1
1015	?	10	41	165	34	we	0	188	244	?	we	False	O	False	2	1	0
1016	?	10	197	165	35	we	0	0	196	?	we	False	O	False	2	1	1
1017	?	10	155	165	36	we	0	0	0	?	we	False	O	False	2	1	1
1018	?	10	174	165	37	we	0	0	448	?	we	False	O	False	2	1	1
1019	?	10	70	165	38	we	0	192	0	?	we	False	O	False	2	1	0
1020	?	10	145	165	39	we	0	0	264	?	we	False	O	False	2	1	1
1021	?	10	117	165	40	we	0	0	256	?	we	False	O	False	2	1	1
1022	?	10	166	165	41	we	0	0	176	?	we	False	O	False	2	1	1
1023	?	10	25	165	42	we	0	248	172	?	we	False	O	False	2	1	0
1024	?	10	18	165	43	we	0	156	332	?	we	False	O	False	2	1	0
1025	?	2	173	169	1	us	0	0	368	?	us	False	O	False	2	0	1
1026	?	2	131	169	2	us	0	0	204	?	us	False	O	False	2	0	1
1027	?	2	188	169	3	us	0	452	156	?	us	False	O	False	2	0	0
1028	?	2	72	169	4	us	0	0	276	?	us	False	O	False	2	0	1
1029	?	2	23	169	5	us	0	0	0	?	us	False	O	False	2	0	1
1030	?	2	56	169	6	us	0	0	132	?	us	False	O	False	2	0	1
1031	?	2	138	169	7	us	0	216	0	?	us	False	O	False	2	0	0
1032	?	2	47	169	8	us	0	428	156	?	us	False	O	False	2	0	0
1033	?	2	53	169	10	us	0	124	340	?	us	False	O	False	2	0	0
1034	?	2	20	169	11	us	0	128	0	?	us	False	O	False	2	0	0
1035	?	2	174	169	12	us	0	216	520	?	us	False	O	False	2	0	0
1036	?	2	2	169	13	us	0	0	232	?	us	False	O	False	2	0	1
1037	?	2	12	169	14	us	0	0	0	?	us	False	O	False	2	0	1
1038	?	2	23	169	15	us	0	0	0	?	us	False	O	False	2	0	1
1039	?	2	198	169	16	us	0	0	196	?	us	False	O	False	2	0	1
1040	?	2	28	169	17	us	0	344	0	?	us	False	O	False	2	0	0
1041	?	2	154	169	18	us	0	0	136	?	us	False	O	False	2	0	1
1042	?	2	30	169	19	us	0	332	148	?	us	False	O	False	2	0	0
1043	?	2	86	169	20	us	0	0	140	?	us	False	O	False	2	0	1
1044	?	2	3	169	21	us	0	200	172	?	us	False	O	False	2	0	0
1045	?	2	155	169	22	us	0	400	328	?	us	False	O	False	2	0	0
1046	?	2	116	169	23	us	0	232	156	?	us	False	O	False	2	0	0
1047	?	2	46	169	24	us	0	468	292	?	us	False	O	False	2	0	0
1048	?	2	144	169	25	us	0	0	232	?	us	False	O	False	2	0	1
1049	?	2	8	169	27	us	0	0	112	?	us	False	O	False	2	0	1
1050	?	2	177	169	28	us	0	0	232	?	us	False	O	False	2	0	1
1051	?	2	91	169	29	us	0	268	196	?	us	False	O	False	2	0	0
1052	?	2	17	169	30	us	0	260	192	?	us	False	O	False	2	0	0
1053	?	2	172	169	31	us	0	0	160	?	us	False	O	False	2	0	1
1054	?	2	59	169	32	us	0	180	208	?	us	False	O	False	2	0	0
1055	?	2	97	169	33	us	0	584	116	?	us	False	O	False	2	0	0
1056	?	2	107	169	34	us	0	252	204	?	us	False	O	False	2	0	0
1057	?	2	147	169	35	us	0	0	204	?	us	False	O	False	2	0	1
1058	?	2	52	169	36	us	0	0	256	?	us	False	O	False	2	0	1
1059	?	2	20	169	37	us	0	0	104	?	us	False	O	False	2	0	1
1060	?	2	39	169	38	us	0	292	176	?	us	False	O	False	2	0	0
1061	?	2	43	169	39	us	0	0	0	?	us	False	O	False	2	0	1
1062	?	2	55	169	40	us	0	0	0	?	us	False	O	False	2	0	1
1063	?	2	34	169	41	us	0	0	340	?	us	False	O	False	2	0	1
1064	?	2	196	169	42	us	0	296	112	?	us	False	O	False	2	0	0
1065	?	2	150	169	43	us	0	0	244	?	us	False	O	False	2	0	1
1066	?	3	185	172	1	they	0	244	236	?	they	False	O	True	4	0	0
1067	?	3	178	172	2	they	0	152	84	?	they	False	O	True	4	0	0
1068	?	3	111	172	3	they	0	380	172	?	they	False	O	True	4	0	0
1069	?	3	99	172	4	they	0	0	404	?	they	False	O	True	4	0	1
1070	?	3	179	172	5	they	0	232	248	?	they	False	O	True	4	0	0
1071	?	3	169	172	6	they	0	0	112	?	they	False	O	True	4	0	1
1072	?	3	128	172	7	they	0	104	176	?	they	False	O	True	4	0	0
1073	?	3	186	172	8	they	0	144	172	?	they	False	O	True	4	0	0
1074	?	3	172	172	10	they	0	120	136	?	they	False	O	True	4	0	0
1075	?	3	47	172	11	they	0	160	172	?	they	False	O	True	4	0	0
1076	?	3	103	172	12	they	0	144	296	?	they	False	O	True	4	0	0
1077	?	3	168	172	13	they	0	88	136	?	they	False	O	True	4	0	0
1078	?	3	5	172	14	they	0	0	332	?	they	False	O	True	4	0	1
1079	?	3	81	172	15	they	0	0	152	?	they	False	O	True	4	0	1
1080	?	3	153	172	16	they	0	192	352	?	they	False	O	True	4	0	0
1081	?	3	96	172	17	they	0	0	348	?	they	False	O	True	4	0	1
1082	?	3	1	172	18	they	0	172	0	?	they	False	O	True	4	0	0
1083	?	3	14	172	19	they	0	164	124	?	they	False	O	True	4	0	0
1084	?	3	182	172	20	they	0	332	160	?	they	False	O	True	4	0	0
1085	?	3	197	172	21	they	0	232	136	?	they	False	O	True	4	0	0
1086	?	3	161	172	22	they	0	252	284	?	they	False	O	True	4	0	0
1087	?	3	163	172	23	they	0	136	376	?	they	False	O	True	4	0	0
1088	?	3	130	172	24	they	0	192	168	?	they	False	O	True	4	0	0
1089	?	3	143	172	25	they	0	136	260	?	they	False	O	True	4	0	0
1090	?	3	109	172	27	they	0	184	320	?	they	False	O	True	4	0	0
1091	?	3	198	172	28	they	0	236	260	?	they	False	O	True	4	0	0
1092	?	3	61	172	29	they	0	0	228	?	they	False	O	True	4	0	1
1093	?	3	121	172	30	they	0	256	560	?	they	False	O	True	4	0	0
1094	?	3	77	172	31	they	0	196	192	?	they	False	O	True	4	0	0
1095	?	3	46	172	32	they	0	260	180	?	they	False	O	True	4	0	0
1096	?	3	58	172	33	they	0	152	200	?	they	False	O	True	4	0	0
1097	?	3	64	172	34	they	0	212	168	?	they	False	O	True	4	0	0
1098	?	3	47	172	35	they	0	272	196	?	they	False	O	True	4	0	0
1099	?	3	64	172	36	they	0	0	132	?	they	False	O	True	4	0	1
1100	?	3	6	172	37	they	0	124	272	?	they	False	O	True	4	0	0
1101	?	3	7	172	38	they	0	204	172	?	they	False	O	True	4	0	0
1102	?	3	199	172	39	they	0	164	276	?	they	False	O	True	4	0	0
1103	?	3	93	172	40	they	0	0	0	?	they	False	O	True	4	0	1
1104	?	3	93	172	41	they	0	0	0	?	they	False	O	True	4	0	1
1105	?	3	27	172	42	they	0	0	0	?	they	False	O	True	4	0	1
1106	?	3	152	172	43	they	0	0	288	?	they	False	O	True	4	0	1
1107	?	9	78	174	1	it	0	0	216	?	it	False	O	False	2	0	1
1108	?	9	160	174	2	it	0	132	196	?	it	False	O	False	2	0	0
1109	?	9	175	174	3	it	0	0	160	?	it	False	O	False	2	0	1
1110	?	9	149	174	4	it	0	0	228	?	it	False	O	False	2	0	1
1111	?	9	143	174	5	it	0	152	0	?	it	False	O	False	2	0	0
1112	?	9	117	174	6	it	0	0	204	?	it	False	O	False	2	0	1
1113	?	9	64	174	7	it	0	0	188	?	it	False	O	False	2	0	1
1114	?	9	131	174	8	it	0	140	232	?	it	False	O	False	2	0	0
1115	?	9	21	174	9	it	0	156	216	?	it	False	O	False	2	0	0
1116	?	9	45	174	10	it	0	0	260	?	it	False	O	False	2	0	1
1117	?	9	81	174	11	it	0	0	196	?	it	False	O	False	2	0	1
1118	?	9	16	174	12	it	0	0	0	?	it	False	O	False	2	0	1
1119	?	9	66	174	13	it	0	316	504	?	it	False	O	False	2	0	0
1120	?	9	129	174	14	it	0	304	228	?	it	False	O	False	2	0	0
1121	?	9	110	174	15	it	0	0	236	?	it	False	O	False	2	0	1
1122	?	9	101	174	16	it	0	260	68	?	it	False	O	False	2	0	0
1123	?	9	132	174	17	it	0	0	560	?	it	False	O	False	2	0	1
1124	?	9	161	174	18	it	0	0	304	?	it	False	O	False	2	0	1
1125	?	9	65	174	19	it	0	0	228	?	it	False	O	False	2	0	1
1126	?	9	129	174	20	it	0	0	0	?	it	False	O	False	2	0	1
1127	?	9	183	174	21	it	0	200	144	?	it	False	O	False	2	0	0
1128	?	9	205	174	22	it	0	0	388	?	it	False	O	False	2	0	1
1129	?	9	147	174	23	it	0	0	344	?	it	False	O	False	2	0	1
1130	?	9	134	174	24	it	0	160	0	?	it	False	O	False	2	0	0
1131	?	9	23	174	25	it	0	0	476	?	it	False	O	False	2	0	1
1132	?	9	148	174	27	it	0	0	288	?	it	False	O	False	2	0	1
1133	?	9	62	174	28	it	0	0	184	?	it	False	O	False	2	0	1
1134	?	9	93	174	29	it	0	0	212	?	it	False	O	False	2	0	1
1135	?	9	15	174	30	it	0	140	432	?	it	False	O	False	2	0	0
1136	?	9	114	174	31	it	0	160	0	?	it	False	O	False	2	0	0
1137	?	9	195	174	32	it	0	0	160	?	it	False	O	False	2	0	1
1138	?	9	132	174	33	it	0	148	404	?	it	False	O	False	2	0	0
1139	?	9	53	174	34	it	0	0	136	?	it	False	O	False	2	0	1
1140	?	9	72	174	35	it	0	140	156	?	it	False	O	False	2	0	0
1141	?	9	151	174	36	it	0	0	0	?	it	False	O	False	2	0	1
1142	?	9	69	174	37	it	0	0	720	?	it	False	O	False	2	0	1
1143	?	9	41	174	38	it	0	0	424	?	it	False	O	False	2	0	1
1144	?	9	72	174	39	it	0	0	232	?	it	False	O	False	2	0	1
1145	?	9	62	174	40	it	0	0	156	?	it	False	O	False	2	0	1
1146	?	9	158	174	41	it	0	156	0	?	it	False	O	False	2	0	0
1147	?	9	121	174	42	it	0	120	0	?	it	False	O	False	2	0	0
1148	?	9	24	174	43	it	0	0	120	?	it	False	O	False	2	0	1
1149	?	7	177	175	1	this	0	0	300	?	this	False	O	False	4	1	1
1150	?	7	135	175	2	this	0	132	72	?	this	False	O	False	4	1	0
1151	?	7	110	175	3	this	0	352	156	?	this	False	O	False	4	1	0
1152	?	7	115	175	4	this	0	192	448	?	this	False	O	False	4	1	0
1153	?	7	119	175	5	this	0	132	236	?	this	False	O	False	4	1	0
1154	?	7	76	175	6	this	0	0	284	?	this	False	O	False	4	1	1
1155	?	7	191	175	7	this	0	152	276	?	this	False	O	False	4	1	0
1156	?	7	171	175	8	this	0	300	192	?	this	False	O	False	4	1	0
1157	?	7	162	175	10	this	0	0	396	?	this	False	O	False	4	1	1
1158	?	7	83	175	11	this	0	132	168	?	this	False	O	False	4	1	0
1159	?	7	7	175	12	this	0	196	264	?	this	False	O	False	4	1	0
1160	?	7	22	175	13	this	0	264	396	?	this	False	O	False	4	1	0
1161	?	7	162	175	14	this	0	276	160	?	this	False	O	False	4	1	0
1162	?	7	141	175	15	this	0	0	0	?	this	False	O	False	4	1	1
1163	?	7	53	175	16	this	0	184	120	?	this	False	O	False	4	1	0
1164	?	7	56	175	17	this	0	0	0	?	this	False	O	False	4	1	1
1165	?	7	128	175	18	this	0	252	0	?	this	False	O	False	4	1	0
1166	?	7	163	175	19	this	0	300	0	?	this	False	O	False	4	1	0
1167	?	7	10	175	20	this	0	0	320	?	this	False	O	False	4	1	1
1168	?	7	54	175	21	this	0	92	0	?	this	False	O	False	4	1	0
1169	?	7	163	175	22	this	0	1136	216	?	this	False	O	False	4	1	0
1170	?	7	19	175	23	this	0	424	124	?	this	False	O	False	4	1	0
1171	?	7	192	175	24	this	0	204	136	?	this	False	O	False	4	1	0
1172	?	7	153	175	25	this	0	212	120	?	this	False	O	False	4	1	0
1173	?	7	124	175	27	this	0	256	316	?	this	False	O	False	4	1	0
1174	?	7	71	175	28	this	0	212	132	?	this	False	O	False	4	1	0
1175	?	7	88	175	29	this	0	0	480	?	this	False	O	False	4	1	1
1176	?	7	52	175	30	this	0	696	408	?	this	False	O	False	4	1	0
1177	?	7	106	175	31	this	0	356	0	?	this	False	O	False	4	1	0
1178	?	7	137	175	32	this	0	696	216	?	this	False	O	False	4	1	0
1179	?	7	124	175	33	this	0	452	156	?	this	False	O	False	4	1	0
1180	?	7	84	175	34	this	0	172	288	?	this	False	O	False	4	1	0
1181	?	7	84	175	35	this	0	252	0	?	this	False	O	False	4	1	0
1182	?	7	30	175	36	this	0	0	168	?	this	False	O	False	4	1	1
1183	?	7	136	175	37	this	0	128	0	?	this	False	O	False	4	1	0
1184	?	7	71	175	38	this	0	120	0	?	this	False	O	False	4	1	0
1185	?	7	118	175	39	this	0	0	268	?	this	False	O	False	4	1	1
1186	?	7	24	175	40	this	0	176	0	?	this	False	O	False	4	1	0
1187	?	7	42	175	41	this	0	256	0	?	this	False	O	False	4	1	0
1188	?	7	142	175	42	this	0	140	0	?	this	False	O	False	4	1	0
1189	?	7	58	175	43	this	0	0	276	?	this	False	O	False	4	1	1
1190	?	6	7	176	1	her	0	280	196	?	her	False	O	False	3	0	0
1191	?	6	151	176	2	her	0	288	0	?	her	False	O	False	3	0	0
1192	?	6	51	176	3	her	0	572	0	?	her	False	O	False	3	0	0
1193	?	6	15	176	4	her	0	192	152	?	her	False	O	False	3	0	0
1194	?	6	63	176	5	her	0	212	228	?	her	False	O	False	3	0	0
1195	?	6	28	176	6	her	0	0	188	?	her	False	O	False	3	0	1
1196	?	6	117	176	7	her	0	0	136	?	her	False	O	False	3	0	1
1197	?	6	87	176	8	her	0	256	140	?	her	False	O	False	3	0	0
1198	?	6	13	176	9	her	0	252	164	?	her	False	O	False	3	0	0
1199	?	6	85	176	10	her	0	140	0	?	her	False	O	False	3	0	0
1200	?	6	127	176	11	her	0	208	116	?	her	False	O	False	3	0	0
1201	?	6	173	176	12	her	0	264	244	?	her	False	O	False	3	0	0
1202	?	6	203	176	13	her	0	260	0	?	her	False	O	False	3	0	0
1203	?	6	148	176	14	her	0	296	164	?	her	False	O	False	3	0	0
1204	?	6	69	176	15	her	0	0	384	?	her	False	O	False	3	0	1
1205	?	6	92	176	16	her	0	416	328	?	her	False	O	False	3	0	0
1206	?	6	156	176	17	her	0	320	244	?	her	False	O	False	3	0	0
1207	?	6	199	176	18	her	0	136	0	?	her	False	O	False	3	0	0
1208	?	6	84	176	19	her	0	232	140	?	her	False	O	False	3	0	0
1209	?	6	126	176	20	her	0	140	280	?	her	False	O	False	3	0	0
1210	?	6	22	176	21	her	0	324	140	?	her	False	O	False	3	0	0
1211	?	6	7	176	22	her	0	200	432	?	her	False	O	False	3	0	0
1212	?	6	35	176	23	her	0	396	264	?	her	False	O	False	3	0	0
1213	?	6	11	176	24	her	0	404	112	?	her	False	O	False	3	0	0
1214	?	6	137	176	25	her	0	180	208	?	her	False	O	False	3	0	0
1215	?	6	46	176	27	her	0	444	336	?	her	False	O	False	3	0	0
1216	?	6	74	176	28	her	0	144	280	?	her	False	O	False	3	0	0
1217	?	6	68	176	29	her	0	192	192	?	her	False	O	False	3	0	0
1218	?	6	48	176	30	her	0	0	0	?	her	False	O	False	3	0	1
1219	?	6	115	176	31	her	0	0	196	?	her	False	O	False	3	0	1
1220	?	6	108	176	32	her	0	372	328	?	her	False	O	False	3	0	0
1221	?	6	141	176	33	her	0	224	400	?	her	False	O	False	3	0	0
1222	?	6	45	176	34	her	0	496	340	?	her	False	O	False	3	0	0
1223	?	6	96	176	35	her	0	160	232	?	her	False	O	False	3	0	0
1224	?	6	6	176	36	her	0	0	312	?	her	False	O	False	3	0	1
1225	?	6	182	176	37	her	0	192	192	?	her	False	O	False	3	0	0
1226	?	6	203	176	38	her	0	0	0	?	her	False	O	False	3	0	1
1227	?	6	200	176	39	her	0	156	180	?	her	False	O	False	3	0	0
1228	?	6	31	176	40	her	0	276	180	?	her	False	O	False	3	0	0
1229	?	6	102	176	41	her	0	176	320	?	her	False	O	False	3	0	0
1230	?	6	153	176	42	her	0	224	180	?	her	False	O	False	3	0	0
1231	?	6	75	176	43	her	0	260	0	?	her	False	O	False	3	0	0
1232	?	4	76	186	1	we	0	260	0	?	we	False	O	False	2	0	0
1233	?	4	118	186	2	we	0	0	220	?	we	False	O	False	2	0	1
1234	?	4	93	186	3	we	0	216	148	?	we	False	O	False	2	0	0
1235	?	4	188	186	4	we	0	0	296	?	we	False	O	False	2	0	1
1236	?	4	189	186	5	we	0	288	0	?	we	False	O	False	2	0	0
1237	?	4	1	186	6	we	0	132	272	?	we	False	O	False	2	0	0
1238	?	4	43	186	7	we	0	76	208	?	we	False	O	False	2	0	0
1239	?	4	182	186	8	we	0	0	212	?	we	False	O	False	2	0	1
1240	?	4	94	186	10	we	0	196	128	?	we	False	O	False	2	0	0
1241	?	4	15	186	11	we	0	148	160	?	we	False	O	False	2	0	0
1242	?	4	47	186	12	we	0	0	260	?	we	False	O	False	2	0	1
1243	?	4	166	186	13	we	0	272	0	?	we	False	O	False	2	0	0
1244	?	4	66	186	14	we	0	0	188	?	we	False	O	False	2	0	1
1245	?	4	157	186	15	we	0	0	156	?	we	False	O	False	2	0	1
1246	?	4	91	186	16	we	0	0	144	?	we	False	O	False	2	0	1
1247	?	4	43	186	17	we	0	0	216	?	we	False	O	False	2	0	1
1248	?	4	29	186	18	we	0	200	0	?	we	False	O	False	2	0	0
1249	?	4	125	186	19	we	0	0	0	?	we	False	O	False	2	0	1
1250	?	4	202	186	20	we	0	0	128	?	we	False	O	False	2	0	1
1251	?	4	37	186	21	we	0	0	64	?	we	False	O	False	2	0	1
1252	?	4	48	186	22	we	0	0	216	?	we	False	O	False	2	0	1
1253	?	4	39	186	23	we	0	0	420	?	we	False	O	False	2	0	1
1254	?	4	165	186	24	we	0	0	156	?	we	False	O	False	2	0	1
1255	?	4	123	186	25	we	0	0	288	?	we	False	O	False	2	0	1
1256	?	4	53	186	27	we	0	0	136	?	we	False	O	False	2	0	1
1257	?	4	196	186	28	we	0	0	220	?	we	False	O	False	2	0	1
1258	?	4	190	186	29	we	0	0	232	?	we	False	O	False	2	0	1
1259	?	4	148	186	30	we	0	336	184	?	we	False	O	False	2	0	0
1260	?	4	156	186	31	we	0	0	188	?	we	False	O	False	2	0	1
1261	?	4	4	186	32	we	0	0	248	?	we	False	O	False	2	0	1
1262	?	4	195	186	33	we	0	0	0	?	we	False	O	False	2	0	1
1263	?	4	198	186	34	we	0	0	0	?	we	False	O	False	2	0	1
1264	?	4	8	186	35	we	0	0	160	?	we	False	O	False	2	0	1
1265	?	4	68	186	36	we	0	0	224	?	we	False	O	False	2	0	1
1266	?	4	43	186	37	we	0	0	168	?	we	False	O	False	2	0	1
1267	?	4	163	186	38	we	0	0	252	?	we	False	O	False	2	0	1
1268	?	4	98	186	39	we	0	0	0	?	we	False	O	False	2	0	1
1269	?	4	146	186	40	we	0	0	180	?	we	False	O	False	2	0	1
1270	?	4	134	186	41	we	0	124	144	?	we	False	O	False	2	0	0
1271	?	4	34	186	42	we	0	0	144	?	we	False	O	False	2	0	1
1272	?	4	101	186	43	we	0	116	276	?	we	False	O	False	2	0	0
1273	?	6	76	186	1	this	0	192	204	?	this	False	O	False	4	1	0
1274	?	6	118	186	2	this	0	192	136	?	this	False	O	False	4	1	0
1275	?	6	93	186	3	this	0	344	168	?	this	False	O	False	4	1	0
1276	?	6	188	186	4	this	0	172	144	?	this	False	O	False	4	1	0
1277	?	6	189	186	5	this	0	192	260	?	this	False	O	False	4	1	0
1278	?	6	1	186	6	this	0	0	172	?	this	False	O	False	4	1	1
1279	?	6	43	186	7	this	0	128	0	?	this	False	O	False	4	1	0
1280	?	6	182	186	8	this	0	228	164	?	this	False	O	False	4	1	0
1281	?	6	94	186	10	this	0	0	332	?	this	False	O	False	4	1	1
1282	?	6	15	186	11	this	0	236	136	?	this	False	O	False	4	1	0
1283	?	6	47	186	12	this	0	240	132	?	this	False	O	False	4	1	0
1284	?	6	166	186	13	this	0	220	148	?	this	False	O	False	4	1	0
1285	?	6	66	186	14	this	0	0	284	?	this	False	O	False	4	1	1
1286	?	6	157	186	15	this	0	0	204	?	this	False	O	False	4	1	1
1287	?	6	91	186	16	this	0	304	268	?	this	False	O	False	4	1	0
1288	?	6	43	186	17	this	0	0	256	?	this	False	O	False	4	1	1
1289	?	6	29	186	18	this	0	336	0	?	this	False	O	False	4	1	0
1290	?	6	125	186	19	this	0	20	192	?	this	False	O	False	4	1	0
1291	?	6	202	186	20	this	0	0	268	?	this	False	O	False	4	1	1
1292	?	6	37	186	21	this	0	172	176	?	this	False	O	False	4	1	0
1293	?	6	48	186	22	this	0	240	212	?	this	False	O	False	4	1	0
1294	?	6	39	186	23	this	0	196	224	?	this	False	O	False	4	1	0
1295	?	6	165	186	24	this	0	312	0	?	this	False	O	False	4	1	0
1296	?	6	123	186	25	this	0	0	328	?	this	False	O	False	4	1	1
1297	?	6	53	186	27	this	0	0	100	?	this	False	O	False	4	1	1
1298	?	6	196	186	28	this	0	392	156	?	this	False	O	False	4	1	0
1299	?	6	190	186	29	this	0	0	248	?	this	False	O	False	4	1	1
1300	?	6	148	186	30	this	0	288	476	?	this	False	O	False	4	1	0
1301	?	6	156	186	31	this	0	0	440	?	this	False	O	False	4	1	1
1302	?	6	4	186	32	this	0	240	308	?	this	False	O	False	4	1	0
1303	?	6	195	186	33	this	0	284	116	?	this	False	O	False	4	1	0
1304	?	6	198	186	34	this	0	172	268	?	this	False	O	False	4	1	0
1305	?	6	8	186	35	this	0	204	0	?	this	False	O	False	4	1	0
1306	?	6	68	186	36	this	0	0	184	?	this	False	O	False	4	1	1
1307	?	6	43	186	37	this	0	288	224	?	this	False	O	False	4	1	0
1308	?	6	163	186	38	this	0	0	320	?	this	False	O	False	4	1	1
1309	?	6	98	186	39	this	0	16	100	?	this	False	O	False	4	1	0
1310	?	6	146	186	40	this	0	0	172	?	this	False	O	False	4	1	1
1311	?	6	134	186	41	this	0	0	256	?	this	False	O	False	4	1	1
1312	?	6	34	186	42	this	0	316	128	?	this	False	O	False	4	1	0
1313	?	6	101	186	43	this	0	252	0	?	this	False	O	False	4	1	0
1314	?	12	132	192	1	this	0	144	484	?	this	False	O	False	4	0	0
1315	?	12	45	192	2	this	0	0	332	?	this	False	O	False	4	0	1
1316	?	12	163	192	3	this	0	164	0	?	this	False	O	False	4	0	0
1317	?	12	16	192	4	this	0	144	276	?	this	False	O	False	4	0	0
1318	?	12	28	192	5	this	0	216	0	?	this	False	O	False	4	0	0
1319	?	12	153	192	6	this	0	316	124	?	this	False	O	False	4	0	0
1320	?	12	57	192	7	this	0	0	228	?	this	False	O	False	4	0	1
1321	?	12	169	192	8	this	0	240	172	?	this	False	O	False	4	0	0
1322	?	12	25	192	9	this	0	0	384	?	this	False	O	False	4	0	1
1323	?	12	99	192	10	this	0	352	0	?	this	False	O	False	4	0	0
1324	?	12	88	192	11	this	0	188	236	?	this	False	O	False	4	0	0
1325	?	12	89	192	12	this	0	280	104	?	this	False	O	False	4	0	0
1326	?	12	158	192	13	this	0	184	628	?	this	False	O	False	4	0	0
1327	?	12	56	192	14	this	0	0	260	?	this	False	O	False	4	0	1
1328	?	12	9	192	15	this	0	264	60	?	this	False	O	False	4	0	0
1329	?	12	172	192	16	this	0	272	864	?	this	False	O	False	4	0	0
1330	?	12	71	192	17	this	0	360	0	?	this	False	O	False	4	0	0
1331	?	12	82	192	18	this	0	216	0	?	this	False	O	False	4	0	0
1332	?	12	116	192	19	this	0	328	0	?	this	False	O	False	4	0	0
1333	?	12	34	192	20	this	0	208	260	?	this	False	O	False	4	0	0
1334	?	12	26	192	21	this	0	0	212	?	this	False	O	False	4	0	1
1335	?	12	110	192	22	this	0	252	156	?	this	False	O	False	4	0	0
1336	?	12	76	192	23	this	0	228	500	?	this	False	O	False	4	0	0
1337	?	12	123	192	24	this	0	0	176	?	this	False	O	False	4	0	1
1338	?	12	68	192	25	this	0	0	188	?	this	False	O	False	4	0	1
1339	?	12	196	192	27	this	0	528	268	?	this	False	O	False	4	0	0
1340	?	12	131	192	28	this	0	160	0	?	this	False	O	False	4	0	0
1341	?	12	152	192	29	this	0	0	384	?	this	False	O	False	4	0	1
1342	?	12	89	192	30	this	0	248	112	?	this	False	O	False	4	0	0
1343	?	12	95	192	31	this	0	160	0	?	this	False	O	False	4	0	0
1344	?	12	167	192	32	this	0	204	116	?	this	False	O	False	4	0	0
1345	?	12	164	192	33	this	0	152	260	?	this	False	O	False	4	0	0
1346	?	12	68	192	34	this	0	192	148	?	this	False	O	False	4	0	0
1347	?	12	42	192	35	this	0	204	180	?	this	False	O	False	4	0	0
1348	?	12	198	192	36	this	0	164	0	?	this	False	O	False	4	0	0
1349	?	12	86	192	37	this	0	312	192	?	this	False	O	False	4	0	0
1350	?	12	37	192	38	this	0	196	164	?	this	False	O	False	4	0	0
1351	?	12	186	192	39	this	0	0	176	?	this	False	O	False	4	0	1
1352	?	12	1	192	40	this	0	296	172	?	this	False	O	False	4	0	0
1353	?	12	91	192	41	this	0	180	228	?	this	False	O	False	4	0	0
1354	?	12	156	192	42	this	0	320	0	?	this	False	O	False	4	0	0
1355	?	12	55	192	43	this	0	640	0	?	this	False	O	False	4	0	0
1356	?	7	103	193	1	they	0	0	168	?	they	False	O	True	4	0	1
1357	?	7	142	193	2	they	0	132	136	?	they	False	O	True	4	0	0
1358	?	7	158	193	3	they	0	140	228	?	they	False	O	True	4	0	0
1359	?	7	66	193	4	they	0	172	0	?	they	False	O	True	4	0	0
1360	?	7	76	193	5	they	0	0	180	?	they	False	O	True	4	0	1
1361	?	7	44	193	6	they	0	160	0	?	they	False	O	True	4	0	0
1362	?	7	89	193	7	they	0	220	136	?	they	False	O	True	4	0	0
1363	?	7	63	193	8	they	0	172	156	?	they	False	O	True	4	0	0
1364	?	7	37	193	10	they	0	88	164	?	they	False	O	True	4	0	0
1365	?	7	2	193	11	they	0	0	264	?	they	False	O	True	4	0	1
1366	?	7	1	193	12	they	0	104	0	?	they	False	O	True	4	0	0
1367	?	7	70	193	13	they	0	200	140	?	they	False	O	True	4	0	0
1368	?	7	97	193	14	they	0	0	340	?	they	False	O	True	4	0	1
1369	?	7	85	193	15	they	0	176	0	?	they	False	O	True	4	0	0
1370	?	7	155	193	16	they	0	264	232	?	they	False	O	True	4	0	0
1371	?	7	33	193	17	they	0	176	144	?	they	False	O	True	4	0	0
1372	?	7	32	193	18	they	0	0	224	?	they	False	O	True	4	0	1
1373	?	7	23	193	19	they	0	96	188	?	they	False	O	True	4	0	0
1374	?	7	72	193	20	they	0	0	200	?	they	False	O	True	4	0	1
1375	?	7	57	193	21	they	0	208	132	?	they	False	O	True	4	0	0
1376	?	7	129	193	22	they	0	224	236	?	they	False	O	True	4	0	0
1377	?	7	13	193	23	they	0	500	212	?	they	False	O	True	4	0	0
1378	?	7	162	193	24	they	0	92	244	?	they	False	O	True	4	0	0
1379	?	7	8	193	25	they	0	0	196	?	they	False	O	True	4	0	1
1380	?	7	163	193	27	they	0	172	236	?	they	False	O	True	4	0	0
1381	?	7	202	193	28	they	0	336	0	?	they	False	O	True	4	0	0
1382	?	7	192	193	29	they	0	200	136	?	they	False	O	True	4	0	0
1383	?	7	86	193	30	they	0	220	252	?	they	False	O	True	4	0	0
1384	?	7	82	193	31	they	0	152	0	?	they	False	O	True	4	0	0
1385	?	7	106	193	32	they	0	336	244	?	they	False	O	True	4	0	0
1386	?	7	91	193	33	they	0	168	276	?	they	False	O	True	4	0	0
1387	?	7	87	193	34	they	0	192	156	?	they	False	O	True	4	0	0
1388	?	7	121	193	35	they	0	196	0	?	they	False	O	True	4	0	0
1389	?	7	85	193	36	they	0	0	200	?	they	False	O	True	4	0	1
1390	?	7	130	193	37	they	0	172	192	?	they	False	O	True	4	0	0
1391	?	7	47	193	38	they	0	216	0	?	they	False	O	True	4	0	0
1392	?	7	29	193	39	they	0	0	0	?	they	False	O	True	4	0	1
1393	?	7	76	193	40	they	0	0	128	?	they	False	O	True	4	0	1
1394	?	7	78	193	41	they	0	0	96	?	they	False	O	True	4	0	1
1395	?	7	113	193	42	they	0	132	0	?	they	False	O	True	4	0	0
1396	?	7	1	193	43	they	0	0	256	?	they	False	O	True	4	0	1
1397	?	4	69	201	1	she	0	284	392	?	she	False	O	False	3	0	0
1398	?	4	77	201	2	she	0	144	148	?	she	False	O	False	3	0	0
1399	?	4	203	201	3	she	0	188	232	?	she	False	O	False	3	0	0
1400	?	4	113	201	4	she	0	0	332	?	she	False	O	False	3	0	1
1401	?	4	150	201	5	she	0	420	228	?	she	False	O	False	3	0	0
1402	?	4	7	201	6	she	0	132	224	?	she	False	O	False	3	0	0
1403	?	4	193	201	7	she	0	148	136	?	she	False	O	False	3	0	0
1404	?	4	72	201	8	she	0	148	148	?	she	False	O	False	3	0	0
1405	?	4	13	201	10	she	0	0	0	?	she	False	O	False	3	0	1
1406	?	4	204	201	11	she	0	184	128	?	she	False	O	False	3	0	0
1407	?	4	167	201	12	she	0	0	144	?	she	False	O	False	3	0	1
1408	?	4	38	201	13	she	0	168	0	?	she	False	O	False	3	0	0
1409	?	4	108	201	14	she	0	168	204	?	she	False	O	False	3	0	0
1410	?	4	66	201	15	she	0	0	180	?	she	False	O	False	3	0	1
1411	?	4	85	201	16	she	0	204	400	?	she	False	O	False	3	0	0
1412	?	4	11	201	17	she	0	204	268	?	she	False	O	False	3	0	0
1413	?	4	13	201	18	she	0	464	168	?	she	False	O	False	3	0	0
1414	?	4	179	201	19	she	0	208	120	?	she	False	O	False	3	0	0
1415	?	4	148	201	20	she	0	0	144	?	she	False	O	False	3	0	1
1416	?	4	135	201	21	she	0	120	204	?	she	False	O	False	3	0	0
1417	?	4	8	201	22	she	0	328	248	?	she	False	O	False	3	0	0
1418	?	4	203	201	23	she	0	0	476	?	she	False	O	False	3	0	1
1419	?	4	48	201	24	she	0	276	136	?	she	False	O	False	3	0	0
1420	?	4	139	201	25	she	0	152	220	?	she	False	O	False	3	0	0
1421	?	4	58	201	27	she	0	208	136	?	she	False	O	False	3	0	0
1422	?	4	199	201	28	she	0	156	164	?	she	False	O	False	3	0	0
1423	?	4	107	201	29	she	0	0	388	?	she	False	O	False	3	0	1
1424	?	4	96	201	30	she	0	268	228	?	she	False	O	False	3	0	0
1425	?	4	31	201	31	she	0	0	140	?	she	False	O	False	3	0	1
1426	?	4	32	201	32	she	0	200	232	?	she	False	O	False	3	0	0
1427	?	4	32	201	33	she	0	176	84	?	she	False	O	False	3	0	0
1428	?	4	61	201	34	she	0	236	180	?	she	False	O	False	3	0	0
1429	?	4	73	201	35	she	0	0	164	?	she	False	O	False	3	0	1
1430	?	4	58	201	36	she	0	0	224	?	she	False	O	False	3	0	1
1431	?	4	68	201	37	she	0	112	452	?	she	False	O	False	3	0	0
1432	?	4	43	201	38	she	0	0	180	?	she	False	O	False	3	0	1
1433	?	4	102	201	39	she	0	0	196	?	she	False	O	False	3	0	1
1434	?	4	110	201	40	she	0	0	0	?	she	False	O	False	3	0	1
1435	?	4	190	201	41	she	0	0	0	?	she	False	O	False	3	0	1
1436	?	4	102	201	42	she	0	0	448	?	she	False	O	False	3	0	1
1437	?	4	82	201	43	she	0	116	172	?	she	False	O	False	3	0	0
1438	?	9	69	201	1	their	0	412	168	?	their	False	P	True	5	2	0
1439	?	9	77	201	2	their	0	144	320	?	their	False	P	True	5	2	0
1440	?	9	203	201	3	their	0	108	216	?	their	False	P	True	5	2	0
1441	?	9	113	201	4	their	0	228	312	?	their	False	P	True	5	2	0
1442	?	9	150	201	5	their	0	192	388	?	their	False	P	True	5	2	0
1443	?	9	7	201	6	their	0	0	216	?	their	False	P	True	5	2	1
1444	?	9	193	201	7	their	0	0	120	?	their	False	P	True	5	2	1
1445	?	9	72	201	8	their	0	384	284	?	their	False	P	True	5	2	0
1446	?	9	13	201	10	their	0	324	0	?	their	False	P	True	5	2	0
1447	?	9	204	201	11	their	0	156	300	?	their	False	P	True	5	2	0
1448	?	9	167	201	12	their	0	152	348	?	their	False	P	True	5	2	0
1449	?	9	38	201	13	their	0	0	336	?	their	False	P	True	5	2	1
1450	?	9	108	201	14	their	0	0	492	?	their	False	P	True	5	2	1
1451	?	9	66	201	15	their	0	108	168	?	their	False	P	True	5	2	0
1452	?	9	85	201	16	their	0	412	332	?	their	False	P	True	5	2	0
1453	?	9	11	201	17	their	0	140	172	?	their	False	P	True	5	2	0
1454	?	9	13	201	18	their	0	256	0	?	their	False	P	True	5	2	0
1455	?	9	179	201	19	their	0	168	152	?	their	False	P	True	5	2	0
1456	?	9	148	201	20	their	0	216	212	?	their	False	P	True	5	2	0
1457	?	9	135	201	21	their	0	0	128	?	their	False	P	True	5	2	1
1458	?	9	8	201	22	their	0	228	268	?	their	False	P	True	5	2	0
1459	?	9	203	201	23	their	0	272	468	?	their	False	P	True	5	2	0
1460	?	9	48	201	24	their	0	188	0	?	their	False	P	True	5	2	0
1461	?	9	139	201	25	their	0	152	376	?	their	False	P	True	5	2	0
1462	?	9	58	201	27	their	0	484	0	?	their	False	P	True	5	2	0
1463	?	9	199	201	28	their	0	0	368	?	their	False	P	True	5	2	1
1464	?	9	107	201	29	their	0	0	352	?	their	False	P	True	5	2	1
1465	?	9	96	201	30	their	0	224	336	?	their	False	P	True	5	2	0
1466	?	9	31	201	31	their	0	0	152	?	their	False	P	True	5	2	1
1467	?	9	32	201	32	their	0	312	208	?	their	False	P	True	5	2	0
1468	?	9	32	201	33	their	0	244	160	?	their	False	P	True	5	2	0
1469	?	9	61	201	34	their	0	284	284	?	their	False	P	True	5	2	0
1470	?	9	73	201	35	their	0	188	188	?	their	False	P	True	5	2	0
1471	?	9	58	201	36	their	0	180	0	?	their	False	P	True	5	2	0
1472	?	9	68	201	37	their	0	164	284	?	their	False	P	True	5	2	0
1473	?	9	43	201	38	their	0	148	212	?	their	False	P	True	5	2	0
1474	?	9	102	201	39	their	0	0	364	?	their	False	P	True	5	2	1
1475	?	9	110	201	40	their	0	156	140	?	their	False	P	True	5	2	0
1476	?	9	190	201	41	their	0	296	424	?	their	False	P	True	5	2	0
1477	?	9	102	201	42	their	0	0	176	?	their	False	P	True	5	2	1
1478	?	9	82	201	43	their	0	108	344	?	their	False	P	True	5	2	0
1479	?	4	19	202	1	him	0	492	168	?	him	False	O	False	3	0	0
1480	?	4	93	202	2	him	0	160	0	?	him	False	O	False	3	0	0
1481	?	4	74	202	3	him	0	284	168	?	him	False	O	False	3	0	0
1482	?	4	76	202	4	him	0	0	152	?	him	False	O	False	3	0	1
1483	?	4	129	202	5	him	0	0	176	?	him	False	O	False	3	0	1
1484	?	4	193	202	6	him	0	0	124	?	him	False	O	False	3	0	1
1485	?	4	201	202	7	him	0	0	104	?	him	False	O	False	3	0	1
1486	?	4	201	202	8	him	0	168	112	?	him	False	O	False	3	0	0
1487	?	4	51	202	10	him	0	160	156	?	him	False	O	False	3	0	0
1488	?	4	69	202	11	him	0	168	144	?	him	False	O	False	3	0	0
1489	?	4	172	202	12	him	0	132	0	?	him	False	O	False	3	0	0
1490	?	4	191	202	13	him	0	208	260	?	him	False	O	False	3	0	0
1491	?	4	16	202	14	him	0	216	200	?	him	False	O	False	3	0	0
1492	?	4	76	202	15	him	0	0	140	?	him	False	O	False	3	0	1
1493	?	4	130	202	16	him	0	164	284	?	him	False	O	False	3	0	0
1494	?	4	146	202	17	him	0	180	0	?	him	False	O	False	3	0	0
1495	?	4	9	202	18	him	0	0	188	?	him	False	O	False	3	0	1
1496	?	4	49	202	19	him	0	180	140	?	him	False	O	False	3	0	0
1497	?	4	77	202	20	him	0	148	200	?	him	False	O	False	3	0	0
1498	?	4	99	202	21	him	0	204	0	?	him	False	O	False	3	0	0
1499	?	4	138	202	22	him	0	188	184	?	him	False	O	False	3	0	0
1500	?	4	151	202	23	him	0	284	180	?	him	False	O	False	3	0	0
1501	?	4	122	202	24	him	0	276	216	?	him	False	O	False	3	0	0
1502	?	4	5	202	25	him	0	0	0	?	him	False	O	False	3	0	1
1503	?	4	61	202	27	him	0	0	0	?	him	False	O	False	3	0	1
1504	?	4	39	202	28	him	0	520	372	?	him	False	O	False	3	0	0
1505	?	4	77	202	29	him	0	0	216	?	him	False	O	False	3	0	1
1506	?	4	11	202	30	him	0	96	180	?	him	False	O	False	3	0	0
1507	?	4	55	202	31	him	0	0	228	?	him	False	O	False	3	0	1
1508	?	4	188	202	32	him	0	192	0	?	him	False	O	False	3	0	0
1509	?	4	55	202	33	him	0	180	160	?	him	False	O	False	3	0	0
1510	?	4	147	202	34	him	0	176	0	?	him	False	O	False	3	0	0
1511	?	4	89	202	35	him	0	196	0	?	him	False	O	False	3	0	0
1512	?	4	48	202	36	him	0	0	0	?	him	False	O	False	3	0	1
1513	?	4	140	202	37	him	0	196	116	?	him	False	O	False	3	0	0
1514	?	4	76	202	38	him	0	0	376	?	him	False	O	False	3	0	1
1515	?	4	7	202	39	him	0	208	176	?	him	False	O	False	3	0	0
1516	?	4	101	202	40	him	0	0	0	?	him	False	O	False	3	0	1
1517	?	4	82	202	41	him	0	0	0	?	him	False	O	False	3	0	1
1518	?	4	185	202	42	him	0	0	108	?	him	False	O	False	3	0	1
1519	?	4	100	202	43	him	0	168	192	?	him	False	O	False	3	0	0
1520	?	5	170	227	1	her	0	324	320	?	her	False	O	False	3	0	0
1521	?	5	88	227	2	her	0	224	180	?	her	False	O	False	3	0	0
1522	?	5	56	227	3	her	0	132	184	?	her	False	O	False	3	0	0
1523	?	5	169	227	4	her	0	0	0	?	her	False	O	False	3	0	1
1524	?	5	6	227	5	her	0	236	160	?	her	False	O	False	3	0	0
1525	?	5	180	227	6	her	0	0	148	?	her	False	O	False	3	0	1
1526	?	5	36	227	7	her	0	144	0	?	her	False	O	False	3	0	0
1527	?	5	172	227	8	her	0	376	184	?	her	False	O	False	3	0	0
1528	?	5	152	227	10	her	0	148	156	?	her	False	O	False	3	0	0
1529	?	5	164	227	11	her	0	176	168	?	her	False	O	False	3	0	0
1530	?	5	102	227	12	her	0	256	164	?	her	False	O	False	3	0	0
1531	?	5	82	227	13	her	0	0	184	?	her	False	O	False	3	0	1
1532	?	5	182	227	14	her	0	0	188	?	her	False	O	False	3	0	1
1533	?	5	54	227	15	her	0	0	200	?	her	False	O	False	3	0	1
1534	?	5	29	227	16	her	0	220	308	?	her	False	O	False	3	0	0
1535	?	5	64	227	17	her	0	180	168	?	her	False	O	False	3	0	0
1536	?	5	27	227	18	her	0	168	0	?	her	False	O	False	3	0	0
1537	?	5	29	227	19	her	0	456	0	?	her	False	O	False	3	0	0
1538	?	5	188	227	20	her	0	356	0	?	her	False	O	False	3	0	0
1539	?	5	130	227	21	her	0	0	124	?	her	False	O	False	3	0	1
1540	?	5	93	227	22	her	0	344	0	?	her	False	O	False	3	0	0
1541	?	5	18	227	23	her	0	408	192	?	her	False	O	False	3	0	0
1542	?	5	171	227	24	her	0	268	268	?	her	False	O	False	3	0	0
1543	?	5	141	227	25	her	0	392	0	?	her	False	O	False	3	0	0
1544	?	5	65	227	27	her	0	240	504	?	her	False	O	False	3	0	0
1545	?	5	70	227	28	her	0	384	360	?	her	False	O	False	3	0	0
1546	?	5	16	227	29	her	0	0	248	?	her	False	O	False	3	0	1
1547	?	5	138	227	30	her	0	220	312	?	her	False	O	False	3	0	0
1548	?	5	19	227	31	her	0	0	140	?	her	False	O	False	3	0	1
1549	?	5	87	227	32	her	0	344	192	?	her	False	O	False	3	0	0
1550	?	5	33	227	33	her	0	224	204	?	her	False	O	False	3	0	0
1551	?	5	188	227	34	her	0	176	180	?	her	False	O	False	3	0	0
1552	?	5	157	227	35	her	0	192	156	?	her	False	O	False	3	0	0
1553	?	5	12	227	36	her	0	200	0	?	her	False	O	False	3	0	0
1554	?	5	57	227	37	her	0	204	628	?	her	False	O	False	3	0	0
1555	?	5	200	227	38	her	0	260	0	?	her	False	O	False	3	0	0
1556	?	5	13	227	39	her	0	0	0	?	her	False	O	False	3	0	1
1557	?	5	64	227	40	her	0	300	156	?	her	False	O	False	3	0	0
1558	?	5	140	227	41	her	0	0	492	?	her	False	O	False	3	0	1
1559	?	5	136	227	42	her	0	0	136	?	her	False	O	False	3	0	1
1560	?	5	40	227	43	her	0	288	220	?	her	False	O	False	3	0	0
1561	?	3	162	228	1	he	0	188	216	?	he	False	O	False	2	1	0
1562	?	3	50	228	2	he	0	168	0	?	he	False	O	False	2	1	0
1563	?	3	80	228	3	he	0	168	524	?	he	False	O	False	2	1	0
1564	?	3	33	228	4	he	0	0	0	?	he	False	O	False	2	1	1
1565	?	3	203	228	5	he	0	0	240	?	he	False	O	False	2	1	1
1566	?	3	120	228	6	he	0	0	144	?	he	False	O	False	2	1	1
1567	?	3	34	228	7	he	0	96	0	?	he	False	O	False	2	1	0
1568	?	3	32	228	8	he	0	0	344	?	he	False	O	False	2	1	1
1569	?	3	42	228	10	he	0	0	0	?	he	False	O	False	2	1	1
1570	?	3	28	228	11	he	0	164	132	?	he	False	O	False	2	1	0
1571	?	3	11	228	12	he	0	0	168	?	he	False	O	False	2	1	1
1572	?	3	183	228	13	he	0	0	196	?	he	False	O	False	2	1	1
1573	?	3	86	228	14	he	0	0	576	?	he	False	O	False	2	1	1
1574	?	3	72	228	15	he	0	0	0	?	he	False	O	False	2	1	1
1575	?	3	4	228	16	he	0	0	208	?	he	False	O	False	2	1	1
1576	?	3	153	228	17	he	0	336	160	?	he	False	O	False	2	1	0
1577	?	3	14	228	18	he	0	0	244	?	he	False	O	False	2	1	1
1578	?	3	136	228	19	he	0	0	0	?	he	False	O	False	2	1	1
1579	?	3	113	228	20	he	0	144	0	?	he	False	O	False	2	1	0
1580	?	3	74	228	21	he	0	0	116	?	he	False	O	False	2	1	1
1581	?	3	191	228	22	he	0	0	0	?	he	False	O	False	2	1	1
1582	?	3	3	228	23	he	0	164	328	?	he	False	O	False	2	1	0
1583	?	3	19	228	24	he	0	0	168	?	he	False	O	False	2	1	1
1584	?	3	124	228	25	he	0	284	180	?	he	False	O	False	2	1	0
1585	?	3	134	228	27	he	0	0	208	?	he	False	O	False	2	1	1
1586	?	3	130	228	28	he	0	0	172	?	he	False	O	False	2	1	1
1587	?	3	56	228	29	he	0	0	272	?	he	False	O	False	2	1	1
1588	?	3	75	228	30	he	0	288	140	?	he	False	O	False	2	1	0
1589	?	3	87	228	31	he	0	0	188	?	he	False	O	False	2	1	1
1590	?	3	136	228	32	he	0	0	328	?	he	False	O	False	2	1	1
1591	?	3	184	228	33	he	0	252	232	?	he	False	O	False	2	1	0
1592	?	3	144	228	34	he	0	0	180	?	he	False	O	False	2	1	1
1593	?	3	118	228	35	he	0	164	0	?	he	False	O	False	2	1	0
1594	?	3	57	228	36	he	0	0	0	?	he	False	O	False	2	1	1
1595	?	3	54	228	37	he	0	116	160	?	he	False	O	False	2	1	0
1596	?	3	183	228	38	he	0	132	0	?	he	False	O	False	2	1	0
1597	?	3	82	228	39	he	0	0	124	?	he	False	O	False	2	1	1
1598	?	3	113	228	40	he	0	0	0	?	he	False	O	False	2	1	1
1599	?	3	106	228	41	he	0	0	176	?	he	False	O	False	2	1	1
1600	?	3	91	228	42	he	0	296	132	?	he	False	O	False	2	1	0
1601	?	3	95	228	43	he	0	212	200	?	he	False	O	False	2	1	0
1602	?	9	163	235	1	us	0	0	268	?	us	False	O	False	2	1	1
1603	?	9	20	235	2	us	0	0	0	?	us	False	O	False	2	1	1
1604	?	9	7	235	3	us	0	0	464	?	us	False	O	False	2	1	1
1605	?	9	173	235	4	us	0	0	0	?	us	False	O	False	2	1	1
1606	?	9	65	235	5	us	0	0	0	?	us	False	O	False	2	1	1
1607	?	9	205	235	6	us	0	0	0	?	us	False	O	False	2	1	1
1608	?	9	163	235	7	us	0	140	0	?	us	False	O	False	2	1	0
1609	?	9	151	235	8	us	0	0	0	?	us	False	O	False	2	1	1
1610	?	9	88	235	10	us	0	0	180	?	us	False	O	False	2	1	1
1611	?	9	43	235	11	us	0	0	416	?	us	False	O	False	2	1	1
1612	?	9	131	235	12	us	0	0	0	?	us	False	O	False	2	1	1
1613	?	9	31	235	13	us	0	0	356	?	us	False	O	False	2	1	1
1614	?	9	163	235	14	us	0	0	264	?	us	False	O	False	2	1	1
1615	?	9	128	235	15	us	0	52	0	?	us	False	O	False	2	1	0
1616	?	9	58	235	16	us	0	192	184	?	us	False	O	False	2	1	0
1617	?	9	182	235	18	us	0	0	0	?	us	False	O	False	2	1	1
1618	?	9	52	235	19	us	0	108	428	?	us	False	O	False	2	1	0
1619	?	9	131	235	20	us	0	0	0	?	us	False	O	False	2	1	1
1620	?	9	95	235	21	us	0	140	0	?	us	False	O	False	2	1	0
1621	?	9	71	235	22	us	0	0	200	?	us	False	O	False	2	1	1
1622	?	9	117	235	23	us	0	200	200	?	us	False	O	False	2	1	0
1623	?	9	6	235	24	us	0	0	0	?	us	False	O	False	2	1	1
1624	?	9	32	235	25	us	0	0	0	?	us	False	O	False	2	1	1
1625	?	9	19	235	27	us	0	0	0	?	us	False	O	False	2	1	1
1626	?	9	83	235	28	us	0	180	0	?	us	False	O	False	2	1	0
1627	?	9	189	235	29	us	0	192	0	?	us	False	O	False	2	1	0
1628	?	9	192	235	30	us	0	76	0	?	us	False	O	False	2	1	0
1629	?	9	203	235	31	us	0	0	0	?	us	False	O	False	2	1	1
1630	?	9	196	235	32	us	0	0	216	?	us	False	O	False	2	1	1
1631	?	9	135	235	33	us	0	0	128	?	us	False	O	False	2	1	1
1632	?	9	51	235	34	us	0	0	320	?	us	False	O	False	2	1	1
1633	?	9	185	235	35	us	0	0	0	?	us	False	O	False	2	1	1
1634	?	9	43	235	36	us	0	144	0	?	us	False	O	False	2	1	0
1635	?	9	13	235	37	us	0	0	188	?	us	False	O	False	2	1	1
1636	?	9	105	235	38	us	0	0	0	?	us	False	O	False	2	1	1
1637	?	9	140	235	39	us	0	0	0	?	us	False	O	False	2	1	1
1638	?	9	126	235	40	us	0	0	0	?	us	False	O	False	2	1	1
1639	?	9	63	235	41	us	0	0	0	?	us	False	O	False	2	1	1
1640	?	9	120	235	42	us	0	0	0	?	us	False	O	False	2	1	1
1641	?	9	104	235	43	us	0	0	0	?	us	False	O	False	2	1	1
1642	?	10	87	241	1	this	0	0	400	?	this	False	O	False	4	1	1
1643	?	10	66	241	2	this	0	208	136	?	this	False	O	False	4	1	0
1644	?	10	22	241	3	this	0	192	300	?	this	False	O	False	4	1	0
1645	?	10	161	241	4	this	0	212	0	?	this	False	O	False	4	1	0
1646	?	10	50	241	5	this	0	240	184	?	this	False	O	False	4	1	0
1647	?	10	38	241	6	this	0	0	228	?	this	False	O	False	4	1	1
1648	?	10	181	241	7	this	0	0	136	?	this	False	O	False	4	1	1
1649	?	10	42	241	8	this	0	0	340	?	this	False	O	False	4	1	1
1650	?	10	23	241	9	this	0	0	152	?	this	False	O	False	4	1	1
1651	?	10	20	241	10	this	0	64	92	?	this	False	O	False	4	1	0
1652	?	10	155	241	11	this	0	0	172	?	this	False	O	False	4	1	1
1653	?	10	153	241	12	this	0	0	276	?	this	False	O	False	4	1	1
1654	?	10	60	241	13	this	0	0	204	?	this	False	O	False	4	1	1
1655	?	10	46	241	14	this	0	0	216	?	this	False	O	False	4	1	1
1656	?	10	34	241	15	this	0	0	136	?	this	False	O	False	4	1	1
1657	?	10	170	241	16	this	0	148	148	?	this	False	O	False	4	1	0
1658	?	10	3	241	18	this	0	0	224	?	this	False	O	False	4	1	1
1659	?	10	40	241	19	this	0	156	168	?	this	False	O	False	4	1	0
1660	?	10	118	241	20	this	0	0	204	?	this	False	O	False	4	1	1
1661	?	10	66	241	21	this	0	0	120	?	this	False	O	False	4	1	1
1662	?	10	139	241	22	this	0	0	416	?	this	False	O	False	4	1	1
1663	?	10	190	241	23	this	0	220	228	?	this	False	O	False	4	1	0
1664	?	10	140	241	24	this	0	208	168	?	this	False	O	False	4	1	0
1665	?	10	42	241	25	this	0	120	220	?	this	False	O	False	4	1	0
1666	?	10	203	241	27	this	0	212	0	?	this	False	O	False	4	1	0
1667	?	10	191	241	28	this	0	0	580	?	this	False	O	False	4	1	1
1668	?	10	2	241	29	this	0	0	188	?	this	False	O	False	4	1	1
1669	?	10	88	241	30	this	0	104	228	?	this	False	O	False	4	1	0
1670	?	10	63	241	31	this	0	0	188	?	this	False	O	False	4	1	1
1671	?	10	171	241	32	this	0	220	164	?	this	False	O	False	4	1	0
1672	?	10	72	241	33	this	0	188	136	?	this	False	O	False	4	1	0
1673	?	10	21	241	34	this	0	140	0	?	this	False	O	False	4	1	0
1674	?	10	131	241	35	this	0	188	136	?	this	False	O	False	4	1	0
1675	?	10	156	241	36	this	0	0	0	?	this	False	O	False	4	1	1
1676	?	10	171	241	37	this	0	192	124	?	this	False	O	False	4	1	0
1677	?	10	78	241	38	this	0	0	232	?	this	False	O	False	4	1	1
1678	?	10	149	241	39	this	0	0	0	?	this	False	O	False	4	1	1
1679	?	10	154	241	40	this	0	0	0	?	this	False	O	False	4	1	1
1680	?	10	88	241	41	this	0	220	0	?	this	False	O	False	4	1	0
1681	?	10	186	241	42	this	0	0	172	?	this	False	O	False	4	1	1
1682	?	10	175	241	43	this	0	156	192	?	this	False	O	False	4	1	0
1683	-3	4	18	3	1	his	1	0	168	-3	his	False	P	False	3	1	1
1684	-3	4	166	3	2	his	1	152	316	-3	his	False	P	False	3	1	0
1685	-3	4	142	3	3	his	1	116	0	-3	his	False	P	False	3	1	0
1686	-3	4	36	3	4	his	1	264	216	-3	his	False	P	False	3	1	0
1687	-3	4	148	3	5	his	1	0	244	-3	his	False	P	False	3	1	1
1688	-3	4	137	3	6	his	1	0	208	-3	his	False	P	False	3	1	1
1689	-3	4	48	3	7	his	1	168	208	-3	his	False	P	False	3	1	0
1690	-3	4	7	3	8	his	1	276	148	-3	his	False	P	False	3	1	0
1691	-3	4	127	3	10	his	1	0	272	-3	his	False	P	False	3	1	1
1692	-3	4	135	3	11	his	1	260	252	-3	his	False	P	False	3	1	0
1693	-3	4	164	3	12	his	1	192	200	-3	his	False	P	False	3	1	0
1694	-3	4	46	3	13	his	1	0	376	-3	his	False	P	False	3	1	1
1695	-3	4	48	3	14	his	1	176	156	-3	his	False	P	False	3	1	0
1696	-3	4	13	3	15	his	1	360	96	-3	his	False	P	False	3	1	0
1697	-3	4	22	3	16	his	1	428	1232	-3	his	False	P	False	3	1	0
1698	-3	4	23	3	17	his	1	0	204	-3	his	False	P	False	3	1	1
1699	-3	4	181	3	18	his	1	0	304	-3	his	False	P	False	3	1	1
1700	-3	4	89	3	19	his	1	204	0	-3	his	False	P	False	3	1	0
1701	-3	4	57	3	20	his	1	212	220	-3	his	False	P	False	3	1	0
1702	-3	4	123	3	21	his	1	0	204	-3	his	False	P	False	3	1	1
1703	-3	4	146	3	22	his	1	0	228	-3	his	False	P	False	3	1	1
1704	-3	4	50	3	23	his	1	176	840	-3	his	False	P	False	3	1	0
1705	-3	4	3	3	24	his	1	0	140	-3	his	False	P	False	3	1	1
1706	-3	4	140	3	25	his	1	260	164	-3	his	False	P	False	3	1	0
1707	-3	4	45	3	27	his	1	140	332	-3	his	False	P	False	3	1	0
1708	-3	4	88	3	28	his	1	0	176	-3	his	False	P	False	3	1	1
1709	-3	4	176	3	29	his	1	0	156	-3	his	False	P	False	3	1	1
1710	-3	4	151	3	30	his	1	164	192	-3	his	False	P	False	3	1	0
1711	-3	4	57	3	31	his	1	152	188	-3	his	False	P	False	3	1	0
1712	-3	4	156	3	32	his	1	164	272	-3	his	False	P	False	3	1	0
1713	-3	4	43	3	33	his	1	0	176	-3	his	False	P	False	3	1	1
1714	-3	4	3	3	34	his	1	0	0	-3	his	False	P	False	3	1	1
1715	-3	4	29	3	35	his	1	188	636	-3	his	False	P	False	3	1	0
1716	-3	4	150	3	36	his	1	0	168	-3	his	False	P	False	3	1	1
1717	-3	4	194	3	37	his	1	368	188	-3	his	False	P	False	3	1	0
1718	-3	4	114	3	38	his	1	216	188	-3	his	False	P	False	3	1	0
1719	-3	4	38	3	39	his	1	0	160	-3	his	False	P	False	3	1	1
1720	-3	4	20	3	40	his	1	476	0	-3	his	False	P	False	3	1	0
1721	-3	4	185	3	41	his	1	212	148	-3	his	False	P	False	3	1	0
1722	-3	4	108	3	42	his	1	0	296	-3	his	False	P	False	3	1	1
1723	-3	4	116	3	43	his	1	0	188	-3	his	False	P	False	3	1	1
1724	-3	3	15	16	1	his	1	260	164	-3	his	False	P	False	3	0	0
1725	-3	3	101	16	2	his	1	136	128	-3	his	False	P	False	3	0	0
1726	-3	3	59	16	3	his	1	168	248	-3	his	False	P	False	3	0	0
1727	-3	3	148	16	4	his	1	148	332	-3	his	False	P	False	3	0	0
1728	-3	3	72	16	5	his	1	164	192	-3	his	False	P	False	3	0	0
1729	-3	3	192	16	6	his	1	124	0	-3	his	False	P	False	3	0	0
1730	-3	3	195	16	7	his	1	160	0	-3	his	False	P	False	3	0	0
1731	-3	3	22	16	8	his	1	196	140	-3	his	False	P	False	3	0	0
1732	-3	3	5	16	9	his	1	196	164	-3	his	False	P	False	3	0	0
1733	-3	3	86	16	10	his	1	156	68	-3	his	False	P	False	3	0	0
1734	-3	3	16	16	11	his	1	136	216	-3	his	False	P	False	3	0	0
1735	-3	3	72	16	12	his	1	0	0	-3	his	False	P	False	3	0	1
1736	-3	3	139	16	13	his	1	184	0	-3	his	False	P	False	3	0	0
1737	-3	3	177	16	14	his	1	256	0	-3	his	False	P	False	3	0	0
1738	-3	3	142	16	15	his	1	196	0	-3	his	False	P	False	3	0	0
1739	-3	3	113	16	16	his	1	212	164	-3	his	False	P	False	3	0	0
1740	-3	3	158	16	17	his	1	0	212	-3	his	False	P	False	3	0	1
1741	-3	3	45	16	18	his	1	252	136	-3	his	False	P	False	3	0	0
1742	-3	3	8	16	19	his	1	160	236	-3	his	False	P	False	3	0	0
1743	-3	3	204	16	20	his	1	0	192	-3	his	False	P	False	3	0	1
1744	-3	3	55	16	21	his	1	212	120	-3	his	False	P	False	3	0	0
1745	-3	3	101	16	22	his	1	388	0	-3	his	False	P	False	3	0	0
1746	-3	3	103	16	23	his	1	288	264	-3	his	False	P	False	3	0	0
1747	-3	3	40	16	24	his	1	160	204	-3	his	False	P	False	3	0	0
1748	-3	3	166	16	25	his	1	136	148	-3	his	False	P	False	3	0	0
1749	-3	3	26	16	27	his	1	72	300	-3	his	False	P	False	3	0	0
1750	-3	3	23	16	28	his	1	0	0	-3	his	False	P	False	3	0	1
1751	-3	3	97	16	29	his	1	180	188	-3	his	False	P	False	3	0	0
1752	-3	3	70	16	30	his	1	276	212	-3	his	False	P	False	3	0	0
1753	-3	3	136	16	31	his	1	144	120	-3	his	False	P	False	3	0	0
1754	-3	3	41	16	32	his	1	184	200	-3	his	False	P	False	3	0	0
1755	-3	3	2	16	33	his	1	188	136	-3	his	False	P	False	3	0	0
1756	-3	3	92	16	34	his	1	220	424	-3	his	False	P	False	3	0	0
1757	-3	3	35	16	35	his	1	0	320	-3	his	False	P	False	3	0	1
1758	-3	3	186	16	36	his	1	180	252	-3	his	False	P	False	3	0	0
1759	-3	3	49	16	37	his	1	212	128	-3	his	False	P	False	3	0	0
1760	-3	3	182	16	38	his	1	0	200	-3	his	False	P	False	3	0	1
1761	-3	3	47	16	39	his	1	0	312	-3	his	False	P	False	3	0	1
1762	-3	3	177	16	40	his	1	0	0	-3	his	False	P	False	3	0	1
1763	-3	3	23	16	41	his	1	0	316	-3	his	False	P	False	3	0	1
1764	-3	3	98	16	42	his	1	0	264	-3	his	False	P	False	3	0	1
1765	-3	3	54	16	43	his	1	0	220	-3	his	False	P	False	3	0	1
1766	-3	4	158	17	1	his	1	344	136	-3	his	False	P	False	3	0	0
1767	-3	4	197	17	2	his	1	168	0	-3	his	False	P	False	3	0	0
1768	-3	4	122	17	3	his	1	144	184	-3	his	False	P	False	3	0	0
1769	-3	4	5	17	4	his	1	172	288	-3	his	False	P	False	3	0	0
1770	-3	4	105	17	5	his	1	0	256	-3	his	False	P	False	3	0	1
1771	-3	4	86	17	6	his	1	184	444	-3	his	False	P	False	3	0	0
1772	-3	4	121	17	7	his	1	0	88	-3	his	False	P	False	3	0	1
1773	-3	4	51	17	8	his	1	196	248	-3	his	False	P	False	3	0	0
1774	-3	4	31	17	10	his	1	0	0	-3	his	False	P	False	3	0	1
1775	-3	4	37	17	11	his	1	124	132	-3	his	False	P	False	3	0	0
1776	-3	4	143	17	12	his	1	224	116	-3	his	False	P	False	3	0	0
1777	-3	4	52	17	13	his	1	208	168	-3	his	False	P	False	3	0	0
1778	-3	4	22	17	14	his	1	208	216	-3	his	False	P	False	3	0	0
1779	-3	4	119	17	15	his	1	0	496	-3	his	False	P	False	3	0	1
1780	-3	4	169	17	16	his	1	412	464	-3	his	False	P	False	3	0	0
1781	-3	4	86	17	17	his	1	292	308	-3	his	False	P	False	3	0	0
1782	-3	4	115	17	18	his	1	208	0	-3	his	False	P	False	3	0	0
1783	-3	4	205	17	19	his	1	244	168	-3	his	False	P	False	3	0	0
1784	-3	4	116	17	20	his	1	0	200	-3	his	False	P	False	3	0	1
1785	-3	4	189	17	21	his	1	0	420	-3	his	False	P	False	3	0	1
1786	-3	4	52	17	22	his	1	288	196	-3	his	False	P	False	3	0	0
1787	-3	4	75	17	23	his	1	184	200	-3	his	False	P	False	3	0	0
1788	-3	4	14	17	24	his	1	0	156	-3	his	False	P	False	3	0	1
1789	-3	4	103	17	25	his	1	316	192	-3	his	False	P	False	3	0	0
1790	-3	4	195	17	27	his	1	228	28	-3	his	False	P	False	3	0	0
1791	-3	4	77	17	28	his	1	140	160	-3	his	False	P	False	3	0	0
1792	-3	4	31	17	29	his	1	0	144	-3	his	False	P	False	3	0	1
1793	-3	4	133	17	30	his	1	0	292	-3	his	False	P	False	3	0	1
1794	-3	4	138	17	31	his	1	0	128	-3	his	False	P	False	3	0	1
1795	-3	4	138	17	32	his	1	444	168	-3	his	False	P	False	3	0	0
1796	-3	4	46	17	33	his	1	136	124	-3	his	False	P	False	3	0	0
1797	-3	4	69	17	34	his	1	252	252	-3	his	False	P	False	3	0	0
1798	-3	4	102	17	35	his	1	144	156	-3	his	False	P	False	3	0	0
1799	-3	4	124	17	36	his	1	0	284	-3	his	False	P	False	3	0	1
1800	-3	4	112	17	37	his	1	156	240	-3	his	False	P	False	3	0	0
1801	-3	4	82	17	38	his	1	248	144	-3	his	False	P	False	3	0	0
1802	-3	4	148	17	39	his	1	0	0	-3	his	False	P	False	3	0	1
1803	-3	4	47	17	40	his	1	140	140	-3	his	False	P	False	3	0	0
1804	-3	4	67	17	41	his	1	0	0	-3	his	False	P	False	3	0	1
1805	-3	4	109	17	42	his	1	0	208	-3	his	False	P	False	3	0	1
1806	-3	4	28	17	43	his	1	180	228	-3	his	False	P	False	3	0	0
1807	-4	5	33	18	1	his	1	248	264	-4	his	False	P	False	3	1	0
1808	-4	5	120	18	2	his	1	156	0	-4	his	False	P	False	3	1	0
1809	-4	5	75	18	3	his	1	336	0	-4	his	False	P	False	3	1	0
1810	-4	5	105	18	4	his	1	644	0	-4	his	False	P	False	3	1	0
1811	-4	5	81	18	5	his	1	0	108	-4	his	False	P	False	3	1	1
1812	-4	5	46	18	6	his	1	176	80	-4	his	False	P	False	3	1	0
1813	-4	5	107	18	7	his	1	80	0	-4	his	False	P	False	3	1	0
1814	-4	5	153	18	8	his	1	212	0	-4	his	False	P	False	3	1	0
1815	-4	5	135	18	10	his	1	336	524	-4	his	False	P	False	3	1	0
1816	-4	5	201	18	11	his	1	196	108	-4	his	False	P	False	3	1	0
1817	-4	5	177	18	12	his	1	128	0	-4	his	False	P	False	3	1	0
1818	-4	5	27	18	13	his	1	0	604	-4	his	False	P	False	3	1	1
1819	-4	5	149	18	14	his	1	288	0	-4	his	False	P	False	3	1	0
1820	-4	5	36	18	15	his	1	232	0	-4	his	False	P	False	3	1	0
1821	-4	5	38	18	16	his	1	248	580	-4	his	False	P	False	3	1	0
1822	-4	5	84	18	17	his	1	172	116	-4	his	False	P	False	3	1	0
1823	-4	5	147	18	18	his	1	292	0	-4	his	False	P	False	3	1	0
1824	-4	5	51	18	19	his	1	64	152	-4	his	False	P	False	3	1	0
1825	-4	5	7	18	20	his	1	0	416	-4	his	False	P	False	3	1	1
1826	-4	5	106	18	21	his	1	0	164	-4	his	False	P	False	3	1	1
1827	-4	5	38	18	22	his	1	0	116	-4	his	False	P	False	3	1	1
1828	-4	5	175	18	23	his	1	172	176	-4	his	False	P	False	3	1	0
1829	-4	5	136	18	24	his	1	440	276	-4	his	False	P	False	3	1	0
1830	-4	5	158	18	25	his	1	220	104	-4	his	False	P	False	3	1	0
1831	-4	5	13	18	27	his	1	308	280	-4	his	False	P	False	3	1	0
1832	-4	5	157	18	28	his	1	324	148	-4	his	False	P	False	3	1	0
1833	-4	5	203	18	29	his	1	196	348	-4	his	False	P	False	3	1	0
1834	-4	5	158	18	30	his	1	0	172	-4	his	False	P	False	3	1	1
1835	-4	5	119	18	31	his	1	0	160	-4	his	False	P	False	3	1	1
1836	-4	5	203	18	32	his	1	164	0	-4	his	False	P	False	3	1	0
1837	-4	5	29	18	33	his	1	176	132	-4	his	False	P	False	3	1	0
1838	-4	5	58	18	34	his	1	168	0	-4	his	False	P	False	3	1	0
1839	-4	5	149	18	35	his	1	0	244	-4	his	False	P	False	3	1	1
1840	-4	5	22	18	36	his	1	236	0	-4	his	False	P	False	3	1	0
1841	-4	5	188	18	37	his	1	176	140	-4	his	False	P	False	3	1	0
1842	-4	5	141	18	38	his	1	192	88	-4	his	False	P	False	3	1	0
1843	-4	5	205	18	39	his	1	0	160	-4	his	False	P	False	3	1	1
1844	-4	5	65	18	40	his	1	0	328	-4	his	False	P	False	3	1	1
1845	-4	5	136	18	41	his	1	312	372	-4	his	False	P	False	3	1	0
1846	-4	5	184	18	42	his	1	204	0	-4	his	False	P	False	3	1	0
1847	-4	5	195	18	43	his	1	148	188	-4	his	False	P	False	3	1	0
1848	-3	3	106	20	1	his	1	296	0	-3	his	False	P	False	3	1	0
1849	-3	3	202	20	2	his	1	160	276	-3	his	False	P	False	3	1	0
1850	-3	3	120	20	3	his	1	340	0	-3	his	False	P	False	3	1	0
1851	-3	3	102	20	4	his	1	196	220	-3	his	False	P	False	3	1	0
1852	-3	3	131	20	5	his	1	268	432	-3	his	False	P	False	3	1	0
1853	-3	3	133	20	6	his	1	0	372	-3	his	False	P	False	3	1	1
1854	-3	3	63	20	7	his	1	172	0	-3	his	False	P	False	3	1	0
1855	-3	3	139	20	8	his	1	188	204	-3	his	False	P	False	3	1	0
1856	-3	3	137	20	10	his	1	0	56	-3	his	False	P	False	3	1	1
1857	-3	3	197	20	11	his	1	156	156	-3	his	False	P	False	3	1	0
1858	-3	3	15	20	12	his	1	0	0	-3	his	False	P	False	3	1	1
1859	-3	3	67	20	13	his	1	200	236	-3	his	False	P	False	3	1	0
1860	-3	3	203	20	14	his	1	204	244	-3	his	False	P	False	3	1	0
1861	-3	3	40	20	15	his	1	264	404	-3	his	False	P	False	3	1	0
1862	-3	3	103	20	16	his	1	152	192	-3	his	False	P	False	3	1	0
1863	-3	3	3	20	17	his	1	0	192	-3	his	False	P	False	3	1	1
1864	-3	3	96	20	18	his	1	0	284	-3	his	False	P	False	3	1	1
1865	-3	3	72	20	19	his	1	180	204	-3	his	False	P	False	3	1	0
1866	-3	3	105	20	20	his	1	156	188	-3	his	False	P	False	3	1	0
1867	-3	3	48	20	21	his	1	0	240	-3	his	False	P	False	3	1	1
1868	-3	3	203	20	22	his	1	184	188	-3	his	False	P	False	3	1	0
1869	-3	3	200	20	23	his	1	192	0	-3	his	False	P	False	3	1	0
1870	-3	3	90	20	24	his	1	168	196	-3	his	False	P	False	3	1	0
1871	-3	3	134	20	25	his	1	0	216	-3	his	False	P	False	3	1	1
1872	-3	3	173	20	27	his	1	272	284	-3	his	False	P	False	3	1	0
1873	-3	3	49	20	28	his	1	0	348	-3	his	False	P	False	3	1	1
1874	-3	3	153	20	29	his	1	148	156	-3	his	False	P	False	3	1	0
1875	-3	3	199	20	30	his	1	172	0	-3	his	False	P	False	3	1	0
1876	-3	3	200	20	31	his	1	52	172	-3	his	False	P	False	3	1	0
1877	-3	3	14	20	32	his	1	224	116	-3	his	False	P	False	3	1	0
1878	-3	3	119	20	33	his	1	176	140	-3	his	False	P	False	3	1	0
1879	-3	3	127	20	34	his	1	148	352	-3	his	False	P	False	3	1	0
1880	-3	3	175	20	35	his	1	352	280	-3	his	False	P	False	3	1	0
1881	-3	3	143	20	36	his	1	360	0	-3	his	False	P	False	3	1	0
1882	-3	3	78	20	37	his	1	204	168	-3	his	False	P	False	3	1	0
1883	-3	3	113	20	38	his	1	280	0	-3	his	False	P	False	3	1	0
1884	-3	3	122	20	39	his	1	0	0	-3	his	False	P	False	3	1	1
1885	-3	3	28	20	41	his	1	0	216	-3	his	False	P	False	3	1	1
1886	-3	3	5	20	42	his	1	200	304	-3	his	False	P	False	3	1	0
1887	-3	3	162	20	43	his	1	224	160	-3	his	False	P	False	3	1	0
1888	-3	3	114	21	1	his	1	244	148	-3	his	False	P	False	3	1	0
1889	-3	3	44	21	2	his	1	92	80	-3	his	False	P	False	3	1	0
1890	-3	3	10	21	3	his	1	380	132	-3	his	False	P	False	3	1	0
1891	-3	3	58	21	4	his	1	0	384	-3	his	False	P	False	3	1	1
1892	-3	3	15	21	5	his	1	240	144	-3	his	False	P	False	3	1	0
1893	-3	3	116	21	6	his	1	0	156	-3	his	False	P	False	3	1	1
1894	-3	3	86	21	7	his	1	156	0	-3	his	False	P	False	3	1	0
1895	-3	3	86	21	8	his	1	180	200	-3	his	False	P	False	3	1	0
1896	-3	3	146	21	10	his	1	140	128	-3	his	False	P	False	3	1	0
1897	-3	3	70	21	11	his	1	152	136	-3	his	False	P	False	3	1	0
1898	-3	3	36	21	12	his	1	116	224	-3	his	False	P	False	3	1	0
1899	-3	3	142	21	13	his	1	180	156	-3	his	False	P	False	3	1	0
1900	-3	3	101	21	14	his	1	0	340	-3	his	False	P	False	3	1	1
1901	-3	3	30	21	15	his	1	256	232	-3	his	False	P	False	3	1	0
1902	-3	3	48	21	16	his	1	192	144	-3	his	False	P	False	3	1	0
1903	-3	3	155	21	17	his	1	136	400	-3	his	False	P	False	3	1	0
1904	-3	3	152	21	18	his	1	0	240	-3	his	False	P	False	3	1	1
1905	-3	3	42	21	19	his	1	72	296	-3	his	False	P	False	3	1	0
1906	-3	3	18	21	20	his	1	0	180	-3	his	False	P	False	3	1	1
1907	-3	3	63	21	21	his	1	144	52	-3	his	False	P	False	3	1	0
1908	-3	3	51	21	22	his	1	0	324	-3	his	False	P	False	3	1	1
1909	-3	3	138	21	23	his	1	120	220	-3	his	False	P	False	3	1	0
1910	-3	3	146	21	24	his	1	152	164	-3	his	False	P	False	3	1	0
1911	-3	3	40	21	25	his	1	0	292	-3	his	False	P	False	3	1	1
1912	-3	3	79	21	27	his	1	0	56	-3	his	False	P	False	3	1	1
1913	-3	3	87	21	28	his	1	276	212	-3	his	False	P	False	3	1	0
1914	-3	3	191	21	29	his	1	0	160	-3	his	False	P	False	3	1	1
1915	-3	3	95	21	30	his	1	280	164	-3	his	False	P	False	3	1	0
1916	-3	3	76	21	31	his	1	0	304	-3	his	False	P	False	3	1	1
1917	-3	3	154	21	32	his	1	264	236	-3	his	False	P	False	3	1	0
1918	-3	3	128	21	33	his	1	160	144	-3	his	False	P	False	3	1	0
1919	-3	3	152	21	34	his	1	164	0	-3	his	False	P	False	3	1	0
1920	-3	3	95	21	35	his	1	116	584	-3	his	False	P	False	3	1	0
1921	-3	3	126	21	36	his	1	0	208	-3	his	False	P	False	3	1	1
1922	-3	3	190	21	37	his	1	124	180	-3	his	False	P	False	3	1	0
1923	-3	3	107	21	38	his	1	0	352	-3	his	False	P	False	3	1	1
1924	-3	3	108	21	39	his	1	0	0	-3	his	False	P	False	3	1	1
1925	-3	3	67	21	40	his	1	224	304	-3	his	False	P	False	3	1	0
1926	-3	3	40	21	41	his	1	0	0	-3	his	False	P	False	3	1	1
1927	-3	3	119	21	42	his	1	0	296	-3	his	False	P	False	3	1	1
1928	-3	3	93	21	43	his	1	128	212	-3	his	False	P	False	3	1	0
1929	-4	5	138	32	1	our	1	256	0	-4	our	False	P	True	3	1	0
1930	-4	5	70	32	2	our	1	176	0	-4	our	False	P	True	3	1	0
1931	-4	5	87	32	3	our	1	348	0	-4	our	False	P	True	3	1	0
1932	-4	5	26	32	4	our	1	132	0	-4	our	False	P	True	3	1	0
1933	-4	5	115	32	5	our	1	304	0	-4	our	False	P	True	3	1	0
1934	-4	5	72	32	6	our	1	312	248	-4	our	False	P	True	3	1	0
1935	-4	5	73	32	7	our	1	140	0	-4	our	False	P	True	3	1	0
1936	-4	5	31	32	8	our	1	180	0	-4	our	False	P	True	3	1	0
1937	-4	5	58	32	10	our	1	192	196	-4	our	False	P	True	3	1	0
1938	-4	5	188	32	11	our	1	280	0	-4	our	False	P	True	3	1	0
1939	-4	5	23	32	12	our	1	192	0	-4	our	False	P	True	3	1	0
1940	-4	5	23	32	13	our	1	184	504	-4	our	False	P	True	3	1	0
1941	-4	5	131	32	14	our	1	0	108	-4	our	False	P	True	3	1	1
1942	-4	5	117	32	15	our	1	640	0	-4	our	False	P	True	3	1	0
1943	-4	5	43	32	16	our	1	744	0	-4	our	False	P	True	3	1	0
1944	-4	5	135	32	18	our	1	276	292	-4	our	False	P	True	3	1	0
1945	-4	5	82	32	19	our	1	260	412	-4	our	False	P	True	3	1	0
1946	-4	5	43	32	20	our	1	0	216	-4	our	False	P	True	3	1	1
1947	-4	5	71	32	21	our	1	124	232	-4	our	False	P	True	3	1	0
1948	-4	5	181	32	22	our	1	0	204	-4	our	False	P	True	3	1	1
1949	-4	5	186	32	23	our	1	376	1520	-4	our	False	P	True	3	1	0
1950	-4	5	56	32	24	our	1	168	396	-4	our	False	P	True	3	1	0
1951	-4	5	49	32	25	our	1	200	180	-4	our	False	P	True	3	1	0
1952	-4	5	144	32	27	our	1	828	0	-4	our	False	P	True	3	1	0
1953	-4	5	14	32	28	our	1	192	168	-4	our	False	P	True	3	1	0
1954	-4	5	98	32	29	our	1	180	152	-4	our	False	P	True	3	1	0
1955	-4	5	172	32	30	our	1	248	0	-4	our	False	P	True	3	1	0
1956	-4	5	169	32	31	our	1	140	0	-4	our	False	P	True	3	1	0
1957	-4	5	95	32	32	our	1	176	316	-4	our	False	P	True	3	1	0
1958	-4	5	22	32	33	our	1	236	744	-4	our	False	P	True	3	1	0
1959	-4	5	74	32	34	our	1	996	0	-4	our	False	P	True	3	1	0
1960	-4	5	28	32	35	our	1	156	560	-4	our	False	P	True	3	1	0
1961	-4	5	164	32	36	our	1	204	0	-4	our	False	P	True	3	1	0
1962	-4	5	118	32	37	our	1	184	0	-4	our	False	P	True	3	1	0
1963	-4	5	184	32	38	our	1	212	320	-4	our	False	P	True	3	1	0
1964	-4	5	188	32	39	our	1	140	148	-4	our	False	P	True	3	1	0
1965	-4	5	175	32	40	our	1	0	0	-4	our	False	P	True	3	1	1
1966	-4	5	121	32	41	our	1	100	148	-4	our	False	P	True	3	1	0
1967	-4	5	82	32	42	our	1	0	288	-4	our	False	P	True	3	1	1
1968	-4	5	153	32	43	our	1	212	144	-4	our	False	P	True	3	1	0
1969	-4	5	26	42	1	he	1	216	412	-4	he	False	O	False	2	0	0
1970	-4	5	145	42	2	he	1	212	344	-4	he	False	O	False	2	0	0
1971	-4	5	173	42	3	he	1	0	564	-4	he	False	O	False	2	0	1
1972	-4	5	94	42	4	he	1	144	228	-4	he	False	O	False	2	0	0
1973	-4	5	3	42	5	he	1	0	224	-4	he	False	O	False	2	0	1
1974	-4	5	53	42	6	he	1	0	252	-4	he	False	O	False	2	0	1
1975	-4	5	37	42	7	he	1	0	176	-4	he	False	O	False	2	0	1
1976	-4	5	56	42	8	he	1	312	260	-4	he	False	O	False	2	0	0
1977	-4	5	1	42	10	he	1	120	144	-4	he	False	O	False	2	0	0
1978	-4	5	4	42	11	he	1	148	736	-4	he	False	O	False	2	0	0
1979	-4	5	77	42	12	he	1	0	224	-4	he	False	O	False	2	0	1
1980	-4	5	3	42	13	he	1	0	524	-4	he	False	O	False	2	0	1
1981	-4	5	82	42	14	he	1	248	196	-4	he	False	O	False	2	0	0
1982	-4	5	124	42	15	he	1	224	0	-4	he	False	O	False	2	0	0
1983	-4	5	194	42	16	he	1	224	204	-4	he	False	O	False	2	0	0
1984	-4	5	177	42	18	he	1	256	444	-4	he	False	O	False	2	0	0
1985	-4	5	56	42	19	he	1	0	420	-4	he	False	O	False	2	0	1
1986	-4	5	205	42	20	he	1	0	156	-4	he	False	O	False	2	0	1
1987	-4	5	60	42	21	he	1	200	308	-4	he	False	O	False	2	0	0
1988	-4	5	82	42	22	he	1	0	640	-4	he	False	O	False	2	0	1
1989	-4	5	61	42	23	he	1	0	324	-4	he	False	O	False	2	0	1
1990	-4	5	39	42	24	he	1	0	176	-4	he	False	O	False	2	0	1
1991	-4	5	174	42	25	he	1	0	296	-4	he	False	O	False	2	0	1
1992	-4	5	167	42	27	he	1	216	484	-4	he	False	O	False	2	0	0
1993	-4	5	102	42	28	he	1	164	164	-4	he	False	O	False	2	0	0
1994	-4	5	113	42	29	he	1	160	184	-4	he	False	O	False	2	0	0
1995	-4	5	102	42	30	he	1	476	220	-4	he	False	O	False	2	0	0
1996	-4	5	25	42	31	he	1	132	96	-4	he	False	O	False	2	0	0
1997	-4	5	38	42	32	he	1	148	356	-4	he	False	O	False	2	0	0
1998	-4	5	144	42	33	he	1	0	532	-4	he	False	O	False	2	0	1
1999	-4	5	204	42	34	he	1	156	0	-4	he	False	O	False	2	0	0
2000	-4	5	194	42	35	he	1	184	136	-4	he	False	O	False	2	0	0
2001	-4	5	203	42	36	he	1	168	152	-4	he	False	O	False	2	0	0
2002	-4	5	120	42	37	he	1	124	184	-4	he	False	O	False	2	0	0
2003	-4	5	63	42	38	he	1	168	172	-4	he	False	O	False	2	0	0
2004	-4	5	17	42	39	he	1	0	412	-4	he	False	O	False	2	0	1
2005	-4	5	143	42	40	he	1	0	256	-4	he	False	O	False	2	0	1
2006	-4	5	9	42	41	he	1	0	576	-4	he	False	O	False	2	0	1
2007	-4	5	145	42	42	he	1	0	116	-4	he	False	O	False	2	0	1
2008	-4	5	193	42	43	he	1	0	252	-4	he	False	O	False	2	0	1
2009	-5	6	124	43	1	his	1	204	456	-5	his	False	P	False	3	0	0
2010	-5	6	41	43	2	his	1	360	0	-5	his	False	P	False	3	0	0
2011	-5	6	16	43	3	his	1	464	248	-5	his	False	P	False	3	0	0
2012	-5	6	178	43	4	his	1	192	196	-5	his	False	P	False	3	0	0
2013	-5	6	45	43	5	his	1	0	236	-5	his	False	P	False	3	0	1
2014	-5	6	189	43	6	his	1	0	0	-5	his	False	P	False	3	0	1
2015	-5	6	6	43	7	his	1	164	0	-5	his	False	P	False	3	0	0
2016	-5	6	173	43	8	his	1	272	0	-5	his	False	P	False	3	0	0
2017	-5	6	10	43	9	his	1	68	524	-5	his	False	P	False	3	0	0
2018	-5	6	68	43	10	his	1	0	260	-5	his	False	P	False	3	0	1
2019	-5	6	60	43	11	his	1	224	188	-5	his	False	P	False	3	0	0
2020	-5	6	202	43	12	his	1	148	0	-5	his	False	P	False	3	0	0
2021	-5	6	11	43	13	his	1	260	0	-5	his	False	P	False	3	0	0
2022	-5	6	170	43	14	his	1	0	440	-5	his	False	P	False	3	0	1
2023	-5	6	28	43	15	his	1	252	0	-5	his	False	P	False	3	0	0
2024	-5	6	84	43	16	his	1	0	188	-5	his	False	P	False	3	0	1
2025	-5	6	114	43	17	his	1	360	0	-5	his	False	P	False	3	0	0
2026	-5	6	25	43	18	his	1	204	148	-5	his	False	P	False	3	0	0
2027	-5	6	115	43	19	his	1	220	184	-5	his	False	P	False	3	0	0
2028	-5	6	109	43	20	his	1	0	324	-5	his	False	P	False	3	0	1
2029	-5	6	32	43	21	his	1	120	104	-5	his	False	P	False	3	0	0
2030	-5	6	120	43	22	his	1	216	0	-5	his	False	P	False	3	0	0
2031	-5	6	160	43	23	his	1	172	656	-5	his	False	P	False	3	0	0
2032	-5	6	68	43	24	his	1	264	0	-5	his	False	P	False	3	0	0
2033	-5	6	9	43	25	his	1	0	0	-5	his	False	P	False	3	0	1
2034	-5	6	138	43	27	his	1	196	668	-5	his	False	P	False	3	0	0
2035	-5	6	8	43	28	his	1	324	440	-5	his	False	P	False	3	0	0
2036	-5	6	64	43	29	his	1	136	160	-5	his	False	P	False	3	0	0
2037	-5	6	98	43	30	his	1	492	0	-5	his	False	P	False	3	0	0
2038	-5	6	167	43	31	his	1	0	0	-5	his	False	P	False	3	0	1
2039	-5	6	132	43	32	his	1	216	312	-5	his	False	P	False	3	0	0
2040	-5	6	17	43	33	his	1	172	260	-5	his	False	P	False	3	0	0
2041	-5	6	5	43	34	his	1	156	176	-5	his	False	P	False	3	0	0
2042	-5	6	91	43	35	his	1	324	0	-5	his	False	P	False	3	0	0
2043	-5	6	153	43	36	his	1	164	0	-5	his	False	P	False	3	0	0
2044	-5	6	34	43	37	his	1	396	0	-5	his	False	P	False	3	0	0
2045	-5	6	192	43	38	his	1	192	0	-5	his	False	P	False	3	0	0
2046	-5	6	45	43	39	his	1	0	232	-5	his	False	P	False	3	0	1
2047	-5	6	184	43	40	his	1	368	0	-5	his	False	P	False	3	0	0
2048	-5	6	17	43	41	his	1	164	428	-5	his	False	P	False	3	0	0
2049	-5	6	131	43	42	his	1	0	220	-5	his	False	P	False	3	0	1
2050	-5	6	161	43	43	his	1	300	260	-5	his	False	P	False	3	0	0
2051	-4	6	96	45	1	his	1	380	1032	-4	his	False	P	False	3	0	0
2052	-4	6	168	45	2	his	1	208	0	-4	his	False	P	False	3	0	0
2053	-4	6	196	45	3	his	1	380	100	-4	his	False	P	False	3	0	0
2054	-4	6	152	45	4	his	1	120	592	-4	his	False	P	False	3	0	0
2055	-4	6	75	45	5	his	1	0	0	-4	his	False	P	False	3	0	1
2056	-4	6	37	45	6	his	1	220	0	-4	his	False	P	False	3	0	0
2057	-4	6	119	45	7	his	1	160	396	-4	his	False	P	False	3	0	0
2058	-4	6	127	45	8	his	1	208	0	-4	his	False	P	False	3	0	0
2059	-4	6	35	45	10	his	1	300	136	-4	his	False	P	False	3	0	0
2060	-4	6	119	45	11	his	1	196	0	-4	his	False	P	False	3	0	0
2061	-4	6	99	45	12	his	1	0	0	-4	his	False	P	False	3	0	1
2062	-4	6	28	45	13	his	1	72	0	-4	his	False	P	False	3	0	0
2063	-4	6	6	45	14	his	1	0	232	-4	his	False	P	False	3	0	1
2064	-4	6	173	45	15	his	1	164	0	-4	his	False	P	False	3	0	0
2065	-4	6	187	45	16	his	1	540	448	-4	his	False	P	False	3	0	0
2066	-4	6	47	45	17	his	1	0	224	-4	his	False	P	False	3	0	1
2067	-4	6	71	45	18	his	1	0	168	-4	his	False	P	False	3	0	1
2068	-4	6	165	45	19	his	1	196	0	-4	his	False	P	False	3	0	0
2069	-4	6	9	45	20	his	1	244	108	-4	his	False	P	False	3	0	0
2070	-4	6	161	45	21	his	1	200	212	-4	his	False	P	False	3	0	0
2071	-4	6	34	45	22	his	1	0	232	-4	his	False	P	False	3	0	1
2072	-4	6	104	45	23	his	1	0	0	-4	his	False	P	False	3	0	1
2073	-4	6	144	45	24	his	1	0	296	-4	his	False	P	False	3	0	1
2074	-4	6	82	45	25	his	1	212	0	-4	his	False	P	False	3	0	0
2075	-4	6	57	45	27	his	1	236	792	-4	his	False	P	False	3	0	0
2076	-4	6	35	45	28	his	1	0	332	-4	his	False	P	False	3	0	1
2077	-4	6	100	45	29	his	1	240	144	-4	his	False	P	False	3	0	0
2078	-4	6	164	45	30	his	1	268	536	-4	his	False	P	False	3	0	0
2079	-4	6	125	45	31	his	1	204	92	-4	his	False	P	False	3	0	0
2080	-4	6	81	45	32	his	1	368	224	-4	his	False	P	False	3	0	0
2081	-4	6	152	45	33	his	1	176	116	-4	his	False	P	False	3	0	0
2082	-4	6	141	45	34	his	1	200	0	-4	his	False	P	False	3	0	0
2083	-4	6	99	45	35	his	1	0	340	-4	his	False	P	False	3	0	1
2084	-4	6	113	45	36	his	1	244	0	-4	his	False	P	False	3	0	0
2085	-4	6	32	45	37	his	1	144	0	-4	his	False	P	False	3	0	0
2086	-4	6	161	45	38	his	1	104	0	-4	his	False	P	False	3	0	0
2087	-4	6	74	45	39	his	1	0	0	-4	his	False	P	False	3	0	1
2088	-4	6	15	45	40	his	1	128	760	-4	his	False	P	False	3	0	0
2089	-4	6	2	45	41	his	1	672	0	-4	his	False	P	False	3	0	0
2090	-4	6	160	45	42	his	1	0	164	-4	his	False	P	False	3	0	1
2091	-4	6	172	45	43	his	1	260	572	-4	his	False	P	False	3	0	0
2092	-5	5	28	46	1	his	1	296	148	-5	his	False	P	False	3	0	0
2093	-5	5	87	46	2	his	1	252	24	-5	his	False	P	False	3	0	0
2094	-5	5	157	46	3	his	1	316	212	-5	his	False	P	False	3	0	0
2095	-5	5	92	46	4	his	1	176	152	-5	his	False	P	False	3	0	0
2096	-5	5	161	46	5	his	1	208	396	-5	his	False	P	False	3	0	0
2097	-5	5	107	46	6	his	1	0	192	-5	his	False	P	False	3	0	1
2098	-5	5	145	46	7	his	1	160	80	-5	his	False	P	False	3	0	0
2099	-5	5	93	46	8	his	1	224	152	-5	his	False	P	False	3	0	0
2100	-5	5	81	46	10	his	1	244	180	-5	his	False	P	False	3	0	0
2101	-5	5	41	46	11	his	1	164	344	-5	his	False	P	False	3	0	0
2102	-5	5	31	46	12	his	1	0	0	-5	his	False	P	False	3	0	1
2103	-5	5	15	46	13	his	1	240	0	-5	his	False	P	False	3	0	0
2104	-5	5	199	46	14	his	1	272	176	-5	his	False	P	False	3	0	0
2105	-5	5	135	46	15	his	1	0	536	-5	his	False	P	False	3	0	1
2106	-5	5	200	46	16	his	1	352	452	-5	his	False	P	False	3	0	0
2107	-5	5	57	46	17	his	1	0	192	-5	his	False	P	False	3	0	1
2108	-5	5	168	46	18	his	1	0	328	-5	his	False	P	False	3	0	1
2109	-5	5	184	46	19	his	1	328	132	-5	his	False	P	False	3	0	0
2110	-5	5	160	46	20	his	1	248	208	-5	his	False	P	False	3	0	0
2111	-5	5	13	46	21	his	1	0	376	-5	his	False	P	False	3	0	1
2112	-5	5	27	46	22	his	1	0	184	-5	his	False	P	False	3	0	1
2113	-5	5	153	46	23	his	1	272	64	-5	his	False	P	False	3	0	0
2114	-5	5	179	46	24	his	1	280	520	-5	his	False	P	False	3	0	0
2115	-5	5	89	46	25	his	1	120	228	-5	his	False	P	False	3	0	0
2116	-5	5	107	46	27	his	1	420	420	-5	his	False	P	False	3	0	0
2117	-5	5	194	46	28	his	1	0	176	-5	his	False	P	False	3	0	1
2118	-5	5	147	46	29	his	1	132	148	-5	his	False	P	False	3	0	0
2119	-5	5	22	46	30	his	1	256	300	-5	his	False	P	False	3	0	0
2120	-5	5	12	46	31	his	1	180	168	-5	his	False	P	False	3	0	0
2121	-5	5	90	46	32	his	1	212	136	-5	his	False	P	False	3	0	0
2122	-5	5	74	46	33	his	1	116	200	-5	his	False	P	False	3	0	0
2123	-5	5	115	46	34	his	1	0	352	-5	his	False	P	False	3	0	1
2124	-5	5	76	46	35	his	1	0	332	-5	his	False	P	False	3	0	1
2125	-5	5	117	46	36	his	1	276	0	-5	his	False	P	False	3	0	0
2126	-5	5	26	46	37	his	1	0	188	-5	his	False	P	False	3	0	1
2127	-5	5	193	46	38	his	1	0	152	-5	his	False	P	False	3	0	1
2128	-5	5	134	46	39	his	1	204	232	-5	his	False	P	False	3	0	0
2129	-5	5	22	46	40	his	1	324	132	-5	his	False	P	False	3	0	0
2130	-5	5	7	46	41	his	1	0	0	-5	his	False	P	False	3	0	1
2131	-5	5	171	46	42	his	1	0	276	-5	his	False	P	False	3	0	1
2132	-5	5	32	46	43	his	1	152	172	-5	his	False	P	False	3	0	0
2133	-5	6	44	47	1	his	1	524	1040	-5	his	False	P	False	3	0	0
2134	-5	6	190	47	2	his	1	168	268	-5	his	False	P	False	3	0	0
2135	-5	6	166	47	3	his	1	260	0	-5	his	False	P	False	3	0	0
2136	-5	6	57	47	4	his	1	0	0	-5	his	False	P	False	3	0	1
2137	-5	6	95	47	5	his	1	0	220	-5	his	False	P	False	3	0	1
2138	-5	6	50	47	6	his	1	732	0	-5	his	False	P	False	3	0	0
2139	-5	6	38	47	7	his	1	136	196	-5	his	False	P	False	3	0	0
2140	-5	6	82	47	8	his	1	392	0	-5	his	False	P	False	3	0	0
2141	-5	6	61	47	10	his	1	296	0	-5	his	False	P	False	3	0	0
2142	-5	6	169	47	11	his	1	312	0	-5	his	False	P	False	3	0	0
2143	-5	6	86	47	12	his	1	320	0	-5	his	False	P	False	3	0	0
2144	-5	6	26	47	13	his	1	336	656	-5	his	False	P	False	3	0	0
2145	-5	6	61	47	14	his	1	176	608	-5	his	False	P	False	3	0	0
2146	-5	6	37	47	15	his	1	356	0	-5	his	False	P	False	3	0	0
2147	-5	6	162	47	16	his	1	532	812	-5	his	False	P	False	3	0	0
2148	-5	6	8	47	17	his	1	0	172	-5	his	False	P	False	3	0	1
2149	-5	6	68	47	18	his	1	0	676	-5	his	False	P	False	3	0	1
2150	-5	6	67	47	19	his	1	176	136	-5	his	False	P	False	3	0	0
2151	-5	6	137	47	20	his	1	152	208	-5	his	False	P	False	3	0	0
2152	-5	6	177	47	21	his	1	0	224	-5	his	False	P	False	3	0	1
2153	-5	6	179	47	22	his	1	324	308	-5	his	False	P	False	3	0	0
2154	-5	6	9	47	23	his	1	244	1060	-5	his	False	P	False	3	0	0
2155	-5	6	43	47	24	his	1	520	0	-5	his	False	P	False	3	0	0
2156	-5	6	36	47	25	his	1	0	304	-5	his	False	P	False	3	0	1
2157	-5	6	71	47	27	his	1	0	248	-5	his	False	P	False	3	0	1
2158	-5	6	7	47	28	his	1	440	196	-5	his	False	P	False	3	0	0
2159	-5	6	172	47	29	his	1	388	316	-5	his	False	P	False	3	0	0
2160	-5	6	64	47	30	his	1	200	0	-5	his	False	P	False	3	0	0
2161	-5	6	98	47	31	his	1	144	0	-5	his	False	P	False	3	0	0
2162	-5	6	125	47	32	his	1	164	356	-5	his	False	P	False	3	0	0
2163	-5	6	19	47	33	his	1	0	232	-5	his	False	P	False	3	0	1
2164	-5	6	163	47	34	his	1	1196	0	-5	his	False	P	False	3	0	0
2165	-5	6	30	47	35	his	1	200	416	-5	his	False	P	False	3	0	0
2166	-5	6	169	47	36	his	1	0	0	-5	his	False	P	False	3	0	1
2167	-5	6	108	47	37	his	1	536	292	-5	his	False	P	False	3	0	0
2168	-5	6	95	47	38	his	1	0	200	-5	his	False	P	False	3	0	1
2169	-5	6	64	47	39	his	1	256	0	-5	his	False	P	False	3	0	0
2170	-5	6	75	47	40	his	1	264	484	-5	his	False	P	False	3	0	0
2171	-5	6	150	47	41	his	1	160	428	-5	his	False	P	False	3	0	0
2172	-5	6	21	47	42	his	1	288	720	-5	his	False	P	False	3	0	0
2173	-5	6	171	47	43	his	1	292	200	-5	his	False	P	False	3	0	0
2174	-5	6	56	48	1	his	1	248	728	-5	his	False	P	False	3	0	0
2175	-5	6	136	48	2	his	1	600	0	-5	his	False	P	False	3	0	0
2176	-5	6	9	48	3	his	1	340	0	-5	his	False	P	False	3	0	0
2177	-5	6	131	48	4	his	1	172	264	-5	his	False	P	False	3	0	0
2178	-5	6	114	48	5	his	1	252	0	-5	his	False	P	False	3	0	0
2179	-5	6	143	48	6	his	1	0	244	-5	his	False	P	False	3	0	1
2180	-5	6	46	48	7	his	1	136	52	-5	his	False	P	False	3	0	0
2181	-5	6	88	48	8	his	1	288	316	-5	his	False	P	False	3	0	0
2182	-5	6	23	48	10	his	1	268	184	-5	his	False	P	False	3	0	0
2183	-5	6	1	48	11	his	1	320	296	-5	his	False	P	False	3	0	0
2184	-5	6	154	48	12	his	1	440	0	-5	his	False	P	False	3	0	0
2185	-5	6	190	48	13	his	1	0	796	-5	his	False	P	False	3	0	1
2186	-5	6	110	48	14	his	1	204	336	-5	his	False	P	False	3	0	0
2187	-5	6	20	48	15	his	1	92	340	-5	his	False	P	False	3	0	0
2188	-5	6	79	48	16	his	1	192	2100	-5	his	False	P	False	3	0	0
2189	-5	6	75	48	17	his	1	0	816	-5	his	False	P	False	3	0	1
2190	-5	6	39	48	18	his	1	0	248	-5	his	False	P	False	3	0	1
2191	-5	6	204	48	19	his	1	260	0	-5	his	False	P	False	3	0	0
2192	-5	6	78	48	20	his	1	0	280	-5	his	False	P	False	3	0	1
2193	-5	6	34	48	21	his	1	0	320	-5	his	False	P	False	3	0	1
2194	-5	6	11	48	22	his	1	284	660	-5	his	False	P	False	3	0	0
2195	-5	6	83	48	23	his	1	0	376	-5	his	False	P	False	3	0	1
2196	-5	6	76	48	24	his	1	460	364	-5	his	False	P	False	3	0	0
2197	-5	6	128	48	25	his	1	0	0	-5	his	False	P	False	3	0	1
2198	-5	6	60	48	27	his	1	320	456	-5	his	False	P	False	3	0	0
2199	-5	6	67	48	28	his	1	364	432	-5	his	False	P	False	3	0	0
2200	-5	6	1	48	29	his	1	0	340	-5	his	False	P	False	3	0	1
2201	-5	6	146	48	30	his	1	420	0	-5	his	False	P	False	3	0	0
2202	-5	6	149	48	31	his	1	0	316	-5	his	False	P	False	3	0	1
2203	-5	6	191	48	32	his	1	160	0	-5	his	False	P	False	3	0	0
2204	-5	6	98	48	33	his	1	184	204	-5	his	False	P	False	3	0	0
2205	-5	6	183	48	34	his	1	688	0	-5	his	False	P	False	3	0	0
2206	-5	6	25	48	35	his	1	0	720	-5	his	False	P	False	3	0	1
2207	-5	6	60	48	36	his	1	256	0	-5	his	False	P	False	3	0	0
2208	-5	6	168	48	37	his	1	544	0	-5	his	False	P	False	3	0	0
2209	-5	6	170	48	38	his	1	868	0	-5	his	False	P	False	3	0	0
2210	-5	6	89	48	39	his	1	192	0	-5	his	False	P	False	3	0	0
2211	-5	6	173	48	40	his	1	0	0	-5	his	False	P	False	3	0	1
2212	-5	6	61	48	41	his	1	0	668	-5	his	False	P	False	3	0	1
2213	-5	6	88	48	42	his	1	160	228	-5	his	False	P	False	3	0	0
2214	-5	6	167	48	43	his	1	244	564	-5	his	False	P	False	3	0	0
2215	-3	5	21	49	1	his	1	0	144	-3	his	False	P	False	3	0	1
2216	-3	5	71	49	2	his	1	184	140	-3	his	False	P	False	3	0	0
2217	-3	5	97	49	3	his	1	152	356	-3	his	False	P	False	3	0	0
2218	-3	5	192	49	4	his	1	0	304	-3	his	False	P	False	3	0	1
2219	-3	5	56	49	5	his	1	0	388	-3	his	False	P	False	3	0	1
2220	-3	5	114	49	6	his	1	0	268	-3	his	False	P	False	3	0	1
2221	-3	5	26	49	7	his	1	84	0	-3	his	False	P	False	3	0	0
2222	-3	5	55	49	8	his	1	172	232	-3	his	False	P	False	3	0	0
2223	-3	5	101	49	10	his	1	140	152	-3	his	False	P	False	3	0	0
2224	-3	5	45	49	11	his	1	140	168	-3	his	False	P	False	3	0	0
2225	-3	5	60	49	12	his	1	0	284	-3	his	False	P	False	3	0	1
2226	-3	5	90	49	13	his	1	216	284	-3	his	False	P	False	3	0	0
2227	-3	5	91	49	14	his	1	520	240	-3	his	False	P	False	3	0	0
2228	-3	5	150	49	15	his	1	0	156	-3	his	False	P	False	3	0	1
2229	-3	5	9	49	16	his	1	160	208	-3	his	False	P	False	3	0	0
2230	-3	5	175	49	17	his	1	272	0	-3	his	False	P	False	3	0	0
2231	-3	5	104	49	18	his	1	180	188	-3	his	False	P	False	3	0	0
2232	-3	5	34	49	19	his	1	0	168	-3	his	False	P	False	3	0	1
2233	-3	5	61	49	20	his	1	0	148	-3	his	False	P	False	3	0	1
2234	-3	5	16	49	21	his	1	152	192	-3	his	False	P	False	3	0	0
2235	-3	5	85	49	22	his	1	192	228	-3	his	False	P	False	3	0	0
2236	-3	5	94	49	23	his	1	164	260	-3	his	False	P	False	3	0	0
2237	-3	5	160	49	24	his	1	472	252	-3	his	False	P	False	3	0	0
2238	-3	5	13	49	25	his	1	0	0	-3	his	False	P	False	3	0	1
2239	-3	5	4	49	27	his	1	0	276	-3	his	False	P	False	3	0	1
2240	-3	5	187	49	28	his	1	184	208	-3	his	False	P	False	3	0	0
2241	-3	5	4	49	29	his	1	132	184	-3	his	False	P	False	3	0	0
2242	-3	5	6	49	30	his	1	280	0	-3	his	False	P	False	3	0	0
2243	-3	5	48	49	31	his	1	148	0	-3	his	False	P	False	3	0	0
2244	-3	5	70	49	32	his	1	156	220	-3	his	False	P	False	3	0	0
2245	-3	5	179	49	33	his	1	0	0	-3	his	False	P	False	3	0	1
2246	-3	5	91	49	34	his	1	0	404	-3	his	False	P	False	3	0	1
2247	-3	5	90	49	35	his	1	172	184	-3	his	False	P	False	3	0	0
2248	-3	5	51	49	36	his	1	0	0	-3	his	False	P	False	3	0	1
2249	-3	5	59	49	37	his	1	236	152	-3	his	False	P	False	3	0	0
2250	-3	5	158	49	38	his	1	0	244	-3	his	False	P	False	3	0	1
2251	-3	5	197	49	39	his	1	0	148	-3	his	False	P	False	3	0	1
2252	-3	5	7	49	40	his	1	192	188	-3	his	False	P	False	3	0	0
2253	-3	5	50	49	41	his	1	0	0	-3	his	False	P	False	3	0	1
2254	-3	5	42	49	42	his	1	160	136	-3	his	False	P	False	3	0	0
2255	-3	5	136	49	43	his	1	0	496	-3	his	False	P	False	3	0	1
2256	-4	6	50	52	1	her	1	344	340	-4	her	False	O	False	3	1	0
2257	-4	6	167	52	2	her	1	220	224	-4	her	False	O	False	3	1	0
2258	-4	6	68	52	3	her	1	200	0	-4	her	False	O	False	3	1	0
2259	-4	6	35	52	4	her	1	228	396	-4	her	False	O	False	3	1	0
2260	-4	6	85	52	5	her	1	0	220	-4	her	False	O	False	3	1	1
2261	-4	6	122	52	6	her	1	504	0	-4	her	False	O	False	3	1	0
2262	-4	6	14	52	7	her	1	176	180	-4	her	False	O	False	3	1	0
2263	-4	6	159	52	8	her	1	1292	0	-4	her	False	O	False	3	1	0
2264	-4	6	198	52	10	her	1	408	24	-4	her	False	O	False	3	1	0
2265	-4	6	48	52	11	her	1	264	232	-4	her	False	O	False	3	1	0
2266	-4	6	78	52	12	her	1	688	0	-4	her	False	O	False	3	1	0
2267	-4	6	14	52	13	her	1	224	384	-4	her	False	O	False	3	1	0
2268	-4	6	168	52	14	her	1	208	0	-4	her	False	O	False	3	1	0
2269	-4	6	200	52	15	her	1	332	164	-4	her	False	O	False	3	1	0
2270	-4	6	195	52	16	her	1	288	484	-4	her	False	O	False	3	1	0
2271	-4	6	105	52	17	her	1	1068	0	-4	her	False	O	False	3	1	0
2272	-4	6	89	52	18	her	1	0	52	-4	her	False	O	False	3	1	1
2273	-4	6	142	52	19	her	1	200	0	-4	her	False	O	False	3	1	0
2274	-4	6	149	52	20	her	1	0	212	-4	her	False	O	False	3	1	1
2275	-4	6	30	52	21	her	1	0	140	-4	her	False	O	False	3	1	1
2276	-4	6	157	52	22	her	1	256	0	-4	her	False	O	False	3	1	0
2277	-4	6	20	52	23	her	1	172	440	-4	her	False	O	False	3	1	0
2278	-4	6	138	52	24	her	1	0	136	-4	her	False	O	False	3	1	1
2279	-4	6	17	52	25	her	1	0	0	-4	her	False	O	False	3	1	1
2280	-4	6	47	52	27	her	1	232	0	-4	her	False	O	False	3	1	0
2281	-4	6	72	52	28	her	1	172	368	-4	her	False	O	False	3	1	0
2282	-4	6	131	52	29	her	1	108	304	-4	her	False	O	False	3	1	0
2283	-4	6	188	52	30	her	1	256	408	-4	her	False	O	False	3	1	0
2284	-4	6	68	52	31	her	1	0	624	-4	her	False	O	False	3	1	1
2285	-4	6	13	52	32	her	1	232	268	-4	her	False	O	False	3	1	0
2286	-4	6	171	52	33	her	1	328	0	-4	her	False	O	False	3	1	0
2287	-4	6	131	52	34	her	1	268	344	-4	her	False	O	False	3	1	0
2288	-4	6	166	52	35	her	1	0	524	-4	her	False	O	False	3	1	1
2289	-4	6	120	52	36	her	1	0	0	-4	her	False	O	False	3	1	1
2290	-4	6	178	52	37	her	1	176	368	-4	her	False	O	False	3	1	0
2291	-4	6	164	52	38	her	1	0	480	-4	her	False	O	False	3	1	1
2292	-4	6	201	52	39	her	1	148	0	-4	her	False	O	False	3	1	0
2293	-4	6	17	52	40	her	1	268	232	-4	her	False	O	False	3	1	0
2294	-4	6	66	52	41	her	1	212	368	-4	her	False	O	False	3	1	0
2295	-4	6	61	52	42	her	1	232	512	-4	her	False	O	False	3	1	0
2296	-4	6	94	52	43	her	1	232	0	-4	her	False	O	False	3	1	0
2297	-3	6	198	59	1	he	1	0	188	-3	he	False	O	False	2	1	1
2298	-3	6	32	59	2	he	1	284	156	-3	he	False	O	False	2	1	0
2299	-3	6	33	59	3	he	1	172	348	-3	he	False	O	False	2	1	0
2300	-3	6	156	59	4	he	1	0	388	-3	he	False	O	False	2	1	1
2301	-3	6	184	59	5	he	1	0	0	-3	he	False	O	False	2	1	1
2302	-3	6	100	59	6	he	1	144	0	-3	he	False	O	False	2	1	0
2303	-3	6	3	59	7	he	1	0	0	-3	he	False	O	False	2	1	1
2304	-3	6	167	59	8	he	1	0	308	-3	he	False	O	False	2	1	1
2305	-3	6	63	59	10	he	1	0	200	-3	he	False	O	False	2	1	1
2306	-3	6	139	59	11	he	1	0	304	-3	he	False	O	False	2	1	1
2307	-3	6	165	59	12	he	1	0	244	-3	he	False	O	False	2	1	1
2308	-3	6	120	59	13	he	1	0	412	-3	he	False	O	False	2	1	1
2309	-3	6	38	59	14	he	1	0	212	-3	he	False	O	False	2	1	1
2310	-3	6	22	59	15	he	1	0	0	-3	he	False	O	False	2	1	1
2311	-3	6	73	59	16	he	1	0	148	-3	he	False	O	False	2	1	1
2312	-3	6	108	59	17	he	1	0	392	-3	he	False	O	False	2	1	1
2313	-3	6	103	59	18	he	1	164	0	-3	he	False	O	False	2	1	0
2314	-3	6	121	59	19	he	1	0	400	-3	he	False	O	False	2	1	1
2315	-3	6	125	59	20	he	1	124	0	-3	he	False	O	False	2	1	0
2316	-3	6	187	59	21	he	1	0	144	-3	he	False	O	False	2	1	1
2317	-3	6	42	59	22	he	1	144	600	-3	he	False	O	False	2	1	0
2318	-3	6	193	59	23	he	1	0	332	-3	he	False	O	False	2	1	1
2319	-3	6	79	59	24	he	1	0	308	-3	he	False	O	False	2	1	1
2320	-3	6	73	59	25	he	1	0	208	-3	he	False	O	False	2	1	1
2321	-3	6	192	59	27	he	1	0	188	-3	he	False	O	False	2	1	1
2322	-3	6	113	59	28	he	1	0	208	-3	he	False	O	False	2	1	1
2323	-3	6	164	59	29	he	1	0	180	-3	he	False	O	False	2	1	1
2324	-3	6	187	59	30	he	1	244	216	-3	he	False	O	False	2	1	0
2325	-3	6	32	59	31	he	1	0	176	-3	he	False	O	False	2	1	1
2326	-3	6	149	59	32	he	1	0	0	-3	he	False	O	False	2	1	1
2327	-3	6	156	59	33	he	1	264	128	-3	he	False	O	False	2	1	0
2328	-3	6	20	59	34	he	1	0	208	-3	he	False	O	False	2	1	1
2329	-3	6	38	59	35	he	1	168	0	-3	he	False	O	False	2	1	0
2330	-3	6	5	59	36	he	1	0	0	-3	he	False	O	False	2	1	1
2331	-3	6	94	59	37	he	1	136	180	-3	he	False	O	False	2	1	0
2332	-3	6	188	59	38	he	1	0	152	-3	he	False	O	False	2	1	1
2333	-3	6	110	59	39	he	1	0	0	-3	he	False	O	False	2	1	1
2334	-3	6	159	59	40	he	1	0	0	-3	he	False	O	False	2	1	1
2335	-3	6	29	59	41	he	1	0	220	-3	he	False	O	False	2	1	1
2336	-3	6	6	59	42	he	1	0	224	-3	he	False	O	False	2	1	1
2337	-3	6	39	59	43	he	1	92	396	-3	he	False	O	False	2	1	0
2338	-4	7	100	66	1	his	1	160	80	-4	his	False	P	False	3	1	0
2339	-4	7	141	66	2	his	1	108	108	-4	his	False	P	False	3	1	0
2340	-4	7	44	66	3	his	1	372	700	-4	his	False	P	False	3	1	0
2341	-4	7	3	66	4	his	1	328	156	-4	his	False	P	False	3	1	0
2342	-4	7	158	66	5	his	1	0	224	-4	his	False	P	False	3	1	1
2343	-4	7	154	66	6	his	1	0	272	-4	his	False	P	False	3	1	1
2344	-4	7	17	66	7	his	1	188	320	-4	his	False	P	False	3	1	0
2345	-4	7	105	66	8	his	1	792	268	-4	his	False	P	False	3	1	0
2346	-4	7	157	66	10	his	1	248	384	-4	his	False	P	False	3	1	0
2347	-4	7	148	66	11	his	1	356	108	-4	his	False	P	False	3	1	0
2348	-4	7	66	66	12	his	1	320	0	-4	his	False	P	False	3	1	0
2349	-4	7	43	66	13	his	1	384	216	-4	his	False	P	False	3	1	0
2350	-4	7	17	66	14	his	1	576	0	-4	his	False	P	False	3	1	0
2351	-4	7	45	66	15	his	1	280	152	-4	his	False	P	False	3	1	0
2352	-4	7	201	66	16	his	1	208	204	-4	his	False	P	False	3	1	0
2353	-4	7	157	66	17	his	1	520	0	-4	his	False	P	False	3	1	0
2354	-4	7	205	66	18	his	1	376	0	-4	his	False	P	False	3	1	0
2355	-4	7	174	66	19	his	1	168	100	-4	his	False	P	False	3	1	0
2356	-4	7	107	66	20	his	1	0	168	-4	his	False	P	False	3	1	1
2357	-4	7	160	66	21	his	1	0	160	-4	his	False	P	False	3	1	1
2358	-4	7	144	66	22	his	1	612	292	-4	his	False	P	False	3	1	0
2359	-4	7	27	66	23	his	1	132	344	-4	his	False	P	False	3	1	0
2360	-4	7	127	66	24	his	1	440	0	-4	his	False	P	False	3	1	0
2361	-4	7	116	66	25	his	1	168	268	-4	his	False	P	False	3	1	0
2362	-4	7	25	66	27	his	1	504	228	-4	his	False	P	False	3	1	0
2363	-4	7	52	66	28	his	1	172	240	-4	his	False	P	False	3	1	0
2364	-4	7	132	66	29	his	1	324	284	-4	his	False	P	False	3	1	0
2365	-4	7	101	66	30	his	1	896	0	-4	his	False	P	False	3	1	0
2366	-4	7	155	66	31	his	1	0	116	-4	his	False	P	False	3	1	1
2367	-4	7	114	66	32	his	1	300	96	-4	his	False	P	False	3	1	0
2368	-4	7	92	66	33	his	1	112	140	-4	his	False	P	False	3	1	0
2369	-4	7	155	66	34	his	1	240	0	-4	his	False	P	False	3	1	0
2370	-4	7	52	66	35	his	1	156	120	-4	his	False	P	False	3	1	0
2371	-4	7	111	66	36	his	1	212	0	-4	his	False	P	False	3	1	0
2372	-4	7	143	66	37	his	1	172	248	-4	his	False	P	False	3	1	0
2373	-4	7	131	66	38	his	1	360	0	-4	his	False	P	False	3	1	0
2374	-4	7	171	66	39	his	1	0	168	-4	his	False	P	False	3	1	1
2375	-4	7	36	66	40	his	1	0	232	-4	his	False	P	False	3	1	1
2376	-4	7	173	66	41	his	1	208	268	-4	his	False	P	False	3	1	0
2377	-4	7	151	66	42	his	1	236	404	-4	his	False	P	False	3	1	0
2378	-4	7	156	66	43	his	1	804	196	-4	his	False	P	False	3	1	0
2379	-5	7	11	71	1	his	1	280	680	-5	his	False	P	False	3	0	0
2380	-5	7	19	71	2	his	1	208	220	-5	his	False	P	False	3	0	0
2381	-5	7	53	71	3	his	1	332	156	-5	his	False	P	False	3	0	0
2382	-5	7	80	71	4	his	1	0	0	-5	his	False	P	False	3	0	1
2383	-5	7	204	71	5	his	1	0	236	-5	his	False	P	False	3	0	1
2384	-5	7	45	71	6	his	1	224	0	-5	his	False	P	False	3	0	0
2385	-5	7	9	71	7	his	1	132	100	-5	his	False	P	False	3	0	0
2386	-5	7	120	71	8	his	1	0	508	-5	his	False	P	False	3	0	1
2387	-5	7	56	71	10	his	1	184	140	-5	his	False	P	False	3	0	0
2388	-5	7	182	71	11	his	1	204	292	-5	his	False	P	False	3	0	0
2389	-5	7	156	71	12	his	1	0	208	-5	his	False	P	False	3	0	1
2390	-5	7	64	71	13	his	1	196	240	-5	his	False	P	False	3	0	0
2391	-5	7	109	71	14	his	1	0	172	-5	his	False	P	False	3	0	1
2392	-5	7	46	71	15	his	1	0	544	-5	his	False	P	False	3	0	1
2393	-5	7	164	71	16	his	1	228	760	-5	his	False	P	False	3	0	0
2394	-5	7	36	71	18	his	1	216	156	-5	his	False	P	False	3	0	0
2395	-5	7	97	71	19	his	1	232	64	-5	his	False	P	False	3	0	0
2396	-5	7	138	71	20	his	1	0	204	-5	his	False	P	False	3	0	1
2397	-5	7	118	71	21	his	1	0	196	-5	his	False	P	False	3	0	1
2398	-5	7	17	71	22	his	1	0	400	-5	his	False	P	False	3	0	1
2399	-5	7	23	71	23	his	1	184	436	-5	his	False	P	False	3	0	0
2400	-5	7	57	71	24	his	1	0	252	-5	his	False	P	False	3	0	1
2401	-5	7	130	71	25	his	1	212	216	-5	his	False	P	False	3	0	0
2402	-5	7	118	71	27	his	1	0	476	-5	his	False	P	False	3	0	1
2403	-5	7	197	71	28	his	1	0	196	-5	his	False	P	False	3	0	1
2404	-5	7	205	71	29	his	1	0	456	-5	his	False	P	False	3	0	1
2405	-5	7	26	71	30	his	1	0	132	-5	his	False	P	False	3	0	1
2406	-5	7	160	71	31	his	1	268	252	-5	his	False	P	False	3	0	0
2407	-5	7	73	71	32	his	1	0	380	-5	his	False	P	False	3	0	1
2408	-5	7	126	71	33	his	1	212	216	-5	his	False	P	False	3	0	0
2409	-5	7	59	71	34	his	1	0	188	-5	his	False	P	False	3	0	1
2410	-5	7	139	71	35	his	1	224	308	-5	his	False	P	False	3	0	0
2411	-5	7	89	71	36	his	1	184	116	-5	his	False	P	False	3	0	0
2412	-5	7	172	71	37	his	1	0	92	-5	his	False	P	False	3	0	1
2413	-5	7	103	71	38	his	1	264	140	-5	his	False	P	False	3	0	0
2414	-5	7	103	71	39	his	1	248	164	-5	his	False	P	False	3	0	0
2415	-5	7	3	71	40	his	1	0	180	-5	his	False	P	False	3	0	1
2416	-5	7	170	71	41	his	1	184	168	-5	his	False	P	False	3	0	0
2417	-5	7	29	71	42	his	1	156	280	-5	his	False	P	False	3	0	0
2418	-5	7	44	71	43	his	1	0	172	-5	his	False	P	False	3	0	1
2419	-3	3	63	87	1	his	1	216	288	-3	his	False	P	False	3	1	0
2420	-3	3	49	87	2	his	1	0	236	-3	his	False	P	False	3	1	1
2421	-3	3	161	87	3	his	1	144	128	-3	his	False	P	False	3	1	0
2422	-3	3	23	87	4	his	1	248	200	-3	his	False	P	False	3	1	0
2423	-3	3	192	87	5	his	1	0	504	-3	his	False	P	False	3	1	1
2424	-3	3	183	87	6	his	1	0	144	-3	his	False	P	False	3	1	1
2425	-3	3	2	87	7	his	1	0	208	-3	his	False	P	False	3	1	1
2426	-3	3	203	87	8	his	1	200	0	-3	his	False	P	False	3	1	0
2427	-3	3	19	87	9	his	1	200	136	-3	his	False	P	False	3	1	0
2428	-3	3	115	87	10	his	1	292	136	-3	his	False	P	False	3	1	0
2429	-3	3	128	87	11	his	1	144	160	-3	his	False	P	False	3	1	0
2430	-3	3	49	87	12	his	1	0	188	-3	his	False	P	False	3	1	1
2431	-3	3	141	87	13	his	1	216	160	-3	his	False	P	False	3	1	0
2432	-3	3	54	87	14	his	1	0	304	-3	his	False	P	False	3	1	1
2433	-3	3	153	87	15	his	1	300	0	-3	his	False	P	False	3	1	0
2434	-3	3	177	87	16	his	1	160	312	-3	his	False	P	False	3	1	0
2435	-3	3	29	87	17	his	1	0	312	-3	his	False	P	False	3	1	1
2436	-3	3	7	87	18	his	1	0	228	-3	his	False	P	False	3	1	1
2437	-3	3	86	87	19	his	1	300	384	-3	his	False	P	False	3	1	0
2438	-3	3	162	87	20	his	1	0	160	-3	his	False	P	False	3	1	1
2439	-3	3	21	87	21	his	1	0	0	-3	his	False	P	False	3	1	1
2440	-3	3	188	87	22	his	1	204	356	-3	his	False	P	False	3	1	0
2441	-3	3	112	87	23	his	1	280	532	-3	his	False	P	False	3	1	0
2442	-3	3	10	87	24	his	1	232	192	-3	his	False	P	False	3	1	0
2443	-3	3	159	87	25	his	1	164	380	-3	his	False	P	False	3	1	0
2444	-3	3	187	87	27	his	1	268	180	-3	his	False	P	False	3	1	0
2445	-3	3	150	87	28	his	1	312	200	-3	his	False	P	False	3	1	0
2446	-3	3	40	87	29	his	1	0	0	-3	his	False	P	False	3	1	1
2447	-3	3	149	87	30	his	1	244	184	-3	his	False	P	False	3	1	0
2448	-3	3	42	87	31	his	1	0	212	-3	his	False	P	False	3	1	1
2449	-3	3	64	87	32	his	1	268	288	-3	his	False	P	False	3	1	0
2450	-3	3	4	87	33	his	1	168	96	-3	his	False	P	False	3	1	0
2451	-3	3	169	87	34	his	1	200	188	-3	his	False	P	False	3	1	0
2452	-3	3	112	87	35	his	1	232	188	-3	his	False	P	False	3	1	0
2453	-3	3	84	87	36	his	1	0	304	-3	his	False	P	False	3	1	1
2454	-3	3	65	87	37	his	1	180	316	-3	his	False	P	False	3	1	0
2455	-3	3	145	87	38	his	1	0	248	-3	his	False	P	False	3	1	1
2456	-3	3	163	87	39	his	1	0	316	-3	his	False	P	False	3	1	1
2457	-3	3	69	87	40	his	1	184	148	-3	his	False	P	False	3	1	0
2458	-3	3	39	87	41	his	1	0	0	-3	his	False	P	False	3	1	1
2459	-3	3	89	87	42	his	1	140	128	-3	his	False	P	False	3	1	0
2460	-3	3	50	87	43	his	1	168	160	-3	his	False	P	False	3	1	0
2461	-6	8	74	88	1	his	1	0	140	-6	his	False	P	False	3	1	1
2462	-6	8	52	88	2	his	1	0	216	-6	his	False	P	False	3	1	1
2463	-6	8	54	88	3	his	1	224	240	-6	his	False	P	False	3	1	0
2464	-6	8	205	88	4	his	1	372	284	-6	his	False	P	False	3	1	0
2465	-6	8	118	88	5	his	1	236	168	-6	his	False	P	False	3	1	0
2466	-6	8	68	88	6	his	1	128	0	-6	his	False	P	False	3	1	0
2467	-6	8	150	88	7	his	1	188	196	-6	his	False	P	False	3	1	0
2468	-6	8	107	88	8	his	1	240	0	-6	his	False	P	False	3	1	0
2469	-6	8	141	88	10	his	1	152	400	-6	his	False	P	False	3	1	0
2470	-6	8	178	88	11	his	1	220	492	-6	his	False	P	False	3	1	0
2471	-6	8	145	88	12	his	1	108	140	-6	his	False	P	False	3	1	0
2472	-6	8	144	88	13	his	1	0	404	-6	his	False	P	False	3	1	1
2473	-6	8	137	88	14	his	1	472	152	-6	his	False	P	False	3	1	0
2474	-6	8	159	88	15	his	1	0	1032	-6	his	False	P	False	3	1	1
2475	-6	8	61	88	16	his	1	192	356	-6	his	False	P	False	3	1	0
2476	-6	8	131	88	18	his	1	240	204	-6	his	False	P	False	3	1	0
2477	-6	8	6	88	19	his	1	136	204	-6	his	False	P	False	3	1	0
2478	-6	8	76	88	20	his	1	320	164	-6	his	False	P	False	3	1	0
2479	-6	8	131	88	21	his	1	0	176	-6	his	False	P	False	3	1	1
2480	-6	8	168	88	22	his	1	176	144	-6	his	False	P	False	3	1	0
2481	-6	8	126	88	23	his	1	304	228	-6	his	False	P	False	3	1	0
2482	-6	8	198	88	24	his	1	140	272	-6	his	False	P	False	3	1	0
2483	-6	8	75	88	25	his	1	212	204	-6	his	False	P	False	3	1	0
2484	-6	8	10	88	27	his	1	128	260	-6	his	False	P	False	3	1	0
2485	-6	8	188	88	28	his	1	116	172	-6	his	False	P	False	3	1	0
2486	-6	8	15	88	29	his	1	172	272	-6	his	False	P	False	3	1	0
2487	-6	8	31	88	30	his	1	216	392	-6	his	False	P	False	3	1	0
2488	-6	8	122	88	31	his	1	0	96	-6	his	False	P	False	3	1	1
2489	-6	8	153	88	32	his	1	260	0	-6	his	False	P	False	3	1	0
2490	-6	8	109	88	33	his	1	188	76	-6	his	False	P	False	3	1	0
2491	-6	8	128	88	34	his	1	0	316	-6	his	False	P	False	3	1	1
2492	-6	8	199	88	35	his	1	168	124	-6	his	False	P	False	3	1	0
2493	-6	8	3	88	36	his	1	0	212	-6	his	False	P	False	3	1	1
2494	-6	8	205	88	37	his	1	68	0	-6	his	False	P	False	3	1	0
2495	-6	8	91	88	38	his	1	184	236	-6	his	False	P	False	3	1	0
2496	-6	8	150	88	39	his	1	184	360	-6	his	False	P	False	3	1	0
2497	-6	8	79	88	40	his	1	140	0	-6	his	False	P	False	3	1	0
2498	-6	8	176	88	41	his	1	240	312	-6	his	False	P	False	3	1	0
2499	-6	8	62	88	42	his	1	220	488	-6	his	False	P	False	3	1	0
2500	-6	8	17	88	43	his	1	356	152	-6	his	False	P	False	3	1	0
2501	-4	4	67	89	1	he	1	228	180	-4	he	False	O	False	2	1	0
2502	-4	4	163	89	2	he	1	0	188	-4	he	False	O	False	2	1	1
2503	-4	4	148	89	3	he	1	288	276	-4	he	False	O	False	2	1	0
2504	-4	4	137	89	4	he	1	0	0	-4	he	False	O	False	2	1	1
2505	-4	4	188	89	5	he	1	160	180	-4	he	False	O	False	2	1	0
2506	-4	4	81	89	6	he	1	0	148	-4	he	False	O	False	2	1	1
2507	-4	4	50	89	7	he	1	0	0	-4	he	False	O	False	2	1	1
2508	-4	4	164	89	8	he	1	0	184	-4	he	False	O	False	2	1	1
2509	-4	4	130	89	10	he	1	0	164	-4	he	False	O	False	2	1	1
2510	-4	4	101	89	11	he	1	172	0	-4	he	False	O	False	2	1	0
2511	-4	4	126	89	12	he	1	212	0	-4	he	False	O	False	2	1	0
2512	-4	4	193	89	13	he	1	0	204	-4	he	False	O	False	2	1	1
2513	-4	4	150	89	14	he	1	0	200	-4	he	False	O	False	2	1	1
2514	-4	4	175	89	15	he	1	0	176	-4	he	False	O	False	2	1	1
2515	-4	4	204	89	16	he	1	208	152	-4	he	False	O	False	2	1	0
2516	-4	4	72	89	18	he	1	0	212	-4	he	False	O	False	2	1	1
2517	-4	4	63	89	19	he	1	0	156	-4	he	False	O	False	2	1	1
2518	-4	4	123	89	20	he	1	0	148	-4	he	False	O	False	2	1	1
2519	-4	4	93	89	21	he	1	0	224	-4	he	False	O	False	2	1	1
2520	-4	4	9	89	22	he	1	164	252	-4	he	False	O	False	2	1	0
2521	-4	4	48	89	23	he	1	0	292	-4	he	False	O	False	2	1	1
2522	-4	4	176	89	24	he	1	196	188	-4	he	False	O	False	2	1	0
2523	-4	4	30	89	25	he	1	0	252	-4	he	False	O	False	2	1	1
2524	-4	4	18	89	27	he	1	124	184	-4	he	False	O	False	2	1	0
2525	-4	4	184	89	28	he	1	0	476	-4	he	False	O	False	2	1	1
2526	-4	4	174	89	29	he	1	0	224	-4	he	False	O	False	2	1	1
2527	-4	4	99	89	30	he	1	500	200	-4	he	False	O	False	2	1	0
2528	-4	4	166	89	31	he	1	0	152	-4	he	False	O	False	2	1	1
2529	-4	4	116	89	32	he	1	0	504	-4	he	False	O	False	2	1	1
2530	-4	4	113	89	33	he	1	220	176	-4	he	False	O	False	2	1	0
2531	-4	4	18	89	34	he	1	0	256	-4	he	False	O	False	2	1	1
2532	-4	4	65	89	35	he	1	0	244	-4	he	False	O	False	2	1	1
2533	-4	4	17	89	36	he	1	0	232	-4	he	False	O	False	2	1	1
2534	-4	4	83	89	37	he	1	172	88	-4	he	False	O	False	2	1	0
2535	-4	4	169	89	38	he	1	0	312	-4	he	False	O	False	2	1	1
2536	-4	4	131	89	39	he	1	0	0	-4	he	False	O	False	2	1	1
2537	-4	4	68	89	40	he	1	0	432	-4	he	False	O	False	2	1	1
2538	-4	4	100	89	41	he	1	0	220	-4	he	False	O	False	2	1	1
2539	-4	4	33	89	42	he	1	0	296	-4	he	False	O	False	2	1	1
2540	-4	4	38	89	43	he	1	140	148	-4	he	False	O	False	2	1	0
2541	-2	8	67	89	1	his	1	832	0	-2	his	False	P	False	3	2	0
2542	-2	8	163	89	2	his	1	228	0	-2	his	False	P	False	3	2	0
2543	-2	8	148	89	3	his	1	0	80	-2	his	False	P	False	3	2	1
2544	-2	8	137	89	4	his	1	244	472	-2	his	False	P	False	3	2	0
2545	-2	8	188	89	5	his	1	228	160	-2	his	False	P	False	3	2	0
2546	-2	8	81	89	6	his	1	0	0	-2	his	False	P	False	3	2	1
2547	-2	8	50	89	7	his	1	160	288	-2	his	False	P	False	3	2	0
2548	-2	8	164	89	8	his	1	312	0	-2	his	False	P	False	3	2	0
2549	-2	8	130	89	10	his	1	216	208	-2	his	False	P	False	3	2	0
2550	-2	8	101	89	11	his	1	528	152	-2	his	False	P	False	3	2	0
2551	-2	8	126	89	12	his	1	120	0	-2	his	False	P	False	3	2	0
2552	-2	8	193	89	13	his	1	240	520	-2	his	False	P	False	3	2	0
2553	-2	8	150	89	14	his	1	240	424	-2	his	False	P	False	3	2	0
2554	-2	8	175	89	15	his	1	448	0	-2	his	False	P	False	3	2	0
2555	-2	8	204	89	16	his	1	232	476	-2	his	False	P	False	3	2	0
2556	-2	8	72	89	18	his	1	0	112	-2	his	False	P	False	3	2	1
2557	-2	8	63	89	19	his	1	164	164	-2	his	False	P	False	3	2	0
2558	-2	8	123	89	20	his	1	0	248	-2	his	False	P	False	3	2	1
2559	-2	8	93	89	21	his	1	0	144	-2	his	False	P	False	3	2	1
2560	-2	8	9	89	22	his	1	356	780	-2	his	False	P	False	3	2	0
2561	-2	8	48	89	23	his	1	180	188	-2	his	False	P	False	3	2	0
2562	-2	8	176	89	24	his	1	156	0	-2	his	False	P	False	3	2	0
2563	-2	8	30	89	25	his	1	216	236	-2	his	False	P	False	3	2	0
2564	-2	8	18	89	27	his	1	300	244	-2	his	False	P	False	3	2	0
2565	-2	8	184	89	28	his	1	252	260	-2	his	False	P	False	3	2	0
2566	-2	8	174	89	29	his	1	148	332	-2	his	False	P	False	3	2	0
2567	-2	8	99	89	30	his	1	168	380	-2	his	False	P	False	3	2	0
2568	-2	8	166	89	31	his	1	144	0	-2	his	False	P	False	3	2	0
2569	-2	8	116	89	32	his	1	420	228	-2	his	False	P	False	3	2	0
2570	-2	8	113	89	33	his	1	128	372	-2	his	False	P	False	3	2	0
2571	-2	8	18	89	34	his	1	204	0	-2	his	False	P	False	3	2	0
2572	-2	8	65	89	35	his	1	112	236	-2	his	False	P	False	3	2	0
2573	-2	8	17	89	36	his	1	0	184	-2	his	False	P	False	3	2	1
2574	-2	8	83	89	37	his	1	216	356	-2	his	False	P	False	3	2	0
2575	-2	8	169	89	38	his	1	424	0	-2	his	False	P	False	3	2	0
2576	-2	8	131	89	39	his	1	0	168	-2	his	False	P	False	3	2	1
2577	-2	8	68	89	40	his	1	204	252	-2	his	False	P	False	3	2	0
2578	-2	8	100	89	41	his	1	0	160	-2	his	False	P	False	3	2	1
2579	-2	8	33	89	42	his	1	508	0	-2	his	False	P	False	3	2	0
2580	-2	8	38	89	43	his	1	236	120	-2	his	False	P	False	3	2	0
2581	-3	3	13	90	1	his	1	256	244	-3	his	False	P	False	3	1	0
2582	-3	3	170	90	2	his	1	172	156	-3	his	False	P	False	3	1	0
2583	-3	3	72	90	3	his	1	160	296	-3	his	False	P	False	3	1	0
2584	-3	3	143	90	4	his	1	0	204	-3	his	False	P	False	3	1	1
2585	-3	3	169	90	5	his	1	304	228	-3	his	False	P	False	3	1	0
2586	-3	3	172	90	6	his	1	232	276	-3	his	False	P	False	3	1	0
2587	-3	3	190	90	7	his	1	0	144	-3	his	False	P	False	3	1	1
2588	-3	3	36	90	8	his	1	448	0	-3	his	False	P	False	3	1	0
2589	-3	3	71	90	10	his	1	0	264	-3	his	False	P	False	3	1	1
2590	-3	3	21	90	11	his	1	236	0	-3	his	False	P	False	3	1	0
2591	-3	3	203	90	12	his	1	0	152	-3	his	False	P	False	3	1	1
2592	-3	3	140	90	13	his	1	232	164	-3	his	False	P	False	3	1	0
2593	-3	3	132	90	14	his	1	128	220	-3	his	False	P	False	3	1	0
2594	-3	3	131	90	15	his	1	220	0	-3	his	False	P	False	3	1	0
2595	-3	3	119	90	16	his	1	444	152	-3	his	False	P	False	3	1	0
2596	-3	3	69	90	17	his	1	132	180	-3	his	False	P	False	3	1	0
2597	-3	3	102	90	18	his	1	0	184	-3	his	False	P	False	3	1	1
2598	-3	3	187	90	19	his	1	108	304	-3	his	False	P	False	3	1	0
2599	-3	3	175	90	20	his	1	152	148	-3	his	False	P	False	3	1	0
2600	-3	3	182	90	21	his	1	0	0	-3	his	False	P	False	3	1	1
2601	-3	3	165	90	22	his	1	248	468	-3	his	False	P	False	3	1	0
2602	-3	3	197	90	23	his	1	240	0	-3	his	False	P	False	3	1	0
2603	-3	3	8	90	24	his	1	316	0	-3	his	False	P	False	3	1	0
2604	-3	3	117	90	25	his	1	0	216	-3	his	False	P	False	3	1	1
2605	-3	3	123	90	27	his	1	432	248	-3	his	False	P	False	3	1	0
2606	-3	3	96	90	28	his	1	464	152	-3	his	False	P	False	3	1	0
2607	-3	3	10	90	29	his	1	0	0	-3	his	False	P	False	3	1	1
2608	-3	3	4	90	30	his	1	100	412	-3	his	False	P	False	3	1	0
2609	-3	3	154	90	31	his	1	0	156	-3	his	False	P	False	3	1	1
2610	-3	3	62	90	32	his	1	176	284	-3	his	False	P	False	3	1	0
2611	-3	3	157	90	33	his	1	116	204	-3	his	False	P	False	3	1	0
2612	-3	3	143	90	34	his	1	404	0	-3	his	False	P	False	3	1	0
2613	-3	3	101	90	35	his	1	0	352	-3	his	False	P	False	3	1	1
2614	-3	3	114	90	36	his	1	0	188	-3	his	False	P	False	3	1	1
2615	-3	3	125	90	37	his	1	120	480	-3	his	False	P	False	3	1	0
2616	-3	3	46	90	38	his	1	0	320	-3	his	False	P	False	3	1	1
2617	-3	3	116	90	39	his	1	0	152	-3	his	False	P	False	3	1	1
2618	-3	3	193	90	40	his	1	0	0	-3	his	False	P	False	3	1	1
2619	-3	3	45	90	41	his	1	0	0	-3	his	False	P	False	3	1	1
2620	-3	3	94	90	42	his	1	244	0	-3	his	False	P	False	3	1	0
2621	-3	3	203	90	43	his	1	0	180	-3	his	False	P	False	3	1	1
2622	-4	8	13	90	1	his	1	284	752	-4	his	False	P	False	3	2	0
2623	-4	8	170	90	2	his	1	304	0	-4	his	False	P	False	3	2	0
2624	-4	8	72	90	3	his	1	364	144	-4	his	False	P	False	3	2	0
2625	-4	8	143	90	4	his	1	0	560	-4	his	False	P	False	3	2	1
2626	-4	8	169	90	5	his	1	572	0	-4	his	False	P	False	3	2	0
2627	-4	8	172	90	6	his	1	0	0	-4	his	False	P	False	3	2	1
2628	-4	8	190	90	7	his	1	0	136	-4	his	False	P	False	3	2	1
2629	-4	8	36	90	8	his	1	412	0	-4	his	False	P	False	3	2	0
2630	-4	8	71	90	10	his	1	172	116	-4	his	False	P	False	3	2	0
2631	-4	8	21	90	11	his	1	256	404	-4	his	False	P	False	3	2	0
2632	-4	8	203	90	12	his	1	232	0	-4	his	False	P	False	3	2	0
2633	-4	8	140	90	13	his	1	156	372	-4	his	False	P	False	3	2	0
2634	-4	8	132	90	14	his	1	356	136	-4	his	False	P	False	3	2	0
2635	-4	8	131	90	15	his	1	424	200	-4	his	False	P	False	3	2	0
2636	-4	8	119	90	16	his	1	0	996	-4	his	False	P	False	3	2	1
2637	-4	8	69	90	17	his	1	0	212	-4	his	False	P	False	3	2	1
2638	-4	8	102	90	18	his	1	0	308	-4	his	False	P	False	3	2	1
2639	-4	8	187	90	19	his	1	220	0	-4	his	False	P	False	3	2	0
2640	-4	8	175	90	20	his	1	0	176	-4	his	False	P	False	3	2	1
2641	-4	8	182	90	21	his	1	0	236	-4	his	False	P	False	3	2	1
2642	-4	8	165	90	22	his	1	0	660	-4	his	False	P	False	3	2	1
2643	-4	8	197	90	23	his	1	272	604	-4	his	False	P	False	3	2	0
2644	-4	8	8	90	24	his	1	0	180	-4	his	False	P	False	3	2	1
2645	-4	8	117	90	25	his	1	0	216	-4	his	False	P	False	3	2	1
2646	-4	8	123	90	27	his	1	292	148	-4	his	False	P	False	3	2	0
2647	-4	8	96	90	28	his	1	364	512	-4	his	False	P	False	3	2	0
2648	-4	8	10	90	29	his	1	0	620	-4	his	False	P	False	3	2	1
2649	-4	8	4	90	30	his	1	0	388	-4	his	False	P	False	3	2	1
2650	-4	8	154	90	31	his	1	160	280	-4	his	False	P	False	3	2	0
2651	-4	8	62	90	32	his	1	196	236	-4	his	False	P	False	3	2	0
2652	-4	8	157	90	33	his	1	0	392	-4	his	False	P	False	3	2	1
2653	-4	8	143	90	34	his	1	0	452	-4	his	False	P	False	3	2	1
2654	-4	8	101	90	35	his	1	0	428	-4	his	False	P	False	3	2	1
2655	-4	8	114	90	36	his	1	0	180	-4	his	False	P	False	3	2	1
2656	-4	8	125	90	37	his	1	304	144	-4	his	False	P	False	3	2	0
2657	-4	8	46	90	38	his	1	0	220	-4	his	False	P	False	3	2	1
2658	-4	8	116	90	39	his	1	520	0	-4	his	False	P	False	3	2	0
2659	-4	8	193	90	40	his	1	0	0	-4	his	False	P	False	3	2	1
2660	-4	8	45	90	41	his	1	0	300	-4	his	False	P	False	3	2	1
2661	-4	8	94	90	42	his	1	0	244	-4	his	False	P	False	3	2	1
2662	-4	8	203	90	43	his	1	208	100	-4	his	False	P	False	3	2	0
2663	-4	5	193	93	1	his	1	132	204	-4	his	False	P	False	3	1	0
2664	-4	5	34	93	2	his	1	224	0	-4	his	False	P	False	3	1	0
2665	-4	5	28	93	3	his	1	212	308	-4	his	False	P	False	3	1	0
2666	-4	5	146	93	4	his	1	0	216	-4	his	False	P	False	3	1	1
2667	-4	5	163	93	5	his	1	232	272	-4	his	False	P	False	3	1	0
2668	-4	5	25	93	6	his	1	0	256	-4	his	False	P	False	3	1	1
2669	-4	5	124	93	7	his	1	0	156	-4	his	False	P	False	3	1	1
2670	-4	5	144	93	8	his	1	0	308	-4	his	False	P	False	3	1	1
2671	-4	5	1	93	9	his	1	192	108	-4	his	False	P	False	3	1	0
2672	-4	5	111	93	10	his	1	0	0	-4	his	False	P	False	3	1	1
2673	-4	5	25	93	11	his	1	192	148	-4	his	False	P	False	3	1	0
2674	-4	5	185	93	12	his	1	0	264	-4	his	False	P	False	3	1	1
2675	-4	5	205	93	13	his	1	152	120	-4	his	False	P	False	3	1	0
2676	-4	5	167	93	14	his	1	0	180	-4	his	False	P	False	3	1	1
2677	-4	5	41	93	15	his	1	0	212	-4	his	False	P	False	3	1	1
2678	-4	5	2	93	16	his	1	224	136	-4	his	False	P	False	3	1	0
2679	-4	5	172	93	17	his	1	0	164	-4	his	False	P	False	3	1	1
2680	-4	5	92	93	18	his	1	0	164	-4	his	False	P	False	3	1	1
2681	-4	5	110	93	19	his	1	36	300	-4	his	False	P	False	3	1	0
2682	-4	5	62	93	20	his	1	0	200	-4	his	False	P	False	3	1	1
2683	-4	5	112	93	21	his	1	0	124	-4	his	False	P	False	3	1	1
2684	-4	5	10	93	22	his	1	0	0	-4	his	False	P	False	3	1	1
2685	-4	5	32	93	23	his	1	176	512	-4	his	False	P	False	3	1	0
2686	-4	5	177	93	24	his	1	0	296	-4	his	False	P	False	3	1	1
2687	-4	5	135	93	25	his	1	0	332	-4	his	False	P	False	3	1	1
2688	-4	5	3	93	27	his	1	0	348	-4	his	False	P	False	3	1	1
2689	-4	5	90	93	28	his	1	0	148	-4	his	False	P	False	3	1	1
2690	-4	5	95	93	29	his	1	0	236	-4	his	False	P	False	3	1	1
2691	-4	5	1	93	30	his	1	0	496	-4	his	False	P	False	3	1	1
2692	-4	5	94	93	31	his	1	0	188	-4	his	False	P	False	3	1	1
2693	-4	5	29	93	32	his	1	244	0	-4	his	False	P	False	3	1	0
2694	-4	5	201	93	33	his	1	152	224	-4	his	False	P	False	3	1	0
2695	-4	5	12	93	34	his	1	0	164	-4	his	False	P	False	3	1	1
2696	-4	5	109	93	35	his	1	192	200	-4	his	False	P	False	3	1	0
2697	-4	5	148	93	36	his	1	0	244	-4	his	False	P	False	3	1	1
2698	-4	5	97	93	37	his	1	188	0	-4	his	False	P	False	3	1	0
2699	-4	5	62	93	38	his	1	0	296	-4	his	False	P	False	3	1	1
2700	-4	5	127	93	39	his	1	0	428	-4	his	False	P	False	3	1	1
2701	-4	5	88	93	40	his	1	0	140	-4	his	False	P	False	3	1	1
2702	-4	5	165	93	41	his	1	140	244	-4	his	False	P	False	3	1	0
2703	-4	5	124	93	42	his	1	0	200	-4	his	False	P	False	3	1	1
2704	-4	5	74	93	43	his	1	0	216	-4	his	False	P	False	3	1	1
2705	-5	8	82	101	1	his	1	140	0	-5	his	False	P	False	3	0	0
2706	-5	8	133	101	2	his	1	0	220	-5	his	False	P	False	3	0	1
2707	-5	8	192	101	3	his	1	0	124	-5	his	False	P	False	3	0	1
2708	-5	8	189	101	4	his	1	0	164	-5	his	False	P	False	3	0	1
2709	-5	8	66	101	5	his	1	0	180	-5	his	False	P	False	3	0	1
2710	-5	8	184	101	6	his	1	0	324	-5	his	False	P	False	3	0	1
2711	-5	8	77	101	7	his	1	132	188	-5	his	False	P	False	3	0	0
2712	-5	8	49	101	8	his	1	236	0	-5	his	False	P	False	3	0	0
2713	-5	8	178	101	10	his	1	272	160	-5	his	False	P	False	3	0	0
2714	-5	8	156	101	11	his	1	276	164	-5	his	False	P	False	3	0	0
2715	-5	8	155	101	12	his	1	832	0	-5	his	False	P	False	3	0	0
2716	-5	8	91	101	13	his	1	212	284	-5	his	False	P	False	3	0	0
2717	-5	8	4	101	14	his	1	140	428	-5	his	False	P	False	3	0	0
2718	-5	8	143	101	15	his	1	0	236	-5	his	False	P	False	3	0	1
2719	-5	8	148	101	16	his	1	500	308	-5	his	False	P	False	3	0	0
2720	-5	8	53	101	17	his	1	0	424	-5	his	False	P	False	3	0	1
2721	-5	8	35	101	18	his	1	248	412	-5	his	False	P	False	3	0	0
2722	-5	8	73	101	19	his	1	280	0	-5	his	False	P	False	3	0	0
2723	-5	8	124	101	20	his	1	0	292	-5	his	False	P	False	3	0	1
2724	-5	8	35	101	21	his	1	0	280	-5	his	False	P	False	3	0	1
2725	-5	8	1	101	22	his	1	0	668	-5	his	False	P	False	3	0	1
2726	-5	8	26	101	23	his	1	168	388	-5	his	False	P	False	3	0	0
2727	-5	8	66	101	24	his	1	152	200	-5	his	False	P	False	3	0	0
2728	-5	8	169	101	25	his	1	220	136	-5	his	False	P	False	3	0	0
2729	-5	8	172	101	27	his	1	724	0	-5	his	False	P	False	3	0	0
2730	-5	8	182	101	28	his	1	304	0	-5	his	False	P	False	3	0	0
2731	-5	8	123	101	29	his	1	0	368	-5	his	False	P	False	3	0	1
2732	-5	8	42	101	30	his	1	296	148	-5	his	False	P	False	3	0	0
2733	-5	8	53	101	31	his	1	0	180	-5	his	False	P	False	3	0	1
2734	-5	8	127	101	32	his	1	324	596	-5	his	False	P	False	3	0	0
2735	-5	8	54	101	33	his	1	260	692	-5	his	False	P	False	3	0	0
2736	-5	8	172	101	34	his	1	0	160	-5	his	False	P	False	3	0	1
2737	-5	8	22	101	35	his	1	0	460	-5	his	False	P	False	3	0	1
2738	-5	8	173	101	36	his	1	0	236	-5	his	False	P	False	3	0	1
2739	-5	8	71	101	37	his	1	240	600	-5	his	False	P	False	3	0	0
2740	-5	8	4	101	38	his	1	140	488	-5	his	False	P	False	3	0	0
2741	-5	8	53	101	39	his	1	136	132	-5	his	False	P	False	3	0	0
2742	-5	8	187	101	40	his	1	0	0	-5	his	False	P	False	3	0	1
2743	-5	8	188	101	41	his	1	228	0	-5	his	False	P	False	3	0	0
2744	-5	8	140	101	42	his	1	0	252	-5	his	False	P	False	3	0	1
2745	-5	8	134	101	43	his	1	220	288	-5	his	False	P	False	3	0	0
2746	-5	5	122	102	1	his	1	0	172	-5	his	False	P	False	3	0	1
2747	-5	5	18	102	2	his	1	0	208	-5	his	False	P	False	3	0	1
2748	-5	5	167	102	3	his	1	320	148	-5	his	False	P	False	3	0	0
2749	-5	5	19	102	4	his	1	0	244	-5	his	False	P	False	3	0	1
2750	-5	5	57	102	5	his	1	368	0	-5	his	False	P	False	3	0	0
2751	-5	5	179	102	6	his	1	0	180	-5	his	False	P	False	3	0	1
2752	-5	5	116	102	7	his	1	96	0	-5	his	False	P	False	3	0	0
2753	-5	5	34	102	8	his	1	464	0	-5	his	False	P	False	3	0	0
2754	-5	5	12	102	10	his	1	0	144	-5	his	False	P	False	3	0	1
2755	-5	5	179	102	11	his	1	0	176	-5	his	False	P	False	3	0	1
2756	-5	5	113	102	12	his	1	128	0	-5	his	False	P	False	3	0	0
2757	-5	5	102	102	13	his	1	0	156	-5	his	False	P	False	3	0	1
2758	-5	5	125	102	14	his	1	196	184	-5	his	False	P	False	3	0	0
2759	-5	5	194	102	15	his	1	0	144	-5	his	False	P	False	3	0	1
2760	-5	5	7	102	16	his	1	164	140	-5	his	False	P	False	3	0	0
2761	-5	5	123	102	17	his	1	0	56	-5	his	False	P	False	3	0	1
2762	-5	5	138	102	18	his	1	0	140	-5	his	False	P	False	3	0	1
2763	-5	5	157	102	19	his	1	188	112	-5	his	False	P	False	3	0	0
2764	-5	5	159	102	20	his	1	256	200	-5	his	False	P	False	3	0	0
2765	-5	5	109	102	21	his	1	0	144	-5	his	False	P	False	3	0	1
2766	-5	5	26	102	22	his	1	0	140	-5	his	False	P	False	3	0	1
2767	-5	5	202	102	23	his	1	176	360	-5	his	False	P	False	3	0	0
2768	-5	5	83	102	24	his	1	168	140	-5	his	False	P	False	3	0	0
2769	-5	5	138	102	25	his	1	120	176	-5	his	False	P	False	3	0	0
2770	-5	5	38	102	27	his	1	240	292	-5	his	False	P	False	3	0	0
2771	-5	5	92	102	28	his	1	564	292	-5	his	False	P	False	3	0	0
2772	-5	5	90	102	29	his	1	184	160	-5	his	False	P	False	3	0	0
2773	-5	5	12	102	30	his	1	440	180	-5	his	False	P	False	3	0	0
2774	-5	5	164	102	31	his	1	144	196	-5	his	False	P	False	3	0	0
2775	-5	5	179	102	32	his	1	0	332	-5	his	False	P	False	3	0	1
2776	-5	5	189	102	33	his	1	192	168	-5	his	False	P	False	3	0	0
2777	-5	5	63	102	34	his	1	164	0	-5	his	False	P	False	3	0	0
2778	-5	5	191	102	35	his	1	0	188	-5	his	False	P	False	3	0	1
2779	-5	5	47	102	36	his	1	0	180	-5	his	False	P	False	3	0	1
2780	-5	5	189	102	37	his	1	284	284	-5	his	False	P	False	3	0	0
2781	-5	5	144	102	38	his	1	296	164	-5	his	False	P	False	3	0	0
2782	-5	5	16	102	39	his	1	0	220	-5	his	False	P	False	3	0	1
2783	-5	5	150	102	40	his	1	148	128	-5	his	False	P	False	3	0	0
2784	-5	5	77	102	41	his	1	0	132	-5	his	False	P	False	3	0	1
2785	-5	5	128	102	42	his	1	144	0	-5	his	False	P	False	3	0	0
2786	-5	5	80	102	43	his	1	0	176	-5	his	False	P	False	3	0	1
2787	-2	8	122	102	1	his	1	0	456	-2	his	False	P	False	3	1	1
2788	-2	8	18	102	2	his	1	148	0	-2	his	False	P	False	3	1	0
2789	-2	8	167	102	3	his	1	0	260	-2	his	False	P	False	3	1	1
2790	-2	8	19	102	4	his	1	152	472	-2	his	False	P	False	3	1	0
2791	-2	8	57	102	5	his	1	0	296	-2	his	False	P	False	3	1	1
2792	-2	8	179	102	6	his	1	152	140	-2	his	False	P	False	3	1	0
2793	-2	8	116	102	7	his	1	36	180	-2	his	False	P	False	3	1	0
2794	-2	8	34	102	8	his	1	0	392	-2	his	False	P	False	3	1	1
2795	-2	8	12	102	10	his	1	248	252	-2	his	False	P	False	3	1	0
2796	-2	8	179	102	11	his	1	0	272	-2	his	False	P	False	3	1	1
2797	-2	8	113	102	12	his	1	0	168	-2	his	False	P	False	3	1	1
2798	-2	8	102	102	13	his	1	264	508	-2	his	False	P	False	3	1	0
2799	-2	8	125	102	14	his	1	0	356	-2	his	False	P	False	3	1	1
2800	-2	8	194	102	15	his	1	220	172	-2	his	False	P	False	3	1	0
2801	-2	8	7	102	16	his	1	0	1036	-2	his	False	P	False	3	1	1
2802	-2	8	123	102	17	his	1	0	128	-2	his	False	P	False	3	1	1
2803	-2	8	138	102	18	his	1	0	184	-2	his	False	P	False	3	1	1
2804	-2	8	157	102	19	his	1	0	152	-2	his	False	P	False	3	1	1
2805	-2	8	159	102	20	his	1	164	192	-2	his	False	P	False	3	1	0
2806	-2	8	109	102	21	his	1	136	184	-2	his	False	P	False	3	1	0
2807	-2	8	26	102	22	his	1	0	476	-2	his	False	P	False	3	1	1
2808	-2	8	202	102	23	his	1	144	368	-2	his	False	P	False	3	1	0
2809	-2	8	83	102	24	his	1	0	204	-2	his	False	P	False	3	1	1
2810	-2	8	138	102	25	his	1	0	212	-2	his	False	P	False	3	1	1
2811	-2	8	38	102	27	his	1	0	608	-2	his	False	P	False	3	1	1
2812	-2	8	92	102	28	his	1	0	156	-2	his	False	P	False	3	1	1
2813	-2	8	90	102	29	his	1	276	152	-2	his	False	P	False	3	1	0
2814	-2	8	12	102	30	his	1	0	424	-2	his	False	P	False	3	1	1
2815	-2	8	164	102	31	his	1	92	168	-2	his	False	P	False	3	1	0
2816	-2	8	179	102	32	his	1	0	292	-2	his	False	P	False	3	1	1
2817	-2	8	189	102	33	his	1	180	308	-2	his	False	P	False	3	1	0
2818	-2	8	63	102	34	his	1	220	0	-2	his	False	P	False	3	1	0
2819	-2	8	191	102	35	his	1	124	0	-2	his	False	P	False	3	1	0
2820	-2	8	47	102	36	his	1	408	132	-2	his	False	P	False	3	1	0
2821	-2	8	189	102	37	his	1	128	116	-2	his	False	P	False	3	1	0
2822	-2	8	144	102	38	his	1	0	144	-2	his	False	P	False	3	1	1
2823	-2	8	16	102	39	his	1	240	104	-2	his	False	P	False	3	1	0
2824	-2	8	150	102	40	his	1	0	0	-2	his	False	P	False	3	1	1
2825	-2	8	77	102	41	his	1	324	328	-2	his	False	P	False	3	1	0
2826	-2	8	128	102	42	his	1	0	192	-2	his	False	P	False	3	1	1
2827	-2	8	80	102	43	his	1	0	500	-2	his	False	P	False	3	1	1
2828	-2	8	122	102	1	Paul	1	0	456	-2	paul	False	O	False	4	1	1
2829	-2	8	18	102	2	Paul	1	148	0	-2	paul	False	O	False	4	1	0
2830	-2	8	167	102	3	Paul	1	0	260	-2	paul	False	O	False	4	1	1
2831	-2	8	19	102	4	Paul	1	152	472	-2	paul	False	O	False	4	1	0
2832	-2	8	57	102	5	Paul	1	0	296	-2	paul	False	O	False	4	1	1
2833	-2	8	179	102	6	Paul	1	152	140	-2	paul	False	O	False	4	1	0
2834	-2	8	116	102	7	Paul	1	36	180	-2	paul	False	O	False	4	1	0
2835	-2	8	34	102	8	Paul	1	0	392	-2	paul	False	O	False	4	1	1
2836	-2	8	12	102	10	Paul	1	248	252	-2	paul	False	O	False	4	1	0
2837	-2	8	179	102	11	Paul	1	0	272	-2	paul	False	O	False	4	1	1
2838	-2	8	113	102	12	Paul	1	0	168	-2	paul	False	O	False	4	1	1
2839	-2	8	102	102	13	Paul	1	264	508	-2	paul	False	O	False	4	1	0
2840	-2	8	125	102	14	Paul	1	0	356	-2	paul	False	O	False	4	1	1
2841	-2	8	194	102	15	Paul	1	220	172	-2	paul	False	O	False	4	1	0
2842	-2	8	7	102	16	Paul	1	0	1036	-2	paul	False	O	False	4	1	1
2843	-2	8	123	102	17	Paul	1	0	128	-2	paul	False	O	False	4	1	1
2844	-2	8	138	102	18	Paul	1	0	184	-2	paul	False	O	False	4	1	1
2845	-2	8	157	102	19	Paul	1	0	152	-2	paul	False	O	False	4	1	1
2846	-2	8	159	102	20	Paul	1	164	192	-2	paul	False	O	False	4	1	0
2847	-2	8	109	102	21	Paul	1	136	184	-2	paul	False	O	False	4	1	0
2848	-2	8	26	102	22	Paul	1	0	476	-2	paul	False	O	False	4	1	1
2849	-2	8	202	102	23	Paul	1	144	368	-2	paul	False	O	False	4	1	0
2850	-2	8	83	102	24	Paul	1	0	204	-2	paul	False	O	False	4	1	1
2851	-2	8	138	102	25	Paul	1	0	212	-2	paul	False	O	False	4	1	1
2852	-2	8	38	102	27	Paul	1	0	608	-2	paul	False	O	False	4	1	1
2853	-2	8	92	102	28	Paul	1	0	156	-2	paul	False	O	False	4	1	1
2854	-2	8	90	102	29	Paul	1	276	152	-2	paul	False	O	False	4	1	0
2855	-2	8	12	102	30	Paul	1	0	424	-2	paul	False	O	False	4	1	1
2856	-2	8	164	102	31	Paul	1	92	168	-2	paul	False	O	False	4	1	0
2857	-2	8	179	102	32	Paul	1	0	292	-2	paul	False	O	False	4	1	1
2858	-2	8	189	102	33	Paul	1	180	308	-2	paul	False	O	False	4	1	0
2859	-2	8	63	102	34	Paul	1	220	0	-2	paul	False	O	False	4	1	0
2860	-2	8	191	102	35	Paul	1	124	0	-2	paul	False	O	False	4	1	0
2861	-2	8	47	102	36	Paul	1	408	132	-2	paul	False	O	False	4	1	0
2862	-2	8	189	102	37	Paul	1	128	116	-2	paul	False	O	False	4	1	0
2863	-2	8	144	102	38	Paul	1	0	144	-2	paul	False	O	False	4	1	1
2864	-2	8	16	102	39	Paul	1	240	104	-2	paul	False	O	False	4	1	0
2865	-2	8	150	102	40	Paul	1	0	0	-2	paul	False	O	False	4	1	1
2866	-2	8	77	102	41	Paul	1	324	328	-2	paul	False	O	False	4	1	0
2867	-2	8	128	102	42	Paul	1	0	192	-2	paul	False	O	False	4	1	1
2868	-2	8	80	102	43	Paul	1	0	500	-2	paul	False	O	False	4	1	1
2869	-3	3	95	104	1	his	1	224	192	-3	his	False	P	False	3	0	0
2870	-3	3	175	104	2	his	1	0	152	-3	his	False	P	False	3	0	1
2871	-3	3	184	104	3	his	1	200	232	-3	his	False	P	False	3	0	0
2872	-3	3	22	104	4	his	1	0	0	-3	his	False	P	False	3	0	1
2873	-3	3	196	104	5	his	1	0	228	-3	his	False	P	False	3	0	1
2874	-3	3	17	104	6	his	1	0	136	-3	his	False	P	False	3	0	1
2875	-3	3	147	104	7	his	1	288	0	-3	his	False	P	False	3	0	0
2876	-3	3	98	104	8	his	1	208	0	-3	his	False	P	False	3	0	0
2877	-3	3	201	104	10	his	1	184	152	-3	his	False	P	False	3	0	0
2878	-3	3	124	104	11	his	1	180	128	-3	his	False	P	False	3	0	0
2879	-3	3	5	104	12	his	1	160	124	-3	his	False	P	False	3	0	0
2880	-3	3	101	104	13	his	1	232	164	-3	his	False	P	False	3	0	0
2881	-3	3	142	104	14	his	1	212	0	-3	his	False	P	False	3	0	0
2882	-3	3	149	104	15	his	1	132	0	-3	his	False	P	False	3	0	0
2883	-3	3	49	104	16	his	1	220	0	-3	his	False	P	False	3	0	0
2884	-3	3	134	104	17	his	1	0	192	-3	his	False	P	False	3	0	1
2885	-3	3	67	104	18	his	1	0	144	-3	his	False	P	False	3	0	1
2886	-3	3	113	104	19	his	1	156	112	-3	his	False	P	False	3	0	0
2887	-3	3	15	104	20	his	1	0	188	-3	his	False	P	False	3	0	1
2888	-3	3	133	104	21	his	1	0	132	-3	his	False	P	False	3	0	1
2889	-3	3	185	104	22	his	1	0	344	-3	his	False	P	False	3	0	1
2890	-3	3	93	104	23	his	1	204	156	-3	his	False	P	False	3	0	0
2891	-3	3	78	104	24	his	1	152	168	-3	his	False	P	False	3	0	0
2892	-3	3	35	104	25	his	1	240	80	-3	his	False	P	False	3	0	0
2893	-3	3	76	104	27	his	1	0	444	-3	his	False	P	False	3	0	1
2894	-3	3	2	104	28	his	1	0	552	-3	his	False	P	False	3	0	1
2895	-3	3	27	104	29	his	1	0	224	-3	his	False	P	False	3	0	1
2896	-3	3	27	104	30	his	1	288	212	-3	his	False	P	False	3	0	0
2897	-3	3	139	104	31	his	1	0	148	-3	his	False	P	False	3	0	1
2898	-3	3	192	104	32	his	1	188	204	-3	his	False	P	False	3	0	0
2899	-3	3	76	104	33	his	1	0	244	-3	his	False	P	False	3	0	1
2900	-3	3	33	104	34	his	1	0	392	-3	his	False	P	False	3	0	1
2901	-3	3	27	104	35	his	1	164	168	-3	his	False	P	False	3	0	0
2902	-3	3	62	104	36	his	1	0	0	-3	his	False	P	False	3	0	1
2903	-3	3	9	104	37	his	1	272	192	-3	his	False	P	False	3	0	0
2904	-3	3	93	104	38	his	1	0	228	-3	his	False	P	False	3	0	1
2905	-3	3	22	104	39	his	1	292	432	-3	his	False	P	False	3	0	0
2906	-3	3	82	104	40	his	1	0	0	-3	his	False	P	False	3	0	1
2907	-3	3	204	104	41	his	1	208	116	-3	his	False	P	False	3	0	0
2908	-3	3	138	104	42	his	1	0	204	-3	his	False	P	False	3	0	1
2909	-3	3	110	104	43	his	1	0	160	-3	his	False	P	False	3	0	1
2910	-3	3	108	106	1	his	1	212	124	-3	his	False	P	False	3	0	0
2911	-3	3	154	106	2	his	1	164	116	-3	his	False	P	False	3	0	0
2912	-3	3	177	106	3	his	1	248	180	-3	his	False	P	False	3	0	0
2913	-3	3	77	106	4	his	1	0	208	-3	his	False	P	False	3	0	1
2914	-3	3	108	106	5	his	1	216	204	-3	his	False	P	False	3	0	0
2915	-3	3	127	106	6	his	1	124	0	-3	his	False	P	False	3	0	0
2916	-3	3	16	106	7	his	1	116	124	-3	his	False	P	False	3	0	0
2917	-3	3	113	106	8	his	1	224	0	-3	his	False	P	False	3	0	0
2918	-3	3	76	106	10	his	1	0	272	-3	his	False	P	False	3	0	1
2919	-3	3	187	106	11	his	1	164	148	-3	his	False	P	False	3	0	0
2920	-3	3	194	106	12	his	1	0	188	-3	his	False	P	False	3	0	1
2921	-3	3	196	106	13	his	1	184	128	-3	his	False	P	False	3	0	0
2922	-3	3	160	106	14	his	1	0	0	-3	his	False	P	False	3	0	1
2923	-3	3	15	106	15	his	1	0	260	-3	his	False	P	False	3	0	1
2924	-3	3	16	106	16	his	1	188	148	-3	his	False	P	False	3	0	0
2925	-3	3	74	106	17	his	1	0	192	-3	his	False	P	False	3	0	1
2926	-3	3	97	106	18	his	1	0	188	-3	his	False	P	False	3	0	1
2927	-3	3	2	106	19	his	1	200	104	-3	his	False	P	False	3	0	0
2928	-3	3	196	106	20	his	1	136	0	-3	his	False	P	False	3	0	0
2929	-3	3	179	106	21	his	1	128	128	-3	his	False	P	False	3	0	0
2930	-3	3	23	106	22	his	1	0	168	-3	his	False	P	False	3	0	1
2931	-3	3	52	106	23	his	1	176	268	-3	his	False	P	False	3	0	0
2932	-3	3	137	106	24	his	1	128	112	-3	his	False	P	False	3	0	0
2933	-3	3	129	106	25	his	1	264	316	-3	his	False	P	False	3	0	0
2934	-3	3	146	106	27	his	1	232	0	-3	his	False	P	False	3	0	0
2935	-3	3	20	106	28	his	1	228	704	-3	his	False	P	False	3	0	0
2936	-3	3	116	106	29	his	1	0	160	-3	his	False	P	False	3	0	1
2937	-3	3	2	106	30	his	1	248	0	-3	his	False	P	False	3	0	0
2938	-3	3	143	106	31	his	1	0	236	-3	his	False	P	False	3	0	1
2939	-3	3	133	106	32	his	1	244	228	-3	his	False	P	False	3	0	0
2940	-3	3	52	106	33	his	1	0	144	-3	his	False	P	False	3	0	1
2941	-3	3	16	106	34	his	1	0	180	-3	his	False	P	False	3	0	1
2942	-3	3	159	106	35	his	1	0	332	-3	his	False	P	False	3	0	1
2943	-3	3	77	106	36	his	1	0	248	-3	his	False	P	False	3	0	1
2944	-3	3	18	106	37	his	1	0	200	-3	his	False	P	False	3	0	1
2945	-3	3	20	106	38	his	1	0	224	-3	his	False	P	False	3	0	1
2946	-3	3	112	106	39	his	1	0	0	-3	his	False	P	False	3	0	1
2947	-3	3	91	106	40	his	1	0	0	-3	his	False	P	False	3	0	1
2948	-3	3	22	106	41	his	1	0	0	-3	his	False	P	False	3	0	1
2949	-3	3	110	106	42	his	1	0	140	-3	his	False	P	False	3	0	1
2950	-3	3	85	106	43	his	1	224	104	-3	his	False	P	False	3	0	0
2951	-7	8	94	107	1	her	1	148	508	-7	her	False	O	False	3	2	0
2952	-7	8	104	107	2	her	1	156	172	-7	her	False	O	False	3	2	0
2953	-7	8	94	107	3	her	1	444	196	-7	her	False	O	False	3	2	0
2954	-7	8	6	107	4	her	1	172	92	-7	her	False	O	False	3	2	0
2955	-7	8	172	107	5	her	1	380	0	-7	her	False	O	False	3	2	0
2956	-7	8	123	107	6	her	1	168	0	-7	her	False	O	False	3	2	0
2957	-7	8	115	107	7	her	1	180	312	-7	her	False	O	False	3	2	0
2958	-7	8	71	107	8	her	1	192	140	-7	her	False	O	False	3	2	0
2959	-7	8	183	107	10	her	1	232	316	-7	her	False	O	False	3	2	0
2960	-7	8	154	107	11	her	1	292	444	-7	her	False	O	False	3	2	0
2961	-7	8	196	107	12	her	1	348	0	-7	her	False	O	False	3	2	0
2962	-7	8	84	107	13	her	1	560	0	-7	her	False	O	False	3	2	0
2963	-7	8	193	107	14	her	1	220	348	-7	her	False	O	False	3	2	0
2964	-7	8	199	107	15	her	1	240	0	-7	her	False	O	False	3	2	0
2965	-7	8	189	107	16	her	1	484	456	-7	her	False	O	False	3	2	0
2966	-7	8	109	107	17	her	1	404	0	-7	her	False	O	False	3	2	0
2967	-7	8	109	107	18	her	1	216	0	-7	her	False	O	False	3	2	0
2968	-7	8	120	107	19	her	1	120	312	-7	her	False	O	False	3	2	0
2969	-7	8	151	107	20	her	1	0	304	-7	her	False	O	False	3	2	1
2970	-7	8	124	107	21	her	1	0	216	-7	her	False	O	False	3	2	1
2971	-7	8	3	107	22	her	1	264	364	-7	her	False	O	False	3	2	0
2972	-7	8	128	107	23	her	1	172	468	-7	her	False	O	False	3	2	0
2973	-7	8	17	107	24	her	1	304	0	-7	her	False	O	False	3	2	0
2974	-7	8	64	107	25	her	1	168	212	-7	her	False	O	False	3	2	0
2975	-7	8	17	107	27	her	1	296	192	-7	her	False	O	False	3	2	0
2976	-7	8	117	107	28	her	1	368	100	-7	her	False	O	False	3	2	0
2977	-7	8	151	107	29	her	1	216	236	-7	her	False	O	False	3	2	0
2978	-7	8	142	107	30	her	1	196	232	-7	her	False	O	False	3	2	0
2979	-7	8	130	107	31	her	1	0	108	-7	her	False	O	False	3	2	1
2980	-7	8	104	107	32	her	1	164	212	-7	her	False	O	False	3	2	0
2981	-7	8	96	107	33	her	1	272	188	-7	her	False	O	False	3	2	0
2982	-7	8	129	107	34	her	1	0	204	-7	her	False	O	False	3	2	1
2983	-7	8	116	107	35	her	1	148	164	-7	her	False	O	False	3	2	0
2984	-7	8	194	107	36	her	1	220	0	-7	her	False	O	False	3	2	0
2985	-7	8	52	107	37	her	1	140	0	-7	her	False	O	False	3	2	0
2986	-7	8	12	107	38	her	1	220	124	-7	her	False	O	False	3	2	0
2987	-7	8	54	107	39	her	1	540	0	-7	her	False	O	False	3	2	0
2988	-7	8	129	107	40	her	1	0	140	-7	her	False	O	False	3	2	1
2989	-7	8	13	107	41	her	1	220	280	-7	her	False	O	False	3	2	0
2990	-7	8	179	107	42	her	1	168	0	-7	her	False	O	False	3	2	0
2991	-7	8	27	107	43	her	1	556	172	-7	her	False	O	False	3	2	0
2992	-7	8	148	113	1	his	1	0	156	-7	his	False	P	False	3	1	1
2993	-7	8	146	113	2	his	1	0	524	-7	his	False	P	False	3	1	1
2994	-7	8	162	113	3	his	1	0	248	-7	his	False	P	False	3	1	1
2995	-7	8	54	113	4	his	1	0	368	-7	his	False	P	False	3	1	1
2996	-7	8	5	113	5	his	1	0	280	-7	his	False	P	False	3	1	1
2997	-7	8	131	113	6	his	1	0	612	-7	his	False	P	False	3	1	1
2998	-7	8	51	113	7	his	1	164	0	-7	his	False	P	False	3	1	0
2999	-7	8	181	113	8	his	1	200	200	-7	his	False	P	False	3	1	0
3000	-7	8	57	113	10	his	1	0	184	-7	his	False	P	False	3	1	1
3001	-7	8	23	113	11	his	1	136	544	-7	his	False	P	False	3	1	0
3002	-7	8	135	113	12	his	1	0	440	-7	his	False	P	False	3	1	1
3003	-7	8	77	113	13	his	1	240	0	-7	his	False	P	False	3	1	0
3004	-7	8	32	113	14	his	1	0	312	-7	his	False	P	False	3	1	1
3005	-7	8	179	113	15	his	1	0	440	-7	his	False	P	False	3	1	1
3006	-7	8	68	113	16	his	1	180	396	-7	his	False	P	False	3	1	0
3007	-7	8	131	113	17	his	1	0	344	-7	his	False	P	False	3	1	1
3008	-7	8	193	113	18	his	1	0	204	-7	his	False	P	False	3	1	1
3009	-7	8	177	113	19	his	1	0	452	-7	his	False	P	False	3	1	1
3010	-7	8	201	113	20	his	1	164	0	-7	his	False	P	False	3	1	0
3011	-7	8	155	113	21	his	1	180	416	-7	his	False	P	False	3	1	0
3012	-7	8	195	113	22	his	1	0	356	-7	his	False	P	False	3	1	1
3013	-7	8	25	113	23	his	1	0	432	-7	his	False	P	False	3	1	1
3014	-7	8	173	113	24	his	1	0	256	-7	his	False	P	False	3	1	1
3015	-7	8	72	113	25	his	1	0	260	-7	his	False	P	False	3	1	1
3016	-7	8	104	113	27	his	1	0	508	-7	his	False	P	False	3	1	1
3017	-7	8	195	113	28	his	1	0	484	-7	his	False	P	False	3	1	1
3018	-7	8	173	113	29	his	1	0	124	-7	his	False	P	False	3	1	1
3019	-7	8	16	113	30	his	1	0	376	-7	his	False	P	False	3	1	1
3020	-7	8	54	113	31	his	1	132	0	-7	his	False	P	False	3	1	0
3021	-7	8	205	113	32	his	1	0	176	-7	his	False	P	False	3	1	1
3022	-7	8	28	113	33	his	1	168	160	-7	his	False	P	False	3	1	0
3023	-7	8	117	113	34	his	1	140	304	-7	his	False	P	False	3	1	0
3024	-7	8	33	113	35	his	1	0	128	-7	his	False	P	False	3	1	1
3025	-7	8	121	113	36	his	1	172	0	-7	his	False	P	False	3	1	0
3026	-7	8	165	113	37	his	1	0	436	-7	his	False	P	False	3	1	1
3027	-7	8	73	113	38	his	1	0	304	-7	his	False	P	False	3	1	1
3028	-7	8	91	113	39	his	1	0	152	-7	his	False	P	False	3	1	1
3029	-7	8	140	113	40	his	1	0	0	-7	his	False	P	False	3	1	1
3030	-7	8	32	113	41	his	1	176	248	-7	his	False	P	False	3	1	0
3031	-7	8	174	113	42	his	1	264	268	-7	his	False	P	False	3	1	0
3032	-7	8	177	113	43	his	1	0	184	-7	his	False	P	False	3	1	1
3033	-5	6	79	114	1	him	1	236	360	-5	him	False	O	False	3	1	0
3034	-5	6	24	114	2	him	1	92	0	-5	him	False	O	False	3	1	0
3035	-5	6	127	114	3	him	1	284	0	-5	him	False	O	False	3	1	0
3036	-5	6	74	114	4	him	1	140	0	-5	him	False	O	False	3	1	0
3037	-5	6	121	114	5	him	1	424	0	-5	him	False	O	False	3	1	0
3038	-5	6	75	114	6	him	1	0	256	-5	him	False	O	False	3	1	1
3039	-5	6	52	114	7	him	1	244	0	-5	him	False	O	False	3	1	0
3040	-5	6	195	114	8	him	1	0	296	-5	him	False	O	False	3	1	1
3041	-5	6	48	114	10	him	1	160	0	-5	him	False	O	False	3	1	0
3042	-5	6	121	114	11	him	1	228	0	-5	him	False	O	False	3	1	0
3043	-5	6	128	114	12	him	1	0	0	-5	him	False	O	False	3	1	1
3044	-5	6	161	114	13	him	1	160	0	-5	him	False	O	False	3	1	0
3045	-5	6	76	114	14	him	1	0	244	-5	him	False	O	False	3	1	1
3046	-5	6	127	114	15	him	1	292	0	-5	him	False	O	False	3	1	0
3047	-5	6	135	114	16	him	1	348	172	-5	him	False	O	False	3	1	0
3048	-5	6	6	114	17	him	1	0	316	-5	him	False	O	False	3	1	1
3049	-5	6	158	114	18	him	1	0	224	-5	him	False	O	False	3	1	1
3050	-5	6	12	114	19	him	1	120	208	-5	him	False	O	False	3	1	0
3051	-5	6	147	114	20	him	1	76	0	-5	him	False	O	False	3	1	0
3052	-5	6	33	114	21	him	1	0	184	-5	him	False	O	False	3	1	1
3053	-5	6	132	114	22	him	1	200	0	-5	him	False	O	False	3	1	0
3054	-5	6	205	114	23	him	1	220	232	-5	him	False	O	False	3	1	0
3055	-5	6	147	114	24	him	1	312	0	-5	him	False	O	False	3	1	0
3056	-5	6	101	114	25	him	1	0	208	-5	him	False	O	False	3	1	1
3057	-5	6	67	114	27	him	1	240	304	-5	him	False	O	False	3	1	0
3058	-5	6	170	114	28	him	1	268	136	-5	him	False	O	False	3	1	0
3059	-5	6	167	114	29	him	1	0	164	-5	him	False	O	False	3	1	1
3060	-5	6	170	114	30	him	1	320	256	-5	him	False	O	False	3	1	0
3061	-5	6	150	114	31	him	1	164	0	-5	him	False	O	False	3	1	0
3062	-5	6	135	114	32	him	1	300	0	-5	him	False	O	False	3	1	0
3063	-5	6	51	114	33	him	1	324	0	-5	him	False	O	False	3	1	0
3064	-5	6	11	114	34	him	1	0	204	-5	him	False	O	False	3	1	1
3065	-5	6	23	114	35	him	1	0	140	-5	him	False	O	False	3	1	1
3066	-5	6	178	114	36	him	1	216	0	-5	him	False	O	False	3	1	0
3067	-5	6	180	114	37	him	1	188	0	-5	him	False	O	False	3	1	0
3068	-5	6	100	114	38	him	1	0	272	-5	him	False	O	False	3	1	1
3069	-5	6	3	114	39	him	1	0	0	-5	him	False	O	False	3	1	1
3070	-5	6	135	114	40	him	1	0	0	-5	him	False	O	False	3	1	1
3071	-5	6	103	114	41	him	1	0	16	-5	him	False	O	False	3	1	1
3072	-5	6	52	114	42	him	1	0	340	-5	him	False	O	False	3	1	1
3073	-5	6	147	114	43	him	1	232	180	-5	him	False	O	False	3	1	0
3074	-5	8	79	114	1	they	1	0	236	-5	they	False	O	True	4	2	1
3075	-5	8	24	114	2	they	1	176	0	-5	they	False	O	True	4	2	0
3076	-5	8	127	114	3	they	1	168	196	-5	they	False	O	True	4	2	0
3077	-5	8	74	114	4	they	1	132	168	-5	they	False	O	True	4	2	0
3078	-5	8	121	114	5	they	1	216	216	-5	they	False	O	True	4	2	0
3079	-5	8	75	114	6	they	1	0	412	-5	they	False	O	True	4	2	1
3080	-5	8	52	114	7	they	1	0	220	-5	they	False	O	True	4	2	1
3081	-5	8	195	114	8	they	1	276	204	-5	they	False	O	True	4	2	0
3082	-5	8	48	114	10	they	1	160	132	-5	they	False	O	True	4	2	0
3083	-5	8	121	114	11	they	1	168	288	-5	they	False	O	True	4	2	0
3084	-5	8	128	114	12	they	1	328	0	-5	they	False	O	True	4	2	0
3085	-5	8	161	114	13	they	1	236	180	-5	they	False	O	True	4	2	0
3086	-5	8	76	114	14	they	1	304	0	-5	they	False	O	True	4	2	0
3087	-5	8	127	114	15	they	1	0	272	-5	they	False	O	True	4	2	1
3088	-5	8	135	114	16	they	1	216	268	-5	they	False	O	True	4	2	0
3089	-5	8	6	114	17	they	1	192	0	-5	they	False	O	True	4	2	0
3090	-5	8	158	114	18	they	1	212	348	-5	they	False	O	True	4	2	0
3091	-5	8	12	114	19	they	1	168	0	-5	they	False	O	True	4	2	0
3092	-5	8	147	114	20	they	1	200	140	-5	they	False	O	True	4	2	0
3093	-5	8	33	114	21	they	1	132	0	-5	they	False	O	True	4	2	0
3094	-5	8	132	114	22	they	1	252	212	-5	they	False	O	True	4	2	0
3095	-5	8	205	114	23	they	1	292	0	-5	they	False	O	True	4	2	0
3096	-5	8	147	114	24	they	1	136	184	-5	they	False	O	True	4	2	0
3097	-5	8	101	114	25	they	1	204	152	-5	they	False	O	True	4	2	0
3098	-5	8	67	114	27	they	1	208	212	-5	they	False	O	True	4	2	0
3099	-5	8	170	114	28	they	1	0	172	-5	they	False	O	True	4	2	1
3100	-5	8	167	114	29	they	1	208	0	-5	they	False	O	True	4	2	0
3101	-5	8	170	114	30	they	1	132	324	-5	they	False	O	True	4	2	0
3102	-5	8	150	114	31	they	1	0	124	-5	they	False	O	True	4	2	1
3103	-5	8	135	114	32	they	1	256	352	-5	they	False	O	True	4	2	0
3104	-5	8	51	114	33	they	1	288	200	-5	they	False	O	True	4	2	0
3105	-5	8	11	114	34	they	1	316	224	-5	they	False	O	True	4	2	0
3106	-5	8	23	114	35	they	1	180	172	-5	they	False	O	True	4	2	0
3107	-5	8	178	114	36	they	1	0	176	-5	they	False	O	True	4	2	1
3108	-5	8	180	114	37	they	1	320	144	-5	they	False	O	True	4	2	0
3109	-5	8	100	114	38	they	1	200	0	-5	they	False	O	True	4	2	0
3110	-5	8	3	114	39	they	1	136	0	-5	they	False	O	True	4	2	0
3111	-5	8	135	114	40	they	1	140	0	-5	they	False	O	True	4	2	0
3112	-5	8	103	114	41	they	1	192	252	-5	they	False	O	True	4	2	0
3113	-5	8	52	114	42	they	1	0	428	-5	they	False	O	True	4	2	1
3114	-5	8	147	114	43	they	1	0	420	-5	they	False	O	True	4	2	1
3115	-3	8	71	116	1	his	1	168	496	-3	his	False	P	False	3	0	0
3116	-3	8	183	116	2	his	1	0	188	-3	his	False	P	False	3	0	1
3117	-3	8	146	116	3	his	1	0	256	-3	his	False	P	False	3	0	1
3118	-3	8	136	116	4	his	1	0	160	-3	his	False	P	False	3	0	1
3119	-3	8	116	116	5	his	1	0	268	-3	his	False	P	False	3	0	1
3120	-3	8	73	116	6	his	1	188	0	-3	his	False	P	False	3	0	0
3121	-3	8	39	116	7	his	1	0	192	-3	his	False	P	False	3	0	1
3122	-3	8	184	116	8	his	1	144	352	-3	his	False	P	False	3	0	0
3123	-3	8	121	116	10	his	1	76	204	-3	his	False	P	False	3	0	0
3124	-3	8	84	116	11	his	1	0	644	-3	his	False	P	False	3	0	1
3125	-3	8	98	116	12	his	1	0	648	-3	his	False	P	False	3	0	1
3126	-3	8	118	116	13	his	1	0	232	-3	his	False	P	False	3	0	1
3127	-3	8	119	116	14	his	1	0	528	-3	his	False	P	False	3	0	1
3128	-3	8	43	116	15	his	1	184	320	-3	his	False	P	False	3	0	0
3129	-3	8	145	116	16	his	1	140	184	-3	his	False	P	False	3	0	0
3130	-3	8	147	116	17	his	1	0	316	-3	his	False	P	False	3	0	1
3131	-3	8	56	116	18	his	1	0	604	-3	his	False	P	False	3	0	1
3132	-3	8	149	116	19	his	1	0	748	-3	his	False	P	False	3	0	1
3133	-3	8	93	116	20	his	1	0	460	-3	his	False	P	False	3	0	1
3134	-3	8	114	116	21	his	1	0	216	-3	his	False	P	False	3	0	1
3135	-3	8	45	116	22	his	1	0	568	-3	his	False	P	False	3	0	1
3136	-3	8	45	116	23	his	1	0	388	-3	his	False	P	False	3	0	1
3137	-3	8	53	116	24	his	1	0	208	-3	his	False	P	False	3	0	1
3138	-3	8	55	116	25	his	1	0	436	-3	his	False	P	False	3	0	1
3139	-3	8	74	116	27	his	1	0	724	-3	his	False	P	False	3	0	1
3140	-3	8	132	116	28	his	1	0	328	-3	his	False	P	False	3	0	1
3141	-3	8	170	116	29	his	1	0	368	-3	his	False	P	False	3	0	1
3142	-3	8	49	116	30	his	1	164	216	-3	his	False	P	False	3	0	0
3143	-3	8	197	116	31	his	1	136	0	-3	his	False	P	False	3	0	0
3144	-3	8	100	116	32	his	1	0	140	-3	his	False	P	False	3	0	1
3145	-3	8	87	116	33	his	1	0	380	-3	his	False	P	False	3	0	1
3146	-3	8	42	116	34	his	1	0	188	-3	his	False	P	False	3	0	1
3147	-3	8	79	116	35	his	1	164	164	-3	his	False	P	False	3	0	0
3148	-3	8	144	116	36	his	1	0	0	-3	his	False	P	False	3	0	1
3149	-3	8	19	116	37	his	1	0	384	-3	his	False	P	False	3	0	1
3150	-3	8	119	116	38	his	1	0	176	-3	his	False	P	False	3	0	1
3151	-3	8	59	116	39	his	1	116	196	-3	his	False	P	False	3	0	0
3152	-3	8	13	116	40	his	1	0	328	-3	his	False	P	False	3	0	1
3153	-3	8	89	116	41	his	1	148	196	-3	his	False	P	False	3	0	0
3154	-3	8	114	116	42	his	1	0	108	-3	his	False	P	False	3	0	1
3155	-3	8	155	116	43	his	1	0	176	-3	his	False	P	False	3	0	1
3156	-3	5	48	117	1	his	1	0	184	-3	his	False	P	False	3	0	1
3157	-3	5	46	117	2	his	1	144	56	-3	his	False	P	False	3	0	0
3158	-3	5	178	117	3	his	1	200	280	-3	his	False	P	False	3	0	0
3159	-3	5	154	117	4	his	1	344	0	-3	his	False	P	False	3	0	0
3160	-3	5	187	117	5	his	1	228	184	-3	his	False	P	False	3	0	0
3161	-3	5	110	117	6	his	1	0	120	-3	his	False	P	False	3	0	1
3162	-3	5	21	117	7	his	1	0	164	-3	his	False	P	False	3	0	1
3163	-3	5	168	117	8	his	1	200	128	-3	his	False	P	False	3	0	0
3164	-3	5	143	117	10	his	1	128	152	-3	his	False	P	False	3	0	0
3165	-3	5	117	117	11	his	1	140	140	-3	his	False	P	False	3	0	0
3166	-3	5	110	117	12	his	1	168	0	-3	his	False	P	False	3	0	0
3167	-3	5	36	117	13	his	1	240	188	-3	his	False	P	False	3	0	0
3168	-3	5	26	117	14	his	1	0	0	-3	his	False	P	False	3	0	1
3169	-3	5	168	117	15	his	1	0	0	-3	his	False	P	False	3	0	1
3170	-3	5	205	117	16	his	1	236	192	-3	his	False	P	False	3	0	0
3171	-3	5	74	117	18	his	1	0	268	-3	his	False	P	False	3	0	1
3172	-3	5	159	117	19	his	1	236	144	-3	his	False	P	False	3	0	0
3173	-3	5	100	117	20	his	1	0	208	-3	his	False	P	False	3	0	1
3174	-3	5	24	117	21	his	1	0	176	-3	his	False	P	False	3	0	1
3175	-3	5	135	117	22	his	1	156	148	-3	his	False	P	False	3	0	0
3176	-3	5	183	117	23	his	1	144	224	-3	his	False	P	False	3	0	0
3177	-3	5	5	117	24	his	1	308	0	-3	his	False	P	False	3	0	0
3178	-3	5	47	117	25	his	1	212	156	-3	his	False	P	False	3	0	0
3179	-3	5	78	117	27	his	1	232	0	-3	his	False	P	False	3	0	0
3180	-3	5	37	117	28	his	1	164	0	-3	his	False	P	False	3	0	0
3181	-3	5	85	117	29	his	1	0	180	-3	his	False	P	False	3	0	1
3182	-3	5	71	117	30	his	1	384	40	-3	his	False	P	False	3	0	0
3183	-3	5	134	117	31	his	1	0	188	-3	his	False	P	False	3	0	1
3184	-3	5	80	117	32	his	1	368	0	-3	his	False	P	False	3	0	0
3185	-3	5	26	117	33	his	1	0	336	-3	his	False	P	False	3	0	1
3186	-3	5	8	117	34	his	1	148	0	-3	his	False	P	False	3	0	0
3187	-3	5	190	117	35	his	1	0	212	-3	his	False	P	False	3	0	1
3188	-3	5	16	117	36	his	1	172	0	-3	his	False	P	False	3	0	0
3189	-3	5	107	117	37	his	1	152	192	-3	his	False	P	False	3	0	0
3190	-3	5	176	117	38	his	1	0	188	-3	his	False	P	False	3	0	1
3191	-3	5	32	117	39	his	1	0	0	-3	his	False	P	False	3	0	1
3192	-3	5	92	117	40	his	1	0	0	-3	his	False	P	False	3	0	1
3193	-3	5	108	117	41	his	1	320	112	-3	his	False	P	False	3	0	0
3194	-3	5	65	117	42	his	1	0	0	-3	his	False	P	False	3	0	1
3195	-3	5	66	117	43	his	1	164	0	-3	his	False	P	False	3	0	0
3196	-2	8	48	117	1	she	1	164	180	-2	she	False	O	False	3	1	0
3197	-2	8	46	117	2	she	1	0	284	-2	she	False	O	False	3	1	1
3198	-2	8	178	117	3	she	1	208	108	-2	she	False	O	False	3	1	0
3199	-2	8	154	117	4	she	1	0	152	-2	she	False	O	False	3	1	1
3200	-2	8	187	117	5	she	1	0	0	-2	she	False	O	False	3	1	1
3201	-2	8	110	117	6	she	1	0	0	-2	she	False	O	False	3	1	1
3202	-2	8	21	117	7	she	1	0	0	-2	she	False	O	False	3	1	1
3203	-2	8	168	117	8	she	1	0	384	-2	she	False	O	False	3	1	1
3204	-2	8	143	117	10	she	1	56	180	-2	she	False	O	False	3	1	0
3205	-2	8	117	117	11	she	1	0	156	-2	she	False	O	False	3	1	1
3206	-2	8	110	117	12	she	1	0	152	-2	she	False	O	False	3	1	1
3207	-2	8	36	117	13	she	1	0	396	-2	she	False	O	False	3	1	1
3208	-2	8	26	117	14	she	1	148	0	-2	she	False	O	False	3	1	0
3209	-2	8	168	117	15	she	1	0	160	-2	she	False	O	False	3	1	1
3210	-2	8	205	117	16	she	1	128	92	-2	she	False	O	False	3	1	0
3211	-2	8	74	117	18	she	1	0	204	-2	she	False	O	False	3	1	1
3212	-2	8	159	117	19	she	1	188	0	-2	she	False	O	False	3	1	0
3213	-2	8	100	117	20	she	1	256	168	-2	she	False	O	False	3	1	0
3214	-2	8	24	117	21	she	1	0	252	-2	she	False	O	False	3	1	1
3215	-2	8	135	117	22	she	1	0	252	-2	she	False	O	False	3	1	1
3216	-2	8	183	117	23	she	1	0	180	-2	she	False	O	False	3	1	1
3217	-2	8	5	117	24	she	1	0	312	-2	she	False	O	False	3	1	1
3218	-2	8	47	117	25	she	1	0	184	-2	she	False	O	False	3	1	1
3219	-2	8	78	117	27	she	1	0	364	-2	she	False	O	False	3	1	1
3220	-2	8	37	117	28	she	1	0	188	-2	she	False	O	False	3	1	1
3221	-2	8	85	117	29	she	1	0	184	-2	she	False	O	False	3	1	1
3222	-2	8	71	117	30	she	1	0	0	-2	she	False	O	False	3	1	1
3223	-2	8	134	117	31	she	1	0	152	-2	she	False	O	False	3	1	1
3224	-2	8	80	117	32	she	1	0	200	-2	she	False	O	False	3	1	1
3225	-2	8	26	117	33	she	1	76	212	-2	she	False	O	False	3	1	0
3226	-2	8	8	117	34	she	1	0	276	-2	she	False	O	False	3	1	1
3227	-2	8	190	117	35	she	1	0	148	-2	she	False	O	False	3	1	1
3228	-2	8	16	117	36	she	1	0	0	-2	she	False	O	False	3	1	1
3229	-2	8	107	117	37	she	1	204	168	-2	she	False	O	False	3	1	0
3230	-2	8	176	117	38	she	1	0	0	-2	she	False	O	False	3	1	1
3231	-2	8	32	117	39	she	1	112	0	-2	she	False	O	False	3	1	0
3232	-2	8	92	117	40	she	1	0	208	-2	she	False	O	False	3	1	1
3233	-2	8	108	117	41	she	1	0	0	-2	she	False	O	False	3	1	1
3234	-2	8	65	117	42	she	1	0	204	-2	she	False	O	False	3	1	1
3235	-2	8	66	117	43	she	1	0	160	-2	she	False	O	False	3	1	1
3236	-7	8	88	118	1	him	1	264	0	-7	him	False	O	False	3	1	0
3237	-7	8	121	118	2	him	1	0	460	-7	him	False	O	False	3	1	1
3238	-7	8	144	118	3	him	1	0	428	-7	him	False	O	False	3	1	1
3239	-7	8	65	118	4	him	1	196	132	-7	him	False	O	False	3	1	0
3240	-7	8	191	118	5	him	1	0	224	-7	him	False	O	False	3	1	1
3241	-7	8	125	118	6	him	1	176	164	-7	him	False	O	False	3	1	0
3242	-7	8	180	118	7	him	1	244	356	-7	him	False	O	False	3	1	0
3243	-7	8	198	118	8	him	1	0	244	-7	him	False	O	False	3	1	1
3244	-7	8	165	118	10	him	1	116	316	-7	him	False	O	False	3	1	0
3245	-7	8	151	118	11	him	1	0	568	-7	him	False	O	False	3	1	1
3246	-7	8	22	118	12	him	1	0	344	-7	him	False	O	False	3	1	1
3247	-7	8	7	118	13	him	1	0	596	-7	him	False	O	False	3	1	1
3248	-7	8	43	118	14	him	1	0	164	-7	him	False	O	False	3	1	1
3249	-7	8	164	118	15	him	1	144	108	-7	him	False	O	False	3	1	0
3250	-7	8	142	118	16	him	1	0	996	-7	him	False	O	False	3	1	1
3251	-7	8	75	118	18	him	1	248	124	-7	him	False	O	False	3	1	0
3252	-7	8	194	118	19	him	1	212	176	-7	him	False	O	False	3	1	0
3253	-7	8	11	118	20	him	1	264	60	-7	him	False	O	False	3	1	0
3254	-7	8	4	118	21	him	1	0	180	-7	him	False	O	False	3	1	1
3255	-7	8	77	118	22	him	1	0	284	-7	him	False	O	False	3	1	1
3256	-7	8	179	118	23	him	1	60	420	-7	him	False	O	False	3	1	0
3257	-7	8	161	118	24	him	1	0	204	-7	him	False	O	False	3	1	1
3258	-7	8	59	118	25	him	1	0	292	-7	him	False	O	False	3	1	1
3259	-7	8	200	118	27	him	1	184	100	-7	him	False	O	False	3	1	0
3260	-7	8	100	118	28	him	1	0	324	-7	him	False	O	False	3	1	1
3261	-7	8	134	118	29	him	1	0	472	-7	him	False	O	False	3	1	1
3262	-7	8	162	118	30	him	1	252	568	-7	him	False	O	False	3	1	0
3263	-7	8	123	118	31	him	1	0	136	-7	him	False	O	False	3	1	1
3264	-7	8	155	118	32	him	1	0	88	-7	him	False	O	False	3	1	1
3265	-7	8	84	118	33	him	1	0	240	-7	him	False	O	False	3	1	1
3266	-7	8	194	118	34	him	1	148	192	-7	him	False	O	False	3	1	0
3267	-7	8	135	118	35	him	1	148	0	-7	him	False	O	False	3	1	0
3268	-7	8	21	118	36	him	1	0	252	-7	him	False	O	False	3	1	1
3269	-7	8	7	118	37	him	1	216	88	-7	him	False	O	False	3	1	0
3270	-7	8	195	118	38	him	1	0	172	-7	him	False	O	False	3	1	1
3271	-7	8	99	118	39	him	1	176	0	-7	him	False	O	False	3	1	0
3272	-7	8	152	118	40	him	1	0	0	-7	him	False	O	False	3	1	1
3273	-7	8	33	118	41	him	1	0	232	-7	him	False	O	False	3	1	1
3274	-7	8	180	118	42	him	1	232	104	-7	him	False	O	False	3	1	0
3275	-7	8	182	118	43	him	1	0	344	-7	him	False	O	False	3	1	1
3276	-5	5	139	119	1	his	1	196	196	-5	his	False	P	False	3	0	0
3277	-5	5	203	119	2	his	1	0	276	-5	his	False	P	False	3	0	1
3278	-5	5	139	119	3	his	1	156	308	-5	his	False	P	False	3	0	0
3279	-5	5	196	119	4	his	1	180	272	-5	his	False	P	False	3	0	0
3280	-5	5	44	119	5	his	1	344	232	-5	his	False	P	False	3	0	0
3281	-5	5	128	119	6	his	1	212	0	-5	his	False	P	False	3	0	0
3282	-5	5	79	119	7	his	1	32	248	-5	his	False	P	False	3	0	0
3283	-5	5	122	119	8	his	1	152	140	-5	his	False	P	False	3	0	0
3284	-5	5	62	119	10	his	1	0	308	-5	his	False	P	False	3	0	1
3285	-5	5	89	119	11	his	1	140	200	-5	his	False	P	False	3	0	0
3286	-5	5	140	119	12	his	1	136	188	-5	his	False	P	False	3	0	0
3287	-5	5	137	119	13	his	1	164	240	-5	his	False	P	False	3	0	0
3288	-5	5	175	119	14	his	1	148	444	-5	his	False	P	False	3	0	0
3289	-5	5	64	119	15	his	1	168	220	-5	his	False	P	False	3	0	0
3290	-5	5	3	119	16	his	1	208	156	-5	his	False	P	False	3	0	0
3291	-5	5	91	119	17	his	1	0	256	-5	his	False	P	False	3	0	1
3292	-5	5	16	119	18	his	1	0	176	-5	his	False	P	False	3	0	1
3293	-5	5	201	119	19	his	1	172	96	-5	his	False	P	False	3	0	0
3294	-5	5	41	119	20	his	1	0	216	-5	his	False	P	False	3	0	1
3295	-5	5	126	119	21	his	1	0	208	-5	his	False	P	False	3	0	1
3296	-5	5	170	119	22	his	1	0	496	-5	his	False	P	False	3	0	1
3297	-5	5	140	119	23	his	1	160	292	-5	his	False	P	False	3	0	0
3298	-5	5	47	119	24	his	1	172	288	-5	his	False	P	False	3	0	0
3299	-5	5	156	119	25	his	1	0	476	-5	his	False	P	False	3	0	1
3300	-5	5	111	119	27	his	1	240	168	-5	his	False	P	False	3	0	0
3301	-5	5	58	119	28	his	1	296	152	-5	his	False	P	False	3	0	0
3302	-5	5	181	119	29	his	1	0	256	-5	his	False	P	False	3	0	1
3303	-5	5	178	119	30	his	1	280	472	-5	his	False	P	False	3	0	0
3304	-5	5	8	119	31	his	1	0	188	-5	his	False	P	False	3	0	1
3305	-5	5	98	119	32	his	1	0	512	-5	his	False	P	False	3	0	1
3306	-5	5	73	119	33	his	1	0	192	-5	his	False	P	False	3	0	1
3307	-5	5	70	119	34	his	1	0	412	-5	his	False	P	False	3	0	1
3308	-5	5	19	119	35	his	1	184	268	-5	his	False	P	False	3	0	0
3309	-5	5	7	119	36	his	1	0	268	-5	his	False	P	False	3	0	1
3310	-5	5	53	119	37	his	1	180	220	-5	his	False	P	False	3	0	0
3311	-5	5	18	119	38	his	1	184	188	-5	his	False	P	False	3	0	0
3312	-5	5	18	119	39	his	1	0	0	-5	his	False	P	False	3	0	1
3313	-5	5	180	119	40	his	1	0	364	-5	his	False	P	False	3	0	1
3314	-5	5	143	119	41	his	1	220	188	-5	his	False	P	False	3	0	0
3315	-5	5	95	119	42	his	1	0	232	-5	his	False	P	False	3	0	1
3316	-5	5	96	119	43	his	1	172	156	-5	his	False	P	False	3	0	0
3317	-3	9	139	119	1	his	1	132	260	-3	his	False	P	False	3	1	0
3318	-3	9	203	119	2	his	1	0	88	-3	his	False	P	False	3	1	1
3319	-3	9	139	119	3	his	1	0	344	-3	his	False	P	False	3	1	1
3320	-3	9	196	119	4	his	1	0	132	-3	his	False	P	False	3	1	1
3321	-3	9	44	119	5	his	1	0	344	-3	his	False	P	False	3	1	1
3322	-3	9	128	119	6	his	1	0	132	-3	his	False	P	False	3	1	1
3323	-3	9	79	119	7	his	1	300	0	-3	his	False	P	False	3	1	0
3324	-3	9	122	119	8	his	1	0	328	-3	his	False	P	False	3	1	1
3325	-3	9	62	119	10	his	1	116	132	-3	his	False	P	False	3	1	0
3326	-3	9	89	119	11	his	1	0	580	-3	his	False	P	False	3	1	1
3327	-3	9	140	119	12	his	1	0	136	-3	his	False	P	False	3	1	1
3328	-3	9	137	119	13	his	1	0	764	-3	his	False	P	False	3	1	1
3329	-3	9	175	119	14	his	1	0	188	-3	his	False	P	False	3	1	1
3330	-3	9	64	119	15	his	1	0	124	-3	his	False	P	False	3	1	1
3331	-3	9	3	119	16	his	1	0	260	-3	his	False	P	False	3	1	1
3332	-3	9	91	119	17	his	1	0	476	-3	his	False	P	False	3	1	1
3333	-3	9	16	119	18	his	1	104	0	-3	his	False	P	False	3	1	0
3334	-3	9	201	119	19	his	1	0	184	-3	his	False	P	False	3	1	1
3335	-3	9	41	119	20	his	1	144	228	-3	his	False	P	False	3	1	0
3336	-3	9	126	119	21	his	1	216	136	-3	his	False	P	False	3	1	0
3337	-3	9	170	119	22	his	1	0	176	-3	his	False	P	False	3	1	1
3338	-3	9	140	119	23	his	1	0	364	-3	his	False	P	False	3	1	1
3339	-3	9	47	119	24	his	1	0	132	-3	his	False	P	False	3	1	1
3340	-3	9	156	119	25	his	1	0	504	-3	his	False	P	False	3	1	1
3341	-3	9	111	119	27	his	1	0	496	-3	his	False	P	False	3	1	1
3342	-3	9	58	119	28	his	1	0	228	-3	his	False	P	False	3	1	1
3343	-3	9	181	119	29	his	1	0	164	-3	his	False	P	False	3	1	1
3344	-3	9	178	119	30	his	1	244	504	-3	his	False	P	False	3	1	0
3345	-3	9	8	119	31	his	1	184	156	-3	his	False	P	False	3	1	0
3346	-3	9	98	119	32	his	1	184	172	-3	his	False	P	False	3	1	0
3347	-3	9	73	119	33	his	1	180	212	-3	his	False	P	False	3	1	0
3348	-3	9	70	119	34	his	1	0	212	-3	his	False	P	False	3	1	1
3349	-3	9	19	119	35	his	1	0	168	-3	his	False	P	False	3	1	1
3350	-3	9	7	119	36	his	1	148	292	-3	his	False	P	False	3	1	0
3351	-3	9	53	119	37	his	1	0	140	-3	his	False	P	False	3	1	1
3352	-3	9	18	119	38	his	1	164	232	-3	his	False	P	False	3	1	0
3353	-3	9	18	119	39	his	1	0	148	-3	his	False	P	False	3	1	1
3354	-3	9	180	119	40	his	1	0	0	-3	his	False	P	False	3	1	1
3355	-3	9	143	119	41	his	1	0	364	-3	his	False	P	False	3	1	1
3356	-3	9	95	119	42	his	1	0	380	-3	his	False	P	False	3	1	1
3357	-3	9	96	119	43	his	1	0	244	-3	his	False	P	False	3	1	1
3358	-2	9	139	119	1	Charlie	1	132	260	-2	charlie	False	O	False	7	1	0
3359	-2	9	203	119	2	Charlie	1	0	88	-2	charlie	False	O	False	7	1	1
3360	-2	9	139	119	3	Charlie	1	0	344	-2	charlie	False	O	False	7	1	1
3361	-2	9	196	119	4	Charlie	1	0	132	-2	charlie	False	O	False	7	1	1
3362	-2	9	44	119	5	Charlie	1	0	344	-2	charlie	False	O	False	7	1	1
3363	-2	9	128	119	6	Charlie	1	0	132	-2	charlie	False	O	False	7	1	1
3364	-2	9	79	119	7	Charlie	1	300	0	-2	charlie	False	O	False	7	1	0
3365	-2	9	122	119	8	Charlie	1	0	328	-2	charlie	False	O	False	7	1	1
3366	-2	9	62	119	10	Charlie	1	116	132	-2	charlie	False	O	False	7	1	0
3367	-2	9	89	119	11	Charlie	1	0	580	-2	charlie	False	O	False	7	1	1
3368	-2	9	140	119	12	Charlie	1	0	136	-2	charlie	False	O	False	7	1	1
3369	-2	9	137	119	13	Charlie	1	0	764	-2	charlie	False	O	False	7	1	1
3370	-2	9	175	119	14	Charlie	1	0	188	-2	charlie	False	O	False	7	1	1
3371	-2	9	64	119	15	Charlie	1	0	124	-2	charlie	False	O	False	7	1	1
3372	-2	9	3	119	16	Charlie	1	0	260	-2	charlie	False	O	False	7	1	1
3373	-2	9	91	119	17	Charlie	1	0	476	-2	charlie	False	O	False	7	1	1
3374	-2	9	16	119	18	Charlie	1	104	0	-2	charlie	False	O	False	7	1	0
3375	-2	9	201	119	19	Charlie	1	0	184	-2	charlie	False	O	False	7	1	1
3376	-2	9	41	119	20	Charlie	1	144	228	-2	charlie	False	O	False	7	1	0
3377	-2	9	126	119	21	Charlie	1	216	136	-2	charlie	False	O	False	7	1	0
3378	-2	9	170	119	22	Charlie	1	0	176	-2	charlie	False	O	False	7	1	1
3379	-2	9	140	119	23	Charlie	1	0	364	-2	charlie	False	O	False	7	1	1
3380	-2	9	47	119	24	Charlie	1	0	132	-2	charlie	False	O	False	7	1	1
3381	-2	9	156	119	25	Charlie	1	0	504	-2	charlie	False	O	False	7	1	1
3382	-2	9	111	119	27	Charlie	1	0	496	-2	charlie	False	O	False	7	1	1
3383	-2	9	58	119	28	Charlie	1	0	228	-2	charlie	False	O	False	7	1	1
3384	-2	9	181	119	29	Charlie	1	0	164	-2	charlie	False	O	False	7	1	1
3385	-2	9	178	119	30	Charlie	1	244	504	-2	charlie	False	O	False	7	1	0
3386	-2	9	8	119	31	Charlie	1	184	156	-2	charlie	False	O	False	7	1	0
3387	-2	9	98	119	32	Charlie	1	184	172	-2	charlie	False	O	False	7	1	0
3388	-2	9	73	119	33	Charlie	1	180	212	-2	charlie	False	O	False	7	1	0
3389	-2	9	70	119	34	Charlie	1	0	212	-2	charlie	False	O	False	7	1	1
3390	-2	9	19	119	35	Charlie	1	0	168	-2	charlie	False	O	False	7	1	1
3391	-2	9	7	119	36	Charlie	1	148	292	-2	charlie	False	O	False	7	1	0
3392	-2	9	53	119	37	Charlie	1	0	140	-2	charlie	False	O	False	7	1	1
3393	-2	9	18	119	38	Charlie	1	164	232	-2	charlie	False	O	False	7	1	0
3394	-2	9	18	119	39	Charlie	1	0	148	-2	charlie	False	O	False	7	1	1
3395	-2	9	180	119	40	Charlie	1	0	0	-2	charlie	False	O	False	7	1	1
3396	-2	9	143	119	41	Charlie	1	0	364	-2	charlie	False	O	False	7	1	1
3397	-2	9	95	119	42	Charlie	1	0	380	-2	charlie	False	O	False	7	1	1
3398	-2	9	96	119	43	Charlie	1	0	244	-2	charlie	False	O	False	7	1	1
3399	-5	6	90	123	1	he	1	0	172	-5	he	False	O	False	2	0	1
3400	-5	6	108	123	2	he	1	164	148	-5	he	False	O	False	2	0	0
3401	-5	6	199	123	3	he	1	0	300	-5	he	False	O	False	2	0	1
3402	-5	6	103	123	4	he	1	0	236	-5	he	False	O	False	2	0	1
3403	-5	6	182	123	5	he	1	0	252	-5	he	False	O	False	2	0	1
3404	-5	6	58	123	6	he	1	0	148	-5	he	False	O	False	2	0	1
3405	-5	6	162	123	7	he	1	0	80	-5	he	False	O	False	2	0	1
3406	-5	6	91	123	8	he	1	200	0	-5	he	False	O	False	2	0	0
3407	-5	6	24	123	9	he	1	112	208	-5	he	False	O	False	2	0	0
3408	-5	6	128	123	10	he	1	0	0	-5	he	False	O	False	2	0	1
3409	-5	6	131	123	11	he	1	220	224	-5	he	False	O	False	2	0	0
3410	-5	6	170	123	12	he	1	0	196	-5	he	False	O	False	2	0	1
3411	-5	6	119	123	13	he	1	0	188	-5	he	False	O	False	2	0	1
3412	-5	6	99	123	14	he	1	236	160	-5	he	False	O	False	2	0	0
3413	-5	6	25	123	15	he	1	0	0	-5	he	False	O	False	2	0	1
3414	-5	6	25	123	16	he	1	152	200	-5	he	False	O	False	2	0	0
3415	-5	6	51	123	17	he	1	0	280	-5	he	False	O	False	2	0	1
3416	-5	6	106	123	18	he	1	184	0	-5	he	False	O	False	2	0	0
3417	-5	6	164	123	19	he	1	172	160	-5	he	False	O	False	2	0	0
3418	-5	6	170	123	20	he	1	128	0	-5	he	False	O	False	2	0	0
3419	-5	6	94	123	21	he	1	256	0	-5	he	False	O	False	2	0	0
3420	-5	6	72	123	22	he	1	288	284	-5	he	False	O	False	2	0	0
3421	-5	6	198	123	23	he	1	0	200	-5	he	False	O	False	2	0	1
3422	-5	6	189	123	24	he	1	0	140	-5	he	False	O	False	2	0	1
3423	-5	6	107	123	25	he	1	0	140	-5	he	False	O	False	2	0	1
3424	-5	6	15	123	27	he	1	0	228	-5	he	False	O	False	2	0	1
3425	-5	6	159	123	28	he	1	208	140	-5	he	False	O	False	2	0	0
3426	-5	6	117	123	29	he	1	264	0	-5	he	False	O	False	2	0	0
3427	-5	6	44	123	30	he	1	92	192	-5	he	False	O	False	2	0	0
3428	-5	6	113	123	31	he	1	0	192	-5	he	False	O	False	2	0	1
3429	-5	6	24	123	32	he	1	0	176	-5	he	False	O	False	2	0	1
3430	-5	6	24	123	33	he	1	140	136	-5	he	False	O	False	2	0	0
3431	-5	6	201	123	34	he	1	0	56	-5	he	False	O	False	2	0	1
3432	-5	6	48	123	35	he	1	172	224	-5	he	False	O	False	2	0	0
3433	-5	6	55	123	36	he	1	0	96	-5	he	False	O	False	2	0	1
3434	-5	6	123	123	37	he	1	0	208	-5	he	False	O	False	2	0	1
3435	-5	6	23	123	38	he	1	280	192	-5	he	False	O	False	2	0	0
3436	-5	6	162	123	39	he	1	0	172	-5	he	False	O	False	2	0	1
3437	-5	6	202	123	40	he	1	164	0	-5	he	False	O	False	2	0	0
3438	-5	6	138	123	41	he	1	0	212	-5	he	False	O	False	2	0	1
3439	-5	6	74	123	42	he	1	0	296	-5	he	False	O	False	2	0	1
3440	-5	6	12	123	43	he	1	80	160	-5	he	False	O	False	2	0	0
3441	-4	9	90	123	1	his	1	108	288	-4	his	False	P	False	3	1	0
3442	-4	9	108	123	2	his	1	204	0	-4	his	False	P	False	3	1	0
3443	-4	9	199	123	3	his	1	0	176	-4	his	False	P	False	3	1	1
3444	-4	9	103	123	4	his	1	0	404	-4	his	False	P	False	3	1	1
3445	-4	9	182	123	5	his	1	0	352	-4	his	False	P	False	3	1	1
3446	-4	9	58	123	6	his	1	0	0	-4	his	False	P	False	3	1	1
3447	-4	9	162	123	7	his	1	164	228	-4	his	False	P	False	3	1	0
3448	-4	9	91	123	8	his	1	132	308	-4	his	False	P	False	3	1	0
3449	-4	9	24	123	9	his	1	0	468	-4	his	False	P	False	3	1	1
3450	-4	9	128	123	10	his	1	0	280	-4	his	False	P	False	3	1	1
3451	-4	9	131	123	11	his	1	0	428	-4	his	False	P	False	3	1	1
3452	-4	9	170	123	12	his	1	92	228	-4	his	False	P	False	3	1	0
3453	-4	9	119	123	13	his	1	0	316	-4	his	False	P	False	3	1	1
3454	-4	9	99	123	14	his	1	0	204	-4	his	False	P	False	3	1	1
3455	-4	9	25	123	15	his	1	152	116	-4	his	False	P	False	3	1	0
3456	-4	9	25	123	16	his	1	468	0	-4	his	False	P	False	3	1	0
3457	-4	9	51	123	17	his	1	0	236	-4	his	False	P	False	3	1	1
3458	-4	9	106	123	18	his	1	304	0	-4	his	False	P	False	3	1	0
3459	-4	9	164	123	19	his	1	80	0	-4	his	False	P	False	3	1	0
3460	-4	9	170	123	20	his	1	188	164	-4	his	False	P	False	3	1	0
3461	-4	9	94	123	21	his	1	0	252	-4	his	False	P	False	3	1	1
3462	-4	9	72	123	22	his	1	312	204	-4	his	False	P	False	3	1	0
3463	-4	9	198	123	23	his	1	0	336	-4	his	False	P	False	3	1	1
3464	-4	9	189	123	24	his	1	0	160	-4	his	False	P	False	3	1	1
3465	-4	9	107	123	25	his	1	0	252	-4	his	False	P	False	3	1	1
3466	-4	9	15	123	27	his	1	0	288	-4	his	False	P	False	3	1	1
3467	-4	9	159	123	28	his	1	0	148	-4	his	False	P	False	3	1	1
3468	-4	9	117	123	29	his	1	0	504	-4	his	False	P	False	3	1	1
3469	-4	9	44	123	30	his	1	0	524	-4	his	False	P	False	3	1	1
3470	-4	9	113	123	31	his	1	140	208	-4	his	False	P	False	3	1	0
3471	-4	9	24	123	32	his	1	324	0	-4	his	False	P	False	3	1	0
3472	-4	9	24	123	33	his	1	364	224	-4	his	False	P	False	3	1	0
3473	-4	9	201	123	34	his	1	228	0	-4	his	False	P	False	3	1	0
3474	-4	9	48	123	35	his	1	0	348	-4	his	False	P	False	3	1	1
3475	-4	9	55	123	36	his	1	292	224	-4	his	False	P	False	3	1	0
3476	-4	9	123	123	37	his	1	68	188	-4	his	False	P	False	3	1	0
3477	-4	9	23	123	38	his	1	240	188	-4	his	False	P	False	3	1	0
3478	-4	9	162	123	39	his	1	0	472	-4	his	False	P	False	3	1	1
3479	-4	9	202	123	40	his	1	0	0	-4	his	False	P	False	3	1	1
3480	-4	9	138	123	41	his	1	0	180	-4	his	False	P	False	3	1	1
3481	-4	9	74	123	42	his	1	92	180	-4	his	False	P	False	3	1	0
3482	-4	9	12	123	43	his	1	340	240	-4	his	False	P	False	3	1	0
3483	-7	8	141	125	1	him	1	304	0	-7	him	False	O	False	3	0	0
3484	-7	8	42	125	2	him	1	172	144	-7	him	False	O	False	3	0	0
3485	-7	8	42	125	3	him	1	176	0	-7	him	False	O	False	3	0	0
3486	-7	8	11	125	4	him	1	0	164	-7	him	False	O	False	3	0	1
3487	-7	8	11	125	5	him	1	0	0	-7	him	False	O	False	3	0	1
3488	-7	8	124	125	6	him	1	0	460	-7	him	False	O	False	3	0	1
3489	-7	8	87	125	7	him	1	168	0	-7	him	False	O	False	3	0	0
3490	-7	8	20	125	8	him	1	0	192	-7	him	False	O	False	3	0	1
3491	-7	8	21	125	10	him	1	140	148	-7	him	False	O	False	3	0	0
3492	-7	8	183	125	11	him	1	0	212	-7	him	False	O	False	3	0	1
3493	-7	8	87	125	12	him	1	176	0	-7	him	False	O	False	3	0	0
3494	-7	8	147	125	13	him	1	232	0	-7	him	False	O	False	3	0	0
3495	-7	8	130	125	14	him	1	0	600	-7	him	False	O	False	3	0	1
3496	-7	8	95	125	15	him	1	164	0	-7	him	False	O	False	3	0	0
3497	-7	8	60	125	16	him	1	340	0	-7	him	False	O	False	3	0	0
3498	-7	8	136	125	17	him	1	0	236	-7	him	False	O	False	3	0	1
3499	-7	8	191	125	18	him	1	0	0	-7	him	False	O	False	3	0	1
3500	-7	8	102	125	19	him	1	436	0	-7	him	False	O	False	3	0	0
3501	-7	8	53	125	20	him	1	128	0	-7	him	False	O	False	3	0	0
3502	-7	8	76	125	21	him	1	128	0	-7	him	False	O	False	3	0	0
3503	-7	8	141	125	22	him	1	224	168	-7	him	False	O	False	3	0	0
3504	-7	8	125	125	23	him	1	192	0	-7	him	False	O	False	3	0	0
3505	-7	8	157	125	24	him	1	0	0	-7	him	False	O	False	3	0	1
3506	-7	8	171	125	25	him	1	216	0	-7	him	False	O	False	3	0	0
3507	-7	8	51	125	27	him	1	160	0	-7	him	False	O	False	3	0	0
3508	-7	8	142	125	28	him	1	0	180	-7	him	False	O	False	3	0	1
3509	-7	8	194	125	29	him	1	152	0	-7	him	False	O	False	3	0	0
3510	-7	8	185	125	30	him	1	180	0	-7	him	False	O	False	3	0	0
3511	-7	8	29	125	31	him	1	172	0	-7	him	False	O	False	3	0	0
3512	-7	8	43	125	32	him	1	0	192	-7	him	False	O	False	3	0	1
3513	-7	8	77	125	33	him	1	212	0	-7	him	False	O	False	3	0	0
3514	-7	8	191	125	34	him	1	164	0	-7	him	False	O	False	3	0	0
3515	-7	8	66	125	35	him	1	0	152	-7	him	False	O	False	3	0	1
3516	-7	8	37	125	36	him	1	0	0	-7	him	False	O	False	3	0	1
3517	-7	8	5	125	37	him	1	0	140	-7	him	False	O	False	3	0	1
3518	-7	8	181	125	38	him	1	164	0	-7	him	False	O	False	3	0	0
3519	-7	8	169	125	39	him	1	108	0	-7	him	False	O	False	3	0	0
3520	-7	8	18	125	40	him	1	0	124	-7	him	False	O	False	3	0	1
3521	-7	8	71	125	41	him	1	0	152	-7	him	False	O	False	3	0	1
3522	-7	8	97	125	42	him	1	160	0	-7	him	False	O	False	3	0	0
3523	-7	8	154	125	43	him	1	0	268	-7	him	False	O	False	3	0	1
3524	-6	8	105	126	1	his	1	0	192	-6	his	False	P	False	3	0	1
3525	-6	8	184	126	2	his	1	0	304	-6	his	False	P	False	3	0	1
3526	-6	8	189	126	3	his	1	0	540	-6	his	False	P	False	3	0	1
3527	-6	8	155	126	4	his	1	0	180	-6	his	False	P	False	3	0	1
3528	-6	8	97	126	5	his	1	0	260	-6	his	False	P	False	3	0	1
3529	-6	8	203	126	6	his	1	0	0	-6	his	False	P	False	3	0	1
3530	-6	8	110	126	7	his	1	0	96	-6	his	False	P	False	3	0	1
3531	-6	8	21	126	8	his	1	0	764	-6	his	False	P	False	3	0	1
3532	-6	8	186	126	10	his	1	0	208	-6	his	False	P	False	3	0	1
3533	-6	8	180	126	11	his	1	0	324	-6	his	False	P	False	3	0	1
3534	-6	8	142	126	12	his	1	0	828	-6	his	False	P	False	3	0	1
3535	-6	8	87	126	13	his	1	248	88	-6	his	False	P	False	3	0	0
3536	-6	8	50	126	14	his	1	156	312	-6	his	False	P	False	3	0	0
3537	-6	8	61	126	15	his	1	0	292	-6	his	False	P	False	3	0	1
3538	-6	8	185	126	16	his	1	256	792	-6	his	False	P	False	3	0	0
3539	-6	8	124	126	17	his	1	1244	0	-6	his	False	P	False	3	0	0
3540	-6	8	95	126	18	his	1	0	236	-6	his	False	P	False	3	0	1
3541	-6	8	11	126	19	his	1	0	340	-6	his	False	P	False	3	0	1
3542	-6	8	60	126	20	his	1	228	0	-6	his	False	P	False	3	0	0
3543	-6	8	192	126	21	his	1	0	244	-6	his	False	P	False	3	0	1
3544	-6	8	113	126	22	his	1	0	428	-6	his	False	P	False	3	0	1
3545	-6	8	40	126	23	his	1	0	528	-6	his	False	P	False	3	0	1
3546	-6	8	180	126	24	his	1	0	192	-6	his	False	P	False	3	0	1
3547	-6	8	197	126	25	his	1	0	264	-6	his	False	P	False	3	0	1
3548	-6	8	106	126	27	his	1	0	496	-6	his	False	P	False	3	0	1
3549	-6	8	17	126	28	his	1	148	284	-6	his	False	P	False	3	0	0
3550	-6	8	128	126	29	his	1	0	260	-6	his	False	P	False	3	0	1
3551	-6	8	51	126	30	his	1	0	204	-6	his	False	P	False	3	0	1
3552	-6	8	102	126	31	his	1	0	0	-6	his	False	P	False	3	0	1
3553	-6	8	2	126	32	his	1	220	424	-6	his	False	P	False	3	0	0
3554	-6	8	114	126	33	his	1	184	436	-6	his	False	P	False	3	0	0
3555	-6	8	182	126	34	his	1	0	256	-6	his	False	P	False	3	0	1
3556	-6	8	120	126	35	his	1	0	148	-6	his	False	P	False	3	0	1
3557	-6	8	181	126	36	his	1	0	0	-6	his	False	P	False	3	0	1
3558	-6	8	56	126	37	his	1	0	640	-6	his	False	P	False	3	0	1
3559	-6	8	152	126	38	his	1	0	208	-6	his	False	P	False	3	0	1
3560	-6	8	137	126	39	his	1	0	0	-6	his	False	P	False	3	0	1
3561	-6	8	56	126	40	his	1	0	296	-6	his	False	P	False	3	0	1
3562	-6	8	5	126	41	his	1	0	536	-6	his	False	P	False	3	0	1
3563	-6	8	175	126	42	his	1	148	304	-6	his	False	P	False	3	0	0
3564	-6	8	70	126	43	his	1	0	156	-6	his	False	P	False	3	0	1
3565	-4	7	204	127	1	she	1	196	180	-4	she	False	O	False	3	1	0
3566	-4	7	21	127	2	she	1	0	152	-4	she	False	O	False	3	1	1
3567	-4	7	116	127	3	she	1	304	252	-4	she	False	O	False	3	1	0
3568	-4	7	117	127	4	she	1	188	280	-4	she	False	O	False	3	1	0
3569	-4	7	83	127	5	she	1	196	176	-4	she	False	O	False	3	1	0
3570	-4	7	97	127	6	she	1	0	172	-4	she	False	O	False	3	1	1
3571	-4	7	1	127	7	she	1	112	0	-4	she	False	O	False	3	1	0
3572	-4	7	192	127	8	she	1	456	200	-4	she	False	O	False	3	1	0
3573	-4	7	16	127	10	she	1	0	132	-4	she	False	O	False	3	1	1
3574	-4	7	72	127	11	she	1	244	168	-4	she	False	O	False	3	1	0
3575	-4	7	129	127	12	she	1	144	140	-4	she	False	O	False	3	1	0
3576	-4	7	150	127	13	she	1	196	260	-4	she	False	O	False	3	1	0
3577	-4	7	24	127	14	she	1	212	416	-4	she	False	O	False	3	1	0
3578	-4	7	96	127	15	she	1	0	132	-4	she	False	O	False	3	1	1
3579	-4	7	12	127	16	she	1	160	148	-4	she	False	O	False	3	1	0
3580	-4	7	151	127	17	she	1	268	244	-4	she	False	O	False	3	1	0
3581	-4	7	113	127	18	she	1	252	0	-4	she	False	O	False	3	1	0
3582	-4	7	138	127	19	she	1	308	248	-4	she	False	O	False	3	1	0
3583	-4	7	153	127	20	she	1	0	224	-4	she	False	O	False	3	1	1
3584	-4	7	14	127	21	she	1	0	268	-4	she	False	O	False	3	1	1
3585	-4	7	80	127	22	she	1	0	496	-4	she	False	O	False	3	1	1
3586	-4	7	191	127	23	she	1	172	84	-4	she	False	O	False	3	1	0
3587	-4	7	201	127	24	she	1	236	136	-4	she	False	O	False	3	1	0
3588	-4	7	6	127	25	she	1	0	128	-4	she	False	O	False	3	1	1
3589	-4	7	84	127	27	she	1	508	140	-4	she	False	O	False	3	1	0
3590	-4	7	15	127	28	she	1	632	156	-4	she	False	O	False	3	1	0
3591	-4	7	109	127	29	she	1	0	404	-4	she	False	O	False	3	1	1
3592	-4	7	179	127	30	she	1	428	316	-4	she	False	O	False	3	1	0
3593	-4	7	21	127	31	she	1	0	156	-4	she	False	O	False	3	1	1
3594	-4	7	33	127	32	she	1	116	248	-4	she	False	O	False	3	1	0
3595	-4	7	39	127	33	she	1	236	184	-4	she	False	O	False	3	1	0
3596	-4	7	180	127	34	she	1	0	312	-4	she	False	O	False	3	1	1
3597	-4	7	171	127	35	she	1	168	196	-4	she	False	O	False	3	1	0
3598	-4	7	105	127	36	she	1	204	0	-4	she	False	O	False	3	1	0
3599	-4	7	164	127	37	she	1	152	160	-4	she	False	O	False	3	1	0
3600	-4	7	191	127	38	she	1	0	348	-4	she	False	O	False	3	1	1
3601	-4	7	1	127	39	she	1	0	96	-4	she	False	O	False	3	1	1
3602	-4	7	125	127	40	she	1	0	156	-4	she	False	O	False	3	1	1
3603	-4	7	175	127	41	she	1	312	164	-4	she	False	O	False	3	1	0
3604	-4	7	169	127	42	she	1	288	184	-4	she	False	O	False	3	1	0
3605	-4	7	99	127	43	she	1	208	188	-4	she	False	O	False	3	1	0
3606	-4	6	168	129	1	he	1	0	140	-4	he	False	O	False	2	0	1
3607	-4	6	182	129	2	he	1	120	0	-4	he	False	O	False	2	0	0
3608	-4	6	131	129	3	he	1	272	0	-4	he	False	O	False	2	0	0
3609	-4	6	168	129	4	he	1	0	176	-4	he	False	O	False	2	0	1
3610	-4	6	156	129	5	he	1	0	0	-4	he	False	O	False	2	0	1
3611	-4	6	26	129	6	he	1	0	144	-4	he	False	O	False	2	0	1
3612	-4	6	130	129	7	he	1	0	0	-4	he	False	O	False	2	0	1
3613	-4	6	85	129	8	he	1	228	200	-4	he	False	O	False	2	0	0
3614	-4	6	134	129	10	he	1	0	160	-4	he	False	O	False	2	0	1
3615	-4	6	142	129	11	he	1	204	72	-4	he	False	O	False	2	0	0
3616	-4	6	144	129	12	he	1	0	0	-4	he	False	O	False	2	0	1
3617	-4	6	109	129	13	he	1	0	212	-4	he	False	O	False	2	0	1
3618	-4	6	36	129	14	he	1	144	0	-4	he	False	O	False	2	0	0
3619	-4	6	62	129	15	he	1	148	0	-4	he	False	O	False	2	0	0
3620	-4	6	67	129	16	he	1	80	0	-4	he	False	O	False	2	0	0
3621	-4	6	118	129	17	he	1	0	116	-4	he	False	O	False	2	0	1
3622	-4	6	38	129	18	he	1	0	0	-4	he	False	O	False	2	0	1
3623	-4	6	54	129	19	he	1	172	0	-4	he	False	O	False	2	0	0
3624	-4	6	127	129	20	he	1	0	0	-4	he	False	O	False	2	0	1
3625	-4	6	25	129	21	he	1	0	216	-4	he	False	O	False	2	0	1
3626	-4	6	94	129	22	he	1	0	180	-4	he	False	O	False	2	0	1
3627	-4	6	172	129	23	he	1	148	160	-4	he	False	O	False	2	0	0
3628	-4	6	120	129	24	he	1	208	0	-4	he	False	O	False	2	0	0
3629	-4	6	105	129	25	he	1	0	216	-4	he	False	O	False	2	0	1
3630	-4	6	89	129	27	he	1	284	0	-4	he	False	O	False	2	0	0
3631	-4	6	120	129	28	he	1	0	176	-4	he	False	O	False	2	0	1
3632	-4	6	150	129	29	he	1	188	124	-4	he	False	O	False	2	0	0
3633	-4	6	34	129	30	he	1	440	0	-4	he	False	O	False	2	0	0
3634	-4	6	153	129	31	he	1	0	128	-4	he	False	O	False	2	0	1
3635	-4	6	11	129	32	he	1	264	300	-4	he	False	O	False	2	0	0
3636	-4	6	93	129	33	he	1	0	196	-4	he	False	O	False	2	0	1
3637	-4	6	10	129	34	he	1	0	160	-4	he	False	O	False	2	0	1
3638	-4	6	155	129	35	he	1	204	0	-4	he	False	O	False	2	0	0
3639	-4	6	119	129	36	he	1	0	0	-4	he	False	O	False	2	0	1
3640	-4	6	46	129	37	he	1	136	188	-4	he	False	O	False	2	0	0
3641	-4	6	202	129	38	he	1	220	0	-4	he	False	O	False	2	0	0
3642	-4	6	143	129	39	he	1	0	0	-4	he	False	O	False	2	0	1
3643	-4	6	149	129	40	he	1	0	0	-4	he	False	O	False	2	0	1
3644	-4	6	38	129	41	he	1	388	0	-4	he	False	O	False	2	0	0
3645	-4	6	41	129	42	he	1	0	244	-4	he	False	O	False	2	0	1
3646	-4	6	185	129	43	he	1	0	136	-4	he	False	O	False	2	0	1
3647	-3	3	130	132	1	his	1	152	192	-3	his	False	P	False	3	1	0
3648	-3	3	129	132	2	his	1	96	168	-3	his	False	P	False	3	1	0
3649	-3	3	140	132	3	his	1	316	0	-3	his	False	P	False	3	1	0
3650	-3	3	158	132	4	his	1	0	0	-3	his	False	P	False	3	1	1
3651	-3	3	145	132	5	his	1	0	268	-3	his	False	P	False	3	1	1
3652	-3	3	63	132	6	his	1	0	120	-3	his	False	P	False	3	1	1
3653	-3	3	182	132	7	his	1	0	132	-3	his	False	P	False	3	1	1
3654	-3	3	161	132	8	his	1	200	144	-3	his	False	P	False	3	1	0
3655	-3	3	132	132	10	his	1	0	212	-3	his	False	P	False	3	1	1
3656	-3	3	8	132	11	his	1	156	232	-3	his	False	P	False	3	1	0
3657	-3	3	29	132	12	his	1	332	248	-3	his	False	P	False	3	1	0
3658	-3	3	48	132	13	his	1	176	0	-3	his	False	P	False	3	1	0
3659	-3	3	18	132	14	his	1	0	328	-3	his	False	P	False	3	1	1
3660	-3	3	79	132	15	his	1	140	0	-3	his	False	P	False	3	1	0
3661	-3	3	69	132	16	his	1	204	188	-3	his	False	P	False	3	1	0
3662	-3	3	200	132	18	his	1	0	212	-3	his	False	P	False	3	1	1
3663	-3	3	134	132	19	his	1	184	156	-3	his	False	P	False	3	1	0
3664	-3	3	190	132	20	his	1	172	168	-3	his	False	P	False	3	1	0
3665	-3	3	105	132	21	his	1	0	0	-3	his	False	P	False	3	1	1
3666	-3	3	143	132	22	his	1	308	140	-3	his	False	P	False	3	1	0
3667	-3	3	6	132	23	his	1	308	364	-3	his	False	P	False	3	1	0
3668	-3	3	84	132	24	his	1	180	180	-3	his	False	P	False	3	1	0
3669	-3	3	48	132	25	his	1	152	260	-3	his	False	P	False	3	1	0
3670	-3	3	75	132	27	his	1	0	436	-3	his	False	P	False	3	1	1
3671	-3	3	85	132	28	his	1	424	336	-3	his	False	P	False	3	1	0
3672	-3	3	28	132	29	his	1	0	0	-3	his	False	P	False	3	1	1
3673	-3	3	136	132	30	his	1	296	68	-3	his	False	P	False	3	1	0
3674	-3	3	59	132	31	his	1	0	192	-3	his	False	P	False	3	1	1
3675	-3	3	190	132	32	his	1	208	160	-3	his	False	P	False	3	1	0
3676	-3	3	48	132	33	his	1	0	172	-3	his	False	P	False	3	1	1
3677	-3	3	24	132	34	his	1	196	192	-3	his	False	P	False	3	1	0
3678	-3	3	134	132	35	his	1	172	208	-3	his	False	P	False	3	1	0
3679	-3	3	24	132	36	his	1	136	0	-3	his	False	P	False	3	1	0
3680	-3	3	47	132	37	his	1	144	164	-3	his	False	P	False	3	1	0
3681	-3	3	94	132	38	his	1	0	216	-3	his	False	P	False	3	1	1
3682	-3	3	147	132	39	his	1	0	192	-3	his	False	P	False	3	1	1
3683	-3	3	134	132	40	his	1	0	0	-3	his	False	P	False	3	1	1
3684	-3	3	130	132	41	his	1	276	0	-3	his	False	P	False	3	1	0
3685	-3	3	17	132	42	his	1	0	216	-3	his	False	P	False	3	1	1
3686	-3	3	192	132	43	his	1	252	0	-3	his	False	P	False	3	1	0
3687	-3	3	175	133	1	his	1	172	160	-3	his	False	P	False	3	1	0
3688	-3	3	156	133	2	his	1	0	120	-3	his	False	P	False	3	1	1
3689	-3	3	69	133	3	his	1	180	244	-3	his	False	P	False	3	1	0
3690	-3	3	202	133	4	his	1	160	156	-3	his	False	P	False	3	1	0
3691	-3	3	149	133	5	his	1	264	272	-3	his	False	P	False	3	1	0
3692	-3	3	167	133	6	his	1	240	120	-3	his	False	P	False	3	1	0
3693	-3	3	171	133	7	his	1	164	188	-3	his	False	P	False	3	1	0
3694	-3	3	29	133	8	his	1	204	128	-3	his	False	P	False	3	1	0
3695	-3	3	192	133	10	his	1	124	136	-3	his	False	P	False	3	1	0
3696	-3	3	107	133	11	his	1	144	288	-3	his	False	P	False	3	1	0
3697	-3	3	187	133	12	his	1	296	0	-3	his	False	P	False	3	1	0
3698	-3	3	194	133	13	his	1	0	208	-3	his	False	P	False	3	1	1
3699	-3	3	89	133	14	his	1	248	192	-3	his	False	P	False	3	1	0
3700	-3	3	165	133	15	his	1	0	172	-3	his	False	P	False	3	1	1
3701	-3	3	108	133	16	his	1	192	168	-3	his	False	P	False	3	1	0
3702	-3	3	51	133	18	his	1	0	164	-3	his	False	P	False	3	1	1
3703	-3	3	203	133	19	his	1	280	152	-3	his	False	P	False	3	1	0
3704	-3	3	40	133	20	his	1	96	148	-3	his	False	P	False	3	1	0
3705	-3	3	97	133	21	his	1	216	264	-3	his	False	P	False	3	1	0
3706	-3	3	130	133	22	his	1	0	368	-3	his	False	P	False	3	1	1
3707	-3	3	166	133	23	his	1	184	284	-3	his	False	P	False	3	1	0
3708	-3	3	37	133	24	his	1	184	180	-3	his	False	P	False	3	1	0
3709	-3	3	203	133	25	his	1	156	244	-3	his	False	P	False	3	1	0
3710	-3	3	130	133	27	his	1	0	200	-3	his	False	P	False	3	1	1
3711	-3	3	80	133	28	his	1	0	0	-3	his	False	P	False	3	1	1
3712	-3	3	66	133	29	his	1	0	268	-3	his	False	P	False	3	1	1
3713	-3	3	137	133	30	his	1	480	72	-3	his	False	P	False	3	1	0
3714	-3	3	44	133	31	his	1	0	160	-3	his	False	P	False	3	1	1
3715	-3	3	130	133	32	his	1	220	208	-3	his	False	P	False	3	1	0
3716	-3	3	112	133	33	his	1	184	148	-3	his	False	P	False	3	1	0
3717	-3	3	110	133	34	his	1	564	0	-3	his	False	P	False	3	1	0
3718	-3	3	32	133	35	his	1	188	208	-3	his	False	P	False	3	1	0
3719	-3	3	201	133	36	his	1	216	0	-3	his	False	P	False	3	1	0
3720	-3	3	29	133	37	his	1	220	256	-3	his	False	P	False	3	1	0
3721	-3	3	204	133	38	his	1	0	260	-3	his	False	P	False	3	1	1
3722	-3	3	37	133	39	his	1	0	144	-3	his	False	P	False	3	1	1
3723	-3	3	59	133	40	his	1	44	56	-3	his	False	P	False	3	1	0
3724	-3	3	178	133	41	his	1	0	0	-3	his	False	P	False	3	1	1
3725	-3	3	20	133	42	his	1	0	196	-3	his	False	P	False	3	1	1
3726	-3	3	88	133	43	his	1	160	152	-3	his	False	P	False	3	1	0
3727	-7	10	175	133	1	his	1	284	364	-7	his	False	P	False	3	3	0
3728	-7	10	156	133	2	his	1	256	0	-7	his	False	P	False	3	3	0
3729	-7	10	69	133	3	his	1	176	360	-7	his	False	P	False	3	3	0
3730	-7	10	202	133	4	his	1	188	544	-7	his	False	P	False	3	3	0
3731	-7	10	149	133	5	his	1	328	376	-7	his	False	P	False	3	3	0
3732	-7	10	167	133	6	his	1	0	280	-7	his	False	P	False	3	3	1
3733	-7	10	171	133	7	his	1	188	64	-7	his	False	P	False	3	3	0
3734	-7	10	29	133	8	his	1	388	192	-7	his	False	P	False	3	3	0
3735	-7	10	192	133	10	his	1	168	208	-7	his	False	P	False	3	3	0
3736	-7	10	107	133	11	his	1	200	324	-7	his	False	P	False	3	3	0
3737	-7	10	187	133	12	his	1	0	192	-7	his	False	P	False	3	3	1
3738	-7	10	194	133	13	his	1	248	428	-7	his	False	P	False	3	3	0
3739	-7	10	89	133	14	his	1	336	204	-7	his	False	P	False	3	3	0
3740	-7	10	165	133	15	his	1	0	184	-7	his	False	P	False	3	3	1
3741	-7	10	108	133	16	his	1	284	604	-7	his	False	P	False	3	3	0
3742	-7	10	51	133	18	his	1	416	0	-7	his	False	P	False	3	3	0
3743	-7	10	203	133	19	his	1	228	0	-7	his	False	P	False	3	3	0
3744	-7	10	40	133	20	his	1	0	232	-7	his	False	P	False	3	3	1
3745	-7	10	97	133	21	his	1	0	144	-7	his	False	P	False	3	3	1
3746	-7	10	130	133	22	his	1	284	0	-7	his	False	P	False	3	3	0
3747	-7	10	166	133	23	his	1	160	444	-7	his	False	P	False	3	3	0
3748	-7	10	37	133	24	his	1	0	208	-7	his	False	P	False	3	3	1
3749	-7	10	203	133	25	his	1	140	212	-7	his	False	P	False	3	3	0
3750	-7	10	130	133	27	his	1	0	552	-7	his	False	P	False	3	3	1
3751	-7	10	80	133	28	his	1	192	644	-7	his	False	P	False	3	3	0
3752	-7	10	66	133	29	his	1	0	292	-7	his	False	P	False	3	3	1
3753	-7	10	137	133	30	his	1	0	240	-7	his	False	P	False	3	3	1
3754	-7	10	44	133	31	his	1	132	0	-7	his	False	P	False	3	3	0
3755	-7	10	130	133	32	his	1	256	152	-7	his	False	P	False	3	3	0
3756	-7	10	112	133	33	his	1	0	212	-7	his	False	P	False	3	3	1
3757	-7	10	110	133	34	his	1	0	0	-7	his	False	P	False	3	3	1
3758	-7	10	32	133	35	his	1	0	364	-7	his	False	P	False	3	3	1
3759	-7	10	201	133	36	his	1	0	220	-7	his	False	P	False	3	3	1
3760	-7	10	29	133	37	his	1	176	368	-7	his	False	P	False	3	3	0
3761	-7	10	204	133	38	his	1	204	376	-7	his	False	P	False	3	3	0
3762	-7	10	37	133	39	his	1	0	0	-7	his	False	P	False	3	3	1
3763	-7	10	59	133	40	his	1	156	100	-7	his	False	P	False	3	3	0
3764	-7	10	178	133	41	his	1	256	184	-7	his	False	P	False	3	3	0
3765	-7	10	20	133	42	his	1	48	232	-7	his	False	P	False	3	3	0
3766	-7	10	88	133	43	his	1	0	156	-7	his	False	P	False	3	3	1
3767	-3	7	175	133	1	she	1	220	404	-3	she	False	O	False	3	2	0
3768	-3	7	156	133	2	she	1	208	152	-3	she	False	O	False	3	2	0
3769	-3	7	69	133	3	she	1	200	332	-3	she	False	O	False	3	2	0
3770	-3	7	202	133	4	she	1	180	208	-3	she	False	O	False	3	2	0
3771	-3	7	149	133	5	she	1	280	324	-3	she	False	O	False	3	2	0
3772	-3	7	167	133	6	she	1	0	0	-3	she	False	O	False	3	2	1
3773	-3	7	171	133	7	she	1	0	196	-3	she	False	O	False	3	2	1
3774	-3	7	29	133	8	she	1	248	160	-3	she	False	O	False	3	2	0
3775	-3	7	192	133	10	she	1	0	280	-3	she	False	O	False	3	2	1
3776	-3	7	107	133	11	she	1	124	76	-3	she	False	O	False	3	2	0
3777	-3	7	187	133	12	she	1	148	140	-3	she	False	O	False	3	2	0
3778	-3	7	194	133	13	she	1	0	312	-3	she	False	O	False	3	2	1
3779	-3	7	89	133	14	she	1	132	212	-3	she	False	O	False	3	2	0
3780	-3	7	165	133	15	she	1	100	0	-3	she	False	O	False	3	2	0
3781	-3	7	108	133	16	she	1	360	228	-3	she	False	O	False	3	2	0
3782	-3	7	51	133	18	she	1	0	224	-3	she	False	O	False	3	2	1
3783	-3	7	203	133	19	she	1	172	132	-3	she	False	O	False	3	2	0
3784	-3	7	40	133	20	she	1	140	0	-3	she	False	O	False	3	2	0
3785	-3	7	97	133	21	she	1	160	156	-3	she	False	O	False	3	2	0
3786	-3	7	130	133	22	she	1	184	208	-3	she	False	O	False	3	2	0
3787	-3	7	166	133	23	she	1	348	464	-3	she	False	O	False	3	2	0
3788	-3	7	37	133	24	she	1	172	232	-3	she	False	O	False	3	2	0
3789	-3	7	203	133	25	she	1	200	204	-3	she	False	O	False	3	2	0
3790	-3	7	130	133	27	she	1	304	364	-3	she	False	O	False	3	2	0
3791	-3	7	80	133	28	she	1	316	236	-3	she	False	O	False	3	2	0
3792	-3	7	66	133	29	she	1	184	204	-3	she	False	O	False	3	2	0
3793	-3	7	137	133	30	she	1	0	600	-3	she	False	O	False	3	2	1
3794	-3	7	44	133	31	she	1	0	164	-3	she	False	O	False	3	2	1
3795	-3	7	130	133	32	she	1	332	184	-3	she	False	O	False	3	2	0
3796	-3	7	112	133	33	she	1	180	200	-3	she	False	O	False	3	2	0
3797	-3	7	110	133	34	she	1	148	0	-3	she	False	O	False	3	2	0
3798	-3	7	32	133	35	she	1	280	228	-3	she	False	O	False	3	2	0
3799	-3	7	201	133	36	she	1	156	0	-3	she	False	O	False	3	2	0
3800	-3	7	29	133	37	she	1	288	104	-3	she	False	O	False	3	2	0
3801	-3	7	204	133	38	she	1	0	216	-3	she	False	O	False	3	2	1
3802	-3	7	37	133	39	she	1	0	0	-3	she	False	O	False	3	2	1
3803	-3	7	59	133	40	she	1	0	156	-3	she	False	O	False	3	2	1
3804	-3	7	178	133	41	she	1	232	200	-3	she	False	O	False	3	2	0
3805	-3	7	20	133	42	she	1	88	156	-3	she	False	O	False	3	2	0
3806	-3	7	88	133	43	she	1	132	196	-3	she	False	O	False	3	2	0
3807	-5	6	107	135	1	he	1	0	152	-5	he	False	O	False	2	1	1
3808	-5	6	176	135	2	he	1	224	156	-5	he	False	O	False	2	1	0
3809	-5	6	176	135	3	he	1	160	76	-5	he	False	O	False	2	1	0
3810	-5	6	186	135	4	he	1	0	156	-5	he	False	O	False	2	1	1
3811	-5	6	61	135	5	he	1	120	0	-5	he	False	O	False	2	1	0
3812	-5	6	24	135	6	he	1	160	0	-5	he	False	O	False	2	1	0
3813	-5	6	139	135	7	he	1	204	104	-5	he	False	O	False	2	1	0
3814	-5	6	178	135	8	he	1	0	592	-5	he	False	O	False	2	1	1
3815	-5	6	4	135	10	he	1	0	108	-5	he	False	O	False	2	1	1
3816	-5	6	29	135	11	he	1	132	144	-5	he	False	O	False	2	1	0
3817	-5	6	193	135	12	he	1	236	272	-5	he	False	O	False	2	1	0
3818	-5	6	107	135	13	he	1	0	192	-5	he	False	O	False	2	1	1
3819	-5	6	164	135	14	he	1	168	320	-5	he	False	O	False	2	1	0
3820	-5	6	4	135	15	he	1	0	124	-5	he	False	O	False	2	1	1
3821	-5	6	72	135	16	he	1	0	132	-5	he	False	O	False	2	1	1
3822	-5	6	125	135	17	he	1	168	112	-5	he	False	O	False	2	1	0
3823	-5	6	31	135	18	he	1	0	124	-5	he	False	O	False	2	1	1
3824	-5	6	195	135	19	he	1	0	132	-5	he	False	O	False	2	1	1
3825	-5	6	99	135	20	he	1	164	0	-5	he	False	O	False	2	1	0
3826	-5	6	11	135	21	he	1	120	136	-5	he	False	O	False	2	1	0
3827	-5	6	60	135	22	he	1	0	252	-5	he	False	O	False	2	1	1
3828	-5	6	17	135	23	he	1	224	280	-5	he	False	O	False	2	1	0
3829	-5	6	77	135	24	he	1	0	268	-5	he	False	O	False	2	1	1
3830	-5	6	164	135	25	he	1	176	184	-5	he	False	O	False	2	1	0
3831	-5	6	205	135	27	he	1	0	212	-5	he	False	O	False	2	1	1
3832	-5	6	84	135	28	he	1	0	224	-5	he	False	O	False	2	1	1
3833	-5	6	127	135	29	he	1	0	224	-5	he	False	O	False	2	1	1
3834	-5	6	130	135	30	he	1	312	264	-5	he	False	O	False	2	1	0
3835	-5	6	162	135	31	he	1	0	152	-5	he	False	O	False	2	1	1
3836	-5	6	93	135	32	he	1	0	228	-5	he	False	O	False	2	1	1
3837	-5	6	40	135	33	he	1	0	192	-5	he	False	O	False	2	1	1
3838	-5	6	154	135	34	he	1	0	204	-5	he	False	O	False	2	1	1
3839	-5	6	172	135	35	he	1	296	184	-5	he	False	O	False	2	1	0
3840	-5	6	158	135	36	he	1	160	136	-5	he	False	O	False	2	1	0
3841	-5	6	145	135	37	he	1	124	116	-5	he	False	O	False	2	1	0
3842	-5	6	104	135	38	he	1	152	0	-5	he	False	O	False	2	1	0
3843	-5	6	86	135	39	he	1	0	152	-5	he	False	O	False	2	1	1
3844	-5	6	50	135	40	he	1	208	260	-5	he	False	O	False	2	1	0
3845	-5	6	137	135	41	he	1	0	0	-5	he	False	O	False	2	1	1
3846	-5	6	178	135	42	he	1	164	184	-5	he	False	O	False	2	1	0
3847	-5	6	128	135	43	he	1	0	252	-5	he	False	O	False	2	1	1
3848	-4	4	25	136	1	he	1	172	200	-4	he	False	O	False	2	0	0
3849	-4	4	140	136	2	he	1	0	144	-4	he	False	O	False	2	0	1
3850	-4	4	73	136	3	he	1	556	332	-4	he	False	O	False	2	0	0
3851	-4	4	27	136	4	he	1	148	0	-4	he	False	O	False	2	0	0
3852	-4	4	124	136	5	he	1	0	184	-4	he	False	O	False	2	0	1
3853	-4	4	87	136	6	he	1	0	136	-4	he	False	O	False	2	0	1
3854	-4	4	114	136	7	he	1	0	268	-4	he	False	O	False	2	0	1
3855	-4	4	64	136	8	he	1	0	224	-4	he	False	O	False	2	0	1
3856	-4	4	168	136	10	he	1	0	292	-4	he	False	O	False	2	0	1
3857	-4	4	62	136	11	he	1	148	124	-4	he	False	O	False	2	0	0
3858	-4	4	82	136	12	he	1	0	184	-4	he	False	O	False	2	0	1
3859	-4	4	130	136	13	he	1	196	216	-4	he	False	O	False	2	0	0
3860	-4	4	35	136	14	he	1	0	336	-4	he	False	O	False	2	0	1
3861	-4	4	50	136	15	he	1	0	260	-4	he	False	O	False	2	0	1
3862	-4	4	171	136	16	he	1	232	192	-4	he	False	O	False	2	0	0
3863	-4	4	15	136	17	he	1	0	288	-4	he	False	O	False	2	0	1
3864	-4	4	42	136	18	he	1	0	200	-4	he	False	O	False	2	0	1
3865	-4	4	141	136	19	he	1	92	168	-4	he	False	O	False	2	0	0
3866	-4	4	48	136	20	he	1	0	252	-4	he	False	O	False	2	0	1
3867	-4	4	58	136	21	he	1	144	136	-4	he	False	O	False	2	0	0
3868	-4	4	123	136	22	he	1	0	504	-4	he	False	O	False	2	0	1
3869	-4	4	21	136	23	he	1	304	24	-4	he	False	O	False	2	0	0
3870	-4	4	124	136	24	he	1	268	124	-4	he	False	O	False	2	0	0
3871	-4	4	185	136	25	he	1	192	168	-4	he	False	O	False	2	0	0
3872	-4	4	44	136	27	he	1	244	0	-4	he	False	O	False	2	0	0
3873	-4	4	144	136	28	he	1	0	188	-4	he	False	O	False	2	0	1
3874	-4	4	186	136	29	he	1	0	296	-4	he	False	O	False	2	0	1
3875	-4	4	25	136	30	he	1	252	164	-4	he	False	O	False	2	0	0
3876	-4	4	199	136	31	he	1	0	172	-4	he	False	O	False	2	0	1
3877	-4	4	112	136	32	he	1	0	384	-4	he	False	O	False	2	0	1
3878	-4	4	190	136	33	he	1	176	180	-4	he	False	O	False	2	0	0
3879	-4	4	199	136	34	he	1	232	156	-4	he	False	O	False	2	0	0
3880	-4	4	24	136	35	he	1	0	216	-4	he	False	O	False	2	0	1
3881	-4	4	154	136	36	he	1	0	192	-4	he	False	O	False	2	0	1
3882	-4	4	117	136	37	he	1	0	248	-4	he	False	O	False	2	0	1
3883	-4	4	34	136	38	he	1	0	340	-4	he	False	O	False	2	0	1
3884	-4	4	60	136	39	he	1	184	412	-4	he	False	O	False	2	0	0
3885	-4	4	132	136	40	he	1	0	104	-4	he	False	O	False	2	0	1
3886	-4	4	169	136	41	he	1	0	224	-4	he	False	O	False	2	0	1
3887	-4	4	16	136	42	he	1	0	176	-4	he	False	O	False	2	0	1
3888	-4	4	72	136	43	he	1	92	208	-4	he	False	O	False	2	0	0
3889	-3	7	25	136	1	his	1	252	420	-3	his	False	P	False	3	1	0
3890	-3	7	140	136	2	his	1	0	204	-3	his	False	P	False	3	1	1
3891	-3	7	73	136	3	his	1	204	220	-3	his	False	P	False	3	1	0
3892	-3	7	27	136	4	his	1	200	180	-3	his	False	P	False	3	1	0
3893	-3	7	124	136	5	his	1	96	204	-3	his	False	P	False	3	1	0
3894	-3	7	87	136	6	his	1	0	184	-3	his	False	P	False	3	1	1
3895	-3	7	114	136	7	his	1	0	144	-3	his	False	P	False	3	1	1
3896	-3	7	64	136	8	his	1	184	140	-3	his	False	P	False	3	1	0
3897	-3	7	168	136	10	his	1	0	236	-3	his	False	P	False	3	1	1
3898	-3	7	62	136	11	his	1	0	160	-3	his	False	P	False	3	1	1
3899	-3	7	82	136	12	his	1	0	356	-3	his	False	P	False	3	1	1
3900	-3	7	130	136	13	his	1	0	264	-3	his	False	P	False	3	1	1
3901	-3	7	35	136	14	his	1	0	268	-3	his	False	P	False	3	1	1
3902	-3	7	50	136	15	his	1	0	160	-3	his	False	P	False	3	1	1
3903	-3	7	171	136	16	his	1	0	444	-3	his	False	P	False	3	1	1
3904	-3	7	15	136	17	his	1	0	332	-3	his	False	P	False	3	1	1
3905	-3	7	42	136	18	his	1	0	368	-3	his	False	P	False	3	1	1
3906	-3	7	141	136	19	his	1	180	196	-3	his	False	P	False	3	1	0
3907	-3	7	48	136	20	his	1	148	168	-3	his	False	P	False	3	1	0
3908	-3	7	58	136	21	his	1	0	476	-3	his	False	P	False	3	1	1
3909	-3	7	123	136	22	his	1	0	356	-3	his	False	P	False	3	1	1
3910	-3	7	21	136	23	his	1	180	444	-3	his	False	P	False	3	1	0
3911	-3	7	124	136	24	his	1	0	248	-3	his	False	P	False	3	1	1
3912	-3	7	185	136	25	his	1	0	260	-3	his	False	P	False	3	1	1
3913	-3	7	44	136	27	his	1	152	160	-3	his	False	P	False	3	1	0
3914	-3	7	144	136	28	his	1	0	208	-3	his	False	P	False	3	1	1
3915	-3	7	186	136	29	his	1	0	192	-3	his	False	P	False	3	1	1
3916	-3	7	25	136	30	his	1	316	376	-3	his	False	P	False	3	1	0
3917	-3	7	199	136	31	his	1	152	288	-3	his	False	P	False	3	1	0
3918	-3	7	112	136	32	his	1	0	208	-3	his	False	P	False	3	1	1
3919	-3	7	190	136	33	his	1	284	92	-3	his	False	P	False	3	1	0
3920	-3	7	199	136	34	his	1	0	324	-3	his	False	P	False	3	1	1
3921	-3	7	24	136	35	his	1	160	248	-3	his	False	P	False	3	1	0
3922	-3	7	154	136	36	his	1	0	0	-3	his	False	P	False	3	1	1
3923	-3	7	117	136	37	his	1	136	136	-3	his	False	P	False	3	1	0
3924	-3	7	34	136	38	his	1	0	416	-3	his	False	P	False	3	1	1
3925	-3	7	60	136	39	his	1	152	72	-3	his	False	P	False	3	1	0
3926	-3	7	132	136	40	his	1	0	268	-3	his	False	P	False	3	1	1
3927	-3	7	169	136	41	his	1	0	344	-3	his	False	P	False	3	1	1
3928	-3	7	16	136	42	his	1	0	220	-3	his	False	P	False	3	1	1
3929	-3	7	72	136	43	his	1	0	184	-3	his	False	P	False	3	1	1
3930	-4	6	192	137	1	his	1	132	240	-4	his	False	P	False	3	0	0
3931	-4	6	17	137	2	his	1	132	0	-4	his	False	P	False	3	0	0
3932	-4	6	6	137	3	his	1	200	440	-4	his	False	P	False	3	0	0
3933	-4	6	171	137	4	his	1	0	212	-4	his	False	P	False	3	0	1
3934	-4	6	198	137	5	his	1	260	296	-4	his	False	P	False	3	0	0
3935	-4	6	2	137	6	his	1	164	0	-4	his	False	P	False	3	0	0
3936	-4	6	109	137	7	his	1	0	196	-4	his	False	P	False	3	0	1
3937	-4	6	194	137	8	his	1	264	0	-4	his	False	P	False	3	0	0
3938	-4	6	120	137	10	his	1	172	132	-4	his	False	P	False	3	0	0
3939	-4	6	22	137	11	his	1	188	112	-4	his	False	P	False	3	0	0
3940	-4	6	96	137	12	his	1	176	0	-4	his	False	P	False	3	0	0
3941	-4	6	25	137	13	his	1	136	0	-4	his	False	P	False	3	0	0
3942	-4	6	103	137	14	his	1	256	132	-4	his	False	P	False	3	0	0
3943	-4	6	140	137	15	his	1	176	84	-4	his	False	P	False	3	0	0
3944	-4	6	129	137	16	his	1	216	192	-4	his	False	P	False	3	0	0
3945	-4	6	32	137	17	his	1	260	124	-4	his	False	P	False	3	0	0
3946	-4	6	149	137	18	his	1	208	0	-4	his	False	P	False	3	0	0
3947	-4	6	107	137	19	his	1	132	164	-4	his	False	P	False	3	0	0
3948	-4	6	199	137	20	his	1	0	172	-4	his	False	P	False	3	0	1
3949	-4	6	87	137	21	his	1	132	0	-4	his	False	P	False	3	0	0
3950	-4	6	149	137	22	his	1	184	172	-4	his	False	P	False	3	0	0
3951	-4	6	136	137	23	his	1	468	208	-4	his	False	P	False	3	0	0
3952	-4	6	163	137	24	his	1	396	140	-4	his	False	P	False	3	0	0
3953	-4	6	66	137	25	his	1	200	268	-4	his	False	P	False	3	0	0
3954	-4	6	88	137	27	his	1	264	64	-4	his	False	P	False	3	0	0
3955	-4	6	38	137	28	his	1	396	168	-4	his	False	P	False	3	0	0
3956	-4	6	197	137	29	his	1	0	176	-4	his	False	P	False	3	0	1
3957	-4	6	73	137	30	his	1	192	608	-4	his	False	P	False	3	0	0
3958	-4	6	47	137	31	his	1	0	196	-4	his	False	P	False	3	0	1
3959	-4	6	65	137	32	his	1	212	200	-4	his	False	P	False	3	0	0
3960	-4	6	197	137	33	his	1	120	0	-4	his	False	P	False	3	0	0
3961	-4	6	130	137	34	his	1	164	172	-4	his	False	P	False	3	0	0
3962	-4	6	43	137	35	his	1	184	156	-4	his	False	P	False	3	0	0
3963	-4	6	140	137	36	his	1	0	176	-4	his	False	P	False	3	0	1
3964	-4	6	149	137	37	his	1	320	172	-4	his	False	P	False	3	0	0
3965	-4	6	72	137	38	his	1	0	160	-4	his	False	P	False	3	0	1
3966	-4	6	81	137	39	his	1	364	0	-4	his	False	P	False	3	0	0
3967	-4	6	66	137	40	his	1	0	192	-4	his	False	P	False	3	0	1
3968	-4	6	184	137	41	his	1	224	0	-4	his	False	P	False	3	0	0
3969	-4	6	13	137	42	his	1	140	0	-4	his	False	P	False	3	0	0
3970	-4	6	41	137	43	his	1	172	0	-4	his	False	P	False	3	0	0
3971	-4	10	192	137	1	his	1	680	444	-4	his	False	P	False	3	1	0
3972	-4	10	17	137	2	his	1	160	128	-4	his	False	P	False	3	1	0
3973	-4	10	6	137	3	his	1	444	232	-4	his	False	P	False	3	1	0
3974	-4	10	171	137	4	his	1	172	284	-4	his	False	P	False	3	1	0
3975	-4	10	198	137	5	his	1	0	232	-4	his	False	P	False	3	1	1
3976	-4	10	2	137	6	his	1	156	0	-4	his	False	P	False	3	1	0
3977	-4	10	109	137	7	his	1	96	164	-4	his	False	P	False	3	1	0
3978	-4	10	194	137	8	his	1	288	0	-4	his	False	P	False	3	1	0
3979	-4	10	120	137	10	his	1	92	232	-4	his	False	P	False	3	1	0
3980	-4	10	22	137	11	his	1	0	664	-4	his	False	P	False	3	1	1
3981	-4	10	96	137	12	his	1	292	536	-4	his	False	P	False	3	1	0
3982	-4	10	25	137	13	his	1	0	416	-4	his	False	P	False	3	1	1
3983	-4	10	103	137	14	his	1	744	0	-4	his	False	P	False	3	1	0
3984	-4	10	140	137	15	his	1	836	0	-4	his	False	P	False	3	1	0
3985	-4	10	129	137	16	his	1	424	428	-4	his	False	P	False	3	1	0
3986	-4	10	32	137	17	his	1	0	264	-4	his	False	P	False	3	1	1
3987	-4	10	149	137	18	his	1	0	76	-4	his	False	P	False	3	1	1
3988	-4	10	107	137	19	his	1	188	52	-4	his	False	P	False	3	1	0
3989	-4	10	199	137	20	his	1	236	132	-4	his	False	P	False	3	1	0
3990	-4	10	87	137	21	his	1	0	424	-4	his	False	P	False	3	1	1
3991	-4	10	149	137	22	his	1	0	564	-4	his	False	P	False	3	1	1
3992	-4	10	136	137	23	his	1	0	556	-4	his	False	P	False	3	1	1
3993	-4	10	163	137	24	his	1	0	244	-4	his	False	P	False	3	1	1
3994	-4	10	66	137	25	his	1	0	532	-4	his	False	P	False	3	1	1
3995	-4	10	88	137	27	his	1	316	212	-4	his	False	P	False	3	1	0
3996	-4	10	38	137	28	his	1	152	232	-4	his	False	P	False	3	1	0
3997	-4	10	197	137	29	his	1	220	256	-4	his	False	P	False	3	1	0
3998	-4	10	73	137	30	his	1	0	276	-4	his	False	P	False	3	1	1
3999	-4	10	47	137	31	his	1	156	160	-4	his	False	P	False	3	1	0
4000	-4	10	65	137	32	his	1	252	224	-4	his	False	P	False	3	1	0
4001	-4	10	197	137	33	his	1	324	0	-4	his	False	P	False	3	1	0
4002	-4	10	130	137	34	his	1	260	464	-4	his	False	P	False	3	1	0
4003	-4	10	43	137	35	his	1	0	252	-4	his	False	P	False	3	1	1
4004	-4	10	140	137	36	his	1	0	300	-4	his	False	P	False	3	1	1
4005	-4	10	149	137	37	his	1	516	104	-4	his	False	P	False	3	1	0
4006	-4	10	72	137	38	his	1	248	204	-4	his	False	P	False	3	1	0
4007	-4	10	81	137	39	his	1	232	160	-4	his	False	P	False	3	1	0
4008	-4	10	66	137	40	his	1	132	820	-4	his	False	P	False	3	1	0
4009	-4	10	184	137	41	his	1	148	204	-4	his	False	P	False	3	1	0
4010	-4	10	13	137	42	his	1	240	0	-4	his	False	P	False	3	1	0
4011	-4	10	41	137	43	his	1	0	380	-4	his	False	P	False	3	1	1
4012	-3	7	120	138	1	her	1	224	548	-3	her	False	O	False	3	0	0
4013	-3	7	157	138	2	her	1	0	160	-3	her	False	O	False	3	0	1
4014	-3	7	107	138	3	her	1	196	168	-3	her	False	O	False	3	0	0
4015	-3	7	165	138	4	her	1	224	256	-3	her	False	O	False	3	0	0
4016	-3	7	53	138	5	her	1	0	204	-3	her	False	O	False	3	0	1
4017	-3	7	74	138	6	her	1	216	136	-3	her	False	O	False	3	0	0
4018	-3	7	166	138	7	her	1	0	108	-3	her	False	O	False	3	0	1
4019	-3	7	77	138	8	her	1	0	296	-3	her	False	O	False	3	0	1
4020	-3	7	46	138	10	her	1	0	180	-3	her	False	O	False	3	0	1
4021	-3	7	59	138	11	her	1	160	124	-3	her	False	O	False	3	0	0
4022	-3	7	118	138	12	her	1	448	540	-3	her	False	O	False	3	0	0
4023	-3	7	73	138	13	her	1	0	148	-3	her	False	O	False	3	0	1
4024	-3	7	77	138	14	her	1	0	228	-3	her	False	O	False	3	0	1
4025	-3	7	201	138	15	her	1	228	0	-3	her	False	O	False	3	0	0
4026	-3	7	80	138	16	her	1	208	460	-3	her	False	O	False	3	0	0
4027	-3	7	37	138	17	her	1	132	0	-3	her	False	O	False	3	0	0
4028	-3	7	157	138	18	her	1	204	244	-3	her	False	O	False	3	0	0
4029	-3	7	24	138	19	her	1	224	312	-3	her	False	O	False	3	0	0
4030	-3	7	39	138	20	her	1	96	0	-3	her	False	O	False	3	0	0
4031	-3	7	159	138	21	her	1	168	124	-3	her	False	O	False	3	0	0
4032	-3	7	25	138	22	her	1	248	280	-3	her	False	O	False	3	0	0
4033	-3	7	89	138	23	her	1	252	384	-3	her	False	O	False	3	0	0
4034	-3	7	36	138	24	her	1	0	168	-3	her	False	O	False	3	0	1
4035	-3	7	21	138	25	her	1	0	168	-3	her	False	O	False	3	0	1
4036	-3	7	16	138	27	her	1	180	152	-3	her	False	O	False	3	0	0
4037	-3	7	19	138	28	her	1	268	156	-3	her	False	O	False	3	0	0
4038	-3	7	54	138	29	her	1	0	412	-3	her	False	O	False	3	0	1
4039	-3	7	33	138	30	her	1	212	308	-3	her	False	O	False	3	0	0
4040	-3	7	99	138	31	her	1	172	0	-3	her	False	O	False	3	0	0
4041	-3	7	164	138	32	her	1	168	220	-3	her	False	O	False	3	0	0
4042	-3	7	173	138	33	her	1	336	172	-3	her	False	O	False	3	0	0
4043	-3	7	106	138	34	her	1	192	0	-3	her	False	O	False	3	0	0
4044	-3	7	138	138	35	her	1	180	0	-3	her	False	O	False	3	0	0
4045	-3	7	82	138	36	her	1	0	324	-3	her	False	O	False	3	0	1
4046	-3	7	14	138	37	her	1	216	140	-3	her	False	O	False	3	0	0
4047	-3	7	27	138	38	her	1	0	388	-3	her	False	O	False	3	0	1
4048	-3	7	100	138	39	her	1	76	232	-3	her	False	O	False	3	0	0
4049	-3	7	128	138	40	her	1	0	68	-3	her	False	O	False	3	0	1
4050	-3	7	86	138	41	her	1	0	24	-3	her	False	O	False	3	0	1
4051	-3	7	187	138	42	her	1	136	164	-3	her	False	O	False	3	0	0
4052	-3	7	124	138	43	her	1	0	184	-3	her	False	O	False	3	0	1
4053	-8	10	120	138	1	his	1	264	396	-8	his	False	P	False	3	1	0
4054	-8	10	157	138	2	his	1	0	192	-8	his	False	P	False	3	1	1
4055	-8	10	107	138	3	his	1	156	0	-8	his	False	P	False	3	1	0
4056	-8	10	165	138	4	his	1	196	0	-8	his	False	P	False	3	1	0
4057	-8	10	53	138	5	his	1	168	76	-8	his	False	P	False	3	1	0
4058	-8	10	74	138	6	his	1	216	192	-8	his	False	P	False	3	1	0
4059	-8	10	166	138	7	his	1	132	0	-8	his	False	P	False	3	1	0
4060	-8	10	77	138	8	his	1	536	0	-8	his	False	P	False	3	1	0
4061	-8	10	46	138	10	his	1	192	0	-8	his	False	P	False	3	1	0
4062	-8	10	59	138	11	his	1	596	292	-8	his	False	P	False	3	1	0
4063	-8	10	118	138	12	his	1	116	272	-8	his	False	P	False	3	1	0
4064	-8	10	73	138	13	his	1	196	400	-8	his	False	P	False	3	1	0
4065	-8	10	77	138	14	his	1	316	216	-8	his	False	P	False	3	1	0
4066	-8	10	201	138	15	his	1	188	124	-8	his	False	P	False	3	1	0
4067	-8	10	80	138	16	his	1	344	0	-8	his	False	P	False	3	1	0
4068	-8	10	37	138	17	his	1	0	324	-8	his	False	P	False	3	1	1
4069	-8	10	157	138	18	his	1	392	288	-8	his	False	P	False	3	1	0
4070	-8	10	24	138	19	his	1	188	256	-8	his	False	P	False	3	1	0
4071	-8	10	39	138	20	his	1	0	248	-8	his	False	P	False	3	1	1
4072	-8	10	159	138	21	his	1	136	304	-8	his	False	P	False	3	1	0
4073	-8	10	25	138	22	his	1	0	632	-8	his	False	P	False	3	1	1
4074	-8	10	89	138	23	his	1	328	508	-8	his	False	P	False	3	1	0
4075	-8	10	36	138	24	his	1	0	200	-8	his	False	P	False	3	1	1
4076	-8	10	21	138	25	his	1	168	280	-8	his	False	P	False	3	1	0
4077	-8	10	16	138	27	his	1	348	444	-8	his	False	P	False	3	1	0
4078	-8	10	19	138	28	his	1	196	372	-8	his	False	P	False	3	1	0
4079	-8	10	54	138	29	his	1	0	352	-8	his	False	P	False	3	1	1
4080	-8	10	33	138	30	his	1	0	296	-8	his	False	P	False	3	1	1
4081	-8	10	99	138	31	his	1	0	216	-8	his	False	P	False	3	1	1
4082	-8	10	164	138	32	his	1	140	196	-8	his	False	P	False	3	1	0
4083	-8	10	173	138	33	his	1	164	232	-8	his	False	P	False	3	1	0
4084	-8	10	106	138	34	his	1	0	176	-8	his	False	P	False	3	1	1
4085	-8	10	138	138	35	his	1	0	280	-8	his	False	P	False	3	1	1
4086	-8	10	82	138	36	his	1	0	224	-8	his	False	P	False	3	1	1
4087	-8	10	14	138	37	his	1	196	316	-8	his	False	P	False	3	1	0
4088	-8	10	27	138	38	his	1	648	0	-8	his	False	P	False	3	1	0
4089	-8	10	100	138	39	his	1	0	360	-8	his	False	P	False	3	1	1
4090	-8	10	128	138	40	his	1	276	0	-8	his	False	P	False	3	1	0
4091	-8	10	86	138	41	his	1	236	156	-8	his	False	P	False	3	1	0
4092	-8	10	187	138	42	his	1	108	0	-8	his	False	P	False	3	1	0
4093	-8	10	124	138	43	his	1	372	252	-8	his	False	P	False	3	1	0
4094	-4	7	197	139	1	his	1	172	240	-4	his	False	P	False	3	0	0
4095	-4	7	195	139	2	his	1	184	164	-4	his	False	P	False	3	0	0
4096	-4	7	15	139	3	his	1	0	488	-4	his	False	P	False	3	0	1
4097	-4	7	29	139	4	his	1	284	180	-4	his	False	P	False	3	0	0
4098	-4	7	142	139	5	his	1	0	220	-4	his	False	P	False	3	0	1
4099	-4	7	16	139	6	his	1	0	232	-4	his	False	P	False	3	0	1
4100	-4	7	174	139	7	his	1	180	0	-4	his	False	P	False	3	0	0
4101	-4	7	78	139	8	his	1	360	0	-4	his	False	P	False	3	0	0
4102	-4	7	17	139	9	his	1	120	108	-4	his	False	P	False	3	0	0
4103	-4	7	95	139	10	his	1	0	140	-4	his	False	P	False	3	0	1
4104	-4	7	82	139	11	his	1	0	140	-4	his	False	P	False	3	0	1
4105	-4	7	20	139	12	his	1	0	344	-4	his	False	P	False	3	0	1
4106	-4	7	129	139	13	his	1	0	200	-4	his	False	P	False	3	0	1
4107	-4	7	176	139	14	his	1	192	156	-4	his	False	P	False	3	0	0
4108	-4	7	123	139	15	his	1	0	184	-4	his	False	P	False	3	0	1
4109	-4	7	196	139	16	his	1	196	460	-4	his	False	P	False	3	0	0
4110	-4	7	83	139	17	his	1	148	0	-4	his	False	P	False	3	0	0
4111	-4	7	48	139	18	his	1	0	180	-4	his	False	P	False	3	0	1
4112	-4	7	175	139	19	his	1	128	100	-4	his	False	P	False	3	0	0
4113	-4	7	128	139	20	his	1	0	132	-4	his	False	P	False	3	0	1
4114	-4	7	36	139	21	his	1	0	132	-4	his	False	P	False	3	0	1
4115	-4	7	196	139	22	his	1	0	208	-4	his	False	P	False	3	0	1
4116	-4	7	185	139	23	his	1	124	280	-4	his	False	P	False	3	0	0
4117	-4	7	166	139	24	his	1	320	128	-4	his	False	P	False	3	0	0
4118	-4	7	118	139	25	his	1	240	144	-4	his	False	P	False	3	0	0
4119	-4	7	102	139	27	his	1	152	196	-4	his	False	P	False	3	0	0
4120	-4	7	123	139	28	his	1	260	228	-4	his	False	P	False	3	0	0
4121	-4	7	51	139	29	his	1	0	372	-4	his	False	P	False	3	0	1
4122	-4	7	41	139	30	his	1	0	804	-4	his	False	P	False	3	0	1
4123	-4	7	86	139	31	his	1	0	140	-4	his	False	P	False	3	0	1
4124	-4	7	5	139	32	his	1	0	372	-4	his	False	P	False	3	0	1
4125	-4	7	47	139	33	his	1	300	116	-4	his	False	P	False	3	0	0
4126	-4	7	43	139	34	his	1	0	152	-4	his	False	P	False	3	0	1
4127	-4	7	21	139	35	his	1	0	172	-4	his	False	P	False	3	0	1
4128	-4	7	129	139	36	his	1	132	0	-4	his	False	P	False	3	0	0
4129	-4	7	37	139	37	his	1	156	176	-4	his	False	P	False	3	0	0
4130	-4	7	77	139	38	his	1	148	252	-4	his	False	P	False	3	0	0
4131	-4	7	178	139	39	his	1	0	180	-4	his	False	P	False	3	0	1
4132	-4	7	42	139	40	his	1	272	132	-4	his	False	P	False	3	0	0
4133	-4	7	105	139	41	his	1	0	172	-4	his	False	P	False	3	0	1
4134	-4	7	158	139	42	his	1	296	0	-4	his	False	P	False	3	0	0
4135	-4	7	204	139	43	his	1	0	172	-4	his	False	P	False	3	0	1
4136	-3	10	197	139	1	his	1	0	820	-3	his	False	P	False	3	1	1
4137	-3	10	195	139	2	his	1	0	212	-3	his	False	P	False	3	1	1
4138	-3	10	15	139	3	his	1	0	268	-3	his	False	P	False	3	1	1
4139	-3	10	29	139	4	his	1	0	136	-3	his	False	P	False	3	1	1
4140	-3	10	142	139	5	his	1	0	276	-3	his	False	P	False	3	1	1
4141	-3	10	16	139	6	his	1	0	0	-3	his	False	P	False	3	1	1
4142	-3	10	174	139	7	his	1	180	124	-3	his	False	P	False	3	1	0
4143	-3	10	78	139	8	his	1	0	392	-3	his	False	P	False	3	1	1
4144	-3	10	17	139	9	his	1	180	500	-3	his	False	P	False	3	1	0
4145	-3	10	95	139	10	his	1	0	288	-3	his	False	P	False	3	1	1
4146	-3	10	82	139	11	his	1	244	296	-3	his	False	P	False	3	1	0
4147	-3	10	20	139	12	his	1	244	308	-3	his	False	P	False	3	1	0
4148	-3	10	129	139	13	his	1	0	776	-3	his	False	P	False	3	1	1
4149	-3	10	176	139	14	his	1	0	204	-3	his	False	P	False	3	1	1
4150	-3	10	123	139	15	his	1	824	0	-3	his	False	P	False	3	1	0
4151	-3	10	196	139	16	his	1	816	0	-3	his	False	P	False	3	1	0
4152	-3	10	83	139	17	his	1	0	288	-3	his	False	P	False	3	1	1
4153	-3	10	48	139	18	his	1	0	212	-3	his	False	P	False	3	1	1
4154	-3	10	175	139	19	his	1	0	456	-3	his	False	P	False	3	1	1
4155	-3	10	128	139	20	his	1	0	156	-3	his	False	P	False	3	1	1
4156	-3	10	36	139	21	his	1	0	228	-3	his	False	P	False	3	1	1
4157	-3	10	196	139	22	his	1	0	456	-3	his	False	P	False	3	1	1
4158	-3	10	185	139	23	his	1	0	780	-3	his	False	P	False	3	1	1
4159	-3	10	166	139	24	his	1	424	0	-3	his	False	P	False	3	1	0
4160	-3	10	118	139	25	his	1	164	372	-3	his	False	P	False	3	1	0
4161	-3	10	102	139	27	his	1	0	332	-3	his	False	P	False	3	1	1
4162	-3	10	123	139	28	his	1	0	216	-3	his	False	P	False	3	1	1
4163	-3	10	51	139	29	his	1	0	252	-3	his	False	P	False	3	1	1
4164	-3	10	41	139	30	his	1	0	440	-3	his	False	P	False	3	1	1
4165	-3	10	86	139	31	his	1	0	216	-3	his	False	P	False	3	1	1
4166	-3	10	5	139	32	his	1	0	244	-3	his	False	P	False	3	1	1
4167	-3	10	47	139	33	his	1	0	436	-3	his	False	P	False	3	1	1
4168	-3	10	43	139	34	his	1	420	0	-3	his	False	P	False	3	1	0
4169	-3	10	21	139	35	his	1	168	232	-3	his	False	P	False	3	1	0
4170	-3	10	129	139	36	his	1	0	352	-3	his	False	P	False	3	1	1
4171	-3	10	37	139	37	his	1	164	80	-3	his	False	P	False	3	1	0
4172	-3	10	77	139	38	his	1	0	180	-3	his	False	P	False	3	1	1
4173	-3	10	178	139	39	his	1	248	308	-3	his	False	P	False	3	1	0
4174	-3	10	42	139	40	his	1	132	364	-3	his	False	P	False	3	1	0
4175	-3	10	105	139	41	his	1	0	164	-3	his	False	P	False	3	1	1
4176	-3	10	158	139	42	his	1	268	184	-3	his	False	P	False	3	1	0
4177	-3	10	204	139	43	his	1	0	920	-3	his	False	P	False	3	1	1
4178	-5	5	85	141	1	herself	1	244	216	-5	herself	True	R	False	7	1	0
4179	-5	5	59	141	2	herself	1	112	0	-5	herself	True	R	False	7	1	0
4180	-5	5	83	141	3	herself	1	244	188	-5	herself	True	R	False	7	1	0
4181	-5	5	141	141	4	herself	1	208	0	-5	herself	True	R	False	7	1	0
4182	-5	5	186	141	5	herself	1	220	0	-5	herself	True	R	False	7	1	0
4183	-5	5	78	141	6	herself	1	180	0	-5	herself	True	R	False	7	1	0
4184	-5	5	141	141	7	herself	1	188	116	-5	herself	True	R	False	7	1	0
4185	-5	5	9	141	8	herself	1	188	0	-5	herself	True	R	False	7	1	0
4186	-5	5	26	141	9	herself	1	164	0	-5	herself	True	R	False	7	1	0
4187	-5	5	139	141	10	herself	1	156	148	-5	herself	True	R	False	7	1	0
4188	-5	5	65	141	11	herself	1	256	0	-5	herself	True	R	False	7	1	0
4189	-5	5	70	141	12	herself	1	104	0	-5	herself	True	R	False	7	1	0
4190	-5	5	121	141	13	herself	1	128	0	-5	herself	True	R	False	7	1	0
4191	-5	5	69	141	14	herself	1	244	0	-5	herself	True	R	False	7	1	0
4192	-5	5	82	141	15	herself	1	0	132	-5	herself	True	R	False	7	1	1
4193	-5	5	65	141	16	herself	1	280	0	-5	herself	True	R	False	7	1	0
4194	-5	5	140	141	17	herself	1	0	156	-5	herself	True	R	False	7	1	1
4195	-5	5	202	141	18	herself	1	156	0	-5	herself	True	R	False	7	1	0
4196	-5	5	68	141	19	herself	1	140	184	-5	herself	True	R	False	7	1	0
4197	-5	5	140	141	20	herself	1	140	0	-5	herself	True	R	False	7	1	0
4198	-5	5	156	141	21	herself	1	140	136	-5	herself	True	R	False	7	1	0
4199	-5	5	64	141	22	herself	1	292	0	-5	herself	True	R	False	7	1	0
4200	-5	5	73	141	23	herself	1	264	240	-5	herself	True	R	False	7	1	0
4201	-5	5	42	141	24	herself	1	180	0	-5	herself	True	R	False	7	1	0
4202	-5	5	94	141	25	herself	1	280	0	-5	herself	True	R	False	7	1	0
4203	-5	5	168	141	27	herself	1	184	344	-5	herself	True	R	False	7	1	0
4204	-5	5	69	141	28	herself	1	236	448	-5	herself	True	R	False	7	1	0
4205	-5	5	48	141	29	herself	1	208	0	-5	herself	True	R	False	7	1	0
4206	-5	5	106	141	30	herself	1	84	424	-5	herself	True	R	False	7	1	0
4207	-5	5	100	141	31	herself	1	148	0	-5	herself	True	R	False	7	1	0
4208	-5	5	197	141	32	herself	1	308	0	-5	herself	True	R	False	7	1	0
4209	-5	5	12	141	33	herself	1	0	0	-5	herself	True	R	False	7	1	1
4210	-5	5	60	141	34	herself	1	168	0	-5	herself	True	R	False	7	1	0
4211	-5	5	136	141	35	herself	1	160	0	-5	herself	True	R	False	7	1	0
4212	-5	5	202	141	36	herself	1	196	0	-5	herself	True	R	False	7	1	0
4213	-5	5	186	141	37	herself	1	132	172	-5	herself	True	R	False	7	1	0
4214	-5	5	199	141	38	herself	1	188	0	-5	herself	True	R	False	7	1	0
4215	-5	5	173	141	39	herself	1	132	0	-5	herself	True	R	False	7	1	0
4216	-5	5	94	141	40	herself	1	24	0	-5	herself	True	R	False	7	1	0
4217	-5	5	10	141	41	herself	1	156	176	-5	herself	True	R	False	7	1	0
4218	-5	5	200	141	42	herself	1	152	132	-5	herself	True	R	False	7	1	0
4219	-5	5	31	141	43	herself	1	200	0	-5	herself	True	R	False	7	1	0
4220	-5	8	191	142	1	her	1	0	264	-5	her	False	O	False	3	1	1
4221	-5	8	27	142	2	her	1	0	140	-5	her	False	O	False	3	1	1
4222	-5	8	32	142	3	her	1	244	244	-5	her	False	O	False	3	1	0
4223	-5	8	167	142	4	her	1	212	144	-5	her	False	O	False	3	1	0
4224	-5	8	101	142	5	her	1	200	0	-5	her	False	O	False	3	1	0
4225	-5	8	196	142	6	her	1	0	0	-5	her	False	O	False	3	1	1
4226	-5	8	192	142	7	her	1	0	128	-5	her	False	O	False	3	1	1
4227	-5	8	92	142	8	her	1	0	496	-5	her	False	O	False	3	1	1
4228	-5	8	167	142	10	her	1	0	140	-5	her	False	O	False	3	1	1
4229	-5	8	129	142	11	her	1	136	140	-5	her	False	O	False	3	1	0
4230	-5	8	141	142	12	her	1	172	256	-5	her	False	O	False	3	1	0
4231	-5	8	178	142	13	her	1	0	152	-5	her	False	O	False	3	1	1
4232	-5	8	70	142	14	her	1	0	256	-5	her	False	O	False	3	1	1
4233	-5	8	156	142	15	her	1	0	140	-5	her	False	O	False	3	1	1
4234	-5	8	109	142	16	her	1	192	316	-5	her	False	O	False	3	1	0
4235	-5	8	145	142	17	her	1	0	200	-5	her	False	O	False	3	1	1
4236	-5	8	134	142	18	her	1	0	172	-5	her	False	O	False	3	1	1
4237	-5	8	155	142	19	her	1	0	180	-5	her	False	O	False	3	1	1
4238	-5	8	90	142	20	her	1	160	0	-5	her	False	O	False	3	1	0
4239	-5	8	198	142	21	her	1	0	572	-5	her	False	O	False	3	1	1
4240	-5	8	177	142	22	her	1	0	392	-5	her	False	O	False	3	1	1
4241	-5	8	131	142	23	her	1	296	316	-5	her	False	O	False	3	1	0
4242	-5	8	59	142	24	her	1	0	320	-5	her	False	O	False	3	1	1
4243	-5	8	168	142	25	her	1	0	132	-5	her	False	O	False	3	1	1
4244	-5	8	113	142	27	her	1	212	256	-5	her	False	O	False	3	1	0
4245	-5	8	124	142	28	her	1	204	0	-5	her	False	O	False	3	1	0
4246	-5	8	38	142	29	her	1	188	280	-5	her	False	O	False	3	1	0
4247	-5	8	157	142	30	her	1	220	312	-5	her	False	O	False	3	1	0
4248	-5	8	38	142	31	her	1	156	148	-5	her	False	O	False	3	1	0
4249	-5	8	139	142	32	her	1	192	0	-5	her	False	O	False	3	1	0
4250	-5	8	65	142	33	her	1	0	180	-5	her	False	O	False	3	1	1
4251	-5	8	30	142	34	her	1	0	188	-5	her	False	O	False	3	1	1
4252	-5	8	137	142	35	her	1	192	224	-5	her	False	O	False	3	1	0
4253	-5	8	189	142	36	her	1	0	0	-5	her	False	O	False	3	1	1
4254	-5	8	16	142	37	her	1	144	188	-5	her	False	O	False	3	1	0
4255	-5	8	52	142	38	her	1	264	240	-5	her	False	O	False	3	1	0
4256	-5	8	125	142	39	her	1	0	216	-5	her	False	O	False	3	1	1
4257	-5	8	8	142	40	her	1	232	0	-5	her	False	O	False	3	1	0
4258	-5	8	64	142	41	her	1	160	96	-5	her	False	O	False	3	1	0
4259	-5	8	189	142	42	her	1	136	0	-5	her	False	O	False	3	1	0
4260	-5	8	86	142	43	her	1	0	232	-5	her	False	O	False	3	1	1
4261	-5	9	131	146	1	them	1	252	236	-5	them	False	O	True	4	2	0
4262	-5	9	100	146	2	them	1	312	168	-5	them	False	O	True	4	2	0
4263	-5	9	19	146	3	them	1	700	0	-5	them	False	O	True	4	2	0
4264	-5	9	176	146	4	them	1	172	184	-5	them	False	O	True	4	2	0
4265	-5	9	190	146	5	them	1	208	0	-5	them	False	O	True	4	2	0
4266	-5	9	108	146	6	them	1	0	0	-5	them	False	O	True	4	2	1
4267	-5	9	82	146	7	them	1	0	0	-5	them	False	O	True	4	2	1
4268	-5	9	110	146	8	them	1	0	276	-5	them	False	O	True	4	2	1
4269	-5	9	75	146	10	them	1	400	0	-5	them	False	O	True	4	2	0
4270	-5	9	163	146	11	them	1	652	0	-5	them	False	O	True	4	2	0
4271	-5	9	18	146	12	them	1	204	0	-5	them	False	O	True	4	2	0
4272	-5	9	123	146	13	them	1	0	436	-5	them	False	O	True	4	2	1
4273	-5	9	64	146	14	them	1	0	256	-5	them	False	O	True	4	2	1
4274	-5	9	14	146	15	them	1	148	0	-5	them	False	O	True	4	2	0
4275	-5	9	13	146	16	them	1	228	0	-5	them	False	O	True	4	2	0
4276	-5	9	48	146	17	them	1	232	0	-5	them	False	O	True	4	2	0
4277	-5	9	10	146	18	them	1	204	0	-5	them	False	O	True	4	2	0
4278	-5	9	70	146	19	them	1	176	0	-5	them	False	O	True	4	2	0
4279	-5	9	36	146	20	them	1	160	0	-5	them	False	O	True	4	2	0
4280	-5	9	90	146	21	them	1	216	0	-5	them	False	O	True	4	2	0
4281	-5	9	133	146	22	them	1	672	0	-5	them	False	O	True	4	2	0
4282	-5	9	30	146	23	them	1	616	164	-5	them	False	O	True	4	2	0
4283	-5	9	149	146	24	them	1	152	0	-5	them	False	O	True	4	2	0
4284	-5	9	145	146	25	them	1	208	0	-5	them	False	O	True	4	2	0
4285	-5	9	11	146	27	them	1	224	0	-5	them	False	O	True	4	2	0
4286	-5	9	146	146	28	them	1	216	256	-5	them	False	O	True	4	2	0
4287	-5	9	12	146	29	them	1	236	0	-5	them	False	O	True	4	2	0
4288	-5	9	59	146	30	them	1	272	520	-5	them	False	O	True	4	2	0
4289	-5	9	70	146	31	them	1	92	0	-5	them	False	O	True	4	2	0
4290	-5	9	39	146	32	them	1	216	0	-5	them	False	O	True	4	2	0
4291	-5	9	204	146	33	them	1	776	0	-5	them	False	O	True	4	2	0
4292	-5	9	32	146	34	them	1	160	0	-5	them	False	O	True	4	2	0
4293	-5	9	188	146	35	them	1	0	232	-5	them	False	O	True	4	2	1
4294	-5	9	185	146	36	them	1	0	276	-5	them	False	O	True	4	2	1
4295	-5	9	129	146	37	them	1	160	176	-5	them	False	O	True	4	2	0
4296	-5	9	57	146	38	them	1	236	0	-5	them	False	O	True	4	2	0
4297	-5	9	133	146	39	them	1	140	0	-5	them	False	O	True	4	2	0
4298	-5	9	105	146	40	them	1	168	252	-5	them	False	O	True	4	2	0
4299	-5	9	114	146	41	them	1	244	0	-5	them	False	O	True	4	2	0
4300	-5	9	14	146	42	them	1	0	0	-5	them	False	O	True	4	2	1
4301	-5	9	133	146	43	them	1	152	208	-5	them	False	O	True	4	2	0
4302	-2	8	200	150	1	he	1	336	0	-2	he	False	O	False	2	1	0
4303	-2	8	28	150	2	he	1	0	180	-2	he	False	O	False	2	1	1
4304	-2	8	181	150	3	he	1	96	176	-2	he	False	O	False	2	1	0
4305	-2	8	39	150	4	he	1	136	164	-2	he	False	O	False	2	1	0
4306	-2	8	38	150	5	he	1	176	140	-2	he	False	O	False	2	1	0
4307	-2	8	146	150	6	he	1	168	0	-2	he	False	O	False	2	1	0
4308	-2	8	58	150	7	he	1	0	156	-2	he	False	O	False	2	1	1
4309	-2	8	197	150	8	he	1	0	340	-2	he	False	O	False	2	1	1
4310	-2	8	32	150	9	he	1	304	120	-2	he	False	O	False	2	1	0
4311	-2	8	15	150	10	he	1	72	172	-2	he	False	O	False	2	1	0
4312	-2	8	67	150	11	he	1	180	0	-2	he	False	O	False	2	1	0
4313	-2	8	137	150	12	he	1	288	144	-2	he	False	O	False	2	1	0
4314	-2	8	167	150	13	he	1	0	428	-2	he	False	O	False	2	1	1
4315	-2	8	121	150	14	he	1	196	220	-2	he	False	O	False	2	1	0
4316	-2	8	38	150	15	he	1	52	144	-2	he	False	O	False	2	1	0
4317	-2	8	11	150	16	he	1	316	172	-2	he	False	O	False	2	1	0
4318	-2	8	101	150	17	he	1	148	152	-2	he	False	O	False	2	1	0
4319	-2	8	4	150	18	he	1	240	228	-2	he	False	O	False	2	1	0
4320	-2	8	131	150	19	he	1	224	88	-2	he	False	O	False	2	1	0
4321	-2	8	83	150	20	he	1	0	164	-2	he	False	O	False	2	1	1
4322	-2	8	168	150	21	he	1	0	188	-2	he	False	O	False	2	1	1
4323	-2	8	103	150	22	he	1	0	404	-2	he	False	O	False	2	1	1
4324	-2	8	72	150	23	he	1	328	336	-2	he	False	O	False	2	1	0
4325	-2	8	110	150	24	he	1	0	444	-2	he	False	O	False	2	1	1
4326	-2	8	92	150	25	he	1	0	152	-2	he	False	O	False	2	1	1
4327	-2	8	204	150	27	he	1	0	260	-2	he	False	O	False	2	1	1
4328	-2	8	204	150	28	he	1	0	0	-2	he	False	O	False	2	1	1
4329	-2	8	184	150	29	he	1	0	136	-2	he	False	O	False	2	1	1
4330	-2	8	193	150	30	he	1	304	388	-2	he	False	O	False	2	1	0
4331	-2	8	51	150	31	he	1	0	168	-2	he	False	O	False	2	1	1
4332	-2	8	48	150	32	he	1	184	160	-2	he	False	O	False	2	1	0
4333	-2	8	133	150	33	he	1	196	144	-2	he	False	O	False	2	1	0
4334	-2	8	72	150	34	he	1	0	152	-2	he	False	O	False	2	1	1
4335	-2	8	68	150	35	he	1	188	212	-2	he	False	O	False	2	1	0
4336	-2	8	167	150	36	he	1	0	224	-2	he	False	O	False	2	1	1
4337	-2	8	75	150	37	he	1	316	92	-2	he	False	O	False	2	1	0
4338	-2	8	30	150	38	he	1	224	160	-2	he	False	O	False	2	1	0
4339	-2	8	121	150	39	he	1	0	168	-2	he	False	O	False	2	1	1
4340	-2	8	28	150	40	he	1	152	172	-2	he	False	O	False	2	1	0
4341	-2	8	155	150	41	he	1	0	184	-2	he	False	O	False	2	1	1
4342	-2	8	104	150	42	he	1	0	172	-2	he	False	O	False	2	1	1
4343	-2	8	14	150	43	he	1	120	188	-2	he	False	O	False	2	1	0
4344	-7	11	68	154	1	his	1	208	164	-7	his	False	P	False	3	2	0
4345	-7	11	174	154	2	his	1	0	192	-7	his	False	P	False	3	2	1
4346	-7	11	106	154	3	his	1	280	232	-7	his	False	P	False	3	2	0
4347	-7	11	132	154	4	his	1	0	508	-7	his	False	P	False	3	2	1
4348	-7	11	43	154	5	his	1	0	136	-7	his	False	P	False	3	2	1
4349	-7	11	138	154	6	his	1	0	188	-7	his	False	P	False	3	2	1
4350	-7	11	70	154	7	his	1	124	108	-7	his	False	P	False	3	2	0
4351	-7	11	40	154	8	his	1	460	0	-7	his	False	P	False	3	2	0
4352	-7	11	197	154	10	his	1	344	0	-7	his	False	P	False	3	2	0
4353	-7	11	38	154	11	his	1	748	168	-7	his	False	P	False	3	2	0
4354	-7	11	124	154	12	his	1	100	0	-7	his	False	P	False	3	2	0
4355	-7	11	173	154	13	his	1	260	472	-7	his	False	P	False	3	2	0
4356	-7	11	145	154	14	his	1	0	204	-7	his	False	P	False	3	2	1
4357	-7	11	65	154	15	his	1	696	0	-7	his	False	P	False	3	2	0
4358	-7	11	161	154	16	his	1	536	708	-7	his	False	P	False	3	2	0
4359	-7	11	40	154	17	his	1	0	280	-7	his	False	P	False	3	2	1
4360	-7	11	195	154	18	his	1	164	252	-7	his	False	P	False	3	2	0
4361	-7	11	182	154	19	his	1	228	0	-7	his	False	P	False	3	2	0
4362	-7	11	183	154	20	his	1	0	372	-7	his	False	P	False	3	2	1
4363	-7	11	61	154	21	his	1	0	416	-7	his	False	P	False	3	2	1
4364	-7	11	12	154	22	his	1	1084	0	-7	his	False	P	False	3	2	0
4365	-7	11	154	154	23	his	1	164	188	-7	his	False	P	False	3	2	0
4366	-7	11	88	154	24	his	1	0	200	-7	his	False	P	False	3	2	1
4367	-7	11	179	154	25	his	1	0	212	-7	his	False	P	False	3	2	1
4368	-7	11	95	154	27	his	1	220	0	-7	his	False	P	False	3	2	0
4369	-7	11	32	154	28	his	1	324	296	-7	his	False	P	False	3	2	0
4370	-7	11	175	154	29	his	1	164	252	-7	his	False	P	False	3	2	0
4371	-7	11	129	154	30	his	1	0	252	-7	his	False	P	False	3	2	1
4372	-7	11	185	154	31	his	1	0	376	-7	his	False	P	False	3	2	1
4373	-7	11	37	154	32	his	1	192	216	-7	his	False	P	False	3	2	0
4374	-7	11	42	154	33	his	1	448	0	-7	his	False	P	False	3	2	0
4375	-7	11	4	154	34	his	1	192	280	-7	his	False	P	False	3	2	0
4376	-7	11	60	154	35	his	1	164	176	-7	his	False	P	False	3	2	0
4377	-7	11	28	154	36	his	1	232	164	-7	his	False	P	False	3	2	0
4378	-7	11	193	154	37	his	1	144	184	-7	his	False	P	False	3	2	0
4379	-7	11	74	154	38	his	1	276	72	-7	his	False	P	False	3	2	0
4380	-7	11	194	154	39	his	1	0	172	-7	his	False	P	False	3	2	1
4381	-7	11	40	154	40	his	1	216	328	-7	his	False	P	False	3	2	0
4382	-7	11	8	154	41	his	1	476	0	-7	his	False	P	False	3	2	0
4383	-7	11	26	154	42	his	1	412	424	-7	his	False	P	False	3	2	0
4384	-7	11	30	154	43	his	1	564	0	-7	his	False	P	False	3	2	0
4385	-3	3	116	156	1	his	1	220	228	-3	his	False	P	False	3	1	0
4386	-3	3	39	156	2	his	1	176	0	-3	his	False	P	False	3	1	0
4387	-3	3	149	156	3	his	1	204	148	-3	his	False	P	False	3	1	0
4388	-3	3	61	156	4	his	1	224	0	-3	his	False	P	False	3	1	0
4389	-3	3	125	156	5	his	1	0	196	-3	his	False	P	False	3	1	1
4390	-3	3	188	156	6	his	1	128	0	-3	his	False	P	False	3	1	0
4391	-3	3	81	156	7	his	1	0	160	-3	his	False	P	False	3	1	1
4392	-3	3	76	156	8	his	1	276	128	-3	his	False	P	False	3	1	0
4393	-3	3	158	156	10	his	1	80	144	-3	his	False	P	False	3	1	0
4394	-3	3	152	156	11	his	1	224	140	-3	his	False	P	False	3	1	0
4395	-3	3	191	156	12	his	1	124	0	-3	his	False	P	False	3	1	0
4396	-3	3	40	156	13	his	1	220	0	-3	his	False	P	False	3	1	0
4397	-3	3	98	156	14	his	1	152	272	-3	his	False	P	False	3	1	0
4398	-3	3	107	156	15	his	1	0	264	-3	his	False	P	False	3	1	1
4399	-3	3	154	156	16	his	1	184	156	-3	his	False	P	False	3	1	0
4400	-3	3	18	156	17	his	1	156	0	-3	his	False	P	False	3	1	0
4401	-3	3	17	156	18	his	1	0	244	-3	his	False	P	False	3	1	1
4402	-3	3	127	156	19	his	1	220	0	-3	his	False	P	False	3	1	0
4403	-3	3	161	156	20	his	1	120	0	-3	his	False	P	False	3	1	0
4404	-3	3	1	156	21	his	1	0	192	-3	his	False	P	False	3	1	1
4405	-3	3	201	156	22	his	1	0	324	-3	his	False	P	False	3	1	1
4406	-3	3	152	156	23	his	1	212	284	-3	his	False	P	False	3	1	0
4407	-3	3	109	156	24	his	1	148	0	-3	his	False	P	False	3	1	0
4408	-3	3	39	156	25	his	1	148	328	-3	his	False	P	False	3	1	0
4409	-3	3	122	156	27	his	1	280	0	-3	his	False	P	False	3	1	0
4410	-3	3	12	156	28	his	1	0	104	-3	his	False	P	False	3	1	1
4411	-3	3	92	156	29	his	1	0	360	-3	his	False	P	False	3	1	1
4412	-3	3	105	156	30	his	1	264	176	-3	his	False	P	False	3	1	0
4413	-3	3	133	156	31	his	1	128	0	-3	his	False	P	False	3	1	0
4414	-3	3	6	156	32	his	1	0	0	-3	his	False	P	False	3	1	1
4415	-3	3	31	156	33	his	1	204	120	-3	his	False	P	False	3	1	0
4416	-3	3	133	156	34	his	1	160	0	-3	his	False	P	False	3	1	0
4417	-3	3	133	156	35	his	1	176	164	-3	his	False	P	False	3	1	0
4418	-3	3	149	156	36	his	1	0	120	-3	his	False	P	False	3	1	1
4419	-3	3	80	156	37	his	1	120	0	-3	his	False	P	False	3	1	0
4420	-3	3	153	156	38	his	1	0	344	-3	his	False	P	False	3	1	1
4421	-3	3	179	156	39	his	1	236	232	-3	his	False	P	False	3	1	0
4422	-3	3	194	156	40	his	1	0	0	-3	his	False	P	False	3	1	1
4423	-3	3	182	156	41	his	1	0	232	-3	his	False	P	False	3	1	1
4424	-3	3	77	156	42	his	1	116	124	-3	his	False	P	False	3	1	0
4425	-3	3	22	156	43	his	1	192	0	-3	his	False	P	False	3	1	0
4426	-2	6	116	156	1	his	1	268	156	-2	his	False	P	False	3	2	0
4427	-2	6	39	156	2	his	1	0	284	-2	his	False	P	False	3	2	1
4428	-2	6	149	156	3	his	1	128	268	-2	his	False	P	False	3	2	0
4429	-2	6	61	156	4	his	1	0	280	-2	his	False	P	False	3	2	1
4430	-2	6	125	156	5	his	1	220	192	-2	his	False	P	False	3	2	0
4431	-2	6	188	156	6	his	1	0	0	-2	his	False	P	False	3	2	1
4432	-2	6	81	156	7	his	1	0	208	-2	his	False	P	False	3	2	1
4433	-2	6	76	156	8	his	1	0	148	-2	his	False	P	False	3	2	1
4434	-2	6	158	156	10	his	1	0	276	-2	his	False	P	False	3	2	1
4435	-2	6	152	156	11	his	1	140	0	-2	his	False	P	False	3	2	0
4436	-2	6	191	156	12	his	1	0	108	-2	his	False	P	False	3	2	1
4437	-2	6	40	156	13	his	1	0	276	-2	his	False	P	False	3	2	1
4438	-2	6	98	156	14	his	1	0	256	-2	his	False	P	False	3	2	1
4439	-2	6	107	156	15	his	1	0	140	-2	his	False	P	False	3	2	1
4440	-2	6	154	156	16	his	1	232	336	-2	his	False	P	False	3	2	0
4441	-2	6	18	156	17	his	1	0	276	-2	his	False	P	False	3	2	1
4442	-2	6	17	156	18	his	1	0	184	-2	his	False	P	False	3	2	1
4443	-2	6	127	156	19	his	1	156	132	-2	his	False	P	False	3	2	0
4444	-2	6	161	156	20	his	1	0	140	-2	his	False	P	False	3	2	1
4445	-2	6	1	156	21	his	1	192	164	-2	his	False	P	False	3	2	0
4446	-2	6	201	156	22	his	1	0	184	-2	his	False	P	False	3	2	1
4447	-2	6	152	156	23	his	1	108	504	-2	his	False	P	False	3	2	0
4448	-2	6	109	156	24	his	1	232	128	-2	his	False	P	False	3	2	0
4449	-2	6	39	156	25	his	1	0	340	-2	his	False	P	False	3	2	1
4450	-2	6	122	156	27	his	1	172	228	-2	his	False	P	False	3	2	0
4451	-2	6	12	156	28	his	1	0	152	-2	his	False	P	False	3	2	1
4452	-2	6	92	156	29	his	1	0	196	-2	his	False	P	False	3	2	1
4453	-2	6	105	156	30	his	1	448	120	-2	his	False	P	False	3	2	0
4454	-2	6	133	156	31	his	1	0	256	-2	his	False	P	False	3	2	1
4455	-2	6	6	156	32	his	1	0	236	-2	his	False	P	False	3	2	1
4456	-2	6	31	156	33	his	1	0	392	-2	his	False	P	False	3	2	1
4457	-2	6	133	156	34	his	1	208	172	-2	his	False	P	False	3	2	0
4458	-2	6	133	156	35	his	1	144	0	-2	his	False	P	False	3	2	0
4459	-2	6	149	156	36	his	1	0	188	-2	his	False	P	False	3	2	1
4460	-2	6	80	156	37	his	1	156	188	-2	his	False	P	False	3	2	0
4461	-2	6	153	156	38	his	1	0	244	-2	his	False	P	False	3	2	1
4462	-2	6	179	156	39	his	1	0	136	-2	his	False	P	False	3	2	1
4463	-2	6	194	156	40	his	1	0	140	-2	his	False	P	False	3	2	1
4464	-2	6	182	156	41	his	1	152	168	-2	his	False	P	False	3	2	0
4465	-2	6	77	156	42	his	1	0	196	-2	his	False	P	False	3	2	1
4466	-2	6	22	156	43	his	1	200	68	-2	his	False	P	False	3	2	0
4467	-4	11	116	156	1	his	1	252	388	-4	his	False	P	False	3	3	0
4468	-4	11	39	156	2	his	1	0	204	-4	his	False	P	False	3	3	1
4469	-4	11	149	156	3	his	1	344	148	-4	his	False	P	False	3	3	0
4470	-4	11	61	156	4	his	1	300	388	-4	his	False	P	False	3	3	0
4471	-4	11	125	156	5	his	1	0	212	-4	his	False	P	False	3	3	1
4472	-4	11	188	156	6	his	1	148	0	-4	his	False	P	False	3	3	0
4473	-4	11	81	156	7	his	1	0	96	-4	his	False	P	False	3	3	1
4474	-4	11	76	156	8	his	1	336	276	-4	his	False	P	False	3	3	0
4475	-4	11	158	156	10	his	1	272	192	-4	his	False	P	False	3	3	0
4476	-4	11	152	156	11	his	1	208	216	-4	his	False	P	False	3	3	0
4477	-4	11	191	156	12	his	1	0	168	-4	his	False	P	False	3	3	1
4478	-4	11	40	156	13	his	1	204	312	-4	his	False	P	False	3	3	0
4479	-4	11	98	156	14	his	1	324	132	-4	his	False	P	False	3	3	0
4480	-4	11	107	156	15	his	1	672	0	-4	his	False	P	False	3	3	0
4481	-4	11	154	156	16	his	1	124	712	-4	his	False	P	False	3	3	0
4482	-4	11	18	156	17	his	1	0	224	-4	his	False	P	False	3	3	1
4483	-4	11	17	156	18	his	1	200	0	-4	his	False	P	False	3	3	0
4484	-4	11	127	156	19	his	1	640	192	-4	his	False	P	False	3	3	0
4485	-4	11	161	156	20	his	1	164	180	-4	his	False	P	False	3	3	0
4486	-4	11	1	156	21	his	1	144	180	-4	his	False	P	False	3	3	0
4487	-4	11	201	156	22	his	1	0	164	-4	his	False	P	False	3	3	1
4488	-4	11	152	156	23	his	1	200	204	-4	his	False	P	False	3	3	0
4489	-4	11	109	156	24	his	1	312	104	-4	his	False	P	False	3	3	0
4490	-4	11	39	156	25	his	1	284	312	-4	his	False	P	False	3	3	0
4491	-4	11	122	156	27	his	1	332	248	-4	his	False	P	False	3	3	0
4492	-4	11	12	156	28	his	1	328	240	-4	his	False	P	False	3	3	0
4493	-4	11	92	156	29	his	1	180	268	-4	his	False	P	False	3	3	0
4494	-4	11	105	156	30	his	1	284	368	-4	his	False	P	False	3	3	0
4495	-4	11	133	156	31	his	1	0	0	-4	his	False	P	False	3	3	1
4496	-4	11	6	156	32	his	1	356	264	-4	his	False	P	False	3	3	0
4497	-4	11	31	156	33	his	1	180	72	-4	his	False	P	False	3	3	0
4498	-4	11	133	156	34	his	1	336	188	-4	his	False	P	False	3	3	0
4499	-4	11	133	156	35	his	1	164	128	-4	his	False	P	False	3	3	0
4500	-4	11	149	156	36	his	1	0	392	-4	his	False	P	False	3	3	1
4501	-4	11	80	156	37	his	1	292	148	-4	his	False	P	False	3	3	0
4502	-4	11	153	156	38	his	1	188	224	-4	his	False	P	False	3	3	0
4503	-4	11	179	156	39	his	1	200	0	-4	his	False	P	False	3	3	0
4504	-4	11	194	156	40	his	1	0	0	-4	his	False	P	False	3	3	1
4505	-4	11	182	156	41	his	1	488	0	-4	his	False	P	False	3	3	0
4506	-4	11	77	156	42	his	1	144	168	-4	his	False	P	False	3	3	0
4507	-4	11	22	156	43	his	1	612	0	-4	his	False	P	False	3	3	0
4508	-8	8	91	157	1	him	1	168	0	-8	him	False	O	False	3	2	0
4509	-8	8	22	157	2	him	1	152	0	-8	him	False	O	False	3	2	0
4510	-8	8	169	157	3	him	1	280	0	-8	him	False	O	False	3	2	0
4511	-8	8	71	157	4	him	1	0	164	-8	him	False	O	False	3	2	1
4512	-8	8	107	157	5	him	1	176	0	-8	him	False	O	False	3	2	0
4513	-8	8	48	157	6	him	1	0	0	-8	him	False	O	False	3	2	1
4514	-8	8	112	157	7	him	1	128	0	-8	him	False	O	False	3	2	0
4515	-8	8	108	157	8	him	1	0	148	-8	him	False	O	False	3	2	1
4516	-8	8	129	157	10	him	1	0	172	-8	him	False	O	False	3	2	1
4517	-8	8	53	157	11	him	1	0	148	-8	him	False	O	False	3	2	1
4518	-8	8	116	157	12	him	1	100	0	-8	him	False	O	False	3	2	0
4519	-8	8	174	157	13	him	1	0	240	-8	him	False	O	False	3	2	1
4520	-8	8	23	157	14	him	1	0	188	-8	him	False	O	False	3	2	1
4521	-8	8	47	157	15	him	1	0	0	-8	him	False	O	False	3	2	1
4522	-8	8	149	157	16	him	1	180	0	-8	him	False	O	False	3	2	0
4523	-8	8	82	157	17	him	1	84	0	-8	him	False	O	False	3	2	0
4524	-8	8	164	157	18	him	1	156	0	-8	him	False	O	False	3	2	0
4525	-8	8	3	157	19	him	1	0	216	-8	him	False	O	False	3	2	1
4526	-8	8	121	157	20	him	1	0	0	-8	him	False	O	False	3	2	1
4527	-8	8	141	157	21	him	1	148	0	-8	him	False	O	False	3	2	0
4528	-8	8	57	157	22	him	1	160	0	-8	him	False	O	False	3	2	0
4529	-8	8	8	157	23	him	1	248	0	-8	him	False	O	False	3	2	0
4530	-8	8	28	157	24	him	1	164	0	-8	him	False	O	False	3	2	0
4531	-8	8	180	157	25	him	1	0	0	-8	him	False	O	False	3	2	1
4532	-8	8	7	157	27	him	1	0	0	-8	him	False	O	False	3	2	1
4533	-8	8	18	157	28	him	1	184	180	-8	him	False	O	False	3	2	0
4534	-8	8	73	157	29	him	1	196	0	-8	him	False	O	False	3	2	0
4535	-8	8	176	157	30	him	1	0	116	-8	him	False	O	False	3	2	1
4536	-8	8	103	157	31	him	1	180	0	-8	him	False	O	False	3	2	0
4537	-8	8	58	157	32	him	1	224	0	-8	him	False	O	False	3	2	0
4538	-8	8	5	157	33	him	1	164	0	-8	him	False	O	False	3	2	0
4539	-8	8	171	157	34	him	1	0	108	-8	him	False	O	False	3	2	1
4540	-8	8	56	157	35	him	1	172	0	-8	him	False	O	False	3	2	0
4541	-8	8	125	157	36	him	1	180	0	-8	him	False	O	False	3	2	0
4542	-8	8	40	157	37	him	1	152	176	-8	him	False	O	False	3	2	0
4543	-8	8	64	157	38	him	1	0	228	-8	him	False	O	False	3	2	1
4544	-8	8	24	157	39	him	1	148	0	-8	him	False	O	False	3	2	0
4545	-8	8	45	157	40	him	1	0	136	-8	him	False	O	False	3	2	1
4546	-8	8	73	157	41	him	1	144	204	-8	him	False	O	False	3	2	0
4547	-8	8	117	157	42	him	1	0	168	-8	him	False	O	False	3	2	1
4548	-8	8	189	157	43	him	1	144	0	-8	him	False	O	False	3	2	0
4549	-1	9	91	157	1	he	1	0	300	-1	he	False	O	False	2	3	1
4550	-1	9	22	157	2	he	1	0	128	-1	he	False	O	False	2	3	1
4551	-1	9	169	157	3	he	1	0	216	-1	he	False	O	False	2	3	1
4552	-1	9	71	157	4	he	1	164	252	-1	he	False	O	False	2	3	0
4553	-1	9	107	157	5	he	1	0	0	-1	he	False	O	False	2	3	1
4554	-1	9	48	157	6	he	1	0	0	-1	he	False	O	False	2	3	1
4555	-1	9	112	157	7	he	1	0	0	-1	he	False	O	False	2	3	1
4556	-1	9	108	157	8	he	1	148	240	-1	he	False	O	False	2	3	0
4557	-1	9	129	157	10	he	1	172	0	-1	he	False	O	False	2	3	0
4558	-1	9	53	157	11	he	1	148	148	-1	he	False	O	False	2	3	0
4559	-1	9	116	157	12	he	1	0	256	-1	he	False	O	False	2	3	1
4560	-1	9	174	157	13	he	1	240	0	-1	he	False	O	False	2	3	0
4561	-1	9	23	157	14	he	1	188	0	-1	he	False	O	False	2	3	0
4562	-1	9	47	157	15	he	1	0	148	-1	he	False	O	False	2	3	1
4563	-1	9	149	157	16	he	1	0	212	-1	he	False	O	False	2	3	1
4564	-1	9	82	157	17	he	1	0	256	-1	he	False	O	False	2	3	1
4565	-1	9	164	157	18	he	1	0	236	-1	he	False	O	False	2	3	1
4566	-1	9	3	157	19	he	1	216	0	-1	he	False	O	False	2	3	0
4567	-1	9	121	157	20	he	1	0	140	-1	he	False	O	False	2	3	1
4568	-1	9	141	157	21	he	1	0	0	-1	he	False	O	False	2	3	1
4569	-1	9	57	157	22	he	1	0	164	-1	he	False	O	False	2	3	1
4570	-1	9	8	157	23	he	1	0	348	-1	he	False	O	False	2	3	1
4571	-1	9	28	157	24	he	1	0	0	-1	he	False	O	False	2	3	1
4572	-1	9	180	157	25	he	1	0	200	-1	he	False	O	False	2	3	1
4573	-1	9	7	157	27	he	1	0	268	-1	he	False	O	False	2	3	1
4574	-1	9	18	157	28	he	1	180	0	-1	he	False	O	False	2	3	0
4575	-1	9	73	157	29	he	1	0	216	-1	he	False	O	False	2	3	1
4576	-1	9	176	157	30	he	1	116	236	-1	he	False	O	False	2	3	0
4577	-1	9	103	157	31	he	1	0	0	-1	he	False	O	False	2	3	1
4578	-1	9	58	157	32	he	1	0	392	-1	he	False	O	False	2	3	1
4579	-1	9	5	157	33	he	1	0	184	-1	he	False	O	False	2	3	1
4580	-1	9	171	157	34	he	1	108	0	-1	he	False	O	False	2	3	0
4581	-1	9	56	157	35	he	1	0	172	-1	he	False	O	False	2	3	1
4582	-1	9	125	157	36	he	1	0	0	-1	he	False	O	False	2	3	1
4583	-1	9	40	157	37	he	1	176	108	-1	he	False	O	False	2	3	0
4584	-1	9	64	157	38	he	1	228	0	-1	he	False	O	False	2	3	0
4585	-1	9	24	157	39	he	1	0	0	-1	he	False	O	False	2	3	1
4586	-1	9	45	157	40	he	1	136	0	-1	he	False	O	False	2	3	0
4587	-1	9	73	157	41	he	1	204	108	-1	he	False	O	False	2	3	0
4588	-1	9	117	157	42	he	1	168	0	-1	he	False	O	False	2	3	0
4589	-1	9	189	157	43	he	1	0	100	-1	he	False	O	False	2	3	1
4590	-3	3	12	158	1	his	1	252	0	-3	his	False	P	False	3	1	0
4591	-3	3	138	158	2	his	1	316	0	-3	his	False	P	False	3	1	0
4592	-3	3	198	158	3	his	1	200	112	-3	his	False	P	False	3	1	0
4593	-3	3	40	158	4	his	1	168	0	-3	his	False	P	False	3	1	0
4594	-3	3	20	158	5	his	1	0	0	-3	his	False	P	False	3	1	1
4595	-3	3	69	158	6	his	1	124	120	-3	his	False	P	False	3	1	0
4596	-3	3	31	158	7	his	1	128	104	-3	his	False	P	False	3	1	0
4597	-3	3	123	158	8	his	1	140	0	-3	his	False	P	False	3	1	0
4598	-3	3	83	158	10	his	1	184	108	-3	his	False	P	False	3	1	0
4599	-3	3	110	158	11	his	1	160	132	-3	his	False	P	False	3	1	0
4600	-3	3	175	158	12	his	1	184	140	-3	his	False	P	False	3	1	0
4601	-3	3	94	158	13	his	1	220	176	-3	his	False	P	False	3	1	0
4602	-3	3	74	158	14	his	1	312	0	-3	his	False	P	False	3	1	0
4603	-3	3	16	158	15	his	1	0	188	-3	his	False	P	False	3	1	1
4604	-3	3	137	158	16	his	1	324	188	-3	his	False	P	False	3	1	0
4605	-3	3	175	158	18	his	1	0	184	-3	his	False	P	False	3	1	1
4606	-3	3	152	158	19	his	1	192	104	-3	his	False	P	False	3	1	0
4607	-3	3	17	158	20	his	1	0	176	-3	his	False	P	False	3	1	1
4608	-3	3	158	158	21	his	1	124	140	-3	his	False	P	False	3	1	0
4609	-3	3	184	158	22	his	1	156	224	-3	his	False	P	False	3	1	0
4610	-3	3	60	158	23	his	1	172	228	-3	his	False	P	False	3	1	0
4611	-3	3	82	158	24	his	1	240	176	-3	his	False	P	False	3	1	0
4612	-3	3	189	158	25	his	1	128	148	-3	his	False	P	False	3	1	0
4613	-3	3	27	158	27	his	1	0	148	-3	his	False	P	False	3	1	1
4614	-3	3	125	158	28	his	1	348	424	-3	his	False	P	False	3	1	0
4615	-3	3	33	158	29	his	1	0	0	-3	his	False	P	False	3	1	1
4616	-3	3	125	158	30	his	1	340	264	-3	his	False	P	False	3	1	0
4617	-3	3	72	158	31	his	1	196	0	-3	his	False	P	False	3	1	0
4618	-3	3	17	158	32	his	1	200	124	-3	his	False	P	False	3	1	0
4619	-3	3	182	158	33	his	1	144	168	-3	his	False	P	False	3	1	0
4620	-3	3	156	158	34	his	1	0	216	-3	his	False	P	False	3	1	1
4621	-3	3	167	158	35	his	1	164	200	-3	his	False	P	False	3	1	0
4622	-3	3	69	158	36	his	1	0	0	-3	his	False	P	False	3	1	1
4623	-3	3	141	158	37	his	1	140	148	-3	his	False	P	False	3	1	0
4624	-3	3	55	158	38	his	1	0	260	-3	his	False	P	False	3	1	1
4625	-3	3	25	158	39	his	1	0	292	-3	his	False	P	False	3	1	1
4626	-3	3	49	158	40	his	1	0	184	-3	his	False	P	False	3	1	1
4627	-3	3	60	158	41	his	1	0	0	-3	his	False	P	False	3	1	1
4628	-3	3	7	158	42	his	1	0	0	-3	his	False	P	False	3	1	1
4629	-3	3	151	158	43	his	1	0	256	-3	his	False	P	False	3	1	1
4630	-2	6	12	158	1	his	1	0	28	-2	his	False	P	False	3	2	1
4631	-2	6	138	158	2	his	1	0	208	-2	his	False	P	False	3	2	1
4632	-2	6	198	158	3	his	1	0	136	-2	his	False	P	False	3	2	1
4633	-2	6	40	158	4	his	1	156	212	-2	his	False	P	False	3	2	0
4634	-2	6	20	158	5	his	1	0	200	-2	his	False	P	False	3	2	1
4635	-2	6	69	158	6	his	1	0	128	-2	his	False	P	False	3	2	1
4636	-2	6	31	158	7	his	1	0	168	-2	his	False	P	False	3	2	1
4637	-2	6	123	158	8	his	1	208	0	-2	his	False	P	False	3	2	0
4638	-2	6	83	158	10	his	1	324	60	-2	his	False	P	False	3	2	0
4639	-2	6	110	158	11	his	1	0	180	-2	his	False	P	False	3	2	1
4640	-2	6	175	158	12	his	1	288	124	-2	his	False	P	False	3	2	0
4641	-2	6	94	158	13	his	1	168	340	-2	his	False	P	False	3	2	0
4642	-2	6	74	158	14	his	1	236	112	-2	his	False	P	False	3	2	0
4643	-2	6	16	158	15	his	1	0	132	-2	his	False	P	False	3	2	1
4644	-2	6	137	158	16	his	1	200	368	-2	his	False	P	False	3	2	0
4645	-2	6	175	158	18	his	1	228	0	-2	his	False	P	False	3	2	0
4646	-2	6	152	158	19	his	1	140	196	-2	his	False	P	False	3	2	0
4647	-2	6	17	158	20	his	1	0	152	-2	his	False	P	False	3	2	1
4648	-2	6	158	158	21	his	1	132	136	-2	his	False	P	False	3	2	0
4649	-2	6	184	158	22	his	1	204	200	-2	his	False	P	False	3	2	0
4650	-2	6	60	158	23	his	1	228	408	-2	his	False	P	False	3	2	0
4651	-2	6	82	158	24	his	1	304	144	-2	his	False	P	False	3	2	0
4652	-2	6	189	158	25	his	1	284	0	-2	his	False	P	False	3	2	0
4653	-2	6	27	158	27	his	1	328	0	-2	his	False	P	False	3	2	0
4654	-2	6	125	158	28	his	1	180	396	-2	his	False	P	False	3	2	0
4655	-2	6	33	158	29	his	1	160	136	-2	his	False	P	False	3	2	0
4656	-2	6	125	158	30	his	1	160	352	-2	his	False	P	False	3	2	0
4657	-2	6	72	158	31	his	1	148	140	-2	his	False	P	False	3	2	0
4658	-2	6	17	158	32	his	1	280	156	-2	his	False	P	False	3	2	0
4659	-2	6	182	158	33	his	1	172	32	-2	his	False	P	False	3	2	0
4660	-2	6	156	158	34	his	1	212	180	-2	his	False	P	False	3	2	0
4661	-2	6	167	158	35	his	1	160	160	-2	his	False	P	False	3	2	0
4662	-2	6	69	158	36	his	1	180	0	-2	his	False	P	False	3	2	0
4663	-2	6	141	158	37	his	1	172	144	-2	his	False	P	False	3	2	0
4664	-2	6	55	158	38	his	1	204	264	-2	his	False	P	False	3	2	0
4665	-2	6	25	158	39	his	1	0	216	-2	his	False	P	False	3	2	1
4666	-2	6	49	158	40	his	1	0	176	-2	his	False	P	False	3	2	1
4667	-2	6	60	158	41	his	1	0	252	-2	his	False	P	False	3	2	1
4668	-2	6	7	158	42	his	1	0	0	-2	his	False	P	False	3	2	1
4669	-2	6	151	158	43	his	1	120	156	-2	his	False	P	False	3	2	0
4670	-7	10	5	159	1	his	1	136	236	-7	his	False	P	False	3	1	0
4671	-7	10	117	159	2	his	1	96	164	-7	his	False	P	False	3	1	0
4672	-7	10	78	159	3	his	1	160	172	-7	his	False	P	False	3	1	0
4673	-7	10	174	159	4	his	1	96	316	-7	his	False	P	False	3	1	0
4674	-7	10	111	159	5	his	1	188	436	-7	his	False	P	False	3	1	0
4675	-7	10	64	159	6	his	1	372	0	-7	his	False	P	False	3	1	0
4676	-7	10	203	159	7	his	1	160	160	-7	his	False	P	False	3	1	0
4677	-7	10	30	159	8	his	1	0	228	-7	his	False	P	False	3	1	1
4678	-7	10	30	159	9	his	1	0	188	-7	his	False	P	False	3	1	1
4679	-7	10	175	159	10	his	1	168	148	-7	his	False	P	False	3	1	0
4680	-7	10	190	159	11	his	1	156	272	-7	his	False	P	False	3	1	0
4681	-7	10	148	159	12	his	1	0	176	-7	his	False	P	False	3	1	1
4682	-7	10	93	159	13	his	1	0	264	-7	his	False	P	False	3	1	1
4683	-7	10	105	159	14	his	1	0	328	-7	his	False	P	False	3	1	1
4684	-7	10	172	159	15	his	1	168	0	-7	his	False	P	False	3	1	0
4685	-7	10	97	159	16	his	1	0	436	-7	his	False	P	False	3	1	1
4686	-7	10	36	159	17	his	1	192	320	-7	his	False	P	False	3	1	0
4687	-7	10	58	159	18	his	1	0	172	-7	his	False	P	False	3	1	1
4688	-7	10	150	159	19	his	1	0	300	-7	his	False	P	False	3	1	1
4689	-7	10	108	159	20	his	1	128	0	-7	his	False	P	False	3	1	0
4690	-7	10	194	159	21	his	1	228	232	-7	his	False	P	False	3	1	0
4691	-7	10	151	159	22	his	1	0	464	-7	his	False	P	False	3	1	1
4692	-7	10	121	159	23	his	1	0	544	-7	his	False	P	False	3	1	1
4693	-7	10	182	159	24	his	1	0	312	-7	his	False	P	False	3	1	1
4694	-7	10	96	159	25	his	1	124	316	-7	his	False	P	False	3	1	0
4695	-7	10	72	159	27	his	1	148	432	-7	his	False	P	False	3	1	0
4696	-7	10	110	159	28	his	1	0	440	-7	his	False	P	False	3	1	1
4697	-7	10	5	159	29	his	1	0	244	-7	his	False	P	False	3	1	1
4698	-7	10	201	159	30	his	1	0	404	-7	his	False	P	False	3	1	1
4699	-7	10	168	159	31	his	1	172	120	-7	his	False	P	False	3	1	0
4700	-7	10	68	159	32	his	1	0	364	-7	his	False	P	False	3	1	1
4701	-7	10	123	159	33	his	1	0	264	-7	his	False	P	False	3	1	1
4702	-7	10	168	159	34	his	1	176	240	-7	his	False	P	False	3	1	0
4703	-7	10	97	159	35	his	1	208	160	-7	his	False	P	False	3	1	0
4704	-7	10	152	159	36	his	1	200	0	-7	his	False	P	False	3	1	0
4705	-7	10	142	159	37	his	1	164	152	-7	his	False	P	False	3	1	0
4706	-7	10	84	159	38	his	1	0	372	-7	his	False	P	False	3	1	1
4707	-7	10	20	159	39	his	1	140	0	-7	his	False	P	False	3	1	0
4708	-7	10	108	159	40	his	1	0	332	-7	his	False	P	False	3	1	1
4709	-7	10	159	159	41	his	1	244	236	-7	his	False	P	False	3	1	0
4710	-7	10	79	159	42	his	1	212	240	-7	his	False	P	False	3	1	0
4711	-7	10	140	159	43	his	1	176	120	-7	his	False	P	False	3	1	0
4712	-5	10	5	159	1	I	1	136	236	-5	i	False	O	False	1	1	0
4713	-5	10	117	159	2	I	1	96	164	-5	i	False	O	False	1	1	0
4714	-5	10	78	159	3	I	1	160	172	-5	i	False	O	False	1	1	0
4715	-5	10	174	159	4	I	1	96	316	-5	i	False	O	False	1	1	0
4716	-5	10	111	159	5	I	1	188	436	-5	i	False	O	False	1	1	0
4717	-5	10	64	159	6	I	1	372	0	-5	i	False	O	False	1	1	0
4718	-5	10	203	159	7	I	1	160	160	-5	i	False	O	False	1	1	0
4719	-5	10	30	159	8	I	1	0	228	-5	i	False	O	False	1	1	1
4720	-5	10	30	159	9	I	1	0	188	-5	i	False	O	False	1	1	1
4721	-5	10	175	159	10	I	1	168	148	-5	i	False	O	False	1	1	0
4722	-5	10	190	159	11	I	1	156	272	-5	i	False	O	False	1	1	0
4723	-5	10	148	159	12	I	1	0	176	-5	i	False	O	False	1	1	1
4724	-5	10	93	159	13	I	1	0	264	-5	i	False	O	False	1	1	1
4725	-5	10	105	159	14	I	1	0	328	-5	i	False	O	False	1	1	1
4726	-5	10	172	159	15	I	1	168	0	-5	i	False	O	False	1	1	0
4727	-5	10	97	159	16	I	1	0	436	-5	i	False	O	False	1	1	1
4728	-5	10	36	159	17	I	1	192	320	-5	i	False	O	False	1	1	0
4729	-5	10	58	159	18	I	1	0	172	-5	i	False	O	False	1	1	1
4730	-5	10	150	159	19	I	1	0	300	-5	i	False	O	False	1	1	1
4731	-5	10	108	159	20	I	1	128	0	-5	i	False	O	False	1	1	0
4732	-5	10	194	159	21	I	1	228	232	-5	i	False	O	False	1	1	0
4733	-5	10	151	159	22	I	1	0	464	-5	i	False	O	False	1	1	1
4734	-5	10	121	159	23	I	1	0	544	-5	i	False	O	False	1	1	1
4735	-5	10	182	159	24	I	1	0	312	-5	i	False	O	False	1	1	1
4736	-5	10	96	159	25	I	1	124	316	-5	i	False	O	False	1	1	0
4737	-5	10	72	159	27	I	1	148	432	-5	i	False	O	False	1	1	0
4738	-5	10	110	159	28	I	1	0	440	-5	i	False	O	False	1	1	1
4739	-5	10	5	159	29	I	1	0	244	-5	i	False	O	False	1	1	1
4740	-5	10	201	159	30	I	1	0	404	-5	i	False	O	False	1	1	1
4741	-5	10	168	159	31	I	1	172	120	-5	i	False	O	False	1	1	0
4742	-5	10	68	159	32	I	1	0	364	-5	i	False	O	False	1	1	1
4743	-5	10	123	159	33	I	1	0	264	-5	i	False	O	False	1	1	1
4744	-5	10	168	159	34	I	1	176	240	-5	i	False	O	False	1	1	0
4745	-5	10	97	159	35	I	1	208	160	-5	i	False	O	False	1	1	0
4746	-5	10	152	159	36	I	1	200	0	-5	i	False	O	False	1	1	0
4747	-5	10	142	159	37	I	1	164	152	-5	i	False	O	False	1	1	0
4748	-5	10	84	159	38	I	1	0	372	-5	i	False	O	False	1	1	1
4749	-5	10	20	159	39	I	1	140	0	-5	i	False	O	False	1	1	0
4750	-5	10	108	159	40	I	1	0	332	-5	i	False	O	False	1	1	1
4751	-5	10	159	159	41	I	1	244	236	-5	i	False	O	False	1	1	0
4752	-5	10	79	159	42	I	1	212	240	-5	i	False	O	False	1	1	0
4753	-5	10	140	159	43	I	1	176	120	-5	i	False	O	False	1	1	0
4754	-4	9	29	161	1	it	1	0	216	-4	it	False	O	False	2	0	1
4755	-4	9	13	161	2	it	1	0	0	-4	it	False	O	False	2	0	1
4756	-4	9	191	161	3	it	1	380	0	-4	it	False	O	False	2	0	0
4757	-4	9	51	161	4	it	1	0	288	-4	it	False	O	False	2	0	1
4758	-4	9	133	161	5	it	1	0	0	-4	it	False	O	False	2	0	1
4759	-4	9	152	161	6	it	1	0	0	-4	it	False	O	False	2	0	1
4760	-4	9	28	161	7	it	1	0	0	-4	it	False	O	False	2	0	1
4761	-4	9	66	161	8	it	1	0	188	-4	it	False	O	False	2	0	1
4762	-4	9	35	161	9	it	1	0	0	-4	it	False	O	False	2	0	1
4763	-4	9	18	161	10	it	1	124	0	-4	it	False	O	False	2	0	0
4764	-4	9	95	161	11	it	1	256	76	-4	it	False	O	False	2	0	0
4765	-4	9	4	161	12	it	1	0	0	-4	it	False	O	False	2	0	1
4766	-4	9	89	161	13	it	1	0	216	-4	it	False	O	False	2	0	1
4767	-4	9	73	161	14	it	1	0	160	-4	it	False	O	False	2	0	1
4768	-4	9	10	161	15	it	1	124	0	-4	it	False	O	False	2	0	0
4769	-4	9	178	161	16	it	1	116	0	-4	it	False	O	False	2	0	0
4770	-4	9	15	161	18	it	1	0	288	-4	it	False	O	False	2	0	1
4771	-4	9	169	161	19	it	1	0	256	-4	it	False	O	False	2	0	1
4772	-4	9	141	161	20	it	1	0	0	-4	it	False	O	False	2	0	1
4773	-4	9	31	161	21	it	1	0	0	-4	it	False	O	False	2	0	1
4774	-4	9	173	161	22	it	1	0	0	-4	it	False	O	False	2	0	1
4775	-4	9	127	161	23	it	1	168	360	-4	it	False	O	False	2	0	0
4776	-4	9	186	161	24	it	1	0	0	-4	it	False	O	False	2	0	1
4777	-4	9	24	161	25	it	1	0	0	-4	it	False	O	False	2	0	1
4778	-4	9	147	161	27	it	1	0	256	-4	it	False	O	False	2	0	1
4779	-4	9	165	161	28	it	1	128	0	-4	it	False	O	False	2	0	0
4780	-4	9	102	161	29	it	1	0	164	-4	it	False	O	False	2	0	1
4781	-4	9	65	161	30	it	1	204	0	-4	it	False	O	False	2	0	0
4782	-4	9	90	161	31	it	1	0	0	-4	it	False	O	False	2	0	1
4783	-4	9	145	161	32	it	1	0	200	-4	it	False	O	False	2	0	1
4784	-4	9	166	161	33	it	1	0	168	-4	it	False	O	False	2	0	1
4785	-4	9	6	161	34	it	1	176	0	-4	it	False	O	False	2	0	0
4786	-4	9	92	161	35	it	1	0	0	-4	it	False	O	False	2	0	1
4787	-4	9	72	161	36	it	1	0	0	-4	it	False	O	False	2	0	1
4788	-4	9	176	161	37	it	1	0	156	-4	it	False	O	False	2	0	1
4789	-4	9	40	161	38	it	1	0	0	-4	it	False	O	False	2	0	1
4790	-4	9	46	161	39	it	1	0	0	-4	it	False	O	False	2	0	1
4791	-4	9	199	161	40	it	1	148	0	-4	it	False	O	False	2	0	0
4792	-4	9	194	161	41	it	1	220	284	-4	it	False	O	False	2	0	0
4793	-4	9	45	161	42	it	1	0	132	-4	it	False	O	False	2	0	1
4794	-4	9	84	161	43	it	1	0	0	-4	it	False	O	False	2	0	1
4795	-4	8	52	162	1	his	1	248	216	-4	his	False	P	False	3	0	0
4796	-4	8	171	162	2	his	1	0	140	-4	his	False	P	False	3	0	1
4797	-4	8	90	162	3	his	1	224	164	-4	his	False	P	False	3	0	0
4798	-4	8	175	162	4	his	1	260	132	-4	his	False	P	False	3	0	0
4799	-4	8	99	162	5	his	1	300	168	-4	his	False	P	False	3	0	0
4800	-4	8	19	162	6	his	1	144	0	-4	his	False	P	False	3	0	0
4801	-4	8	4	162	7	his	1	164	0	-4	his	False	P	False	3	0	0
4802	-4	8	183	162	8	his	1	192	156	-4	his	False	P	False	3	0	0
4803	-4	8	91	162	10	his	1	0	144	-4	his	False	P	False	3	0	1
4804	-4	8	158	162	11	his	1	196	148	-4	his	False	P	False	3	0	0
4805	-4	8	42	162	12	his	1	0	292	-4	his	False	P	False	3	0	1
4806	-4	8	51	162	13	his	1	200	208	-4	his	False	P	False	3	0	0
4807	-4	8	188	162	14	his	1	140	156	-4	his	False	P	False	3	0	0
4808	-4	8	187	162	15	his	1	0	156	-4	his	False	P	False	3	0	1
4809	-4	8	183	162	16	his	1	148	160	-4	his	False	P	False	3	0	0
4810	-4	8	162	162	17	his	1	204	248	-4	his	False	P	False	3	0	0
4811	-4	8	110	162	18	his	1	220	0	-4	his	False	P	False	3	0	0
4812	-4	8	197	162	19	his	1	220	152	-4	his	False	P	False	3	0	0
4813	-4	8	172	162	20	his	1	0	236	-4	his	False	P	False	3	0	1
4814	-4	8	128	162	21	his	1	164	320	-4	his	False	P	False	3	0	0
4815	-4	8	22	162	22	his	1	316	208	-4	his	False	P	False	3	0	0
4816	-4	8	115	162	23	his	1	272	220	-4	his	False	P	False	3	0	0
4817	-4	8	38	162	24	his	1	0	192	-4	his	False	P	False	3	0	1
4818	-4	8	196	162	25	his	1	184	168	-4	his	False	P	False	3	0	0
4819	-4	8	150	162	27	his	1	296	424	-4	his	False	P	False	3	0	0
4820	-4	8	162	162	28	his	1	0	240	-4	his	False	P	False	3	0	1
4821	-4	8	11	162	29	his	1	180	0	-4	his	False	P	False	3	0	0
4822	-4	8	205	162	30	his	1	696	268	-4	his	False	P	False	3	0	0
4823	-4	8	180	162	31	his	1	160	0	-4	his	False	P	False	3	0	0
4824	-4	8	124	162	32	his	1	200	248	-4	his	False	P	False	3	0	0
4825	-4	8	155	162	33	his	1	56	280	-4	his	False	P	False	3	0	0
4826	-4	8	88	162	34	his	1	200	144	-4	his	False	P	False	3	0	0
4827	-4	8	75	162	35	his	1	0	160	-4	his	False	P	False	3	0	1
4828	-4	8	23	162	36	his	1	184	0	-4	his	False	P	False	3	0	0
4829	-4	8	3	162	37	his	1	148	276	-4	his	False	P	False	3	0	0
4830	-4	8	85	162	38	his	1	216	0	-4	his	False	P	False	3	0	0
4831	-4	8	31	162	39	his	1	0	236	-4	his	False	P	False	3	0	1
4832	-4	8	130	162	40	his	1	0	144	-4	his	False	P	False	3	0	1
4833	-4	8	126	162	41	his	1	284	176	-4	his	False	P	False	3	0	0
4834	-4	8	126	162	42	his	1	188	176	-4	his	False	P	False	3	0	0
4835	-4	8	188	162	43	his	1	0	136	-4	his	False	P	False	3	0	1
4836	-3	11	52	162	1	his	1	396	628	-3	his	False	P	False	3	1	0
4837	-3	11	171	162	2	his	1	0	464	-3	his	False	P	False	3	1	1
4838	-3	11	90	162	3	his	1	220	0	-3	his	False	P	False	3	1	0
4839	-3	11	175	162	4	his	1	192	136	-3	his	False	P	False	3	1	0
4840	-3	11	99	162	5	his	1	0	168	-3	his	False	P	False	3	1	1
4841	-3	11	19	162	6	his	1	0	0	-3	his	False	P	False	3	1	1
4842	-3	11	4	162	7	his	1	212	172	-3	his	False	P	False	3	1	0
4843	-3	11	183	162	8	his	1	0	188	-3	his	False	P	False	3	1	1
4844	-3	11	91	162	10	his	1	0	264	-3	his	False	P	False	3	1	1
4845	-3	11	158	162	11	his	1	188	168	-3	his	False	P	False	3	1	0
4846	-3	11	42	162	12	his	1	124	0	-3	his	False	P	False	3	1	0
4847	-3	11	51	162	13	his	1	0	600	-3	his	False	P	False	3	1	1
4848	-3	11	188	162	14	his	1	0	156	-3	his	False	P	False	3	1	1
4849	-3	11	187	162	15	his	1	256	172	-3	his	False	P	False	3	1	0
4850	-3	11	183	162	16	his	1	224	0	-3	his	False	P	False	3	1	0
4851	-3	11	162	162	17	his	1	0	232	-3	his	False	P	False	3	1	1
4852	-3	11	110	162	18	his	1	212	316	-3	his	False	P	False	3	1	0
4853	-3	11	197	162	19	his	1	0	220	-3	his	False	P	False	3	1	1
4854	-3	11	172	162	20	his	1	0	200	-3	his	False	P	False	3	1	1
4855	-3	11	128	162	21	his	1	196	184	-3	his	False	P	False	3	1	0
4856	-3	11	22	162	22	his	1	0	232	-3	his	False	P	False	3	1	1
4857	-3	11	115	162	23	his	1	0	244	-3	his	False	P	False	3	1	1
4858	-3	11	38	162	24	his	1	0	100	-3	his	False	P	False	3	1	1
4859	-3	11	196	162	25	his	1	196	292	-3	his	False	P	False	3	1	0
4860	-3	11	150	162	27	his	1	264	0	-3	his	False	P	False	3	1	0
4861	-3	11	162	162	28	his	1	0	160	-3	his	False	P	False	3	1	1
4862	-3	11	11	162	29	his	1	156	100	-3	his	False	P	False	3	1	0
4863	-3	11	205	162	30	his	1	0	720	-3	his	False	P	False	3	1	1
4864	-3	11	180	162	31	his	1	148	268	-3	his	False	P	False	3	1	0
4865	-3	11	124	162	32	his	1	248	244	-3	his	False	P	False	3	1	0
4866	-3	11	155	162	33	his	1	120	0	-3	his	False	P	False	3	1	0
4867	-3	11	88	162	34	his	1	0	400	-3	his	False	P	False	3	1	1
4868	-3	11	75	162	35	his	1	188	172	-3	his	False	P	False	3	1	0
4869	-3	11	23	162	36	his	1	0	0	-3	his	False	P	False	3	1	1
4870	-3	11	3	162	37	his	1	0	316	-3	his	False	P	False	3	1	1
4871	-3	11	85	162	38	his	1	180	292	-3	his	False	P	False	3	1	0
4872	-3	11	31	162	39	his	1	212	0	-3	his	False	P	False	3	1	0
4873	-3	11	130	162	40	his	1	0	200	-3	his	False	P	False	3	1	1
4874	-3	11	126	162	41	his	1	0	112	-3	his	False	P	False	3	1	1
4875	-3	11	126	162	42	his	1	0	252	-3	his	False	P	False	3	1	1
4876	-3	11	188	162	43	his	1	240	0	-3	his	False	P	False	3	1	0
4877	-4	11	38	163	1	he	1	0	180	-4	he	False	O	False	2	0	1
4878	-4	11	177	163	2	he	1	0	616	-4	he	False	O	False	2	0	1
4879	-4	11	201	163	3	he	1	0	428	-4	he	False	O	False	2	0	1
4880	-4	11	197	163	4	he	1	0	208	-4	he	False	O	False	2	0	1
4881	-4	11	10	163	5	he	1	0	184	-4	he	False	O	False	2	0	1
4882	-4	11	8	163	6	he	1	0	332	-4	he	False	O	False	2	0	1
4883	-4	11	45	163	7	he	1	0	168	-4	he	False	O	False	2	0	1
4884	-4	11	138	163	8	he	1	0	316	-4	he	False	O	False	2	0	1
4885	-4	11	173	163	10	he	1	0	376	-4	he	False	O	False	2	0	1
4886	-4	11	157	163	11	he	1	0	312	-4	he	False	O	False	2	0	1
4887	-4	11	24	163	12	he	1	204	312	-4	he	False	O	False	2	0	0
4888	-4	11	201	163	13	he	1	0	556	-4	he	False	O	False	2	0	1
4889	-4	11	7	163	14	he	1	0	460	-4	he	False	O	False	2	0	1
4890	-4	11	99	163	15	he	1	204	236	-4	he	False	O	False	2	0	0
4891	-4	11	31	163	16	he	1	0	268	-4	he	False	O	False	2	0	1
4892	-4	11	38	163	17	he	1	0	164	-4	he	False	O	False	2	0	1
4893	-4	11	62	163	18	he	1	0	332	-4	he	False	O	False	2	0	1
4894	-4	11	76	163	19	he	1	0	352	-4	he	False	O	False	2	0	1
4895	-4	11	25	163	20	he	1	196	188	-4	he	False	O	False	2	0	0
4896	-4	11	115	163	21	he	1	564	200	-4	he	False	O	False	2	0	0
4897	-4	11	197	163	22	he	1	0	212	-4	he	False	O	False	2	0	1
4898	-4	11	111	163	23	he	1	160	520	-4	he	False	O	False	2	0	0
4899	-4	11	45	163	24	he	1	0	152	-4	he	False	O	False	2	0	1
4900	-4	11	50	163	25	he	1	0	224	-4	he	False	O	False	2	0	1
4901	-4	11	62	163	27	he	1	0	328	-4	he	False	O	False	2	0	1
4902	-4	11	205	163	28	he	1	0	656	-4	he	False	O	False	2	0	1
4903	-4	11	162	163	29	he	1	124	272	-4	he	False	O	False	2	0	0
4904	-4	11	169	163	30	he	1	0	752	-4	he	False	O	False	2	0	1
4905	-4	11	161	163	31	he	1	0	288	-4	he	False	O	False	2	0	1
4906	-4	11	151	163	32	he	1	0	244	-4	he	False	O	False	2	0	1
4907	-4	11	59	163	33	he	1	0	300	-4	he	False	O	False	2	0	1
4908	-4	11	35	163	34	he	1	0	0	-4	he	False	O	False	2	0	1
4909	-4	11	9	163	35	he	1	200	576	-4	he	False	O	False	2	0	0
4910	-4	11	35	163	36	he	1	0	0	-4	he	False	O	False	2	0	1
4911	-4	11	181	163	37	he	1	0	80	-4	he	False	O	False	2	0	1
4912	-4	11	90	163	38	he	1	0	280	-4	he	False	O	False	2	0	1
4913	-4	11	142	163	39	he	1	0	216	-4	he	False	O	False	2	0	1
4914	-4	11	176	163	40	he	1	0	0	-4	he	False	O	False	2	0	1
4915	-4	11	186	163	41	he	1	272	268	-4	he	False	O	False	2	0	0
4916	-4	11	57	163	42	he	1	0	484	-4	he	False	O	False	2	0	1
4917	-4	11	141	163	43	he	1	0	376	-4	he	False	O	False	2	0	1
4918	-6	6	185	172	1	him	1	368	0	-6	him	False	O	False	3	1	0
4919	-6	6	178	172	2	him	1	176	0	-6	him	False	O	False	3	1	0
4920	-6	6	111	172	3	him	1	168	180	-6	him	False	O	False	3	1	0
4921	-6	6	99	172	4	him	1	0	0	-6	him	False	O	False	3	1	1
4922	-6	6	179	172	5	him	1	0	212	-6	him	False	O	False	3	1	1
4923	-6	6	169	172	6	him	1	0	116	-6	him	False	O	False	3	1	1
4924	-6	6	128	172	7	him	1	0	144	-6	him	False	O	False	3	1	1
4925	-6	6	186	172	8	him	1	192	0	-6	him	False	O	False	3	1	0
4926	-6	6	172	172	10	him	1	280	0	-6	him	False	O	False	3	1	0
4927	-6	6	47	172	11	him	1	220	0	-6	him	False	O	False	3	1	0
4928	-6	6	103	172	12	him	1	124	0	-6	him	False	O	False	3	1	0
4929	-6	6	168	172	13	him	1	0	248	-6	him	False	O	False	3	1	1
4930	-6	6	5	172	14	him	1	0	112	-6	him	False	O	False	3	1	1
4931	-6	6	81	172	15	him	1	256	0	-6	him	False	O	False	3	1	0
4932	-6	6	153	172	16	him	1	308	0	-6	him	False	O	False	3	1	0
4933	-6	6	96	172	17	him	1	264	0	-6	him	False	O	False	3	1	0
4934	-6	6	1	172	18	him	1	0	176	-6	him	False	O	False	3	1	1
4935	-6	6	14	172	19	him	1	200	0	-6	him	False	O	False	3	1	0
4936	-6	6	182	172	20	him	1	140	172	-6	him	False	O	False	3	1	0
4937	-6	6	197	172	21	him	1	140	148	-6	him	False	O	False	3	1	0
4938	-6	6	161	172	22	him	1	412	0	-6	him	False	O	False	3	1	0
4939	-6	6	163	172	23	him	1	380	372	-6	him	False	O	False	3	1	0
4940	-6	6	130	172	24	him	1	224	152	-6	him	False	O	False	3	1	0
4941	-6	6	143	172	25	him	1	84	0	-6	him	False	O	False	3	1	0
4942	-6	6	109	172	27	him	1	144	0	-6	him	False	O	False	3	1	0
4943	-6	6	198	172	28	him	1	364	0	-6	him	False	O	False	3	1	0
4944	-6	6	61	172	29	him	1	252	0	-6	him	False	O	False	3	1	0
4945	-6	6	121	172	30	him	1	0	436	-6	him	False	O	False	3	1	1
4946	-6	6	77	172	31	him	1	236	0	-6	him	False	O	False	3	1	0
4947	-6	6	46	172	32	him	1	268	0	-6	him	False	O	False	3	1	0
4948	-6	6	58	172	33	him	1	0	328	-6	him	False	O	False	3	1	1
4949	-6	6	64	172	34	him	1	164	0	-6	him	False	O	False	3	1	0
4950	-6	6	47	172	35	him	1	212	208	-6	him	False	O	False	3	1	0
4951	-6	6	64	172	36	him	1	244	0	-6	him	False	O	False	3	1	0
4952	-6	6	6	172	37	him	1	252	0	-6	him	False	O	False	3	1	0
4953	-6	6	7	172	38	him	1	188	208	-6	him	False	O	False	3	1	0
4954	-6	6	199	172	39	him	1	0	0	-6	him	False	O	False	3	1	1
4955	-6	6	93	172	40	him	1	216	0	-6	him	False	O	False	3	1	0
4956	-6	6	93	172	41	him	1	136	148	-6	him	False	O	False	3	1	0
4957	-6	6	27	172	42	him	1	0	232	-6	him	False	O	False	3	1	1
4958	-6	6	152	172	43	him	1	148	188	-6	him	False	O	False	3	1	0
4959	-4	4	202	173	1	he	1	0	588	-4	he	False	O	False	2	0	1
4960	-4	4	9	173	2	he	1	0	152	-4	he	False	O	False	2	0	1
4961	-4	4	164	173	3	he	1	304	188	-4	he	False	O	False	2	0	0
4962	-4	4	185	173	4	he	1	0	312	-4	he	False	O	False	2	0	1
4963	-4	4	199	173	5	he	1	0	212	-4	he	False	O	False	2	0	1
4964	-4	4	20	173	6	he	1	0	188	-4	he	False	O	False	2	0	1
4965	-4	4	140	173	7	he	1	136	132	-4	he	False	O	False	2	0	0
4966	-4	4	154	173	8	he	1	164	140	-4	he	False	O	False	2	0	0
4967	-4	4	199	173	10	he	1	0	244	-4	he	False	O	False	2	0	1
4968	-4	4	78	173	11	he	1	144	136	-4	he	False	O	False	2	0	0
4969	-4	4	101	173	12	he	1	0	444	-4	he	False	O	False	2	0	1
4970	-4	4	6	173	13	he	1	204	0	-4	he	False	O	False	2	0	0
4971	-4	4	189	173	14	he	1	0	248	-4	he	False	O	False	2	0	1
4972	-4	4	98	173	15	he	1	232	56	-4	he	False	O	False	2	0	0
4973	-4	4	51	173	16	he	1	216	812	-4	he	False	O	False	2	0	0
4974	-4	4	149	173	17	he	1	0	212	-4	he	False	O	False	2	0	1
4975	-4	4	159	173	18	he	1	0	200	-4	he	False	O	False	2	0	1
4976	-4	4	108	173	19	he	1	0	124	-4	he	False	O	False	2	0	1
4977	-4	4	177	173	20	he	1	136	144	-4	he	False	O	False	2	0	0
4978	-4	4	148	173	21	he	1	152	400	-4	he	False	O	False	2	0	0
4979	-4	4	83	173	22	he	1	0	252	-4	he	False	O	False	2	0	1
4980	-4	4	157	173	23	he	1	220	600	-4	he	False	O	False	2	0	0
4981	-4	4	121	173	24	he	1	412	452	-4	he	False	O	False	2	0	0
4982	-4	4	52	173	25	he	1	84	0	-4	he	False	O	False	2	0	0
4983	-4	4	143	173	27	he	1	0	316	-4	he	False	O	False	2	0	1
4984	-4	4	6	173	28	he	1	28	128	-4	he	False	O	False	2	0	0
4985	-4	4	196	173	29	he	1	0	232	-4	he	False	O	False	2	0	1
4986	-4	4	76	173	30	he	1	264	308	-4	he	False	O	False	2	0	0
4987	-4	4	202	173	31	he	1	0	172	-4	he	False	O	False	2	0	1
4988	-4	4	101	173	32	he	1	184	224	-4	he	False	O	False	2	0	0
4989	-4	4	203	173	33	he	1	0	212	-4	he	False	O	False	2	0	1
4990	-4	4	203	173	34	he	1	0	208	-4	he	False	O	False	2	0	1
4991	-4	4	53	173	35	he	1	0	204	-4	he	False	O	False	2	0	1
4992	-4	4	42	173	36	he	1	0	228	-4	he	False	O	False	2	0	1
4993	-4	4	192	173	37	he	1	232	732	-4	he	False	O	False	2	0	0
4994	-4	4	13	173	38	he	1	0	224	-4	he	False	O	False	2	0	1
4995	-4	4	159	173	39	he	1	0	152	-4	he	False	O	False	2	0	1
4996	-4	4	14	173	40	he	1	216	484	-4	he	False	O	False	2	0	0
4997	-4	4	62	173	41	he	1	0	0	-4	he	False	O	False	2	0	1
4998	-4	4	164	173	42	he	1	0	240	-4	he	False	O	False	2	0	1
4999	-4	4	3	173	43	he	1	124	224	-4	he	False	O	False	2	0	0
5000	-6	11	202	173	1	his	1	0	368	-6	his	False	P	False	3	1	1
5001	-6	11	9	173	2	his	1	0	144	-6	his	False	P	False	3	1	1
5002	-6	11	164	173	3	his	1	212	0	-6	his	False	P	False	3	1	0
5003	-6	11	185	173	4	his	1	0	248	-6	his	False	P	False	3	1	1
5004	-6	11	199	173	5	his	1	0	204	-6	his	False	P	False	3	1	1
5005	-6	11	20	173	6	his	1	0	0	-6	his	False	P	False	3	1	1
5006	-6	11	140	173	7	his	1	224	0	-6	his	False	P	False	3	1	0
5007	-6	11	154	173	8	his	1	0	124	-6	his	False	P	False	3	1	1
5008	-6	11	199	173	10	his	1	200	224	-6	his	False	P	False	3	1	0
5009	-6	11	78	173	11	his	1	0	316	-6	his	False	P	False	3	1	1
5010	-6	11	101	173	12	his	1	256	84	-6	his	False	P	False	3	1	0
5011	-6	11	6	173	13	his	1	0	772	-6	his	False	P	False	3	1	1
5012	-6	11	189	173	14	his	1	0	380	-6	his	False	P	False	3	1	1
5013	-6	11	98	173	15	his	1	472	0	-6	his	False	P	False	3	1	0
5014	-6	11	51	173	16	his	1	476	416	-6	his	False	P	False	3	1	0
5015	-6	11	149	173	17	his	1	336	232	-6	his	False	P	False	3	1	0
5016	-6	11	159	173	18	his	1	0	344	-6	his	False	P	False	3	1	1
5017	-6	11	108	173	19	his	1	92	164	-6	his	False	P	False	3	1	0
5018	-6	11	177	173	20	his	1	0	256	-6	his	False	P	False	3	1	1
5019	-6	11	148	173	21	his	1	304	172	-6	his	False	P	False	3	1	0
5020	-6	11	83	173	22	his	1	284	232	-6	his	False	P	False	3	1	0
5021	-6	11	157	173	23	his	1	0	568	-6	his	False	P	False	3	1	1
5022	-6	11	121	173	24	his	1	0	172	-6	his	False	P	False	3	1	1
5023	-6	11	52	173	25	his	1	0	184	-6	his	False	P	False	3	1	1
5024	-6	11	143	173	27	his	1	244	172	-6	his	False	P	False	3	1	0
5025	-6	11	6	173	28	his	1	88	620	-6	his	False	P	False	3	1	0
5026	-6	11	196	173	29	his	1	256	196	-6	his	False	P	False	3	1	0
5027	-6	11	76	173	30	his	1	0	664	-6	his	False	P	False	3	1	1
5028	-6	11	202	173	31	his	1	0	112	-6	his	False	P	False	3	1	1
5029	-6	11	101	173	32	his	1	160	104	-6	his	False	P	False	3	1	0
5030	-6	11	203	173	33	his	1	0	344	-6	his	False	P	False	3	1	1
5031	-6	11	203	173	34	his	1	500	120	-6	his	False	P	False	3	1	0
5032	-6	11	53	173	35	his	1	0	312	-6	his	False	P	False	3	1	1
5033	-6	11	42	173	36	his	1	448	80	-6	his	False	P	False	3	1	0
5034	-6	11	192	173	37	his	1	0	200	-6	his	False	P	False	3	1	1
5035	-6	11	13	173	38	his	1	0	212	-6	his	False	P	False	3	1	1
5036	-6	11	159	173	39	his	1	0	152	-6	his	False	P	False	3	1	1
5037	-6	11	14	173	40	his	1	132	360	-6	his	False	P	False	3	1	0
5038	-6	11	62	173	41	his	1	272	180	-6	his	False	P	False	3	1	0
5039	-6	11	164	173	42	his	1	0	204	-6	his	False	P	False	3	1	1
5040	-6	11	3	173	43	his	1	288	108	-6	his	False	P	False	3	1	0
5041	-5	9	177	175	1	she	1	136	260	-5	she	False	O	False	3	2	0
5042	-5	9	135	175	2	she	1	120	0	-5	she	False	O	False	3	2	0
5043	-5	9	110	175	3	she	1	232	108	-5	she	False	O	False	3	2	0
5044	-5	9	115	175	4	she	1	0	252	-5	she	False	O	False	3	2	1
5045	-5	9	119	175	5	she	1	0	372	-5	she	False	O	False	3	2	1
5046	-5	9	76	175	6	she	1	0	0	-5	she	False	O	False	3	2	1
5047	-5	9	191	175	7	she	1	64	0	-5	she	False	O	False	3	2	0
5048	-5	9	171	175	8	she	1	92	264	-5	she	False	O	False	3	2	0
5049	-5	9	162	175	10	she	1	136	0	-5	she	False	O	False	3	2	0
5050	-5	9	83	175	11	she	1	0	140	-5	she	False	O	False	3	2	1
5051	-5	9	7	175	12	she	1	228	152	-5	she	False	O	False	3	2	0
5052	-5	9	22	175	13	she	1	0	232	-5	she	False	O	False	3	2	1
5053	-5	9	162	175	14	she	1	384	0	-5	she	False	O	False	3	2	0
5054	-5	9	141	175	15	she	1	244	0	-5	she	False	O	False	3	2	0
5055	-5	9	53	175	16	she	1	192	0	-5	she	False	O	False	3	2	0
5056	-5	9	56	175	17	she	1	160	0	-5	she	False	O	False	3	2	0
5057	-5	9	128	175	18	she	1	208	172	-5	she	False	O	False	3	2	0
5058	-5	9	163	175	19	she	1	88	184	-5	she	False	O	False	3	2	0
5059	-5	9	10	175	20	she	1	0	136	-5	she	False	O	False	3	2	1
5060	-5	9	54	175	21	she	1	216	148	-5	she	False	O	False	3	2	0
5061	-5	9	163	175	22	she	1	0	568	-5	she	False	O	False	3	2	1
5062	-5	9	19	175	23	she	1	0	128	-5	she	False	O	False	3	2	1
5063	-5	9	192	175	24	she	1	192	136	-5	she	False	O	False	3	2	0
5064	-5	9	153	175	25	she	1	0	160	-5	she	False	O	False	3	2	1
5065	-5	9	124	175	27	she	1	0	376	-5	she	False	O	False	3	2	1
5066	-5	9	71	175	28	she	1	280	160	-5	she	False	O	False	3	2	0
5067	-5	9	88	175	29	she	1	0	112	-5	she	False	O	False	3	2	1
5068	-5	9	52	175	30	she	1	264	540	-5	she	False	O	False	3	2	0
5069	-5	9	106	175	31	she	1	148	0	-5	she	False	O	False	3	2	0
5070	-5	9	137	175	32	she	1	0	172	-5	she	False	O	False	3	2	1
5071	-5	9	124	175	33	she	1	0	312	-5	she	False	O	False	3	2	1
5072	-5	9	84	175	34	she	1	0	360	-5	she	False	O	False	3	2	1
5073	-5	9	84	175	35	she	1	188	208	-5	she	False	O	False	3	2	0
5074	-5	9	30	175	36	she	1	196	0	-5	she	False	O	False	3	2	0
5075	-5	9	136	175	37	she	1	364	144	-5	she	False	O	False	3	2	0
5076	-5	9	71	175	38	she	1	212	240	-5	she	False	O	False	3	2	0
5077	-5	9	118	175	39	she	1	0	164	-5	she	False	O	False	3	2	1
5078	-5	9	24	175	40	she	1	132	136	-5	she	False	O	False	3	2	0
5079	-5	9	42	175	41	she	1	204	148	-5	she	False	O	False	3	2	0
5080	-5	9	142	175	42	she	1	240	148	-5	she	False	O	False	3	2	0
5081	-5	9	58	175	43	she	1	0	148	-5	she	False	O	False	3	2	1
5082	-2	9	7	176	1	she	1	288	348	-2	she	False	O	False	3	1	0
5083	-2	9	151	176	2	she	1	228	172	-2	she	False	O	False	3	1	0
5084	-2	9	51	176	3	she	1	356	156	-2	she	False	O	False	3	1	0
5085	-2	9	15	176	4	she	1	172	200	-2	she	False	O	False	3	1	0
5086	-2	9	63	176	5	she	1	216	208	-2	she	False	O	False	3	1	0
5087	-2	9	28	176	6	she	1	0	284	-2	she	False	O	False	3	1	1
5088	-2	9	117	176	7	she	1	0	136	-2	she	False	O	False	3	1	1
5089	-2	9	87	176	8	she	1	224	196	-2	she	False	O	False	3	1	0
5090	-2	9	13	176	9	she	1	0	276	-2	she	False	O	False	3	1	1
5091	-2	9	85	176	10	she	1	128	132	-2	she	False	O	False	3	1	0
5092	-2	9	127	176	11	she	1	0	152	-2	she	False	O	False	3	1	1
5093	-2	9	173	176	12	she	1	172	0	-2	she	False	O	False	3	1	0
5094	-2	9	203	176	13	she	1	164	168	-2	she	False	O	False	3	1	0
5095	-2	9	148	176	14	she	1	236	0	-2	she	False	O	False	3	1	0
5096	-2	9	69	176	15	she	1	0	176	-2	she	False	O	False	3	1	1
5097	-2	9	92	176	16	she	1	360	300	-2	she	False	O	False	3	1	0
5098	-2	9	156	176	17	she	1	176	0	-2	she	False	O	False	3	1	0
5099	-2	9	199	176	18	she	1	0	376	-2	she	False	O	False	3	1	1
5100	-2	9	84	176	19	she	1	176	156	-2	she	False	O	False	3	1	0
5101	-2	9	126	176	20	she	1	0	172	-2	she	False	O	False	3	1	1
5102	-2	9	22	176	21	she	1	152	352	-2	she	False	O	False	3	1	0
5103	-2	9	7	176	22	she	1	196	608	-2	she	False	O	False	3	1	0
5104	-2	9	35	176	23	she	1	1276	192	-2	she	False	O	False	3	1	0
5105	-2	9	11	176	24	she	1	0	176	-2	she	False	O	False	3	1	1
5106	-2	9	137	176	25	she	1	172	224	-2	she	False	O	False	3	1	0
5107	-2	9	46	176	27	she	1	0	504	-2	she	False	O	False	3	1	1
5108	-2	9	74	176	28	she	1	408	152	-2	she	False	O	False	3	1	0
5109	-2	9	68	176	29	she	1	0	372	-2	she	False	O	False	3	1	1
5110	-2	9	48	176	30	she	1	0	0	-2	she	False	O	False	3	1	1
5111	-2	9	115	176	31	she	1	184	176	-2	she	False	O	False	3	1	0
5112	-2	9	108	176	32	she	1	172	508	-2	she	False	O	False	3	1	0
5113	-2	9	141	176	33	she	1	80	116	-2	she	False	O	False	3	1	0
5114	-2	9	45	176	34	she	1	0	192	-2	she	False	O	False	3	1	1
5115	-2	9	96	176	35	she	1	168	128	-2	she	False	O	False	3	1	0
5116	-2	9	6	176	36	she	1	0	196	-2	she	False	O	False	3	1	1
5117	-2	9	182	176	37	she	1	172	324	-2	she	False	O	False	3	1	0
5118	-2	9	203	176	38	she	1	0	272	-2	she	False	O	False	3	1	1
5119	-2	9	200	176	39	she	1	0	216	-2	she	False	O	False	3	1	1
5120	-2	9	31	176	40	she	1	272	184	-2	she	False	O	False	3	1	0
5121	-2	9	102	176	41	she	1	304	0	-2	she	False	O	False	3	1	0
5122	-2	9	153	176	42	she	1	180	0	-2	she	False	O	False	3	1	0
5123	-2	9	75	176	43	she	1	88	156	-2	she	False	O	False	3	1	0
5124	-8	11	7	176	1	it	1	0	188	-8	it	False	O	False	2	2	1
5125	-8	11	151	176	2	it	1	0	588	-8	it	False	O	False	2	2	1
5126	-8	11	51	176	3	it	1	212	204	-8	it	False	O	False	2	2	0
5127	-8	11	15	176	4	it	1	0	268	-8	it	False	O	False	2	2	1
5128	-8	11	63	176	5	it	1	0	204	-8	it	False	O	False	2	2	1
5129	-8	11	28	176	6	it	1	200	216	-8	it	False	O	False	2	2	0
5130	-8	11	117	176	7	it	1	0	112	-8	it	False	O	False	2	2	1
5131	-8	11	87	176	8	it	1	184	476	-8	it	False	O	False	2	2	0
5132	-8	11	13	176	9	it	1	0	284	-8	it	False	O	False	2	2	1
5133	-8	11	85	176	10	it	1	0	212	-8	it	False	O	False	2	2	1
5134	-8	11	127	176	11	it	1	0	576	-8	it	False	O	False	2	2	1
5135	-8	11	173	176	12	it	1	148	192	-8	it	False	O	False	2	2	0
5136	-8	11	203	176	13	it	1	0	1036	-8	it	False	O	False	2	2	1
5137	-8	11	148	176	14	it	1	324	124	-8	it	False	O	False	2	2	0
5138	-8	11	69	176	15	it	1	0	280	-8	it	False	O	False	2	2	1
5139	-8	11	92	176	16	it	1	140	276	-8	it	False	O	False	2	2	0
5140	-8	11	156	176	17	it	1	188	148	-8	it	False	O	False	2	2	0
5141	-8	11	199	176	18	it	1	0	420	-8	it	False	O	False	2	2	1
5142	-8	11	84	176	19	it	1	0	240	-8	it	False	O	False	2	2	1
5143	-8	11	126	176	20	it	1	0	232	-8	it	False	O	False	2	2	1
5144	-8	11	22	176	21	it	1	0	0	-8	it	False	O	False	2	2	1
5145	-8	11	7	176	22	it	1	0	204	-8	it	False	O	False	2	2	1
5146	-8	11	35	176	23	it	1	0	432	-8	it	False	O	False	2	2	1
5147	-8	11	11	176	24	it	1	0	208	-8	it	False	O	False	2	2	1
5148	-8	11	137	176	25	it	1	0	212	-8	it	False	O	False	2	2	1
5149	-8	11	46	176	27	it	1	0	240	-8	it	False	O	False	2	2	1
5150	-8	11	74	176	28	it	1	172	232	-8	it	False	O	False	2	2	0
5151	-8	11	68	176	29	it	1	0	0	-8	it	False	O	False	2	2	1
5152	-8	11	48	176	30	it	1	0	0	-8	it	False	O	False	2	2	1
5153	-8	11	115	176	31	it	1	0	284	-8	it	False	O	False	2	2	1
5154	-8	11	108	176	32	it	1	236	384	-8	it	False	O	False	2	2	0
5155	-8	11	141	176	33	it	1	0	388	-8	it	False	O	False	2	2	1
5156	-8	11	45	176	34	it	1	320	180	-8	it	False	O	False	2	2	0
5157	-8	11	96	176	35	it	1	168	192	-8	it	False	O	False	2	2	0
5158	-8	11	6	176	36	it	1	0	236	-8	it	False	O	False	2	2	1
5159	-8	11	182	176	37	it	1	148	256	-8	it	False	O	False	2	2	0
5160	-8	11	203	176	38	it	1	0	216	-8	it	False	O	False	2	2	1
5161	-8	11	200	176	39	it	1	0	80	-8	it	False	O	False	2	2	1
5162	-8	11	31	176	40	it	1	0	176	-8	it	False	O	False	2	2	1
5163	-8	11	102	176	41	it	1	132	172	-8	it	False	O	False	2	2	0
5164	-8	11	153	176	42	it	1	160	200	-8	it	False	O	False	2	2	0
5165	-8	11	75	176	43	it	1	0	400	-8	it	False	O	False	2	2	1
5166	-3	3	43	183	1	her	1	300	148	-3	her	False	O	False	3	0	0
5167	-3	3	125	183	2	her	1	108	0	-3	her	False	O	False	3	0	0
5168	-3	3	194	183	3	her	1	136	300	-3	her	False	O	False	3	0	0
5169	-3	3	89	183	4	her	1	160	188	-3	her	False	O	False	3	0	0
5170	-3	3	205	183	5	her	1	0	0	-3	her	False	O	False	3	0	1
5171	-3	3	106	183	6	her	1	0	120	-3	her	False	O	False	3	0	1
5172	-3	3	204	183	7	her	1	0	164	-3	her	False	O	False	3	0	1
5173	-3	3	83	183	8	her	1	164	140	-3	her	False	O	False	3	0	0
5174	-3	3	184	183	10	her	1	0	0	-3	her	False	O	False	3	0	1
5175	-3	3	56	183	11	her	1	156	156	-3	her	False	O	False	3	0	0
5176	-3	3	115	183	12	her	1	0	0	-3	her	False	O	False	3	0	1
5177	-3	3	62	183	13	her	1	152	0	-3	her	False	O	False	3	0	0
5178	-3	3	57	183	14	her	1	132	280	-3	her	False	O	False	3	0	0
5179	-3	3	26	183	15	her	1	0	0	-3	her	False	O	False	3	0	1
5180	-3	3	138	183	16	her	1	352	172	-3	her	False	O	False	3	0	0
5181	-3	3	95	183	17	her	1	208	0	-3	her	False	O	False	3	0	0
5182	-3	3	47	183	18	her	1	200	136	-3	her	False	O	False	3	0	0
5183	-3	3	87	183	19	her	1	196	104	-3	her	False	O	False	3	0	0
5184	-3	3	167	183	20	her	1	0	140	-3	her	False	O	False	3	0	1
5185	-3	3	108	183	21	her	1	72	0	-3	her	False	O	False	3	0	0
5186	-3	3	172	183	22	her	1	568	148	-3	her	False	O	False	3	0	0
5187	-3	3	71	183	23	her	1	160	340	-3	her	False	O	False	3	0	0
5188	-3	3	154	183	24	her	1	236	152	-3	her	False	O	False	3	0	0
5189	-3	3	152	183	25	her	1	152	252	-3	her	False	O	False	3	0	0
5190	-3	3	63	183	27	her	1	248	0	-3	her	False	O	False	3	0	0
5191	-3	3	109	183	28	her	1	364	292	-3	her	False	O	False	3	0	0
5192	-3	3	168	183	29	her	1	144	0	-3	her	False	O	False	3	0	0
5193	-3	3	202	183	30	her	1	312	156	-3	her	False	O	False	3	0	0
5194	-3	3	159	183	31	her	1	184	0	-3	her	False	O	False	3	0	0
5195	-3	3	204	183	32	her	1	180	180	-3	her	False	O	False	3	0	0
5196	-3	3	78	183	33	her	1	168	0	-3	her	False	O	False	3	0	0
5197	-3	3	173	183	34	her	1	176	208	-3	her	False	O	False	3	0	0
5198	-3	3	145	183	35	her	1	0	192	-3	her	False	O	False	3	0	1
5199	-3	3	123	183	36	her	1	0	180	-3	her	False	O	False	3	0	1
5200	-3	3	42	183	37	her	1	132	148	-3	her	False	O	False	3	0	0
5201	-3	3	111	183	38	her	1	176	244	-3	her	False	O	False	3	0	0
5202	-3	3	57	183	39	her	1	0	0	-3	her	False	O	False	3	0	1
5203	-3	3	61	183	40	her	1	152	136	-3	her	False	O	False	3	0	0
5204	-3	3	92	183	41	her	1	0	0	-3	her	False	O	False	3	0	1
5205	-3	3	85	183	42	her	1	236	268	-3	her	False	O	False	3	0	0
5206	-3	3	179	183	43	her	1	144	168	-3	her	False	O	False	3	0	0
5207	-7	12	36	185	1	his	1	420	616	-7	his	False	P	False	3	0	0
5208	-7	12	4	185	2	his	1	168	0	-7	his	False	P	False	3	0	0
5209	-7	12	29	185	3	his	1	0	0	-7	his	False	P	False	3	0	1
5210	-7	12	10	185	4	his	1	204	228	-7	his	False	P	False	3	0	0
5211	-7	12	202	185	5	his	1	256	0	-7	his	False	P	False	3	0	0
5212	-7	12	158	185	6	his	1	708	0	-7	his	False	P	False	3	0	0
5213	-7	12	66	185	7	his	1	220	276	-7	his	False	P	False	3	0	0
5214	-7	12	147	185	8	his	1	476	0	-7	his	False	P	False	3	0	0
5215	-7	12	200	185	10	his	1	220	212	-7	his	False	P	False	3	0	0
5216	-7	12	34	185	11	his	1	256	196	-7	his	False	P	False	3	0	0
5217	-7	12	28	185	12	his	1	0	140	-7	his	False	P	False	3	0	1
5218	-7	12	188	185	13	his	1	184	456	-7	his	False	P	False	3	0	0
5219	-7	12	92	185	14	his	1	232	244	-7	his	False	P	False	3	0	0
5220	-7	12	86	185	15	his	1	760	0	-7	his	False	P	False	3	0	0
5221	-7	12	184	185	16	his	1	400	0	-7	his	False	P	False	3	0	0
5222	-7	12	80	185	17	his	1	0	372	-7	his	False	P	False	3	0	1
5223	-7	12	52	185	18	his	1	224	168	-7	his	False	P	False	3	0	0
5224	-7	12	198	185	19	his	1	208	228	-7	his	False	P	False	3	0	0
5225	-7	12	71	185	20	his	1	0	160	-7	his	False	P	False	3	0	1
5226	-7	12	81	185	21	his	1	0	444	-7	his	False	P	False	3	0	1
5227	-7	12	98	185	22	his	1	0	360	-7	his	False	P	False	3	0	1
5228	-7	12	181	185	23	his	1	144	472	-7	his	False	P	False	3	0	0
5229	-7	12	52	185	24	his	1	0	156	-7	his	False	P	False	3	0	1
5230	-7	12	16	185	25	his	1	168	244	-7	his	False	P	False	3	0	0
5231	-7	12	160	185	27	his	1	224	192	-7	his	False	P	False	3	0	0
5232	-7	12	176	185	28	his	1	0	200	-7	his	False	P	False	3	0	1
5233	-7	12	180	185	29	his	1	216	208	-7	his	False	P	False	3	0	0
5234	-7	12	103	185	30	his	1	496	584	-7	his	False	P	False	3	0	0
5235	-7	12	13	185	31	his	1	204	560	-7	his	False	P	False	3	0	0
5236	-7	12	126	185	32	his	1	208	136	-7	his	False	P	False	3	0	0
5237	-7	12	1	185	33	his	1	188	232	-7	his	False	P	False	3	0	0
5238	-7	12	184	185	34	his	1	0	160	-7	his	False	P	False	3	0	1
5239	-7	12	184	185	35	his	1	0	244	-7	his	False	P	False	3	0	1
5240	-7	12	32	185	36	his	1	180	0	-7	his	False	P	False	3	0	0
5241	-7	12	137	185	37	his	1	208	156	-7	his	False	P	False	3	0	0
5242	-7	12	190	185	38	his	1	0	172	-7	his	False	P	False	3	0	1
5243	-7	12	138	185	39	his	1	172	148	-7	his	False	P	False	3	0	0
5244	-7	12	192	185	40	his	1	0	0	-7	his	False	P	False	3	0	1
5245	-7	12	181	185	41	his	1	192	372	-7	his	False	P	False	3	0	0
5246	-7	12	55	185	42	his	1	0	696	-7	his	False	P	False	3	0	1
5247	-7	12	69	185	43	his	1	552	0	-7	his	False	P	False	3	0	0
5248	-5	9	20	187	1	he	1	0	176	-5	he	False	O	False	2	1	1
5249	-5	9	143	187	2	he	1	0	288	-5	he	False	O	False	2	1	1
5250	-5	9	117	187	3	he	1	0	352	-5	he	False	O	False	2	1	1
5251	-5	9	133	187	4	he	1	132	288	-5	he	False	O	False	2	1	0
5252	-5	9	103	187	5	he	1	0	248	-5	he	False	O	False	2	1	1
5253	-5	9	12	187	6	he	1	0	276	-5	he	False	O	False	2	1	1
5254	-5	9	205	187	7	he	1	148	116	-5	he	False	O	False	2	1	0
5255	-5	9	115	187	8	he	1	176	152	-5	he	False	O	False	2	1	0
5256	-5	9	190	187	10	he	1	0	224	-5	he	False	O	False	2	1	1
5257	-5	9	181	187	11	he	1	0	188	-5	he	False	O	False	2	1	1
5258	-5	9	181	187	12	he	1	0	244	-5	he	False	O	False	2	1	1
5259	-5	9	182	187	13	he	1	196	176	-5	he	False	O	False	2	1	0
5260	-5	9	63	187	14	he	1	176	208	-5	he	False	O	False	2	1	0
5261	-5	9	90	187	15	he	1	0	176	-5	he	False	O	False	2	1	1
5262	-5	9	112	187	16	he	1	252	160	-5	he	False	O	False	2	1	0
5263	-5	9	10	187	17	he	1	0	132	-5	he	False	O	False	2	1	1
5264	-5	9	37	187	18	he	1	0	216	-5	he	False	O	False	2	1	1
5265	-5	9	60	187	19	he	1	0	116	-5	he	False	O	False	2	1	1
5266	-5	9	8	187	20	he	1	0	0	-5	he	False	O	False	2	1	1
5267	-5	9	154	187	21	he	1	0	188	-5	he	False	O	False	2	1	1
5268	-5	9	190	187	22	he	1	0	200	-5	he	False	O	False	2	1	1
5269	-5	9	189	187	23	he	1	216	312	-5	he	False	O	False	2	1	0
5270	-5	9	91	187	24	he	1	0	192	-5	he	False	O	False	2	1	1
5271	-5	9	132	187	25	he	1	0	288	-5	he	False	O	False	2	1	1
5272	-5	9	70	187	27	he	1	0	264	-5	he	False	O	False	2	1	1
5273	-5	9	108	187	28	he	1	0	160	-5	he	False	O	False	2	1	1
5274	-5	9	108	187	29	he	1	0	212	-5	he	False	O	False	2	1	1
5275	-5	9	58	187	30	he	1	0	420	-5	he	False	O	False	2	1	1
5276	-5	9	83	187	31	he	1	0	156	-5	he	False	O	False	2	1	1
5277	-5	9	49	187	32	he	1	240	420	-5	he	False	O	False	2	1	0
5278	-5	9	117	187	33	he	1	0	204	-5	he	False	O	False	2	1	1
5279	-5	9	205	187	34	he	1	0	128	-5	he	False	O	False	2	1	1
5280	-5	9	177	187	35	he	1	0	204	-5	he	False	O	False	2	1	1
5281	-5	9	182	187	36	he	1	0	208	-5	he	False	O	False	2	1	1
5282	-5	9	202	187	37	he	1	148	140	-5	he	False	O	False	2	1	0
5283	-5	9	88	187	38	he	1	0	324	-5	he	False	O	False	2	1	1
5284	-5	9	73	187	39	he	1	0	168	-5	he	False	O	False	2	1	1
5285	-5	9	85	187	40	he	1	0	0	-5	he	False	O	False	2	1	1
5286	-5	9	94	187	41	he	1	180	252	-5	he	False	O	False	2	1	0
5287	-5	9	36	187	42	he	1	152	0	-5	he	False	O	False	2	1	0
5288	-5	9	103	187	43	he	1	0	284	-5	he	False	O	False	2	1	1
5289	-6	12	20	187	1	it	1	0	384	-6	it	False	O	False	2	2	1
5290	-6	12	143	187	2	it	1	0	684	-6	it	False	O	False	2	2	1
5291	-6	12	117	187	3	it	1	0	416	-6	it	False	O	False	2	2	1
5292	-6	12	133	187	4	it	1	0	196	-6	it	False	O	False	2	2	1
5293	-6	12	103	187	5	it	1	0	188	-6	it	False	O	False	2	2	1
5294	-6	12	12	187	6	it	1	0	0	-6	it	False	O	False	2	2	1
5295	-6	12	205	187	7	it	1	0	168	-6	it	False	O	False	2	2	1
5296	-6	12	115	187	8	it	1	0	256	-6	it	False	O	False	2	2	1
5297	-6	12	190	187	10	it	1	192	580	-6	it	False	O	False	2	2	0
5298	-6	12	181	187	11	it	1	0	224	-6	it	False	O	False	2	2	1
5299	-6	12	181	187	12	it	1	0	128	-6	it	False	O	False	2	2	1
5300	-6	12	182	187	13	it	1	0	752	-6	it	False	O	False	2	2	1
5301	-6	12	63	187	14	it	1	0	316	-6	it	False	O	False	2	2	1
5302	-6	12	90	187	15	it	1	952	0	-6	it	False	O	False	2	2	0
5303	-6	12	112	187	16	it	1	172	544	-6	it	False	O	False	2	2	0
5304	-6	12	10	187	17	it	1	0	196	-6	it	False	O	False	2	2	1
5305	-6	12	37	187	18	it	1	0	192	-6	it	False	O	False	2	2	1
5306	-6	12	60	187	19	it	1	0	160	-6	it	False	O	False	2	2	1
5307	-6	12	8	187	20	it	1	152	252	-6	it	False	O	False	2	2	0
5308	-6	12	154	187	21	it	1	0	168	-6	it	False	O	False	2	2	1
5309	-6	12	190	187	22	it	1	0	284	-6	it	False	O	False	2	2	1
5310	-6	12	189	187	23	it	1	344	408	-6	it	False	O	False	2	2	0
5311	-6	12	91	187	24	it	1	0	176	-6	it	False	O	False	2	2	1
5312	-6	12	132	187	25	it	1	252	72	-6	it	False	O	False	2	2	0
5313	-6	12	70	187	27	it	1	0	240	-6	it	False	O	False	2	2	1
5314	-6	12	108	187	28	it	1	184	0	-6	it	False	O	False	2	2	0
5315	-6	12	108	187	29	it	1	0	412	-6	it	False	O	False	2	2	1
5316	-6	12	58	187	30	it	1	0	268	-6	it	False	O	False	2	2	1
5317	-6	12	83	187	31	it	1	0	180	-6	it	False	O	False	2	2	1
5318	-6	12	49	187	32	it	1	0	196	-6	it	False	O	False	2	2	1
5319	-6	12	117	187	33	it	1	0	404	-6	it	False	O	False	2	2	1
5320	-6	12	205	187	34	it	1	0	240	-6	it	False	O	False	2	2	1
5321	-6	12	177	187	35	it	1	0	148	-6	it	False	O	False	2	2	1
5322	-6	12	182	187	36	it	1	0	296	-6	it	False	O	False	2	2	1
5323	-6	12	202	187	37	it	1	0	332	-6	it	False	O	False	2	2	1
5324	-6	12	88	187	38	it	1	0	204	-6	it	False	O	False	2	2	1
5325	-6	12	73	187	39	it	1	528	0	-6	it	False	O	False	2	2	0
5326	-6	12	85	187	40	it	1	0	0	-6	it	False	O	False	2	2	1
5327	-6	12	94	187	41	it	1	0	200	-6	it	False	O	False	2	2	1
5328	-6	12	36	187	42	it	1	264	0	-6	it	False	O	False	2	2	0
5329	-6	12	103	187	43	it	1	0	328	-6	it	False	O	False	2	2	1
5330	-5	6	84	188	1	he	1	276	304	-5	he	False	O	False	2	1	0
5331	-5	6	153	188	2	he	1	140	152	-5	he	False	O	False	2	1	0
5332	-5	6	205	188	3	he	1	172	280	-5	he	False	O	False	2	1	0
5333	-5	6	122	188	4	he	1	0	260	-5	he	False	O	False	2	1	1
5334	-5	6	147	188	5	he	1	320	0	-5	he	False	O	False	2	1	0
5335	-5	6	3	188	6	he	1	0	220	-5	he	False	O	False	2	1	1
5336	-5	6	59	188	7	he	1	0	172	-5	he	False	O	False	2	1	1
5337	-5	6	163	188	8	he	1	348	0	-5	he	False	O	False	2	1	0
5338	-5	6	89	188	10	he	1	0	168	-5	he	False	O	False	2	1	1
5339	-5	6	92	188	11	he	1	0	160	-5	he	False	O	False	2	1	1
5340	-5	6	100	188	12	he	1	172	172	-5	he	False	O	False	2	1	0
5341	-5	6	18	188	13	he	1	0	232	-5	he	False	O	False	2	1	1
5342	-5	6	3	188	14	he	1	172	228	-5	he	False	O	False	2	1	0
5343	-5	6	161	188	15	he	1	208	0	-5	he	False	O	False	2	1	0
5344	-5	6	143	188	16	he	1	0	0	-5	he	False	O	False	2	1	1
5345	-5	6	152	188	17	he	1	264	160	-5	he	False	O	False	2	1	0
5346	-5	6	188	188	18	he	1	0	232	-5	he	False	O	False	2	1	1
5347	-5	6	38	188	19	he	1	0	156	-5	he	False	O	False	2	1	1
5348	-5	6	56	188	20	he	1	0	248	-5	he	False	O	False	2	1	1
5349	-5	6	80	188	21	he	1	0	156	-5	he	False	O	False	2	1	1
5350	-5	6	147	188	22	he	1	216	148	-5	he	False	O	False	2	1	0
5351	-5	6	192	188	23	he	1	0	612	-5	he	False	O	False	2	1	1
5352	-5	6	2	188	24	he	1	0	0	-5	he	False	O	False	2	1	1
5353	-5	6	90	188	25	he	1	0	152	-5	he	False	O	False	2	1	1
5354	-5	6	202	188	27	he	1	232	184	-5	he	False	O	False	2	1	0
5355	-5	6	25	188	28	he	1	0	196	-5	he	False	O	False	2	1	1
5356	-5	6	87	188	29	he	1	172	0	-5	he	False	O	False	2	1	0
5357	-5	6	8	188	30	he	1	0	0	-5	he	False	O	False	2	1	1
5358	-5	6	14	188	31	he	1	112	0	-5	he	False	O	False	2	1	0
5359	-5	6	111	188	32	he	1	184	188	-5	he	False	O	False	2	1	0
5360	-5	6	161	188	33	he	1	172	96	-5	he	False	O	False	2	1	0
5361	-5	6	95	188	34	he	1	0	172	-5	he	False	O	False	2	1	1
5362	-5	6	127	188	35	he	1	0	192	-5	he	False	O	False	2	1	1
5363	-5	6	197	188	36	he	1	212	0	-5	he	False	O	False	2	1	0
5364	-5	6	199	188	37	he	1	268	200	-5	he	False	O	False	2	1	0
5365	-5	6	51	188	38	he	1	0	224	-5	he	False	O	False	2	1	1
5366	-5	6	195	188	39	he	1	0	688	-5	he	False	O	False	2	1	1
5367	-5	6	57	188	40	he	1	140	228	-5	he	False	O	False	2	1	0
5368	-5	6	84	188	41	he	1	0	0	-5	he	False	O	False	2	1	1
5369	-5	6	67	188	42	he	1	164	148	-5	he	False	O	False	2	1	0
5370	-5	6	9	188	43	he	1	168	132	-5	he	False	O	False	2	1	0
5371	-5	8	184	190	1	he	1	180	412	-5	he	False	O	False	2	1	0
5372	-5	8	152	190	2	he	1	0	160	-5	he	False	O	False	2	1	1
5373	-5	8	60	190	3	he	1	164	504	-5	he	False	O	False	2	1	0
5374	-5	8	109	190	4	he	1	144	164	-5	he	False	O	False	2	1	0
5375	-5	8	71	190	5	he	1	0	280	-5	he	False	O	False	2	1	1
5376	-5	8	161	190	6	he	1	0	0	-5	he	False	O	False	2	1	1
5377	-5	8	152	190	7	he	1	0	232	-5	he	False	O	False	2	1	1
5378	-5	8	73	190	8	he	1	0	396	-5	he	False	O	False	2	1	1
5379	-5	8	26	190	10	he	1	184	64	-5	he	False	O	False	2	1	0
5380	-5	8	33	190	11	he	1	196	172	-5	he	False	O	False	2	1	0
5381	-5	8	19	190	12	he	1	148	0	-5	he	False	O	False	2	1	0
5382	-5	8	71	190	13	he	1	0	172	-5	he	False	O	False	2	1	1
5383	-5	8	15	190	14	he	1	144	628	-5	he	False	O	False	2	1	0
5384	-5	8	176	190	15	he	1	0	176	-5	he	False	O	False	2	1	1
5385	-5	8	190	190	16	he	1	212	196	-5	he	False	O	False	2	1	0
5386	-5	8	89	190	17	he	1	128	0	-5	he	False	O	False	2	1	0
5387	-5	8	26	190	18	he	1	212	0	-5	he	False	O	False	2	1	0
5388	-5	8	146	190	19	he	1	116	152	-5	he	False	O	False	2	1	0
5389	-5	8	96	190	20	he	1	0	0	-5	he	False	O	False	2	1	1
5390	-5	8	137	190	21	he	1	156	0	-5	he	False	O	False	2	1	0
5391	-5	8	176	190	22	he	1	0	220	-5	he	False	O	False	2	1	1
5392	-5	8	55	190	23	he	1	424	116	-5	he	False	O	False	2	1	0
5393	-5	8	172	190	24	he	1	0	452	-5	he	False	O	False	2	1	1
5394	-5	8	165	190	25	he	1	0	204	-5	he	False	O	False	2	1	1
5395	-5	8	115	190	27	he	1	220	204	-5	he	False	O	False	2	1	0
5396	-5	8	54	190	28	he	1	0	208	-5	he	False	O	False	2	1	1
5397	-5	8	156	190	29	he	1	176	164	-5	he	False	O	False	2	1	0
5398	-5	8	119	190	30	he	1	504	212	-5	he	False	O	False	2	1	0
5399	-5	8	157	190	31	he	1	0	140	-5	he	False	O	False	2	1	1
5400	-5	8	53	190	32	he	1	0	464	-5	he	False	O	False	2	1	1
5401	-5	8	205	190	33	he	1	0	144	-5	he	False	O	False	2	1	1
5402	-5	8	62	190	34	he	1	116	0	-5	he	False	O	False	2	1	0
5403	-5	8	181	190	35	he	1	0	200	-5	he	False	O	False	2	1	1
5404	-5	8	172	190	36	he	1	0	232	-5	he	False	O	False	2	1	1
5405	-5	8	131	190	37	he	1	0	356	-5	he	False	O	False	2	1	1
5406	-5	8	147	190	38	he	1	196	172	-5	he	False	O	False	2	1	0
5407	-5	8	204	190	39	he	1	0	252	-5	he	False	O	False	2	1	1
5408	-5	8	181	190	40	he	1	0	152	-5	he	False	O	False	2	1	1
5409	-5	8	125	190	41	he	1	0	168	-5	he	False	O	False	2	1	1
5410	-5	8	155	190	42	he	1	204	244	-5	he	False	O	False	2	1	0
5411	-5	8	52	190	43	he	1	0	156	-5	he	False	O	False	2	1	1
5412	-3	8	184	190	1	my	1	180	412	-3	my	False	O	False	2	1	0
5413	-3	8	152	190	2	my	1	0	160	-3	my	False	O	False	2	1	1
5414	-3	8	60	190	3	my	1	164	504	-3	my	False	O	False	2	1	0
5415	-3	8	109	190	4	my	1	144	164	-3	my	False	O	False	2	1	0
5416	-3	8	71	190	5	my	1	0	280	-3	my	False	O	False	2	1	1
5417	-3	8	161	190	6	my	1	0	0	-3	my	False	O	False	2	1	1
5418	-3	8	152	190	7	my	1	0	232	-3	my	False	O	False	2	1	1
5419	-3	8	73	190	8	my	1	0	396	-3	my	False	O	False	2	1	1
5420	-3	8	26	190	10	my	1	184	64	-3	my	False	O	False	2	1	0
5421	-3	8	33	190	11	my	1	196	172	-3	my	False	O	False	2	1	0
5422	-3	8	19	190	12	my	1	148	0	-3	my	False	O	False	2	1	0
5423	-3	8	71	190	13	my	1	0	172	-3	my	False	O	False	2	1	1
5424	-3	8	15	190	14	my	1	144	628	-3	my	False	O	False	2	1	0
5425	-3	8	176	190	15	my	1	0	176	-3	my	False	O	False	2	1	1
5426	-3	8	190	190	16	my	1	212	196	-3	my	False	O	False	2	1	0
5427	-3	8	89	190	17	my	1	128	0	-3	my	False	O	False	2	1	0
5428	-3	8	26	190	18	my	1	212	0	-3	my	False	O	False	2	1	0
5429	-3	8	146	190	19	my	1	116	152	-3	my	False	O	False	2	1	0
5430	-3	8	96	190	20	my	1	0	0	-3	my	False	O	False	2	1	1
5431	-3	8	137	190	21	my	1	156	0	-3	my	False	O	False	2	1	0
5432	-3	8	176	190	22	my	1	0	220	-3	my	False	O	False	2	1	1
5433	-3	8	55	190	23	my	1	424	116	-3	my	False	O	False	2	1	0
5434	-3	8	172	190	24	my	1	0	452	-3	my	False	O	False	2	1	1
5435	-3	8	165	190	25	my	1	0	204	-3	my	False	O	False	2	1	1
5436	-3	8	115	190	27	my	1	220	204	-3	my	False	O	False	2	1	0
5437	-3	8	54	190	28	my	1	0	208	-3	my	False	O	False	2	1	1
5438	-3	8	156	190	29	my	1	176	164	-3	my	False	O	False	2	1	0
5439	-3	8	119	190	30	my	1	504	212	-3	my	False	O	False	2	1	0
5440	-3	8	157	190	31	my	1	0	140	-3	my	False	O	False	2	1	1
5441	-3	8	53	190	32	my	1	0	464	-3	my	False	O	False	2	1	1
5442	-3	8	205	190	33	my	1	0	144	-3	my	False	O	False	2	1	1
5443	-3	8	62	190	34	my	1	116	0	-3	my	False	O	False	2	1	0
5444	-3	8	181	190	35	my	1	0	200	-3	my	False	O	False	2	1	1
5445	-3	8	172	190	36	my	1	0	232	-3	my	False	O	False	2	1	1
5446	-3	8	131	190	37	my	1	0	356	-3	my	False	O	False	2	1	1
5447	-3	8	147	190	38	my	1	196	172	-3	my	False	O	False	2	1	0
5448	-3	8	204	190	39	my	1	0	252	-3	my	False	O	False	2	1	1
5449	-3	8	181	190	40	my	1	0	152	-3	my	False	O	False	2	1	1
5450	-3	8	125	190	41	my	1	0	168	-3	my	False	O	False	2	1	1
5451	-3	8	155	190	42	my	1	204	244	-3	my	False	O	False	2	1	0
5452	-3	8	52	190	43	my	1	0	156	-3	my	False	O	False	2	1	1
5453	-3	8	184	190	1	my	1	180	412	-3	my	False	O	False	2	1	0
5454	-3	8	152	190	2	my	1	0	160	-3	my	False	O	False	2	1	1
5455	-3	8	60	190	3	my	1	164	504	-3	my	False	O	False	2	1	0
5456	-3	8	109	190	4	my	1	144	164	-3	my	False	O	False	2	1	0
5457	-3	8	71	190	5	my	1	0	280	-3	my	False	O	False	2	1	1
5458	-3	8	161	190	6	my	1	0	0	-3	my	False	O	False	2	1	1
5459	-3	8	152	190	7	my	1	0	232	-3	my	False	O	False	2	1	1
5460	-3	8	73	190	8	my	1	0	396	-3	my	False	O	False	2	1	1
5461	-3	8	26	190	10	my	1	184	64	-3	my	False	O	False	2	1	0
5462	-3	8	33	190	11	my	1	196	172	-3	my	False	O	False	2	1	0
5463	-3	8	19	190	12	my	1	148	0	-3	my	False	O	False	2	1	0
5464	-3	8	71	190	13	my	1	0	172	-3	my	False	O	False	2	1	1
5465	-3	8	15	190	14	my	1	144	628	-3	my	False	O	False	2	1	0
5466	-3	8	176	190	15	my	1	0	176	-3	my	False	O	False	2	1	1
5467	-3	8	190	190	16	my	1	212	196	-3	my	False	O	False	2	1	0
5468	-3	8	89	190	17	my	1	128	0	-3	my	False	O	False	2	1	0
5469	-3	8	26	190	18	my	1	212	0	-3	my	False	O	False	2	1	0
5470	-3	8	146	190	19	my	1	116	152	-3	my	False	O	False	2	1	0
5471	-3	8	96	190	20	my	1	0	0	-3	my	False	O	False	2	1	1
5472	-3	8	137	190	21	my	1	156	0	-3	my	False	O	False	2	1	0
5473	-3	8	176	190	22	my	1	0	220	-3	my	False	O	False	2	1	1
5474	-3	8	55	190	23	my	1	424	116	-3	my	False	O	False	2	1	0
5475	-3	8	172	190	24	my	1	0	452	-3	my	False	O	False	2	1	1
5476	-3	8	165	190	25	my	1	0	204	-3	my	False	O	False	2	1	1
5477	-3	8	115	190	27	my	1	220	204	-3	my	False	O	False	2	1	0
5478	-3	8	54	190	28	my	1	0	208	-3	my	False	O	False	2	1	1
5479	-3	8	156	190	29	my	1	176	164	-3	my	False	O	False	2	1	0
5480	-3	8	119	190	30	my	1	504	212	-3	my	False	O	False	2	1	0
5481	-3	8	157	190	31	my	1	0	140	-3	my	False	O	False	2	1	1
5482	-3	8	53	190	32	my	1	0	464	-3	my	False	O	False	2	1	1
5483	-3	8	205	190	33	my	1	0	144	-3	my	False	O	False	2	1	1
5484	-3	8	62	190	34	my	1	116	0	-3	my	False	O	False	2	1	0
5485	-3	8	181	190	35	my	1	0	200	-3	my	False	O	False	2	1	1
5486	-3	8	172	190	36	my	1	0	232	-3	my	False	O	False	2	1	1
5487	-3	8	131	190	37	my	1	0	356	-3	my	False	O	False	2	1	1
5488	-3	8	147	190	38	my	1	196	172	-3	my	False	O	False	2	1	0
5489	-3	8	204	190	39	my	1	0	252	-3	my	False	O	False	2	1	1
5490	-3	8	181	190	40	my	1	0	152	-3	my	False	O	False	2	1	1
5491	-3	8	125	190	41	my	1	0	168	-3	my	False	O	False	2	1	1
5492	-3	8	155	190	42	my	1	204	244	-3	my	False	O	False	2	1	0
5493	-3	8	52	190	43	my	1	0	156	-3	my	False	O	False	2	1	1
5494	-3	10	157	194	1	it	1	0	128	-3	it	False	O	False	2	0	1
5495	-3	10	78	194	2	it	1	0	156	-3	it	False	O	False	2	0	1
5496	-3	10	172	194	3	it	1	324	224	-3	it	False	O	False	2	0	0
5497	-3	10	125	194	4	it	1	0	0	-3	it	False	O	False	2	0	1
5498	-3	10	183	194	5	it	1	0	0	-3	it	False	O	False	2	0	1
5499	-3	10	156	194	6	it	1	0	0	-3	it	False	O	False	2	0	1
5500	-3	10	95	194	7	it	1	40	0	-3	it	False	O	False	2	0	0
5501	-3	10	111	194	8	it	1	0	232	-3	it	False	O	False	2	0	1
5502	-3	10	9	194	9	it	1	0	116	-3	it	False	O	False	2	0	1
5503	-3	10	189	194	10	it	1	0	164	-3	it	False	O	False	2	0	1
5504	-3	10	116	194	11	it	1	0	204	-3	it	False	O	False	2	0	1
5505	-3	10	88	194	12	it	1	0	0	-3	it	False	O	False	2	0	1
5506	-3	10	204	194	13	it	1	0	428	-3	it	False	O	False	2	0	1
5507	-3	10	27	194	14	it	1	0	312	-3	it	False	O	False	2	0	1
5508	-3	10	35	194	15	it	1	0	0	-3	it	False	O	False	2	0	1
5509	-3	10	6	194	16	it	1	196	0	-3	it	False	O	False	2	0	0
5510	-3	10	185	194	18	it	1	0	0	-3	it	False	O	False	2	0	1
5511	-3	10	83	194	19	it	1	204	0	-3	it	False	O	False	2	0	0
5512	-3	10	51	194	20	it	1	292	0	-3	it	False	O	False	2	0	0
5513	-3	10	7	194	21	it	1	0	0	-3	it	False	O	False	2	0	1
5514	-3	10	126	194	22	it	1	0	0	-3	it	False	O	False	2	0	1
5515	-3	10	69	194	23	it	1	100	508	-3	it	False	O	False	2	0	0
5516	-3	10	21	194	24	it	1	0	0	-3	it	False	O	False	2	0	1
5517	-3	10	142	194	25	it	1	0	0	-3	it	False	O	False	2	0	1
5518	-3	10	165	194	27	it	1	176	0	-3	it	False	O	False	2	0	0
5519	-3	10	149	194	28	it	1	168	0	-3	it	False	O	False	2	0	0
5520	-3	10	6	194	29	it	1	496	0	-3	it	False	O	False	2	0	0
5521	-3	10	116	194	30	it	1	0	0	-3	it	False	O	False	2	0	1
5522	-3	10	18	194	31	it	1	132	0	-3	it	False	O	False	2	0	0
5523	-3	10	161	194	32	it	1	0	156	-3	it	False	O	False	2	0	1
5524	-3	10	122	194	33	it	1	0	0	-3	it	False	O	False	2	0	1
5525	-3	10	49	194	34	it	1	0	0	-3	it	False	O	False	2	0	1
5526	-3	10	143	194	35	it	1	0	0	-3	it	False	O	False	2	0	1
5527	-3	10	45	194	36	it	1	0	0	-3	it	False	O	False	2	0	1
5528	-3	10	64	194	37	it	1	124	176	-3	it	False	O	False	2	0	0
5529	-3	10	201	194	38	it	1	144	0	-3	it	False	O	False	2	0	0
5530	-3	10	153	194	39	it	1	0	0	-3	it	False	O	False	2	0	1
5531	-3	10	21	194	40	it	1	200	136	-3	it	False	O	False	2	0	0
5532	-3	10	168	194	41	it	1	268	0	-3	it	False	O	False	2	0	0
5533	-3	10	161	194	42	it	1	208	0	-3	it	False	O	False	2	0	0
5534	-3	10	123	194	43	it	1	0	180	-3	it	False	O	False	2	0	1
5535	-4	5	97	195	1	he	1	0	228	-4	he	False	O	False	2	0	1
5536	-4	5	192	195	2	he	1	140	0	-4	he	False	O	False	2	0	0
5537	-4	5	159	195	3	he	1	0	156	-4	he	False	O	False	2	0	1
5538	-4	5	164	195	4	he	1	160	160	-4	he	False	O	False	2	0	0
5539	-4	5	138	195	5	he	1	0	252	-4	he	False	O	False	2	0	1
5540	-4	5	43	195	6	he	1	156	128	-4	he	False	O	False	2	0	0
5541	-4	5	56	195	7	he	1	88	0	-4	he	False	O	False	2	0	0
5542	-4	5	41	195	8	he	1	196	132	-4	he	False	O	False	2	0	0
5543	-4	5	149	195	10	he	1	116	0	-4	he	False	O	False	2	0	0
5544	-4	5	24	195	11	he	1	0	140	-4	he	False	O	False	2	0	1
5545	-4	5	182	195	12	he	1	0	224	-4	he	False	O	False	2	0	1
5546	-4	5	98	195	13	he	1	192	224	-4	he	False	O	False	2	0	0
5547	-4	5	169	195	14	he	1	172	208	-4	he	False	O	False	2	0	0
5548	-4	5	177	195	15	he	1	0	0	-4	he	False	O	False	2	0	1
5549	-4	5	74	195	16	he	1	0	176	-4	he	False	O	False	2	0	1
5550	-4	5	63	195	17	he	1	0	0	-4	he	False	O	False	2	0	1
5551	-4	5	186	195	18	he	1	0	236	-4	he	False	O	False	2	0	1
5552	-4	5	145	195	19	he	1	0	108	-4	he	False	O	False	2	0	1
5553	-4	5	150	195	20	he	1	0	148	-4	he	False	O	False	2	0	1
5554	-4	5	193	195	21	he	1	0	208	-4	he	False	O	False	2	0	1
5555	-4	5	41	195	22	he	1	0	0	-4	he	False	O	False	2	0	1
5556	-4	5	101	195	23	he	1	0	652	-4	he	False	O	False	2	0	1
5557	-4	5	93	195	24	he	1	168	0	-4	he	False	O	False	2	0	0
5558	-4	5	28	195	25	he	1	144	172	-4	he	False	O	False	2	0	0
5559	-4	5	41	195	27	he	1	0	144	-4	he	False	O	False	2	0	1
5560	-4	5	152	195	28	he	1	392	164	-4	he	False	O	False	2	0	0
5561	-4	5	119	195	29	he	1	204	0	-4	he	False	O	False	2	0	0
5562	-4	5	117	195	30	he	1	0	272	-4	he	False	O	False	2	0	1
5563	-4	5	116	195	31	he	1	168	0	-4	he	False	O	False	2	0	0
5564	-4	5	74	195	32	he	1	164	208	-4	he	False	O	False	2	0	0
5565	-4	5	41	195	33	he	1	148	168	-4	he	False	O	False	2	0	0
5566	-4	5	137	195	34	he	1	184	0	-4	he	False	O	False	2	0	0
5567	-4	5	85	195	35	he	1	196	144	-4	he	False	O	False	2	0	0
5568	-4	5	61	195	36	he	1	176	0	-4	he	False	O	False	2	0	0
5569	-4	5	160	195	37	he	1	0	248	-4	he	False	O	False	2	0	1
5570	-4	5	198	195	38	he	1	0	136	-4	he	False	O	False	2	0	1
5571	-4	5	123	195	39	he	1	144	0	-4	he	False	O	False	2	0	0
5572	-4	5	74	195	40	he	1	0	156	-4	he	False	O	False	2	0	1
5573	-4	5	132	195	41	he	1	168	0	-4	he	False	O	False	2	0	0
5574	-4	5	139	195	42	he	1	196	0	-4	he	False	O	False	2	0	0
5575	-4	5	129	195	43	he	1	0	228	-4	he	False	O	False	2	0	1
5576	-8	9	104	197	1	he	1	0	252	-8	he	False	O	False	2	0	1
5577	-8	9	37	197	2	he	1	108	116	-8	he	False	O	False	2	0	0
5578	-8	9	195	197	3	he	1	168	196	-8	he	False	O	False	2	0	0
5579	-8	9	25	197	4	he	1	0	0	-8	he	False	O	False	2	0	1
5580	-8	9	93	197	5	he	1	96	300	-8	he	False	O	False	2	0	0
5581	-8	9	70	197	6	he	1	0	0	-8	he	False	O	False	2	0	1
5582	-8	9	22	197	7	he	1	0	236	-8	he	False	O	False	2	0	1
5583	-8	9	24	197	8	he	1	176	140	-8	he	False	O	False	2	0	0
5584	-8	9	8	197	10	he	1	168	88	-8	he	False	O	False	2	0	0
5585	-8	9	31	197	11	he	1	168	168	-8	he	False	O	False	2	0	0
5586	-8	9	61	197	12	he	1	272	244	-8	he	False	O	False	2	0	0
5587	-8	9	78	197	13	he	1	216	0	-8	he	False	O	False	2	0	0
5588	-8	9	40	197	14	he	1	0	0	-8	he	False	O	False	2	0	1
5589	-8	9	203	197	15	he	1	0	0	-8	he	False	O	False	2	0	1
5590	-8	9	152	197	16	he	1	0	252	-8	he	False	O	False	2	0	1
5591	-8	9	156	197	18	he	1	0	0	-8	he	False	O	False	2	0	1
5592	-8	9	75	197	19	he	1	0	172	-8	he	False	O	False	2	0	1
5593	-8	9	132	197	20	he	1	0	160	-8	he	False	O	False	2	0	1
5594	-8	9	104	197	21	he	1	0	0	-8	he	False	O	False	2	0	1
5595	-8	9	32	197	22	he	1	0	248	-8	he	False	O	False	2	0	1
5596	-8	9	110	197	23	he	1	0	408	-8	he	False	O	False	2	0	1
5597	-8	9	104	197	24	he	1	0	236	-8	he	False	O	False	2	0	1
5598	-8	9	181	197	25	he	1	228	0	-8	he	False	O	False	2	0	0
5599	-8	9	83	197	27	he	1	0	252	-8	he	False	O	False	2	0	1
5600	-8	9	101	197	28	he	1	144	420	-8	he	False	O	False	2	0	0
5601	-8	9	201	197	29	he	1	160	0	-8	he	False	O	False	2	0	0
5602	-8	9	118	197	30	he	1	0	340	-8	he	False	O	False	2	0	1
5603	-8	9	64	197	31	he	1	0	0	-8	he	False	O	False	2	0	1
5604	-8	9	118	197	32	he	1	0	208	-8	he	False	O	False	2	0	1
5605	-8	9	62	197	33	he	1	0	216	-8	he	False	O	False	2	0	1
5606	-8	9	149	197	34	he	1	0	0	-8	he	False	O	False	2	0	1
5607	-8	9	193	197	35	he	1	0	208	-8	he	False	O	False	2	0	1
5608	-8	9	136	197	36	he	1	0	0	-8	he	False	O	False	2	0	1
5609	-8	9	50	197	37	he	1	124	0	-8	he	False	O	False	2	0	0
5610	-8	9	45	197	38	he	1	0	0	-8	he	False	O	False	2	0	1
5611	-8	9	55	197	39	he	1	0	0	-8	he	False	O	False	2	0	1
5612	-8	9	183	197	40	he	1	0	0	-8	he	False	O	False	2	0	1
5613	-8	9	65	197	41	he	1	0	140	-8	he	False	O	False	2	0	1
5614	-8	9	198	197	42	he	1	0	340	-8	he	False	O	False	2	0	1
5615	-8	9	25	197	43	he	1	204	0	-8	he	False	O	False	2	0	0
5616	-8	12	153	199	1	his	1	0	540	-8	his	False	P	False	3	0	1
5617	-8	12	58	199	2	his	1	80	400	-8	his	False	P	False	3	0	0
5618	-8	12	82	199	3	his	1	204	264	-8	his	False	P	False	3	0	0
5619	-8	12	42	199	4	his	1	0	312	-8	his	False	P	False	3	0	1
5620	-8	12	34	199	5	his	1	164	128	-8	his	False	P	False	3	0	0
5621	-8	12	101	199	6	his	1	0	0	-8	his	False	P	False	3	0	1
5622	-8	12	173	199	7	his	1	140	88	-8	his	False	P	False	3	0	0
5623	-8	12	121	199	8	his	1	164	452	-8	his	False	P	False	3	0	0
5624	-8	12	8	199	9	his	1	160	528	-8	his	False	P	False	3	0	0
5625	-8	12	9	199	10	his	1	0	252	-8	his	False	P	False	3	0	1
5626	-8	12	6	199	11	his	1	264	164	-8	his	False	P	False	3	0	0
5627	-8	12	71	199	12	his	1	0	332	-8	his	False	P	False	3	0	1
5628	-8	12	34	199	13	his	1	0	940	-8	his	False	P	False	3	0	1
5629	-8	12	198	199	14	his	1	0	488	-8	his	False	P	False	3	0	1
5630	-8	12	2	199	15	his	1	0	200	-8	his	False	P	False	3	0	1
5631	-8	12	141	199	16	his	1	204	468	-8	his	False	P	False	3	0	0
5632	-8	12	98	199	17	his	1	0	428	-8	his	False	P	False	3	0	1
5633	-8	12	117	199	18	his	1	204	196	-8	his	False	P	False	3	0	0
5634	-8	12	46	199	19	his	1	164	148	-8	his	False	P	False	3	0	0
5635	-8	12	49	199	20	his	1	252	156	-8	his	False	P	False	3	0	0
5636	-8	12	67	199	21	his	1	0	160	-8	his	False	P	False	3	0	1
5637	-8	12	107	199	22	his	1	448	336	-8	his	False	P	False	3	0	0
5638	-8	12	177	199	23	his	1	496	716	-8	his	False	P	False	3	0	0
5639	-8	12	194	199	24	his	1	164	160	-8	his	False	P	False	3	0	0
5640	-8	12	53	199	25	his	1	228	160	-8	his	False	P	False	3	0	0
5641	-8	12	186	199	27	his	1	0	200	-8	his	False	P	False	3	0	1
5642	-8	12	201	199	28	his	1	180	180	-8	his	False	P	False	3	0	0
5643	-8	12	136	199	29	his	1	0	788	-8	his	False	P	False	3	0	1
5644	-8	12	21	199	30	his	1	92	440	-8	his	False	P	False	3	0	0
5645	-8	12	16	199	31	his	1	152	152	-8	his	False	P	False	3	0	0
5646	-8	12	42	199	32	his	1	84	292	-8	his	False	P	False	3	0	0
5647	-8	12	100	199	33	his	1	232	220	-8	his	False	P	False	3	0	0
5648	-8	12	26	199	34	his	1	0	228	-8	his	False	P	False	3	0	1
5649	-8	12	45	199	35	his	1	0	260	-8	his	False	P	False	3	0	1
5650	-8	12	46	199	36	his	1	148	216	-8	his	False	P	False	3	0	0
5651	-8	12	82	199	37	his	1	148	140	-8	his	False	P	False	3	0	0
5652	-8	12	143	199	38	his	1	220	220	-8	his	False	P	False	3	0	0
5653	-8	12	161	199	39	his	1	0	204	-8	his	False	P	False	3	0	1
5654	-8	12	4	199	40	his	1	136	260	-8	his	False	P	False	3	0	0
5655	-8	12	96	199	41	his	1	228	512	-8	his	False	P	False	3	0	0
5656	-8	12	71	199	42	his	1	148	248	-8	his	False	P	False	3	0	0
5657	-8	12	157	199	43	his	1	128	236	-8	his	False	P	False	3	0	0
5658	-3	6	69	201	1	her	1	220	148	-3	her	False	O	False	3	1	0
5659	-3	6	77	201	2	her	1	160	140	-3	her	False	O	False	3	1	0
5660	-3	6	203	201	3	her	1	300	144	-3	her	False	O	False	3	1	0
5661	-3	6	113	201	4	her	1	0	176	-3	her	False	O	False	3	1	1
5662	-3	6	150	201	5	her	1	216	152	-3	her	False	O	False	3	1	0
5663	-3	6	7	201	6	her	1	0	164	-3	her	False	O	False	3	1	1
5664	-3	6	193	201	7	her	1	0	132	-3	her	False	O	False	3	1	1
5665	-3	6	72	201	8	her	1	156	132	-3	her	False	O	False	3	1	0
5666	-3	6	13	201	10	her	1	244	116	-3	her	False	O	False	3	1	0
5667	-3	6	204	201	11	her	1	140	128	-3	her	False	O	False	3	1	0
5668	-3	6	167	201	12	her	1	128	228	-3	her	False	O	False	3	1	0
5669	-3	6	38	201	13	her	1	184	0	-3	her	False	O	False	3	1	0
5670	-3	6	108	201	14	her	1	0	208	-3	her	False	O	False	3	1	1
5671	-3	6	66	201	15	her	1	148	0	-3	her	False	O	False	3	1	0
5672	-3	6	85	201	16	her	1	368	224	-3	her	False	O	False	3	1	0
5673	-3	6	11	201	17	her	1	0	136	-3	her	False	O	False	3	1	1
5674	-3	6	13	201	18	her	1	0	172	-3	her	False	O	False	3	1	1
5675	-3	6	179	201	19	her	1	192	84	-3	her	False	O	False	3	1	0
5676	-3	6	148	201	20	her	1	0	364	-3	her	False	O	False	3	1	1
5677	-3	6	135	201	21	her	1	0	140	-3	her	False	O	False	3	1	1
5678	-3	6	8	201	22	her	1	288	256	-3	her	False	O	False	3	1	0
5679	-3	6	203	201	23	her	1	164	324	-3	her	False	O	False	3	1	0
5680	-3	6	48	201	24	her	1	0	360	-3	her	False	O	False	3	1	1
5681	-3	6	139	201	25	her	1	168	152	-3	her	False	O	False	3	1	0
5682	-3	6	58	201	27	her	1	0	188	-3	her	False	O	False	3	1	1
5683	-3	6	199	201	28	her	1	0	188	-3	her	False	O	False	3	1	1
5684	-3	6	107	201	29	her	1	0	300	-3	her	False	O	False	3	1	1
5685	-3	6	96	201	30	her	1	264	208	-3	her	False	O	False	3	1	0
5686	-3	6	31	201	31	her	1	0	156	-3	her	False	O	False	3	1	1
5687	-3	6	32	201	32	her	1	208	164	-3	her	False	O	False	3	1	0
5688	-3	6	32	201	33	her	1	280	100	-3	her	False	O	False	3	1	0
5689	-3	6	61	201	34	her	1	0	404	-3	her	False	O	False	3	1	1
5690	-3	6	73	201	35	her	1	168	0	-3	her	False	O	False	3	1	0
5691	-3	6	58	201	36	her	1	0	156	-3	her	False	O	False	3	1	1
5692	-3	6	68	201	37	her	1	96	316	-3	her	False	O	False	3	1	0
5693	-3	6	43	201	38	her	1	0	344	-3	her	False	O	False	3	1	1
5694	-3	6	102	201	39	her	1	148	128	-3	her	False	O	False	3	1	0
5695	-3	6	110	201	40	her	1	0	0	-3	her	False	O	False	3	1	1
5696	-3	6	190	201	41	her	1	0	240	-3	her	False	O	False	3	1	1
5697	-3	6	102	201	42	her	1	0	208	-3	her	False	O	False	3	1	1
5698	-3	6	82	201	43	her	1	0	128	-3	her	False	O	False	3	1	1
5699	-2	8	19	202	1	he	1	196	288	-2	he	False	O	False	2	1	0
5700	-2	8	93	202	2	he	1	164	196	-2	he	False	O	False	2	1	0
5701	-2	8	74	202	3	he	1	0	372	-2	he	False	O	False	2	1	1
5702	-2	8	76	202	4	he	1	0	144	-2	he	False	O	False	2	1	1
5703	-2	8	129	202	5	he	1	0	308	-2	he	False	O	False	2	1	1
5704	-2	8	193	202	6	he	1	0	0	-2	he	False	O	False	2	1	1
5705	-2	8	201	202	7	he	1	144	0	-2	he	False	O	False	2	1	0
5706	-2	8	201	202	8	he	1	0	180	-2	he	False	O	False	2	1	1
5707	-2	8	51	202	10	he	1	0	156	-2	he	False	O	False	2	1	1
5708	-2	8	69	202	11	he	1	0	136	-2	he	False	O	False	2	1	1
5709	-2	8	172	202	12	he	1	168	0	-2	he	False	O	False	2	1	0
5710	-2	8	191	202	13	he	1	0	236	-2	he	False	O	False	2	1	1
5711	-2	8	16	202	14	he	1	160	300	-2	he	False	O	False	2	1	0
5712	-2	8	76	202	15	he	1	0	120	-2	he	False	O	False	2	1	1
5713	-2	8	130	202	16	he	1	0	144	-2	he	False	O	False	2	1	1
5714	-2	8	146	202	17	he	1	0	152	-2	he	False	O	False	2	1	1
5715	-2	8	9	202	18	he	1	212	0	-2	he	False	O	False	2	1	0
5716	-2	8	49	202	19	he	1	164	116	-2	he	False	O	False	2	1	0
5717	-2	8	77	202	20	he	1	0	236	-2	he	False	O	False	2	1	1
5718	-2	8	99	202	21	he	1	148	0	-2	he	False	O	False	2	1	0
5719	-2	8	138	202	22	he	1	188	248	-2	he	False	O	False	2	1	0
5720	-2	8	151	202	23	he	1	80	212	-2	he	False	O	False	2	1	0
5721	-2	8	122	202	24	he	1	0	152	-2	he	False	O	False	2	1	1
5722	-2	8	5	202	25	he	1	0	252	-2	he	False	O	False	2	1	1
5723	-2	8	61	202	27	he	1	300	0	-2	he	False	O	False	2	1	0
5724	-2	8	39	202	28	he	1	184	492	-2	he	False	O	False	2	1	0
5725	-2	8	77	202	29	he	1	0	220	-2	he	False	O	False	2	1	1
5726	-2	8	11	202	30	he	1	196	124	-2	he	False	O	False	2	1	0
5727	-2	8	55	202	31	he	1	0	172	-2	he	False	O	False	2	1	1
5728	-2	8	188	202	32	he	1	188	168	-2	he	False	O	False	2	1	0
5729	-2	8	55	202	33	he	1	148	180	-2	he	False	O	False	2	1	0
5730	-2	8	147	202	34	he	1	0	156	-2	he	False	O	False	2	1	1
5731	-2	8	89	202	35	he	1	0	256	-2	he	False	O	False	2	1	1
5732	-2	8	48	202	36	he	1	0	212	-2	he	False	O	False	2	1	1
5733	-2	8	140	202	37	he	1	288	192	-2	he	False	O	False	2	1	0
5734	-2	8	76	202	38	he	1	196	176	-2	he	False	O	False	2	1	0
5735	-2	8	7	202	39	he	1	0	204	-2	he	False	O	False	2	1	1
5736	-2	8	101	202	40	he	1	136	148	-2	he	False	O	False	2	1	0
5737	-2	8	82	202	41	he	1	0	240	-2	he	False	O	False	2	1	1
5738	-2	8	185	202	42	he	1	0	152	-2	he	False	O	False	2	1	1
5739	-2	8	100	202	43	he	1	196	0	-2	he	False	O	False	2	1	0
5740	-3	4	70	209	1	his	1	296	0	-3	his	False	P	False	3	1	0
5741	-3	4	56	209	2	his	1	132	136	-3	his	False	P	False	3	1	0
5742	-3	4	183	209	3	his	1	156	160	-3	his	False	P	False	3	1	0
5743	-3	4	160	209	4	his	1	160	160	-3	his	False	P	False	3	1	0
5744	-3	4	78	209	5	his	1	0	176	-3	his	False	P	False	3	1	1
5745	-3	4	94	209	6	his	1	0	100	-3	his	False	P	False	3	1	1
5746	-3	4	172	209	7	his	1	184	140	-3	his	False	P	False	3	1	0
5747	-3	4	136	209	8	his	1	140	0	-3	his	False	P	False	3	1	0
5748	-3	4	43	209	10	his	1	132	100	-3	his	False	P	False	3	1	0
5749	-3	4	147	209	11	his	1	224	132	-3	his	False	P	False	3	1	0
5750	-3	4	204	209	12	his	1	0	128	-3	his	False	P	False	3	1	1
5751	-3	4	171	209	13	his	1	264	0	-3	his	False	P	False	3	1	0
5752	-3	4	19	209	14	his	1	0	332	-3	his	False	P	False	3	1	1
5753	-3	4	77	209	15	his	1	0	272	-3	his	False	P	False	3	1	1
5754	-3	4	21	209	16	his	1	316	0	-3	his	False	P	False	3	1	0
5755	-3	4	1	209	17	his	1	164	180	-3	his	False	P	False	3	1	0
5756	-3	4	34	209	18	his	1	0	236	-3	his	False	P	False	3	1	1
5757	-3	4	47	209	19	his	1	172	504	-3	his	False	P	False	3	1	0
5758	-3	4	143	209	20	his	1	0	144	-3	his	False	P	False	3	1	1
5759	-3	4	45	209	21	his	1	84	152	-3	his	False	P	False	3	1	0
5760	-3	4	96	209	22	his	1	428	0	-3	his	False	P	False	3	1	0
5761	-3	4	113	209	23	his	1	172	356	-3	his	False	P	False	3	1	0
5762	-3	4	55	209	24	his	1	0	168	-3	his	False	P	False	3	1	1
5763	-3	4	122	209	25	his	1	148	192	-3	his	False	P	False	3	1	0
5764	-3	4	170	209	27	his	1	372	0	-3	his	False	P	False	3	1	0
5765	-3	4	156	209	28	his	1	300	0	-3	his	False	P	False	3	1	0
5766	-3	4	202	209	29	his	1	176	140	-3	his	False	P	False	3	1	0
5767	-3	4	194	209	30	his	1	156	0	-3	his	False	P	False	3	1	0
5768	-3	4	107	209	31	his	1	144	0	-3	his	False	P	False	3	1	0
5769	-3	4	94	209	32	his	1	152	168	-3	his	False	P	False	3	1	0
5770	-3	4	104	209	33	his	1	184	200	-3	his	False	P	False	3	1	0
5771	-3	4	151	209	34	his	1	0	200	-3	his	False	P	False	3	1	1
5772	-3	4	64	209	35	his	1	0	236	-3	his	False	P	False	3	1	1
5773	-3	4	33	209	36	his	1	0	132	-3	his	False	P	False	3	1	1
5774	-3	4	45	209	37	his	1	128	192	-3	his	False	P	False	3	1	0
5775	-3	4	110	209	38	his	1	0	216	-3	his	False	P	False	3	1	1
5776	-3	4	128	209	39	his	1	0	224	-3	his	False	P	False	3	1	1
5777	-3	4	34	209	40	his	1	188	116	-3	his	False	P	False	3	1	0
5778	-3	4	202	209	41	his	1	0	124	-3	his	False	P	False	3	1	1
5779	-3	4	177	209	42	his	1	0	144	-3	his	False	P	False	3	1	1
5780	-3	4	13	209	43	his	1	144	100	-3	his	False	P	False	3	1	0
5781	-3	3	99	210	1	his	1	120	252	-3	his	False	P	False	3	1	0
5782	-3	3	86	210	2	his	1	220	52	-3	his	False	P	False	3	1	0
5783	-3	3	138	210	3	his	1	140	160	-3	his	False	P	False	3	1	0
5784	-3	3	46	210	4	his	1	124	156	-3	his	False	P	False	3	1	0
5785	-3	3	18	210	5	his	1	0	276	-3	his	False	P	False	3	1	1
5786	-3	3	31	210	6	his	1	0	140	-3	his	False	P	False	3	1	1
5787	-3	3	149	210	7	his	1	216	156	-3	his	False	P	False	3	1	0
5788	-3	3	69	210	8	his	1	276	212	-3	his	False	P	False	3	1	0
5789	-3	3	59	210	10	his	1	124	176	-3	his	False	P	False	3	1	0
5790	-3	3	144	210	11	his	1	144	172	-3	his	False	P	False	3	1	0
5791	-3	3	95	210	12	his	1	224	88	-3	his	False	P	False	3	1	0
5792	-3	3	59	210	13	his	1	208	132	-3	his	False	P	False	3	1	0
5793	-3	3	88	210	14	his	1	152	316	-3	his	False	P	False	3	1	0
5794	-3	3	108	210	15	his	1	0	0	-3	his	False	P	False	3	1	1
5795	-3	3	133	210	16	his	1	428	132	-3	his	False	P	False	3	1	0
5796	-3	3	163	210	17	his	1	316	0	-3	his	False	P	False	3	1	0
5797	-3	3	116	210	18	his	1	0	288	-3	his	False	P	False	3	1	1
5798	-3	3	123	210	19	his	1	184	208	-3	his	False	P	False	3	1	0
5799	-3	3	174	210	20	his	1	220	188	-3	his	False	P	False	3	1	0
5800	-3	3	180	210	21	his	1	0	0	-3	his	False	P	False	3	1	1
5801	-3	3	192	210	22	his	1	168	196	-3	his	False	P	False	3	1	0
5802	-3	3	37	210	23	his	1	240	268	-3	his	False	P	False	3	1	0
5803	-3	3	41	210	24	his	1	248	124	-3	his	False	P	False	3	1	0
5804	-3	3	61	210	25	his	1	328	0	-3	his	False	P	False	3	1	0
5805	-3	3	176	210	27	his	1	300	260	-3	his	False	P	False	3	1	0
5806	-3	3	111	210	28	his	1	248	204	-3	his	False	P	False	3	1	0
5807	-3	3	37	210	29	his	1	0	0	-3	his	False	P	False	3	1	1
5808	-3	3	182	210	30	his	1	332	156	-3	his	False	P	False	3	1	0
5809	-3	3	49	210	31	his	1	204	0	-3	his	False	P	False	3	1	0
5810	-3	3	173	210	32	his	1	164	180	-3	his	False	P	False	3	1	0
5811	-3	3	125	210	33	his	1	172	152	-3	his	False	P	False	3	1	0
5812	-3	3	54	210	34	his	1	212	260	-3	his	False	P	False	3	1	0
5813	-3	3	130	210	35	his	1	0	180	-3	his	False	P	False	3	1	1
5814	-3	3	161	210	36	his	1	0	208	-3	his	False	P	False	3	1	1
5815	-3	3	76	210	37	his	1	184	172	-3	his	False	P	False	3	1	0
5816	-3	3	120	210	38	his	1	0	172	-3	his	False	P	False	3	1	1
5817	-3	3	50	210	39	his	1	164	384	-3	his	False	P	False	3	1	0
5818	-3	3	10	210	40	his	1	0	0	-3	his	False	P	False	3	1	1
5819	-3	3	205	210	41	his	1	0	0	-3	his	False	P	False	3	1	1
5820	-3	3	115	210	42	his	1	320	360	-3	his	False	P	False	3	1	0
5821	-3	3	168	210	43	his	1	132	0	-3	his	False	P	False	3	1	0
5822	-7	11	99	210	1	his	1	156	352	-7	his	False	P	False	3	2	0
5823	-7	11	86	210	2	his	1	156	112	-7	his	False	P	False	3	2	0
5824	-7	11	138	210	3	his	1	0	352	-7	his	False	P	False	3	2	1
5825	-7	11	46	210	4	his	1	0	348	-7	his	False	P	False	3	2	1
5826	-7	11	18	210	5	his	1	0	0	-7	his	False	P	False	3	2	1
5827	-7	11	31	210	6	his	1	0	0	-7	his	False	P	False	3	2	1
5828	-7	11	149	210	7	his	1	0	152	-7	his	False	P	False	3	2	1
5829	-7	11	69	210	8	his	1	236	116	-7	his	False	P	False	3	2	0
5830	-7	11	59	210	10	his	1	148	128	-7	his	False	P	False	3	2	0
5831	-7	11	144	210	11	his	1	0	280	-7	his	False	P	False	3	2	1
5832	-7	11	95	210	12	his	1	292	140	-7	his	False	P	False	3	2	0
5833	-7	11	59	210	13	his	1	0	220	-7	his	False	P	False	3	2	1
5834	-7	11	88	210	14	his	1	0	296	-7	his	False	P	False	3	2	1
5835	-7	11	108	210	15	his	1	0	0	-7	his	False	P	False	3	2	1
5836	-7	11	133	210	16	his	1	204	320	-7	his	False	P	False	3	2	0
5837	-7	11	163	210	17	his	1	0	280	-7	his	False	P	False	3	2	1
5838	-7	11	116	210	18	his	1	0	236	-7	his	False	P	False	3	2	1
5839	-7	11	123	210	19	his	1	176	264	-7	his	False	P	False	3	2	0
5840	-7	11	174	210	20	his	1	188	0	-7	his	False	P	False	3	2	0
5841	-7	11	180	210	21	his	1	260	0	-7	his	False	P	False	3	2	0
5842	-7	11	192	210	22	his	1	0	160	-7	his	False	P	False	3	2	1
5843	-7	11	37	210	23	his	1	316	360	-7	his	False	P	False	3	2	0
5844	-7	11	41	210	24	his	1	0	200	-7	his	False	P	False	3	2	1
5845	-7	11	61	210	25	his	1	0	444	-7	his	False	P	False	3	2	1
5846	-7	11	176	210	27	his	1	0	208	-7	his	False	P	False	3	2	1
5847	-7	11	111	210	28	his	1	384	236	-7	his	False	P	False	3	2	0
5848	-7	11	37	210	29	his	1	0	196	-7	his	False	P	False	3	2	1
5849	-7	11	182	210	30	his	1	248	176	-7	his	False	P	False	3	2	0
5850	-7	11	49	210	31	his	1	172	0	-7	his	False	P	False	3	2	0
5851	-7	11	173	210	32	his	1	0	180	-7	his	False	P	False	3	2	1
5852	-7	11	125	210	33	his	1	252	180	-7	his	False	P	False	3	2	0
5853	-7	11	54	210	34	his	1	176	0	-7	his	False	P	False	3	2	0
5854	-7	11	130	210	35	his	1	152	0	-7	his	False	P	False	3	2	0
5855	-7	11	161	210	36	his	1	100	0	-7	his	False	P	False	3	2	0
5856	-7	11	76	210	37	his	1	148	264	-7	his	False	P	False	3	2	0
5857	-7	11	120	210	38	his	1	0	308	-7	his	False	P	False	3	2	1
5858	-7	11	50	210	39	his	1	0	0	-7	his	False	P	False	3	2	1
5859	-7	11	10	210	40	his	1	0	132	-7	his	False	P	False	3	2	1
5860	-7	11	205	210	41	his	1	0	284	-7	his	False	P	False	3	2	1
5861	-7	11	115	210	42	his	1	184	220	-7	his	False	P	False	3	2	0
5862	-7	11	168	210	43	his	1	132	0	-7	his	False	P	False	3	2	0
5863	-3	3	16	221	1	his	1	0	296	-3	his	False	P	False	3	0	1
5864	-3	3	164	221	2	his	1	0	176	-3	his	False	P	False	3	0	1
5865	-3	3	152	221	3	his	1	328	0	-3	his	False	P	False	3	0	0
5866	-3	3	93	221	4	his	1	180	0	-3	his	False	P	False	3	0	0
5867	-3	3	47	221	5	his	1	248	0	-3	his	False	P	False	3	0	0
5868	-3	3	176	221	6	his	1	124	116	-3	his	False	P	False	3	0	0
5869	-3	3	113	221	7	his	1	0	160	-3	his	False	P	False	3	0	1
5870	-3	3	37	221	8	his	1	168	0	-3	his	False	P	False	3	0	0
5871	-3	3	65	221	10	his	1	176	80	-3	his	False	P	False	3	0	0
5872	-3	3	113	221	11	his	1	0	136	-3	his	False	P	False	3	0	1
5873	-3	3	197	221	12	his	1	0	132	-3	his	False	P	False	3	0	1
5874	-3	3	76	221	13	his	1	100	0	-3	his	False	P	False	3	0	0
5875	-3	3	146	221	14	his	1	496	104	-3	his	False	P	False	3	0	0
5876	-3	3	18	221	15	his	1	0	240	-3	his	False	P	False	3	0	1
5877	-3	3	30	221	16	his	1	216	164	-3	his	False	P	False	3	0	0
5878	-3	3	25	221	17	his	1	0	188	-3	his	False	P	False	3	0	1
5879	-3	3	65	221	18	his	1	0	104	-3	his	False	P	False	3	0	1
5880	-3	3	33	221	19	his	1	0	212	-3	his	False	P	False	3	0	1
5881	-3	3	79	221	20	his	1	0	172	-3	his	False	P	False	3	0	1
5882	-3	3	85	221	21	his	1	132	136	-3	his	False	P	False	3	0	0
5883	-3	3	18	221	22	his	1	116	208	-3	his	False	P	False	3	0	0
5884	-3	3	49	221	23	his	1	220	320	-3	his	False	P	False	3	0	0
5885	-3	3	169	221	24	his	1	172	168	-3	his	False	P	False	3	0	0
5886	-3	3	177	221	25	his	1	132	204	-3	his	False	P	False	3	0	0
5887	-3	3	50	221	27	his	1	0	356	-3	his	False	P	False	3	0	1
5888	-3	3	175	221	28	his	1	260	152	-3	his	False	P	False	3	0	0
5889	-3	3	72	221	29	his	1	0	192	-3	his	False	P	False	3	0	1
5890	-3	3	36	221	30	his	1	228	60	-3	his	False	P	False	3	0	0
5891	-3	3	101	221	31	his	1	0	224	-3	his	False	P	False	3	0	1
5892	-3	3	117	221	32	his	1	328	0	-3	his	False	P	False	3	0	0
5893	-3	3	49	221	33	his	1	340	152	-3	his	False	P	False	3	0	0
5894	-3	3	175	221	34	his	1	0	3352	-3	his	False	P	False	3	0	1
5895	-3	3	46	221	35	his	1	180	188	-3	his	False	P	False	3	0	0
5896	-3	3	162	221	36	his	1	0	144	-3	his	False	P	False	3	0	1
5897	-3	3	105	221	37	his	1	128	144	-3	his	False	P	False	3	0	0
5898	-3	3	138	221	38	his	1	0	248	-3	his	False	P	False	3	0	1
5899	-3	3	170	221	39	his	1	228	0	-3	his	False	P	False	3	0	0
5900	-3	3	127	221	40	his	1	0	0	-3	his	False	P	False	3	0	1
5901	-3	3	151	221	41	his	1	0	140	-3	his	False	P	False	3	0	1
5902	-3	3	122	221	42	his	1	0	132	-3	his	False	P	False	3	0	1
5903	-3	3	45	221	43	his	1	88	128	-3	his	False	P	False	3	0	0
5904	-8	13	170	227	1	his	1	456	508	-8	his	False	P	False	3	1	0
5905	-8	13	88	227	2	his	1	236	136	-8	his	False	P	False	3	1	0
5906	-8	13	56	227	3	his	1	364	256	-8	his	False	P	False	3	1	0
5907	-8	13	169	227	4	his	1	0	280	-8	his	False	P	False	3	1	1
5908	-8	13	6	227	5	his	1	0	228	-8	his	False	P	False	3	1	1
5909	-8	13	180	227	6	his	1	204	0	-8	his	False	P	False	3	1	0
5910	-8	13	36	227	7	his	1	148	0	-8	his	False	P	False	3	1	0
5911	-8	13	172	227	8	his	1	184	0	-8	his	False	P	False	3	1	0
5912	-8	13	152	227	10	his	1	324	232	-8	his	False	P	False	3	1	0
5913	-8	13	164	227	11	his	1	304	720	-8	his	False	P	False	3	1	0
5914	-8	13	102	227	12	his	1	268	176	-8	his	False	P	False	3	1	0
5915	-8	13	82	227	13	his	1	256	776	-8	his	False	P	False	3	1	0
5916	-8	13	182	227	14	his	1	0	0	-8	his	False	P	False	3	1	1
5917	-8	13	54	227	15	his	1	236	0	-8	his	False	P	False	3	1	0
5918	-8	13	29	227	16	his	1	220	336	-8	his	False	P	False	3	1	0
5919	-8	13	64	227	17	his	1	0	264	-8	his	False	P	False	3	1	1
5920	-8	13	27	227	18	his	1	320	0	-8	his	False	P	False	3	1	0
5921	-8	13	29	227	19	his	1	0	536	-8	his	False	P	False	3	1	1
5922	-8	13	188	227	20	his	1	284	136	-8	his	False	P	False	3	1	0
5923	-8	13	130	227	21	his	1	0	164	-8	his	False	P	False	3	1	1
5924	-8	13	93	227	22	his	1	288	0	-8	his	False	P	False	3	1	0
5925	-8	13	18	227	23	his	1	0	276	-8	his	False	P	False	3	1	1
5926	-8	13	171	227	24	his	1	0	248	-8	his	False	P	False	3	1	1
5927	-8	13	141	227	25	his	1	0	424	-8	his	False	P	False	3	1	1
5928	-8	13	65	227	27	his	1	416	0	-8	his	False	P	False	3	1	0
5929	-8	13	70	227	28	his	1	824	328	-8	his	False	P	False	3	1	0
5930	-8	13	16	227	29	his	1	0	216	-8	his	False	P	False	3	1	1
5931	-8	13	138	227	30	his	1	124	368	-8	his	False	P	False	3	1	0
5932	-8	13	19	227	31	his	1	120	0	-8	his	False	P	False	3	1	0
5933	-8	13	87	227	32	his	1	236	0	-8	his	False	P	False	3	1	0
5934	-8	13	33	227	33	his	1	96	164	-8	his	False	P	False	3	1	0
5935	-8	13	188	227	34	his	1	0	632	-8	his	False	P	False	3	1	1
5936	-8	13	157	227	35	his	1	0	216	-8	his	False	P	False	3	1	1
5937	-8	13	12	227	36	his	1	216	164	-8	his	False	P	False	3	1	0
5938	-8	13	57	227	37	his	1	124	284	-8	his	False	P	False	3	1	0
5939	-8	13	200	227	38	his	1	0	192	-8	his	False	P	False	3	1	1
5940	-8	13	13	227	39	his	1	152	152	-8	his	False	P	False	3	1	0
5941	-8	13	64	227	40	his	1	268	96	-8	his	False	P	False	3	1	0
5942	-8	13	140	227	41	his	1	216	164	-8	his	False	P	False	3	1	0
5943	-8	13	136	227	42	his	1	0	160	-8	his	False	P	False	3	1	1
5944	-8	13	40	227	43	his	1	404	148	-8	his	False	P	False	3	1	0
5945	-3	5	101	230	1	his	1	248	224	-3	his	False	P	False	3	1	0
5946	-3	5	102	230	2	his	1	0	256	-3	his	False	P	False	3	1	1
5947	-3	5	47	230	3	his	1	164	208	-3	his	False	P	False	3	1	0
5948	-3	5	7	230	4	his	1	276	200	-3	his	False	P	False	3	1	0
5949	-3	5	174	230	5	his	1	312	200	-3	his	False	P	False	3	1	0
5950	-3	5	105	230	6	his	1	0	112	-3	his	False	P	False	3	1	1
5951	-3	5	54	230	7	his	1	0	184	-3	his	False	P	False	3	1	1
5952	-3	5	141	230	8	his	1	196	252	-3	his	False	P	False	3	1	0
5953	-3	5	118	230	10	his	1	0	0	-3	his	False	P	False	3	1	1
5954	-3	5	50	230	11	his	1	128	276	-3	his	False	P	False	3	1	0
5955	-3	5	150	230	12	his	1	0	264	-3	his	False	P	False	3	1	1
5956	-3	5	88	230	13	his	1	0	200	-3	his	False	P	False	3	1	1
5957	-3	5	200	230	14	his	1	612	464	-3	his	False	P	False	3	1	0
5958	-3	5	195	230	15	his	1	164	120	-3	his	False	P	False	3	1	0
5959	-3	5	157	230	16	his	1	152	196	-3	his	False	P	False	3	1	0
5960	-3	5	21	230	17	his	1	144	132	-3	his	False	P	False	3	1	0
5961	-3	5	24	230	18	his	1	300	0	-3	his	False	P	False	3	1	0
5962	-3	5	188	230	19	his	1	152	204	-3	his	False	P	False	3	1	0
5963	-3	5	33	230	20	his	1	100	144	-3	his	False	P	False	3	1	0
5964	-3	5	125	230	21	his	1	140	232	-3	his	False	P	False	3	1	0
5965	-3	5	95	230	22	his	1	184	336	-3	his	False	P	False	3	1	0
5966	-3	5	156	230	23	his	1	176	512	-3	his	False	P	False	3	1	0
5967	-3	5	107	230	24	his	1	156	148	-3	his	False	P	False	3	1	0
5968	-3	5	170	230	25	his	1	216	212	-3	his	False	P	False	3	1	0
5969	-3	5	52	230	27	his	1	260	372	-3	his	False	P	False	3	1	0
5970	-3	5	160	230	28	his	1	328	232	-3	his	False	P	False	3	1	0
5971	-3	5	17	230	29	his	1	100	124	-3	his	False	P	False	3	1	0
5972	-3	5	177	230	30	his	1	188	280	-3	his	False	P	False	3	1	0
5973	-3	5	124	230	31	his	1	0	164	-3	his	False	P	False	3	1	1
5974	-3	5	83	230	32	his	1	132	228	-3	his	False	P	False	3	1	0
5975	-3	5	181	230	33	his	1	168	88	-3	his	False	P	False	3	1	0
5976	-3	5	75	230	34	his	1	164	216	-3	his	False	P	False	3	1	0
5977	-3	5	128	230	35	his	1	200	192	-3	his	False	P	False	3	1	0
5978	-3	5	188	230	36	his	1	0	180	-3	his	False	P	False	3	1	1
5979	-3	5	77	230	37	his	1	0	280	-3	his	False	P	False	3	1	1
5980	-3	5	186	230	38	his	1	0	268	-3	his	False	P	False	3	1	1
5981	-3	5	2	230	39	his	1	108	36	-3	his	False	P	False	3	1	0
5982	-3	5	191	230	40	his	1	0	0	-3	his	False	P	False	3	1	1
5983	-3	5	112	230	41	his	1	0	0	-3	his	False	P	False	3	1	1
5984	-3	5	9	230	42	his	1	220	132	-3	his	False	P	False	3	1	0
5985	-3	5	158	230	43	his	1	232	232	-3	his	False	P	False	3	1	0
5986	-2	8	101	230	1	he	1	0	276	-2	he	False	O	False	2	2	1
5987	-2	8	102	230	2	he	1	156	188	-2	he	False	O	False	2	2	0
5988	-2	8	47	230	3	he	1	0	320	-2	he	False	O	False	2	2	1
5989	-2	8	7	230	4	he	1	244	288	-2	he	False	O	False	2	2	0
5990	-2	8	174	230	5	he	1	364	220	-2	he	False	O	False	2	2	0
5991	-2	8	105	230	6	he	1	0	0	-2	he	False	O	False	2	2	1
5992	-2	8	54	230	7	he	1	148	96	-2	he	False	O	False	2	2	0
5993	-2	8	141	230	8	he	1	0	196	-2	he	False	O	False	2	2	1
5994	-2	8	118	230	10	he	1	0	280	-2	he	False	O	False	2	2	1
5995	-2	8	50	230	11	he	1	0	136	-2	he	False	O	False	2	2	1
5996	-2	8	150	230	12	he	1	0	392	-2	he	False	O	False	2	2	1
5997	-2	8	88	230	13	he	1	0	116	-2	he	False	O	False	2	2	1
5998	-2	8	200	230	14	he	1	0	364	-2	he	False	O	False	2	2	1
5999	-2	8	195	230	15	he	1	0	144	-2	he	False	O	False	2	2	1
6000	-2	8	157	230	16	he	1	0	188	-2	he	False	O	False	2	2	1
6001	-2	8	21	230	17	he	1	168	176	-2	he	False	O	False	2	2	0
6002	-2	8	24	230	18	he	1	200	156	-2	he	False	O	False	2	2	0
6003	-2	8	188	230	19	he	1	84	184	-2	he	False	O	False	2	2	0
6004	-2	8	33	230	20	he	1	0	128	-2	he	False	O	False	2	2	1
6005	-2	8	125	230	21	he	1	0	300	-2	he	False	O	False	2	2	1
6006	-2	8	95	230	22	he	1	0	368	-2	he	False	O	False	2	2	1
6007	-2	8	156	230	23	he	1	180	440	-2	he	False	O	False	2	2	0
6008	-2	8	107	230	24	he	1	0	188	-2	he	False	O	False	2	2	1
6009	-2	8	170	230	25	he	1	140	404	-2	he	False	O	False	2	2	0
6010	-2	8	52	230	27	he	1	0	156	-2	he	False	O	False	2	2	1
6011	-2	8	160	230	28	he	1	140	180	-2	he	False	O	False	2	2	0
6012	-2	8	17	230	29	he	1	192	200	-2	he	False	O	False	2	2	0
6013	-2	8	177	230	30	he	1	248	120	-2	he	False	O	False	2	2	0
6014	-2	8	124	230	31	he	1	0	156	-2	he	False	O	False	2	2	1
6015	-2	8	83	230	32	he	1	0	444	-2	he	False	O	False	2	2	1
6016	-2	8	181	230	33	he	1	0	204	-2	he	False	O	False	2	2	1
6017	-2	8	75	230	34	he	1	0	132	-2	he	False	O	False	2	2	1
6018	-2	8	128	230	35	he	1	192	168	-2	he	False	O	False	2	2	0
6019	-2	8	188	230	36	he	1	0	232	-2	he	False	O	False	2	2	1
6020	-2	8	77	230	37	he	1	0	240	-2	he	False	O	False	2	2	1
6021	-2	8	186	230	38	he	1	176	252	-2	he	False	O	False	2	2	0
6022	-2	8	2	230	39	he	1	0	144	-2	he	False	O	False	2	2	1
6023	-2	8	191	230	40	he	1	152	148	-2	he	False	O	False	2	2	0
6024	-2	8	112	230	41	he	1	172	0	-2	he	False	O	False	2	2	0
6025	-2	8	9	230	42	he	1	220	164	-2	he	False	O	False	2	2	0
6026	-2	8	158	230	43	he	1	0	248	-2	he	False	O	False	2	2	1
6027	-3	10	101	230	1	his	1	0	336	-3	his	False	P	False	3	3	1
6028	-3	10	102	230	2	his	1	0	188	-3	his	False	P	False	3	3	1
6029	-3	10	47	230	3	his	1	0	208	-3	his	False	P	False	3	3	1
6030	-3	10	7	230	4	his	1	0	164	-3	his	False	P	False	3	3	1
6031	-3	10	174	230	5	his	1	228	432	-3	his	False	P	False	3	3	0
6032	-3	10	105	230	6	his	1	204	0	-3	his	False	P	False	3	3	0
6033	-3	10	54	230	7	his	1	0	108	-3	his	False	P	False	3	3	1
6034	-3	10	141	230	8	his	1	244	252	-3	his	False	P	False	3	3	0
6035	-3	10	118	230	10	his	1	260	128	-3	his	False	P	False	3	3	0
6036	-3	10	50	230	11	his	1	204	0	-3	his	False	P	False	3	3	0
6037	-3	10	150	230	12	his	1	0	220	-3	his	False	P	False	3	3	1
6038	-3	10	88	230	13	his	1	248	0	-3	his	False	P	False	3	3	0
6039	-3	10	200	230	14	his	1	0	204	-3	his	False	P	False	3	3	1
6040	-3	10	195	230	15	his	1	0	0	-3	his	False	P	False	3	3	1
6041	-3	10	157	230	16	his	1	164	152	-3	his	False	P	False	3	3	0
6042	-3	10	21	230	17	his	1	0	240	-3	his	False	P	False	3	3	1
6043	-3	10	24	230	18	his	1	0	228	-3	his	False	P	False	3	3	1
6044	-3	10	188	230	19	his	1	0	224	-3	his	False	P	False	3	3	1
6045	-3	10	33	230	20	his	1	160	0	-3	his	False	P	False	3	3	0
6046	-3	10	125	230	21	his	1	0	0	-3	his	False	P	False	3	3	1
6047	-3	10	95	230	22	his	1	0	200	-3	his	False	P	False	3	3	1
6048	-3	10	156	230	23	his	1	0	380	-3	his	False	P	False	3	3	1
6049	-3	10	107	230	24	his	1	0	196	-3	his	False	P	False	3	3	1
6050	-3	10	170	230	25	his	1	0	156	-3	his	False	P	False	3	3	1
6051	-3	10	52	230	27	his	1	364	148	-3	his	False	P	False	3	3	0
6052	-3	10	160	230	28	his	1	156	344	-3	his	False	P	False	3	3	0
6053	-3	10	17	230	29	his	1	0	168	-3	his	False	P	False	3	3	1
6054	-3	10	177	230	30	his	1	0	356	-3	his	False	P	False	3	3	1
6055	-3	10	124	230	31	his	1	164	0	-3	his	False	P	False	3	3	0
6056	-3	10	83	230	32	his	1	0	344	-3	his	False	P	False	3	3	1
6057	-3	10	181	230	33	his	1	0	160	-3	his	False	P	False	3	3	1
6058	-3	10	75	230	34	his	1	152	0	-3	his	False	P	False	3	3	0
6059	-3	10	128	230	35	his	1	0	168	-3	his	False	P	False	3	3	1
6060	-3	10	188	230	36	his	1	0	0	-3	his	False	P	False	3	3	1
6061	-3	10	77	230	37	his	1	216	176	-3	his	False	P	False	3	3	0
6062	-3	10	186	230	38	his	1	0	0	-3	his	False	P	False	3	3	1
6063	-3	10	2	230	39	his	1	0	0	-3	his	False	P	False	3	3	1
6064	-3	10	191	230	40	his	1	0	0	-3	his	False	P	False	3	3	1
6065	-3	10	112	230	41	his	1	160	240	-3	his	False	P	False	3	3	0
6066	-3	10	9	230	42	his	1	0	176	-3	his	False	P	False	3	3	1
6067	-3	10	158	230	43	his	1	128	168	-3	his	False	P	False	3	3	0
