sent_nr	word_pos	sent_pos	last_word	token	sent_has_unresolved	distance	subj_nr	rt_ff	rt_fp	rt_rb	rt_gp	spill_ff	spill_fp	spill_rb	spill_gp
3	1	18	0	He	True	?	1	112	316	316	316	144	144	144	144
3	1	166	0	He	True	?	2	224	224	224	224	96	96	96	96
3	1	142	0	He	True	?	3	244	244	244	244	128	128	128	128
3	1	36	0	He	True	?	4	256	256	256	256	164	164	164	164
3	1	148	0	He	True	?	5	0	0	0	0	0	0	0	0
3	1	137	0	He	True	?	6	252	252	252	252	0	0	0	0
3	1	48	0	He	True	?	7	224	224	224	224	204	204	204	204
3	1	7	0	He	True	?	8	260	260	260	260	292	292	292	292
3	1	127	0	He	True	?	10	0	0	0	0	224	332	332	332
3	1	135	0	He	True	?	11	228	228	228	228	128	128	128	128
3	1	164	0	He	True	?	12	0	0	0	0	500	500	500	500
3	1	46	0	He	True	?	13	76	336	336	336	0	0	0	0
3	1	48	0	He	True	?	14	0	0	0	0	256	400	400	400
3	1	13	0	He	True	?	15	0	0	0	0	260	260	260	260
3	1	22	0	He	True	?	16	0	0	0	0	36	36	176	396
3	1	23	0	He	True	?	17	324	324	324	324	416	416	416	416
3	1	181	0	He	True	?	18	0	0	0	0	272	272	272	272
3	1	89	0	He	True	?	19	0	0	0	0	0	0	0	0
3	1	57	0	He	True	?	20	0	0	0	0	340	340	340	340
3	1	123	0	He	True	?	21	0	0	0	0	0	0	0	0
3	1	146	0	He	True	?	22	324	324	324	324	152	152	152	152
3	1	50	0	He	True	?	23	320	320	320	320	192	192	192	192
3	1	3	0	He	True	?	24	0	0	0	0	0	0	0	0
3	1	140	0	He	True	?	25	0	0	0	0	152	520	520	520
3	1	45	0	He	True	?	27	0	0	0	0	0	0	0	0
3	1	88	0	He	True	?	28	0	0	0	0	260	260	500	612
3	1	176	0	He	True	?	29	0	0	0	0	252	252	252	252
3	1	151	0	He	True	?	30	0	0	0	0	0	0	0	0
3	1	57	0	He	True	?	31	252	252	252	252	168	168	168	168
3	1	156	0	He	True	?	32	236	236	236	236	136	368	368	368
3	1	43	0	He	True	?	33	248	248	248	248	72	72	428	1072
3	1	3	0	He	True	?	34	0	0	0	0	140	244	244	244
3	1	29	0	He	True	?	35	0	0	0	0	252	404	404	404
3	1	150	0	He	True	?	36	0	0	0	0	0	0	0	0
3	1	194	0	He	True	?	37	0	0	0	0	336	592	592	592
3	1	114	0	He	True	?	38	0	0	0	0	236	384	384	384
3	1	38	0	He	True	?	39	0	0	0	0	0	0	0	0
3	1	20	0	He	True	?	40	0	0	0	0	236	412	412	496
3	1	185	0	He	True	?	41	0	0	0	0	0	0	0	0
3	1	108	0	He	True	?	42	112	112	112	112	164	164	164	164
3	1	116	0	He	True	?	43	0	0	0	0	296	352	352	352
3	4	18	0	his	True	-3	1	0	0	0	0	168	168	468	1720
3	4	166	0	his	True	-3	2	152	152	152	276	316	316	316	316
3	4	142	0	his	True	-3	3	116	116	116	688	0	0	0	0
3	4	36	0	his	True	-3	4	264	264	780	916	216	216	216	216
3	4	148	0	his	True	-3	5	0	0	0	0	244	244	244	1452
3	4	137	0	his	True	-3	6	0	0	0	0	208	208	208	568
3	4	48	0	his	True	-3	7	168	168	168	704	208	208	940	2716
3	4	7	0	his	True	-3	8	276	276	428	784	148	148	148	1024
3	4	127	0	his	True	-3	10	0	0	0	0	272	272	272	1116
3	4	135	0	his	True	-3	11	260	260	260	260	252	252	252	252
3	4	164	0	his	True	-3	12	192	192	192	192	200	200	432	1236
3	4	46	0	his	True	-3	13	0	0	0	0	172	376	376	376
3	4	48	0	his	True	-3	14	176	176	176	176	156	156	156	156
3	4	13	0	his	True	-3	15	200	360	360	584	96	96	96	96
3	4	22	0	his	True	-3	16	220	428	428	428	336	1232	1232	1232
3	4	23	0	his	True	-3	17	0	0	0	0	204	204	540	1372
3	4	181	0	his	True	-3	18	0	0	0	0	304	304	304	304
3	4	89	0	his	True	-3	19	204	204	204	384	0	0	0	0
3	4	57	0	his	True	-3	20	212	212	296	464	220	220	220	448
3	4	123	0	his	True	-3	21	0	0	0	0	36	204	420	812
3	4	146	0	his	True	-3	22	0	0	0	0	228	228	228	372
3	4	50	0	his	True	-3	23	176	176	176	176	368	840	840	1020
3	4	3	0	his	True	-3	24	0	0	0	0	140	140	336	1468
3	4	140	0	his	True	-3	25	260	260	260	260	164	164	164	164
3	4	45	0	his	True	-3	27	140	140	140	776	332	332	332	332
3	4	88	0	his	True	-3	28	0	0	0	0	176	176	384	548
3	4	176	0	his	True	-3	29	0	0	0	0	156	156	288	448
3	4	151	0	his	True	-3	30	164	164	164	164	192	192	192	192
3	4	57	0	his	True	-3	31	152	152	152	220	104	188	188	188
3	4	156	0	his	True	-3	32	164	164	164	164	272	272	272	524
3	4	43	0	his	True	-3	33	0	0	0	0	176	176	736	1784
3	4	3	0	his	True	-3	34	0	0	0	0	0	0	0	0
3	4	29	0	his	True	-3	35	188	188	188	188	476	636	636	636
3	4	150	0	his	True	-3	36	0	0	0	0	168	168	168	452
3	4	194	0	his	True	-3	37	88	368	576	1068	188	188	188	188
3	4	114	0	his	True	-3	38	216	216	216	360	188	188	188	348
3	4	38	0	his	True	-3	39	0	0	0	0	160	160	296	700
3	4	20	0	his	True	-3	40	292	476	604	1336	0	0	0	0
3	4	185	0	his	True	-3	41	212	212	428	1172	148	148	148	148
3	4	108	0	his	True	-3	42	0	0	0	0	296	296	296	768
3	4	116	0	his	True	-3	43	0	0	0	0	188	188	312	716
4	1	23	0	He	True	?	1	288	288	288	288	164	164	164	164
4	1	127	0	He	True	?	2	196	196	196	196	192	192	192	192
4	1	50	0	He	True	?	3	108	340	340	340	144	144	144	144
4	1	85	0	He	True	?	4	0	0	0	0	344	344	344	344
4	1	160	0	He	True	?	5	0	0	0	0	480	480	480	480
4	1	60	0	He	True	?	6	0	0	0	0	248	248	248	248
4	1	169	0	He	True	?	7	212	212	212	212	108	108	108	108
4	1	46	0	He	True	?	8	252	252	252	252	172	172	172	172
4	1	205	0	He	True	?	10	100	100	100	100	0	0	0	0
4	1	111	0	He	True	?	11	268	268	268	268	116	116	116	116
4	1	121	0	He	True	?	12	288	488	488	640	216	216	692	1288
4	1	156	0	He	True	?	13	264	264	264	264	208	208	208	208
4	1	178	0	He	True	?	14	0	0	0	0	244	468	468	468
4	1	109	0	He	True	?	15	0	0	0	0	252	252	252	252
4	1	104	0	He	True	?	16	0	0	0	0	312	312	424	512
4	1	192	0	He	True	?	18	0	0	0	0	260	308	308	308
4	1	93	0	He	True	?	19	0	0	0	0	276	276	276	276
4	1	178	0	He	True	?	20	0	0	0	0	228	360	360	360
4	1	100	0	He	True	?	21	0	0	0	0	0	0	0	0
4	1	86	0	He	True	?	22	0	0	0	0	364	364	520	660
4	1	91	0	He	True	?	23	0	0	0	0	204	420	420	420
4	1	63	0	He	True	?	24	236	236	236	236	160	160	160	160
4	1	112	0	He	True	?	25	100	100	100	100	176	316	316	316
4	1	28	0	He	True	?	27	0	0	0	0	108	456	456	456
4	1	43	0	He	True	?	28	0	0	0	0	220	220	220	220
4	1	140	0	He	True	?	29	0	0	0	0	328	328	328	328
4	1	143	0	He	True	?	30	0	0	0	0	280	780	780	780
4	1	193	0	He	True	?	31	124	124	124	124	200	200	200	200
4	1	8	0	He	True	?	32	0	0	0	0	252	252	252	460
4	1	146	0	He	True	?	33	240	240	240	240	176	176	176	176
4	1	86	0	He	True	?	34	0	0	0	0	208	428	428	428
4	1	16	0	He	True	?	35	76	76	76	76	284	284	284	284
4	1	39	0	He	True	?	36	0	0	0	0	228	228	228	228
4	1	74	0	He	True	?	37	196	196	196	196	92	220	220	220
4	1	17	0	He	True	?	38	0	0	0	0	296	628	628	628
4	1	58	0	He	True	?	39	16	16	16	16	168	168	168	168
4	1	183	0	He	True	?	41	0	0	0	0	0	0	0	0
4	1	12	0	He	True	?	42	0	0	0	0	320	444	444	444
4	1	132	0	He	True	?	43	0	0	0	0	224	224	224	416
10	1	47	0	This	True	?	1	268	268	268	268	200	448	448	448
10	1	54	0	This	True	?	2	184	184	184	184	164	164	164	164
10	1	89	0	This	True	?	3	332	332	332	332	156	156	156	156
10	1	68	0	This	True	?	4	324	324	324	324	140	140	140	140
10	1	87	0	This	True	?	5	0	0	0	0	260	504	504	640
10	1	36	0	This	True	?	6	236	236	236	236	120	120	120	120
10	1	143	0	This	True	?	7	0	0	0	0	0	0	0	0
10	1	94	0	This	True	?	8	0	0	0	0	236	236	380	504
10	1	142	0	This	True	?	10	0	0	0	0	288	288	288	288
10	1	162	0	This	True	?	11	268	268	268	268	192	288	288	288
10	1	21	0	This	True	?	12	0	0	0	0	0	0	0	0
10	1	117	0	This	True	?	13	300	300	300	300	264	264	264	264
10	1	192	0	This	True	?	14	0	0	0	0	232	232	232	412
10	1	166	0	This	True	?	15	0	0	0	0	244	244	244	244
10	1	114	0	This	True	?	16	268	268	268	268	164	392	392	392
10	1	65	0	This	True	?	17	268	268	268	268	140	140	140	140
10	1	150	0	This	True	?	18	272	272	272	272	0	0	0	0
10	1	7	0	This	True	?	19	0	0	0	0	228	228	384	496
10	1	142	0	This	True	?	20	240	240	240	240	136	136	136	136
10	1	23	0	This	True	?	21	0	0	0	0	0	0	0	0
10	1	122	0	This	True	?	22	360	360	360	360	96	96	96	96
10	1	137	0	This	True	?	23	308	308	308	308	140	284	284	284
10	1	153	0	This	True	?	24	236	236	236	236	148	148	148	148
10	1	191	0	This	True	?	27	0	0	0	0	228	228	508	708
10	1	91	0	This	True	?	28	280	280	280	280	208	208	604	764
10	1	158	0	This	True	?	29	188	188	188	188	132	232	232	232
10	1	115	0	This	True	?	30	304	304	304	304	224	224	224	224
10	1	105	0	This	True	?	31	0	0	0	0	260	260	260	320
10	1	175	0	This	True	?	32	308	440	440	440	160	160	160	160
10	1	80	0	This	True	?	33	252	252	252	252	160	424	424	424
10	1	48	0	This	True	?	34	268	268	268	268	0	0	0	0
10	1	124	0	This	True	?	35	0	0	0	0	252	252	252	352
10	1	4	0	This	True	?	36	0	0	0	0	16	312	312	480
10	1	96	0	This	True	?	37	200	200	200	200	172	316	316	316
10	1	38	0	This	True	?	38	296	296	296	296	256	256	256	256
10	1	69	0	This	True	?	39	32	32	32	32	128	128	128	128
10	1	44	0	This	True	?	40	128	128	128	128	156	384	384	384
10	1	56	0	This	True	?	41	0	0	0	0	0	0	0	0
10	1	11	0	This	True	?	42	284	284	284	284	144	144	144	144
10	1	144	0	This	True	?	43	296	296	296	296	116	116	116	116
14	5	53	0	his	True	?	1	220	220	220	220	160	160	160	328
14	5	29	0	his	True	?	2	88	88	88	980	0	0	0	0
14	5	193	0	his	True	?	3	168	576	576	740	0	0	0	0
14	5	177	0	his	True	?	4	548	548	548	856	0	0	0	0
14	5	4	0	his	True	?	5	236	236	480	2868	712	712	712	712
14	5	5	0	his	True	?	6	368	368	368	368	0	0	0	0
14	5	167	0	his	True	?	7	0	0	0	0	132	132	1288	2720
14	5	4	0	his	True	?	8	340	340	340	340	184	184	184	924
14	5	60	0	his	True	?	10	192	192	192	192	156	156	156	1536
14	5	10	0	his	True	?	11	148	148	148	148	396	396	396	676
14	5	201	0	his	True	?	12	288	288	288	1480	0	0	0	0
14	5	122	0	his	True	?	13	0	0	0	0	248	820	820	820
14	5	114	0	his	True	?	14	0	0	0	0	220	220	220	436
14	5	155	0	his	True	?	15	132	132	352	768	0	0	0	0
14	5	181	0	his	True	?	16	196	556	556	556	248	1024	1024	1024
14	5	17	0	his	True	?	17	296	296	296	296	128	128	128	520
14	5	108	0	his	True	?	18	240	240	240	424	0	0	0	0
14	5	200	0	his	True	?	19	220	220	220	220	68	68	68	1012
14	5	54	0	his	True	?	20	248	248	248	248	192	192	192	468
14	5	201	0	his	True	?	21	0	0	0	0	140	692	692	692
14	5	6	0	his	True	?	22	0	0	0	0	196	196	512	2308
14	5	92	0	his	True	?	23	192	192	192	192	256	256	1528	4404
14	5	175	0	his	True	?	24	144	272	272	272	0	0	0	0
14	5	154	0	his	True	?	25	148	148	148	148	104	104	876	2012
14	5	166	0	his	True	?	27	128	128	128	640	528	528	528	528
14	5	127	0	his	True	?	28	820	820	820	820	188	188	188	404
14	5	74	0	his	True	?	29	172	284	284	284	728	728	728	728
14	5	173	0	his	True	?	30	248	248	248	248	312	312	312	712
14	5	112	0	his	True	?	31	0	0	0	0	0	0	0	0
14	5	78	0	his	True	?	32	280	280	280	464	0	0	0	0
14	5	142	0	his	True	?	33	132	132	232	400	196	196	796	1564
14	5	1	0	his	True	?	34	296	296	296	296	0	0	0	0
14	5	1	0	his	True	?	35	144	144	144	144	632	632	632	632
14	5	115	0	his	True	?	36	152	152	520	816	0	0	0	0
14	5	126	0	his	True	?	37	156	456	604	1372	256	256	256	708
14	5	108	0	his	True	?	38	188	188	188	304	296	296	640	996
14	5	96	0	his	True	?	39	196	224	224	416	180	180	180	180
14	5	160	0	his	True	?	41	232	232	232	232	100	100	296	992
14	5	76	0	his	True	?	42	0	0	0	0	296	736	736	892
14	5	163	0	his	True	?	43	164	164	308	592	0	0	0	0
16	3	15	0	his	False	-2	1	260	260	260	260	164	164	164	164
16	3	101	0	his	False	-2	2	136	136	136	136	128	128	128	128
16	3	59	0	his	False	-2	3	168	168	168	168	248	248	248	248
16	3	148	0	his	False	-2	4	148	148	148	148	332	332	332	332
16	3	72	0	his	False	-2	5	164	164	164	164	192	192	192	192
16	3	192	0	his	False	-2	6	124	124	124	124	0	0	0	0
16	3	195	0	his	False	-2	7	160	160	160	160	0	0	0	0
16	3	22	0	his	False	-2	8	196	196	196	196	140	140	140	140
16	3	5	0	his	False	-2	9	196	196	196	196	164	164	164	164
16	3	86	0	his	False	-2	10	156	156	156	156	68	68	68	68
16	3	16	0	his	False	-2	11	136	136	136	136	216	216	216	216
16	3	72	0	his	False	-2	12	0	0	0	0	0	0	0	0
16	3	139	0	his	False	-2	13	184	184	184	184	0	0	0	0
16	3	177	0	his	False	-2	14	256	256	256	256	0	0	0	0
16	3	142	0	his	False	-2	15	196	196	196	196	0	0	0	0
16	3	113	0	his	False	-2	16	212	212	212	212	164	164	164	164
16	3	158	0	his	False	-2	17	0	0	0	0	212	212	212	516
16	3	45	0	his	False	-2	18	252	252	252	252	136	136	136	136
16	3	8	0	his	False	-2	19	160	160	160	160	236	236	236	236
16	3	204	0	his	False	-2	20	0	0	0	0	192	192	192	192
16	3	55	0	his	False	-2	21	212	212	400	708	120	120	120	120
16	3	101	0	his	False	-2	22	168	388	388	388	0	0	0	0
16	3	103	0	his	False	-2	23	132	288	288	288	264	264	264	264
16	3	40	0	his	False	-2	24	160	160	160	160	204	204	204	204
16	3	166	0	his	False	-2	25	136	136	136	136	148	148	148	148
16	3	26	0	his	False	-2	27	72	72	72	552	300	300	300	300
16	3	23	0	his	False	-2	28	0	0	0	0	0	0	0	0
16	3	97	0	his	False	-2	29	180	180	180	180	188	188	188	188
16	3	70	0	his	False	-2	30	276	276	488	744	212	212	212	212
16	3	136	0	his	False	-2	31	144	144	144	144	120	120	120	120
16	3	41	0	his	False	-2	32	184	184	184	184	200	200	200	200
16	3	2	0	his	False	-2	33	188	188	188	188	136	136	136	136
16	3	92	0	his	False	-2	34	220	220	220	432	212	424	424	424
16	3	35	0	his	False	-2	35	0	0	0	0	164	320	320	320
16	3	186	0	his	False	-2	36	180	180	180	180	252	252	252	656
16	3	49	0	his	False	-2	37	212	212	212	212	128	128	128	128
16	3	182	0	his	False	-2	38	0	0	0	0	200	200	200	448
16	3	47	0	his	False	-2	39	0	0	0	0	312	312	312	312
16	3	177	0	his	False	-2	40	0	0	0	0	0	0	0	0
16	3	23	0	his	False	-2	41	0	0	0	0	156	316	316	316
16	3	98	0	his	False	-2	42	0	0	0	0	264	264	264	264
16	3	54	0	his	False	-2	43	0	0	0	0	220	220	220	220
17	4	158	0	his	False	-3	1	188	344	344	344	136	136	136	136
17	4	197	0	his	False	-3	2	168	168	168	168	0	0	0	0
17	4	122	0	his	False	-3	3	144	144	144	312	184	184	184	184
17	4	5	0	his	False	-3	4	88	172	172	172	288	288	476	640
17	4	105	0	his	False	-3	5	0	0	0	0	256	256	256	256
17	4	86	0	his	False	-3	6	184	184	184	184	444	444	444	444
17	4	121	0	his	False	-3	7	0	0	0	0	88	88	88	88
17	4	51	0	his	False	-3	8	196	196	196	196	248	248	248	516
17	4	31	0	his	False	-3	10	0	0	0	0	0	0	0	0
17	4	37	0	his	False	-3	11	124	124	124	124	132	132	132	132
17	4	143	0	his	False	-3	12	224	224	224	576	116	116	116	116
17	4	52	0	his	False	-3	13	208	208	208	208	168	168	168	168
17	4	22	0	his	False	-3	14	208	208	208	208	216	216	216	216
17	4	119	0	his	False	-3	15	0	0	0	0	496	496	496	496
17	4	169	0	his	False	-3	16	240	412	412	412	216	464	464	464
17	4	86	0	his	False	-3	17	292	292	292	292	172	308	308	308
17	4	115	0	his	False	-3	18	208	208	208	208	0	0	0	0
17	4	205	0	his	False	-3	19	244	244	244	244	168	168	344	812
17	4	116	0	his	False	-3	20	0	0	0	0	200	200	200	200
17	4	189	0	his	False	-3	21	0	0	0	0	272	420	420	420
17	4	52	0	his	False	-3	22	288	288	288	288	196	196	196	196
17	4	75	0	his	False	-3	23	184	184	184	184	200	200	200	200
17	4	14	0	his	False	-3	24	0	0	0	0	156	156	312	708
17	4	103	0	his	False	-3	25	164	316	316	316	192	192	192	192
17	4	195	0	his	False	-3	27	228	228	228	228	28	28	212	428
17	4	77	0	his	False	-3	28	140	140	268	544	160	160	160	160
17	4	31	0	his	False	-3	29	0	0	0	0	144	144	300	1096
17	4	133	0	his	False	-3	30	0	0	0	0	292	292	292	488
17	4	138	0	his	False	-3	31	0	0	0	0	128	128	128	128
17	4	138	0	his	False	-3	32	208	444	444	720	168	168	168	168
17	4	46	0	his	False	-3	33	136	136	136	316	124	124	124	124
17	4	69	0	his	False	-3	34	252	252	252	252	252	252	252	252
17	4	102	0	his	False	-3	35	144	144	144	144	156	156	156	156
17	4	124	0	his	False	-3	36	0	0	0	0	284	284	284	284
17	4	112	0	his	False	-3	37	156	156	156	212	240	240	240	240
17	4	82	0	his	False	-3	38	248	248	248	248	144	144	144	144
17	4	148	0	his	False	-3	39	0	0	0	0	0	0	0	0
17	4	47	0	his	False	-3	40	140	140	140	140	140	140	140	140
17	4	67	0	his	False	-3	41	0	0	0	0	0	0	0	0
17	4	109	0	his	False	-3	42	0	0	0	0	208	208	208	208
17	4	28	0	his	False	-3	43	180	180	180	180	228	228	228	228
18	1	33	0	He	True	?	1	248	352	352	352	160	312	312	312
18	1	120	0	He	True	?	2	232	232	232	232	48	48	48	48
18	1	75	0	He	True	?	3	392	392	392	392	148	148	148	148
18	1	105	0	He	True	?	4	0	0	0	0	332	332	332	332
18	1	81	0	He	True	?	5	0	0	0	0	0	0	0	0
18	1	46	0	He	True	?	6	0	0	0	0	244	244	244	244
18	1	107	0	He	True	?	7	0	0	0	0	224	224	224	224
18	1	153	0	He	True	?	8	0	0	0	0	256	384	384	384
18	1	135	0	He	True	?	10	0	0	0	0	348	348	348	348
18	1	201	0	He	True	?	11	252	252	252	252	144	144	144	144
18	1	177	0	He	True	?	12	352	352	352	352	152	152	364	616
18	1	27	0	He	True	?	13	264	264	264	264	312	312	312	312
18	1	149	0	He	True	?	14	0	0	0	0	300	760	760	760
18	1	36	0	He	True	?	15	0	0	0	0	60	60	60	60
18	1	38	0	He	True	?	16	0	0	0	0	244	448	448	448
18	1	84	0	He	True	?	17	0	0	0	0	256	404	404	404
18	1	147	0	He	True	?	18	0	0	0	0	276	344	344	344
18	1	51	0	He	True	?	19	0	0	0	0	0	0	0	0
18	1	7	0	He	True	?	20	0	0	0	0	76	324	324	324
18	1	106	0	He	True	?	21	0	0	0	0	196	336	336	336
18	1	38	0	He	True	?	22	0	0	0	0	0	0	0	0
18	1	175	0	He	True	?	23	264	264	264	264	224	224	224	684
18	1	136	0	He	True	?	24	232	232	232	232	180	180	180	180
18	1	158	0	He	True	?	25	0	0	0	0	0	0	0	0
18	1	13	0	He	True	?	27	0	0	0	0	220	544	544	544
18	1	157	0	He	True	?	28	212	212	212	212	372	472	472	472
18	1	203	0	He	True	?	29	0	0	0	0	292	292	292	292
18	1	158	0	He	True	?	30	272	272	272	272	284	1004	1004	1004
18	1	119	0	He	True	?	31	0	0	0	0	260	260	260	260
18	1	203	0	He	True	?	32	232	232	232	232	152	280	280	280
18	1	29	0	He	True	?	33	256	256	256	256	156	156	156	156
18	1	58	0	He	True	?	34	0	0	0	0	40	268	268	268
18	1	149	0	He	True	?	35	0	0	0	0	256	368	368	368
18	1	22	0	He	True	?	36	0	0	0	0	0	0	0	0
18	1	188	0	He	True	?	37	0	0	0	0	44	44	236	464
18	1	141	0	He	True	?	38	0	0	0	0	240	452	452	452
18	1	205	0	He	True	?	39	0	0	0	0	0	0	0	0
18	1	65	0	He	True	?	40	0	0	0	0	0	0	0	0
18	1	136	0	He	True	?	41	0	0	0	0	0	0	0	0
18	1	184	0	He	True	?	42	156	156	156	156	136	212	212	212
18	1	195	0	He	True	?	43	180	180	180	180	180	180	180	180
18	5	33	0	his	True	-4	1	248	248	248	248	264	264	264	264
18	5	120	0	his	True	-4	2	156	156	344	568	0	0	0	0
18	5	75	0	his	True	-4	3	144	336	336	336	0	0	0	0
18	5	105	0	his	True	-4	4	644	644	644	644	0	0	0	0
18	5	81	0	his	True	-4	5	0	0	0	0	108	108	108	776
18	5	46	0	his	True	-4	6	176	176	176	176	80	80	80	80
18	5	107	0	his	True	-4	7	80	80	572	1660	0	0	0	0
18	5	153	0	his	True	-4	8	212	212	212	212	0	0	0	0
18	5	135	0	his	True	-4	10	336	336	336	336	244	524	524	1364
18	5	201	0	his	True	-4	11	196	196	196	308	108	108	108	108
18	5	177	0	his	True	-4	12	128	128	128	996	0	0	0	0
18	5	27	0	his	True	-4	13	0	0	0	0	604	604	604	604
18	5	149	0	his	True	-4	14	288	288	288	500	0	0	0	0
18	5	36	0	his	True	-4	15	232	232	336	720	0	0	0	0
18	5	38	0	his	True	-4	16	248	248	248	248	172	580	580	580
18	5	84	0	his	True	-4	17	172	172	172	172	116	116	116	484
18	5	147	0	his	True	-4	18	204	292	292	292	0	0	0	0
18	5	51	0	his	True	-4	19	64	64	296	1200	152	152	152	636
18	5	7	0	his	True	-4	20	0	0	0	0	236	416	416	560
18	5	106	0	his	True	-4	21	0	0	0	0	164	164	164	348
18	5	38	0	his	True	-4	22	0	0	0	0	116	116	300	1460
18	5	175	0	his	True	-4	23	172	172	172	172	176	176	1052	2192
18	5	136	0	his	True	-4	24	440	440	440	440	276	276	276	276
18	5	158	0	his	True	-4	25	220	220	220	336	104	104	104	104
18	5	13	0	his	True	-4	27	308	308	308	308	280	280	280	280
18	5	157	0	his	True	-4	28	324	324	324	324	148	148	148	840
18	5	203	0	his	True	-4	29	196	196	196	276	348	348	348	348
18	5	158	0	his	True	-4	30	0	0	0	0	172	172	172	2164
18	5	119	0	his	True	-4	31	0	0	0	0	160	160	160	300
18	5	203	0	his	True	-4	32	164	164	164	164	0	0	0	0
18	5	29	0	his	True	-4	33	176	176	268	672	132	132	132	1976
18	5	58	0	his	True	-4	34	168	168	168	1280	0	0	0	0
18	5	149	0	his	True	-4	35	0	0	0	0	244	244	244	668
18	5	22	0	his	True	-4	36	236	236	236	904	0	0	0	0
18	5	188	0	his	True	-4	37	176	176	176	176	140	140	140	324
18	5	141	0	his	True	-4	38	192	192	192	192	88	88	88	88
18	5	205	0	his	True	-4	39	0	0	0	0	160	160	160	284
18	5	65	0	his	True	-4	40	0	0	0	0	216	328	1052	2800
18	5	136	0	his	True	-4	41	312	312	312	312	372	372	372	372
18	5	184	0	his	True	-4	42	204	204	204	812	0	0	0	0
18	5	195	0	his	True	-4	43	148	148	148	348	188	188	188	188
19	1	37	0	He	True	?	1	300	300	300	300	348	544	544	544
19	1	96	0	He	True	?	2	0	0	0	0	184	184	184	184
19	1	4	0	He	True	?	3	0	0	0	0	68	688	688	688
19	1	63	0	He	True	?	4	0	0	0	0	320	320	320	320
19	1	40	0	He	True	?	5	0	0	0	0	0	0	0	0
19	1	21	0	He	True	?	6	84	84	84	84	0	0	0	0
19	1	142	0	He	True	?	7	0	0	0	0	232	412	412	412
19	1	202	0	He	True	?	8	0	0	0	0	252	344	344	344
19	1	28	0	He	True	?	10	0	0	0	0	280	396	396	396
19	1	3	0	He	True	?	11	252	252	252	252	136	136	136	136
19	1	40	0	He	True	?	12	0	0	0	0	248	448	448	448
19	1	165	0	He	True	?	13	276	276	276	276	220	220	220	220
19	1	197	0	He	True	?	14	0	0	0	0	336	480	480	480
19	1	204	0	He	True	?	15	0	0	0	0	232	232	232	232
19	1	115	0	He	True	?	16	256	256	256	256	148	292	292	292
19	1	90	0	He	True	?	17	0	0	0	0	256	256	256	256
19	1	77	0	He	True	?	18	0	0	0	0	316	316	316	316
19	1	94	0	He	True	?	19	0	0	0	0	176	392	392	392
19	1	91	0	He	True	?	20	0	0	0	0	308	460	460	460
19	1	178	0	He	True	?	21	0	0	0	0	0	0	0	0
19	1	87	0	He	True	?	22	356	356	356	356	192	192	192	192
19	1	165	0	He	True	?	23	308	308	308	308	280	280	280	280
19	1	204	0	He	True	?	24	228	228	228	228	176	176	176	176
19	1	20	0	He	True	?	25	0	0	0	0	0	0	0	0
19	1	100	0	He	True	?	27	0	0	0	0	156	420	420	420
19	1	145	0	He	True	?	28	256	256	256	256	148	148	148	148
19	1	47	0	He	True	?	29	0	0	0	0	252	252	252	352
19	1	107	0	He	True	?	30	256	256	256	256	156	372	372	372
19	1	34	0	He	True	?	31	0	0	0	0	228	404	404	404
19	1	176	0	He	True	?	32	236	236	236	236	168	316	316	316
19	1	101	0	He	True	?	33	272	272	272	272	124	124	204	368
19	1	139	0	He	True	?	34	176	176	176	176	136	136	136	136
19	1	160	0	He	True	?	35	240	240	240	240	140	140	140	140
19	1	112	0	He	True	?	36	0	0	0	0	88	244	244	244
19	1	196	0	He	True	?	37	184	184	184	184	140	380	380	380
19	1	65	0	He	True	?	38	0	0	0	0	184	376	376	376
19	1	77	0	He	True	?	39	0	0	0	0	0	0	0	0
19	1	157	0	He	True	?	40	0	0	0	0	0	0	0	0
19	1	6	0	He	True	?	41	0	0	0	0	256	404	404	404
19	1	19	0	He	True	?	42	0	0	0	0	252	252	252	380
19	1	76	0	He	True	?	43	0	0	0	0	316	316	316	316
20	1	106	0	He	True	?	1	276	276	276	276	152	260	260	260
20	1	202	0	He	True	?	2	180	180	180	180	0	0	0	0
20	1	120	0	He	True	?	3	0	0	0	0	248	624	624	624
20	1	102	0	He	True	?	4	0	0	0	0	260	412	412	412
20	1	131	0	He	True	?	5	32	32	32	32	0	0	0	0
20	1	133	0	He	True	?	6	192	192	192	192	144	144	144	144
20	1	63	0	He	True	?	7	56	56	56	56	112	112	112	112
20	1	139	0	He	True	?	8	240	240	240	240	160	160	160	160
20	1	137	0	He	True	?	10	0	0	0	0	0	0	0	0
20	1	197	0	He	True	?	11	260	260	260	260	252	252	252	252
20	1	15	0	He	True	?	12	0	0	0	0	0	0	0	0
20	1	67	0	He	True	?	13	0	0	0	0	268	268	268	268
20	1	203	0	He	True	?	14	0	0	0	0	372	372	372	372
20	1	40	0	He	True	?	15	0	0	0	0	0	0	0	0
20	1	103	0	He	True	?	16	244	244	244	244	224	224	224	224
20	1	3	0	He	True	?	17	256	256	256	256	236	236	236	236
20	1	96	0	He	True	?	18	0	0	0	0	336	336	336	336
20	1	72	0	He	True	?	19	256	256	256	256	104	104	104	104
20	1	105	0	He	True	?	20	0	0	0	0	240	240	240	240
20	1	48	0	He	True	?	21	0	0	0	0	0	0	0	0
20	1	203	0	He	True	?	22	0	0	0	0	260	460	460	460
20	1	200	0	He	True	?	23	320	320	320	320	216	216	216	216
20	1	90	0	He	True	?	24	0	0	0	0	284	284	284	284
20	1	134	0	He	True	?	25	0	0	0	0	268	268	268	268
20	1	173	0	He	True	?	27	0	0	0	0	376	376	376	376
20	1	49	0	He	True	?	28	0	0	0	0	0	0	0	0
20	1	153	0	He	True	?	29	0	0	0	0	392	548	548	548
20	1	199	0	He	True	?	30	0	0	0	0	256	888	888	888
20	1	200	0	He	True	?	31	0	0	0	0	256	256	256	256
20	1	14	0	He	True	?	32	0	0	0	0	24	24	1224	2120
20	1	119	0	He	True	?	33	0	0	0	0	296	496	496	496
20	1	127	0	He	True	?	34	152	152	152	152	184	184	184	184
20	1	175	0	He	True	?	35	0	0	0	0	248	248	248	248
20	1	143	0	He	True	?	36	0	0	0	0	0	0	0	0
20	1	78	0	He	True	?	37	0	0	0	0	204	524	524	524
20	1	113	0	He	True	?	38	224	224	224	224	176	176	176	176
20	1	122	0	He	True	?	39	0	0	0	0	0	0	0	0
20	1	28	0	He	True	?	41	0	0	0	0	0	0	0	0
20	1	5	0	He	True	?	42	0	0	0	0	536	536	536	536
20	1	162	0	He	True	?	43	0	0	0	0	276	396	396	396
20	3	106	0	his	True	-2	1	168	296	296	296	0	0	0	0
20	3	202	0	his	True	-2	2	160	160	160	320	276	276	276	276
20	3	120	0	his	True	-2	3	204	340	340	340	0	0	0	0
20	3	102	0	his	True	-2	4	196	196	196	460	220	220	220	220
20	3	131	0	his	True	-2	5	268	268	268	744	432	432	432	432
20	3	133	0	his	True	-2	6	0	0	0	0	240	372	372	372
20	3	63	0	his	True	-2	7	72	172	172	172	0	0	0	0
20	3	139	0	his	True	-2	8	188	188	188	188	204	204	204	204
20	3	137	0	his	True	-2	10	0	0	0	0	56	56	184	608
20	3	197	0	his	True	-2	11	156	156	156	156	156	156	156	156
20	3	15	0	his	True	-2	12	0	0	0	0	0	0	0	0
20	3	67	0	his	True	-2	13	200	200	200	412	236	236	236	236
20	3	203	0	his	True	-2	14	204	204	204	204	244	244	244	244
20	3	40	0	his	True	-2	15	44	264	264	264	164	404	508	720
20	3	103	0	his	True	-2	16	152	152	152	152	192	192	192	192
20	3	3	0	his	True	-2	17	0	0	0	0	192	192	356	1016
20	3	96	0	his	True	-2	18	0	0	0	0	284	284	284	284
20	3	72	0	his	True	-2	19	180	180	180	180	204	204	204	960
20	3	105	0	his	True	-2	20	156	156	156	156	188	188	188	188
20	3	48	0	his	True	-2	21	0	0	0	0	240	240	384	680
20	3	203	0	his	True	-2	22	184	184	184	184	188	188	188	188
20	3	200	0	his	True	-2	23	192	192	192	852	0	0	0	0
20	3	90	0	his	True	-2	24	168	168	168	168	196	196	196	196
20	3	134	0	his	True	-2	25	0	0	0	0	216	216	308	960
20	3	173	0	his	True	-2	27	272	272	272	272	168	284	284	688
20	3	49	0	his	True	-2	28	0	0	0	0	220	348	348	348
20	3	153	0	his	True	-2	29	148	148	148	148	156	156	156	156
20	3	199	0	his	True	-2	30	172	172	552	836	0	0	0	0
20	3	200	0	his	True	-2	31	52	52	52	52	172	172	172	172
20	3	14	0	his	True	-2	32	224	224	404	652	116	116	116	116
20	3	119	0	his	True	-2	33	176	176	176	176	140	140	140	140
20	3	127	0	his	True	-2	34	148	148	148	148	352	352	352	352
20	3	175	0	his	True	-2	35	280	352	352	352	280	280	280	280
20	3	143	0	his	True	-2	36	360	360	360	360	0	0	0	0
20	3	78	0	his	True	-2	37	204	204	204	568	168	168	168	168
20	3	113	0	his	True	-2	38	232	280	280	280	0	0	0	0
20	3	122	0	his	True	-2	39	0	0	0	0	0	0	0	0
20	3	28	0	his	True	-2	41	0	0	0	0	172	216	416	852
20	3	5	0	his	True	-2	42	200	200	200	200	304	304	304	520
20	3	162	0	his	True	-2	43	224	224	224	224	160	160	160	160
21	1	114	0	He's	True	?	1	276	276	276	276	252	572	572	572
21	1	44	0	He's	True	?	2	180	180	180	180	172	300	300	300
21	1	10	0	He's	True	?	3	356	356	356	356	160	160	160	160
21	1	58	0	He's	True	?	4	352	352	352	352	0	0	0	0
21	1	15	0	He's	True	?	5	0	0	0	0	0	0	0	0
21	1	116	0	He's	True	?	6	0	0	0	0	272	384	384	384
21	1	86	0	He's	True	?	7	244	244	244	244	164	324	468	1068
21	1	86	0	He's	True	?	8	0	0	0	0	240	240	240	336
21	1	146	0	He's	True	?	10	104	104	104	104	288	288	364	552
21	1	70	0	He's	True	?	11	260	260	260	260	220	220	220	220
21	1	36	0	He's	True	?	12	0	0	0	0	204	344	344	344
21	1	142	0	He's	True	?	13	276	276	276	276	208	208	208	208
21	1	101	0	He's	True	?	14	96	96	96	96	192	192	192	320
21	1	30	0	He's	True	?	15	0	0	0	0	0	0	0	0
21	1	48	0	He's	True	?	16	188	320	320	320	140	140	140	140
21	1	155	0	He's	True	?	17	0	0	0	0	372	372	372	372
21	1	152	0	He's	True	?	18	0	0	0	0	240	240	240	328
21	1	42	0	He's	True	?	19	280	280	280	280	124	124	124	124
21	1	18	0	He's	True	?	20	0	0	0	0	248	532	532	532
21	1	63	0	He's	True	?	21	0	0	0	0	220	404	404	404
21	1	51	0	He's	True	?	22	0	0	0	0	0	0	0	0
21	1	138	0	He's	True	?	23	212	360	360	360	528	528	528	528
21	1	146	0	He's	True	?	24	244	244	244	244	196	196	196	196
21	1	40	0	He's	True	?	25	0	0	0	0	240	400	400	400
21	1	79	0	He's	True	?	27	0	0	0	0	0	0	0	0
21	1	87	0	He's	True	?	28	0	0	0	0	204	240	460	796
21	1	191	0	He's	True	?	29	276	276	276	276	184	184	184	184
21	1	95	0	He's	True	?	30	260	1252	1252	1252	132	132	132	132
21	1	76	0	He's	True	?	31	0	0	0	0	244	244	244	308
21	1	154	0	He's	True	?	32	232	348	348	348	208	208	208	208
21	1	128	0	He's	True	?	33	244	380	380	380	144	144	144	144
21	1	152	0	He's	True	?	34	212	212	212	212	204	204	204	204
21	1	95	0	He's	True	?	35	0	0	0	0	244	452	452	452
21	1	126	0	He's	True	?	36	240	240	240	240	0	0	0	0
21	1	190	0	He's	True	?	37	188	188	188	188	128	396	524	752
21	1	107	0	He's	True	?	38	284	284	284	284	184	184	184	184
21	1	108	0	He's	True	?	39	0	0	0	0	0	0	0	0
21	1	67	0	He's	True	?	40	196	196	196	196	196	260	260	260
21	1	40	0	He's	True	?	41	0	0	0	0	0	0	0	0
21	1	119	0	He's	True	?	42	124	280	280	280	120	120	120	120
21	1	93	0	He's	True	?	43	352	352	352	352	0	0	0	0
21	3	114	0	his	True	-2	1	244	244	244	244	148	148	444	1140
21	3	44	0	his	True	-2	2	92	92	92	92	80	80	264	564
21	3	10	0	his	True	-2	3	212	380	380	380	132	132	132	132
21	3	58	0	his	True	-2	4	0	0	0	0	232	384	384	384
21	3	15	0	his	True	-2	5	240	240	456	1128	144	144	144	144
21	3	116	0	his	True	-2	6	0	0	0	0	156	156	156	156
21	3	86	0	his	True	-2	7	156	156	156	156	0	0	0	0
21	3	86	0	his	True	-2	8	180	180	180	180	200	200	200	200
21	3	146	0	his	True	-2	10	140	140	140	140	128	128	128	128
21	3	70	0	his	True	-2	11	152	152	152	152	136	136	136	136
21	3	36	0	his	True	-2	12	116	116	116	116	224	224	224	224
21	3	142	0	his	True	-2	13	180	180	180	180	156	156	156	156
21	3	101	0	his	True	-2	14	0	0	0	0	176	340	340	340
21	3	30	0	his	True	-2	15	256	256	256	412	232	232	232	232
21	3	48	0	his	True	-2	16	192	192	192	192	144	144	144	144
21	3	155	0	his	True	-2	17	136	136	136	136	244	400	400	684
21	3	152	0	his	True	-2	18	0	0	0	0	240	240	240	240
21	3	42	0	his	True	-2	19	72	72	72	72	296	296	296	432
21	3	18	0	his	True	-2	20	0	0	0	0	180	180	180	180
21	3	63	0	his	True	-2	21	144	144	144	144	52	52	52	52
21	3	51	0	his	True	-2	22	0	0	0	0	220	324	460	1544
21	3	138	0	his	True	-2	23	120	120	120	120	220	220	220	220
21	3	146	0	his	True	-2	24	152	152	152	152	164	164	164	164
21	3	40	0	his	True	-2	25	0	0	0	0	160	292	292	484
21	3	79	0	his	True	-2	27	0	0	0	0	56	56	224	1152
21	3	87	0	his	True	-2	28	140	276	276	276	212	212	212	212
21	3	191	0	his	True	-2	29	0	0	0	0	160	160	160	284
21	3	95	0	his	True	-2	30	280	280	280	280	164	164	164	164
21	3	76	0	his	True	-2	31	0	0	0	0	184	304	304	304
21	3	154	0	his	True	-2	32	264	264	264	264	236	236	236	236
21	3	128	0	his	True	-2	33	160	160	160	160	144	144	144	144
21	3	152	0	his	True	-2	34	164	164	164	164	0	0	0	0
21	3	95	0	his	True	-2	35	116	116	116	116	584	584	792	2312
21	3	126	0	his	True	-2	36	0	0	0	0	208	208	208	208
21	3	190	0	his	True	-2	37	124	124	124	124	180	180	180	180
21	3	107	0	his	True	-2	38	0	0	0	0	352	352	352	352
21	3	108	0	his	True	-2	39	0	0	0	0	0	0	0	0
21	3	67	0	his	True	-2	40	224	224	224	224	304	304	304	304
21	3	40	0	his	True	-2	41	0	0	0	0	0	0	0	0
21	3	119	0	his	True	-2	42	0	0	0	0	296	296	296	296
21	3	93	0	his	True	-2	43	128	128	128	128	212	212	212	212
23	6	31	1	it.	True	?	1	168	168	168	308	-999	-999	-999	-999
23	6	114	1	it.	True	?	2	288	288	288	288	-999	-999	-999	-999
23	6	136	1	it.	True	?	3	0	0	0	0	-999	-999	-999	-999
23	6	9	1	it.	True	?	4	208	208	208	208	-999	-999	-999	-999
23	6	123	1	it.	True	?	5	0	0	0	0	-999	-999	-999	-999
23	6	42	1	it.	True	?	6	0	0	0	0	-999	-999	-999	-999
23	6	23	1	it.	True	?	7	0	0	0	0	-999	-999	-999	-999
23	6	187	1	it.	True	?	8	96	96	96	96	-999	-999	-999	-999
23	6	78	1	it.	True	?	10	112	112	112	112	-999	-999	-999	-999
23	6	153	1	it.	True	?	11	280	280	280	280	-999	-999	-999	-999
23	6	93	1	it.	True	?	12	0	0	0	0	-999	-999	-999	-999
23	6	10	1	it.	True	?	13	0	0	0	0	-999	-999	-999	-999
23	6	161	1	it.	True	?	14	168	168	168	168	-999	-999	-999	-999
23	6	118	1	it.	True	?	15	0	0	0	0	-999	-999	-999	-999
23	6	24	1	it.	True	?	16	0	0	0	0	-999	-999	-999	-999
23	6	81	1	it.	True	?	18	0	0	0	0	-999	-999	-999	-999
23	6	111	1	it.	True	?	19	352	352	352	352	-999	-999	-999	-999
23	6	180	1	it.	True	?	20	0	0	0	0	-999	-999	-999	-999
23	6	86	1	it.	True	?	21	292	404	404	404	-999	-999	-999	-999
23	6	92	1	it.	True	?	22	128	128	128	128	-999	-999	-999	-999
23	6	130	1	it.	True	?	23	228	228	228	340	-999	-999	-999	-999
23	6	200	1	it.	True	?	24	132	132	132	132	-999	-999	-999	-999
23	6	178	1	it.	True	?	25	0	0	0	0	-999	-999	-999	-999
23	6	119	1	it.	True	?	27	332	332	332	332	-999	-999	-999	-999
23	6	139	1	it.	True	?	28	236	236	236	236	-999	-999	-999	-999
23	6	166	1	it.	True	?	29	100	100	100	100	-999	-999	-999	-999
23	6	78	1	it.	True	?	30	0	0	0	0	-999	-999	-999	-999
23	6	147	1	it.	True	?	31	0	0	0	0	-999	-999	-999	-999
23	6	187	1	it.	True	?	32	136	136	136	136	-999	-999	-999	-999
23	6	13	1	it.	True	?	33	168	168	168	260	-999	-999	-999	-999
23	6	197	1	it.	True	?	34	0	0	0	0	-999	-999	-999	-999
23	6	81	1	it.	True	?	35	0	0	0	0	-999	-999	-999	-999
23	6	135	1	it.	True	?	36	0	0	0	0	-999	-999	-999	-999
23	6	12	1	it.	True	?	37	0	0	0	0	-999	-999	-999	-999
23	6	165	1	it.	True	?	38	0	0	0	0	-999	-999	-999	-999
23	6	76	1	it.	True	?	39	0	0	0	0	-999	-999	-999	-999
23	6	201	1	it.	True	?	40	92	92	92	92	-999	-999	-999	-999
23	6	192	1	it.	True	?	41	172	172	172	480	-999	-999	-999	-999
23	6	105	1	it.	True	?	42	0	0	0	0	-999	-999	-999	-999
23	6	102	1	it.	True	?	43	316	316	316	316	-999	-999	-999	-999
25	6	75	1	this.	True	?	1	156	236	236	236	-999	-999	-999	-999
25	6	83	1	this.	True	?	2	264	264	264	496	-999	-999	-999	-999
25	6	23	1	this.	True	?	3	256	548	548	548	-999	-999	-999	-999
25	6	139	1	this.	True	?	4	312	312	312	312	-999	-999	-999	-999
25	6	177	1	this.	True	?	5	156	156	156	348	-999	-999	-999	-999
25	6	22	1	this.	True	?	6	0	0	0	0	-999	-999	-999	-999
25	6	186	1	this.	True	?	7	196	196	412	580	-999	-999	-999	-999
25	6	155	1	this.	True	?	8	124	124	124	124	-999	-999	-999	-999
25	6	109	1	this.	True	?	10	200	200	308	1004	-999	-999	-999	-999
25	6	137	1	this.	True	?	11	196	196	196	196	-999	-999	-999	-999
25	6	97	1	this.	True	?	12	288	288	288	288	-999	-999	-999	-999
25	6	85	1	this.	True	?	13	448	576	576	576	-999	-999	-999	-999
25	6	21	1	this.	True	?	14	368	368	368	904	-999	-999	-999	-999
25	6	39	1	this.	True	?	15	0	0	0	0	-999	-999	-999	-999
25	6	202	1	this.	True	?	16	232	784	784	784	-999	-999	-999	-999
25	6	70	1	this.	True	?	18	252	252	252	252	-999	-999	-999	-999
25	6	27	1	this.	True	?	19	164	164	164	860	-999	-999	-999	-999
25	6	38	1	this.	True	?	20	152	320	320	320	-999	-999	-999	-999
25	6	18	1	this.	True	?	21	308	656	656	656	-999	-999	-999	-999
25	6	204	1	this.	True	?	22	0	0	0	0	-999	-999	-999	-999
25	6	11	1	this.	True	?	23	300	300	300	924	-999	-999	-999	-999
25	6	203	1	this.	True	?	24	284	284	284	404	-999	-999	-999	-999
25	6	51	1	this.	True	?	25	164	536	536	536	-999	-999	-999	-999
25	6	184	1	this.	True	?	27	236	236	236	592	-999	-999	-999	-999
25	6	21	1	this.	True	?	28	120	120	120	120	-999	-999	-999	-999
25	6	89	1	this.	True	?	29	160	404	404	404	-999	-999	-999	-999
25	6	150	1	this.	True	?	30	448	448	448	448	-999	-999	-999	-999
25	6	2	1	this.	True	?	31	464	464	464	464	-999	-999	-999	-999
25	6	12	1	this.	True	?	32	248	248	608	1072	-999	-999	-999	-999
25	6	16	1	this.	True	?	33	148	148	372	1416	-999	-999	-999	-999
25	6	2	1	this.	True	?	34	208	208	208	208	-999	-999	-999	-999
25	6	178	1	this.	True	?	35	220	220	220	220	-999	-999	-999	-999
25	6	145	1	this.	True	?	36	0	0	0	0	-999	-999	-999	-999
25	6	116	1	this.	True	?	37	160	160	160	788	-999	-999	-999	-999
25	6	162	1	this.	True	?	38	0	0	0	0	-999	-999	-999	-999
25	6	35	1	this.	True	?	39	148	148	148	732	-999	-999	-999	-999
25	6	139	1	this.	True	?	40	0	0	0	0	-999	-999	-999	-999
25	6	19	1	this.	True	?	41	128	128	128	668	-999	-999	-999	-999
25	6	8	1	this.	True	?	42	224	496	496	676	-999	-999	-999	-999
25	6	149	1	this.	True	?	43	192	192	192	412	-999	-999	-999	-999
28	1	55	0	She	True	?	1	284	284	284	284	172	404	404	404
28	1	186	0	She	True	?	2	180	180	180	180	156	156	156	156
28	1	114	0	She	True	?	3	0	0	0	0	228	228	408	532
28	1	14	0	She	True	?	4	272	272	272	272	168	168	168	168
28	1	68	0	She	True	?	5	0	0	0	0	0	0	0	0
28	1	62	0	She	True	?	6	192	192	192	192	132	132	132	132
28	1	69	0	She	True	?	7	160	272	272	272	192	192	192	192
28	1	57	0	She	True	?	8	0	0	0	0	244	480	480	480
28	1	204	0	She	True	?	10	0	0	0	0	292	420	420	420
28	1	75	0	She	True	?	11	28	244	244	244	168	320	320	320
28	1	64	0	She	True	?	12	0	0	0	0	348	348	348	348
28	1	100	0	She	True	?	13	304	304	304	304	216	216	216	216
28	1	90	0	She	True	?	14	0	0	0	0	56	536	536	536
28	1	146	0	She	True	?	15	244	244	244	244	124	124	124	124
28	1	57	0	She	True	?	16	0	0	0	0	240	464	464	464
28	1	116	0	She	True	?	17	284	284	284	284	108	108	108	108
28	1	169	0	She	True	?	18	0	0	0	0	232	396	396	396
28	1	59	0	She	True	?	19	272	272	272	272	148	148	148	148
28	1	20	0	She	True	?	20	0	0	0	0	252	424	424	424
28	1	2	0	She	True	?	21	0	0	0	0	232	352	352	352
28	1	14	0	She	True	?	22	0	0	0	0	0	0	0	0
28	1	77	0	She	True	?	23	348	348	348	348	488	2484	2484	2484
28	1	86	0	She	True	?	24	68	68	68	68	288	288	288	288
28	1	3	0	She	True	?	25	0	0	0	0	0	0	0	0
28	1	142	0	She	True	?	27	120	120	120	120	264	264	264	264
28	1	41	0	She	True	?	28	136	136	136	136	100	436	436	436
28	1	144	0	She	True	?	29	0	0	0	0	260	260	412	444
28	1	198	0	She	True	?	30	0	0	0	0	372	624	624	624
28	1	33	0	She	True	?	31	280	280	280	280	212	212	212	212
28	1	67	0	She	True	?	32	392	392	392	392	200	200	200	200
28	1	110	0	She	True	?	33	312	312	312	312	204	348	348	348
28	1	71	0	She	True	?	34	164	324	324	324	172	172	172	172
28	1	117	0	She	True	?	35	372	372	372	372	196	196	196	196
28	1	8	0	She	True	?	36	0	0	0	0	0	0	0	0
28	1	146	0	She	True	?	37	0	0	0	0	232	432	432	432
28	1	26	0	She	True	?	38	160	160	160	160	180	224	224	224
28	1	8	0	She	True	?	39	0	0	0	0	0	0	0	0
28	1	124	0	She	True	?	40	0	0	0	0	0	0	0	0
28	1	196	0	She	True	?	41	0	0	0	0	0	0	0	0
28	1	205	0	She	True	?	42	0	0	0	0	60	384	384	384
28	1	113	0	She	True	?	43	0	0	0	0	312	452	452	452
30	6	81	1	itself.	False	-4	1	148	148	292	512	-999	-999	-999	-999
30	6	23	1	itself.	False	-4	2	376	376	376	376	-999	-999	-999	-999
30	6	2	1	itself.	False	-4	3	272	272	436	648	-999	-999	-999	-999
30	6	84	1	itself.	False	-4	4	192	192	192	192	-999	-999	-999	-999
30	6	13	1	itself.	False	-4	5	100	100	100	864	-999	-999	-999	-999
30	6	6	1	itself.	False	-4	6	244	244	244	504	-999	-999	-999	-999
30	6	111	1	itself.	False	-4	7	304	304	528	772	-999	-999	-999	-999
30	6	96	1	itself.	False	-4	8	236	368	368	368	-999	-999	-999	-999
30	6	3	1	itself.	False	-4	9	232	232	780	1428	-999	-999	-999	-999
30	6	154	1	itself.	False	-4	10	276	276	436	1064	-999	-999	-999	-999
30	6	199	1	itself.	False	-4	11	204	204	204	204	-999	-999	-999	-999
30	6	151	1	itself.	False	-4	12	224	224	224	224	-999	-999	-999	-999
30	6	65	1	itself.	False	-4	13	228	536	536	536	-999	-999	-999	-999
30	6	122	1	itself.	False	-4	14	224	224	548	720	-999	-999	-999	-999
30	6	49	1	itself.	False	-4	15	0	0	0	0	-999	-999	-999	-999
30	6	163	1	itself.	False	-4	16	532	724	724	724	-999	-999	-999	-999
30	6	20	1	itself.	False	-4	17	160	160	160	796	-999	-999	-999	-999
30	6	163	1	itself.	False	-4	18	268	268	268	268	-999	-999	-999	-999
30	6	119	1	itself.	False	-4	19	0	0	0	0	-999	-999	-999	-999
30	6	12	1	itself.	False	-4	20	164	164	272	688	-999	-999	-999	-999
30	6	136	1	itself.	False	-4	21	284	284	284	284	-999	-999	-999	-999
30	6	117	1	itself.	False	-4	22	196	196	196	296	-999	-999	-999	-999
30	6	95	1	itself.	False	-4	23	180	180	508	724	-999	-999	-999	-999
30	6	32	1	itself.	False	-4	24	148	148	292	468	-999	-999	-999	-999
30	6	7	1	itself.	False	-4	25	0	0	0	0	-999	-999	-999	-999
30	6	36	1	itself.	False	-4	27	136	136	440	676	-999	-999	-999	-999
30	6	9	1	itself.	False	-4	28	192	192	352	536	-999	-999	-999	-999
30	6	155	1	itself.	False	-4	29	176	176	652	740	-999	-999	-999	-999
30	6	63	1	itself.	False	-4	30	172	172	600	2172	-999	-999	-999	-999
30	6	36	1	itself.	False	-4	31	96	96	96	96	-999	-999	-999	-999
30	6	26	1	itself.	False	-4	32	220	220	220	456	-999	-999	-999	-999
30	6	69	1	itself.	False	-4	33	232	232	600	1384	-999	-999	-999	-999
30	6	157	1	itself.	False	-4	34	0	0	0	0	-999	-999	-999	-999
30	6	153	1	itself.	False	-4	35	364	364	364	364	-999	-999	-999	-999
30	6	195	1	itself.	False	-4	36	0	0	0	0	-999	-999	-999	-999
30	6	85	1	itself.	False	-4	37	140	140	392	748	-999	-999	-999	-999
30	6	160	1	itself.	False	-4	38	216	216	216	216	-999	-999	-999	-999
30	6	84	1	itself.	False	-4	39	0	0	0	0	-999	-999	-999	-999
30	6	123	1	itself.	False	-4	40	0	0	0	0	-999	-999	-999	-999
30	6	113	1	itself.	False	-4	41	236	236	612	1244	-999	-999	-999	-999
30	6	49	1	itself.	False	-4	42	320	504	504	1300	-999	-999	-999	-999
30	6	10	1	itself.	False	-4	43	204	204	748	2288	-999	-999	-999	-999
31	1	14	0	They're	True	?	1	256	304	304	304	260	260	456	688
31	1	51	0	They're	True	?	2	224	352	352	352	108	108	108	108
31	1	186	0	They're	True	?	3	312	312	312	312	152	284	284	284
31	1	120	0	They're	True	?	4	300	300	300	300	176	348	348	348
31	1	32	0	They're	True	?	5	284	284	284	284	172	352	352	352
31	1	92	0	They're	True	?	6	0	0	0	0	336	336	336	336
31	1	126	0	They're	True	?	7	108	256	256	256	112	112	112	112
31	1	28	0	They're	True	?	8	248	392	392	392	148	148	148	148
31	1	6	0	They're	True	?	10	280	336	336	336	136	136	136	136
31	1	192	0	They're	True	?	11	248	408	408	408	216	216	216	216
31	1	120	0	They're	True	?	12	232	1144	1144	1144	200	200	200	200
31	1	152	0	They're	True	?	13	308	308	308	308	232	232	232	232
31	1	81	0	They're	True	?	14	44	320	320	320	208	208	208	208
31	1	63	0	They're	True	?	15	104	104	104	104	164	164	164	164
31	1	5	0	They're	True	?	16	64	384	384	384	136	136	136	136
31	1	161	0	They're	True	?	17	276	336	336	336	148	148	148	148
31	1	155	0	They're	True	?	18	252	252	252	252	176	176	176	176
31	1	21	0	They're	True	?	19	264	264	264	264	180	180	180	180
31	1	24	0	They're	True	?	20	280	412	412	412	0	0	0	0
31	1	174	0	They're	True	?	21	228	228	228	228	48	208	208	208
31	1	115	0	They're	True	?	22	296	296	296	296	464	464	464	464
31	1	174	0	They're	True	?	23	288	396	396	636	0	0	0	0
31	1	81	0	They're	True	?	24	236	372	372	372	216	216	216	216
31	1	121	0	They're	True	?	25	40	40	40	40	200	200	368	592
31	1	32	0	They're	True	?	27	0	0	0	0	216	216	216	420
31	1	95	0	They're	True	?	28	256	704	704	704	220	220	220	220
31	1	160	0	They're	True	?	29	264	292	292	292	232	232	232	232
31	1	195	0	They're	True	?	30	312	812	812	812	0	0	0	0
31	1	151	0	They're	True	?	31	72	248	248	248	136	136	136	136
31	1	105	0	They're	True	?	32	460	460	460	460	288	500	500	500
31	1	103	0	They're	True	?	33	256	520	520	520	24	24	284	732
31	1	96	0	They're	True	?	34	284	444	444	444	188	188	188	188
31	1	70	0	They're	True	?	35	228	320	320	320	212	212	212	212
31	1	101	0	They're	True	?	36	220	220	220	220	148	148	148	148
31	1	87	0	They're	True	?	37	120	576	576	576	160	160	160	160
31	1	154	0	They're	True	?	38	304	304	304	304	208	208	208	208
31	1	71	0	They're	True	?	39	0	0	0	0	0	0	0	0
31	1	161	0	They're	True	?	40	0	0	0	0	0	0	0	0
31	1	172	0	They're	True	?	41	0	0	0	0	0	0	0	0
31	1	44	0	They're	True	?	42	64	288	288	288	136	136	136	136
31	1	77	0	They're	True	?	43	232	336	336	336	188	188	188	188
31	6	14	1	them.	True	?	1	200	200	200	584	-999	-999	-999	-999
31	6	51	1	them.	True	?	2	196	196	196	636	-999	-999	-999	-999
31	6	186	1	them.	True	?	3	320	320	320	320	-999	-999	-999	-999
31	6	120	1	them.	True	?	4	156	556	556	556	-999	-999	-999	-999
31	6	32	1	them.	True	?	5	144	144	420	2044	-999	-999	-999	-999
31	6	92	1	them.	True	?	6	0	0	0	0	-999	-999	-999	-999
31	6	126	1	them.	True	?	7	204	324	1596	1792	-999	-999	-999	-999
31	6	28	1	them.	True	?	8	468	468	468	468	-999	-999	-999	-999
31	6	6	1	them.	True	?	10	212	212	212	960	-999	-999	-999	-999
31	6	192	1	them.	True	?	11	248	248	248	248	-999	-999	-999	-999
31	6	120	1	them.	True	?	12	488	488	488	488	-999	-999	-999	-999
31	6	152	1	them.	True	?	13	124	440	440	440	-999	-999	-999	-999
31	6	81	1	them.	True	?	14	352	352	352	352	-999	-999	-999	-999
31	6	63	1	them.	True	?	15	0	0	0	0	-999	-999	-999	-999
31	6	5	1	them.	True	?	16	232	1296	1296	1296	-999	-999	-999	-999
31	6	161	1	them.	True	?	17	548	548	548	548	-999	-999	-999	-999
31	6	155	1	them.	True	?	18	0	0	0	0	-999	-999	-999	-999
31	6	21	1	them.	True	?	19	124	152	152	1344	-999	-999	-999	-999
31	6	24	1	them.	True	?	20	360	360	360	360	-999	-999	-999	-999
31	6	174	1	them.	True	?	21	384	384	384	384	-999	-999	-999	-999
31	6	115	1	them.	True	?	22	0	0	0	0	-999	-999	-999	-999
31	6	174	1	them.	True	?	23	340	840	840	840	-999	-999	-999	-999
31	6	81	1	them.	True	?	24	348	348	348	348	-999	-999	-999	-999
31	6	121	1	them.	True	?	25	188	188	188	436	-999	-999	-999	-999
31	6	32	1	them.	True	?	27	128	128	128	916	-999	-999	-999	-999
31	6	95	1	them.	True	?	28	372	840	1144	3340	-999	-999	-999	-999
31	6	160	1	them.	True	?	29	128	584	584	916	-999	-999	-999	-999
31	6	195	1	them.	True	?	30	272	272	272	436	-999	-999	-999	-999
31	6	151	1	them.	True	?	31	344	344	344	344	-999	-999	-999	-999
31	6	105	1	them.	True	?	32	156	336	336	336	-999	-999	-999	-999
31	6	103	1	them.	True	?	33	300	300	300	656	-999	-999	-999	-999
31	6	96	1	them.	True	?	34	0	0	0	0	-999	-999	-999	-999
31	6	70	1	them.	True	?	35	716	716	716	716	-999	-999	-999	-999
31	6	101	1	them.	True	?	36	0	0	0	0	-999	-999	-999	-999
31	6	87	1	them.	True	?	37	152	152	152	152	-999	-999	-999	-999
31	6	154	1	them.	True	?	38	0	0	0	0	-999	-999	-999	-999
31	6	71	1	them.	True	?	39	0	0	0	0	-999	-999	-999	-999
31	6	161	1	them.	True	?	40	108	444	444	444	-999	-999	-999	-999
31	6	172	1	them.	True	?	41	0	0	0	0	-999	-999	-999	-999
31	6	44	1	them.	True	?	42	164	352	352	352	-999	-999	-999	-999
31	6	77	1	them.	True	?	43	136	136	136	476	-999	-999	-999	-999
32	1	138	0	We	True	?	1	0	0	0	0	268	268	268	420
32	1	70	0	We	True	?	2	212	212	212	212	184	184	184	184
32	1	87	0	We	True	?	3	0	0	0	0	456	608	608	608
32	1	26	0	We	True	?	4	0	0	0	0	264	456	456	456
32	1	115	0	We	True	?	5	0	0	0	0	272	480	480	480
32	1	72	0	We	True	?	6	0	0	0	0	80	80	228	372
32	1	73	0	We	True	?	7	0	0	0	0	192	192	192	192
32	1	31	0	We	True	?	8	0	0	0	0	232	376	376	376
32	1	58	0	We	True	?	10	0	0	0	0	304	304	304	304
32	1	188	0	We	True	?	11	256	256	256	256	152	152	152	152
32	1	23	0	We	True	?	12	0	0	0	0	252	252	504	1216
32	1	23	0	We	True	?	13	252	252	252	252	124	124	124	124
32	1	131	0	We	True	?	14	0	0	0	0	284	528	528	528
32	1	117	0	We	True	?	15	92	92	92	92	160	160	160	160
32	1	43	0	We	True	?	16	276	276	276	276	256	492	492	492
32	1	135	0	We	True	?	18	0	0	0	0	280	280	280	280
32	1	82	0	We	True	?	19	0	0	0	0	276	392	392	392
32	1	43	0	We	True	?	20	0	0	0	0	0	0	0	0
32	1	71	0	We	True	?	21	84	304	304	304	144	144	144	144
32	1	181	0	We	True	?	22	244	244	244	244	340	340	340	340
32	1	186	0	We	True	?	23	324	324	324	324	204	204	204	204
32	1	56	0	We	True	?	24	232	232	232	232	156	156	156	156
32	1	49	0	We	True	?	25	0	0	0	0	0	0	0	0
32	1	144	0	We	True	?	27	0	0	0	0	96	448	448	448
32	1	14	0	We	True	?	28	0	0	0	0	0	0	0	0
32	1	98	0	We	True	?	29	44	44	44	44	236	236	236	236
32	1	172	0	We	True	?	30	0	0	0	0	292	772	772	772
32	1	169	0	We	True	?	31	0	0	0	0	68	68	68	68
32	1	95	0	We	True	?	32	340	340	340	340	152	280	280	280
32	1	22	0	We	True	?	33	0	0	0	0	248	448	448	448
32	1	74	0	We	True	?	34	252	252	252	252	156	156	156	156
32	1	28	0	We	True	?	35	0	0	0	0	248	456	456	456
32	1	164	0	We	True	?	36	0	0	0	0	0	0	0	0
32	1	118	0	We	True	?	37	0	0	0	0	40	280	280	280
32	1	184	0	We	True	?	38	228	228	228	228	176	176	176	176
32	1	188	0	We	True	?	39	0	0	0	0	0	0	0	0
32	1	175	0	We	True	?	40	0	0	0	0	0	0	0	0
32	1	121	0	We	True	?	41	0	0	0	0	0	0	0	0
32	1	82	0	We	True	?	42	0	0	0	0	264	356	356	356
32	1	153	0	We	True	?	43	244	244	244	244	188	188	188	188
32	5	138	0	our	True	-4	1	256	256	256	764	0	0	0	0
32	5	70	0	our	True	-4	2	176	176	700	864	0	0	0	0
32	5	87	0	our	True	-4	3	156	348	348	348	0	0	0	0
32	5	26	0	our	True	-4	4	132	132	1100	1220	0	0	0	0
32	5	115	0	our	True	-4	5	304	304	304	1544	0	0	0	0
32	5	72	0	our	True	-4	6	312	312	312	312	248	248	248	248
32	5	73	0	our	True	-4	7	140	140	304	664	0	0	0	0
32	5	31	0	our	True	-4	8	180	180	180	660	0	0	0	0
32	5	58	0	our	True	-4	10	192	192	408	940	196	196	196	1104
32	5	188	0	our	True	-4	11	280	280	280	680	0	0	0	0
32	5	23	0	our	True	-4	12	192	192	192	772	0	0	0	0
32	5	23	0	our	True	-4	13	184	184	184	184	504	504	504	504
32	5	131	0	our	True	-4	14	0	0	0	0	108	108	108	720
32	5	117	0	our	True	-4	15	640	640	640	640	0	0	0	0
32	5	43	0	our	True	-4	16	216	744	1336	1556	0	0	0	0
32	5	135	0	our	True	-4	18	276	276	276	276	292	292	292	292
32	5	82	0	our	True	-4	19	260	260	260	260	412	412	412	636
32	5	43	0	our	True	-4	20	0	0	0	0	216	216	384	1220
32	5	71	0	our	True	-4	21	124	124	124	124	232	232	232	1248
32	5	181	0	our	True	-4	22	0	0	0	0	204	204	204	204
32	5	186	0	our	True	-4	23	376	376	376	376	428	1520	1520	1520
32	5	56	0	our	True	-4	24	168	168	168	168	396	396	396	396
32	5	49	0	our	True	-4	25	200	200	200	340	180	180	180	180
32	5	144	0	our	True	-4	27	260	828	828	828	0	0	0	0
32	5	14	0	our	True	-4	28	192	192	192	192	168	168	168	292
32	5	98	0	our	True	-4	29	180	180	180	180	152	152	152	572
32	5	172	0	our	True	-4	30	248	248	248	864	0	0	0	0
32	5	169	0	our	True	-4	31	140	140	140	140	0	0	0	0
32	5	95	0	our	True	-4	32	176	176	176	176	316	316	316	316
32	5	22	0	our	True	-4	33	236	236	236	652	200	744	744	744
32	5	74	0	our	True	-4	34	996	996	996	996	0	0	0	0
32	5	28	0	our	True	-4	35	156	156	156	156	560	560	560	560
32	5	164	0	our	True	-4	36	204	204	204	616	0	0	0	0
32	5	118	0	our	True	-4	37	184	184	468	668	0	0	0	0
32	5	184	0	our	True	-4	38	212	212	212	264	320	320	320	320
32	5	188	0	our	True	-4	39	140	140	232	452	148	148	148	320
32	5	175	0	our	True	-4	40	0	0	0	0	0	0	0	0
32	5	121	0	our	True	-4	41	100	100	300	636	148	148	148	148
32	5	82	0	our	True	-4	42	0	0	0	0	288	288	288	1012
32	5	153	0	our	True	-4	43	212	212	212	212	144	144	144	472
33	1	73	0	We've	True	?	1	244	328	328	328	0	0	0	0
33	1	205	0	We've	True	?	2	244	244	244	244	160	160	160	160
33	1	76	0	We've	True	?	3	248	360	360	360	164	164	164	164
33	1	28	0	We've	True	?	4	268	316	316	316	148	148	148	148
33	1	197	0	We've	True	?	5	288	288	288	288	0	0	0	0
33	1	4	0	We've	True	?	6	0	0	0	0	232	232	232	232
33	1	170	0	We've	True	?	7	232	232	232	232	136	136	136	136
33	1	166	0	We've	True	?	8	248	404	404	404	0	0	0	0
33	1	11	0	We've	True	?	10	68	264	264	264	196	196	196	196
33	1	140	0	We've	True	?	11	268	456	456	456	120	120	120	120
33	1	122	0	We've	True	?	12	0	0	0	0	0	0	0	0
33	1	42	0	We've	True	?	13	272	272	272	272	196	196	196	196
33	1	139	0	We've	True	?	14	268	268	268	268	116	116	116	116
33	1	193	0	We've	True	?	15	0	0	0	0	248	248	248	248
33	1	127	0	We've	True	?	16	36	280	280	280	196	196	196	196
33	1	142	0	We've	True	?	18	268	268	268	268	0	0	0	0
33	1	74	0	We've	True	?	19	272	272	272	272	72	72	72	72
33	1	66	0	We've	True	?	20	92	260	260	260	136	136	136	136
33	1	172	0	We've	True	?	21	0	0	0	0	220	220	220	340
33	1	178	0	We've	True	?	22	0	0	0	0	0	0	0	0
33	1	129	0	We've	True	?	23	216	480	480	480	156	156	156	156
33	1	62	0	We've	True	?	24	300	300	300	300	0	0	0	0
33	1	97	0	We've	True	?	25	0	0	0	0	200	412	412	544
33	1	131	0	We've	True	?	27	332	332	332	332	0	0	0	0
33	1	174	0	We've	True	?	28	0	0	0	0	236	236	796	936
33	1	188	0	We've	True	?	29	0	0	0	0	228	320	320	320
33	1	100	0	We've	True	?	30	288	700	700	700	212	212	212	212
33	1	195	0	We've	True	?	31	0	0	0	0	0	0	0	0
33	1	178	0	We've	True	?	32	232	372	372	372	164	164	164	164
33	1	8	0	We've	True	?	33	260	984	984	984	148	148	148	148
33	1	116	0	We've	True	?	34	0	0	0	0	0	0	0	0
33	1	40	0	We've	True	?	35	224	224	224	224	200	200	200	200
33	1	81	0	We've	True	?	36	96	96	96	96	0	0	0	0
33	1	106	0	We've	True	?	37	0	0	0	0	0	0	0	0
33	1	97	0	We've	True	?	38	320	320	320	320	0	0	0	0
33	1	126	0	We've	True	?	39	0	0	0	0	0	0	0	0
33	1	78	0	We've	True	?	40	0	0	0	0	0	0	0	0
33	1	135	0	We've	True	?	41	0	0	0	0	0	0	0	0
33	1	15	0	We've	True	?	42	32	280	280	280	212	212	212	212
33	1	202	0	We've	True	?	43	240	332	332	332	0	0	0	0
35	6	86	0	this	True	?	1	0	0	0	0	220	616	616	616
35	6	107	0	this	True	?	2	148	148	148	148	636	636	636	636
35	6	92	0	this	True	?	3	200	200	200	200	404	404	404	404
35	6	199	0	this	True	?	4	156	304	304	756	0	0	0	0
35	6	88	0	this	True	?	5	140	140	140	140	140	140	140	1548
35	6	102	0	this	True	?	6	0	0	0	0	176	176	176	176
35	6	15	0	this	True	?	7	124	124	124	124	132	132	560	2832
35	6	38	0	this	True	?	8	220	220	220	220	348	348	348	348
35	6	159	0	this	True	?	10	152	152	152	152	180	180	268	1556
35	6	18	0	this	True	?	11	276	732	732	732	0	0	0	0
35	6	195	0	this	True	?	12	152	244	244	996	0	0	0	0
35	6	80	0	this	True	?	13	248	248	248	248	68	68	68	68
35	6	62	0	this	True	?	14	196	196	916	1108	0	0	0	0
35	6	133	0	this	True	?	15	0	0	0	0	200	976	976	976
35	6	34	0	this	True	?	16	236	236	236	376	256	768	768	768
35	6	117	0	this	True	?	17	0	0	0	0	220	220	220	636
35	6	91	0	this	True	?	18	0	0	0	0	388	388	388	388
35	6	153	0	this	True	?	19	228	228	228	528	0	0	0	0
35	6	26	0	this	True	?	20	0	0	0	0	348	348	584	1924
35	6	41	0	this	True	?	21	0	0	0	0	192	192	192	408
35	6	198	0	this	True	?	22	192	192	192	192	296	296	296	296
35	6	168	0	this	True	?	23	208	208	208	208	428	576	576	1084
35	6	119	0	this	True	?	24	0	0	0	0	160	160	160	376
35	6	186	0	this	True	?	25	192	192	192	192	240	240	240	480
35	6	81	0	this	True	?	27	216	216	1152	2500	0	0	0	0
35	6	203	0	this	True	?	28	1328	1724	1724	1724	32	340	340	340
35	6	137	0	this	True	?	29	0	0	0	0	164	164	164	548
35	6	144	0	this	True	?	30	244	244	568	996	368	400	400	752
35	6	4	0	this	True	?	31	0	0	0	0	188	188	188	384
35	6	172	0	this	True	?	32	0	0	0	0	160	316	316	316
35	6	115	0	this	True	?	33	192	192	192	192	172	288	288	604
35	6	122	0	this	True	?	34	0	0	0	0	196	196	196	1192
35	6	14	0	this	True	?	35	172	172	172	172	232	232	232	628
35	6	19	0	this	True	?	36	0	0	0	0	236	236	236	680
35	6	175	0	this	True	?	37	236	540	540	540	0	0	0	0
35	6	194	0	this	True	?	38	0	0	0	0	408	408	408	408
35	6	85	0	this	True	?	39	0	0	0	0	336	336	336	336
35	6	106	0	this	True	?	40	0	0	0	0	192	192	192	192
35	6	200	0	this	True	?	41	192	608	608	608	0	0	0	0
35	6	193	0	this	True	?	42	0	0	0	0	132	132	132	320
35	6	166	0	this	True	?	43	312	312	312	312	252	252	252	620
36	6	174	0	us	True	?	1	0	0	0	0	512	1072	1072	1072
36	6	110	0	us	True	?	2	0	0	0	0	180	180	948	1100
36	6	88	0	us	True	?	3	0	0	0	0	196	196	196	432
36	6	151	0	us	True	?	4	192	192	192	192	144	944	944	944
36	6	159	0	us	True	?	5	252	252	252	848	0	0	0	0
36	6	14	0	us	True	?	6	0	0	0	0	168	168	340	980
36	6	197	0	us	True	?	7	0	0	0	0	140	140	388	552
36	6	112	0	us	True	?	8	180	180	180	180	344	344	344	344
36	6	191	0	us	True	?	10	208	208	208	208	148	1300	1300	1300
36	6	173	0	us	True	?	11	284	284	284	716	276	276	276	276
36	6	34	0	us	True	?	12	0	0	0	0	228	228	648	1088
36	6	202	0	us	True	?	13	0	0	0	0	456	808	808	808
36	6	134	0	us	True	?	14	0	0	0	0	180	180	532	880
36	6	144	0	us	True	?	15	180	180	180	180	748	748	748	748
36	6	55	0	us	True	?	16	404	548	548	548	552	552	552	552
36	6	39	0	us	True	?	17	0	0	0	0	188	188	480	700
36	6	153	0	us	True	?	18	0	0	0	0	348	720	720	720
36	6	4	0	us	True	?	19	228	228	228	1032	60	60	780	832
36	6	82	0	us	True	?	20	0	0	0	0	220	220	220	748
36	6	157	0	us	True	?	21	0	0	0	0	268	460	460	460
36	6	108	0	us	True	?	22	0	0	0	0	176	408	408	692
36	6	33	0	us	True	?	23	176	176	176	176	216	216	1472	4416
36	6	75	0	us	True	?	24	0	0	0	0	156	368	368	368
36	6	19	0	us	True	?	25	0	0	0	0	396	568	568	604
36	6	188	0	us	True	?	27	300	300	300	300	436	436	436	436
36	6	179	0	us	True	?	28	0	0	0	0	268	268	636	708
36	6	67	0	us	True	?	29	0	0	0	0	164	248	448	616
36	6	5	0	us	True	?	30	144	144	144	144	168	168	328	1348
36	6	104	0	us	True	?	31	140	140	140	140	208	208	208	208
36	6	16	0	us	True	?	32	0	0	0	0	188	516	516	772
36	6	198	0	us	True	?	33	148	148	148	148	108	108	108	1112
36	6	65	0	us	True	?	34	0	0	0	0	268	268	268	268
36	6	4	0	us	True	?	35	0	0	0	0	424	424	576	2252
36	6	78	0	us	True	?	36	256	256	256	256	160	160	160	440
36	6	134	0	us	True	?	37	112	112	112	112	536	536	536	536
36	6	48	0	us	True	?	38	0	0	0	0	168	332	332	744
36	6	187	0	us	True	?	39	0	0	0	0	204	340	340	340
36	6	200	0	us	True	?	40	140	140	140	140	88	88	88	88
36	6	37	0	us	True	?	41	0	0	0	0	152	152	876	1148
36	6	176	0	us	True	?	42	256	256	256	256	312	312	312	312
36	6	49	0	us	True	?	43	248	248	248	248	608	608	608	608
37	1	183	0	He	True	?	1	212	212	212	212	140	224	224	224
37	1	132	0	He	True	?	2	224	224	224	224	76	76	76	76
37	1	30	0	He	True	?	3	0	0	0	0	76	576	576	576
37	1	193	0	He	True	?	4	0	0	0	0	296	372	372	372
37	1	110	0	He	True	?	5	0	0	0	0	236	388	388	388
37	1	200	0	He	True	?	6	0	0	0	0	32	200	200	200
37	1	71	0	He	True	?	7	240	240	240	240	124	124	124	124
37	1	162	0	He	True	?	8	0	0	0	0	268	436	436	436
37	1	10	0	He	True	?	10	0	0	0	0	428	428	428	428
37	1	166	0	He	True	?	11	236	236	236	236	136	136	136	136
37	1	168	0	He	True	?	12	0	0	0	0	236	740	740	740
37	1	9	0	He	True	?	13	256	256	256	256	124	124	124	124
37	1	31	0	He	True	?	14	0	0	0	0	108	492	492	492
37	1	58	0	He	True	?	15	0	0	0	0	236	236	236	236
37	1	93	0	He	True	?	16	120	332	332	332	140	284	284	284
37	1	57	0	He	True	?	18	320	320	320	320	0	0	0	0
37	1	114	0	He	True	?	19	264	264	264	264	84	84	84	84
37	1	163	0	He	True	?	20	0	0	0	0	92	388	388	388
37	1	56	0	He	True	?	21	0	0	0	0	0	0	0	0
37	1	50	0	He	True	?	22	0	0	0	0	444	560	560	560
37	1	161	0	He	True	?	23	268	268	268	268	152	452	452	452
37	1	151	0	He	True	?	24	0	0	0	0	304	304	304	304
37	1	14	0	He	True	?	25	0	0	0	0	0	0	0	0
37	1	174	0	He	True	?	27	0	0	0	0	32	372	372	372
37	1	173	0	He	True	?	28	0	0	0	0	96	96	232	408
37	1	161	0	He	True	?	29	0	0	0	0	216	340	340	340
37	1	94	0	He	True	?	30	0	0	0	0	240	496	496	496
37	1	190	0	He	True	?	31	0	0	0	0	208	208	208	208
37	1	63	0	He	True	?	32	228	228	228	228	172	292	292	292
37	1	183	0	He	True	?	33	244	244	244	244	132	132	132	132
37	1	82	0	He	True	?	34	248	248	248	248	152	324	324	324
37	1	141	0	He	True	?	35	0	0	0	0	252	328	328	328
37	1	97	0	He	True	?	36	188	188	188	188	0	0	0	0
37	1	48	0	He	True	?	37	216	216	216	216	208	208	208	208
37	1	14	0	He	True	?	38	80	80	80	80	272	272	272	272
37	1	109	0	He	True	?	39	0	0	0	0	0	0	0	0
37	1	171	0	He	True	?	40	0	0	0	0	0	0	0	0
37	1	195	0	He	True	?	41	0	0	0	0	0	0	0	0
37	1	48	0	He	True	?	42	0	0	0	0	20	456	456	456
37	1	108	0	He	True	?	43	0	0	0	0	288	288	288	288
38	1	4	0	He	True	?	1	236	236	236	236	164	164	164	164
38	1	123	0	He	True	?	2	212	212	212	212	0	0	0	0
38	1	102	0	He	True	?	3	308	308	308	308	0	0	0	0
38	1	48	0	He	True	?	4	0	0	0	0	248	400	400	400
38	1	167	0	He	True	?	5	0	0	0	0	244	244	244	244
38	1	29	0	He	True	?	6	64	64	64	64	0	0	0	0
38	1	187	0	He	True	?	7	0	0	0	0	248	248	248	248
38	1	188	0	He	True	?	8	0	0	0	0	256	396	396	396
38	1	160	0	He	True	?	10	0	0	0	0	0	0	0	0
38	1	93	0	He	True	?	11	252	252	252	252	120	120	120	120
38	1	84	0	He	True	?	12	0	0	0	0	0	0	0	0
38	1	13	0	He	True	?	13	280	280	280	280	0	0	0	0
38	1	152	0	He	True	?	14	0	0	0	0	28	292	292	292
38	1	169	0	He	True	?	15	0	0	0	0	240	240	240	240
38	1	82	0	He	True	?	16	0	0	0	0	0	0	0	0
38	1	5	0	He	True	?	17	324	324	324	324	276	276	276	276
38	1	40	0	He	True	?	18	0	0	0	0	0	0	0	0
38	1	167	0	He	True	?	19	276	276	276	276	0	0	0	0
38	1	37	0	He	True	?	20	0	0	0	0	280	408	408	408
38	1	9	0	He	True	?	21	0	0	0	0	248	248	248	248
38	1	4	0	He	True	?	22	0	0	0	0	0	0	0	0
38	1	81	0	He	True	?	23	248	248	248	248	172	172	172	528
38	1	44	0	He	True	?	24	236	236	236	236	128	128	128	128
38	1	114	0	He	True	?	25	0	0	0	0	0	0	0	0
38	1	154	0	He	True	?	27	332	332	332	332	0	0	0	0
38	1	45	0	He	True	?	28	0	0	0	0	228	584	584	584
38	1	20	0	He	True	?	29	0	0	0	0	0	0	0	0
38	1	171	0	He	True	?	30	220	220	220	220	212	576	792	1152
38	1	148	0	He	True	?	31	0	0	0	0	268	268	268	268
38	1	102	0	He	True	?	32	244	244	244	244	308	308	308	308
38	1	139	0	He	True	?	33	0	0	0	0	276	276	276	336
38	1	99	0	He	True	?	34	0	0	0	0	320	320	320	320
38	1	146	0	He	True	?	35	0	0	0	0	248	248	248	248
38	1	170	0	He	True	?	36	0	0	0	0	0	0	0	0
38	1	183	0	He	True	?	37	216	216	216	216	124	124	124	124
38	1	117	0	He	True	?	38	0	0	0	0	304	304	304	304
38	1	192	0	He	True	?	39	0	0	0	0	0	0	0	0
38	1	198	0	He	True	?	40	0	0	0	0	0	0	0	0
38	1	52	0	He	True	?	41	0	0	0	0	244	448	448	1460
38	1	38	0	He	True	?	42	0	0	0	0	152	348	348	348
38	1	143	0	He	True	?	43	0	0	0	0	248	416	416	416
39	3	118	0	him	True	?	1	144	144	144	144	192	192	192	192
39	3	189	0	him	True	?	2	0	0	0	0	160	344	344	344
39	3	71	0	him	True	?	3	144	144	144	144	152	332	332	332
39	3	180	0	him	True	?	4	0	0	0	0	220	220	220	220
39	3	113	0	him	True	?	5	0	0	0	0	308	308	308	308
39	3	135	0	him	True	?	6	0	0	0	0	148	148	148	148
39	3	106	0	him	True	?	7	72	72	72	72	132	132	132	132
39	3	65	0	him	True	?	8	204	204	204	204	276	276	276	276
39	3	3	0	him	True	?	10	92	92	248	656	124	124	124	124
39	3	44	0	him	True	?	11	152	152	152	152	112	112	112	112
39	3	35	0	him	True	?	12	0	0	0	0	236	236	236	236
39	3	113	0	him	True	?	13	244	244	244	244	152	152	152	152
39	3	156	0	him	True	?	14	0	0	0	0	220	220	220	548
39	3	183	0	him	True	?	15	0	0	0	0	156	156	156	156
39	3	96	0	him	True	?	16	184	184	184	184	356	356	356	356
39	3	122	0	him	True	?	17	260	260	260	260	0	0	0	0
39	3	94	0	him	True	?	18	0	0	0	0	172	172	172	172
39	3	66	0	him	True	?	19	168	168	168	168	120	120	120	120
39	3	173	0	him	True	?	20	0	0	0	0	128	128	128	128
39	3	79	0	him	True	?	21	0	0	0	0	144	144	144	144
39	3	140	0	him	True	?	22	176	176	176	176	292	292	292	292
39	3	150	0	him	True	?	23	192	192	192	192	244	244	244	244
39	3	64	0	him	True	?	24	296	296	296	296	160	160	160	160
39	3	44	0	him	True	?	25	0	0	0	0	244	244	244	536
39	3	190	0	him	True	?	27	232	232	232	232	296	296	296	296
39	3	78	0	him	True	?	28	184	356	356	356	216	216	216	216
39	3	45	0	him	True	?	29	0	0	0	0	0	0	0	0
39	3	66	0	him	True	?	30	0	0	0	0	304	304	304	304
39	3	127	0	him	True	?	31	208	208	208	208	68	68	68	68
39	3	82	0	him	True	?	32	188	188	188	188	244	244	244	244
39	3	82	0	him	True	?	33	180	180	180	180	252	252	252	252
39	3	22	0	him	True	?	34	228	456	456	456	248	248	248	248
39	3	86	0	him	True	?	35	156	156	156	156	168	168	168	168
39	3	9	0	him	True	?	36	248	248	248	384	0	0	0	0
39	3	103	0	him	True	?	37	132	132	132	132	180	180	180	180
39	3	21	0	him	True	?	38	0	0	0	0	216	368	368	368
39	3	193	0	him	True	?	39	0	0	0	0	0	0	0	0
39	3	196	0	him	True	?	40	0	0	0	0	0	0	0	0
39	3	97	0	him	True	?	41	0	0	0	0	0	0	0	0
39	3	35	0	him	True	?	42	0	0	0	0	160	160	160	160
39	3	131	0	him	True	?	43	172	172	172	172	188	188	188	188
42	5	26	0	he	False	-4	1	216	216	216	216	412	412	412	412
42	5	145	0	he	False	-4	2	212	212	212	212	268	344	344	648
42	5	173	0	he	False	-4	3	0	0	0	0	184	564	564	564
42	5	94	0	he	False	-4	4	144	144	144	144	180	228	620	1296
42	5	3	0	he	False	-4	5	0	0	0	0	224	224	452	1988
42	5	53	0	he	False	-4	6	0	0	0	0	252	252	252	252
42	5	37	0	he	False	-4	7	0	0	0	0	176	176	1136	2848
42	5	56	0	he	False	-4	8	312	312	312	312	260	260	260	260
42	5	1	0	he	False	-4	10	120	120	120	120	144	144	1040	2336
42	5	4	0	he	False	-4	11	148	148	148	148	132	736	736	736
42	5	77	0	he	False	-4	12	0	0	0	0	224	224	224	1212
42	5	3	0	he	False	-4	13	0	0	0	0	240	524	524	524
42	5	82	0	he	False	-4	14	248	248	248	248	196	196	692	1068
42	5	124	0	he	False	-4	15	224	224	804	976	0	0	0	0
42	5	194	0	he	False	-4	16	224	224	224	224	204	204	204	380
42	5	177	0	he	False	-4	18	256	256	256	256	444	444	444	444
42	5	56	0	he	False	-4	19	0	0	0	0	368	420	560	1868
42	5	205	0	he	False	-4	20	0	0	0	0	156	156	156	156
42	5	60	0	he	False	-4	21	200	200	200	520	308	308	308	308
42	5	82	0	he	False	-4	22	0	0	0	0	384	640	640	640
42	5	61	0	he	False	-4	23	0	0	0	0	160	324	324	324
42	5	39	0	he	False	-4	24	0	0	0	0	176	176	176	176
42	5	174	0	he	False	-4	25	0	0	0	0	296	296	296	296
42	5	167	0	he	False	-4	27	216	216	216	216	172	484	484	484
42	5	102	0	he	False	-4	28	164	164	164	164	164	164	164	164
42	5	113	0	he	False	-4	29	160	160	160	160	184	184	184	184
42	5	102	0	he	False	-4	30	160	476	476	476	220	220	220	220
42	5	25	0	he	False	-4	31	132	132	132	340	96	96	96	96
42	5	38	0	he	False	-4	32	148	148	148	148	356	356	356	356
42	5	144	0	he	False	-4	33	0	0	0	0	200	532	732	868
42	5	204	0	he	False	-4	34	156	156	156	392	0	0	0	0
42	5	194	0	he	False	-4	35	184	184	184	184	136	136	136	136
42	5	203	0	he	False	-4	36	168	168	168	168	152	152	152	152
42	5	120	0	he	False	-4	37	124	124	124	124	184	184	184	184
42	5	63	0	he	False	-4	38	168	168	168	168	172	172	172	172
42	5	17	0	he	False	-4	39	0	0	0	0	120	412	412	412
42	5	143	0	he	False	-4	40	0	0	0	0	112	256	256	256
42	5	9	0	he	False	-4	41	0	0	0	0	304	576	576	576
42	5	145	0	he	False	-4	42	0	0	0	0	116	116	116	116
42	5	193	0	he	False	-4	43	0	0	0	0	252	252	252	252
43	6	124	0	his	False	-5	1	204	204	204	204	456	456	456	456
43	6	41	0	his	False	-5	2	152	360	360	360	0	0	0	0
43	6	16	0	his	False	-5	3	464	464	464	464	248	248	248	600
43	6	178	0	his	False	-5	4	192	192	192	192	196	196	196	868
43	6	45	0	his	False	-5	5	0	0	0	0	236	236	236	672
43	6	189	0	his	False	-5	6	0	0	0	0	0	0	0	0
43	6	6	0	his	False	-5	7	164	164	320	668	0	0	0	0
43	6	173	0	his	False	-5	8	272	272	272	272	0	0	0	0
43	6	10	0	his	False	-5	9	68	68	68	68	344	524	1032	1672
43	6	68	0	his	False	-5	10	0	0	0	0	260	260	260	1780
43	6	60	0	his	False	-5	11	224	224	224	224	188	188	188	656
43	6	202	0	his	False	-5	12	148	148	284	800	0	0	0	0
43	6	11	0	his	False	-5	13	260	260	260	260	0	0	0	0
43	6	170	0	his	False	-5	14	0	0	0	0	440	440	440	440
43	6	28	0	his	False	-5	15	252	252	252	252	0	0	0	0
43	6	84	0	his	False	-5	16	0	0	0	0	188	188	624	880
43	6	114	0	his	False	-5	17	360	360	360	2920	0	0	0	0
43	6	25	0	his	False	-5	18	204	204	204	204	148	148	148	288
43	6	115	0	his	False	-5	19	220	220	220	220	184	184	184	184
43	6	109	0	his	False	-5	20	0	0	0	0	324	324	324	592
43	6	32	0	his	False	-5	21	120	120	240	396	104	104	528	1720
43	6	120	0	his	False	-5	22	216	216	216	216	0	0	0	0
43	6	160	0	his	False	-5	23	172	172	172	172	396	656	656	656
43	6	68	0	his	False	-5	24	264	264	264	588	0	0	0	0
43	6	9	0	his	False	-5	25	0	0	0	0	0	0	0	0
43	6	138	0	his	False	-5	27	196	196	196	196	124	668	668	668
43	6	8	0	his	False	-5	28	156	324	324	324	440	440	440	792
43	6	64	0	his	False	-5	29	136	136	136	136	160	160	160	508
43	6	98	0	his	False	-5	30	492	492	492	492	0	0	0	0
43	6	167	0	his	False	-5	31	0	0	0	0	0	0	0	0
43	6	132	0	his	False	-5	32	216	216	216	216	312	312	312	312
43	6	17	0	his	False	-5	33	172	172	344	836	260	260	260	836
43	6	5	0	his	False	-5	34	156	156	156	156	176	176	176	176
43	6	91	0	his	False	-5	35	324	324	324	736	0	0	0	0
43	6	153	0	his	False	-5	36	164	164	164	164	0	0	0	0
43	6	34	0	his	False	-5	37	300	396	396	580	0	0	0	0
43	6	192	0	his	False	-5	38	192	192	192	192	0	0	0	0
43	6	45	0	his	False	-5	39	0	0	0	0	232	232	772	1528
43	6	184	0	his	False	-5	40	208	368	368	368	0	0	0	0
43	6	17	0	his	False	-5	41	164	164	164	164	428	428	428	428
43	6	131	0	his	False	-5	42	0	0	0	0	220	220	1120	2484
43	6	161	0	his	False	-5	43	152	300	300	300	260	260	260	504
45	6	96	0	his	False	-5	1	380	380	380	380	1032	1032	1032	1032
45	6	168	0	his	False	-5	2	208	208	208	208	0	0	0	0
45	6	196	0	his	False	-5	3	148	380	380	380	100	100	100	376
45	6	152	0	his	False	-5	4	120	120	120	120	396	592	592	592
45	6	75	0	his	False	-5	5	0	0	0	0	0	0	0	0
45	6	37	0	his	False	-5	6	220	220	220	220	0	0	0	0
45	6	119	0	his	False	-5	7	160	160	160	1076	160	396	1720	2660
45	6	127	0	his	False	-5	8	208	208	208	208	0	0	0	0
45	6	35	0	his	False	-5	10	300	300	300	300	136	136	136	716
45	6	119	0	his	False	-5	11	196	196	196	196	0	0	0	0
45	6	99	0	his	False	-5	12	0	0	0	0	0	0	0	0
45	6	28	0	his	False	-5	13	72	72	72	72	0	0	0	0
45	6	6	0	his	False	-5	14	0	0	0	0	232	232	388	2160
45	6	173	0	his	False	-5	15	164	164	328	932	0	0	0	0
45	6	187	0	his	False	-5	16	264	540	540	540	448	448	448	448
45	6	47	0	his	False	-5	17	0	0	0	0	224	224	224	480
45	6	71	0	his	False	-5	18	0	0	0	0	168	168	168	1384
45	6	165	0	his	False	-5	19	172	196	196	1168	0	0	0	0
45	6	9	0	his	False	-5	20	244	244	436	740	108	108	108	808
45	6	161	0	his	False	-5	21	200	200	200	200	212	212	212	212
45	6	34	0	his	False	-5	22	0	0	0	0	232	232	232	1476
45	6	104	0	his	False	-5	23	0	0	0	0	0	0	0	0
45	6	144	0	his	False	-5	24	0	0	0	0	296	296	296	296
45	6	82	0	his	False	-5	25	212	212	212	448	0	0	0	0
45	6	57	0	his	False	-5	27	236	236	236	236	300	792	792	792
45	6	35	0	his	False	-5	28	0	0	0	0	332	332	332	332
45	6	100	0	his	False	-5	29	240	240	240	240	144	144	144	144
45	6	164	0	his	False	-5	30	268	268	268	268	204	536	536	536
45	6	125	0	his	False	-5	31	204	204	204	204	92	92	92	92
45	6	81	0	his	False	-5	32	152	368	368	368	224	224	224	224
45	6	152	0	his	False	-5	33	176	176	316	576	116	116	116	116
45	6	141	0	his	False	-5	34	200	200	200	640	0	0	0	0
45	6	99	0	his	False	-5	35	0	0	0	0	156	340	340	340
45	6	113	0	his	False	-5	36	244	244	244	452	0	0	0	0
45	6	32	0	his	False	-5	37	144	144	264	580	0	0	0	0
45	6	161	0	his	False	-5	38	104	104	104	104	0	0	0	0
45	6	74	0	his	False	-5	39	0	0	0	0	0	0	0	0
45	6	15	0	his	False	-5	40	128	128	128	488	420	760	760	760
45	6	2	0	his	False	-5	41	188	672	672	672	0	0	0	0
45	6	160	0	his	False	-5	42	0	0	0	0	164	164	164	260
45	6	172	0	his	False	-5	43	260	260	260	260	340	572	572	572
46	5	28	0	his	False	-4	1	296	296	296	296	148	148	296	1484
46	5	87	0	his	False	-4	2	252	252	252	252	24	24	136	236
46	5	157	0	his	False	-4	3	212	316	316	316	212	212	212	212
46	5	92	0	his	False	-4	4	176	176	176	176	152	152	572	900
46	5	161	0	his	False	-4	5	208	208	208	208	164	396	396	396
46	5	107	0	his	False	-4	6	0	0	0	0	192	192	192	340
46	5	145	0	his	False	-4	7	160	160	160	160	80	80	80	1164
46	5	93	0	his	False	-4	8	224	224	224	224	152	152	152	152
46	5	81	0	his	False	-4	10	244	244	244	244	180	180	180	180
46	5	41	0	his	False	-4	11	164	164	164	164	168	344	344	344
46	5	31	0	his	False	-4	12	0	0	0	0	0	0	0	0
46	5	15	0	his	False	-4	13	240	240	240	240	0	0	0	0
46	5	199	0	his	False	-4	14	272	272	272	272	176	176	176	176
46	5	135	0	his	False	-4	15	0	0	0	0	228	536	608	760
46	5	200	0	his	False	-4	16	148	352	352	352	236	452	452	452
46	5	57	0	his	False	-4	17	0	0	0	0	192	192	192	192
46	5	168	0	his	False	-4	18	0	0	0	0	328	328	328	328
46	5	184	0	his	False	-4	19	136	328	328	328	132	132	132	132
46	5	160	0	his	False	-4	20	248	248	248	248	208	208	208	208
46	5	13	0	his	False	-4	21	0	0	0	0	376	376	376	376
46	5	27	0	his	False	-4	22	0	0	0	0	184	184	496	636
46	5	153	0	his	False	-4	23	272	272	272	272	64	64	536	1696
46	5	179	0	his	False	-4	24	280	280	344	564	520	520	520	520
46	5	89	0	his	False	-4	25	120	120	120	120	228	228	228	368
46	5	107	0	his	False	-4	27	232	420	420	420	420	420	420	420
46	5	194	0	his	False	-4	28	0	0	0	0	176	176	416	1052
46	5	147	0	his	False	-4	29	132	132	132	288	148	148	148	148
46	5	22	0	his	False	-4	30	256	256	256	256	300	300	300	300
46	5	12	0	his	False	-4	31	180	180	180	180	168	168	168	168
46	5	90	0	his	False	-4	32	212	212	212	212	136	136	136	136
46	5	74	0	his	False	-4	33	116	116	256	628	200	200	200	200
46	5	115	0	his	False	-4	34	0	0	0	0	352	352	352	564
46	5	76	0	his	False	-4	35	0	0	0	0	180	332	332	332
46	5	117	0	his	False	-4	36	276	276	276	500	0	0	0	0
46	5	26	0	his	False	-4	37	0	0	0	0	188	188	188	448
46	5	193	0	his	False	-4	38	0	0	0	0	152	152	152	152
46	5	134	0	his	False	-4	39	204	204	204	204	232	232	232	232
46	5	22	0	his	False	-4	40	188	324	456	556	132	132	132	132
46	5	7	0	his	False	-4	41	0	0	0	0	0	0	0	0
46	5	171	0	his	False	-4	42	0	0	0	0	276	276	276	380
46	5	32	0	his	False	-4	43	152	152	152	152	172	172	308	856
47	6	44	0	his	False	-5	1	524	524	524	524	1040	1040	1040	1040
47	6	190	0	his	False	-5	2	168	168	168	168	268	268	268	268
47	6	166	0	his	False	-5	3	260	260	260	260	0	0	0	0
47	6	57	0	his	False	-5	4	0	0	0	0	0	0	0	0
47	6	95	0	his	False	-5	5	0	0	0	0	220	220	220	620
47	6	50	0	his	False	-5	6	732	732	732	732	0	0	0	0
47	6	38	0	his	False	-5	7	136	136	136	592	196	196	340	1040
47	6	82	0	his	False	-5	8	392	392	392	392	0	0	0	0
47	6	61	0	his	False	-5	10	296	296	296	1808	0	0	0	0
47	6	169	0	his	False	-5	11	312	312	312	312	0	0	0	0
47	6	86	0	his	False	-5	12	320	320	320	1024	0	0	0	0
47	6	26	0	his	False	-5	13	336	336	336	336	396	656	656	656
47	6	61	0	his	False	-5	14	176	176	176	176	608	608	608	780
47	6	37	0	his	False	-5	15	356	356	356	356	0	0	0	0
47	6	162	0	his	False	-5	16	280	532	532	532	332	812	812	812
47	6	8	0	his	False	-5	17	0	0	0	0	172	172	272	796
47	6	68	0	his	False	-5	18	0	0	0	0	676	676	676	676
47	6	67	0	his	False	-5	19	176	176	176	176	136	136	136	724
47	6	137	0	his	False	-5	20	152	152	152	152	140	208	348	1980
47	6	177	0	his	False	-5	21	0	0	0	0	224	224	364	1324
47	6	179	0	his	False	-5	22	324	324	324	324	308	308	308	308
47	6	9	0	his	False	-5	23	244	244	408	660	356	1060	1060	3016
47	6	43	0	his	False	-5	24	520	520	520	520	0	0	0	0
47	6	36	0	his	False	-5	25	0	0	0	0	164	304	304	304
47	6	71	0	his	False	-5	27	0	0	0	0	248	248	248	896
47	6	7	0	his	False	-5	28	184	440	440	440	196	196	196	196
47	6	172	0	his	False	-5	29	388	388	388	388	316	316	316	636
47	6	64	0	his	False	-5	30	200	200	200	708	0	0	0	0
47	6	98	0	his	False	-5	31	144	144	144	144	0	0	0	0
47	6	125	0	his	False	-5	32	164	164	164	164	356	356	356	356
47	6	19	0	his	False	-5	33	0	0	0	0	232	232	232	3000
47	6	163	0	his	False	-5	34	728	1196	1196	1196	0	0	0	0
47	6	30	0	his	False	-5	35	200	200	200	200	416	416	416	416
47	6	169	0	his	False	-5	36	0	0	0	0	0	0	0	0
47	6	108	0	his	False	-5	37	536	536	680	896	292	292	292	292
47	6	95	0	his	False	-5	38	0	0	0	0	200	200	200	200
47	6	64	0	his	False	-5	39	256	256	444	1232	0	0	0	0
47	6	75	0	his	False	-5	40	264	264	264	264	260	484	484	756
47	6	150	0	his	False	-5	41	160	160	160	160	132	428	428	428
47	6	21	0	his	False	-5	42	288	288	288	288	376	720	720	720
47	6	171	0	his	False	-5	43	292	292	292	292	200	200	200	200
48	6	56	0	his	False	-5	1	248	248	248	248	728	728	728	728
48	6	136	0	his	False	-5	2	184	600	600	600	0	0	0	0
48	6	9	0	his	False	-5	3	184	340	340	1148	0	0	0	0
48	6	131	0	his	False	-5	4	172	172	172	288	264	264	264	264
48	6	114	0	his	False	-5	5	252	252	252	1188	0	0	0	0
48	6	143	0	his	False	-5	6	0	0	0	0	244	244	244	516
48	6	46	0	his	False	-5	7	136	136	136	608	52	52	748	1232
48	6	88	0	his	False	-5	8	288	288	288	480	316	316	316	316
48	6	23	0	his	False	-5	10	268	268	268	268	184	184	184	1100
48	6	1	0	his	False	-5	11	176	320	320	320	296	296	296	704
48	6	154	0	his	False	-5	12	440	440	440	440	0	0	0	0
48	6	190	0	his	False	-5	13	0	0	0	0	284	796	796	796
48	6	110	0	his	False	-5	14	204	204	204	204	336	336	336	336
48	6	20	0	his	False	-5	15	92	92	320	544	340	340	340	340
48	6	79	0	his	False	-5	16	192	192	192	192	292	2100	2100	2100
48	6	75	0	his	False	-5	17	0	0	0	0	176	816	816	816
48	6	39	0	his	False	-5	18	0	0	0	0	248	248	248	628
48	6	204	0	his	False	-5	19	260	260	260	924	0	0	0	0
48	6	78	0	his	False	-5	20	0	0	0	0	188	280	280	496
48	6	34	0	his	False	-5	21	0	0	0	0	320	320	320	640
48	6	11	0	his	False	-5	22	284	284	284	284	660	660	660	660
48	6	83	0	his	False	-5	23	0	0	0	0	200	376	376	1680
48	6	76	0	his	False	-5	24	460	460	460	460	364	364	364	364
48	6	128	0	his	False	-5	25	0	0	0	0	0	0	0	0
48	6	60	0	his	False	-5	27	320	320	320	320	456	456	456	456
48	6	67	0	his	False	-5	28	364	364	364	364	432	432	432	432
48	6	1	0	his	False	-5	29	0	0	0	0	232	340	1100	4700
48	6	146	0	his	False	-5	30	420	420	420	1372	0	0	0	0
48	6	149	0	his	False	-5	31	0	0	0	0	76	316	316	316
48	6	191	0	his	False	-5	32	160	160	160	160	0	0	0	0
48	6	98	0	his	False	-5	33	184	184	184	184	204	204	204	204
48	6	183	0	his	False	-5	34	688	688	688	688	0	0	0	0
48	6	25	0	his	False	-5	35	0	0	0	0	180	720	720	1276
48	6	60	0	his	False	-5	36	256	256	256	520	0	0	0	0
48	6	168	0	his	False	-5	37	148	544	544	544	0	0	0	0
48	6	170	0	his	False	-5	38	400	868	868	868	0	0	0	0
48	6	89	0	his	False	-5	39	192	192	192	664	0	0	0	0
48	6	173	0	his	False	-5	40	0	0	0	0	0	0	0	0
48	6	61	0	his	False	-5	41	0	0	0	0	292	668	668	668
48	6	88	0	his	False	-5	42	160	160	160	160	228	228	228	652
48	6	167	0	his	False	-5	43	244	244	244	244	336	564	564	564
49	5	21	0	his	False	-4	1	0	0	0	0	144	144	144	144
49	5	71	0	his	False	-4	2	184	184	184	184	140	140	140	140
49	5	97	0	his	False	-4	3	152	152	152	152	204	356	356	356
49	5	192	0	his	False	-4	4	0	0	0	0	304	304	304	304
49	5	56	0	his	False	-4	5	0	0	0	0	204	388	388	388
49	5	114	0	his	False	-4	6	0	0	0	0	268	268	268	268
49	5	26	0	his	False	-4	7	84	84	84	84	0	0	0	0
49	5	55	0	his	False	-4	8	172	172	172	172	232	232	232	452
49	5	101	0	his	False	-4	10	140	140	140	140	152	152	152	152
49	5	45	0	his	False	-4	11	140	140	140	140	168	168	168	168
49	5	60	0	his	False	-4	12	0	0	0	0	284	284	284	284
49	5	90	0	his	False	-4	13	216	216	216	216	284	284	284	284
49	5	91	0	his	False	-4	14	192	520	520	520	240	240	240	240
49	5	150	0	his	False	-4	15	0	0	0	0	156	156	156	156
49	5	9	0	his	False	-4	16	160	160	160	160	208	208	208	496
49	5	175	0	his	False	-4	17	272	272	272	272	0	0	0	0
49	5	104	0	his	False	-4	18	180	180	180	180	188	188	188	320
49	5	34	0	his	False	-4	19	0	0	0	0	168	168	168	168
49	5	61	0	his	False	-4	20	0	0	0	0	148	148	148	148
49	5	16	0	his	False	-4	21	152	152	152	152	192	192	192	192
49	5	85	0	his	False	-4	22	192	192	192	192	228	228	228	228
49	5	94	0	his	False	-4	23	164	164	164	164	260	260	260	260
49	5	160	0	his	False	-4	24	472	472	472	472	252	252	252	396
49	5	13	0	his	False	-4	25	0	0	0	0	0	0	0	0
49	5	4	0	his	False	-4	27	0	0	0	0	276	276	276	276
49	5	187	0	his	False	-4	28	184	184	532	884	208	208	208	208
49	5	4	0	his	False	-4	29	132	132	132	132	184	184	184	184
49	5	6	0	his	False	-4	30	280	280	280	280	0	0	0	0
49	5	48	0	his	False	-4	31	148	148	148	148	0	0	0	0
49	5	70	0	his	False	-4	32	156	156	156	156	220	220	220	220
49	5	179	0	his	False	-4	33	0	0	0	0	0	0	0	0
49	5	91	0	his	False	-4	34	0	0	0	0	192	404	404	404
49	5	90	0	his	False	-4	35	172	172	172	172	184	184	184	184
49	5	51	0	his	False	-4	36	0	0	0	0	0	0	0	0
49	5	59	0	his	False	-4	37	236	236	236	236	152	152	152	152
49	5	158	0	his	False	-4	38	0	0	0	0	244	244	244	772
49	5	197	0	his	False	-4	39	0	0	0	0	148	148	148	148
49	5	7	0	his	False	-4	40	192	192	372	764	188	188	188	188
49	5	50	0	his	False	-4	41	0	0	0	0	0	0	0	0
49	5	42	0	his	False	-4	42	160	160	160	160	136	136	136	300
49	5	136	0	his	False	-4	43	0	0	0	0	216	496	496	496
50	2	146	0	they	True	?	1	192	192	192	192	124	124	124	124
50	2	53	0	they	True	?	2	204	204	204	204	172	308	368	492
50	2	86	0	they	True	?	3	184	184	184	184	132	296	296	296
50	2	79	0	they	True	?	4	0	0	0	0	240	240	240	372
50	2	195	0	they	True	?	5	0	0	0	0	0	0	0	0
50	2	181	0	they	True	?	6	0	0	0	0	0	0	0	0
50	2	159	0	they	True	?	7	140	140	140	140	180	180	180	180
50	2	196	0	they	True	?	8	156	156	156	156	164	164	164	164
50	2	93	0	they	True	?	10	272	272	272	476	180	304	304	304
50	2	19	0	they	True	?	11	140	140	140	140	160	160	160	160
50	2	162	0	they	True	?	12	156	156	156	156	132	132	132	132
50	2	35	0	they	True	?	13	248	248	248	248	256	256	256	256
50	2	102	0	they	True	?	14	172	172	172	172	0	0	0	0
50	2	106	0	they	True	?	15	156	156	156	156	0	0	0	0
50	2	118	0	they	True	?	16	168	384	384	384	184	184	184	184
50	2	144	0	they	True	?	17	180	180	180	180	160	160	160	160
50	2	85	0	they	True	?	18	0	0	0	0	212	212	212	212
50	2	199	0	they	True	?	19	176	176	176	176	180	180	180	180
50	2	179	0	they	True	?	20	136	136	136	136	140	140	140	140
50	2	205	0	they	True	?	21	0	0	0	0	140	140	140	140
50	2	118	0	they	True	?	22	148	292	292	292	148	148	148	148
50	2	82	0	they	True	?	23	140	140	140	140	284	284	284	284
50	2	205	0	they	True	?	24	0	0	0	0	292	428	428	428
50	2	163	0	they	True	?	25	244	244	412	680	156	156	156	156
50	2	42	0	they	True	?	27	256	256	256	256	276	276	276	276
50	2	61	0	they	True	?	28	264	264	264	264	360	524	524	524
50	2	118	0	they	True	?	29	188	188	188	188	188	188	188	188
50	2	108	0	they	True	?	30	256	256	256	256	520	580	580	580
50	2	96	0	they	True	?	31	0	0	0	0	176	176	176	176
50	2	158	0	they	True	?	32	232	232	232	232	260	260	260	260
50	2	148	0	they	True	?	33	192	364	364	364	172	172	172	172
50	2	13	0	they	True	?	34	0	0	0	0	180	180	180	180
50	2	152	0	they	True	?	35	164	164	164	164	156	156	156	156
50	2	141	0	they	True	?	36	196	196	196	196	124	124	124	124
50	2	135	0	they	True	?	37	104	104	104	104	144	144	144	144
50	2	142	0	they	True	?	38	308	308	308	308	0	0	0	0
50	2	174	0	they	True	?	39	176	176	176	176	0	0	0	0
50	2	162	0	they	True	?	40	0	0	0	0	0	0	0	0
50	2	117	0	they	True	?	41	0	0	0	0	0	0	0	0
50	2	37	0	they	True	?	42	172	172	172	172	148	148	148	148
50	2	169	0	they	True	?	43	192	192	192	192	184	184	184	184
51	7	156	1	that.	True	?	1	716	716	1472	2864	-999	-999	-999	-999
51	7	173	1	that.	True	?	2	216	216	216	216	-999	-999	-999	-999
51	7	182	1	that.	True	?	3	296	296	296	908	-999	-999	-999	-999
51	7	172	1	that.	True	?	4	332	1064	1064	1064	-999	-999	-999	-999
51	7	74	1	that.	True	?	5	236	236	236	692	-999	-999	-999	-999
51	7	202	1	that.	True	?	6	0	0	0	0	-999	-999	-999	-999
51	7	75	1	that.	True	?	7	216	216	536	1508	-999	-999	-999	-999
51	7	148	1	that.	True	?	8	420	420	420	420	-999	-999	-999	-999
51	7	166	1	that.	True	?	10	240	240	1232	2044	-999	-999	-999	-999
51	7	108	1	that.	True	?	11	268	268	268	596	-999	-999	-999	-999
51	7	176	1	that.	True	?	12	72	72	248	1132	-999	-999	-999	-999
51	7	163	1	that.	True	?	13	304	304	304	1268	-999	-999	-999	-999
51	7	147	1	that.	True	?	14	516	516	1536	1800	-999	-999	-999	-999
51	7	147	1	that.	True	?	15	460	460	460	460	-999	-999	-999	-999
51	7	54	1	that.	True	?	16	248	248	1996	2492	-999	-999	-999	-999
51	7	45	1	that.	True	?	17	244	396	740	1960	-999	-999	-999	-999
51	7	101	1	that.	True	?	18	136	136	648	1020	-999	-999	-999	-999
51	7	13	1	that.	True	?	19	176	176	752	2096	-999	-999	-999	-999
51	7	119	1	that.	True	?	20	244	244	840	1776	-999	-999	-999	-999
51	7	181	1	that.	True	?	21	212	212	212	620	-999	-999	-999	-999
51	7	171	1	that.	True	?	22	512	664	664	664	-999	-999	-999	-999
51	7	195	1	that.	True	?	23	340	628	1320	2760	-999	-999	-999	-999
51	7	145	1	that.	True	?	24	172	172	172	820	-999	-999	-999	-999
51	7	63	1	that.	True	?	25	208	208	208	684	-999	-999	-999	-999
51	7	80	1	that.	True	?	27	0	0	0	0	-999	-999	-999	-999
51	7	81	1	that.	True	?	28	248	248	744	3016	-999	-999	-999	-999
51	7	135	1	that.	True	?	29	132	496	496	496	-999	-999	-999	-999
51	7	132	1	that.	True	?	30	280	280	556	1252	-999	-999	-999	-999
51	7	24	1	that.	True	?	31	108	876	876	876	-999	-999	-999	-999
51	7	160	1	that.	True	?	32	200	352	352	352	-999	-999	-999	-999
51	7	174	1	that.	True	?	33	128	128	348	472	-999	-999	-999	-999
51	7	200	1	that.	True	?	34	144	544	544	1040	-999	-999	-999	-999
51	7	100	1	that.	True	?	35	264	264	264	708	-999	-999	-999	-999
51	7	93	1	that.	True	?	36	212	212	212	744	-999	-999	-999	-999
51	7	113	1	that.	True	?	37	164	164	164	164	-999	-999	-999	-999
51	7	32	1	that.	True	?	38	260	260	260	1148	-999	-999	-999	-999
51	7	111	1	that.	True	?	39	548	548	548	548	-999	-999	-999	-999
51	7	167	1	that.	True	?	40	208	208	208	208	-999	-999	-999	-999
51	7	98	1	that.	True	?	41	320	320	772	948	-999	-999	-999	-999
51	7	99	1	that.	True	?	42	468	1204	1204	1204	-999	-999	-999	-999
51	7	63	1	that.	True	?	43	676	676	676	676	-999	-999	-999	-999
52	1	50	0	She	True	?	1	252	328	328	328	0	0	0	0
52	1	167	0	She	True	?	2	232	232	232	232	116	116	116	116
52	1	68	0	She	True	?	3	0	0	0	0	24	224	560	688
52	1	35	0	She	True	?	4	0	0	0	0	0	0	0	0
52	1	85	0	She	True	?	5	0	0	0	0	28	28	28	28
52	1	122	0	She	True	?	6	244	244	244	244	0	0	0	0
52	1	14	0	She	True	?	7	236	236	236	236	140	140	140	140
52	1	159	0	She	True	?	8	44	276	276	276	360	360	360	360
52	1	198	0	She	True	?	10	272	272	272	272	132	132	132	132
52	1	48	0	She	True	?	11	264	264	264	264	220	220	220	220
52	1	78	0	She	True	?	12	0	0	0	0	68	68	68	68
52	1	14	0	She	True	?	13	272	272	272	272	244	244	244	244
52	1	168	0	She	True	?	14	0	0	0	0	348	348	348	348
52	1	200	0	She	True	?	15	0	0	0	0	244	244	244	244
52	1	195	0	She	True	?	16	0	0	0	0	472	472	472	472
52	1	105	0	She	True	?	17	64	240	240	240	156	156	156	156
52	1	89	0	She	True	?	18	0	0	0	0	0	0	0	0
52	1	142	0	She	True	?	19	280	280	280	280	164	164	164	164
52	1	149	0	She	True	?	20	140	140	140	140	0	0	0	0
52	1	30	0	She	True	?	21	0	0	0	0	0	0	0	0
52	1	157	0	She	True	?	22	0	0	0	0	148	512	512	512
52	1	20	0	She	True	?	23	328	328	328	328	188	188	188	188
52	1	138	0	She	True	?	24	240	240	240	240	0	0	0	0
52	1	17	0	She	True	?	25	0	0	0	0	0	0	0	0
52	1	47	0	She	True	?	27	0	0	0	0	0	0	0	0
52	1	72	0	She	True	?	28	0	0	0	0	260	260	260	400
52	1	131	0	She	True	?	29	0	0	0	0	0	0	0	0
52	1	188	0	She	True	?	30	212	212	212	212	412	412	412	412
52	1	68	0	She	True	?	31	268	268	268	268	0	0	0	0
52	1	13	0	She	True	?	32	156	436	436	436	124	124	124	124
52	1	171	0	She	True	?	33	252	252	252	252	196	576	576	576
52	1	131	0	She	True	?	34	512	512	512	512	0	0	0	0
52	1	166	0	She	True	?	35	0	0	0	0	260	260	260	320
52	1	120	0	She	True	?	36	140	260	260	260	0	0	0	0
52	1	178	0	She	True	?	37	256	256	256	256	108	240	240	240
52	1	164	0	She	True	?	38	0	0	0	0	276	432	432	432
52	1	201	0	She	True	?	39	236	236	236	236	0	0	0	0
52	1	17	0	She	True	?	40	56	56	56	56	184	184	364	584
52	1	66	0	She	True	?	41	0	0	0	0	0	0	0	0
52	1	61	0	She	True	?	42	116	116	116	116	148	148	148	148
52	1	94	0	She	True	?	43	0	0	0	0	240	396	396	396
52	6	50	0	her	True	-5	1	200	344	344	344	340	340	600	1892
52	6	167	0	her	True	-5	2	220	220	220	220	224	224	224	420
52	6	68	0	her	True	-5	3	200	200	200	408	0	0	0	0
52	6	35	0	her	True	-5	4	228	228	460	1400	396	396	396	396
52	6	85	0	her	True	-5	5	0	0	0	0	220	220	220	1600
52	6	122	0	her	True	-5	6	504	504	504	504	0	0	0	0
52	6	14	0	her	True	-5	7	176	176	176	368	180	180	944	2532
52	6	159	0	her	True	-5	8	1292	1292	1292	1292	0	0	0	0
52	6	198	0	her	True	-5	10	144	408	408	408	24	24	24	1284
52	6	48	0	her	True	-5	11	264	264	264	264	232	232	232	696
52	6	78	0	her	True	-5	12	688	688	688	688	0	0	0	0
52	6	14	0	her	True	-5	13	224	224	224	224	384	384	384	384
52	6	168	0	her	True	-5	14	208	208	536	724	0	0	0	0
52	6	200	0	her	True	-5	15	332	332	332	332	164	164	164	680
52	6	195	0	her	True	-5	16	288	288	288	288	264	484	484	484
52	6	105	0	her	True	-5	17	560	1068	1068	1068	0	0	0	0
52	6	89	0	her	True	-5	18	0	0	0	0	52	52	52	1872
52	6	142	0	her	True	-5	19	200	200	656	856	0	0	0	0
52	6	149	0	her	True	-5	20	0	0	0	0	212	212	504	1016
52	6	30	0	her	True	-5	21	0	0	0	0	140	140	228	1168
52	6	157	0	her	True	-5	22	256	256	256	408	0	0	0	0
52	6	20	0	her	True	-5	23	172	172	172	172	280	440	440	836
52	6	138	0	her	True	-5	24	0	0	0	0	136	136	628	1096
52	6	17	0	her	True	-5	25	0	0	0	0	0	0	0	0
52	6	47	0	her	True	-5	27	232	232	580	1208	0	0	0	0
52	6	72	0	her	True	-5	28	172	172	172	172	368	368	368	368
52	6	131	0	her	True	-5	29	108	108	108	108	304	304	304	304
52	6	188	0	her	True	-5	30	256	256	256	256	408	408	408	408
52	6	68	0	her	True	-5	31	0	0	0	0	116	624	624	624
52	6	13	0	her	True	-5	32	232	232	232	232	268	268	268	268
52	6	171	0	her	True	-5	33	328	328	328	328	0	0	0	0
52	6	131	0	her	True	-5	34	268	268	268	268	344	344	344	344
52	6	166	0	her	True	-5	35	0	0	0	0	524	524	524	524
52	6	120	0	her	True	-5	36	0	0	0	0	0	0	0	0
52	6	178	0	her	True	-5	37	176	176	176	176	368	368	368	604
52	6	164	0	her	True	-5	38	0	0	0	0	480	480	480	480
52	6	201	0	her	True	-5	39	148	148	148	320	0	0	0	0
52	6	17	0	her	True	-5	40	268	268	268	268	232	232	324	532
52	6	66	0	her	True	-5	41	212	212	212	452	368	368	368	368
52	6	61	0	her	True	-5	42	232	232	232	232	512	512	512	512
52	6	94	0	her	True	-5	43	232	232	428	812	0	0	0	0
53	1	160	0	She	True	?	1	296	296	296	296	176	540	540	540
53	1	150	0	She	True	?	2	0	0	0	0	0	0	0	0
53	1	52	0	She	True	?	3	0	0	0	0	232	232	528	660
53	1	12	0	She	True	?	4	0	0	0	0	24	24	180	408
53	1	102	0	She	True	?	5	240	240	240	240	0	0	0	0
53	1	130	0	She	True	?	6	264	264	264	264	0	0	0	0
53	1	10	0	She	True	?	7	392	392	392	392	0	0	0	0
53	1	80	0	She	True	?	8	276	276	276	276	148	148	148	148
53	1	73	0	She	True	?	10	260	260	260	260	96	96	96	96
53	1	14	0	She	True	?	11	272	272	272	272	236	236	236	236
53	1	112	0	She	True	?	12	272	272	272	484	0	0	0	0
53	1	79	0	She	True	?	13	128	128	128	128	152	152	152	152
53	1	153	0	She	True	?	14	0	0	0	0	276	276	276	276
53	1	103	0	She	True	?	15	0	0	0	0	0	0	0	0
53	1	120	0	She	True	?	16	252	252	252	252	168	168	168	168
53	1	79	0	She	True	?	17	0	0	0	0	276	276	276	276
53	1	162	0	She	True	?	18	0	0	0	0	324	324	324	324
53	1	17	0	She	True	?	19	272	272	272	272	0	0	0	0
53	1	50	0	She	True	?	20	0	0	0	0	0	0	0	0
53	1	199	0	She	True	?	21	0	0	0	0	0	0	0	0
53	1	186	0	She	True	?	22	300	300	300	300	176	176	176	176
53	1	96	0	She	True	?	23	212	212	212	212	292	292	292	292
53	1	73	0	She	True	?	24	260	260	260	260	428	428	428	556
53	1	192	0	She	True	?	25	72	176	176	176	0	0	0	0
53	1	121	0	She	True	?	27	0	0	0	0	248	756	756	756
53	1	93	0	She	True	?	28	320	320	320	320	212	496	496	728
53	1	179	0	She	True	?	29	0	0	0	0	332	332	332	332
53	1	62	0	She	True	?	30	312	552	552	552	352	352	352	352
53	1	50	0	She	True	?	31	268	268	268	268	0	0	0	0
53	1	61	0	She	True	?	32	232	372	372	372	172	172	172	172
53	1	85	0	She	True	?	33	256	456	456	456	156	156	156	156
53	1	14	0	She	True	?	34	0	0	0	0	0	0	0	0
53	1	125	0	She	True	?	35	0	0	0	0	220	220	220	220
53	1	14	0	She	True	?	36	0	0	0	0	0	0	0	0
53	1	31	0	She	True	?	37	184	184	184	184	156	364	364	364
53	1	171	0	She	True	?	38	264	300	300	300	0	0	0	0
53	1	120	0	She	True	?	39	0	0	0	0	0	0	0	0
53	1	37	0	She	True	?	40	20	20	20	20	200	476	620	840
53	1	177	0	She	True	?	41	0	0	0	0	0	0	0	0
53	1	93	0	She	True	?	42	0	0	0	0	328	328	328	328
53	1	180	0	She	True	?	43	0	0	0	0	48	48	192	444
57	7	119	1	that.	False	-5	1	192	192	192	600	-999	-999	-999	-999
57	7	158	1	that.	False	-5	2	312	312	312	312	-999	-999	-999	-999
57	7	99	1	that.	False	-5	3	144	144	144	144	-999	-999	-999	-999
57	7	144	1	that.	False	-5	4	480	480	480	480	-999	-999	-999	-999
57	7	67	1	that.	False	-5	5	160	376	376	3148	-999	-999	-999	-999
57	7	98	1	that.	False	-5	6	0	0	0	0	-999	-999	-999	-999
57	7	12	1	that.	False	-5	7	120	120	772	1560	-999	-999	-999	-999
57	7	117	1	that.	False	-5	8	456	456	456	456	-999	-999	-999	-999
57	7	4	1	that.	False	-5	9	224	224	224	1128	-999	-999	-999	-999
57	7	33	1	that.	False	-5	10	208	208	208	608	-999	-999	-999	-999
57	7	61	1	that.	False	-5	11	220	220	220	564	-999	-999	-999	-999
57	7	73	1	that.	False	-5	12	0	0	0	0	-999	-999	-999	-999
57	7	128	1	that.	False	-5	13	324	656	656	656	-999	-999	-999	-999
57	7	14	1	that.	False	-5	14	212	212	212	644	-999	-999	-999	-999
57	7	114	1	that.	False	-5	15	0	0	0	0	-999	-999	-999	-999
57	7	102	1	that.	False	-5	16	232	1348	1348	1348	-999	-999	-999	-999
57	7	142	1	that.	False	-5	17	80	80	80	392	-999	-999	-999	-999
57	7	171	1	that.	False	-5	18	0	0	0	0	-999	-999	-999	-999
57	7	71	1	that.	False	-5	19	148	1028	1192	5432	-999	-999	-999	-999
57	7	21	1	that.	False	-5	20	140	140	140	500	-999	-999	-999	-999
57	7	200	1	that.	False	-5	21	0	0	0	0	-999	-999	-999	-999
57	7	142	1	that.	False	-5	22	280	280	280	556	-999	-999	-999	-999
57	7	85	1	that.	False	-5	23	0	0	0	0	-999	-999	-999	-999
57	7	13	1	that.	False	-5	24	700	700	700	700	-999	-999	-999	-999
57	7	182	1	that.	False	-5	25	188	188	188	396	-999	-999	-999	-999
57	7	49	1	that.	False	-5	27	0	0	0	0	-999	-999	-999	-999
57	7	138	1	that.	False	-5	28	420	420	420	744	-999	-999	-999	-999
57	7	53	1	that.	False	-5	29	156	616	616	616	-999	-999	-999	-999
57	7	165	1	that.	False	-5	30	232	232	232	700	-999	-999	-999	-999
57	7	56	1	that.	False	-5	31	128	128	128	236	-999	-999	-999	-999
57	7	109	1	that.	False	-5	32	256	256	256	548	-999	-999	-999	-999
57	7	20	1	that.	False	-5	33	116	116	116	748	-999	-999	-999	-999
57	7	28	1	that.	False	-5	34	0	0	0	0	-999	-999	-999	-999
57	7	110	1	that.	False	-5	35	280	280	280	280	-999	-999	-999	-999
57	7	134	1	that.	False	-5	36	0	0	0	0	-999	-999	-999	-999
57	7	152	1	that.	False	-5	37	188	188	188	188	-999	-999	-999	-999
57	7	132	1	that.	False	-5	38	452	452	452	452	-999	-999	-999	-999
57	7	107	1	that.	False	-5	39	0	0	0	0	-999	-999	-999	-999
57	7	96	1	that.	False	-5	40	164	448	448	580	-999	-999	-999	-999
57	7	152	1	that.	False	-5	41	360	360	360	360	-999	-999	-999	-999
57	7	39	1	that.	False	-5	42	176	176	176	504	-999	-999	-999	-999
57	7	57	1	that.	False	-5	43	196	196	196	196	-999	-999	-999	-999
59	3	198	0	he	True	?	1	204	204	204	204	224	224	224	224
59	3	32	0	he	True	?	2	132	132	132	132	0	0	0	0
59	3	33	0	he	True	?	3	428	428	428	428	176	176	176	176
59	3	156	0	he	True	?	4	180	180	180	180	0	0	0	0
59	3	184	0	he	True	?	5	0	0	0	0	156	156	156	156
59	3	100	0	he	True	?	6	0	0	0	0	144	144	144	144
59	3	3	0	he	True	?	7	136	136	136	136	100	100	100	100
59	3	167	0	he	True	?	8	0	0	0	0	192	192	192	192
59	3	63	0	he	True	?	10	0	0	0	0	192	192	192	192
59	3	139	0	he	True	?	11	0	0	0	0	216	216	216	216
59	3	165	0	he	True	?	12	240	240	240	240	0	0	0	0
59	3	120	0	he	True	?	13	0	0	0	0	208	208	208	208
59	3	38	0	he	True	?	14	0	0	0	0	224	224	224	224
59	3	22	0	he	True	?	15	0	0	0	0	0	0	0	0
59	3	73	0	he	True	?	16	132	132	132	132	172	172	172	172
59	3	108	0	he	True	?	17	0	0	0	0	168	168	168	168
59	3	103	0	he	True	?	18	0	0	0	0	192	192	192	192
59	3	121	0	he	True	?	19	0	0	0	0	188	188	188	188
59	3	125	0	he	True	?	20	228	228	228	228	0	0	0	0
59	3	187	0	he	True	?	21	0	0	0	0	0	0	0	0
59	3	42	0	he	True	?	22	0	0	0	0	0	0	0	0
59	3	193	0	he	True	?	23	276	276	276	276	236	236	236	236
59	3	79	0	he	True	?	24	0	0	0	0	188	188	188	188
59	3	73	0	he	True	?	25	0	0	0	0	240	240	240	240
59	3	192	0	he	True	?	27	0	0	0	0	256	380	380	380
59	3	113	0	he	True	?	28	144	284	284	284	296	296	296	296
59	3	164	0	he	True	?	29	0	0	0	0	148	148	148	148
59	3	187	0	he	True	?	30	316	316	316	316	300	300	300	300
59	3	32	0	he	True	?	31	0	0	0	0	0	0	0	0
59	3	149	0	he	True	?	32	0	0	0	0	232	232	232	408
59	3	156	0	he	True	?	33	0	0	0	0	196	196	196	196
59	3	20	0	he	True	?	34	124	124	124	540	188	188	188	188
59	3	38	0	he	True	?	35	168	168	168	168	0	0	0	0
59	3	5	0	he	True	?	36	0	0	0	0	0	0	0	0
59	3	94	0	he	True	?	37	288	288	288	288	152	248	248	248
59	3	188	0	he	True	?	38	248	248	248	248	0	0	0	0
59	3	110	0	he	True	?	39	0	0	0	0	0	0	0	0
59	3	159	0	he	True	?	40	0	0	0	0	0	0	0	0
59	3	29	0	he	True	?	41	0	0	0	0	0	0	0	0
59	3	6	0	he	True	?	42	0	0	0	0	124	124	124	124
59	3	39	0	he	True	?	43	0	0	0	0	168	168	168	168
59	6	198	0	he	True	-3	1	0	0	0	0	188	188	188	296
59	6	32	0	he	True	-3	2	168	284	284	408	156	156	156	156
59	6	33	0	he	True	-3	3	172	172	172	172	168	348	348	348
59	6	156	0	he	True	-3	4	0	0	0	0	388	388	388	388
59	6	184	0	he	True	-3	5	0	0	0	0	0	0	0	0
59	6	100	0	he	True	-3	6	144	144	144	144	0	0	0	0
59	6	3	0	he	True	-3	7	0	0	0	0	0	0	0	0
59	6	167	0	he	True	-3	8	0	0	0	0	308	308	308	308
59	6	63	0	he	True	-3	10	0	0	0	0	200	200	200	200
59	6	139	0	he	True	-3	11	0	0	0	0	180	304	304	304
59	6	165	0	he	True	-3	12	0	0	0	0	244	244	244	244
59	6	120	0	he	True	-3	13	0	0	0	0	412	412	412	412
59	6	38	0	he	True	-3	14	0	0	0	0	212	212	212	212
59	6	22	0	he	True	-3	15	0	0	0	0	0	0	0	0
59	6	73	0	he	True	-3	16	0	0	0	0	148	148	148	148
59	6	108	0	he	True	-3	17	0	0	0	0	232	392	392	392
59	6	103	0	he	True	-3	18	164	164	164	164	0	0	0	0
59	6	121	0	he	True	-3	19	0	0	0	0	272	400	400	400
59	6	125	0	he	True	-3	20	124	124	124	124	0	0	0	0
59	6	187	0	he	True	-3	21	0	0	0	0	144	144	144	144
59	6	42	0	he	True	-3	22	144	144	144	1908	600	600	600	600
59	6	193	0	he	True	-3	23	0	0	0	0	332	332	332	332
59	6	79	0	he	True	-3	24	0	0	0	0	308	308	308	744
59	6	73	0	he	True	-3	25	0	0	0	0	208	208	336	528
59	6	192	0	he	True	-3	27	0	0	0	0	188	188	188	188
59	6	113	0	he	True	-3	28	0	0	0	0	208	208	372	540
59	6	164	0	he	True	-3	29	0	0	0	0	180	180	180	360
59	6	187	0	he	True	-3	30	244	244	244	244	216	216	216	216
59	6	32	0	he	True	-3	31	0	0	0	0	176	176	176	176
59	6	149	0	he	True	-3	32	0	0	0	0	0	0	0	0
59	6	156	0	he	True	-3	33	264	264	264	264	128	128	128	128
59	6	20	0	he	True	-3	34	0	0	0	0	208	208	208	208
59	6	38	0	he	True	-3	35	168	168	168	168	0	0	0	0
59	6	5	0	he	True	-3	36	0	0	0	0	0	0	0	0
59	6	94	0	he	True	-3	37	136	136	136	136	180	180	180	180
59	6	188	0	he	True	-3	38	0	0	0	0	152	152	152	152
59	6	110	0	he	True	-3	39	0	0	0	0	0	0	0	0
59	6	159	0	he	True	-3	40	0	0	0	0	0	0	0	0
59	6	29	0	he	True	-3	41	0	0	0	0	220	220	396	1164
59	6	6	0	he	True	-3	42	0	0	0	0	224	224	224	364
59	6	39	0	he	True	-3	43	92	92	92	92	396	396	396	396
62	7	190	0	their	True	?	1	228	228	228	228	116	324	324	584
62	7	2	0	their	True	?	2	152	152	152	152	96	96	96	548
62	7	24	0	their	True	?	3	244	376	376	376	180	180	180	1324
62	7	24	0	their	True	?	4	188	348	348	348	176	176	176	1176
62	7	130	0	their	True	?	5	276	276	276	572	172	296	296	296
62	7	201	0	their	True	?	6	0	0	0	0	0	0	0	0
62	7	7	0	their	True	?	7	0	0	0	0	156	156	364	1368
62	7	26	0	their	True	?	8	412	412	412	412	340	636	636	636
62	7	2	0	their	True	?	9	196	196	196	196	124	252	372	1376
62	7	169	0	their	True	?	10	184	184	184	184	172	172	172	1320
62	7	195	0	their	True	?	11	152	152	152	152	452	452	452	532
62	7	44	0	their	True	?	12	300	616	616	616	156	156	156	156
62	7	111	0	their	True	?	13	248	248	248	248	284	284	284	916
62	7	113	0	their	True	?	14	0	0	0	0	0	0	0	0
62	7	121	0	their	True	?	15	192	192	192	192	172	172	172	172
62	7	123	0	their	True	?	16	296	504	504	504	204	920	920	920
62	7	14	0	their	True	?	17	252	252	252	252	240	240	240	240
62	7	105	0	their	True	?	18	184	184	184	184	308	308	308	308
62	7	99	0	their	True	?	19	160	160	160	160	212	212	212	748
62	7	52	0	their	True	?	20	296	296	296	296	148	148	224	1392
62	7	77	0	their	True	?	21	124	124	124	124	196	196	196	696
62	7	91	0	their	True	?	22	240	240	408	592	432	432	432	432
62	7	65	0	their	True	?	23	248	248	248	248	408	408	684	2000
62	7	155	0	their	True	?	24	260	260	260	392	108	108	108	108
62	7	25	0	their	True	?	25	216	216	216	388	200	264	264	1272
62	7	162	0	their	True	?	27	264	388	388	388	228	228	228	792
62	7	119	0	their	True	?	28	268	472	652	836	436	436	436	756
62	7	182	0	their	True	?	29	144	144	144	144	216	216	216	216
62	7	13	0	their	True	?	30	244	244	244	608	348	584	584	1484
62	7	175	0	their	True	?	31	144	144	144	144	0	0	0	0
62	7	51	0	their	True	?	32	256	256	256	256	288	288	288	624
62	7	159	0	their	True	?	33	188	188	368	536	184	252	252	636
62	7	124	0	their	True	?	34	296	296	296	392	0	0	0	0
62	7	148	0	their	True	?	35	152	152	152	152	144	264	264	264
62	7	92	0	their	True	?	36	192	192	192	192	200	200	200	936
62	7	115	0	their	True	?	37	100	100	532	720	124	340	340	340
62	7	159	0	their	True	?	38	172	316	316	316	0	0	0	0
62	7	63	0	their	True	?	39	0	0	0	0	184	300	300	300
62	7	164	0	their	True	?	40	144	204	204	204	148	148	148	148
62	7	12	0	their	True	?	41	172	352	352	352	420	420	680	868
62	7	24	0	their	True	?	42	212	212	212	924	156	156	156	912
62	7	196	0	their	True	?	43	196	196	196	196	224	396	396	688
63	1	152	0	He	True	?	1	316	316	316	316	0	0	0	0
63	1	85	0	He	True	?	2	228	228	228	228	180	180	180	180
63	1	85	0	He	True	?	3	0	0	0	0	356	484	484	484
63	1	47	0	He	True	?	4	0	0	0	0	364	544	544	544
63	1	117	0	He	True	?	5	0	0	0	0	0	0	0	0
63	1	71	0	He	True	?	6	224	224	224	224	116	116	116	116
63	1	76	0	He	True	?	7	240	240	240	240	0	0	0	0
63	1	16	0	He	True	?	8	236	236	236	236	196	196	196	196
63	1	22	0	He	True	?	10	0	0	0	0	328	328	328	328
63	1	32	0	He	True	?	11	248	248	248	248	136	136	136	136
63	1	186	0	He	True	?	12	0	0	0	0	0	0	0	0
63	1	105	0	He	True	?	13	336	336	336	336	244	244	244	244
63	1	172	0	He	True	?	14	0	0	0	0	260	336	336	336
63	1	158	0	He	True	?	15	0	0	0	0	256	256	256	256
63	1	99	0	He	True	?	16	0	0	0	0	264	264	404	504
63	1	111	0	He	True	?	17	0	0	0	0	280	336	336	336
63	1	63	0	He	True	?	18	0	0	0	0	0	0	0	0
63	1	103	0	He	True	?	19	0	0	0	0	280	368	368	368
63	1	97	0	He	True	?	20	0	0	0	0	232	360	360	360
63	1	107	0	He	True	?	21	0	0	0	0	236	344	344	344
63	1	69	0	He	True	?	22	300	300	300	300	172	172	172	172
63	1	2	0	He	True	?	23	296	296	296	296	208	208	208	208
63	1	118	0	He	True	?	24	236	236	236	236	160	160	160	160
63	1	106	0	He	True	?	25	0	0	0	0	264	264	264	264
63	1	149	0	He	True	?	27	0	0	0	0	384	384	384	384
63	1	97	0	He	True	?	28	240	240	240	240	172	172	172	172
63	1	35	0	He	True	?	29	0	0	0	0	0	0	0	0
63	1	135	0	He	True	?	30	0	0	0	0	324	728	728	728
63	1	61	0	He	True	?	31	168	288	288	288	180	180	180	180
63	1	77	0	He	True	?	32	248	248	248	248	216	216	216	216
63	1	160	0	He	True	?	33	248	352	352	352	0	0	0	0
63	1	126	0	He	True	?	34	0	0	0	0	164	164	164	164
63	1	151	0	He	True	?	35	0	0	0	0	252	388	388	388
63	1	122	0	He	True	?	36	236	236	236	236	0	0	0	0
63	1	170	0	He	True	?	37	0	0	0	0	252	252	252	252
63	1	196	0	He	True	?	38	0	0	0	0	240	240	240	372
63	1	4	0	He	True	?	39	0	0	0	0	0	0	0	0
63	1	122	0	He	True	?	40	0	0	0	0	0	0	0	0
63	1	124	0	He	True	?	41	0	0	0	0	0	0	0	0
63	1	51	0	He	True	?	42	0	0	0	0	0	0	0	0
63	1	135	0	He	True	?	43	0	0	0	0	280	344	344	344
63	5	152	0	she	True	?	1	0	0	0	0	188	188	340	580
63	5	85	0	she	True	?	2	128	128	128	128	176	176	176	176
63	5	85	0	she	True	?	3	316	316	316	316	340	340	340	340
63	5	47	0	she	True	?	4	164	164	164	164	168	168	168	168
63	5	117	0	she	True	?	5	228	368	368	660	0	0	0	0
63	5	71	0	she	True	?	6	0	0	0	0	176	176	176	392
63	5	76	0	she	True	?	7	0	0	0	0	148	148	148	376
63	5	16	0	she	True	?	8	232	380	380	380	196	196	196	196
63	5	22	0	she	True	?	10	192	192	192	192	76	76	76	76
63	5	32	0	she	True	?	11	120	120	120	120	136	136	136	136
63	5	186	0	she	True	?	12	0	0	0	0	240	332	332	428
63	5	105	0	she	True	?	13	268	268	268	268	172	172	172	172
63	5	172	0	she	True	?	14	0	0	0	0	220	220	220	220
63	5	158	0	she	True	?	15	156	156	156	380	340	340	340	340
63	5	99	0	she	True	?	16	188	188	188	188	192	360	360	360
63	5	111	0	she	True	?	17	152	152	152	152	200	200	200	200
63	5	63	0	she	True	?	18	0	0	0	0	0	0	0	0
63	5	103	0	she	True	?	19	172	172	172	172	0	0	0	0
63	5	97	0	she	True	?	20	76	76	76	108	0	0	0	0
63	5	107	0	she	True	?	21	40	40	40	40	148	148	148	148
63	5	69	0	she	True	?	22	180	180	180	180	164	164	164	164
63	5	2	0	she	True	?	23	280	280	280	280	260	260	260	260
63	5	118	0	she	True	?	24	212	212	212	212	168	168	168	168
63	5	106	0	she	True	?	25	136	136	136	136	124	124	124	124
63	5	149	0	she	True	?	27	416	416	416	416	0	0	0	0
63	5	97	0	she	True	?	28	200	200	200	200	204	204	204	204
63	5	35	0	she	True	?	29	220	220	412	1176	220	220	220	220
63	5	135	0	she	True	?	30	244	632	632	632	284	284	284	284
63	5	61	0	she	True	?	31	0	0	0	0	164	164	164	284
63	5	77	0	she	True	?	32	152	152	152	152	128	128	128	128
63	5	160	0	she	True	?	33	188	188	188	188	132	132	132	132
63	5	126	0	she	True	?	34	184	184	184	184	0	0	0	0
63	5	151	0	she	True	?	35	0	0	0	0	272	272	272	272
63	5	122	0	she	True	?	36	180	180	180	180	0	0	0	0
63	5	170	0	she	True	?	37	0	0	0	0	140	284	284	284
63	5	196	0	she	True	?	38	0	0	0	0	188	188	188	188
63	5	4	0	she	True	?	39	0	0	0	0	0	0	0	0
63	5	122	0	she	True	?	40	0	0	0	0	0	0	0	0
63	5	124	0	she	True	?	41	292	292	292	292	188	188	188	188
63	5	51	0	she	True	?	42	0	0	0	0	0	0	0	0
63	5	135	0	she	True	?	43	220	220	220	220	176	176	176	176
64	1	54	0	He	True	?	1	280	280	280	280	120	120	120	120
64	1	11	0	He	True	?	2	0	0	0	0	84	456	456	456
64	1	12	0	He	True	?	3	0	0	0	0	276	420	420	420
64	1	107	0	He	True	?	4	0	0	0	0	0	0	0	0
64	1	69	0	He	True	?	5	184	184	184	184	0	0	0	0
64	1	136	0	He	True	?	6	0	0	0	0	248	248	248	248
64	1	198	0	He	True	?	7	220	220	220	220	0	0	0	0
64	1	190	0	He	True	?	8	0	0	0	0	0	0	0	0
64	1	107	0	He	True	?	10	0	0	0	0	0	0	0	0
64	1	132	0	He	True	?	11	0	0	0	0	260	400	400	400
64	1	133	0	He	True	?	12	256	256	256	256	0	0	0	0
64	1	63	0	He	True	?	13	300	300	300	300	248	248	248	248
64	1	59	0	He	True	?	14	0	0	0	0	340	340	340	340
64	1	196	0	He	True	?	15	0	0	0	0	248	248	248	248
64	1	173	0	He	True	?	16	348	348	348	348	0	0	0	0
64	1	68	0	He	True	?	17	244	244	244	244	156	156	156	156
64	1	132	0	He	True	?	18	0	0	0	0	256	372	372	372
64	1	144	0	He	True	?	19	280	280	280	280	0	0	0	0
64	1	136	0	He	True	?	20	0	0	0	0	136	240	240	240
64	1	142	0	He	True	?	21	0	0	0	0	244	244	244	244
64	1	20	0	He	True	?	22	0	0	0	0	0	0	0	0
64	1	78	0	He	True	?	23	0	0	0	0	288	744	744	744
64	1	51	0	He	True	?	24	240	240	240	240	184	184	184	184
64	1	57	0	He	True	?	25	0	0	0	0	124	276	276	276
64	1	125	0	He	True	?	27	0	0	0	0	268	428	428	428
64	1	11	0	He	True	?	28	0	0	0	0	0	0	0	0
64	1	159	0	He	True	?	29	0	0	0	0	284	284	284	284
64	1	83	0	He	True	?	30	240	240	240	240	260	528	528	528
64	1	37	0	He	True	?	31	280	280	280	280	0	0	0	0
64	1	54	0	He	True	?	32	228	228	228	228	272	272	272	272
64	1	163	0	He	True	?	33	64	248	248	248	72	96	96	96
64	1	77	0	He	True	?	34	0	0	0	0	296	296	296	296
64	1	108	0	He	True	?	35	220	220	220	220	0	0	0	0
64	1	192	0	He	True	?	36	0	0	0	0	0	0	0	0
64	1	63	0	He	True	?	37	116	116	116	116	136	300	300	300
64	1	22	0	He	True	?	38	228	228	228	228	296	296	296	296
64	1	175	0	He	True	?	39	0	0	0	0	0	0	0	0
64	1	26	0	He	True	?	40	0	0	0	0	0	0	0	0
64	1	174	0	He	True	?	41	0	0	0	0	0	0	0	0
64	1	73	0	He	True	?	42	0	0	0	0	328	416	416	416
64	1	46	0	He	True	?	43	0	0	0	0	252	252	252	380
65	1	3	0	He	True	?	1	0	0	0	0	200	200	344	452
65	1	111	0	He	True	?	2	196	196	196	196	220	220	220	220
65	1	105	0	He	True	?	3	0	0	0	0	384	520	520	520
65	1	50	0	He	True	?	4	0	0	0	0	368	508	508	508
65	1	106	0	He	True	?	5	244	244	244	244	224	224	224	224
65	1	129	0	He	True	?	6	248	248	248	248	168	168	168	168
65	1	177	0	He	True	?	7	92	92	92	92	140	280	280	280
65	1	5	0	He	True	?	8	0	0	0	0	252	444	444	444
65	1	18	0	He	True	?	9	0	0	0	0	244	380	380	380
65	1	196	0	He	True	?	10	248	248	248	248	132	132	132	132
65	1	122	0	He	True	?	11	236	236	236	236	144	144	144	144
65	1	33	0	He	True	?	12	0	0	0	0	228	228	344	624
65	1	198	0	He	True	?	13	540	540	540	540	0	0	0	0
65	1	41	0	He	True	?	14	0	0	0	0	28	28	280	548
65	1	189	0	He	True	?	15	0	0	0	0	264	264	264	264
65	1	106	0	He	True	?	16	260	260	260	260	160	300	300	300
65	1	78	0	He	True	?	17	468	468	468	468	180	292	292	292
65	1	203	0	He	True	?	18	0	0	0	0	264	264	264	264
65	1	90	0	He	True	?	19	0	0	0	0	104	256	256	256
65	1	47	0	He	True	?	20	0	0	0	0	0	0	0	0
65	1	146	0	He	True	?	21	0	0	0	0	224	396	396	396
65	1	128	0	He	True	?	22	260	260	260	260	216	216	216	216
65	1	194	0	He	True	?	23	0	0	0	0	320	516	516	516
65	1	87	0	He	True	?	24	0	0	0	0	336	336	336	336
65	1	93	0	He	True	?	25	0	0	0	0	268	356	356	356
65	1	201	0	He	True	?	27	296	296	296	296	140	140	140	140
65	1	134	0	He	True	?	28	224	224	224	224	240	240	240	240
65	1	124	0	He	True	?	29	0	0	0	0	228	360	360	360
65	1	197	0	He	True	?	30	0	0	0	0	512	604	604	604
65	1	198	0	He	True	?	31	0	0	0	0	320	320	320	320
65	1	110	0	He	True	?	32	348	348	348	348	172	476	476	608
65	1	37	0	He	True	?	33	240	240	240	240	220	220	220	220
65	1	81	0	He	True	?	34	0	0	0	0	324	484	484	484
65	1	17	0	He	True	?	35	0	0	0	0	232	420	420	420
65	1	13	0	He	True	?	36	0	0	0	0	0	0	0	0
65	1	88	0	He	True	?	37	0	0	0	0	228	552	552	552
65	1	187	0	He	True	?	38	232	232	232	232	184	184	184	184
65	1	203	0	He	True	?	39	0	0	0	0	388	388	388	388
65	1	195	0	He	True	?	40	0	0	0	0	0	0	0	0
65	1	198	0	He	True	?	41	0	0	0	0	0	0	0	0
65	1	192	0	He	True	?	42	0	0	0	0	152	360	360	360
65	1	36	0	He	True	?	43	320	320	320	320	144	144	144	144
66	1	100	0	He	True	?	1	0	0	0	0	284	284	672	780
66	1	141	0	He	True	?	2	224	224	224	224	88	88	88	88
66	1	44	0	He	True	?	3	0	0	0	0	228	732	732	732
66	1	3	0	He	True	?	4	0	0	0	0	24	392	392	392
66	1	158	0	He	True	?	5	240	240	240	240	216	216	216	216
66	1	154	0	He	True	?	6	0	0	0	0	280	280	280	280
66	1	17	0	He	True	?	7	236	236	236	236	136	136	136	136
66	1	105	0	He	True	?	8	0	0	0	0	284	476	476	476
66	1	157	0	He	True	?	10	76	76	76	76	336	336	336	336
66	1	148	0	He	True	?	11	256	256	256	256	252	252	252	252
66	1	66	0	He	True	?	12	0	0	0	0	280	524	524	524
66	1	43	0	He	True	?	13	276	276	276	276	124	124	124	124
66	1	17	0	He	True	?	14	0	0	0	0	24	520	520	520
66	1	45	0	He	True	?	15	0	0	0	0	320	320	320	320
66	1	201	0	He	True	?	16	0	0	0	0	248	388	388	388
66	1	157	0	He	True	?	17	236	236	236	236	176	176	176	176
66	1	205	0	He	True	?	18	0	0	0	0	248	340	340	340
66	1	174	0	He	True	?	19	272	272	272	272	176	176	176	176
66	1	107	0	He	True	?	20	0	0	0	0	0	0	0	0
66	1	160	0	He	True	?	21	0	0	0	0	228	352	352	352
66	1	144	0	He	True	?	22	0	0	0	0	272	892	892	892
66	1	27	0	He	True	?	23	0	0	0	0	212	1540	1540	1540
66	1	127	0	He	True	?	24	0	0	0	0	224	408	408	408
66	1	116	0	He	True	?	25	0	0	0	0	252	340	340	340
66	1	25	0	He	True	?	27	0	0	0	0	16	632	632	632
66	1	52	0	He	True	?	28	204	204	204	204	284	504	504	504
66	1	132	0	He	True	?	29	0	0	0	0	260	324	324	324
66	1	101	0	He	True	?	30	208	208	208	208	204	612	612	612
66	1	155	0	He	True	?	31	232	232	232	232	176	176	176	176
66	1	114	0	He	True	?	32	232	232	232	232	216	472	472	472
66	1	92	0	He	True	?	33	272	272	272	272	56	112	112	112
66	1	155	0	He	True	?	34	324	324	324	324	356	356	356	356
66	1	52	0	He	True	?	35	196	196	196	196	172	172	172	172
66	1	111	0	He	True	?	36	228	228	228	228	200	200	200	200
66	1	143	0	He	True	?	37	0	0	0	0	52	312	312	312
66	1	131	0	He	True	?	38	0	0	0	0	352	440	440	440
66	1	171	0	He	True	?	39	0	0	0	0	244	344	344	344
66	1	36	0	He	True	?	40	0	0	0	0	104	412	412	412
66	1	173	0	He	True	?	41	0	0	0	0	0	0	0	0
66	1	151	0	He	True	?	42	0	0	0	0	0	0	0	0
66	1	156	0	He	True	?	43	0	0	0	0	276	412	412	412
66	7	100	0	his	True	-6	1	160	160	360	700	80	80	80	244
66	7	141	0	his	True	-6	2	108	108	108	108	108	108	108	688
66	7	44	0	his	True	-6	3	372	372	372	372	700	700	700	700
66	7	3	0	his	True	-6	4	172	328	328	328	156	156	156	912
66	7	158	0	his	True	-6	5	0	0	0	0	224	224	224	312
66	7	154	0	his	True	-6	6	0	0	0	0	272	272	272	272
66	7	17	0	his	True	-6	7	188	188	464	1060	320	320	476	636
66	7	105	0	his	True	-6	8	316	792	792	792	268	268	268	1076
66	7	157	0	his	True	-6	10	248	248	404	640	36	384	384	1080
66	7	148	0	his	True	-6	11	356	356	356	356	108	108	108	108
66	7	66	0	his	True	-6	12	176	320	548	1236	0	0	0	0
66	7	43	0	his	True	-6	13	384	384	384	592	216	216	216	216
66	7	17	0	his	True	-6	14	144	576	576	792	0	0	0	0
66	7	45	0	his	True	-6	15	140	280	280	384	152	152	152	152
66	7	201	0	his	True	-6	16	208	208	208	208	204	204	204	660
66	7	157	0	his	True	-6	17	184	520	520	520	0	0	0	0
66	7	205	0	his	True	-6	18	376	376	376	376	0	0	0	0
66	7	174	0	his	True	-6	19	168	168	168	168	100	100	100	284
66	7	107	0	his	True	-6	20	0	0	0	0	168	168	168	1068
66	7	160	0	his	True	-6	21	0	0	0	0	160	160	160	324
66	7	144	0	his	True	-6	22	612	612	884	1096	292	292	292	1472
66	7	27	0	his	True	-6	23	132	132	132	132	224	344	344	1348
66	7	127	0	his	True	-6	24	440	440	440	440	0	0	0	0
66	7	116	0	his	True	-6	25	168	168	168	168	268	268	660	1204
66	7	25	0	his	True	-6	27	216	504	504	504	228	228	228	228
66	7	52	0	his	True	-6	28	172	172	172	344	240	240	240	240
66	7	132	0	his	True	-6	29	324	324	324	424	284	284	284	284
66	7	101	0	his	True	-6	30	280	896	896	896	0	0	0	0
66	7	155	0	his	True	-6	31	0	0	0	0	116	116	116	116
66	7	114	0	his	True	-6	32	300	300	300	472	96	96	96	96
66	7	92	0	his	True	-6	33	112	112	112	112	140	140	296	904
66	7	155	0	his	True	-6	34	240	240	496	732	0	0	0	0
66	7	52	0	his	True	-6	35	156	156	156	156	120	120	120	656
66	7	111	0	his	True	-6	36	212	212	212	212	0	0	0	0
66	7	143	0	his	True	-6	37	172	172	172	172	248	248	248	248
66	7	131	0	his	True	-6	38	112	360	360	488	0	0	0	0
66	7	171	0	his	True	-6	39	0	0	0	0	168	168	168	168
66	7	36	0	his	True	-6	40	0	0	0	0	232	232	392	928
66	7	173	0	his	True	-6	41	208	208	208	208	268	268	268	268
66	7	151	0	his	True	-6	42	236	236	236	1140	404	404	404	404
66	7	156	0	his	True	-6	43	120	804	804	804	196	196	196	196
69	2	181	0	us	True	?	1	172	172	172	428	172	172	172	172
69	2	61	0	us	True	?	2	0	0	0	0	112	192	336	752
69	2	63	0	us	True	?	3	0	0	0	0	168	348	348	348
69	2	4	0	us	True	?	4	240	396	396	396	160	160	160	160
69	2	98	0	us	True	?	5	0	0	0	0	0	0	0	0
69	2	88	0	us	True	?	6	0	0	0	0	244	244	244	364
69	2	135	0	us	True	?	7	0	0	0	0	208	368	368	604
69	2	174	0	us	True	?	8	0	0	0	0	164	164	164	164
69	2	148	0	us	True	?	10	0	0	0	0	128	224	224	224
69	2	46	0	us	True	?	11	176	176	176	176	148	148	148	148
69	2	38	0	us	True	?	12	0	0	0	0	0	0	0	0
69	2	41	0	us	True	?	13	0	0	0	0	116	116	116	116
69	2	141	0	us	True	?	14	240	240	240	240	220	220	220	220
69	2	115	0	us	True	?	15	0	0	0	0	236	236	236	236
69	2	32	0	us	True	?	16	192	192	192	192	228	356	356	356
69	2	139	0	us	True	?	17	132	132	132	324	136	136	136	136
69	2	66	0	us	True	?	18	332	332	332	332	144	144	144	144
69	2	173	0	us	True	?	19	0	0	0	0	160	160	160	160
69	2	63	0	us	True	?	20	0	0	0	0	140	140	140	140
69	2	68	0	us	True	?	21	176	176	176	176	196	276	276	276
69	2	33	0	us	True	?	22	0	0	0	0	0	0	0	0
69	2	139	0	us	True	?	23	152	152	152	152	168	168	168	168
69	2	33	0	us	True	?	24	136	136	136	136	0	0	0	0
69	2	12	0	us	True	?	25	0	0	0	0	0	0	0	0
69	2	159	0	us	True	?	27	252	252	412	592	0	0	0	0
69	2	105	0	us	True	?	28	0	0	0	0	200	200	468	996
69	2	145	0	us	True	?	29	0	0	0	0	0	0	0	0
69	2	7	0	us	True	?	30	28	28	28	276	196	196	380	988
69	2	128	0	us	True	?	31	0	0	0	0	228	228	228	228
69	2	47	0	us	True	?	32	52	52	196	532	200	200	200	200
69	2	176	0	us	True	?	33	140	140	140	140	60	204	400	628
69	2	78	0	us	True	?	34	0	0	0	0	200	200	200	200
69	2	49	0	us	True	?	35	0	0	0	0	148	288	288	288
69	2	73	0	us	True	?	36	0	0	0	0	0	0	0	0
69	2	95	0	us	True	?	37	216	216	428	540	136	136	136	136
69	2	185	0	us	True	?	38	324	324	324	324	116	116	116	116
69	2	30	0	us	True	?	39	0	0	0	0	0	0	0	0
69	2	71	0	us	True	?	40	0	0	0	0	248	384	384	384
69	2	107	0	us	True	?	41	0	0	0	0	0	0	0	0
69	2	92	0	us	True	?	42	260	260	260	260	152	152	152	152
69	2	198	0	us	True	?	43	112	112	112	112	176	176	176	176
71	7	11	0	his	False	-6	1	280	280	280	280	680	680	680	1044
71	7	19	0	his	False	-6	2	208	208	208	428	220	220	220	844
71	7	53	0	his	False	-6	3	332	332	332	484	156	156	156	156
71	7	80	0	his	False	-6	4	0	0	0	0	0	0	0	0
71	7	204	0	his	False	-6	5	0	0	0	0	236	236	236	956
71	7	45	0	his	False	-6	6	224	224	224	488	0	0	0	0
71	7	9	0	his	False	-6	7	132	132	132	132	100	100	492	1916
71	7	120	0	his	False	-6	8	0	0	0	0	508	508	508	508
71	7	56	0	his	False	-6	10	184	184	184	184	140	140	312	880
71	7	182	0	his	False	-6	11	204	204	204	392	128	292	292	292
71	7	156	0	his	False	-6	12	0	0	0	0	208	208	208	1160
71	7	64	0	his	False	-6	13	196	196	196	196	240	240	240	724
71	7	109	0	his	False	-6	14	0	0	0	0	172	172	172	756
71	7	46	0	his	False	-6	15	0	0	0	0	272	544	544	988
71	7	164	0	his	False	-6	16	228	228	228	228	152	760	1116	1236
71	7	36	0	his	False	-6	18	216	216	216	216	156	156	360	896
71	7	97	0	his	False	-6	19	232	232	232	232	64	64	64	452
71	7	138	0	his	False	-6	20	0	0	0	0	204	204	524	1468
71	7	118	0	his	False	-6	21	0	0	0	0	196	196	196	612
71	7	17	0	his	False	-6	22	0	0	0	0	400	400	400	884
71	7	23	0	his	False	-6	23	184	184	184	184	232	436	932	2888
71	7	57	0	his	False	-6	24	0	0	0	0	160	252	252	592
71	7	130	0	his	False	-6	25	212	212	212	324	216	216	508	816
71	7	118	0	his	False	-6	27	0	0	0	0	172	476	828	1068
71	7	197	0	his	False	-6	28	0	0	0	0	196	196	672	1096
71	7	205	0	his	False	-6	29	0	0	0	0	232	456	456	456
71	7	26	0	his	False	-6	30	0	0	0	0	132	132	132	840
71	7	160	0	his	False	-6	31	140	268	268	268	60	252	252	604
71	7	73	0	his	False	-6	32	0	0	0	0	212	380	380	532
71	7	126	0	his	False	-6	33	212	212	368	700	216	216	216	216
71	7	59	0	his	False	-6	34	0	0	0	0	188	188	188	400
71	7	139	0	his	False	-6	35	224	224	224	224	164	308	308	1580
71	7	89	0	his	False	-6	36	184	184	184	184	116	116	116	596
71	7	172	0	his	False	-6	37	0	0	0	0	92	92	92	704
71	7	103	0	his	False	-6	38	264	264	264	264	140	140	140	1976
71	7	103	0	his	False	-6	39	248	248	248	248	164	164	288	460
71	7	3	0	his	False	-6	40	0	0	0	0	180	180	368	1296
71	7	170	0	his	False	-6	41	184	184	184	316	168	168	168	168
71	7	29	0	his	False	-6	42	156	156	156	156	280	280	372	1440
71	7	44	0	his	False	-6	43	0	0	0	0	172	172	568	764
72	8	117	1	himself.	False	-7	1	176	272	272	272	-999	-999	-999	-999
72	8	187	1	himself.	False	-7	2	224	224	224	224	-999	-999	-999	-999
72	8	58	1	himself.	False	-7	3	336	336	336	472	-999	-999	-999	-999
72	8	67	1	himself.	False	-7	4	240	240	240	240	-999	-999	-999	-999
72	8	96	1	himself.	False	-7	5	204	204	204	1068	-999	-999	-999	-999
72	8	113	1	himself.	False	-7	6	0	0	0	0	-999	-999	-999	-999
72	8	179	1	himself.	False	-7	7	104	104	216	1400	-999	-999	-999	-999
72	8	199	1	himself.	False	-7	8	276	672	672	672	-999	-999	-999	-999
72	8	31	1	himself.	False	-7	9	240	240	240	1328	-999	-999	-999	-999
72	8	110	1	himself.	False	-7	10	232	232	232	944	-999	-999	-999	-999
72	8	109	1	himself.	False	-7	11	236	236	236	236	-999	-999	-999	-999
72	8	200	1	himself.	False	-7	12	120	120	120	796	-999	-999	-999	-999
72	8	154	1	himself.	False	-7	13	200	200	200	712	-999	-999	-999	-999
72	8	68	1	himself.	False	-7	14	88	88	88	368	-999	-999	-999	-999
72	8	137	1	himself.	False	-7	15	84	84	84	516	-999	-999	-999	-999
72	8	131	1	himself.	False	-7	16	248	248	248	248	-999	-999	-999	-999
72	8	128	1	himself.	False	-7	17	284	284	284	504	-999	-999	-999	-999
72	8	190	1	himself.	False	-7	18	0	0	0	0	-999	-999	-999	-999
72	8	158	1	himself.	False	-7	19	76	76	76	328	-999	-999	-999	-999
72	8	110	1	himself.	False	-7	20	180	304	304	848	-999	-999	-999	-999
72	8	138	1	himself.	False	-7	21	148	148	148	148	-999	-999	-999	-999
72	8	158	1	himself.	False	-7	22	184	184	356	1380	-999	-999	-999	-999
72	8	107	1	himself.	False	-7	23	324	324	644	924	-999	-999	-999	-999
72	8	131	1	himself.	False	-7	24	160	160	160	264	-999	-999	-999	-999
72	8	81	1	himself.	False	-7	25	160	160	432	944	-999	-999	-999	-999
72	8	59	1	himself.	False	-7	27	324	456	456	720	-999	-999	-999	-999
72	8	178	1	himself.	False	-7	28	292	292	292	292	-999	-999	-999	-999
72	8	79	1	himself.	False	-7	29	244	404	404	404	-999	-999	-999	-999
72	8	141	1	himself.	False	-7	30	220	220	220	6512	-999	-999	-999	-999
72	8	201	1	himself.	False	-7	31	124	124	124	124	-999	-999	-999	-999
72	8	91	1	himself.	False	-7	32	184	184	184	184	-999	-999	-999	-999
72	8	107	1	himself.	False	-7	33	100	100	252	376	-999	-999	-999	-999
72	8	102	1	himself.	False	-7	34	204	204	204	204	-999	-999	-999	-999
72	8	115	1	himself.	False	-7	35	152	152	152	152	-999	-999	-999	-999
72	8	180	1	himself.	False	-7	36	100	100	100	100	-999	-999	-999	-999
72	8	84	1	himself.	False	-7	37	112	112	112	112	-999	-999	-999	-999
72	8	123	1	himself.	False	-7	38	124	124	124	124	-999	-999	-999	-999
72	8	94	1	himself.	False	-7	39	272	356	356	548	-999	-999	-999	-999
72	8	46	1	himself.	False	-7	40	200	200	312	916	-999	-999	-999	-999
72	8	49	1	himself.	False	-7	41	136	136	136	296	-999	-999	-999	-999
72	8	106	1	himself.	False	-7	42	80	80	80	332	-999	-999	-999	-999
72	8	205	1	himself.	False	-7	43	236	236	236	356	-999	-999	-999	-999
74	8	98	1	that.	True	?	1	0	0	0	0	-999	-999	-999	-999
74	8	92	1	that.	True	?	2	152	276	276	276	-999	-999	-999	-999
74	8	57	1	that.	True	?	3	264	264	264	404	-999	-999	-999	-999
74	8	96	1	that.	True	?	4	552	552	552	552	-999	-999	-999	-999
74	8	58	1	that.	True	?	5	200	200	432	768	-999	-999	-999	-999
74	8	141	1	that.	True	?	6	96	96	96	96	-999	-999	-999	-999
74	8	168	1	that.	True	?	7	48	48	316	1320	-999	-999	-999	-999
74	8	109	1	that.	True	?	8	0	0	0	0	-999	-999	-999	-999
74	8	67	1	that.	True	?	10	180	180	180	652	-999	-999	-999	-999
74	8	55	1	that.	True	?	11	204	204	204	300	-999	-999	-999	-999
74	8	157	1	that.	True	?	12	0	0	0	0	-999	-999	-999	-999
74	8	180	1	that.	True	?	13	324	324	324	324	-999	-999	-999	-999
74	8	25	1	that.	True	?	14	216	216	216	216	-999	-999	-999	-999
74	8	73	1	that.	True	?	15	336	336	336	336	-999	-999	-999	-999
74	8	165	1	that.	True	?	16	376	376	376	632	-999	-999	-999	-999
74	8	97	1	that.	True	?	17	0	0	0	0	-999	-999	-999	-999
74	8	145	1	that.	True	?	18	0	0	0	0	-999	-999	-999	-999
74	8	64	1	that.	True	?	19	328	328	328	328	-999	-999	-999	-999
74	8	139	1	that.	True	?	20	308	308	308	904	-999	-999	-999	-999
74	8	129	1	that.	True	?	21	0	0	0	0	-999	-999	-999	-999
74	8	63	1	that.	True	?	22	0	0	0	0	-999	-999	-999	-999
74	8	16	1	that.	True	?	23	424	424	424	424	-999	-999	-999	-999
74	8	156	1	that.	True	?	24	220	220	220	388	-999	-999	-999	-999
74	8	2	1	that.	True	?	25	252	252	252	820	-999	-999	-999	-999
74	8	199	1	that.	True	?	27	0	0	0	0	-999	-999	-999	-999
74	8	47	1	that.	True	?	28	200	200	552	1128	-999	-999	-999	-999
74	8	111	1	that.	True	?	29	168	168	168	168	-999	-999	-999	-999
74	8	97	1	that.	True	?	30	0	0	0	0	-999	-999	-999	-999
74	8	120	1	that.	True	?	31	0	0	0	0	-999	-999	-999	-999
74	8	36	1	that.	True	?	32	344	344	344	344	-999	-999	-999	-999
74	8	178	1	that.	True	?	33	224	224	224	224	-999	-999	-999	-999
74	8	138	1	that.	True	?	34	0	0	0	0	-999	-999	-999	-999
74	8	12	1	that.	True	?	35	420	528	528	528	-999	-999	-999	-999
74	8	11	1	that.	True	?	36	0	0	0	0	-999	-999	-999	-999
74	8	153	1	that.	True	?	37	0	0	0	0	-999	-999	-999	-999
74	8	166	1	that.	True	?	38	144	144	144	144	-999	-999	-999	-999
74	8	168	1	that.	True	?	39	0	0	0	0	-999	-999	-999	-999
74	8	169	1	that.	True	?	40	0	0	0	0	-999	-999	-999	-999
74	8	11	1	that.	True	?	41	380	380	460	688	-999	-999	-999	-999
74	8	60	1	that.	True	?	42	0	0	0	0	-999	-999	-999	-999
74	8	174	1	that.	True	?	43	360	360	360	476	-999	-999	-999	-999
75	1	155	0	She	True	?	1	272	272	272	272	144	144	144	144
75	1	119	0	She	True	?	2	232	232	232	232	32	32	32	32
75	1	153	0	She	True	?	3	316	316	316	316	0	0	0	0
75	1	130	0	She	True	?	4	0	0	0	0	0	0	0	0
75	1	48	0	She	True	?	5	0	0	0	0	236	568	568	568
75	1	165	0	She	True	?	6	84	84	84	84	172	172	172	172
75	1	154	0	She	True	?	7	0	0	0	0	260	260	260	260
75	1	175	0	She	True	?	8	288	288	288	288	160	160	160	160
75	1	126	0	She	True	?	10	0	0	0	0	0	0	0	0
75	1	85	0	She	True	?	11	272	272	272	272	148	148	148	148
75	1	58	0	She	True	?	12	0	0	0	0	532	532	532	532
75	1	69	0	She	True	?	13	296	296	296	296	240	240	240	240
75	1	30	0	She	True	?	14	0	0	0	0	300	432	432	432
75	1	89	0	She	True	?	15	0	0	0	0	240	240	240	240
75	1	63	0	She	True	?	16	284	284	284	284	404	404	404	404
75	1	159	0	She	True	?	17	0	0	0	0	296	296	296	376
75	1	176	0	She	True	?	18	0	0	0	0	268	312	312	312
75	1	162	0	She	True	?	19	252	252	252	252	120	120	120	120
75	1	95	0	She	True	?	20	0	0	0	0	0	0	0	0
75	1	78	0	She	True	?	21	0	0	0	0	216	216	216	216
75	1	105	0	She	True	?	22	256	256	256	256	240	240	240	240
75	1	187	0	She	True	?	23	296	296	296	296	168	168	168	168
75	1	190	0	She	True	?	24	20	20	20	20	396	396	396	396
75	1	120	0	She	True	?	25	0	0	0	0	0	0	0	0
75	1	1	0	She	True	?	27	0	0	0	0	296	772	772	772
75	1	148	0	She	True	?	28	0	0	0	0	240	240	444	816
75	1	171	0	She	True	?	29	0	0	0	0	268	384	384	384
75	1	14	0	She	True	?	30	288	288	288	288	164	444	444	444
75	1	135	0	She	True	?	31	252	252	252	252	0	0	0	0
75	1	9	0	She	True	?	32	152	388	388	388	276	276	276	276
75	1	120	0	She	True	?	33	244	380	380	380	0	0	0	0
75	1	37	0	She	True	?	34	0	0	0	0	0	0	0	0
75	1	59	0	She	True	?	35	160	160	160	160	196	196	196	196
75	1	200	0	She	True	?	36	0	0	0	0	0	0	0	0
75	1	122	0	She	True	?	37	0	0	0	0	0	0	0	0
75	1	10	0	She	True	?	38	84	84	84	84	280	280	280	280
75	1	23	0	She	True	?	39	0	0	0	0	0	0	0	0
75	1	112	0	She	True	?	40	0	0	0	0	0	0	0	0
75	1	57	0	She	True	?	41	0	0	0	0	240	432	432	432
75	1	168	0	She	True	?	42	108	276	276	276	0	0	0	0
75	1	186	0	She	True	?	43	0	0	0	0	284	284	284	488
75	7	155	0	his	True	?	1	0	0	0	0	416	416	416	1432
75	7	119	0	his	True	?	2	204	204	204	692	0	0	0	0
75	7	153	0	his	True	?	3	144	144	424	620	0	0	0	0
75	7	130	0	his	True	?	4	184	184	184	184	312	312	312	1000
75	7	48	0	his	True	?	5	216	216	808	1580	0	0	0	0
75	7	165	0	his	True	?	6	352	352	352	352	0	0	0	0
75	7	154	0	his	True	?	7	184	236	236	1168	320	320	320	556
75	7	175	0	his	True	?	8	160	704	704	704	0	0	0	0
75	7	126	0	his	True	?	10	612	612	612	612	288	784	784	784
75	7	85	0	his	True	?	11	124	340	340	508	0	0	0	0
75	7	58	0	his	True	?	12	196	500	500	500	0	0	0	0
75	7	69	0	his	True	?	13	272	272	584	828	0	0	0	0
75	7	30	0	his	True	?	14	296	296	296	1044	0	0	0	0
75	7	89	0	his	True	?	15	136	136	644	1036	0	0	0	0
75	7	63	0	his	True	?	16	264	716	924	1548	0	0	0	0
75	7	159	0	his	True	?	17	284	860	860	860	0	0	0	0
75	7	176	0	his	True	?	18	376	376	376	652	0	0	0	0
75	7	162	0	his	True	?	19	272	272	272	444	0	0	0	0
75	7	95	0	his	True	?	20	0	0	0	0	268	268	732	1308
75	7	78	0	his	True	?	21	0	0	0	0	148	148	424	624
75	7	105	0	his	True	?	22	340	340	340	568	0	0	0	0
75	7	187	0	his	True	?	23	200	356	356	356	568	568	568	568
75	7	190	0	his	True	?	24	192	348	348	348	0	0	0	0
75	7	120	0	his	True	?	25	224	364	364	364	384	384	384	384
75	7	1	0	his	True	?	27	436	436	436	436	0	0	0	0
75	7	148	0	his	True	?	28	156	324	324	324	380	380	380	380
75	7	171	0	his	True	?	29	276	276	276	276	148	148	836	948
75	7	14	0	his	True	?	30	324	324	324	324	0	0	0	0
75	7	135	0	his	True	?	31	0	0	0	0	0	0	0	0
75	7	9	0	his	True	?	32	208	436	436	436	148	148	148	1176
75	7	120	0	his	True	?	33	204	204	204	204	200	200	200	200
75	7	37	0	his	True	?	34	180	316	316	624	0	0	0	0
75	7	59	0	his	True	?	35	188	188	188	188	204	204	204	204
75	7	200	0	his	True	?	36	0	0	0	0	424	424	424	424
75	7	122	0	his	True	?	37	176	176	404	1600	144	144	144	144
75	7	10	0	his	True	?	38	360	360	360	360	164	164	164	900
75	7	23	0	his	True	?	39	244	244	744	1624	0	0	0	0
75	7	112	0	his	True	?	40	0	0	0	0	428	428	428	428
75	7	57	0	his	True	?	41	164	244	244	1004	152	152	152	152
75	7	168	0	his	True	?	42	400	588	760	1636	0	0	0	0
75	7	186	0	his	True	?	43	264	264	264	416	336	336	336	336
76	1	199	0	She	True	?	1	304	488	488	488	0	0	0	0
76	1	144	0	She	True	?	2	240	240	240	240	0	0	0	0
76	1	64	0	She	True	?	3	344	344	344	344	0	0	0	0
76	1	118	0	She	True	?	4	0	0	0	0	356	356	356	356
76	1	37	0	She	True	?	5	0	0	0	0	0	0	0	0
76	1	191	0	She	True	?	6	0	0	0	0	232	232	232	232
76	1	33	0	She	True	?	7	228	228	228	228	0	0	0	0
76	1	33	0	She	True	?	8	116	116	116	116	268	416	416	416
76	1	114	0	She	True	?	10	0	0	0	0	304	304	304	304
76	1	118	0	She	True	?	11	268	268	268	268	192	192	192	192
76	1	160	0	She	True	?	12	0	0	0	0	272	272	272	272
76	1	61	0	She	True	?	13	84	304	304	304	0	0	0	0
76	1	78	0	She	True	?	14	0	0	0	0	240	308	308	308
76	1	130	0	She	True	?	15	176	176	176	176	0	0	0	0
76	1	36	0	She	True	?	16	260	260	260	260	128	128	128	128
76	1	94	0	She	True	?	17	280	280	280	280	0	0	0	0
76	1	73	0	She	True	?	18	0	0	0	0	84	268	268	268
76	1	9	0	She	True	?	19	0	0	0	0	244	244	244	284
76	1	115	0	She	True	?	20	0	0	0	0	224	224	224	224
76	1	73	0	She	True	?	21	0	0	0	0	204	312	312	312
76	1	156	0	She	True	?	22	356	356	356	356	240	240	240	240
76	1	99	0	She	True	?	23	0	0	0	0	128	292	292	292
76	1	100	0	She	True	?	24	260	260	260	260	140	140	140	140
76	1	176	0	She	True	?	25	148	148	148	148	0	0	0	0
76	1	116	0	She	True	?	27	0	0	0	0	104	104	104	104
76	1	128	0	She	True	?	28	340	340	340	340	156	260	260	260
76	1	46	0	She	True	?	29	0	0	0	0	0	0	0	0
76	1	110	0	She	True	?	30	324	324	324	324	220	220	220	220
76	1	179	0	She	True	?	31	0	0	0	0	0	0	0	0
76	1	128	0	She	True	?	32	244	384	384	384	148	148	148	148
76	1	106	0	She	True	?	33	244	244	244	244	64	64	64	64
76	1	57	0	She	True	?	34	84	84	84	84	180	180	180	180
76	1	98	0	She	True	?	35	0	0	0	0	232	376	376	376
76	1	165	0	She	True	?	36	0	0	0	0	0	0	0	0
76	1	173	0	She	True	?	37	0	0	0	0	116	116	116	116
76	1	66	0	She	True	?	38	0	0	0	0	0	0	0	0
76	1	135	0	She	True	?	39	0	0	0	0	0	0	0	0
76	1	102	0	She	True	?	40	0	0	0	0	0	0	0	0
76	1	25	0	She	True	?	41	0	0	0	0	0	0	0	0
76	1	46	0	She	True	?	42	0	0	0	0	0	0	0	0
76	1	48	0	She	True	?	43	256	344	344	344	0	0	0	0
82	1	121	0	They	True	?	1	228	360	360	360	124	124	124	124
82	1	31	0	They	True	?	2	228	908	908	908	156	156	156	156
82	1	31	0	They	True	?	3	352	352	352	352	140	260	260	260
82	1	91	0	They	True	?	4	0	0	0	0	0	0	0	0
82	1	35	0	They	True	?	5	204	204	204	204	0	0	0	0
82	1	160	0	They	True	?	6	0	0	0	0	244	244	244	244
82	1	84	0	They	True	?	7	164	264	264	264	0	0	0	0
82	1	14	0	They	True	?	9	24	24	24	24	220	220	220	220
82	1	29	0	They	True	?	10	252	252	252	252	284	284	284	284
82	1	171	0	They	True	?	11	252	252	252	252	184	184	184	184
82	1	117	0	They	True	?	12	200	200	200	200	116	116	116	116
82	1	116	0	They	True	?	13	300	300	300	300	460	460	460	460
82	1	116	0	They	True	?	14	0	0	0	0	272	488	488	488
82	1	19	0	They	True	?	15	0	0	0	0	248	248	248	248
82	1	45	0	They	True	?	16	0	0	0	0	0	0	0	0
82	1	174	0	They	True	?	17	320	320	320	320	116	116	116	116
82	1	111	0	They	True	?	18	0	0	0	0	324	324	324	324
82	1	181	0	They	True	?	19	272	272	272	272	56	56	56	56
82	1	135	0	They	True	?	20	0	0	0	0	244	244	244	244
82	1	101	0	They	True	?	21	0	0	0	0	0	0	0	0
82	1	79	0	They	True	?	22	376	376	376	376	128	128	128	128
82	1	34	0	They	True	?	23	316	316	316	316	292	292	292	292
82	1	159	0	They	True	?	24	240	240	240	240	180	180	180	180
82	1	86	0	They	True	?	25	204	204	204	204	132	132	132	132
82	1	182	0	They	True	?	27	292	292	292	292	0	0	0	0
82	1	155	0	They	True	?	28	296	296	296	296	420	420	420	420
82	1	49	0	They	True	?	29	0	0	0	0	88	88	88	296
82	1	155	0	They	True	?	30	276	276	276	276	268	268	484	624
82	1	131	0	They	True	?	31	224	224	224	224	140	140	140	140
82	1	84	0	They	True	?	32	224	380	380	380	148	148	148	148
82	1	116	0	They	True	?	33	248	248	248	248	92	92	92	92
82	1	142	0	They	True	?	34	0	0	0	0	176	176	176	176
82	1	20	0	They	True	?	35	240	240	240	240	128	128	128	128
82	1	2	0	They	True	?	36	0	0	0	0	0	0	0	0
82	1	157	0	They	True	?	37	0	0	0	0	0	0	0	0
82	1	79	0	They	True	?	38	292	292	292	292	180	180	180	180
82	1	101	0	They	True	?	39	0	0	0	0	0	0	0	0
82	1	19	0	They	True	?	40	196	196	196	196	308	308	308	308
82	1	115	0	They	True	?	41	0	0	0	0	0	0	0	0
82	1	123	0	They	True	?	42	104	276	276	276	0	0	0	0
82	1	98	0	They	True	?	43	0	0	0	0	260	260	260	388
83	9	154	1	it.	False	-6	1	260	260	260	260	-999	-999	-999	-999
83	9	26	1	it.	False	-6	2	148	148	148	812	-999	-999	-999	-999
83	9	27	1	it.	False	-6	3	0	0	0	0	-999	-999	-999	-999
83	9	37	1	it.	False	-6	4	0	0	0	0	-999	-999	-999	-999
83	9	59	1	it.	False	-6	5	0	0	0	0	-999	-999	-999	-999
83	9	195	1	it.	False	-6	6	0	0	0	0	-999	-999	-999	-999
83	9	85	1	it.	False	-6	7	144	144	144	1356	-999	-999	-999	-999
83	9	104	1	it.	False	-6	8	248	248	248	872	-999	-999	-999	-999
83	9	69	1	it.	False	-6	10	192	192	192	1348	-999	-999	-999	-999
83	9	186	1	it.	False	-6	11	0	0	0	0	-999	-999	-999	-999
83	9	123	1	it.	False	-6	12	0	0	0	0	-999	-999	-999	-999
83	9	145	1	it.	False	-6	13	0	0	0	0	-999	-999	-999	-999
83	9	60	1	it.	False	-6	14	112	112	112	112	-999	-999	-999	-999
83	9	44	1	it.	False	-6	15	0	0	0	0	-999	-999	-999	-999
83	9	42	1	it.	False	-6	16	296	296	296	708	-999	-999	-999	-999
83	9	126	1	it.	False	-6	17	144	144	260	1536	-999	-999	-999	-999
83	9	151	1	it.	False	-6	18	0	0	0	0	-999	-999	-999	-999
83	9	61	1	it.	False	-6	19	0	0	0	0	-999	-999	-999	-999
83	9	84	1	it.	False	-6	20	0	0	0	0	-999	-999	-999	-999
83	9	92	1	it.	False	-6	21	164	164	164	544	-999	-999	-999	-999
83	9	90	1	it.	False	-6	22	316	316	316	316	-999	-999	-999	-999
83	9	180	1	it.	False	-6	23	308	308	308	308	-999	-999	-999	-999
83	9	184	1	it.	False	-6	24	0	0	0	0	-999	-999	-999	-999
83	9	199	1	it.	False	-6	25	0	0	0	0	-999	-999	-999	-999
83	9	98	1	it.	False	-6	27	0	0	0	0	-999	-999	-999	-999
83	9	31	1	it.	False	-6	28	32	32	32	440	-999	-999	-999	-999
83	9	9	1	it.	False	-6	29	116	356	356	356	-999	-999	-999	-999
83	9	128	1	it.	False	-6	30	0	0	0	0	-999	-999	-999	-999
83	9	181	1	it.	False	-6	31	348	348	348	348	-999	-999	-999	-999
83	9	1	1	it.	False	-6	32	276	276	276	276	-999	-999	-999	-999
83	9	50	1	it.	False	-6	33	0	0	0	0	-999	-999	-999	-999
83	9	174	1	it.	False	-6	34	332	332	332	1052	-999	-999	-999	-999
83	9	15	1	it.	False	-6	35	296	296	296	816	-999	-999	-999	-999
83	9	90	1	it.	False	-6	36	0	0	0	0	-999	-999	-999	-999
83	9	162	1	it.	False	-6	37	68	68	68	68	-999	-999	-999	-999
83	9	9	1	it.	False	-6	38	0	0	0	0	-999	-999	-999	-999
83	9	106	1	it.	False	-6	39	172	172	172	1060	-999	-999	-999	-999
83	9	116	1	it.	False	-6	40	160	232	232	232	-999	-999	-999	-999
83	9	162	1	it.	False	-6	41	160	160	160	784	-999	-999	-999	-999
83	9	204	1	it.	False	-6	42	0	0	0	0	-999	-999	-999	-999
83	9	68	1	it.	False	-6	43	0	0	0	0	-999	-999	-999	-999
84	2	112	0	him	True	?	1	240	420	420	420	112	112	112	112
84	2	84	0	him	True	?	2	0	0	0	0	0	0	0	0
84	2	95	0	him	True	?	3	0	0	0	0	224	224	224	728
84	2	81	0	him	True	?	4	352	352	352	352	236	236	236	572
84	2	27	0	him	True	?	5	0	0	0	0	0	0	0	0
84	2	150	0	him	True	?	6	0	0	0	0	256	256	256	256
84	2	40	0	him	True	?	7	208	372	372	404	88	88	88	88
84	2	50	0	him	True	?	8	252	252	404	576	136	136	136	136
84	2	55	0	him	True	?	10	268	268	268	268	132	132	260	416
84	2	205	0	him	True	?	11	164	312	312	312	0	0	0	0
84	2	30	0	him	True	?	12	0	0	0	0	0	0	0	0
84	2	32	0	him	True	?	13	272	272	272	272	156	156	156	156
84	2	115	0	him	True	?	14	0	0	0	0	0	0	0	0
84	2	162	0	him	True	?	15	176	176	176	176	0	0	0	0
84	2	134	0	him	True	?	16	176	176	176	176	188	188	188	188
84	2	165	0	him	True	?	17	220	220	220	220	0	0	0	0
84	2	137	0	him	True	?	18	0	0	0	0	276	276	276	276
84	2	133	0	him	True	?	19	236	236	236	236	224	224	224	224
84	2	197	0	him	True	?	20	0	0	0	0	204	204	204	204
84	2	50	0	him	True	?	21	0	0	0	0	156	360	360	360
84	2	145	0	him	True	?	22	480	480	480	480	152	152	152	152
84	2	14	0	him	True	?	23	140	476	476	476	208	208	208	208
84	2	98	0	him	True	?	24	248	248	248	248	264	264	264	264
84	2	4	0	him	True	?	25	0	0	0	0	0	0	0	0
84	2	105	0	him	True	?	27	0	0	0	0	40	244	416	660
84	2	151	0	him	True	?	28	148	312	312	312	188	188	388	560
84	2	122	0	him	True	?	29	0	0	0	0	288	288	288	288
84	2	18	0	him	True	?	30	296	296	296	296	84	84	84	84
84	2	140	0	him	True	?	31	260	260	260	260	144	144	300	512
84	2	146	0	him	True	?	32	184	184	184	184	200	200	200	200
84	2	175	0	him	True	?	33	180	180	180	180	136	136	388	684
84	2	165	0	him	True	?	34	0	0	0	0	188	188	188	188
84	2	161	0	him	True	?	35	144	144	144	144	176	176	176	176
84	2	102	0	him	True	?	36	100	272	272	272	248	248	248	500
84	2	55	0	him	True	?	37	248	248	436	624	128	128	128	128
84	2	99	0	him	True	?	38	216	216	408	576	0	0	0	0
84	2	144	0	him	True	?	39	0	0	0	0	0	0	0	0
84	2	186	0	him	True	?	40	0	0	0	0	0	0	0	0
84	2	41	0	him	True	?	41	0	0	0	0	24	24	236	788
84	2	87	0	him	True	?	42	0	0	0	0	0	0	0	0
84	2	184	0	him	True	?	43	0	0	0	0	236	236	236	236
84	7	112	0	him	True	-5	1	0	0	0	0	208	208	208	332
84	7	84	0	him	True	-5	2	0	0	0	0	240	240	240	1704
84	7	95	0	him	True	-5	3	220	220	220	220	0	0	0	0
84	7	81	0	him	True	-5	4	140	140	140	140	160	160	160	160
84	7	27	0	him	True	-5	5	172	172	172	172	0	0	0	0
84	7	150	0	him	True	-5	6	304	304	304	616	204	204	204	824
84	7	40	0	him	True	-5	7	116	116	116	116	0	0	0	0
84	7	50	0	him	True	-5	8	0	0	0	0	216	216	216	216
84	7	55	0	him	True	-5	10	76	76	76	76	152	152	152	152
84	7	205	0	him	True	-5	11	128	248	248	248	0	0	0	0
84	7	30	0	him	True	-5	12	0	0	0	0	148	148	148	148
84	7	32	0	him	True	-5	13	184	184	184	184	0	0	0	0
84	7	115	0	him	True	-5	14	164	164	164	164	0	0	0	0
84	7	162	0	him	True	-5	15	0	0	0	0	208	384	384	680
84	7	134	0	him	True	-5	16	92	92	92	92	236	236	236	236
84	7	165	0	him	True	-5	17	188	188	188	188	0	0	0	0
84	7	137	0	him	True	-5	18	188	188	188	188	0	0	0	0
84	7	133	0	him	True	-5	19	172	172	172	172	0	0	0	0
84	7	197	0	him	True	-5	20	0	0	0	0	0	0	0	0
84	7	50	0	him	True	-5	21	0	0	0	0	180	180	180	180
84	7	145	0	him	True	-5	22	0	0	0	0	164	164	164	164
84	7	14	0	him	True	-5	23	180	180	180	180	0	0	0	0
84	7	98	0	him	True	-5	24	0	0	0	0	0	0	0	0
84	7	4	0	him	True	-5	25	0	0	0	0	0	0	0	0
84	7	105	0	him	True	-5	27	292	292	292	292	216	216	216	756
84	7	151	0	him	True	-5	28	316	316	316	316	0	0	0	0
84	7	122	0	him	True	-5	29	180	180	180	180	0	0	0	0
84	7	18	0	him	True	-5	30	0	0	0	0	0	0	0	0
84	7	140	0	him	True	-5	31	144	144	144	144	0	0	0	0
84	7	146	0	him	True	-5	32	184	184	184	184	0	0	0	0
84	7	175	0	him	True	-5	33	180	180	180	180	0	0	0	0
84	7	165	0	him	True	-5	34	0	0	0	0	0	0	0	0
84	7	161	0	him	True	-5	35	160	160	160	160	148	148	148	148
84	7	102	0	him	True	-5	36	0	0	0	0	0	0	0	0
84	7	55	0	him	True	-5	37	128	128	128	128	136	136	136	136
84	7	99	0	him	True	-5	38	0	0	0	0	292	292	292	292
84	7	144	0	him	True	-5	39	0	0	0	0	156	156	156	156
84	7	186	0	him	True	-5	40	0	0	0	0	116	116	116	116
84	7	41	0	him	True	-5	41	240	240	240	240	0	0	0	0
84	7	87	0	him	True	-5	42	144	144	144	144	328	328	328	468
84	7	184	0	him	True	-5	43	208	208	208	208	0	0	0	0
87	1	63	0	He	True	?	1	236	364	364	364	132	568	568	568
87	1	49	0	He	True	?	2	240	240	240	240	336	540	540	540
87	1	161	0	He	True	?	3	32	32	32	32	196	508	508	508
87	1	23	0	He	True	?	4	0	0	0	0	172	536	536	536
87	1	192	0	He	True	?	5	0	0	0	0	264	576	576	576
87	1	183	0	He	True	?	6	184	184	184	184	132	132	132	132
87	1	2	0	He	True	?	7	232	232	232	232	112	112	112	112
87	1	203	0	He	True	?	8	0	0	0	0	356	356	356	356
87	1	19	0	He	True	?	9	232	232	232	232	276	276	276	276
87	1	115	0	He	True	?	10	0	0	0	0	0	0	0	0
87	1	128	0	He	True	?	11	256	256	256	256	216	216	216	216
87	1	49	0	He	True	?	12	0	0	0	0	264	484	484	484
87	1	141	0	He	True	?	13	288	288	288	288	224	224	224	224
87	1	54	0	He	True	?	14	0	0	0	0	260	740	740	740
87	1	153	0	He	True	?	15	0	0	0	0	0	0	0	0
87	1	177	0	He	True	?	16	0	0	0	0	416	416	416	416
87	1	29	0	He	True	?	17	0	0	0	0	336	336	336	336
87	1	7	0	He	True	?	18	0	0	0	0	288	508	508	508
87	1	86	0	He	True	?	19	0	0	0	0	92	92	272	412
87	1	162	0	He	True	?	20	0	0	0	0	200	436	436	436
87	1	21	0	He	True	?	21	0	0	0	0	0	0	0	0
87	1	188	0	He	True	?	22	0	0	0	0	212	784	784	784
87	1	112	0	He	True	?	23	320	320	320	320	208	208	208	208
87	1	10	0	He	True	?	24	184	184	184	184	0	0	0	0
87	1	159	0	He	True	?	25	0	0	0	0	196	344	344	344
87	1	187	0	He	True	?	27	0	0	0	0	420	420	420	420
87	1	150	0	He	True	?	28	0	0	0	0	412	1072	1072	1072
87	1	40	0	He	True	?	29	0	0	0	0	0	0	0	0
87	1	149	0	He	True	?	30	0	0	0	0	236	1004	1004	1004
87	1	42	0	He	True	?	31	284	284	284	284	188	188	188	188
87	1	64	0	He	True	?	32	236	236	236	236	156	304	304	304
87	1	4	0	He	True	?	33	244	244	244	244	128	128	128	208
87	1	169	0	He	True	?	34	0	0	0	0	180	180	180	180
87	1	112	0	He	True	?	35	236	236	236	236	148	148	148	148
87	1	84	0	He	True	?	36	0	0	0	0	96	268	268	268
87	1	65	0	He	True	?	37	264	264	264	264	240	240	240	240
87	1	145	0	He	True	?	38	0	0	0	0	328	328	328	328
87	1	163	0	He	True	?	39	0	0	0	0	0	0	0	0
87	1	69	0	He	True	?	40	0	0	0	0	36	36	36	36
87	1	39	0	He	True	?	41	0	0	0	0	0	0	0	0
87	1	89	0	He	True	?	42	56	56	56	56	232	560	560	560
87	1	50	0	He	True	?	43	0	0	0	0	256	408	408	408
87	3	63	0	his	True	-2	1	216	216	216	216	288	288	288	288
87	3	49	0	his	True	-2	2	0	0	0	0	236	236	236	236
87	3	161	0	his	True	-2	3	144	144	528	808	128	128	128	128
87	3	23	0	his	True	-2	4	248	248	248	248	200	200	200	200
87	3	192	0	his	True	-2	5	0	0	0	0	304	504	504	504
87	3	183	0	his	True	-2	6	0	0	0	0	144	144	144	144
87	3	2	0	his	True	-2	7	0	0	0	0	104	208	272	376
87	3	203	0	his	True	-2	8	200	200	200	200	0	0	0	0
87	3	19	0	his	True	-2	9	200	200	200	200	136	136	136	136
87	3	115	0	his	True	-2	10	292	292	476	820	136	136	136	136
87	3	128	0	his	True	-2	11	144	144	144	144	160	160	160	160
87	3	49	0	his	True	-2	12	0	0	0	0	188	188	348	576
87	3	141	0	his	True	-2	13	216	216	216	216	160	160	160	160
87	3	54	0	his	True	-2	14	0	0	0	0	168	304	304	304
87	3	153	0	his	True	-2	15	300	300	300	300	0	0	0	0
87	3	177	0	his	True	-2	16	160	160	160	160	176	312	312	312
87	3	29	0	his	True	-2	17	0	0	0	0	312	312	716	1288
87	3	7	0	his	True	-2	18	0	0	0	0	228	228	228	228
87	3	86	0	his	True	-2	19	300	300	300	300	384	384	384	384
87	3	162	0	his	True	-2	20	0	0	0	0	160	160	160	160
87	3	21	0	his	True	-2	21	0	0	0	0	0	0	0	0
87	3	188	0	his	True	-2	22	204	204	204	204	212	356	356	356
87	3	112	0	his	True	-2	23	280	280	448	1204	284	532	532	532
87	3	10	0	his	True	-2	24	232	232	408	692	192	192	364	688
87	3	159	0	his	True	-2	25	164	164	164	164	168	380	380	676
87	3	187	0	his	True	-2	27	268	268	268	268	180	180	180	180
87	3	150	0	his	True	-2	28	312	312	312	312	200	200	200	200
87	3	40	0	his	True	-2	29	0	0	0	0	0	0	0	0
87	3	149	0	his	True	-2	30	244	244	244	244	184	184	384	976
87	3	42	0	his	True	-2	31	0	0	0	0	132	212	212	212
87	3	64	0	his	True	-2	32	268	268	268	268	168	288	288	288
87	3	4	0	his	True	-2	33	64	168	284	564	96	96	96	96
87	3	169	0	his	True	-2	34	200	200	200	200	188	188	188	188
87	3	112	0	his	True	-2	35	232	232	232	232	188	188	188	188
87	3	84	0	his	True	-2	36	0	0	0	0	304	304	388	656
87	3	65	0	his	True	-2	37	180	180	180	312	184	316	316	316
87	3	145	0	his	True	-2	38	0	0	0	0	248	248	476	628
87	3	163	0	his	True	-2	39	0	0	0	0	316	316	460	652
87	3	69	0	his	True	-2	40	184	184	388	604	148	148	148	148
87	3	39	0	his	True	-2	41	0	0	0	0	0	0	0	0
87	3	89	0	his	True	-2	42	140	140	140	140	128	128	128	128
87	3	50	0	his	True	-2	43	168	168	168	168	160	160	160	160
88	1	74	0	He	True	?	1	276	276	276	276	184	184	184	184
88	1	52	0	He	True	?	2	0	0	0	0	200	200	200	200
88	1	54	0	He	True	?	3	0	0	0	0	236	236	236	380
88	1	205	0	He	True	?	4	0	0	0	0	244	388	388	388
88	1	118	0	He	True	?	5	0	0	0	0	0	0	0	0
88	1	68	0	He	True	?	6	244	244	244	244	0	0	0	0
88	1	150	0	He	True	?	7	212	212	212	212	0	0	0	0
88	1	107	0	He	True	?	8	0	0	0	0	240	392	392	392
88	1	141	0	He	True	?	10	0	0	0	0	0	0	0	0
88	1	178	0	He	True	?	11	272	272	272	272	144	144	144	144
88	1	145	0	He	True	?	12	0	0	0	0	0	0	0	0
88	1	144	0	He	True	?	13	312	312	312	312	0	0	0	0
88	1	137	0	He	True	?	14	0	0	0	0	240	376	376	376
88	1	159	0	He	True	?	15	0	0	0	0	236	236	236	236
88	1	61	0	He	True	?	16	0	0	0	0	76	428	428	428
88	1	131	0	He	True	?	18	0	0	0	0	0	0	0	0
88	1	6	0	He	True	?	19	272	272	272	272	0	0	0	0
88	1	76	0	He	True	?	20	0	0	0	0	280	280	280	280
88	1	131	0	He	True	?	21	0	0	0	0	0	0	0	0
88	1	168	0	He	True	?	22	0	0	0	0	316	316	316	316
88	1	126	0	He	True	?	23	252	252	252	252	104	104	104	104
88	1	198	0	He	True	?	24	0	0	0	0	248	356	356	356
88	1	75	0	He	True	?	25	108	108	108	108	0	0	0	0
88	1	10	0	He	True	?	27	0	0	0	0	0	0	0	0
88	1	188	0	He	True	?	28	0	0	0	0	80	80	80	368
88	1	15	0	He	True	?	29	0	0	0	0	0	0	0	0
88	1	31	0	He	True	?	30	268	268	268	268	0	0	0	0
88	1	122	0	He	True	?	31	0	0	0	0	224	224	224	224
88	1	153	0	He	True	?	32	460	460	460	460	0	0	0	0
88	1	109	0	He	True	?	33	248	248	248	248	144	144	144	144
88	1	128	0	He	True	?	34	0	0	0	0	204	204	204	204
88	1	199	0	He	True	?	35	248	248	248	248	0	0	0	0
88	1	3	0	He	True	?	36	0	0	0	0	0	0	0	0
88	1	205	0	He	True	?	37	212	212	212	212	116	116	116	116
88	1	91	0	He	True	?	38	0	0	0	0	320	320	320	320
88	1	150	0	He	True	?	39	0	0	0	0	0	0	0	0
88	1	79	0	He	True	?	40	0	0	0	0	0	0	0	0
88	1	176	0	He	True	?	41	0	0	0	0	248	248	248	248
88	1	62	0	He	True	?	42	0	0	0	0	0	0	0	0
88	1	17	0	He	True	?	43	0	0	0	0	244	244	244	384
88	8	74	0	his	True	-7	1	0	0	0	0	140	140	368	648
88	8	52	0	his	True	-7	2	0	0	0	0	216	216	484	816
88	8	54	0	his	True	-7	3	224	224	224	224	240	240	240	240
88	8	205	0	his	True	-7	4	372	372	372	372	136	284	440	616
88	8	118	0	his	True	-7	5	236	236	408	2096	168	168	168	540
88	8	68	0	his	True	-7	6	128	128	128	128	0	0	0	0
88	8	150	0	his	True	-7	7	188	188	540	1488	196	196	196	332
88	8	107	0	his	True	-7	8	240	240	1008	2572	0	0	0	0
88	8	141	0	his	True	-7	10	152	152	152	152	152	400	400	1980
88	8	178	0	his	True	-7	11	220	220	220	220	160	492	492	808
88	8	145	0	his	True	-7	12	108	108	108	108	140	140	140	468
88	8	144	0	his	True	-7	13	0	0	0	0	404	404	404	792
88	8	137	0	his	True	-7	14	472	472	760	852	152	152	152	496
88	8	159	0	his	True	-7	15	0	0	0	0	492	1032	1248	1356
88	8	61	0	his	True	-7	16	192	192	192	192	252	356	356	1364
88	8	131	0	his	True	-7	18	240	240	240	240	204	204	204	204
88	8	6	0	his	True	-7	19	136	136	136	136	204	204	1028	2440
88	8	76	0	his	True	-7	20	320	320	320	320	164	164	352	1108
88	8	131	0	his	True	-7	21	0	0	0	0	176	176	176	176
88	8	168	0	his	True	-7	22	176	176	176	176	144	144	144	144
88	8	126	0	his	True	-7	23	304	304	304	304	228	228	904	3200
88	8	198	0	his	True	-7	24	140	140	140	140	272	272	272	472
88	8	75	0	his	True	-7	25	212	212	212	340	204	204	204	1248
88	8	10	0	his	True	-7	27	128	128	128	128	260	260	260	408
88	8	188	0	his	True	-7	28	116	116	308	816	172	172	172	172
88	8	15	0	his	True	-7	29	172	172	172	172	108	272	272	272
88	8	31	0	his	True	-7	30	216	216	216	216	392	392	392	620
88	8	122	0	his	True	-7	31	0	0	0	0	96	96	96	96
88	8	153	0	his	True	-7	32	260	260	260	260	0	0	0	0
88	8	109	0	his	True	-7	33	188	188	188	188	76	76	140	1844
88	8	128	0	his	True	-7	34	0	0	0	0	316	316	316	436
88	8	199	0	his	True	-7	35	168	168	168	168	124	124	124	124
88	8	3	0	his	True	-7	36	0	0	0	0	212	212	568	1644
88	8	205	0	his	True	-7	37	68	68	68	504	0	0	0	0
88	8	91	0	his	True	-7	38	184	184	184	416	236	236	428	768
88	8	150	0	his	True	-7	39	184	184	184	184	360	360	360	360
88	8	79	0	his	True	-7	40	140	140	308	580	0	0	0	0
88	8	176	0	his	True	-7	41	240	240	240	240	140	312	312	964
88	8	62	0	his	True	-7	42	220	220	864	2740	488	488	488	1588
88	8	17	0	his	True	-7	43	356	356	356	356	152	152	152	152
89	1	67	0	He	True	?	1	276	276	276	276	320	320	320	320
89	1	163	0	He	True	?	2	228	228	228	228	84	84	84	84
89	1	148	0	He	True	?	3	0	0	0	0	228	496	496	496
89	1	137	0	He	True	?	4	0	0	0	0	0	0	0	0
89	1	188	0	He	True	?	5	0	0	0	0	0	0	0	0
89	1	81	0	He	True	?	6	52	52	52	52	184	184	184	184
89	1	50	0	He	True	?	7	212	212	212	212	120	120	120	120
89	1	164	0	He	True	?	8	0	0	0	0	244	420	420	420
89	1	130	0	He	True	?	10	0	0	0	0	0	0	0	0
89	1	101	0	He	True	?	11	252	252	252	252	180	180	180	180
89	1	126	0	He	True	?	12	0	0	0	0	144	144	144	288
89	1	193	0	He	True	?	13	496	496	496	496	240	240	240	240
89	1	150	0	He	True	?	14	0	0	0	0	92	384	384	384
89	1	175	0	He	True	?	15	0	0	0	0	152	152	152	152
89	1	204	0	He	True	?	16	0	0	0	0	160	396	396	396
89	1	72	0	He	True	?	18	0	0	0	0	0	0	0	0
89	1	63	0	He	True	?	19	0	0	0	0	0	0	0	0
89	1	123	0	He	True	?	20	0	0	0	0	256	256	256	256
89	1	93	0	He	True	?	21	0	0	0	0	0	0	0	0
89	1	9	0	He	True	?	22	104	1972	1972	1972	0	0	0	0
89	1	48	0	He	True	?	23	328	328	328	328	228	228	228	228
89	1	176	0	He	True	?	24	276	276	276	276	204	204	204	204
89	1	30	0	He	True	?	25	0	0	0	0	0	0	0	0
89	1	18	0	He	True	?	27	0	0	0	0	228	568	568	568
89	1	184	0	He	True	?	28	0	0	0	0	284	792	792	956
89	1	174	0	He	True	?	29	0	0	0	0	280	280	280	280
89	1	99	0	He	True	?	30	280	280	280	280	420	420	768	1024
89	1	166	0	He	True	?	31	0	0	0	0	268	268	268	268
89	1	116	0	He	True	?	32	244	244	244	244	168	304	304	304
89	1	113	0	He	True	?	33	232	232	232	232	168	168	168	168
89	1	18	0	He	True	?	34	0	0	0	0	264	264	264	264
89	1	65	0	He	True	?	35	236	236	236	236	160	160	160	160
89	1	17	0	He	True	?	36	0	0	0	0	0	0	0	0
89	1	83	0	He	True	?	37	0	0	0	0	272	580	580	580
89	1	169	0	He	True	?	38	0	0	0	0	376	376	376	376
89	1	131	0	He	True	?	39	0	0	0	0	0	0	0	0
89	1	68	0	He	True	?	40	0	0	0	0	240	412	412	412
89	1	100	0	He	True	?	41	0	0	0	0	0	0	0	0
89	1	33	0	He	True	?	42	0	0	0	0	56	316	316	316
89	1	38	0	He	True	?	43	0	0	0	0	40	268	268	400
89	4	67	0	he	True	-3	1	228	228	228	228	180	180	180	180
89	4	163	0	he	True	-3	2	0	0	0	0	188	188	188	188
89	4	148	0	he	True	-3	3	288	288	288	436	152	276	276	276
89	4	137	0	he	True	-3	4	0	0	0	0	0	0	0	0
89	4	188	0	he	True	-3	5	160	160	160	160	180	180	180	180
89	4	81	0	he	True	-3	6	0	0	0	0	148	148	148	148
89	4	50	0	he	True	-3	7	0	0	0	0	0	0	0	0
89	4	164	0	he	True	-3	8	0	0	0	0	184	184	184	184
89	4	130	0	he	True	-3	10	0	0	0	0	164	164	164	164
89	4	101	0	he	True	-3	11	172	172	172	172	0	0	0	0
89	4	126	0	he	True	-3	12	212	212	212	212	0	0	0	0
89	4	193	0	he	True	-3	13	0	0	0	0	204	204	204	204
89	4	150	0	he	True	-3	14	0	0	0	0	200	200	200	200
89	4	175	0	he	True	-3	15	0	0	0	0	176	176	176	176
89	4	204	0	he	True	-3	16	208	208	208	208	152	152	152	152
89	4	72	0	he	True	-3	18	0	0	0	0	212	212	212	212
89	4	63	0	he	True	-3	19	0	0	0	0	156	156	156	156
89	4	123	0	he	True	-3	20	0	0	0	0	148	148	148	148
89	4	93	0	he	True	-3	21	0	0	0	0	224	224	224	744
89	4	9	0	he	True	-3	22	164	164	164	2644	252	252	252	252
89	4	48	0	he	True	-3	23	0	0	0	0	292	292	292	292
89	4	176	0	he	True	-3	24	196	196	196	196	188	188	188	188
89	4	30	0	he	True	-3	25	0	0	0	0	252	252	252	252
89	4	18	0	he	True	-3	27	124	124	124	124	184	184	184	184
89	4	184	0	he	True	-3	28	0	0	0	0	212	476	476	476
89	4	174	0	he	True	-3	29	0	0	0	0	224	224	224	224
89	4	99	0	he	True	-3	30	500	500	500	500	200	200	200	200
89	4	166	0	he	True	-3	31	0	0	0	0	152	152	152	152
89	4	116	0	he	True	-3	32	0	0	0	0	312	504	504	504
89	4	113	0	he	True	-3	33	220	220	220	372	176	176	176	176
89	4	18	0	he	True	-3	34	0	0	0	0	256	256	256	256
89	4	65	0	he	True	-3	35	0	0	0	0	244	244	244	244
89	4	17	0	he	True	-3	36	0	0	0	0	232	232	232	400
89	4	83	0	he	True	-3	37	172	172	172	172	88	88	88	88
89	4	169	0	he	True	-3	38	0	0	0	0	312	312	312	312
89	4	131	0	he	True	-3	39	0	0	0	0	0	0	0	0
89	4	68	0	he	True	-3	40	0	0	0	0	252	432	432	432
89	4	100	0	he	True	-3	41	0	0	0	0	220	220	368	832
89	4	33	0	he	True	-3	42	0	0	0	0	216	296	296	296
89	4	38	0	he	True	-3	43	140	140	140	140	148	148	148	148
89	8	67	0	his	True	-4	1	832	832	832	832	0	0	0	0
89	8	163	0	his	True	-4	2	228	228	420	640	0	0	0	0
89	8	148	0	his	True	-4	3	0	0	0	0	80	80	80	80
89	8	137	0	his	True	-4	4	244	244	376	1648	472	472	472	472
89	8	188	0	his	True	-4	5	228	228	228	504	160	160	160	160
89	8	81	0	his	True	-4	6	0	0	0	0	0	0	0	0
89	8	50	0	his	True	-4	7	160	160	576	1652	288	288	288	288
89	8	164	0	his	True	-4	8	212	312	312	312	0	0	0	0
89	8	130	0	his	True	-4	10	216	216	216	216	208	208	208	1784
89	8	101	0	his	True	-4	11	268	528	528	528	152	152	152	152
89	8	126	0	his	True	-4	12	120	120	500	628	0	0	0	0
89	8	193	0	his	True	-4	13	240	240	240	240	520	520	520	616
89	8	150	0	his	True	-4	14	240	240	240	240	172	424	424	424
89	8	175	0	his	True	-4	15	368	448	448	448	0	0	0	0
89	8	204	0	his	True	-4	16	232	232	232	232	212	476	476	476
89	8	72	0	his	True	-4	18	0	0	0	0	112	112	112	224
89	8	63	0	his	True	-4	19	164	164	164	164	164	164	164	732
89	8	123	0	his	True	-4	20	0	0	0	0	168	248	248	796
89	8	93	0	his	True	-4	21	0	0	0	0	144	144	144	144
89	8	9	0	his	True	-4	22	356	356	356	356	340	780	1112	10432
89	8	48	0	his	True	-4	23	180	180	180	180	188	188	188	476
89	8	176	0	his	True	-4	24	156	156	836	1220	0	0	0	0
89	8	30	0	his	True	-4	25	216	216	348	544	236	236	236	504
89	8	18	0	his	True	-4	27	300	300	300	300	244	244	244	244
89	8	184	0	his	True	-4	28	216	252	588	824	260	260	260	260
89	8	174	0	his	True	-4	29	148	148	148	148	120	332	332	332
89	8	99	0	his	True	-4	30	168	168	168	168	380	380	380	836
89	8	166	0	his	True	-4	31	144	144	144	144	0	0	0	0
89	8	116	0	his	True	-4	32	420	420	420	420	172	228	228	228
89	8	113	0	his	True	-4	33	128	128	128	128	288	372	372	372
89	8	18	0	his	True	-4	34	204	204	648	832	0	0	0	0
89	8	65	0	his	True	-4	35	112	112	112	112	236	236	236	236
89	8	17	0	his	True	-4	36	0	0	0	0	184	184	184	740
89	8	83	0	his	True	-4	37	216	216	216	216	224	356	356	356
89	8	169	0	his	True	-4	38	424	424	424	500	0	0	0	0
89	8	131	0	his	True	-4	39	0	0	0	0	168	168	168	376
89	8	68	0	his	True	-4	40	204	204	204	204	140	252	440	988
89	8	100	0	his	True	-4	41	0	0	0	0	160	160	160	480
89	8	33	0	his	True	-4	42	508	508	508	860	0	0	0	0
89	8	38	0	his	True	-4	43	236	236	236	236	120	120	120	420
90	1	13	0	He	True	?	1	0	0	0	0	252	252	252	360
90	1	170	0	He	True	?	2	228	228	228	228	0	0	0	0
90	1	72	0	He	True	?	3	384	384	384	384	360	360	360	360
90	1	143	0	He	True	?	4	264	264	264	264	168	168	168	168
90	1	169	0	He	True	?	5	0	0	0	0	0	0	0	0
90	1	172	0	He	True	?	6	0	0	0	0	0	0	0	0
90	1	190	0	He	True	?	7	0	0	0	0	228	228	228	228
90	1	36	0	He	True	?	8	220	220	220	220	172	172	172	172
90	1	71	0	He	True	?	10	0	0	0	0	0	0	0	0
90	1	21	0	He	True	?	11	264	264	264	264	212	212	212	212
90	1	203	0	He	True	?	12	304	1140	1140	1140	140	140	140	140
90	1	140	0	He	True	?	13	280	280	280	280	0	0	0	0
90	1	132	0	He	True	?	14	0	0	0	0	384	384	384	384
90	1	131	0	He	True	?	15	0	0	0	0	0	0	0	0
90	1	119	0	He	True	?	16	208	208	208	208	188	188	188	188
90	1	69	0	He	True	?	17	0	0	0	0	228	228	228	228
90	1	102	0	He	True	?	18	0	0	0	0	348	348	348	348
90	1	187	0	He	True	?	19	0	0	0	0	120	264	264	264
90	1	175	0	He	True	?	20	0	0	0	0	228	228	228	228
90	1	182	0	He	True	?	21	0	0	0	0	0	0	0	0
90	1	165	0	He	True	?	22	0	0	0	0	0	0	0	0
90	1	197	0	He	True	?	23	204	204	204	204	224	224	224	224
90	1	8	0	He	True	?	24	104	104	104	104	204	204	204	204
90	1	117	0	He	True	?	25	0	0	0	0	0	0	0	0
90	1	123	0	He	True	?	27	0	0	0	0	0	0	0	0
90	1	96	0	He	True	?	28	336	336	336	336	228	228	228	228
90	1	10	0	He	True	?	29	0	0	0	0	0	0	0	0
90	1	4	0	He	True	?	30	0	0	0	0	0	0	0	0
90	1	154	0	He	True	?	31	0	0	0	0	104	272	272	272
90	1	62	0	He	True	?	32	348	348	348	348	284	284	284	284
90	1	157	0	He	True	?	33	256	256	256	256	164	164	164	164
90	1	143	0	He	True	?	34	176	176	176	176	0	0	0	0
90	1	101	0	He	True	?	35	0	0	0	0	248	452	452	452
90	1	114	0	He	True	?	36	0	0	0	0	232	232	232	232
90	1	125	0	He	True	?	37	0	0	0	0	192	360	360	360
90	1	46	0	He	True	?	38	0	0	0	0	260	444	444	444
90	1	116	0	He	True	?	39	0	0	0	0	0	0	0	0
90	1	193	0	He	True	?	40	0	0	0	0	0	0	0	0
90	1	45	0	He	True	?	41	0	0	0	0	0	0	0	0
90	1	94	0	He	True	?	42	0	0	0	0	24	388	388	388
90	1	203	0	He	True	?	43	0	0	0	0	252	412	412	412
90	3	13	0	his	True	-2	1	256	256	256	256	244	244	244	244
90	3	170	0	his	True	-2	2	172	172	172	172	156	156	156	156
90	3	72	0	his	True	-2	3	160	160	160	160	216	296	368	568
90	3	143	0	his	True	-2	4	0	0	0	0	204	204	204	204
90	3	169	0	his	True	-2	5	304	304	304	560	228	228	228	228
90	3	172	0	his	True	-2	6	232	232	232	232	148	276	276	276
90	3	190	0	his	True	-2	7	0	0	0	0	144	144	144	268
90	3	36	0	his	True	-2	8	448	448	448	448	0	0	0	0
90	3	71	0	his	True	-2	10	0	0	0	0	264	264	264	744
90	3	21	0	his	True	-2	11	236	236	404	564	0	0	0	0
90	3	203	0	his	True	-2	12	0	0	0	0	152	152	152	152
90	3	140	0	his	True	-2	13	232	232	232	232	164	164	164	164
90	3	132	0	his	True	-2	14	128	128	128	128	220	220	220	220
90	3	131	0	his	True	-2	15	220	220	220	320	0	0	0	0
90	3	119	0	his	True	-2	16	172	444	444	444	152	152	152	152
90	3	69	0	his	True	-2	17	132	132	132	132	180	180	180	180
90	3	102	0	his	True	-2	18	0	0	0	0	184	184	184	184
90	3	187	0	his	True	-2	19	108	108	108	108	116	304	304	304
90	3	175	0	his	True	-2	20	152	152	152	152	148	148	148	148
90	3	182	0	his	True	-2	21	0	0	0	0	0	0	0	0
90	3	165	0	his	True	-2	22	248	248	248	840	468	468	468	468
90	3	197	0	his	True	-2	23	240	240	240	908	0	0	0	0
90	3	8	0	his	True	-2	24	316	316	316	316	0	0	0	0
90	3	117	0	his	True	-2	25	0	0	0	0	216	216	488	832
90	3	123	0	his	True	-2	27	232	432	432	432	248	248	248	248
90	3	96	0	his	True	-2	28	464	464	464	464	152	152	152	152
90	3	10	0	his	True	-2	29	0	0	0	0	0	0	0	0
90	3	4	0	his	True	-2	30	100	100	428	916	224	412	412	412
90	3	154	0	his	True	-2	31	0	0	0	0	156	156	156	156
90	3	62	0	his	True	-2	32	176	176	176	176	284	284	284	284
90	3	157	0	his	True	-2	33	116	116	116	116	204	204	204	204
90	3	143	0	his	True	-2	34	404	404	404	404	0	0	0	0
90	3	101	0	his	True	-2	35	0	0	0	0	204	352	352	352
90	3	114	0	his	True	-2	36	0	0	0	0	188	188	188	188
90	3	125	0	his	True	-2	37	120	120	120	120	144	480	480	480
90	3	46	0	his	True	-2	38	0	0	0	0	320	320	320	320
90	3	116	0	his	True	-2	39	0	0	0	0	152	152	152	152
90	3	193	0	his	True	-2	40	0	0	0	0	0	0	0	0
90	3	45	0	his	True	-2	41	0	0	0	0	0	0	0	0
90	3	94	0	his	True	-2	42	244	244	244	244	0	0	0	0
90	3	203	0	his	True	-2	43	0	0	0	0	180	180	180	180
90	8	13	0	his	True	-5	1	284	284	284	284	596	752	752	1020
90	8	170	0	his	True	-5	2	104	304	304	420	0	0	0	0
90	8	72	0	his	True	-5	3	364	364	364	364	144	144	144	144
90	8	143	0	his	True	-5	4	0	0	0	0	560	560	560	560
90	8	169	0	his	True	-5	5	572	572	572	936	0	0	0	0
90	8	172	0	his	True	-5	6	0	0	0	0	0	0	0	0
90	8	190	0	his	True	-5	7	0	0	0	0	136	136	388	872
90	8	36	0	his	True	-5	8	412	412	412	696	0	0	0	0
90	8	71	0	his	True	-5	10	172	172	172	172	116	116	116	1664
90	8	21	0	his	True	-5	11	256	256	256	424	404	404	404	404
90	8	203	0	his	True	-5	12	232	232	232	736	0	0	0	0
90	8	140	0	his	True	-5	13	156	156	156	156	372	372	372	912
90	8	132	0	his	True	-5	14	356	356	356	356	136	136	136	136
90	8	131	0	his	True	-5	15	424	424	424	872	200	200	536	860
90	8	119	0	his	True	-5	16	0	0	0	0	188	996	996	996
90	8	69	0	his	True	-5	17	0	0	0	0	212	212	212	748
90	8	102	0	his	True	-5	18	0	0	0	0	308	308	308	776
90	8	187	0	his	True	-5	19	220	220	220	564	0	0	0	0
90	8	175	0	his	True	-5	20	0	0	0	0	176	176	1032	2116
90	8	182	0	his	True	-5	21	0	0	0	0	236	236	236	780
90	8	165	0	his	True	-5	22	0	0	0	0	248	660	660	660
90	8	197	0	his	True	-5	23	88	272	272	272	604	604	604	604
90	8	8	0	his	True	-5	24	0	0	0	0	180	180	180	516
90	8	117	0	his	True	-5	25	0	0	0	0	216	216	880	1668
90	8	123	0	his	True	-5	27	292	292	292	292	148	148	148	856
90	8	96	0	his	True	-5	28	364	364	364	364	512	512	512	512
90	8	10	0	his	True	-5	29	0	0	0	0	268	620	620	620
90	8	4	0	his	True	-5	30	0	0	0	0	264	388	388	988
90	8	154	0	his	True	-5	31	160	160	160	160	280	280	280	280
90	8	62	0	his	True	-5	32	196	196	196	196	236	236	236	488
90	8	157	0	his	True	-5	33	0	0	0	0	392	392	392	548
90	8	143	0	his	True	-5	34	0	0	0	0	452	452	452	452
90	8	101	0	his	True	-5	35	0	0	0	0	332	428	428	428
90	8	114	0	his	True	-5	36	0	0	0	0	180	180	180	1076
90	8	125	0	his	True	-5	37	304	304	304	304	144	144	144	384
90	8	46	0	his	True	-5	38	0	0	0	0	220	220	220	220
90	8	116	0	his	True	-5	39	284	520	520	520	0	0	0	0
90	8	193	0	his	True	-5	40	0	0	0	0	0	0	0	0
90	8	45	0	his	True	-5	41	0	0	0	0	300	300	300	676
90	8	94	0	his	True	-5	42	0	0	0	0	244	244	432	1040
90	8	203	0	his	True	-5	43	208	208	208	208	100	100	100	1128
91	1	143	0	He	True	?	1	284	284	284	284	140	140	140	140
91	1	105	0	He	True	?	2	212	212	212	212	156	256	256	256
91	1	180	0	He	True	?	3	0	0	0	0	324	484	484	484
91	1	101	0	He	True	?	4	0	0	0	0	300	440	440	440
91	1	127	0	He	True	?	5	0	0	0	0	0	0	0	0
91	1	67	0	He	True	?	6	244	244	244	244	172	172	172	172
91	1	60	0	He	True	?	7	252	252	252	252	0	0	0	0
91	1	17	0	He	True	?	8	0	0	0	0	244	416	416	416
91	1	27	0	He	True	?	9	0	0	0	0	0	0	0	0
91	1	77	0	He	True	?	10	264	264	264	264	128	128	128	128
91	1	98	0	He	True	?	11	0	0	0	0	332	332	332	332
91	1	80	0	He	True	?	12	0	0	0	0	0	0	0	0
91	1	135	0	He	True	?	13	308	308	308	308	156	156	156	156
91	1	157	0	He	True	?	14	0	0	0	0	72	764	764	764
91	1	182	0	He	True	?	15	0	0	0	0	260	260	260	260
91	1	35	0	He	True	?	16	236	236	236	236	228	372	372	372
91	1	102	0	He	True	?	17	316	316	316	316	548	1272	1272	1272
91	1	46	0	He	True	?	18	0	0	0	0	272	272	272	272
91	1	22	0	He	True	?	19	0	0	0	0	0	0	0	0
91	1	111	0	He	True	?	20	0	0	0	0	244	396	396	396
91	1	5	0	He	True	?	21	0	0	0	0	216	328	328	328
91	1	44	0	He	True	?	22	0	0	0	0	0	0	0	0
91	1	164	0	He	True	?	23	0	0	0	0	340	476	476	476
91	1	12	0	He	True	?	24	0	0	0	0	0	0	0	0
91	1	34	0	He	True	?	25	200	200	200	200	208	208	208	208
91	1	54	0	He	True	?	27	0	0	0	0	0	0	0	0
91	1	34	0	He	True	?	28	0	0	0	0	0	0	0	0
91	1	78	0	He	True	?	29	0	0	0	0	0	0	0	0
91	1	147	0	He	True	?	30	0	0	0	0	308	564	564	564
91	1	174	0	He	True	?	31	236	236	236	236	160	160	160	160
91	1	165	0	He	True	?	32	248	248	248	248	240	376	376	376
91	1	63	0	He	True	?	33	0	0	0	0	0	0	0	0
91	1	179	0	He	True	?	34	328	328	328	328	0	0	0	0
91	1	203	0	He	True	?	35	0	0	0	0	268	376	376	376
91	1	191	0	He	True	?	36	0	0	0	0	0	0	0	0
91	1	10	0	He	True	?	37	200	200	200	200	64	64	368	528
91	1	98	0	He	True	?	38	92	92	92	92	252	252	252	252
91	1	75	0	He	True	?	39	0	0	0	0	0	0	0	0
91	1	41	0	He	True	?	40	0	0	0	0	60	60	60	60
91	1	119	0	He	True	?	41	0	0	0	0	0	0	0	0
91	1	133	0	He	True	?	42	72	288	288	288	0	0	0	0
91	1	91	0	He	True	?	43	0	0	0	0	268	400	400	400
92	1	126	0	He	True	?	1	280	280	280	280	116	116	116	116
92	1	38	0	He	True	?	2	216	216	216	216	152	152	152	152
92	1	62	0	He	True	?	3	0	0	0	0	120	480	480	480
92	1	21	0	He	True	?	4	0	0	0	0	284	436	436	436
92	1	17	0	He	True	?	5	0	0	0	0	0	0	0	0
92	1	35	0	He	True	?	6	212	212	212	212	124	124	124	124
92	1	78	0	He	True	?	7	224	224	224	224	120	120	120	120
92	1	11	0	He	True	?	8	0	0	0	0	0	0	0	0
92	1	156	0	He	True	?	10	0	0	0	0	288	404	404	404
92	1	193	0	He	True	?	11	252	252	252	252	132	132	132	132
92	1	45	0	He	True	?	12	0	0	0	0	0	0	0	0
92	1	50	0	He	True	?	13	284	284	284	284	0	0	0	0
92	1	111	0	He	True	?	14	0	0	0	0	228	584	584	584
92	1	11	0	He	True	?	15	0	0	0	0	232	232	232	232
92	1	146	0	He	True	?	16	0	0	0	0	252	408	408	408
92	1	41	0	He	True	?	17	0	0	0	0	236	436	436	436
92	1	143	0	He	True	?	18	0	0	0	0	328	328	328	328
92	1	58	0	He	True	?	19	0	0	0	0	140	352	352	352
92	1	59	0	He	True	?	20	0	0	0	0	0	0	0	0
92	1	65	0	He	True	?	21	0	0	0	0	196	196	196	196
92	1	127	0	He	True	?	22	0	0	0	0	292	444	444	444
92	1	105	0	He	True	?	23	0	0	0	0	0	0	0	0
92	1	106	0	He	True	?	24	256	256	256	256	168	168	168	168
92	1	202	0	He	True	?	25	0	0	0	0	240	456	456	456
92	1	152	0	He	True	?	27	0	0	0	0	364	364	364	364
92	1	104	0	He	True	?	28	0	0	0	0	236	520	520	520
92	1	58	0	He	True	?	29	260	260	260	260	108	108	108	108
92	1	9	0	He	True	?	30	284	284	284	284	260	260	472	892
92	1	17	0	He	True	?	31	0	0	0	0	244	244	244	244
92	1	201	0	He	True	?	32	0	0	0	0	144	576	576	576
92	1	23	0	He	True	?	33	240	240	240	240	132	132	164	384
92	1	136	0	He	True	?	34	0	0	0	0	196	196	196	196
92	1	170	0	He	True	?	35	0	0	0	0	224	372	372	372
92	1	40	0	He	True	?	36	0	0	0	0	0	0	0	0
92	1	25	0	He	True	?	37	188	188	188	188	68	256	256	256
92	1	31	0	He	True	?	38	0	0	0	0	168	444	444	444
92	1	141	0	He	True	?	39	0	0	0	0	0	0	0	0
92	1	168	0	He	True	?	40	0	0	0	0	0	0	0	0
92	1	18	0	He	True	?	41	0	0	0	0	236	452	452	452
92	1	111	0	He	True	?	42	296	296	296	296	116	116	116	116
92	1	164	0	He	True	?	43	332	332	332	332	68	68	68	68
92	4	126	0	she	True	?	1	160	160	160	160	168	168	168	168
92	4	38	0	she	True	?	2	148	148	148	148	156	156	156	156
92	4	62	0	she	True	?	3	220	220	220	220	36	204	204	204
92	4	21	0	she	True	?	4	200	200	200	200	140	140	140	140
92	4	17	0	she	True	?	5	0	0	0	0	0	0	0	0
92	4	35	0	she	True	?	6	292	292	292	292	0	0	0	0
92	4	78	0	she	True	?	7	0	0	0	0	0	0	0	0
92	4	11	0	she	True	?	8	220	220	220	220	268	268	268	268
92	4	156	0	she	True	?	10	144	144	144	144	0	0	0	0
92	4	193	0	she	True	?	11	168	168	168	168	0	0	0	0
92	4	45	0	she	True	?	12	0	0	0	0	160	160	160	160
92	4	50	0	she	True	?	13	228	228	228	228	0	0	0	0
92	4	111	0	she	True	?	14	0	0	0	0	208	208	208	208
92	4	11	0	she	True	?	15	0	0	0	0	0	0	0	0
92	4	146	0	she	True	?	16	248	248	248	248	220	220	220	220
92	4	41	0	she	True	?	17	0	0	0	0	264	264	264	264
92	4	143	0	she	True	?	18	0	0	0	0	112	112	112	112
92	4	58	0	she	True	?	19	192	192	192	192	228	228	228	228
92	4	59	0	she	True	?	20	0	0	0	0	24	24	24	676
92	4	65	0	she	True	?	21	160	160	160	160	152	152	152	152
92	4	127	0	she	True	?	22	0	0	0	0	160	160	160	160
92	4	105	0	she	True	?	23	0	0	0	0	272	272	272	272
92	4	106	0	she	True	?	24	184	184	184	184	212	212	212	212
92	4	202	0	she	True	?	25	0	0	0	0	180	352	352	352
92	4	152	0	she	True	?	27	0	0	0	0	296	296	296	296
92	4	104	0	she	True	?	28	224	224	224	224	232	232	232	232
92	4	58	0	she	True	?	29	0	0	0	0	184	184	184	184
92	4	9	0	she	True	?	30	108	108	108	108	436	436	436	436
92	4	17	0	she	True	?	31	0	0	0	0	168	168	168	168
92	4	201	0	she	True	?	32	176	176	176	176	152	152	152	152
92	4	23	0	she	True	?	33	196	196	196	196	176	176	176	176
92	4	136	0	she	True	?	34	240	240	240	452	0	0	0	0
92	4	170	0	she	True	?	35	200	200	200	200	172	172	172	172
92	4	40	0	she	True	?	36	232	232	420	568	0	0	0	0
92	4	25	0	she	True	?	37	124	252	252	252	156	156	156	156
92	4	31	0	she	True	?	38	0	0	0	0	216	216	216	216
92	4	141	0	she	True	?	39	0	0	0	0	0	0	0	0
92	4	168	0	she	True	?	40	0	0	0	0	0	0	0	0
92	4	18	0	she	True	?	41	248	248	248	248	0	0	0	0
92	4	111	0	she	True	?	42	300	300	300	300	0	0	0	0
92	4	164	0	she	True	?	43	0	0	0	0	208	208	208	208
93	1	193	0	He	True	?	1	212	212	212	212	124	124	124	124
93	1	34	0	He	True	?	2	0	0	0	0	236	336	336	336
93	1	28	0	He	True	?	3	0	0	0	0	412	560	560	560
93	1	146	0	He	True	?	4	252	252	252	252	136	136	136	136
93	1	163	0	He	True	?	5	140	140	140	140	0	0	0	0
93	1	25	0	He	True	?	6	44	44	44	44	0	0	0	0
93	1	124	0	He	True	?	7	236	236	236	236	0	0	0	0
93	1	144	0	He	True	?	8	92	92	92	92	280	280	280	280
93	1	1	0	He	True	?	9	0	0	0	0	156	156	156	156
93	1	111	0	He	True	?	10	0	0	0	0	0	0	0	0
93	1	25	0	He	True	?	11	264	264	264	264	0	0	0	0
93	1	185	0	He	True	?	12	0	0	0	0	0	0	0	0
93	1	205	0	He	True	?	13	304	304	304	304	0	0	0	0
93	1	167	0	He	True	?	14	0	0	0	0	280	680	680	680
93	1	41	0	He	True	?	15	0	0	0	0	0	0	0	0
93	1	2	0	He	True	?	16	240	240	240	240	160	160	160	160
93	1	172	0	He	True	?	17	0	0	0	0	16	284	284	284
93	1	92	0	He	True	?	18	236	236	236	236	0	0	0	0
93	1	110	0	He	True	?	19	272	272	272	272	0	0	0	0
93	1	62	0	He	True	?	20	0	0	0	0	144	144	144	144
93	1	112	0	He	True	?	21	0	0	0	0	0	0	0	0
93	1	10	0	He	True	?	22	0	0	0	0	0	0	0	0
93	1	32	0	He	True	?	23	356	356	356	356	264	264	264	264
93	1	177	0	He	True	?	24	0	0	0	0	280	280	280	280
93	1	135	0	He	True	?	25	36	36	36	36	0	0	0	0
93	1	3	0	He	True	?	27	0	0	0	0	0	0	0	0
93	1	90	0	He	True	?	28	0	0	0	0	0	0	0	0
93	1	95	0	He	True	?	29	0	0	0	0	128	308	308	308
93	1	1	0	He	True	?	30	0	0	0	0	280	280	280	280
93	1	94	0	He	True	?	31	0	0	0	0	0	0	0	0
93	1	29	0	He	True	?	32	240	240	240	240	244	244	244	244
93	1	201	0	He	True	?	33	240	240	240	240	208	208	208	208
93	1	12	0	He	True	?	34	0	0	0	0	0	0	0	0
93	1	109	0	He	True	?	35	0	0	0	0	304	304	304	304
93	1	148	0	He	True	?	36	0	0	0	0	0	0	0	0
93	1	97	0	He	True	?	37	368	368	368	368	0	0	0	0
93	1	62	0	He	True	?	38	100	100	100	100	208	208	208	208
93	1	127	0	He	True	?	39	0	0	0	0	0	0	0	0
93	1	88	0	He	True	?	40	0	0	0	0	0	0	0	0
93	1	165	0	He	True	?	41	0	0	0	0	0	0	0	0
93	1	124	0	He	True	?	42	120	120	120	120	188	188	188	188
93	1	74	0	He	True	?	43	0	0	0	0	100	316	316	316
93	5	193	0	his	True	-4	1	132	132	132	132	204	204	204	204
93	5	34	0	his	True	-4	2	224	224	224	288	0	0	0	0
93	5	28	0	his	True	-4	3	212	212	212	212	308	308	308	308
93	5	146	0	his	True	-4	4	0	0	0	0	216	216	216	216
93	5	163	0	his	True	-4	5	232	232	232	232	272	272	272	272
93	5	25	0	his	True	-4	6	0	0	0	0	256	256	256	256
93	5	124	0	his	True	-4	7	0	0	0	0	156	156	156	156
93	5	144	0	his	True	-4	8	0	0	0	0	148	308	308	308
93	5	1	0	his	True	-4	9	192	192	192	192	108	108	108	108
93	5	111	0	his	True	-4	10	0	0	0	0	0	0	0	0
93	5	25	0	his	True	-4	11	192	192	192	192	148	148	148	148
93	5	185	0	his	True	-4	12	0	0	0	0	264	264	584	1516
93	5	205	0	his	True	-4	13	152	152	152	152	120	120	120	120
93	5	167	0	his	True	-4	14	0	0	0	0	180	180	180	180
93	5	41	0	his	True	-4	15	0	0	0	0	212	212	212	212
93	5	2	0	his	True	-4	16	224	224	224	224	136	136	136	136
93	5	172	0	his	True	-4	17	0	0	0	0	164	164	164	164
93	5	92	0	his	True	-4	18	0	0	0	0	164	164	164	164
93	5	110	0	his	True	-4	19	36	36	36	36	228	300	300	300
93	5	62	0	his	True	-4	20	0	0	0	0	200	200	200	200
93	5	112	0	his	True	-4	21	0	0	0	0	124	124	124	124
93	5	10	0	his	True	-4	22	0	0	0	0	0	0	0	0
93	5	32	0	his	True	-4	23	176	176	176	176	152	512	512	512
93	5	177	0	his	True	-4	24	0	0	0	0	296	296	512	1016
93	5	135	0	his	True	-4	25	0	0	0	0	248	332	332	332
93	5	3	0	his	True	-4	27	0	0	0	0	348	348	348	348
93	5	90	0	his	True	-4	28	0	0	0	0	148	148	376	592
93	5	95	0	his	True	-4	29	0	0	0	0	236	236	236	236
93	5	1	0	his	True	-4	30	0	0	0	0	280	496	496	496
93	5	94	0	his	True	-4	31	0	0	0	0	132	188	188	188
93	5	29	0	his	True	-4	32	244	244	244	244	0	0	0	0
93	5	201	0	his	True	-4	33	152	152	152	152	224	224	224	224
93	5	12	0	his	True	-4	34	0	0	0	0	164	164	164	164
93	5	109	0	his	True	-4	35	192	192	192	192	200	200	200	200
93	5	148	0	his	True	-4	36	0	0	0	0	244	244	244	244
93	5	97	0	his	True	-4	37	188	188	188	188	0	0	0	0
93	5	62	0	his	True	-4	38	0	0	0	0	180	296	296	296
93	5	127	0	his	True	-4	39	0	0	0	0	428	428	428	584
93	5	88	0	his	True	-4	40	0	0	0	0	140	140	140	140
93	5	165	0	his	True	-4	41	140	140	140	140	244	244	244	244
93	5	124	0	his	True	-4	42	0	0	0	0	200	200	200	200
93	5	74	0	his	True	-4	43	0	0	0	0	216	216	216	216
95	1	83	0	It	True	?	1	0	0	0	0	288	288	288	288
95	1	63	0	It	True	?	2	192	192	192	192	0	0	0	0
95	1	168	0	It	True	?	3	0	0	0	0	388	388	388	388
95	1	159	0	It	True	?	4	0	0	0	0	484	484	484	484
95	1	90	0	It	True	?	5	0	0	0	0	0	0	0	0
95	1	145	0	It	True	?	6	240	240	240	240	0	0	0	0
95	1	65	0	It	True	?	7	244	244	244	244	0	0	0	0
95	1	116	0	It	True	?	8	0	0	0	0	0	0	0	0
95	1	16	0	It	True	?	9	0	0	0	0	0	0	0	0
95	1	98	0	It	True	?	10	0	0	0	0	0	0	0	0
95	1	202	0	It	True	?	11	264	264	264	264	0	0	0	0
95	1	91	0	It	True	?	12	0	0	0	0	0	0	0	0
95	1	74	0	It	True	?	13	96	96	96	96	252	252	252	252
95	1	13	0	It	True	?	14	0	0	0	0	0	0	0	0
95	1	111	0	It	True	?	15	0	0	0	0	0	0	0	0
95	1	203	0	It	True	?	16	0	0	0	0	252	252	252	252
95	1	129	0	It	True	?	17	244	244	244	244	144	144	144	144
95	1	44	0	It	True	?	18	0	0	0	0	272	272	272	272
95	1	36	0	It	True	?	19	252	252	252	252	0	0	0	0
95	1	6	0	It	True	?	20	0	0	0	0	0	0	0	0
95	1	171	0	It	True	?	21	0	0	0	0	0	0	0	0
95	1	116	0	It	True	?	22	0	0	0	0	260	260	260	260
95	1	56	0	It	True	?	23	0	0	0	0	68	68	68	68
95	1	132	0	It	True	?	24	0	0	0	0	272	272	272	272
95	1	91	0	It	True	?	25	0	0	0	0	0	0	0	0
95	1	112	0	It	True	?	27	0	0	0	0	0	0	0	0
95	1	40	0	It	True	?	28	72	460	460	460	0	0	0	0
95	1	65	0	It	True	?	29	248	248	248	248	0	0	0	0
95	1	112	0	It	True	?	30	0	0	0	0	548	1024	1024	1024
95	1	69	0	It	True	?	31	224	224	224	224	0	0	0	0
95	1	60	0	It	True	?	32	0	0	0	0	240	504	504	504
95	1	121	0	It	True	?	33	252	252	252	252	168	516	516	736
95	1	34	0	It	True	?	34	0	0	0	0	256	256	256	256
95	1	168	0	It	True	?	35	236	236	236	236	0	0	0	0
95	1	1	0	It	True	?	36	0	0	0	0	0	0	0	0
95	1	128	0	It	True	?	37	0	0	0	0	0	0	0	0
95	1	133	0	It	True	?	38	0	0	0	0	0	0	0	0
95	1	34	0	It	True	?	39	0	0	0	0	32	32	32	32
95	1	72	0	It	True	?	40	0	0	0	0	0	0	0	0
95	1	191	0	It	True	?	41	0	0	0	0	0	0	0	0
95	1	130	0	It	True	?	42	60	60	60	60	236	236	236	236
95	1	90	0	It	True	?	43	0	0	0	0	304	304	304	304
98	1	201	0	Let's	True	?	1	304	304	304	304	292	292	292	292
98	1	199	0	Let's	True	?	2	256	256	256	256	72	72	72	72
98	1	81	0	Let's	True	?	3	0	0	0	0	104	104	340	624
98	1	83	0	Let's	True	?	4	300	300	300	300	152	152	152	152
98	1	7	0	Let's	True	?	5	0	0	0	0	0	0	0	0
98	1	89	0	Let's	True	?	6	72	72	72	72	172	172	172	172
98	1	101	0	Let's	True	?	7	224	224	224	224	128	128	128	128
98	1	3	0	Let's	True	?	8	256	404	404	404	196	196	196	196
98	1	7	0	Let's	True	?	10	276	276	276	276	40	188	188	188
98	1	52	0	Let's	True	?	11	248	420	420	420	192	192	192	192
98	1	114	0	Let's	True	?	12	0	0	0	0	232	232	324	748
98	1	1	0	Let's	True	?	13	300	300	300	300	164	164	164	164
98	1	80	0	Let's	True	?	14	332	332	332	332	148	148	148	148
98	1	112	0	Let's	True	?	15	0	0	0	0	260	260	260	260
98	1	33	0	Let's	True	?	16	216	332	332	332	152	152	152	152
98	1	52	0	Let's	True	?	17	300	300	300	300	156	156	156	156
98	1	59	0	Let's	True	?	18	272	272	272	272	64	64	64	64
98	1	100	0	Let's	True	?	19	0	0	0	0	0	0	0	0
98	1	166	0	Let's	True	?	20	228	228	228	228	144	144	144	144
98	1	196	0	Let's	True	?	21	204	204	204	204	124	124	124	124
98	1	137	0	Let's	True	?	22	308	308	308	308	204	204	204	204
98	1	143	0	Let's	True	?	23	304	448	448	448	196	196	196	196
98	1	71	0	Let's	True	?	24	260	260	260	260	176	176	176	176
98	1	43	0	Let's	True	?	25	40	40	40	40	116	116	116	116
98	1	151	0	Let's	True	?	27	304	304	304	304	236	236	236	236
98	1	10	0	Let's	True	?	28	0	0	0	0	0	0	0	0
98	1	163	0	Let's	True	?	29	0	0	0	0	36	36	36	316
98	1	80	0	Let's	True	?	30	340	340	340	340	192	496	496	496
98	1	132	0	Let's	True	?	31	252	252	252	252	0	0	0	0
98	1	157	0	Let's	True	?	32	236	384	384	384	244	244	244	244
98	1	108	0	Let's	True	?	33	224	308	308	308	208	208	208	208
98	1	181	0	Let's	True	?	34	160	160	160	160	188	188	188	188
98	1	74	0	Let's	True	?	35	252	252	252	252	200	200	200	200
98	1	196	0	Let's	True	?	36	0	0	0	0	0	0	0	0
98	1	124	0	Let's	True	?	37	24	348	348	348	164	164	164	164
98	1	124	0	Let's	True	?	38	160	328	328	328	216	216	216	216
98	1	9	0	Let's	True	?	39	0	0	0	0	0	0	0	0
98	1	151	0	Let's	True	?	40	0	0	0	0	0	0	0	0
98	1	111	0	Let's	True	?	41	0	0	0	0	0	0	0	0
98	1	127	0	Let's	True	?	42	104	312	312	312	0	0	0	0
98	1	37	0	Let's	True	?	43	252	400	400	400	180	180	180	180
99	1	195	0	Let's	True	?	1	268	268	268	268	292	292	508	612
99	1	7	0	Let's	True	?	2	224	560	560	560	188	188	188	188
99	1	26	0	Let's	True	?	3	0	0	0	0	0	0	0	0
99	1	88	0	Let's	True	?	4	320	320	320	320	160	160	160	160
99	1	140	0	Let's	True	?	5	0	0	0	0	300	300	300	492
99	1	164	0	Let's	True	?	6	256	256	256	256	0	0	0	0
99	1	104	0	Let's	True	?	7	224	224	224	224	72	72	72	72
99	1	19	0	Let's	True	?	8	44	44	44	44	184	184	352	540
99	1	122	0	Let's	True	?	10	0	0	0	0	284	460	460	460
99	1	198	0	Let's	True	?	11	276	420	420	420	164	164	164	164
99	1	32	0	Let's	True	?	12	240	380	628	924	0	0	0	0
99	1	126	0	Let's	True	?	13	336	460	460	460	0	0	0	0
99	1	138	0	Let's	True	?	14	276	276	276	276	140	140	140	140
99	1	24	0	Let's	True	?	15	24	24	24	24	204	204	204	204
99	1	116	0	Let's	True	?	16	420	420	420	420	168	168	168	168
99	1	173	0	Let's	True	?	17	164	336	336	336	160	160	160	160
99	1	64	0	Let's	True	?	18	44	44	44	44	216	372	372	472
99	1	143	0	Let's	True	?	19	252	252	252	252	120	120	120	120
99	1	185	0	Let's	True	?	20	0	0	0	0	20	20	20	312
99	1	49	0	Let's	True	?	21	288	288	288	288	0	0	0	0
99	1	99	0	Let's	True	?	22	316	316	316	316	224	224	224	224
99	1	38	0	Let's	True	?	23	360	576	576	576	160	160	160	160
99	1	50	0	Let's	True	?	24	256	256	256	256	188	188	188	188
99	1	136	0	Let's	True	?	25	140	140	140	140	228	228	228	288
99	1	155	0	Let's	True	?	27	0	0	0	0	228	228	228	424
99	1	192	0	Let's	True	?	28	224	540	540	540	332	332	332	332
99	1	23	0	Let's	True	?	29	0	0	0	0	0	0	0	0
99	1	47	0	Let's	True	?	30	84	84	84	84	0	0	0	0
99	1	184	0	Let's	True	?	31	248	292	292	292	156	156	156	156
99	1	75	0	Let's	True	?	32	232	420	420	420	176	176	176	176
99	1	21	0	Let's	True	?	33	260	392	392	392	204	276	276	276
99	1	178	0	Let's	True	?	34	168	168	168	168	0	0	0	0
99	1	10	0	Let's	True	?	35	328	328	328	328	216	216	216	216
99	1	79	0	Let's	True	?	36	0	0	0	0	248	248	248	248
99	1	198	0	Let's	True	?	37	236	312	312	312	116	116	116	116
99	1	53	0	Let's	True	?	38	172	344	344	344	144	144	144	144
99	1	105	0	Let's	True	?	39	0	0	0	0	0	0	0	0
99	1	178	0	Let's	True	?	40	0	0	0	0	0	0	0	0
99	1	46	0	Let's	True	?	41	0	0	0	0	0	0	0	0
99	1	137	0	Let's	True	?	42	24	264	264	264	0	0	0	0
99	1	7	0	Let's	True	?	43	0	0	0	0	244	244	244	384
101	8	82	0	his	False	-7	1	140	140	264	892	0	0	0	0
101	8	133	0	his	False	-7	2	0	0	0	0	220	220	220	304
101	8	192	0	his	False	-7	3	0	0	0	0	124	124	124	532
101	8	189	0	his	False	-7	4	0	0	0	0	164	164	164	164
101	8	66	0	his	False	-7	5	0	0	0	0	180	180	180	1856
101	8	184	0	his	False	-7	6	0	0	0	0	324	324	324	324
101	8	77	0	his	False	-7	7	132	132	352	2220	188	188	188	504
101	8	49	0	his	False	-7	8	236	236	552	836	0	0	0	0
101	8	178	0	his	False	-7	10	272	272	584	1480	160	160	160	1072
101	8	156	0	his	False	-7	11	276	276	276	276	164	164	164	164
101	8	155	0	his	False	-7	12	264	832	832	832	0	0	0	0
101	8	91	0	his	False	-7	13	212	212	212	212	284	284	284	284
101	8	4	0	his	False	-7	14	140	140	140	140	428	428	428	428
101	8	143	0	his	False	-7	15	0	0	0	0	236	236	236	656
101	8	148	0	his	False	-7	16	232	500	500	500	308	308	308	308
101	8	53	0	his	False	-7	17	0	0	0	0	424	424	424	620
101	8	35	0	his	False	-7	18	248	248	248	384	412	412	412	412
101	8	73	0	his	False	-7	19	280	280	280	1128	0	0	0	0
101	8	124	0	his	False	-7	20	0	0	0	0	292	292	292	716
101	8	35	0	his	False	-7	21	0	0	0	0	280	280	280	460
101	8	1	0	his	False	-7	22	0	0	0	0	156	668	1184	9172
101	8	26	0	his	False	-7	23	168	168	168	168	236	388	388	1056
101	8	66	0	his	False	-7	24	152	152	152	152	200	200	200	652
101	8	169	0	his	False	-7	25	220	220	220	220	136	136	136	316
101	8	172	0	his	False	-7	27	272	724	724	1136	0	0	0	0
101	8	182	0	his	False	-7	28	304	304	304	304	0	0	0	0
101	8	123	0	his	False	-7	29	0	0	0	0	244	368	368	368
101	8	42	0	his	False	-7	30	196	296	296	296	148	148	148	1388
101	8	53	0	his	False	-7	31	0	0	0	0	180	180	180	180
101	8	127	0	his	False	-7	32	324	324	324	496	284	596	596	596
101	8	54	0	his	False	-7	33	260	260	260	260	396	692	692	692
101	8	172	0	his	False	-7	34	0	0	0	0	160	160	160	896
101	8	22	0	his	False	-7	35	0	0	0	0	192	460	460	460
101	8	173	0	his	False	-7	36	0	0	0	0	236	236	236	608
101	8	71	0	his	False	-7	37	240	240	240	240	220	600	600	600
101	8	4	0	his	False	-7	38	140	140	140	140	324	488	488	808
101	8	53	0	his	False	-7	39	136	136	136	136	132	132	132	1108
101	8	187	0	his	False	-7	40	0	0	0	0	0	0	0	0
101	8	188	0	his	False	-7	41	228	228	228	228	0	0	0	0
101	8	140	0	his	False	-7	42	0	0	0	0	252	252	252	692
101	8	134	0	his	False	-7	43	220	220	220	296	288	288	288	920
102	5	122	0	his	False	-4	1	0	0	0	0	172	172	172	384
102	5	18	0	his	False	-4	2	0	0	0	0	208	208	208	208
102	5	167	0	his	False	-4	3	160	320	320	320	148	148	148	148
102	5	19	0	his	False	-4	4	0	0	0	0	244	244	392	1632
102	5	57	0	his	False	-4	5	368	368	368	368	0	0	0	0
102	5	179	0	his	False	-4	6	0	0	0	0	180	180	180	180
102	5	116	0	his	False	-4	7	96	96	96	96	0	0	0	0
102	5	34	0	his	False	-4	8	464	464	464	464	0	0	0	0
102	5	12	0	his	False	-4	10	0	0	0	0	144	144	144	144
102	5	179	0	his	False	-4	11	0	0	0	0	176	176	176	176
102	5	113	0	his	False	-4	12	128	128	128	128	0	0	0	0
102	5	102	0	his	False	-4	13	0	0	0	0	156	156	156	156
102	5	125	0	his	False	-4	14	196	196	196	196	184	184	184	184
102	5	194	0	his	False	-4	15	0	0	0	0	144	144	144	144
102	5	7	0	his	False	-4	16	164	164	164	164	140	140	140	140
102	5	123	0	his	False	-4	17	0	0	0	0	56	56	228	1768
102	5	138	0	his	False	-4	18	0	0	0	0	140	140	140	140
102	5	157	0	his	False	-4	19	188	188	188	188	112	112	112	112
102	5	159	0	his	False	-4	20	256	256	256	256	200	200	384	788
102	5	109	0	his	False	-4	21	0	0	0	0	144	144	144	144
102	5	26	0	his	False	-4	22	0	0	0	0	140	140	376	1968
102	5	202	0	his	False	-4	23	176	176	176	176	360	360	360	360
102	5	83	0	his	False	-4	24	168	168	168	168	140	140	140	140
102	5	138	0	his	False	-4	25	120	120	120	120	176	176	176	176
102	5	38	0	his	False	-4	27	240	240	240	240	160	292	292	292
102	5	92	0	his	False	-4	28	372	564	852	1072	292	292	292	292
102	5	90	0	his	False	-4	29	184	184	184	184	160	160	160	160
102	5	12	0	his	False	-4	30	440	440	664	1400	180	180	180	180
102	5	164	0	his	False	-4	31	144	144	144	256	196	196	196	196
102	5	179	0	his	False	-4	32	0	0	0	0	140	332	332	332
102	5	189	0	his	False	-4	33	192	192	192	192	168	168	168	168
102	5	63	0	his	False	-4	34	164	164	164	164	0	0	0	0
102	5	191	0	his	False	-4	35	0	0	0	0	188	188	188	188
102	5	47	0	his	False	-4	36	0	0	0	0	180	180	180	180
102	5	189	0	his	False	-4	37	284	284	284	284	196	284	284	284
102	5	144	0	his	False	-4	38	296	296	296	404	164	164	164	164
102	5	16	0	his	False	-4	39	0	0	0	0	40	220	380	1160
102	5	150	0	his	False	-4	40	148	148	148	148	128	128	128	388
102	5	77	0	his	False	-4	41	0	0	0	0	132	132	300	1416
102	5	128	0	his	False	-4	42	144	144	144	144	0	0	0	0
102	5	80	0	his	False	-4	43	0	0	0	0	176	176	176	176
102	8	122	0	his	False	-3	1	0	0	0	0	276	456	456	456
102	8	18	0	his	False	-3	2	148	148	148	648	0	0	0	0
102	8	167	0	his	False	-3	3	0	0	0	0	176	260	260	556
102	8	19	0	his	False	-3	4	152	152	152	152	144	472	472	756
102	8	57	0	his	False	-3	5	0	0	0	0	296	296	472	1880
102	8	179	0	his	False	-3	6	152	152	152	152	140	140	140	280
102	8	116	0	his	False	-3	7	36	36	36	36	180	180	384	2592
102	8	34	0	his	False	-3	8	0	0	0	0	192	392	392	392
102	8	12	0	his	False	-3	10	248	248	248	248	252	252	252	1164
102	8	179	0	his	False	-3	11	0	0	0	0	272	272	272	444
102	8	113	0	his	False	-3	12	0	0	0	0	168	168	168	1108
102	8	102	0	his	False	-3	13	264	264	264	264	272	508	508	708
102	8	125	0	his	False	-3	14	0	0	0	0	356	356	356	356
102	8	194	0	his	False	-3	15	220	220	220	220	172	172	172	172
102	8	7	0	his	False	-3	16	0	0	0	0	352	1036	1908	2120
102	8	123	0	his	False	-3	17	0	0	0	0	128	128	128	128
102	8	138	0	his	False	-3	18	0	0	0	0	184	184	184	184
102	8	157	0	his	False	-3	19	0	0	0	0	152	152	152	896
102	8	159	0	his	False	-3	20	164	164	164	164	192	192	192	700
102	8	109	0	his	False	-3	21	136	136	136	136	184	184	184	184
102	8	26	0	his	False	-3	22	0	0	0	0	304	476	476	1552
102	8	202	0	his	False	-3	23	144	144	144	144	368	368	524	1484
102	8	83	0	his	False	-3	24	0	0	0	0	204	204	204	204
102	8	138	0	his	False	-3	25	0	0	0	0	212	212	212	656
102	8	38	0	his	False	-3	27	0	0	0	0	332	608	608	608
102	8	92	0	his	False	-3	28	0	0	0	0	156	156	316	528
102	8	90	0	his	False	-3	29	276	276	276	276	152	152	152	288
102	8	12	0	his	False	-3	30	0	0	0	0	264	424	424	1472
102	8	164	0	his	False	-3	31	92	92	228	1044	168	168	168	168
102	8	179	0	his	False	-3	32	0	0	0	0	292	292	292	416
102	8	189	0	his	False	-3	33	180	180	180	368	144	308	308	904
102	8	63	0	his	False	-3	34	220	220	220	408	0	0	0	0
102	8	191	0	his	False	-3	35	124	124	124	124	0	0	0	0
102	8	47	0	his	False	-3	36	264	408	408	408	132	132	132	392
102	8	189	0	his	False	-3	37	128	128	128	128	116	116	116	412
102	8	144	0	his	False	-3	38	0	0	0	0	144	144	144	144
102	8	16	0	his	False	-3	39	240	240	240	240	104	104	104	104
102	8	150	0	his	False	-3	40	0	0	0	0	0	0	0	0
102	8	77	0	his	False	-3	41	188	324	324	324	156	328	328	508
102	8	128	0	his	False	-3	42	0	0	0	0	192	192	396	1324
102	8	80	0	his	False	-3	43	0	0	0	0	284	500	500	652
103	3	129	0	him	False	+5	1	316	316	316	316	0	0	0	0
103	3	1	0	him	False	+5	2	0	0	0	0	0	0	0	0
103	3	79	0	him	False	+5	3	152	152	152	152	144	144	144	144
103	3	119	0	him	False	+5	4	0	0	0	0	156	156	156	156
103	3	29	0	him	False	+5	5	0	0	0	0	0	0	0	0
103	3	40	0	him	False	+5	6	0	0	0	0	152	152	152	152
103	3	202	0	him	False	+5	7	0	0	0	0	156	156	156	156
103	3	102	0	him	False	+5	8	268	268	268	268	140	140	140	140
103	3	150	0	him	False	+5	10	160	160	376	736	148	148	148	148
103	3	68	0	him	False	+5	11	112	112	112	228	144	144	144	144
103	3	166	0	him	False	+5	12	212	212	512	892	0	0	0	0
103	3	131	0	him	False	+5	13	164	164	164	164	0	0	0	0
103	3	120	0	him	False	+5	14	0	0	0	0	336	464	464	464
103	3	70	0	him	False	+5	15	0	0	0	0	0	0	0	0
103	3	98	0	him	False	+5	16	184	184	184	184	152	152	152	152
103	3	107	0	him	False	+5	17	0	0	0	0	184	184	184	184
103	3	129	0	him	False	+5	18	0	0	0	0	220	220	220	220
103	3	26	0	him	False	+5	19	280	280	280	280	0	0	0	0
103	3	200	0	him	False	+5	20	0	0	0	0	168	168	168	168
103	3	39	0	him	False	+5	21	0	0	0	0	184	184	448	644
103	3	167	0	him	False	+5	22	0	0	0	0	180	180	180	336
103	3	149	0	him	False	+5	23	176	176	176	176	168	168	168	168
103	3	193	0	him	False	+5	24	232	232	232	232	0	0	0	0
103	3	115	0	him	False	+5	25	0	0	0	0	156	156	156	320
103	3	40	0	him	False	+5	27	224	224	224	224	148	148	148	148
103	3	53	0	him	False	+5	28	264	264	264	264	0	0	0	0
103	3	43	0	him	False	+5	29	0	0	0	0	0	0	0	0
103	3	140	0	him	False	+5	30	176	176	176	176	308	308	308	308
103	3	121	0	him	False	+5	31	144	144	144	144	0	0	0	0
103	3	10	0	him	False	+5	32	144	144	324	1004	0	0	0	0
103	3	187	0	him	False	+5	33	436	436	436	436	0	0	0	0
103	3	56	0	him	False	+5	34	0	0	0	0	288	288	288	288
103	3	156	0	him	False	+5	35	0	0	0	0	224	224	224	224
103	3	108	0	him	False	+5	36	136	136	136	136	0	0	0	0
103	3	41	0	him	False	+5	37	196	196	196	196	108	108	108	108
103	3	56	0	him	False	+5	38	224	372	372	372	0	0	0	0
103	3	189	0	him	False	+5	39	152	152	152	152	0	0	0	0
103	3	53	0	him	False	+5	40	252	252	252	252	140	140	140	140
103	3	163	0	him	False	+5	41	0	0	0	0	0	0	0	0
103	3	194	0	him	False	+5	42	208	208	208	208	0	0	0	0
103	3	173	0	him	False	+5	43	212	212	212	212	0	0	0	0
104	3	95	0	his	False	-2	1	224	224	224	224	192	192	192	192
104	3	175	0	his	False	-2	2	0	0	0	0	152	152	152	152
104	3	184	0	his	False	-2	3	200	200	200	200	232	232	232	232
104	3	22	0	his	False	-2	4	0	0	0	0	0	0	0	0
104	3	196	0	his	False	-2	5	0	0	0	0	228	228	228	228
104	3	17	0	his	False	-2	6	0	0	0	0	136	136	136	136
104	3	147	0	his	False	-2	7	184	288	288	288	0	0	0	0
104	3	98	0	his	False	-2	8	208	208	208	208	0	0	0	0
104	3	201	0	his	False	-2	10	184	184	184	184	152	152	152	152
104	3	124	0	his	False	-2	11	180	180	180	180	128	128	128	128
104	3	5	0	his	False	-2	12	160	160	160	160	124	124	124	124
104	3	101	0	his	False	-2	13	232	232	232	232	164	164	164	164
104	3	142	0	his	False	-2	14	212	212	212	212	0	0	0	0
104	3	149	0	his	False	-2	15	132	132	132	132	0	0	0	0
104	3	49	0	his	False	-2	16	220	220	220	220	0	0	0	0
104	3	134	0	his	False	-2	17	0	0	0	0	192	192	192	192
104	3	67	0	his	False	-2	18	0	0	0	0	144	144	144	144
104	3	113	0	his	False	-2	19	156	156	156	156	112	112	112	112
104	3	15	0	his	False	-2	20	0	0	0	0	188	188	188	188
104	3	133	0	his	False	-2	21	0	0	0	0	132	132	132	132
104	3	185	0	his	False	-2	22	0	0	0	0	168	344	344	344
104	3	93	0	his	False	-2	23	204	204	204	204	156	156	156	464
104	3	78	0	his	False	-2	24	152	152	152	152	168	168	168	168
104	3	35	0	his	False	-2	25	240	240	240	240	80	80	224	600
104	3	76	0	his	False	-2	27	0	0	0	0	224	444	444	444
104	3	2	0	his	False	-2	28	0	0	0	0	84	552	752	948
104	3	27	0	his	False	-2	29	0	0	0	0	144	224	384	980
104	3	27	0	his	False	-2	30	288	288	288	288	212	212	212	212
104	3	139	0	his	False	-2	31	0	0	0	0	148	148	148	148
104	3	192	0	his	False	-2	32	188	188	188	188	204	204	204	204
104	3	76	0	his	False	-2	33	0	0	0	0	80	244	244	288
104	3	33	0	his	False	-2	34	0	0	0	0	288	392	392	392
104	3	27	0	his	False	-2	35	164	164	164	164	168	168	168	168
104	3	62	0	his	False	-2	36	0	0	0	0	0	0	0	0
104	3	9	0	his	False	-2	37	272	272	272	272	192	192	192	192
104	3	93	0	his	False	-2	38	0	0	0	0	228	228	228	228
104	3	22	0	his	False	-2	39	292	292	292	1456	432	432	644	940
104	3	82	0	his	False	-2	40	0	0	0	0	0	0	0	0
104	3	204	0	his	False	-2	41	208	208	208	208	116	116	116	116
104	3	138	0	his	False	-2	42	0	0	0	0	204	204	204	204
104	3	110	0	his	False	-2	43	0	0	0	0	160	160	160	160
106	3	108	0	his	False	-2	1	164	212	212	212	124	124	124	124
106	3	154	0	his	False	-2	2	164	164	164	164	116	116	116	116
106	3	177	0	his	False	-2	3	132	248	248	248	180	180	180	180
106	3	77	0	his	False	-2	4	0	0	0	0	32	208	208	208
106	3	108	0	his	False	-2	5	216	216	216	904	204	204	204	204
106	3	127	0	his	False	-2	6	124	124	124	124	0	0	0	0
106	3	16	0	his	False	-2	7	116	116	116	116	124	124	124	124
106	3	113	0	his	False	-2	8	224	224	224	224	0	0	0	0
106	3	76	0	his	False	-2	10	0	0	0	0	272	272	272	272
106	3	187	0	his	False	-2	11	164	164	164	164	148	148	148	148
106	3	194	0	his	False	-2	12	0	0	0	0	188	188	188	188
106	3	196	0	his	False	-2	13	184	184	184	184	128	128	128	128
106	3	160	0	his	False	-2	14	0	0	0	0	0	0	0	0
106	3	15	0	his	False	-2	15	0	0	0	0	260	260	260	260
106	3	16	0	his	False	-2	16	188	188	188	188	148	148	148	148
106	3	74	0	his	False	-2	17	0	0	0	0	192	192	192	192
106	3	97	0	his	False	-2	18	0	0	0	0	188	188	188	188
106	3	2	0	his	False	-2	19	200	200	200	200	104	104	104	104
106	3	196	0	his	False	-2	20	136	136	136	136	0	0	0	0
106	3	179	0	his	False	-2	21	128	128	128	128	128	128	128	128
106	3	23	0	his	False	-2	22	0	0	0	0	168	168	316	448
106	3	52	0	his	False	-2	23	176	176	176	176	268	268	268	268
106	3	137	0	his	False	-2	24	128	128	128	128	112	112	112	112
106	3	129	0	his	False	-2	25	264	264	264	828	192	316	316	316
106	3	146	0	his	False	-2	27	232	232	232	232	0	0	0	0
106	3	20	0	his	False	-2	28	120	228	228	228	192	704	704	704
106	3	116	0	his	False	-2	29	0	0	0	0	160	160	160	160
106	3	2	0	his	False	-2	30	248	248	248	248	0	0	0	0
106	3	143	0	his	False	-2	31	0	0	0	0	236	236	236	236
106	3	133	0	his	False	-2	32	244	244	244	244	228	228	228	228
106	3	52	0	his	False	-2	33	0	0	0	0	144	144	144	280
106	3	16	0	his	False	-2	34	0	0	0	0	180	180	180	180
106	3	159	0	his	False	-2	35	0	0	0	0	180	332	332	332
106	3	77	0	his	False	-2	36	0	0	0	0	248	248	248	248
106	3	18	0	his	False	-2	37	0	0	0	0	200	200	200	200
106	3	20	0	his	False	-2	38	0	0	0	0	224	224	224	292
106	3	112	0	his	False	-2	39	0	0	0	0	0	0	0	0
106	3	91	0	his	False	-2	40	0	0	0	0	0	0	0	0
106	3	22	0	his	False	-2	41	0	0	0	0	0	0	0	0
106	3	110	0	his	False	-2	42	0	0	0	0	140	140	140	140
106	3	85	0	his	False	-2	43	224	224	224	224	104	104	104	104
107	1	94	0	She	True	?	1	332	332	332	332	156	156	156	156
107	1	104	0	She	True	?	2	232	232	232	232	32	140	140	140
107	1	94	0	She	True	?	3	304	304	304	304	212	284	284	284
107	1	6	0	She	True	?	4	0	0	0	0	288	288	288	432
107	1	172	0	She	True	?	5	0	0	0	0	296	296	296	492
107	1	123	0	She	True	?	6	0	0	0	0	0	0	0	0
107	1	115	0	She	True	?	7	220	220	220	220	144	144	144	144
107	1	71	0	She	True	?	8	60	60	60	60	268	396	396	396
107	1	183	0	She	True	?	10	0	0	0	0	0	0	0	0
107	1	154	0	She	True	?	11	292	292	292	292	172	172	172	172
107	1	196	0	She	True	?	12	408	408	408	408	0	0	0	0
107	1	84	0	She	True	?	13	328	328	328	328	340	340	340	340
107	1	193	0	She	True	?	14	24	24	24	24	200	340	340	340
107	1	199	0	She	True	?	15	32	32	32	32	0	0	0	0
107	1	189	0	She	True	?	16	0	0	0	0	288	356	356	356
107	1	109	0	She	True	?	17	256	256	256	256	96	96	96	96
107	1	109	0	She	True	?	18	0	0	0	0	256	320	320	320
107	1	120	0	She	True	?	19	0	0	0	0	0	0	0	0
107	1	151	0	She	True	?	20	0	0	0	0	144	280	280	280
107	1	124	0	She	True	?	21	0	0	0	0	0	0	0	0
107	1	3	0	She	True	?	22	0	0	0	0	0	0	0	0
107	1	128	0	She	True	?	23	316	316	316	316	216	400	400	400
107	1	17	0	She	True	?	24	256	256	256	256	212	212	380	640
107	1	64	0	She	True	?	25	0	0	0	0	0	0	0	0
107	1	17	0	She	True	?	27	0	0	0	0	0	0	0	0
107	1	117	0	She	True	?	28	272	328	328	328	232	232	232	232
107	1	151	0	She	True	?	29	292	292	292	292	164	164	164	164
107	1	142	0	She	True	?	30	336	336	336	336	260	700	700	700
107	1	130	0	She	True	?	31	0	0	0	0	176	176	176	176
107	1	104	0	She	True	?	32	0	0	0	0	280	280	280	436
107	1	96	0	She	True	?	33	160	320	320	320	236	236	236	236
107	1	129	0	She	True	?	34	184	184	184	184	184	184	184	184
107	1	116	0	She	True	?	35	280	280	280	280	176	176	176	176
107	1	194	0	She	True	?	36	0	0	0	0	0	0	0	0
107	1	52	0	She	True	?	37	184	184	184	184	88	328	328	328
107	1	12	0	She	True	?	38	0	0	0	0	116	364	364	364
107	1	54	0	She	True	?	39	0	0	0	0	0	0	0	0
107	1	129	0	She	True	?	40	0	0	0	0	0	0	0	0
107	1	13	0	She	True	?	41	0	0	0	0	0	0	0	0
107	1	179	0	She	True	?	42	0	0	0	0	332	480	480	480
107	1	27	0	She	True	?	43	304	304	304	304	160	160	160	160
107	5	94	0	him	True	?	1	0	0	0	0	124	124	336	612
107	5	104	0	him	True	?	2	156	156	156	156	164	164	164	164
107	5	94	0	him	True	?	3	140	140	140	140	208	208	208	208
107	5	6	0	him	True	?	4	148	148	148	148	204	204	204	204
107	5	172	0	him	True	?	5	176	176	176	176	156	156	156	156
107	5	123	0	him	True	?	6	152	152	152	152	208	208	208	208
107	5	115	0	him	True	?	7	120	120	120	376	184	184	184	184
107	5	71	0	him	True	?	8	148	148	148	148	116	116	116	116
107	5	183	0	him	True	?	10	0	0	0	0	0	0	0	0
107	5	154	0	him	True	?	11	140	140	140	140	124	124	124	124
107	5	196	0	him	True	?	12	0	0	0	0	140	140	140	140
107	5	84	0	him	True	?	13	0	0	0	0	200	388	388	388
107	5	193	0	him	True	?	14	292	292	292	292	208	208	208	208
107	5	199	0	him	True	?	15	0	0	0	0	160	160	160	160
107	5	189	0	him	True	?	16	156	156	156	156	156	156	156	156
107	5	109	0	him	True	?	17	0	0	0	0	300	452	452	452
107	5	109	0	him	True	?	18	0	0	0	0	220	220	220	220
107	5	120	0	him	True	?	19	196	196	196	196	176	176	176	176
107	5	151	0	him	True	?	20	172	172	172	172	136	136	136	136
107	5	124	0	him	True	?	21	0	0	0	0	140	140	140	140
107	5	3	0	him	True	?	22	0	0	0	0	0	0	0	0
107	5	128	0	him	True	?	23	168	168	168	168	212	528	528	528
107	5	17	0	him	True	?	24	0	0	0	0	220	368	368	368
107	5	64	0	him	True	?	25	0	0	0	0	116	116	412	872
107	5	17	0	him	True	?	27	252	344	344	592	120	120	120	120
107	5	117	0	him	True	?	28	0	0	0	0	252	724	724	724
107	5	151	0	him	True	?	29	448	448	448	448	144	144	144	144
107	5	142	0	him	True	?	30	260	260	260	260	156	156	156	156
107	5	130	0	him	True	?	31	0	0	0	0	168	224	224	224
107	5	104	0	him	True	?	32	164	164	164	164	196	196	196	196
107	5	96	0	him	True	?	33	212	212	212	212	188	188	188	188
107	5	129	0	him	True	?	34	0	0	0	0	184	184	184	184
107	5	116	0	him	True	?	35	144	144	144	144	196	196	196	196
107	5	194	0	him	True	?	36	0	0	0	0	244	244	244	244
107	5	52	0	him	True	?	37	132	132	132	132	160	160	160	160
107	5	12	0	him	True	?	38	152	152	152	152	72	72	456	700
107	5	54	0	him	True	?	39	396	396	532	748	144	144	144	144
107	5	129	0	him	True	?	40	0	0	0	0	0	0	0	0
107	5	13	0	him	True	?	41	0	0	0	0	0	0	0	0
107	5	179	0	him	True	?	42	0	0	0	0	140	140	140	140
107	5	27	0	him	True	?	43	0	0	0	0	208	344	344	344
107	8	94	0	her	True	-7	1	148	148	148	148	220	508	508	508
107	8	104	0	her	True	-7	2	156	156	156	156	172	172	172	548
107	8	94	0	her	True	-7	3	232	444	444	444	116	196	196	196
107	8	6	0	her	True	-7	4	172	172	172	172	92	92	92	768
107	8	172	0	her	True	-7	5	380	380	380	660	0	0	0	0
107	8	123	0	her	True	-7	6	168	168	168	168	0	0	0	0
107	8	115	0	her	True	-7	7	180	180	352	588	312	312	448	1076
107	8	71	0	her	True	-7	8	192	192	192	192	140	140	140	400
107	8	183	0	her	True	-7	10	232	232	232	232	316	316	316	1128
107	8	154	0	her	True	-7	11	292	292	292	292	248	444	444	444
107	8	196	0	her	True	-7	12	348	348	348	832	0	0	0	0
107	8	84	0	her	True	-7	13	476	560	560	560	0	0	0	0
107	8	193	0	her	True	-7	14	220	220	392	596	348	348	348	348
107	8	199	0	her	True	-7	15	240	240	360	632	0	0	0	0
107	8	189	0	her	True	-7	16	200	484	484	484	456	456	612	1204
107	8	109	0	her	True	-7	17	404	404	516	596	0	0	0	0
107	8	109	0	her	True	-7	18	216	216	296	432	0	0	0	0
107	8	120	0	her	True	-7	19	120	120	120	120	312	312	312	1240
107	8	151	0	her	True	-7	20	0	0	0	0	304	304	416	976
107	8	124	0	her	True	-7	21	0	0	0	0	216	216	216	216
107	8	3	0	her	True	-7	22	264	264	704	1964	160	364	364	364
107	8	128	0	her	True	-7	23	172	172	172	172	468	468	468	752
107	8	17	0	her	True	-7	24	304	304	304	864	0	0	0	0
107	8	64	0	her	True	-7	25	168	168	168	168	212	212	400	508
107	8	17	0	her	True	-7	27	296	296	296	296	192	192	192	192
107	8	117	0	her	True	-7	28	232	368	368	368	100	100	100	100
107	8	151	0	her	True	-7	29	216	216	216	216	236	236	236	236
107	8	142	0	her	True	-7	30	196	196	196	676	232	232	444	636
107	8	130	0	her	True	-7	31	0	0	0	0	108	108	108	108
107	8	104	0	her	True	-7	32	164	164	164	164	212	212	212	212
107	8	96	0	her	True	-7	33	272	272	272	272	188	188	188	1144
107	8	129	0	her	True	-7	34	0	0	0	0	204	204	204	324
107	8	116	0	her	True	-7	35	148	148	148	148	164	164	164	164
107	8	194	0	her	True	-7	36	220	220	1128	1540	0	0	0	0
107	8	52	0	her	True	-7	37	140	140	556	1384	0	0	0	0
107	8	12	0	her	True	-7	38	220	220	220	220	124	124	124	124
107	8	54	0	her	True	-7	39	336	540	540	692	0	0	0	0
107	8	129	0	her	True	-7	40	0	0	0	0	140	140	140	308
107	8	13	0	her	True	-7	41	220	220	220	220	108	280	280	280
107	8	179	0	her	True	-7	42	168	168	168	312	0	0	0	0
107	8	27	0	her	True	-7	43	260	556	556	556	172	172	172	172
108	1	113	0	They	True	?	1	272	272	272	272	148	268	268	268
108	1	115	0	They	True	?	2	228	228	228	228	88	88	88	88
108	1	190	0	They	True	?	3	292	292	292	292	168	168	168	168
108	1	56	0	They	True	?	4	0	0	0	0	236	236	384	548
108	1	153	0	They	True	?	5	0	0	0	0	288	516	516	516
108	1	91	0	They	True	?	6	196	196	196	196	0	0	0	0
108	1	94	0	They	True	?	7	152	152	152	152	124	124	124	124
108	1	130	0	They	True	?	8	0	0	0	0	320	456	456	456
108	1	12	0	They	True	?	9	0	0	0	0	252	380	380	380
108	1	30	0	They	True	?	10	0	0	0	0	0	0	0	0
108	1	49	0	They	True	?	11	264	412	412	412	172	172	172	172
108	1	57	0	They	True	?	12	0	0	0	0	0	0	0	0
108	1	153	0	They	True	?	13	320	320	320	320	216	216	216	216
108	1	118	0	They	True	?	14	0	0	0	0	224	224	224	376
108	1	152	0	They	True	?	15	0	0	0	0	268	268	268	268
108	1	121	0	They	True	?	16	268	268	268	268	168	332	332	332
108	1	26	0	They	True	?	17	284	284	284	284	168	168	168	168
108	1	172	0	They	True	?	18	0	0	0	0	240	428	428	428
108	1	126	0	They	True	?	19	0	0	0	0	92	224	224	316
108	1	69	0	They	True	?	20	152	284	284	284	136	136	136	136
108	1	111	0	They	True	?	21	240	240	240	240	136	136	136	136
108	1	76	0	They	True	?	22	332	332	332	332	264	264	264	264
108	1	169	0	They	True	?	23	340	340	340	340	212	212	212	212
108	1	96	0	They	True	?	24	244	244	244	244	0	0	0	0
108	1	29	0	They	True	?	25	192	192	192	192	0	0	0	0
108	1	48	0	They	True	?	27	0	0	0	0	0	0	0	0
108	1	185	0	They	True	?	28	0	0	0	0	152	252	448	608
108	1	178	0	They	True	?	29	84	84	84	84	212	348	348	348
108	1	200	0	They	True	?	30	348	348	348	348	240	468	468	468
108	1	52	0	They	True	?	31	0	0	0	0	0	0	0	0
108	1	52	0	They	True	?	32	0	0	0	0	176	248	388	704
108	1	154	0	They	True	?	33	228	368	368	368	152	152	152	152
108	1	85	0	They	True	?	34	0	0	0	0	308	520	520	520
108	1	6	0	They	True	?	35	260	312	312	312	192	192	192	192
108	1	71	0	They	True	?	36	220	220	220	220	0	0	0	0
108	1	62	0	They	True	?	37	0	0	0	0	240	240	360	520
108	1	92	0	They	True	?	38	288	288	288	288	196	196	196	196
108	1	39	0	They	True	?	39	0	0	0	0	264	420	420	420
108	1	153	0	They	True	?	40	72	72	72	72	0	0	0	0
108	1	99	0	They	True	?	41	0	0	0	0	0	0	0	0
108	1	28	0	They	True	?	42	36	284	284	284	348	348	348	348
108	1	105	0	They	True	?	43	152	324	324	324	88	88	88	88
108	9	113	1	them.	True	-8	1	228	228	228	228	-999	-999	-999	-999
108	9	115	1	them.	True	-8	2	84	84	84	84	-999	-999	-999	-999
108	9	190	1	them.	True	-8	3	84	84	84	84	-999	-999	-999	-999
108	9	56	1	them.	True	-8	4	200	200	200	816	-999	-999	-999	-999
108	9	153	1	them.	True	-8	5	316	316	316	1216	-999	-999	-999	-999
108	9	91	1	them.	True	-8	6	0	0	0	0	-999	-999	-999	-999
108	9	94	1	them.	True	-8	7	0	0	0	0	-999	-999	-999	-999
108	9	130	1	them.	True	-8	8	0	0	0	0	-999	-999	-999	-999
108	9	12	1	them.	True	-8	9	276	276	428	1028	-999	-999	-999	-999
108	9	30	1	them.	True	-8	10	196	196	196	756	-999	-999	-999	-999
108	9	49	1	them.	True	-8	11	380	380	380	504	-999	-999	-999	-999
108	9	57	1	them.	True	-8	12	176	176	320	1604	-999	-999	-999	-999
108	9	153	1	them.	True	-8	13	160	160	160	284	-999	-999	-999	-999
108	9	118	1	them.	True	-8	14	96	96	96	536	-999	-999	-999	-999
108	9	152	1	them.	True	-8	15	212	212	212	1172	-999	-999	-999	-999
108	9	121	1	them.	True	-8	16	204	404	404	568	-999	-999	-999	-999
108	9	26	1	them.	True	-8	17	184	184	184	860	-999	-999	-999	-999
108	9	172	1	them.	True	-8	18	0	0	0	0	-999	-999	-999	-999
108	9	126	1	them.	True	-8	19	108	108	108	1480	-999	-999	-999	-999
108	9	69	1	them.	True	-8	20	260	260	564	2032	-999	-999	-999	-999
108	9	111	1	them.	True	-8	21	156	156	156	328	-999	-999	-999	-999
108	9	76	1	them.	True	-8	22	320	320	320	320	-999	-999	-999	-999
108	9	169	1	them.	True	-8	23	252	252	252	2484	-999	-999	-999	-999
108	9	96	1	them.	True	-8	24	0	0	0	0	-999	-999	-999	-999
108	9	29	1	them.	True	-8	25	120	120	120	1224	-999	-999	-999	-999
108	9	48	1	them.	True	-8	27	0	0	0	0	-999	-999	-999	-999
108	9	185	1	them.	True	-8	28	232	232	232	456	-999	-999	-999	-999
108	9	178	1	them.	True	-8	29	0	0	0	0	-999	-999	-999	-999
108	9	200	1	them.	True	-8	30	192	708	708	708	-999	-999	-999	-999
108	9	52	1	them.	True	-8	31	0	0	0	0	-999	-999	-999	-999
108	9	52	1	them.	True	-8	32	288	288	288	288	-999	-999	-999	-999
108	9	154	1	them.	True	-8	33	112	112	112	112	-999	-999	-999	-999
108	9	85	1	them.	True	-8	34	0	0	0	0	-999	-999	-999	-999
108	9	6	1	them.	True	-8	35	240	240	240	1152	-999	-999	-999	-999
108	9	71	1	them.	True	-8	36	264	264	264	536	-999	-999	-999	-999
108	9	62	1	them.	True	-8	37	88	88	88	88	-999	-999	-999	-999
108	9	92	1	them.	True	-8	38	152	152	152	152	-999	-999	-999	-999
108	9	39	1	them.	True	-8	39	348	348	348	568	-999	-999	-999	-999
108	9	153	1	them.	True	-8	40	0	0	0	0	-999	-999	-999	-999
108	9	99	1	them.	True	-8	41	0	0	0	0	-999	-999	-999	-999
108	9	28	1	them.	True	-8	42	0	0	0	0	-999	-999	-999	-999
108	9	105	1	them.	True	-8	43	168	168	168	388	-999	-999	-999	-999
109	4	77	0	her	True	?	1	208	208	208	208	168	168	168	224
109	4	72	0	her	True	?	2	208	208	208	208	184	256	256	256
109	4	160	0	her	True	?	3	212	212	212	212	168	168	168	168
109	4	147	0	her	True	?	4	252	252	252	252	160	160	160	160
109	4	176	0	her	True	?	5	0	0	0	0	248	248	248	248
109	4	190	0	her	True	?	6	0	0	0	0	200	200	200	200
109	4	88	0	her	True	?	7	0	0	0	0	240	240	240	272
109	4	129	0	her	True	?	8	144	144	144	144	92	92	92	92
109	4	163	0	her	True	?	10	180	180	180	180	128	128	128	128
109	4	87	0	her	True	?	11	0	0	0	0	132	132	132	272
109	4	2	0	her	True	?	12	180	180	180	180	240	240	240	240
109	4	133	0	her	True	?	13	180	180	180	180	196	196	196	196
109	4	11	0	her	True	?	14	0	0	0	0	248	248	248	248
109	4	75	0	her	True	?	15	0	0	0	0	176	176	176	396
109	4	87	0	her	True	?	16	140	140	316	472	92	92	92	92
109	4	120	0	her	True	?	17	0	0	0	0	0	0	0	0
109	4	184	0	her	True	?	18	0	0	0	0	232	232	232	232
109	4	178	0	her	True	?	19	188	188	188	188	156	156	156	156
109	4	4	0	her	True	?	20	132	132	132	132	0	0	0	0
109	4	62	0	her	True	?	21	144	144	144	240	148	148	148	148
109	4	180	0	her	True	?	22	172	172	172	172	200	200	200	200
109	4	66	0	her	True	?	23	0	0	0	0	1160	1160	1160	1160
109	4	15	0	her	True	?	24	172	172	172	172	276	276	276	276
109	4	127	0	her	True	?	25	0	0	0	0	176	352	352	524
109	4	175	0	her	True	?	27	500	500	500	500	156	156	156	156
109	4	183	0	her	True	?	28	360	360	360	360	248	248	248	248
109	4	59	0	her	True	?	29	0	0	0	0	140	140	140	140
109	4	145	0	her	True	?	30	320	320	320	320	264	264	264	264
109	4	144	0	her	True	?	31	0	0	0	0	176	300	300	300
109	4	86	0	her	True	?	32	272	272	272	272	180	180	180	180
109	4	140	0	her	True	?	33	72	72	72	72	272	372	372	476
109	4	47	0	her	True	?	34	208	208	208	208	244	416	416	540
109	4	104	0	her	True	?	35	136	136	136	136	0	0	0	0
109	4	159	0	her	True	?	36	164	164	164	164	156	156	156	156
109	4	203	0	her	True	?	37	220	220	220	220	52	52	184	364
109	4	24	0	her	True	?	38	200	200	200	200	0	0	0	0
109	4	185	0	her	True	?	39	128	128	128	128	0	0	0	0
109	4	166	0	her	True	?	40	0	0	0	0	0	0	0	0
109	4	179	0	her	True	?	41	128	128	128	128	112	112	392	1036
109	4	78	0	her	True	?	42	0	0	0	0	0	0	0	0
109	4	107	0	her	True	?	43	196	196	196	196	88	88	88	88
110	4	166	0	him	True	?	1	244	244	244	244	132	248	248	248
110	4	162	0	him	True	?	2	148	148	148	148	0	0	0	0
110	4	49	0	him	True	?	3	152	152	152	152	164	164	164	164
110	4	60	0	him	True	?	4	160	160	160	160	0	0	0	0
110	4	146	0	him	True	?	5	0	0	0	0	0	0	0	0
110	4	99	0	him	True	?	6	152	152	152	152	140	140	140	140
110	4	146	0	him	True	?	7	0	0	0	0	52	52	52	52
110	4	135	0	him	True	?	8	192	192	192	192	0	0	0	0
110	4	90	0	him	True	?	10	188	188	188	188	0	0	0	0
110	4	77	0	him	True	?	11	216	216	216	216	176	176	176	176
110	4	14	0	him	True	?	12	308	308	308	308	0	0	0	0
110	4	151	0	him	True	?	13	156	156	156	156	0	0	0	0
110	4	53	0	him	True	?	14	148	148	148	148	0	0	0	0
110	4	31	0	him	True	?	15	164	164	164	164	0	0	0	0
110	4	20	0	him	True	?	16	196	196	196	196	144	144	144	144
110	4	70	0	him	True	?	17	0	0	0	0	240	240	240	240
110	4	180	0	him	True	?	18	0	0	0	0	0	0	0	0
110	4	69	0	him	True	?	19	124	236	236	236	184	184	184	184
110	4	112	0	him	True	?	20	152	152	152	152	0	0	0	0
110	4	127	0	him	True	?	21	156	156	156	156	0	0	0	0
110	4	40	0	him	True	?	22	264	264	264	452	0	0	0	0
110	4	176	0	him	True	?	23	288	288	288	288	216	216	216	216
110	4	188	0	him	True	?	24	0	0	0	0	392	392	392	392
110	4	83	0	him	True	?	25	0	0	0	0	0	0	0	0
110	4	92	0	him	True	?	27	0	0	0	0	192	192	192	192
110	4	30	0	him	True	?	28	0	0	0	0	124	124	124	124
110	4	44	0	him	True	?	29	0	0	0	0	0	0	0	0
110	4	161	0	him	True	?	30	188	188	188	188	240	240	240	240
110	4	89	0	him	True	?	31	104	104	104	216	160	160	160	160
110	4	66	0	him	True	?	32	208	208	208	208	0	0	0	0
110	4	25	0	him	True	?	33	224	224	224	224	284	284	284	284
110	4	123	0	him	True	?	34	0	0	0	0	0	0	0	0
110	4	180	0	him	True	?	35	0	0	0	0	168	168	168	168
110	4	204	0	him	True	?	36	0	0	0	0	0	0	0	0
110	4	156	0	him	True	?	37	176	176	176	176	140	140	140	140
110	4	136	0	him	True	?	38	152	152	152	152	0	0	0	0
110	4	146	0	him	True	?	39	0	0	0	0	0	0	0	0
110	4	182	0	him	True	?	40	204	332	332	332	0	0	0	0
110	4	129	0	him	True	?	41	0	0	0	0	256	256	256	256
110	4	1	0	him	True	?	42	0	0	0	0	172	172	172	324
110	4	178	0	him	True	?	43	268	268	268	268	0	0	0	0
111	9	2	1	it.	False	-4	1	356	556	556	964	-999	-999	-999	-999
111	9	36	1	it.	False	-4	2	0	0	0	0	-999	-999	-999	-999
111	9	112	1	it.	False	-4	3	180	180	180	180	-999	-999	-999	-999
111	9	43	1	it.	False	-4	4	84	152	152	152	-999	-999	-999	-999
111	9	151	1	it.	False	-4	5	0	0	0	0	-999	-999	-999	-999
111	9	178	1	it.	False	-4	6	0	0	0	0	-999	-999	-999	-999
111	9	41	1	it.	False	-4	7	244	244	244	244	-999	-999	-999	-999
111	9	54	1	it.	False	-4	8	212	212	212	212	-999	-999	-999	-999
111	9	70	1	it.	False	-4	10	180	180	180	260	-999	-999	-999	-999
111	9	30	1	it.	False	-4	11	148	148	620	1016	-999	-999	-999	-999
111	9	55	1	it.	False	-4	12	0	0	0	0	-999	-999	-999	-999
111	9	176	1	it.	False	-4	13	0	0	0	0	-999	-999	-999	-999
111	9	28	1	it.	False	-4	14	0	0	0	0	-999	-999	-999	-999
111	9	52	1	it.	False	-4	15	0	0	0	0	-999	-999	-999	-999
111	9	180	1	it.	False	-4	16	240	240	240	240	-999	-999	-999	-999
111	9	106	1	it.	False	-4	17	0	0	0	0	-999	-999	-999	-999
111	9	125	1	it.	False	-4	18	0	0	0	0	-999	-999	-999	-999
111	9	156	1	it.	False	-4	19	76	76	76	168	-999	-999	-999	-999
111	9	130	1	it.	False	-4	20	0	0	0	0	-999	-999	-999	-999
111	9	47	1	it.	False	-4	21	0	0	0	0	-999	-999	-999	-999
111	9	13	1	it.	False	-4	22	0	0	0	0	-999	-999	-999	-999
111	9	70	1	it.	False	-4	23	180	180	180	900	-999	-999	-999	-999
111	9	202	1	it.	False	-4	24	24	332	332	444	-999	-999	-999	-999
111	9	100	1	it.	False	-4	25	0	0	0	0	-999	-999	-999	-999
111	9	64	1	it.	False	-4	27	0	0	0	0	-999	-999	-999	-999
111	9	122	1	it.	False	-4	28	228	228	228	396	-999	-999	-999	-999
111	9	110	1	it.	False	-4	29	208	208	208	208	-999	-999	-999	-999
111	9	111	1	it.	False	-4	30	0	0	0	0	-999	-999	-999	-999
111	9	11	1	it.	False	-4	31	104	104	104	104	-999	-999	-999	-999
111	9	166	1	it.	False	-4	32	0	0	0	0	-999	-999	-999	-999
111	9	90	1	it.	False	-4	33	0	0	0	0	-999	-999	-999	-999
111	9	15	1	it.	False	-4	34	0	0	0	0	-999	-999	-999	-999
111	9	196	1	it.	False	-4	35	108	108	108	108	-999	-999	-999	-999
111	9	107	1	it.	False	-4	36	0	0	0	0	-999	-999	-999	-999
111	9	30	1	it.	False	-4	37	0	0	0	0	-999	-999	-999	-999
111	9	150	1	it.	False	-4	38	104	104	104	104	-999	-999	-999	-999
111	9	172	1	it.	False	-4	39	0	0	0	0	-999	-999	-999	-999
111	9	107	1	it.	False	-4	40	208	208	208	464	-999	-999	-999	-999
111	9	149	1	it.	False	-4	41	0	0	0	0	-999	-999	-999	-999
111	9	172	1	it.	False	-4	42	0	0	0	0	-999	-999	-999	-999
111	9	121	1	it.	False	-4	43	60	60	60	444	-999	-999	-999	-999
113	1	148	0	His	True	?	1	0	0	0	0	268	268	268	396
113	1	146	0	His	True	?	2	228	228	228	228	108	108	108	108
113	1	162	0	His	True	?	3	356	356	356	356	84	156	156	156
113	1	54	0	His	True	?	4	0	0	0	0	440	440	440	440
113	1	5	0	His	True	?	5	112	112	112	112	0	0	0	0
113	1	131	0	His	True	?	6	204	204	204	204	0	0	0	0
113	1	51	0	His	True	?	7	236	236	236	236	0	0	0	0
113	1	181	0	His	True	?	8	0	0	0	0	240	240	376	504
113	1	57	0	His	True	?	10	68	68	68	68	0	0	0	0
113	1	23	0	His	True	?	11	272	384	384	384	0	0	0	0
113	1	135	0	His	True	?	12	0	0	0	0	0	0	0	0
113	1	77	0	His	True	?	13	292	292	292	292	0	0	0	0
113	1	32	0	His	True	?	14	0	0	0	0	76	452	452	452
113	1	179	0	His	True	?	15	0	0	0	0	240	240	240	240
113	1	68	0	His	True	?	16	244	244	244	244	188	188	188	188
113	1	131	0	His	True	?	17	272	500	500	500	184	184	184	184
113	1	193	0	His	True	?	18	0	0	0	0	236	396	396	396
113	1	177	0	His	True	?	19	264	264	264	264	168	168	168	168
113	1	201	0	His	True	?	20	252	252	252	252	0	0	0	0
113	1	155	0	His	True	?	21	0	0	0	0	0	0	0	0
113	1	195	0	His	True	?	22	400	400	400	400	216	216	216	216
113	1	25	0	His	True	?	23	220	220	220	220	400	400	400	400
113	1	173	0	His	True	?	24	0	0	0	0	324	324	324	324
113	1	72	0	His	True	?	25	0	0	0	0	0	0	0	0
113	1	104	0	His	True	?	27	0	0	0	0	268	464	464	464
113	1	195	0	His	True	?	28	0	0	0	0	272	272	464	684
113	1	173	0	His	True	?	29	0	0	0	0	236	340	340	340
113	1	16	0	His	True	?	30	300	300	300	300	164	164	408	612
113	1	54	0	His	True	?	31	232	232	232	232	164	164	164	164
113	1	205	0	His	True	?	32	0	0	0	0	24	24	212	568
113	1	28	0	His	True	?	33	140	328	328	328	252	392	392	392
113	1	117	0	His	True	?	34	252	252	252	252	0	0	0	0
113	1	33	0	His	True	?	35	0	0	0	0	212	212	212	212
113	1	121	0	His	True	?	36	212	212	212	212	0	0	0	0
113	1	165	0	His	True	?	37	0	0	0	0	240	240	240	240
113	1	73	0	His	True	?	38	292	292	292	292	180	180	180	180
113	1	91	0	His	True	?	39	0	0	0	0	0	0	0	0
113	1	140	0	His	True	?	40	0	0	0	0	0	0	0	0
113	1	32	0	His	True	?	41	0	0	0	0	0	0	0	0
113	1	174	0	His	True	?	42	204	204	204	204	140	140	140	140
113	1	177	0	His	True	?	43	284	284	284	284	180	180	180	180
113	8	148	0	his	True	-7	1	0	0	0	0	156	156	156	156
113	8	146	0	his	True	-7	2	0	0	0	0	168	524	524	524
113	8	162	0	his	True	-7	3	0	0	0	0	248	248	248	248
113	8	54	0	his	True	-7	4	0	0	0	0	216	368	368	368
113	8	5	0	his	True	-7	5	0	0	0	0	280	280	280	1036
113	8	131	0	his	True	-7	6	0	0	0	0	612	612	612	612
113	8	51	0	his	True	-7	7	164	164	164	164	0	0	0	0
113	8	181	0	his	True	-7	8	200	200	200	200	200	200	404	1712
113	8	57	0	his	True	-7	10	0	0	0	0	184	184	184	184
113	8	23	0	his	True	-7	11	136	136	136	136	236	544	544	544
113	8	135	0	his	True	-7	12	0	0	0	0	180	440	440	440
113	8	77	0	his	True	-7	13	240	240	240	240	0	0	0	0
113	8	32	0	his	True	-7	14	0	0	0	0	312	312	312	312
113	8	179	0	his	True	-7	15	0	0	0	0	104	440	796	1088
113	8	68	0	his	True	-7	16	180	180	180	180	256	396	396	396
113	8	131	0	his	True	-7	17	0	0	0	0	152	344	344	344
113	8	193	0	his	True	-7	18	0	0	0	0	204	204	204	204
113	8	177	0	his	True	-7	19	0	0	0	0	120	452	452	452
113	8	201	0	his	True	-7	20	164	164	164	164	0	0	0	0
113	8	155	0	his	True	-7	21	180	180	180	180	416	416	416	416
113	8	195	0	his	True	-7	22	0	0	0	0	356	356	356	356
113	8	25	0	his	True	-7	23	0	0	0	0	152	432	432	432
113	8	173	0	his	True	-7	24	0	0	0	0	256	256	484	860
113	8	72	0	his	True	-7	25	0	0	0	0	260	260	260	260
113	8	104	0	his	True	-7	27	0	0	0	0	276	508	508	508
113	8	195	0	his	True	-7	28	0	0	0	0	348	484	484	484
113	8	173	0	his	True	-7	29	0	0	0	0	124	124	124	124
113	8	16	0	his	True	-7	30	0	0	0	0	316	376	740	1912
113	8	54	0	his	True	-7	31	132	132	132	132	0	0	0	0
113	8	205	0	his	True	-7	32	0	0	0	0	176	176	176	176
113	8	28	0	his	True	-7	33	168	168	168	168	160	160	160	160
113	8	117	0	his	True	-7	34	140	140	140	140	304	304	304	304
113	8	33	0	his	True	-7	35	0	0	0	0	128	128	128	128
113	8	121	0	his	True	-7	36	172	172	172	172	0	0	0	0
113	8	165	0	his	True	-7	37	0	0	0	0	172	436	436	436
113	8	73	0	his	True	-7	38	0	0	0	0	304	304	304	304
113	8	91	0	his	True	-7	39	0	0	0	0	152	152	152	152
113	8	140	0	his	True	-7	40	0	0	0	0	0	0	0	0
113	8	32	0	his	True	-7	41	176	176	176	176	248	248	248	248
113	8	174	0	his	True	-7	42	264	264	264	264	268	268	268	528
113	8	177	0	his	True	-7	43	0	0	0	0	184	184	184	184
114	1	79	0	His	True	?	1	284	284	284	284	384	384	384	384
114	1	24	0	His	True	?	2	228	228	228	228	144	144	316	460
114	1	127	0	His	True	?	3	0	0	0	0	312	312	312	312
114	1	74	0	His	True	?	4	264	264	264	264	128	128	128	128
114	1	121	0	His	True	?	5	0	0	0	0	0	0	0	0
114	1	75	0	His	True	?	6	248	248	248	248	0	0	0	0
114	1	52	0	His	True	?	7	228	228	228	228	0	0	0	0
114	1	195	0	His	True	?	8	0	0	0	0	328	328	328	328
114	1	48	0	His	True	?	10	0	0	0	0	152	152	152	152
114	1	121	0	His	True	?	11	260	260	260	260	152	152	152	152
114	1	128	0	His	True	?	12	0	0	0	0	0	0	0	0
114	1	161	0	His	True	?	13	476	476	476	476	228	228	228	228
114	1	76	0	His	True	?	14	0	0	0	0	52	500	500	500
114	1	127	0	His	True	?	15	244	244	244	244	0	0	0	0
114	1	135	0	His	True	?	16	172	172	172	172	224	372	372	372
114	1	6	0	His	True	?	17	312	312	312	312	148	148	148	148
114	1	158	0	His	True	?	18	272	272	272	272	0	0	0	0
114	1	12	0	His	True	?	19	272	272	272	272	144	144	144	144
114	1	147	0	His	True	?	20	0	0	0	0	248	248	248	248
114	1	33	0	His	True	?	21	204	204	204	204	136	136	136	136
114	1	132	0	His	True	?	22	424	424	424	424	152	152	152	152
114	1	205	0	His	True	?	23	208	208	208	208	132	308	308	308
114	1	147	0	His	True	?	24	264	264	264	264	212	212	212	212
114	1	101	0	His	True	?	25	192	192	192	192	0	0	0	0
114	1	67	0	His	True	?	27	0	0	0	0	0	0	0	0
114	1	170	0	His	True	?	28	0	0	0	0	64	64	248	548
114	1	167	0	His	True	?	29	0	0	0	0	184	444	444	444
114	1	170	0	His	True	?	30	392	392	392	392	484	484	484	484
114	1	150	0	His	True	?	31	228	228	228	228	0	0	0	0
114	1	135	0	His	True	?	32	236	236	236	236	156	368	368	368
114	1	51	0	His	True	?	33	248	404	404	404	0	0	0	0
114	1	11	0	His	True	?	34	0	0	0	0	0	0	0	0
114	1	23	0	His	True	?	35	244	244	244	244	168	168	168	168
114	1	178	0	His	True	?	36	0	0	0	0	0	0	0	0
114	1	180	0	His	True	?	37	196	196	196	196	156	188	188	420
114	1	100	0	His	True	?	38	0	0	0	0	236	388	388	388
114	1	3	0	His	True	?	39	0	0	0	0	0	0	0	0
114	1	135	0	His	True	?	40	0	0	0	0	0	0	0	0
114	1	103	0	His	True	?	41	0	0	0	0	0	0	0	0
114	1	52	0	His	True	?	42	0	0	0	0	316	316	316	316
114	1	147	0	His	True	?	43	0	0	0	0	240	240	240	392
114	6	79	0	him	True	-5	1	236	236	236	236	360	360	360	360
114	6	24	0	him	True	-5	2	92	92	92	92	0	0	0	0
114	6	127	0	him	True	-5	3	284	284	284	284	0	0	0	0
114	6	74	0	him	True	-5	4	140	140	140	140	0	0	0	0
114	6	121	0	him	True	-5	5	424	424	424	424	0	0	0	0
114	6	75	0	him	True	-5	6	0	0	0	0	256	256	256	256
114	6	52	0	him	True	-5	7	244	244	244	244	0	0	0	0
114	6	195	0	him	True	-5	8	0	0	0	0	296	296	296	296
114	6	48	0	him	True	-5	10	160	160	160	160	0	0	0	0
114	6	121	0	him	True	-5	11	228	228	228	228	0	0	0	0
114	6	128	0	him	True	-5	12	0	0	0	0	0	0	0	0
114	6	161	0	him	True	-5	13	160	160	160	160	0	0	0	0
114	6	76	0	him	True	-5	14	0	0	0	0	244	244	244	244
114	6	127	0	him	True	-5	15	292	292	292	584	0	0	0	0
114	6	135	0	him	True	-5	16	208	348	348	348	172	172	172	172
114	6	6	0	him	True	-5	17	0	0	0	0	316	316	316	316
114	6	158	0	him	True	-5	18	0	0	0	0	224	224	224	224
114	6	12	0	him	True	-5	19	120	120	120	120	208	208	208	208
114	6	147	0	him	True	-5	20	76	76	76	324	0	0	0	0
114	6	33	0	him	True	-5	21	0	0	0	0	184	184	184	184
114	6	132	0	him	True	-5	22	200	200	200	200	0	0	0	0
114	6	205	0	him	True	-5	23	220	220	220	220	232	232	232	232
114	6	147	0	him	True	-5	24	312	312	312	312	0	0	0	0
114	6	101	0	him	True	-5	25	0	0	0	0	208	208	208	208
114	6	67	0	him	True	-5	27	240	240	240	548	304	304	304	304
114	6	170	0	him	True	-5	28	268	268	268	268	136	136	136	136
114	6	167	0	him	True	-5	29	0	0	0	0	164	164	164	164
114	6	170	0	him	True	-5	30	320	320	320	320	256	256	256	256
114	6	150	0	him	True	-5	31	164	164	164	164	0	0	0	0
114	6	135	0	him	True	-5	32	300	300	300	300	0	0	0	0
114	6	51	0	him	True	-5	33	196	324	324	324	0	0	0	0
114	6	11	0	him	True	-5	34	0	0	0	0	204	204	204	204
114	6	23	0	him	True	-5	35	0	0	0	0	140	140	140	140
114	6	178	0	him	True	-5	36	216	216	216	216	0	0	0	0
114	6	180	0	him	True	-5	37	188	188	188	188	0	0	0	0
114	6	100	0	him	True	-5	38	0	0	0	0	272	272	272	364
114	6	3	0	him	True	-5	39	0	0	0	0	0	0	0	0
114	6	135	0	him	True	-5	40	0	0	0	0	0	0	0	0
114	6	103	0	him	True	-5	41	0	0	0	0	16	16	296	1460
114	6	52	0	him	True	-5	42	0	0	0	0	340	340	340	340
114	6	147	0	him	True	-5	43	232	232	232	232	180	180	180	180
114	8	79	0	they	True	-6	1	0	0	0	0	236	236	236	236
114	8	24	0	they	True	-6	2	176	176	176	176	0	0	0	0
114	8	127	0	they	True	-6	3	168	168	336	564	196	196	196	196
114	8	74	0	they	True	-6	4	132	132	132	132	168	168	168	168
114	8	121	0	they	True	-6	5	156	216	216	216	216	216	216	216
114	8	75	0	they	True	-6	6	0	0	0	0	412	412	620	828
114	8	52	0	they	True	-6	7	0	0	0	0	220	220	220	272
114	8	195	0	they	True	-6	8	276	276	276	276	204	204	204	328
114	8	48	0	they	True	-6	10	160	160	160	160	132	132	132	132
114	8	121	0	they	True	-6	11	168	168	168	168	288	288	288	288
114	8	128	0	they	True	-6	12	328	328	564	3652	0	0	0	0
114	8	161	0	they	True	-6	13	236	236	236	236	180	180	180	560
114	8	76	0	they	True	-6	14	304	304	304	304	0	0	0	0
114	8	127	0	they	True	-6	15	0	0	0	0	272	272	272	580
114	8	135	0	they	True	-6	16	216	216	216	216	268	268	268	268
114	8	6	0	they	True	-6	17	192	192	192	192	0	0	0	0
114	8	158	0	they	True	-6	18	212	212	212	212	196	348	348	348
114	8	12	0	they	True	-6	19	168	168	168	168	0	0	0	0
114	8	147	0	they	True	-6	20	200	200	200	200	140	140	140	140
114	8	33	0	they	True	-6	21	132	132	132	132	0	0	0	0
114	8	132	0	they	True	-6	22	252	252	252	252	212	212	212	212
114	8	205	0	they	True	-6	23	160	292	292	292	0	0	0	0
114	8	147	0	they	True	-6	24	136	136	136	136	184	184	720	948
114	8	101	0	they	True	-6	25	204	204	204	204	152	152	152	152
114	8	67	0	they	True	-6	27	208	208	208	208	212	212	212	212
114	8	170	0	they	True	-6	28	0	0	0	0	172	172	172	172
114	8	167	0	they	True	-6	29	208	208	208	208	0	0	0	0
114	8	170	0	they	True	-6	30	132	132	132	132	324	324	324	324
114	8	150	0	they	True	-6	31	0	0	0	0	124	124	124	240
114	8	135	0	they	True	-6	32	256	256	256	256	352	352	352	352
114	8	51	0	they	True	-6	33	92	288	288	288	60	200	344	1524
114	8	11	0	they	True	-6	34	316	316	316	480	224	224	224	224
114	8	23	0	they	True	-6	35	180	180	180	180	172	172	172	172
114	8	178	0	they	True	-6	36	0	0	0	0	176	176	176	176
114	8	180	0	they	True	-6	37	136	320	320	320	144	144	144	144
114	8	100	0	they	True	-6	38	200	200	200	200	0	0	0	0
114	8	3	0	they	True	-6	39	136	136	136	136	0	0	0	0
114	8	135	0	they	True	-6	40	140	140	140	140	0	0	0	0
114	8	103	0	they	True	-6	41	192	192	192	192	252	252	252	252
114	8	52	0	they	True	-6	42	0	0	0	0	428	428	428	428
114	8	147	0	they	True	-6	43	0	0	0	0	184	420	420	992
115	9	61	0	that	True	?	1	220	220	220	220	232	232	632	1840
115	9	169	0	that	True	?	2	184	184	184	184	168	492	492	492
115	9	109	0	that	True	?	3	264	264	264	264	208	208	208	400
115	9	38	0	that	True	?	4	160	160	160	160	352	352	352	352
115	9	79	0	that	True	?	5	0	0	0	0	244	244	244	920
115	9	33	0	that	True	?	6	0	0	0	0	308	308	308	476
115	9	185	0	that	True	?	7	0	0	0	0	116	116	292	992
115	9	79	0	that	True	?	8	0	0	0	0	412	584	584	684
115	9	164	0	that	True	?	10	176	176	176	176	216	216	588	1480
115	9	159	0	that	True	?	11	0	0	0	0	500	792	792	792
115	9	63	0	that	True	?	12	0	0	0	0	196	196	196	1536
115	9	127	0	that	True	?	13	604	604	604	604	268	268	268	364
115	9	42	0	that	True	?	14	136	136	136	136	292	292	292	292
115	9	60	0	that	True	?	15	380	380	380	380	268	268	268	508
115	9	27	0	that	True	?	16	244	244	244	244	156	656	656	1192
115	9	4	0	that	True	?	17	224	224	224	224	204	312	312	1236
115	9	98	0	that	True	?	18	0	0	0	0	196	412	412	412
115	9	98	0	that	True	?	19	344	344	344	344	160	160	160	160
115	9	28	0	that	True	?	20	0	0	0	0	296	296	400	1124
115	9	88	0	that	True	?	21	132	132	132	132	252	252	252	252
115	9	37	0	that	True	?	22	412	412	412	412	0	0	0	0
115	9	87	0	that	True	?	23	212	352	352	352	244	244	472	868
115	9	25	0	that	True	?	24	0	0	0	0	292	292	292	340
115	9	38	0	that	True	?	25	160	160	160	236	224	224	224	448
115	9	35	0	that	True	?	27	0	0	0	0	360	820	820	900
115	9	158	0	that	True	?	28	0	0	0	0	180	312	468	688
115	9	133	0	that	True	?	29	0	0	0	0	140	324	324	324
115	9	175	0	that	True	?	30	0	0	0	0	272	524	524	644
115	9	110	0	that	True	?	31	160	160	160	160	144	144	144	144
115	9	163	0	that	True	?	32	0	0	0	0	172	272	272	272
115	9	127	0	that	True	?	33	264	264	264	264	148	148	148	148
115	9	125	0	that	True	?	34	0	0	0	0	212	212	212	356
115	9	51	0	that	True	?	35	160	160	160	160	144	144	144	296
115	9	193	0	that	True	?	36	128	128	128	128	216	216	216	216
115	9	151	0	that	True	?	37	0	0	0	0	140	388	388	388
115	9	173	0	that	True	?	38	164	164	164	164	232	232	232	376
115	9	19	0	that	True	?	39	164	164	164	164	196	336	336	336
115	9	23	0	that	True	?	40	180	180	180	180	256	256	256	552
115	9	87	0	that	True	?	41	120	120	120	120	120	236	236	236
115	9	167	0	that	True	?	42	156	156	156	156	112	112	112	444
115	9	71	0	that	True	?	43	168	168	168	168	200	200	200	200
116	8	71	0	his	False	-5	1	168	168	168	168	496	496	496	496
116	8	183	0	his	False	-5	2	0	0	0	0	188	188	188	188
116	8	146	0	his	False	-5	3	0	0	0	0	224	256	256	256
116	8	136	0	his	False	-5	4	0	0	0	0	160	160	160	160
116	8	116	0	his	False	-5	5	0	0	0	0	268	268	268	268
116	8	73	0	his	False	-5	6	188	188	188	188	0	0	0	0
116	8	39	0	his	False	-5	7	0	0	0	0	192	192	192	192
116	8	184	0	his	False	-5	8	144	144	144	144	352	352	352	352
116	8	121	0	his	False	-5	10	76	76	76	76	204	204	204	204
116	8	84	0	his	False	-5	11	0	0	0	0	180	644	644	644
116	8	98	0	his	False	-5	12	0	0	0	0	176	648	648	1288
116	8	118	0	his	False	-5	13	0	0	0	0	232	232	232	324
116	8	119	0	his	False	-5	14	0	0	0	0	528	528	528	528
116	8	43	0	his	False	-5	15	184	184	184	184	320	320	320	1132
116	8	145	0	his	False	-5	16	140	140	140	140	184	184	184	184
116	8	147	0	his	False	-5	17	0	0	0	0	316	316	316	1252
116	8	56	0	his	False	-5	18	0	0	0	0	260	604	604	604
116	8	149	0	his	False	-5	19	0	0	0	0	220	748	748	2064
116	8	93	0	his	False	-5	20	0	0	0	0	460	460	460	1876
116	8	114	0	his	False	-5	21	0	0	0	0	216	216	216	216
116	8	45	0	his	False	-5	22	0	0	0	0	268	568	760	972
116	8	45	0	his	False	-5	23	0	0	0	0	188	388	388	388
116	8	53	0	his	False	-5	24	0	0	0	0	208	208	208	208
116	8	55	0	his	False	-5	25	0	0	0	0	284	436	436	436
116	8	74	0	his	False	-5	27	0	0	0	0	312	724	724	724
116	8	132	0	his	False	-5	28	0	0	0	0	200	328	328	468
116	8	170	0	his	False	-5	29	0	0	0	0	156	368	368	368
116	8	49	0	his	False	-5	30	164	164	164	164	216	216	216	216
116	8	197	0	his	False	-5	31	136	136	136	136	0	0	0	0
116	8	100	0	his	False	-5	32	0	0	0	0	140	140	140	140
116	8	87	0	his	False	-5	33	0	0	0	0	188	380	484	664
116	8	42	0	his	False	-5	34	0	0	0	0	188	188	188	188
116	8	79	0	his	False	-5	35	164	164	164	164	164	164	164	164
116	8	144	0	his	False	-5	36	0	0	0	0	0	0	0	0
116	8	19	0	his	False	-5	37	0	0	0	0	196	384	384	384
116	8	119	0	his	False	-5	38	0	0	0	0	176	176	176	176
116	8	59	0	his	False	-5	39	116	116	116	116	196	196	196	196
116	8	13	0	his	False	-5	40	0	0	0	0	132	328	328	328
116	8	89	0	his	False	-5	41	148	148	148	148	196	196	196	196
116	8	114	0	his	False	-5	42	0	0	0	0	108	108	108	108
116	8	155	0	his	False	-5	43	0	0	0	0	176	176	176	176
117	5	48	0	his	False	-4	1	0	0	0	0	184	184	184	184
117	5	46	0	his	False	-4	2	144	144	144	144	56	56	56	56
117	5	178	0	his	False	-4	3	200	200	200	200	168	280	280	280
117	5	154	0	his	False	-4	4	344	344	344	344	0	0	0	0
117	5	187	0	his	False	-4	5	228	228	228	228	184	184	184	184
117	5	110	0	his	False	-4	6	0	0	0	0	120	120	120	120
117	5	21	0	his	False	-4	7	0	0	0	0	164	164	164	164
117	5	168	0	his	False	-4	8	200	200	200	200	128	128	128	128
117	5	143	0	his	False	-4	10	128	128	128	128	152	152	152	152
117	5	117	0	his	False	-4	11	140	140	140	140	140	140	140	140
117	5	110	0	his	False	-4	12	168	168	168	168	0	0	0	0
117	5	36	0	his	False	-4	13	240	240	240	240	188	188	188	188
117	5	26	0	his	False	-4	14	0	0	0	0	0	0	0	0
117	5	168	0	his	False	-4	15	0	0	0	0	0	0	0	0
117	5	205	0	his	False	-4	16	236	236	236	236	192	192	192	192
117	5	74	0	his	False	-4	18	0	0	0	0	268	268	268	268
117	5	159	0	his	False	-4	19	236	236	236	236	144	144	144	144
117	5	100	0	his	False	-4	20	0	0	0	0	208	208	208	208
117	5	24	0	his	False	-4	21	0	0	0	0	176	176	176	176
117	5	135	0	his	False	-4	22	156	156	156	156	148	148	148	148
117	5	183	0	his	False	-4	23	144	144	144	144	224	224	224	224
117	5	5	0	his	False	-4	24	308	308	308	308	0	0	0	0
117	5	47	0	his	False	-4	25	212	212	212	212	156	156	156	156
117	5	78	0	his	False	-4	27	232	232	232	232	0	0	0	0
117	5	37	0	his	False	-4	28	164	164	288	464	0	0	0	0
117	5	85	0	his	False	-4	29	0	0	0	0	180	180	180	180
117	5	71	0	his	False	-4	30	44	384	384	416	40	40	40	484
117	5	134	0	his	False	-4	31	0	0	0	0	188	188	188	188
117	5	80	0	his	False	-4	32	268	368	368	368	0	0	0	0
117	5	26	0	his	False	-4	33	0	0	0	0	184	336	336	336
117	5	8	0	his	False	-4	34	148	148	148	148	0	0	0	0
117	5	190	0	his	False	-4	35	0	0	0	0	212	212	212	212
117	5	16	0	his	False	-4	36	172	172	172	172	0	0	0	0
117	5	107	0	his	False	-4	37	152	152	152	152	192	192	192	192
117	5	176	0	his	False	-4	38	0	0	0	0	188	188	188	188
117	5	32	0	his	False	-4	39	0	0	0	0	0	0	0	0
117	5	92	0	his	False	-4	40	0	0	0	0	0	0	0	0
117	5	108	0	his	False	-4	41	172	320	320	320	112	112	112	112
117	5	65	0	his	False	-4	42	0	0	0	0	0	0	0	0
117	5	66	0	his	False	-4	43	164	164	164	164	0	0	0	0
117	8	48	0	she	False	-1	1	164	164	164	164	180	180	180	336
117	8	46	0	she	False	-1	2	0	0	0	0	212	284	284	284
117	8	178	0	she	False	-1	3	208	208	208	208	108	108	108	108
117	8	154	0	she	False	-1	4	0	0	0	0	152	152	152	152
117	8	187	0	she	False	-1	5	0	0	0	0	0	0	0	0
117	8	110	0	she	False	-1	6	0	0	0	0	0	0	0	0
117	8	21	0	she	False	-1	7	0	0	0	0	0	0	0	0
117	8	168	0	she	False	-1	8	0	0	0	0	384	384	384	384
117	8	143	0	she	False	-1	10	56	56	56	56	180	180	180	180
117	8	117	0	she	False	-1	11	0	0	0	0	156	156	156	156
117	8	110	0	she	False	-1	12	0	0	0	0	152	152	152	152
117	8	36	0	she	False	-1	13	0	0	0	0	396	396	396	588
117	8	26	0	she	False	-1	14	148	148	148	148	0	0	0	0
117	8	168	0	she	False	-1	15	0	0	0	0	160	160	160	160
117	8	205	0	she	False	-1	16	128	128	128	128	92	92	92	92
117	8	74	0	she	False	-1	18	0	0	0	0	204	204	204	204
117	8	159	0	she	False	-1	19	188	188	188	188	0	0	0	0
117	8	100	0	she	False	-1	20	256	256	256	256	168	168	168	168
117	8	24	0	she	False	-1	21	0	0	0	0	252	252	252	252
117	8	135	0	she	False	-1	22	0	0	0	0	252	252	252	252
117	8	183	0	she	False	-1	23	0	0	0	0	180	180	180	180
117	8	5	0	she	False	-1	24	0	0	0	0	312	312	312	312
117	8	47	0	she	False	-1	25	0	0	0	0	184	184	184	184
117	8	78	0	she	False	-1	27	0	0	0	0	168	364	364	364
117	8	37	0	she	False	-1	28	0	0	0	0	188	188	188	332
117	8	85	0	she	False	-1	29	0	0	0	0	184	184	184	184
117	8	71	0	she	False	-1	30	0	0	0	0	0	0	0	0
117	8	134	0	she	False	-1	31	0	0	0	0	152	152	152	152
117	8	80	0	she	False	-1	32	0	0	0	0	200	200	200	200
117	8	26	0	she	False	-1	33	76	76	76	76	212	212	212	212
117	8	8	0	she	False	-1	34	0	0	0	0	276	276	276	276
117	8	190	0	she	False	-1	35	0	0	0	0	148	148	148	148
117	8	16	0	she	False	-1	36	0	0	0	0	0	0	0	0
117	8	107	0	she	False	-1	37	204	204	204	204	168	168	168	168
117	8	176	0	she	False	-1	38	0	0	0	0	0	0	0	0
117	8	32	0	she	False	-1	39	112	112	112	112	0	0	0	0
117	8	92	0	she	False	-1	40	0	0	0	0	208	208	208	208
117	8	108	0	she	False	-1	41	0	0	0	0	0	0	0	0
117	8	65	0	she	False	-1	42	0	0	0	0	204	204	204	204
117	8	66	0	she	False	-1	43	0	0	0	0	160	160	160	160
118	5	88	0	they	True	?	1	156	156	156	156	172	172	172	172
118	5	121	0	they	True	?	2	172	172	172	172	0	0	0	0
118	5	144	0	they	True	?	3	124	124	124	124	120	272	272	272
118	5	65	0	they	True	?	4	152	152	152	152	0	0	0	0
118	5	191	0	they	True	?	5	0	0	0	0	232	232	232	232
118	5	125	0	they	True	?	6	0	0	0	0	176	176	176	176
118	5	180	0	they	True	?	7	108	108	108	108	116	116	116	116
118	5	198	0	they	True	?	8	0	0	0	0	152	296	296	296
118	5	165	0	they	True	?	10	100	100	100	100	92	92	92	92
118	5	151	0	they	True	?	11	132	132	132	132	192	192	192	192
118	5	22	0	they	True	?	12	148	148	148	148	0	0	0	0
118	5	7	0	they	True	?	13	132	132	132	132	0	0	0	0
118	5	43	0	they	True	?	14	88	88	88	88	216	216	216	216
118	5	164	0	they	True	?	15	0	0	0	0	0	0	0	0
118	5	142	0	they	True	?	16	148	148	148	148	144	144	144	144
118	5	75	0	they	True	?	18	0	0	0	0	164	164	164	164
118	5	194	0	they	True	?	19	148	148	148	148	144	144	144	144
118	5	11	0	they	True	?	20	0	0	0	0	0	0	0	0
118	5	4	0	they	True	?	21	112	112	112	112	0	0	0	0
118	5	77	0	they	True	?	22	196	196	196	196	144	144	144	144
118	5	179	0	they	True	?	23	564	564	564	564	116	116	116	252
118	5	161	0	they	True	?	24	224	224	224	224	164	164	164	164
118	5	59	0	they	True	?	25	156	156	156	156	112	112	112	112
118	5	200	0	they	True	?	27	0	0	0	0	324	324	324	324
118	5	100	0	they	True	?	28	304	304	304	304	676	676	676	676
118	5	134	0	they	True	?	29	0	0	0	0	152	152	152	152
118	5	162	0	they	True	?	30	260	484	484	484	216	216	216	216
118	5	123	0	they	True	?	31	184	184	184	184	0	0	0	0
118	5	155	0	they	True	?	32	264	408	408	652	192	192	192	192
118	5	84	0	they	True	?	33	80	80	80	80	208	208	208	208
118	5	194	0	they	True	?	34	144	144	144	144	128	128	128	128
118	5	135	0	they	True	?	35	0	0	0	0	184	184	184	184
118	5	21	0	they	True	?	36	176	176	176	176	0	0	0	0
118	5	7	0	they	True	?	37	0	0	0	0	212	380	492	596
118	5	195	0	they	True	?	38	0	0	0	0	224	224	224	224
118	5	99	0	they	True	?	39	0	0	0	0	0	0	0	0
118	5	152	0	they	True	?	40	0	0	0	0	144	144	144	144
118	5	33	0	they	True	?	41	0	0	0	0	0	0	0	0
118	5	180	0	they	True	?	42	0	0	0	0	184	184	184	184
118	5	182	0	they	True	?	43	100	100	100	100	208	208	208	208
118	8	88	0	him	True	-7	1	264	264	264	604	0	0	0	0
118	8	121	0	him	True	-7	2	0	0	0	0	460	460	460	460
118	8	144	0	him	True	-7	3	0	0	0	0	428	428	428	428
118	8	65	0	him	True	-7	4	196	196	196	196	132	132	280	856
118	8	191	0	him	True	-7	5	0	0	0	0	224	224	224	572
118	8	125	0	him	True	-7	6	176	176	176	176	164	164	164	164
118	8	180	0	him	True	-7	7	176	244	244	1016	196	356	356	356
118	8	198	0	him	True	-7	8	0	0	0	0	244	244	244	244
118	8	165	0	him	True	-7	10	116	116	116	116	316	316	316	1268
118	8	151	0	him	True	-7	11	0	0	0	0	284	568	568	568
118	8	22	0	him	True	-7	12	0	0	0	0	344	344	344	656
118	8	7	0	him	True	-7	13	0	0	0	0	240	596	596	596
118	8	43	0	him	True	-7	14	0	0	0	0	164	164	308	500
118	8	164	0	him	True	-7	15	144	144	144	380	108	108	108	488
118	8	142	0	him	True	-7	16	0	0	0	0	304	996	996	996
118	8	75	0	him	True	-7	18	248	248	248	248	124	124	124	124
118	8	194	0	him	True	-7	19	212	212	212	344	176	176	260	1424
118	8	11	0	him	True	-7	20	264	264	264	264	60	60	500	1100
118	8	4	0	him	True	-7	21	0	0	0	0	180	180	180	408
118	8	77	0	him	True	-7	22	0	0	0	0	284	284	284	284
118	8	179	0	him	True	-7	23	60	60	60	60	236	420	972	3016
118	8	161	0	him	True	-7	24	0	0	0	0	204	204	204	536
118	8	59	0	him	True	-7	25	0	0	0	0	152	292	292	884
118	8	200	0	him	True	-7	27	184	184	184	184	100	100	100	360
118	8	100	0	him	True	-7	28	0	0	0	0	324	324	324	324
118	8	134	0	him	True	-7	29	0	0	0	0	252	472	472	472
118	8	162	0	him	True	-7	30	252	252	252	252	304	568	568	568
118	8	123	0	him	True	-7	31	0	0	0	0	136	136	136	136
118	8	155	0	him	True	-7	32	0	0	0	0	88	88	88	88
118	8	84	0	him	True	-7	33	0	0	0	0	240	240	336	1084
118	8	194	0	him	True	-7	34	148	148	148	148	192	192	192	636
118	8	135	0	him	True	-7	35	148	148	148	148	0	0	0	0
118	8	21	0	him	True	-7	36	0	0	0	0	252	252	252	1244
118	8	7	0	him	True	-7	37	216	216	216	216	88	88	88	488
118	8	195	0	him	True	-7	38	0	0	0	0	172	172	172	172
118	8	99	0	him	True	-7	39	176	176	176	176	0	0	0	0
118	8	152	0	him	True	-7	40	0	0	0	0	0	0	0	0
118	8	33	0	him	True	-7	41	0	0	0	0	232	232	232	756
118	8	180	0	him	True	-7	42	232	232	232	232	104	104	196	400
118	8	182	0	him	True	-7	43	0	0	0	0	196	344	344	344
119	5	139	0	his	False	-4	1	196	196	196	196	196	196	196	196
119	5	203	0	his	False	-4	2	0	0	0	0	156	276	276	276
119	5	139	0	his	False	-4	3	156	156	156	156	308	308	308	308
119	5	196	0	his	False	-4	4	180	180	180	180	272	272	272	272
119	5	44	0	his	False	-4	5	344	344	344	344	232	232	232	232
119	5	128	0	his	False	-4	6	212	212	212	212	0	0	0	0
119	5	79	0	his	False	-4	7	32	32	32	32	248	248	248	248
119	5	122	0	his	False	-4	8	152	152	152	152	140	140	140	140
119	5	62	0	his	False	-4	10	0	0	0	0	176	308	308	308
119	5	89	0	his	False	-4	11	140	140	140	140	200	200	200	200
119	5	140	0	his	False	-4	12	136	136	136	136	188	188	188	188
119	5	137	0	his	False	-4	13	164	164	164	164	240	240	240	240
119	5	175	0	his	False	-4	14	148	148	148	148	444	444	444	444
119	5	64	0	his	False	-4	15	168	168	168	168	220	220	220	220
119	5	3	0	his	False	-4	16	208	208	208	208	156	156	156	156
119	5	91	0	his	False	-4	17	0	0	0	0	256	256	256	256
119	5	16	0	his	False	-4	18	0	0	0	0	176	176	176	176
119	5	201	0	his	False	-4	19	172	172	172	172	96	96	96	96
119	5	41	0	his	False	-4	20	0	0	0	0	216	216	216	216
119	5	126	0	his	False	-4	21	0	0	0	0	208	208	208	208
119	5	170	0	his	False	-4	22	0	0	0	0	288	496	496	496
119	5	140	0	his	False	-4	23	160	160	160	160	180	292	796	984
119	5	47	0	his	False	-4	24	172	172	172	172	288	288	288	288
119	5	156	0	his	False	-4	25	0	0	0	0	172	476	476	476
119	5	111	0	his	False	-4	27	240	240	240	240	168	168	168	168
119	5	58	0	his	False	-4	28	296	296	296	296	152	152	556	692
119	5	181	0	his	False	-4	29	0	0	0	0	152	256	256	256
119	5	178	0	his	False	-4	30	280	280	280	280	164	472	472	472
119	5	8	0	his	False	-4	31	0	0	0	0	188	188	188	276
119	5	98	0	his	False	-4	32	0	0	0	0	164	512	512	512
119	5	73	0	his	False	-4	33	0	0	0	0	192	192	192	192
119	5	70	0	his	False	-4	34	0	0	0	0	244	412	412	412
119	5	19	0	his	False	-4	35	184	184	184	184	268	268	268	268
119	5	7	0	his	False	-4	36	0	0	0	0	268	268	268	268
119	5	53	0	his	False	-4	37	180	180	180	180	220	220	220	220
119	5	18	0	his	False	-4	38	184	184	184	184	188	188	188	188
119	5	18	0	his	False	-4	39	0	0	0	0	0	0	0	0
119	5	180	0	his	False	-4	40	0	0	0	0	220	364	364	948
119	5	143	0	his	False	-4	41	220	220	220	1084	188	188	416	604
119	5	95	0	his	False	-4	42	0	0	0	0	232	232	232	344
119	5	96	0	his	False	-4	43	172	172	172	172	156	156	156	156
119	9	139	0	his	False	-4	1	132	132	132	132	260	260	260	632
119	9	203	0	his	False	-4	2	0	0	0	0	88	88	88	88
119	9	139	0	his	False	-4	3	0	0	0	0	164	344	344	416
119	9	196	0	his	False	-4	4	0	0	0	0	132	132	132	376
119	9	44	0	his	False	-4	5	0	0	0	0	184	344	344	504
119	9	128	0	his	False	-4	6	0	0	0	0	132	132	132	132
119	9	79	0	his	False	-4	7	300	300	448	1312	0	0	0	0
119	9	122	0	his	False	-4	8	0	0	0	0	328	328	328	328
119	9	62	0	his	False	-4	10	116	116	116	116	132	132	484	1588
119	9	89	0	his	False	-4	11	0	0	0	0	580	580	580	672
119	9	140	0	his	False	-4	12	0	0	0	0	136	136	136	1068
119	9	137	0	his	False	-4	13	0	0	0	0	228	764	764	1332
119	9	175	0	his	False	-4	14	0	0	0	0	188	188	188	188
119	9	64	0	his	False	-4	15	0	0	0	0	124	124	124	552
119	9	3	0	his	False	-4	16	0	0	0	0	260	260	260	1832
119	9	91	0	his	False	-4	17	0	0	0	0	220	476	476	916
119	9	16	0	his	False	-4	18	104	104	104	300	0	0	0	0
119	9	201	0	his	False	-4	19	0	0	0	0	184	184	184	528
119	9	41	0	his	False	-4	20	144	144	144	144	228	228	444	1764
119	9	126	0	his	False	-4	21	216	216	216	216	136	136	136	136
119	9	170	0	his	False	-4	22	0	0	0	0	176	176	176	176
119	9	140	0	his	False	-4	23	0	0	0	0	204	364	552	4480
119	9	47	0	his	False	-4	24	0	0	0	0	132	132	132	308
119	9	156	0	his	False	-4	25	0	0	0	0	260	504	504	1256
119	9	111	0	his	False	-4	27	0	0	0	0	184	496	496	1548
119	9	58	0	his	False	-4	28	0	0	0	0	228	228	228	284
119	9	181	0	his	False	-4	29	0	0	0	0	164	164	164	164
119	9	178	0	his	False	-4	30	244	244	244	244	276	504	504	504
119	9	8	0	his	False	-4	31	184	184	184	184	156	156	312	808
119	9	98	0	his	False	-4	32	184	184	184	184	172	172	172	172
119	9	73	0	his	False	-4	33	180	180	180	180	212	212	212	896
119	9	70	0	his	False	-4	34	0	0	0	0	212	212	212	296
119	9	19	0	his	False	-4	35	0	0	0	0	168	168	168	168
119	9	7	0	his	False	-4	36	148	148	148	148	292	292	292	292
119	9	53	0	his	False	-4	37	0	0	0	0	140	140	140	216
119	9	18	0	his	False	-4	38	164	164	164	164	232	232	232	232
119	9	18	0	his	False	-4	39	0	0	0	0	148	148	148	604
119	9	180	0	his	False	-4	40	0	0	0	0	0	0	0	0
119	9	143	0	his	False	-4	41	0	0	0	0	228	364	364	364
119	9	95	0	his	False	-4	42	0	0	0	0	224	380	380	1056
119	9	96	0	his	False	-4	43	0	0	0	0	244	244	244	544
120	3	171	0	him	False	+3	1	148	148	148	148	340	340	340	340
120	3	57	0	him	False	+3	2	120	232	232	232	0	0	0	0
120	3	155	0	him	False	+3	3	312	312	312	312	0	0	0	0
120	3	191	0	him	False	+3	4	148	148	148	148	168	168	168	168
120	3	162	0	him	False	+3	5	188	188	188	416	156	156	156	156
120	3	103	0	him	False	+3	6	120	120	120	120	0	0	0	0
120	3	29	0	him	False	+3	7	0	0	0	0	136	136	136	212
120	3	143	0	him	False	+3	8	284	284	284	284	92	92	92	92
120	3	185	0	him	False	+3	10	132	132	132	132	0	0	0	0
120	3	66	0	him	False	+3	11	156	156	156	156	200	200	200	200
120	3	108	0	him	False	+3	12	196	196	196	196	0	0	0	0
120	3	44	0	him	False	+3	13	360	360	360	360	0	0	0	0
120	3	183	0	him	False	+3	14	0	0	0	0	236	236	236	492
120	3	138	0	him	False	+3	15	0	0	0	0	0	0	0	0
120	3	1	0	him	False	+3	16	144	344	344	344	196	196	196	196
120	3	99	0	him	False	+3	17	208	208	208	208	0	0	0	0
120	3	204	0	him	False	+3	18	248	248	248	248	0	0	0	0
120	3	122	0	him	False	+3	19	0	0	0	0	304	304	400	888
120	3	193	0	him	False	+3	20	236	236	236	236	0	0	0	0
120	3	17	0	him	False	+3	21	244	244	576	812	156	156	156	156
120	3	75	0	him	False	+3	22	312	312	312	312	108	108	108	108
120	3	51	0	him	False	+3	23	140	140	140	140	176	176	176	176
120	3	54	0	him	False	+3	24	496	496	496	644	0	0	0	0
120	3	102	0	him	False	+3	25	168	168	168	168	0	0	0	0
120	3	56	0	him	False	+3	27	0	0	0	0	200	200	200	200
120	3	166	0	him	False	+3	28	120	120	328	1100	0	0	0	0
120	3	165	0	him	False	+3	29	200	200	200	200	0	0	0	0
120	3	53	0	him	False	+3	30	372	372	372	372	204	204	204	204
120	3	5	0	him	False	+3	31	136	136	136	468	144	144	144	144
120	3	23	0	him	False	+3	32	0	0	0	0	244	244	244	408
120	3	57	0	him	False	+3	33	244	244	244	400	168	168	168	168
120	3	187	0	him	False	+3	34	0	0	0	0	0	0	0	0
120	3	183	0	him	False	+3	35	188	188	188	188	204	204	204	204
120	3	44	0	him	False	+3	36	0	0	0	0	0	0	0	0
120	3	144	0	him	False	+3	37	212	212	212	212	88	88	520	1076
120	3	6	0	him	False	+3	38	260	260	260	260	0	0	0	0
120	3	156	0	him	False	+3	39	0	0	0	0	236	236	236	364
120	3	86	0	him	False	+3	40	0	0	0	0	0	0	0	0
120	3	26	0	him	False	+3	41	0	0	0	0	0	0	0	0
120	3	59	0	him	False	+3	42	148	148	148	148	152	152	152	152
120	3	197	0	him	False	+3	43	168	168	168	168	0	0	0	0
121	10	179	1	it.	True	?	1	124	124	124	760	-999	-999	-999	-999
121	10	80	1	it.	True	?	2	152	152	152	268	-999	-999	-999	-999
121	10	65	1	it.	True	?	3	152	152	152	152	-999	-999	-999	-999
121	10	104	1	it.	True	?	4	156	156	156	156	-999	-999	-999	-999
121	10	2	1	it.	True	?	5	264	264	264	1720	-999	-999	-999	-999
121	10	13	1	it.	True	?	6	0	0	0	0	-999	-999	-999	-999
121	10	144	1	it.	True	?	7	72	72	72	764	-999	-999	-999	-999
121	10	99	1	it.	True	?	8	228	228	228	228	-999	-999	-999	-999
121	10	49	1	it.	True	?	10	188	188	188	1788	-999	-999	-999	-999
121	10	149	1	it.	True	?	11	520	520	520	520	-999	-999	-999	-999
121	10	67	1	it.	True	?	12	0	0	0	0	-999	-999	-999	-999
121	10	112	1	it.	True	?	13	396	396	396	396	-999	-999	-999	-999
121	10	51	1	it.	True	?	14	272	272	272	936	-999	-999	-999	-999
121	10	87	1	it.	True	?	15	164	164	164	164	-999	-999	-999	-999
121	10	28	1	it.	True	?	16	376	620	620	816	-999	-999	-999	-999
121	10	76	1	it.	True	?	17	0	0	0	0	-999	-999	-999	-999
121	10	146	1	it.	True	?	18	92	92	92	92	-999	-999	-999	-999
121	10	44	1	it.	True	?	19	192	192	192	1124	-999	-999	-999	-999
121	10	75	1	it.	True	?	20	108	108	108	108	-999	-999	-999	-999
121	10	53	1	it.	True	?	21	240	240	240	240	-999	-999	-999	-999
121	10	35	1	it.	True	?	22	360	360	360	360	-999	-999	-999	-999
121	10	106	1	it.	True	?	23	452	452	452	1384	-999	-999	-999	-999
121	10	117	1	it.	True	?	24	0	0	0	0	-999	-999	-999	-999
121	10	110	1	it.	True	?	25	348	348	348	348	-999	-999	-999	-999
121	10	179	1	it.	True	?	27	136	136	136	136	-999	-999	-999	-999
121	10	99	1	it.	True	?	28	140	140	468	600	-999	-999	-999	-999
121	10	62	1	it.	True	?	29	164	164	164	164	-999	-999	-999	-999
121	10	167	1	it.	True	?	30	152	152	152	152	-999	-999	-999	-999
121	10	171	1	it.	True	?	31	0	0	0	0	-999	-999	-999	-999
121	10	181	1	it.	True	?	32	0	0	0	0	-999	-999	-999	-999
121	10	44	1	it.	True	?	33	92	92	92	700	-999	-999	-999	-999
121	10	98	1	it.	True	?	34	0	0	0	0	-999	-999	-999	-999
121	10	176	1	it.	True	?	35	140	140	140	140	-999	-999	-999	-999
121	10	138	1	it.	True	?	36	0	0	0	0	-999	-999	-999	-999
121	10	79	1	it.	True	?	37	0	0	0	0	-999	-999	-999	-999
121	10	177	1	it.	True	?	38	116	116	116	116	-999	-999	-999	-999
121	10	65	1	it.	True	?	39	0	0	0	0	-999	-999	-999	-999
121	10	89	1	it.	True	?	40	228	228	228	748	-999	-999	-999	-999
121	10	189	1	it.	True	?	41	296	296	296	296	-999	-999	-999	-999
121	10	107	1	it.	True	?	42	0	0	0	0	-999	-999	-999	-999
121	10	62	1	it.	True	?	43	416	416	416	416	-999	-999	-999	-999
123	6	90	0	he	False	-5	1	0	0	0	0	172	172	172	172
123	6	108	0	he	False	-5	2	164	164	164	164	148	148	148	148
123	6	199	0	he	False	-5	3	0	0	0	0	128	300	300	300
123	6	103	0	he	False	-5	4	0	0	0	0	236	236	384	1608
123	6	182	0	he	False	-5	5	0	0	0	0	252	252	252	428
123	6	58	0	he	False	-5	6	0	0	0	0	148	148	148	148
123	6	162	0	he	False	-5	7	0	0	0	0	80	80	80	80
123	6	91	0	he	False	-5	8	200	200	200	200	0	0	0	0
123	6	24	0	he	False	-5	9	112	112	112	252	160	208	208	208
123	6	128	0	he	False	-5	10	0	0	0	0	0	0	0	0
123	6	131	0	he	False	-5	11	220	220	220	304	224	224	224	224
123	6	170	0	he	False	-5	12	0	0	0	0	196	196	196	196
123	6	119	0	he	False	-5	13	0	0	0	0	188	188	188	188
123	6	99	0	he	False	-5	14	236	236	236	360	160	160	160	160
123	6	25	0	he	False	-5	15	0	0	0	0	0	0	0	0
123	6	25	0	he	False	-5	16	152	152	152	152	200	200	200	200
123	6	51	0	he	False	-5	17	0	0	0	0	64	280	280	556
123	6	106	0	he	False	-5	18	184	184	184	184	0	0	0	0
123	6	164	0	he	False	-5	19	172	172	172	172	160	160	160	160
123	6	170	0	he	False	-5	20	128	128	128	128	0	0	0	0
123	6	94	0	he	False	-5	21	256	256	256	256	0	0	0	0
123	6	72	0	he	False	-5	22	288	288	288	540	128	284	284	284
123	6	198	0	he	False	-5	23	0	0	0	0	200	200	200	200
123	6	189	0	he	False	-5	24	0	0	0	0	140	140	140	140
123	6	107	0	he	False	-5	25	0	0	0	0	140	140	284	412
123	6	15	0	he	False	-5	27	0	0	0	0	228	228	228	228
123	6	159	0	he	False	-5	28	208	208	208	408	140	140	140	140
123	6	117	0	he	False	-5	29	264	264	264	264	0	0	0	0
123	6	44	0	he	False	-5	30	92	92	92	92	192	192	192	192
123	6	113	0	he	False	-5	31	0	0	0	0	192	192	192	192
123	6	24	0	he	False	-5	32	0	0	0	0	176	176	176	176
123	6	24	0	he	False	-5	33	140	140	312	408	136	136	136	136
123	6	201	0	he	False	-5	34	0	0	0	0	56	56	56	56
123	6	48	0	he	False	-5	35	172	172	172	172	224	224	224	224
123	6	55	0	he	False	-5	36	0	0	0	0	96	96	96	1048
123	6	123	0	he	False	-5	37	0	0	0	0	208	208	208	208
123	6	23	0	he	False	-5	38	280	280	280	280	192	192	192	192
123	6	162	0	he	False	-5	39	0	0	0	0	172	172	172	172
123	6	202	0	he	False	-5	40	28	164	164	692	0	0	0	0
123	6	138	0	he	False	-5	41	0	0	0	0	212	212	584	1552
123	6	74	0	he	False	-5	42	0	0	0	0	296	296	296	296
123	6	12	0	he	False	-5	43	80	80	80	80	160	160	160	160
123	9	90	0	his	False	-3	1	108	108	108	488	288	288	288	288
123	9	108	0	his	False	-3	2	204	204	204	384	0	0	0	0
123	9	199	0	his	False	-3	3	0	0	0	0	176	176	176	476
123	9	103	0	his	False	-3	4	0	0	0	0	404	404	404	404
123	9	182	0	his	False	-3	5	0	0	0	0	352	352	352	672
123	9	58	0	his	False	-3	6	0	0	0	0	0	0	0	0
123	9	162	0	his	False	-3	7	164	164	164	296	228	228	228	1812
123	9	91	0	his	False	-3	8	132	132	132	132	308	308	308	308
123	9	24	0	his	False	-3	9	0	0	0	0	228	468	468	1184
123	9	128	0	his	False	-3	10	0	0	0	0	280	280	280	1496
123	9	131	0	his	False	-3	11	0	0	0	0	252	428	428	428
123	9	170	0	his	False	-3	12	92	92	92	208	120	228	228	648
123	9	119	0	his	False	-3	13	0	0	0	0	316	316	316	1072
123	9	99	0	his	False	-3	14	0	0	0	0	204	204	708	916
123	9	25	0	his	False	-3	15	152	152	152	152	116	116	116	892
123	9	25	0	his	False	-3	16	172	468	468	960	0	0	0	0
123	9	51	0	his	False	-3	17	0	0	0	0	236	236	372	1660
123	9	106	0	his	False	-3	18	304	304	304	304	0	0	0	0
123	9	164	0	his	False	-3	19	80	80	184	784	0	0	0	0
123	9	170	0	his	False	-3	20	188	188	188	188	164	164	164	1668
123	9	94	0	his	False	-3	21	0	0	0	0	252	252	252	408
123	9	72	0	his	False	-3	22	312	312	312	312	204	204	204	508
123	9	198	0	his	False	-3	23	0	0	0	0	160	336	956	2344
123	9	189	0	his	False	-3	24	0	0	0	0	160	160	160	260
123	9	107	0	his	False	-3	25	0	0	0	0	184	252	252	768
123	9	15	0	his	False	-3	27	0	0	0	0	288	288	288	856
123	9	159	0	his	False	-3	28	0	0	0	0	148	148	148	924
123	9	117	0	his	False	-3	29	0	0	0	0	168	504	504	504
123	9	44	0	his	False	-3	30	0	0	0	0	256	524	524	2312
123	9	113	0	his	False	-3	31	140	140	140	140	208	208	208	208
123	9	24	0	his	False	-3	32	324	324	324	324	0	0	0	0
123	9	24	0	his	False	-3	33	364	364	1008	2844	224	224	224	532
123	9	201	0	his	False	-3	34	228	228	228	1652	0	0	0	0
123	9	48	0	his	False	-3	35	0	0	0	0	212	348	348	676
123	9	55	0	his	False	-3	36	292	292	292	480	224	224	224	452
123	9	123	0	his	False	-3	37	68	68	68	580	188	188	512	716
123	9	23	0	his	False	-3	38	240	240	240	240	188	188	188	944
123	9	162	0	his	False	-3	39	0	0	0	0	184	472	472	472
123	9	202	0	his	False	-3	40	0	0	0	0	0	0	0	0
123	9	138	0	his	False	-3	41	0	0	0	0	180	180	180	180
123	9	74	0	his	False	-3	42	92	92	376	1552	180	180	180	180
123	9	12	0	his	False	-3	43	340	340	340	340	240	240	240	240
125	8	141	0	him	False	-7	1	304	304	304	304	0	0	0	0
125	8	42	0	him	False	-7	2	172	172	172	292	144	144	144	144
125	8	42	0	him	False	-7	3	176	176	176	176	0	0	0	0
125	8	11	0	him	False	-7	4	0	0	0	0	164	164	164	164
125	8	11	0	him	False	-7	5	0	0	0	0	0	0	0	0
125	8	124	0	him	False	-7	6	0	0	0	0	460	460	460	460
125	8	87	0	him	False	-7	7	168	168	168	168	0	0	0	0
125	8	20	0	him	False	-7	8	0	0	0	0	192	192	192	192
125	8	21	0	him	False	-7	10	140	140	140	140	148	148	148	148
125	8	183	0	him	False	-7	11	0	0	0	0	212	212	212	212
125	8	87	0	him	False	-7	12	176	176	176	364	0	0	0	0
125	8	147	0	him	False	-7	13	232	232	232	232	0	0	0	0
125	8	130	0	him	False	-7	14	0	0	0	0	600	600	600	600
125	8	95	0	him	False	-7	15	164	164	164	164	0	0	0	0
125	8	60	0	him	False	-7	16	204	340	340	340	0	0	0	0
125	8	136	0	him	False	-7	17	0	0	0	0	236	236	236	236
125	8	191	0	him	False	-7	18	0	0	0	0	0	0	0	0
125	8	102	0	him	False	-7	19	180	436	436	756	0	0	0	0
125	8	53	0	him	False	-7	20	128	128	128	128	0	0	0	0
125	8	76	0	him	False	-7	21	128	128	128	128	0	0	0	0
125	8	141	0	him	False	-7	22	224	224	224	224	168	168	168	168
125	8	125	0	him	False	-7	23	192	192	192	192	0	0	0	0
125	8	157	0	him	False	-7	24	0	0	0	0	0	0	0	0
125	8	171	0	him	False	-7	25	216	216	216	216	0	0	0	0
125	8	51	0	him	False	-7	27	160	160	160	160	0	0	0	0
125	8	142	0	him	False	-7	28	0	0	0	0	180	180	180	372
125	8	194	0	him	False	-7	29	152	152	152	152	0	0	0	0
125	8	185	0	him	False	-7	30	180	180	180	180	0	0	0	0
125	8	29	0	him	False	-7	31	172	172	172	172	0	0	0	0
125	8	43	0	him	False	-7	32	0	0	0	0	192	192	192	192
125	8	77	0	him	False	-7	33	212	212	212	212	0	0	0	0
125	8	191	0	him	False	-7	34	164	164	164	164	0	0	0	0
125	8	66	0	him	False	-7	35	0	0	0	0	152	152	152	152
125	8	37	0	him	False	-7	36	0	0	0	0	0	0	0	0
125	8	5	0	him	False	-7	37	0	0	0	0	140	140	140	140
125	8	181	0	him	False	-7	38	164	164	164	164	0	0	0	0
125	8	169	0	him	False	-7	39	108	108	108	108	0	0	0	0
125	8	18	0	him	False	-7	40	0	0	0	0	124	124	124	1160
125	8	71	0	him	False	-7	41	0	0	0	0	152	152	152	152
125	8	97	0	him	False	-7	42	160	160	160	160	0	0	0	0
125	8	154	0	him	False	-7	43	0	0	0	0	268	268	268	268
126	8	105	0	his	False	-7	1	0	0	0	0	192	192	192	496
126	8	184	0	his	False	-7	2	0	0	0	0	96	304	304	304
126	8	189	0	his	False	-7	3	0	0	0	0	312	540	540	540
126	8	155	0	his	False	-7	4	0	0	0	0	180	180	180	180
126	8	97	0	his	False	-7	5	0	0	0	0	260	260	260	484
126	8	203	0	his	False	-7	6	0	0	0	0	0	0	0	0
126	8	110	0	his	False	-7	7	0	0	0	0	96	96	96	96
126	8	21	0	his	False	-7	8	0	0	0	0	172	764	764	764
126	8	186	0	his	False	-7	10	0	0	0	0	208	208	208	208
126	8	180	0	his	False	-7	11	0	0	0	0	180	324	324	324
126	8	142	0	his	False	-7	12	0	0	0	0	196	828	828	828
126	8	87	0	his	False	-7	13	248	248	248	248	88	88	88	256
126	8	50	0	his	False	-7	14	156	156	156	156	312	312	312	312
126	8	61	0	his	False	-7	15	0	0	0	0	292	292	292	292
126	8	185	0	his	False	-7	16	256	256	256	256	208	792	792	792
126	8	124	0	his	False	-7	17	1244	1244	1244	1244	0	0	0	0
126	8	95	0	his	False	-7	18	0	0	0	0	236	236	236	236
126	8	11	0	his	False	-7	19	0	0	0	0	220	340	340	340
126	8	60	0	his	False	-7	20	228	228	228	228	0	0	0	0
126	8	192	0	his	False	-7	21	0	0	0	0	244	244	244	580
126	8	113	0	his	False	-7	22	0	0	0	0	212	428	428	428
126	8	40	0	his	False	-7	23	0	0	0	0	244	528	528	528
126	8	180	0	his	False	-7	24	0	0	0	0	192	192	192	192
126	8	197	0	his	False	-7	25	0	0	0	0	184	264	264	264
126	8	106	0	his	False	-7	27	0	0	0	0	264	496	496	496
126	8	17	0	his	False	-7	28	148	148	148	148	284	284	284	284
126	8	128	0	his	False	-7	29	0	0	0	0	180	260	260	260
126	8	51	0	his	False	-7	30	0	0	0	0	204	204	516	960
126	8	102	0	his	False	-7	31	0	0	0	0	0	0	0	0
126	8	2	0	his	False	-7	32	220	220	220	220	424	424	424	424
126	8	114	0	his	False	-7	33	184	184	184	184	244	436	436	436
126	8	182	0	his	False	-7	34	0	0	0	0	256	256	256	256
126	8	120	0	his	False	-7	35	0	0	0	0	148	148	148	148
126	8	181	0	his	False	-7	36	0	0	0	0	0	0	0	0
126	8	56	0	his	False	-7	37	0	0	0	0	196	640	640	640
126	8	152	0	his	False	-7	38	0	0	0	0	208	208	208	328
126	8	137	0	his	False	-7	39	0	0	0	0	0	0	0	0
126	8	56	0	his	False	-7	40	0	0	0	0	296	296	296	296
126	8	5	0	his	False	-7	41	0	0	0	0	268	536	536	708
126	8	175	0	his	False	-7	42	148	148	148	148	304	304	304	1292
126	8	70	0	his	False	-7	43	0	0	0	0	156	156	156	156
127	1	204	0	She	True	?	1	236	320	320	320	212	212	212	212
127	1	21	0	She	True	?	2	228	484	484	484	112	112	216	448
127	1	116	0	She	True	?	3	0	0	0	0	52	512	512	512
127	1	117	0	She	True	?	4	256	256	256	256	160	160	160	160
127	1	83	0	She	True	?	5	0	0	0	0	256	256	256	256
127	1	97	0	She	True	?	6	0	0	0	0	236	236	236	236
127	1	1	0	She	True	?	7	244	244	244	244	96	96	96	96
127	1	192	0	She	True	?	8	0	0	0	0	376	376	376	376
127	1	16	0	She	True	?	10	0	0	0	0	0	0	0	0
127	1	72	0	She	True	?	11	276	276	276	276	216	216	216	216
127	1	129	0	She	True	?	12	124	124	124	124	360	360	360	608
127	1	150	0	She	True	?	13	320	320	320	320	264	264	264	264
127	1	24	0	She	True	?	14	0	0	0	0	156	492	492	492
127	1	96	0	She	True	?	15	32	32	32	32	208	208	208	208
127	1	12	0	She	True	?	16	0	0	0	0	36	36	212	460
127	1	151	0	She	True	?	17	0	0	0	0	364	364	364	364
127	1	113	0	She	True	?	18	0	0	0	0	240	240	240	240
127	1	138	0	She	True	?	19	268	268	268	268	136	136	136	136
127	1	153	0	She	True	?	20	236	236	236	236	0	0	0	0
127	1	14	0	She	True	?	21	0	0	0	0	236	340	340	340
127	1	80	0	She	True	?	22	0	0	0	0	136	136	304	512
127	1	191	0	She	True	?	23	0	0	0	0	172	172	172	624
127	1	201	0	She	True	?	24	0	0	0	0	328	328	328	328
127	1	6	0	She	True	?	25	0	0	0	0	0	0	0	0
127	1	84	0	She	True	?	27	0	0	0	0	0	0	0	0
127	1	15	0	She	True	?	28	0	0	0	0	0	0	0	0
127	1	109	0	She	True	?	29	192	192	192	192	164	164	164	164
127	1	179	0	She	True	?	30	312	312	312	312	352	628	628	628
127	1	21	0	She	True	?	31	264	264	264	264	180	180	180	180
127	1	33	0	She	True	?	32	24	364	364	364	180	180	180	180
127	1	39	0	She	True	?	33	0	0	0	0	248	408	408	408
127	1	180	0	She	True	?	34	272	272	272	272	428	656	656	656
127	1	171	0	She	True	?	35	164	164	164	164	236	236	236	236
127	1	105	0	She	True	?	36	0	0	0	0	224	224	224	224
127	1	164	0	She	True	?	37	0	0	0	0	204	204	204	204
127	1	191	0	She	True	?	38	40	40	40	40	180	372	372	372
127	1	1	0	She	True	?	39	240	240	240	240	0	0	0	0
127	1	125	0	She	True	?	40	0	0	0	0	0	0	0	0
127	1	175	0	She	True	?	41	0	0	0	0	0	0	0	0
127	1	169	0	She	True	?	42	32	272	272	272	312	312	312	312
127	1	99	0	She	True	?	43	0	0	0	0	240	392	392	392
127	7	204	0	she	True	-6	1	196	196	488	960	180	180	180	180
127	7	21	0	she	True	-6	2	0	0	0	0	152	152	408	660
127	7	116	0	she	True	-6	3	156	304	304	304	168	252	252	252
127	7	117	0	she	True	-6	4	188	188	188	188	280	280	280	280
127	7	83	0	she	True	-6	5	196	196	196	196	176	176	176	176
127	7	97	0	she	True	-6	6	0	0	0	0	172	172	172	172
127	7	1	0	she	True	-6	7	112	112	112	112	0	0	0	0
127	7	192	0	she	True	-6	8	264	456	456	456	200	200	200	200
127	7	16	0	she	True	-6	10	0	0	0	0	132	132	132	132
127	7	72	0	she	True	-6	11	180	244	244	396	168	168	168	168
127	7	129	0	she	True	-6	12	144	144	144	144	140	140	140	140
127	7	150	0	she	True	-6	13	196	196	196	196	260	260	260	260
127	7	24	0	she	True	-6	14	212	212	212	212	232	416	416	416
127	7	96	0	she	True	-6	15	0	0	0	0	132	132	132	132
127	7	12	0	she	True	-6	16	160	160	160	160	148	148	148	148
127	7	151	0	she	True	-6	17	268	268	268	268	244	244	244	244
127	7	113	0	she	True	-6	18	252	252	252	252	0	0	0	0
127	7	138	0	she	True	-6	19	308	308	308	412	116	248	248	248
127	7	153	0	she	True	-6	20	0	0	0	0	224	224	224	224
127	7	14	0	she	True	-6	21	0	0	0	0	268	268	268	268
127	7	80	0	she	True	-6	22	0	0	0	0	200	496	496	496
127	7	191	0	she	True	-6	23	172	172	172	172	84	84	300	1060
127	7	201	0	she	True	-6	24	236	236	236	236	136	136	136	136
127	7	6	0	she	True	-6	25	0	0	0	0	128	128	128	128
127	7	84	0	she	True	-6	27	240	508	508	508	140	140	140	140
127	7	15	0	she	True	-6	28	188	632	632	632	156	156	156	156
127	7	109	0	she	True	-6	29	0	0	0	0	156	404	404	404
127	7	179	0	she	True	-6	30	252	428	536	788	176	316	316	316
127	7	21	0	she	True	-6	31	0	0	0	0	156	156	156	248
127	7	33	0	she	True	-6	32	116	116	116	328	248	248	248	248
127	7	39	0	she	True	-6	33	236	236	236	236	184	184	184	444
127	7	180	0	she	True	-6	34	0	0	0	0	312	312	312	312
127	7	171	0	she	True	-6	35	168	168	168	168	196	196	196	196
127	7	105	0	she	True	-6	36	204	204	204	204	0	0	0	0
127	7	164	0	she	True	-6	37	152	152	152	264	160	160	160	160
127	7	191	0	she	True	-6	38	0	0	0	0	176	348	348	348
127	7	1	0	she	True	-6	39	0	0	0	0	96	96	96	96
127	7	125	0	she	True	-6	40	0	0	0	0	156	156	156	156
127	7	175	0	she	True	-6	41	312	312	504	684	164	164	164	164
127	7	169	0	she	True	-6	42	288	288	288	288	184	184	184	184
127	7	99	0	she	True	-6	43	208	208	208	208	188	188	188	188
129	6	168	0	he	False	-5	1	0	0	0	0	140	140	140	312
129	6	182	0	he	False	-5	2	120	120	120	120	0	0	0	0
129	6	131	0	he	False	-5	3	148	272	272	452	0	0	0	0
129	6	168	0	he	False	-5	4	0	0	0	0	176	176	176	176
129	6	156	0	he	False	-5	5	0	0	0	0	0	0	0	0
129	6	26	0	he	False	-5	6	0	0	0	0	144	144	144	144
129	6	130	0	he	False	-5	7	0	0	0	0	0	0	0	0
129	6	85	0	he	False	-5	8	228	228	228	228	200	200	200	200
129	6	134	0	he	False	-5	10	0	0	0	0	160	160	160	160
129	6	142	0	he	False	-5	11	204	204	204	204	72	72	72	72
129	6	144	0	he	False	-5	12	0	0	0	0	0	0	0	0
129	6	109	0	he	False	-5	13	0	0	0	0	212	212	212	212
129	6	36	0	he	False	-5	14	144	144	144	144	0	0	0	0
129	6	62	0	he	False	-5	15	148	148	148	148	0	0	0	0
129	6	67	0	he	False	-5	16	80	80	80	80	0	0	0	0
129	6	118	0	he	False	-5	17	0	0	0	0	116	116	116	116
129	6	38	0	he	False	-5	18	0	0	0	0	0	0	0	0
129	6	54	0	he	False	-5	19	172	172	172	172	0	0	0	0
129	6	127	0	he	False	-5	20	0	0	0	0	0	0	0	0
129	6	25	0	he	False	-5	21	0	0	0	0	216	216	216	216
129	6	94	0	he	False	-5	22	0	0	0	0	180	180	180	180
129	6	172	0	he	False	-5	23	148	148	148	148	160	160	160	160
129	6	120	0	he	False	-5	24	208	208	208	208	0	0	0	0
129	6	105	0	he	False	-5	25	0	0	0	0	216	216	216	216
129	6	89	0	he	False	-5	27	284	284	284	284	0	0	0	0
129	6	120	0	he	False	-5	28	0	0	0	0	176	176	176	176
129	6	150	0	he	False	-5	29	188	188	188	188	124	124	124	124
129	6	34	0	he	False	-5	30	440	440	440	440	0	0	0	0
129	6	153	0	he	False	-5	31	0	0	0	0	128	128	128	128
129	6	11	0	he	False	-5	32	264	264	264	264	116	300	300	300
129	6	93	0	he	False	-5	33	0	0	0	0	196	196	196	196
129	6	10	0	he	False	-5	34	0	0	0	0	160	160	160	160
129	6	155	0	he	False	-5	35	204	204	204	204	0	0	0	0
129	6	119	0	he	False	-5	36	0	0	0	0	0	0	0	0
129	6	46	0	he	False	-5	37	136	136	136	136	188	188	188	188
129	6	202	0	he	False	-5	38	220	220	220	220	0	0	0	0
129	6	143	0	he	False	-5	39	0	0	0	0	0	0	0	0
129	6	149	0	he	False	-5	40	0	0	0	0	0	0	0	0
129	6	38	0	he	False	-5	41	388	388	388	388	0	0	0	0
129	6	41	0	he	False	-5	42	0	0	0	0	244	244	476	1360
129	6	185	0	he	False	-5	43	0	0	0	0	136	136	136	136
130	6	35	0	her	False	+1	1	0	0	0	0	132	132	484	664
130	6	188	0	her	False	+1	2	0	0	0	0	188	188	188	336
130	6	8	0	her	False	+1	3	136	348	348	348	276	276	556	872
130	6	203	0	her	False	+1	4	164	164	164	164	180	180	180	180
130	6	171	0	her	False	+1	5	200	200	200	200	176	176	176	176
130	6	18	0	her	False	+1	6	0	0	0	0	172	172	172	172
130	6	189	0	her	False	+1	7	140	140	140	140	112	112	112	312
130	6	61	0	her	False	+1	8	0	0	0	0	200	200	200	200
130	6	32	0	her	False	+1	10	196	196	196	196	140	140	140	140
130	6	57	0	her	False	+1	11	136	136	136	136	216	216	216	372
130	6	81	0	her	False	+1	12	280	280	280	280	104	104	104	104
130	6	157	0	her	False	+1	13	0	0	0	0	172	172	172	172
130	6	190	0	her	False	+1	14	0	0	0	0	208	208	208	208
130	6	12	0	her	False	+1	15	172	172	172	172	144	144	144	144
130	6	83	0	her	False	+1	16	164	164	164	164	180	180	180	180
130	6	54	0	her	False	+1	18	0	0	0	0	328	328	328	328
130	6	37	0	her	False	+1	19	208	208	208	208	0	0	0	0
130	6	103	0	her	False	+1	20	0	0	0	0	216	216	216	216
130	6	167	0	her	False	+1	21	0	0	0	0	248	248	248	336
130	6	114	0	her	False	+1	22	0	0	0	0	160	160	160	160
130	6	47	0	her	False	+1	23	296	296	296	296	272	616	616	616
130	6	20	0	her	False	+1	24	0	0	0	0	180	180	180	348
130	6	147	0	her	False	+1	25	148	148	148	284	140	304	460	660
130	6	37	0	her	False	+1	27	280	280	280	584	200	200	200	200
130	6	141	0	her	False	+1	28	172	172	172	748	152	152	152	308
130	6	104	0	her	False	+1	29	164	164	164	356	160	160	160	160
130	6	24	0	her	False	+1	30	280	280	280	280	288	288	288	288
130	6	129	0	her	False	+1	31	0	0	0	0	156	156	156	156
130	6	152	0	her	False	+1	32	0	0	0	0	240	292	292	492
130	6	79	0	her	False	+1	33	0	0	0	0	152	312	312	312
130	6	40	0	her	False	+1	34	172	172	172	172	164	164	164	164
130	6	39	0	her	False	+1	35	160	160	160	160	168	168	168	168
130	6	133	0	her	False	+1	36	0	0	0	0	236	236	236	400
130	6	93	0	her	False	+1	37	356	356	356	356	232	232	572	980
130	6	58	0	her	False	+1	38	0	0	0	0	336	336	336	336
130	6	165	0	her	False	+1	39	256	256	432	900	0	0	0	0
130	6	119	0	her	False	+1	40	0	0	0	0	164	164	164	164
130	6	142	0	her	False	+1	41	216	216	216	216	232	232	232	232
130	6	163	0	her	False	+1	42	0	0	0	0	196	196	360	836
130	6	187	0	her	False	+1	43	208	208	208	208	232	232	232	232
131	1	115	0	He	True	?	1	292	292	292	292	180	180	180	180
131	1	90	0	He	True	?	2	188	188	188	188	172	172	172	172
131	1	154	0	He	True	?	3	0	0	0	0	340	520	520	520
131	1	108	0	He	True	?	4	0	0	0	0	0	0	0	0
131	1	173	0	He	True	?	5	180	180	180	180	0	0	0	0
131	1	151	0	He	True	?	6	0	0	0	0	208	312	312	312
131	1	97	0	He	True	?	7	100	100	100	100	128	220	220	220
131	1	142	0	He	True	?	8	48	48	48	48	252	252	252	252
131	1	17	0	He	True	?	10	0	0	0	0	232	348	348	348
131	1	141	0	He	True	?	11	288	288	288	288	156	156	156	156
131	1	136	0	He	True	?	12	0	0	0	0	164	164	164	164
131	1	99	0	He	True	?	13	320	320	320	320	180	180	180	180
131	1	184	0	He	True	?	14	0	0	0	0	556	916	916	916
131	1	42	0	He	True	?	15	0	0	0	0	248	248	248	248
131	1	107	0	He	True	?	16	0	0	0	0	284	500	500	500
131	1	55	0	He	True	?	17	0	0	0	0	336	336	336	336
131	1	174	0	He	True	?	18	0	0	0	0	316	316	316	316
131	1	139	0	He	True	?	19	268	268	268	268	136	136	136	136
131	1	74	0	He	True	?	20	0	0	0	0	236	376	376	376
131	1	170	0	He	True	?	21	0	0	0	0	216	328	328	328
131	1	153	0	He	True	?	22	0	0	0	0	284	716	716	716
131	1	146	0	He	True	?	23	0	0	0	0	100	348	348	348
131	1	141	0	He	True	?	24	232	232	232	232	140	140	140	140
131	1	78	0	He	True	?	25	44	44	44	44	264	264	264	264
131	1	189	0	He	True	?	27	0	0	0	0	124	336	336	336
131	1	121	0	He	True	?	28	328	328	328	328	360	512	512	512
131	1	26	0	He	True	?	29	0	0	0	0	0	0	0	0
131	1	28	0	He	True	?	30	0	0	0	0	300	540	540	540
131	1	92	0	He	True	?	31	0	0	0	0	312	312	312	312
131	1	113	0	He	True	?	32	408	408	408	408	408	948	948	948
131	1	167	0	He	True	?	33	240	240	240	240	188	188	188	188
131	1	196	0	He	True	?	34	0	0	0	0	216	216	216	216
131	1	61	0	He	True	?	35	228	228	228	228	140	140	140	140
131	1	147	0	He	True	?	36	0	0	0	0	136	136	136	136
131	1	163	0	He	True	?	37	0	0	0	0	156	156	156	156
131	1	109	0	He	True	?	38	0	0	0	0	268	384	384	384
131	1	33	0	He	True	?	39	0	0	0	0	0	0	0	0
131	1	138	0	He	True	?	40	0	0	0	0	0	0	0	0
131	1	120	0	He	True	?	41	0	0	0	0	0	0	0	0
131	1	191	0	He	True	?	42	124	272	272	272	136	136	136	136
131	1	2	0	He	True	?	43	324	324	324	324	140	140	140	140
132	1	130	0	He	True	?	1	0	0	0	0	252	424	424	424
132	1	129	0	He	True	?	2	228	228	228	228	80	80	80	80
132	1	140	0	He	True	?	3	0	0	0	0	228	440	440	440
132	1	158	0	He	True	?	4	0	0	0	0	0	0	0	0
132	1	145	0	He	True	?	5	0	0	0	0	0	0	0	0
132	1	63	0	He	True	?	6	0	0	0	0	200	200	200	200
132	1	182	0	He	True	?	7	220	220	220	220	128	128	128	128
132	1	161	0	He	True	?	8	0	0	0	0	308	308	308	308
132	1	132	0	He	True	?	10	84	84	84	84	300	300	300	300
132	1	8	0	He	True	?	11	160	288	288	288	140	140	140	140
132	1	29	0	He	True	?	12	0	0	0	0	0	0	0	0
132	1	48	0	He	True	?	13	252	252	252	252	156	156	156	156
132	1	18	0	He	True	?	14	0	0	0	0	84	424	424	424
132	1	79	0	He	True	?	15	240	240	240	240	0	0	0	0
132	1	69	0	He	True	?	16	0	0	0	0	256	400	400	400
132	1	200	0	He	True	?	18	0	0	0	0	272	272	272	272
132	1	134	0	He	True	?	19	268	268	268	268	68	68	68	68
132	1	190	0	He	True	?	20	0	0	0	0	236	236	236	236
132	1	105	0	He	True	?	21	0	0	0	0	0	0	0	0
132	1	143	0	He	True	?	22	0	0	0	0	248	472	472	472
132	1	6	0	He	True	?	23	0	0	0	0	312	524	524	524
132	1	84	0	He	True	?	24	0	0	0	0	212	212	212	212
132	1	48	0	He	True	?	25	52	52	52	52	212	336	336	336
132	1	75	0	He	True	?	27	0	0	0	0	116	400	400	400
132	1	85	0	He	True	?	28	0	0	0	0	220	492	492	492
132	1	28	0	He	True	?	29	0	0	0	0	0	0	0	0
132	1	136	0	He	True	?	30	0	0	0	0	324	540	540	540
132	1	59	0	He	True	?	31	60	60	60	60	168	288	288	288
132	1	190	0	He	True	?	32	228	228	228	228	228	228	228	228
132	1	48	0	He	True	?	33	236	236	236	236	56	144	144	144
132	1	24	0	He	True	?	34	0	0	0	0	272	272	272	272
132	1	134	0	He	True	?	35	0	0	0	0	288	288	288	288
132	1	24	0	He	True	?	36	24	24	24	24	0	0	0	0
132	1	47	0	He	True	?	37	208	208	208	208	124	204	204	204
132	1	94	0	He	True	?	38	236	236	236	236	180	180	180	180
132	1	147	0	He	True	?	39	0	0	0	0	240	240	240	912
132	1	134	0	He	True	?	40	0	0	0	0	0	0	0	0
132	1	130	0	He	True	?	41	0	0	0	0	412	412	412	412
132	1	17	0	He	True	?	42	0	0	0	0	292	424	424	424
132	1	192	0	He	True	?	43	0	0	0	0	300	436	436	436
132	3	130	0	his	True	-2	1	152	152	152	152	192	192	192	192
132	3	129	0	his	True	-2	2	96	96	96	96	168	168	168	168
132	3	140	0	his	True	-2	3	144	316	316	316	0	0	0	0
132	3	158	0	his	True	-2	4	0	0	0	0	0	0	0	0
132	3	145	0	his	True	-2	5	0	0	0	0	268	268	300	680
132	3	63	0	his	True	-2	6	0	0	0	0	120	120	120	120
132	3	182	0	his	True	-2	7	0	0	0	0	132	132	156	224
132	3	161	0	his	True	-2	8	200	200	200	200	144	144	144	144
132	3	132	0	his	True	-2	10	0	0	0	0	212	212	212	212
132	3	8	0	his	True	-2	11	156	156	156	156	232	232	232	232
132	3	29	0	his	True	-2	12	332	332	332	332	248	248	248	248
132	3	48	0	his	True	-2	13	176	176	176	176	0	0	0	0
132	3	18	0	his	True	-2	14	0	0	0	0	212	328	328	328
132	3	79	0	his	True	-2	15	140	140	140	140	0	0	0	0
132	3	69	0	his	True	-2	16	204	204	204	204	188	188	188	188
132	3	200	0	his	True	-2	18	0	0	0	0	212	212	212	212
132	3	134	0	his	True	-2	19	184	184	184	380	156	156	156	156
132	3	190	0	his	True	-2	20	172	172	172	172	168	168	168	168
132	3	105	0	his	True	-2	21	0	0	0	0	0	0	0	0
132	3	143	0	his	True	-2	22	308	308	308	308	140	140	140	140
132	3	6	0	his	True	-2	23	140	308	308	308	200	364	364	364
132	3	84	0	his	True	-2	24	180	180	180	180	180	180	180	180
132	3	48	0	his	True	-2	25	152	152	152	152	260	260	260	260
132	3	75	0	his	True	-2	27	0	0	0	0	324	436	436	436
132	3	85	0	his	True	-2	28	424	424	424	424	336	336	336	336
132	3	28	0	his	True	-2	29	0	0	0	0	0	0	0	0
132	3	136	0	his	True	-2	30	296	296	296	296	68	68	68	68
132	3	59	0	his	True	-2	31	0	0	0	0	192	192	192	192
132	3	190	0	his	True	-2	32	208	208	208	208	160	160	160	160
132	3	48	0	his	True	-2	33	0	0	0	0	172	172	172	312
132	3	24	0	his	True	-2	34	196	196	196	196	192	192	192	192
132	3	134	0	his	True	-2	35	172	172	172	172	208	208	208	208
132	3	24	0	his	True	-2	36	136	136	136	136	0	0	0	0
132	3	47	0	his	True	-2	37	144	144	144	144	164	164	164	164
132	3	94	0	his	True	-2	38	0	0	0	0	216	216	216	216
132	3	147	0	his	True	-2	39	0	0	0	0	192	192	192	192
132	3	134	0	his	True	-2	40	0	0	0	0	0	0	0	0
132	3	130	0	his	True	-2	41	244	276	276	276	0	0	0	0
132	3	17	0	his	True	-2	42	0	0	0	0	216	216	216	216
132	3	192	0	his	True	-2	43	252	252	252	252	0	0	0	0
133	1	175	0	He	True	?	1	228	228	228	228	128	508	508	508
133	1	156	0	He	True	?	2	184	184	184	184	0	0	0	0
133	1	69	0	He	True	?	3	0	0	0	0	404	404	404	404
133	1	202	0	He	True	?	4	0	0	0	0	332	332	332	332
133	1	149	0	He	True	?	5	288	288	288	288	0	0	0	0
133	1	167	0	He	True	?	6	0	0	0	0	0	0	0	0
133	1	171	0	He	True	?	7	0	0	0	0	156	156	156	156
133	1	29	0	He	True	?	8	0	0	0	0	400	400	400	400
133	1	192	0	He	True	?	10	0	0	0	0	276	448	448	448
133	1	107	0	He	True	?	11	268	268	268	268	136	136	136	136
133	1	187	0	He	True	?	12	0	0	0	0	232	232	232	488
133	1	194	0	He	True	?	13	360	360	360	360	488	488	488	488
133	1	89	0	He	True	?	14	0	0	0	0	0	0	0	0
133	1	165	0	He	True	?	15	0	0	0	0	236	236	236	236
133	1	108	0	He	True	?	16	0	0	0	0	168	168	316	460
133	1	51	0	He	True	?	18	0	0	0	0	264	336	336	336
133	1	203	0	He	True	?	19	0	0	0	0	28	276	276	276
133	1	40	0	He	True	?	20	0	0	0	0	0	0	0	0
133	1	97	0	He	True	?	21	0	0	0	0	0	0	0	0
133	1	130	0	He	True	?	22	0	0	0	0	76	480	480	480
133	1	166	0	He	True	?	23	0	0	0	0	236	564	564	564
133	1	37	0	He	True	?	24	248	248	248	248	212	212	212	212
133	1	203	0	He	True	?	25	0	0	0	0	264	424	424	424
133	1	130	0	He	True	?	27	0	0	0	0	424	424	424	424
133	1	80	0	He	True	?	28	0	0	0	0	0	0	0	0
133	1	66	0	He	True	?	29	0	0	0	0	0	0	0	0
133	1	137	0	He	True	?	30	0	0	0	0	256	520	520	520
133	1	44	0	He	True	?	31	40	40	40	40	228	352	352	352
133	1	130	0	He	True	?	32	0	0	0	0	228	348	548	684
133	1	112	0	He	True	?	33	248	248	248	248	164	164	164	164
133	1	110	0	He	True	?	34	0	0	0	0	352	352	352	352
133	1	32	0	He	True	?	35	0	0	0	0	252	408	408	408
133	1	201	0	He	True	?	36	0	0	0	0	0	0	0	0
133	1	29	0	He	True	?	37	188	188	188	188	164	312	312	312
133	1	204	0	He	True	?	38	0	0	0	0	260	348	348	348
133	1	37	0	He	True	?	39	0	0	0	0	248	332	332	332
133	1	59	0	He	True	?	40	0	0	0	0	204	204	204	204
133	1	178	0	He	True	?	41	0	0	0	0	0	0	0	0
133	1	20	0	He	True	?	42	0	0	0	0	248	248	248	332
133	1	88	0	He	True	?	43	0	0	0	0	244	244	244	396
133	3	175	0	his	True	-2	1	172	172	172	172	160	160	160	160
133	3	156	0	his	True	-2	2	0	0	0	0	120	120	436	788
133	3	69	0	his	True	-2	3	180	180	356	460	244	244	244	244
133	3	202	0	his	True	-2	4	160	160	160	160	156	156	156	156
133	3	149	0	his	True	-2	5	264	264	264	264	76	272	272	272
133	3	167	0	his	True	-2	6	240	240	240	240	120	120	120	120
133	3	171	0	his	True	-2	7	164	164	164	164	188	188	188	188
133	3	29	0	his	True	-2	8	204	204	204	204	128	128	128	448
133	3	192	0	his	True	-2	10	124	124	124	124	136	136	136	136
133	3	107	0	his	True	-2	11	144	144	144	144	288	288	288	288
133	3	187	0	his	True	-2	12	296	296	296	296	0	0	0	0
133	3	194	0	his	True	-2	13	0	0	0	0	208	208	208	208
133	3	89	0	his	True	-2	14	248	248	248	504	192	192	192	220
133	3	165	0	his	True	-2	15	0	0	0	0	172	172	172	172
133	3	108	0	his	True	-2	16	192	192	192	192	168	168	168	168
133	3	51	0	his	True	-2	18	0	0	0	0	164	164	164	164
133	3	203	0	his	True	-2	19	212	280	280	280	152	152	152	152
133	3	40	0	his	True	-2	20	96	96	228	568	148	148	148	148
133	3	97	0	his	True	-2	21	216	216	216	348	144	264	264	264
133	3	130	0	his	True	-2	22	0	0	0	0	212	368	368	368
133	3	166	0	his	True	-2	23	184	184	184	184	284	284	284	284
133	3	37	0	his	True	-2	24	184	184	184	184	180	180	180	180
133	3	203	0	his	True	-2	25	156	156	156	156	168	244	244	244
133	3	130	0	his	True	-2	27	0	0	0	0	200	200	200	200
133	3	80	0	his	True	-2	28	0	0	0	0	0	0	0	0
133	3	66	0	his	True	-2	29	0	0	0	0	268	268	268	628
133	3	137	0	his	True	-2	30	188	480	480	480	72	72	72	72
133	3	44	0	his	True	-2	31	0	0	0	0	160	160	160	160
133	3	130	0	his	True	-2	32	220	220	220	220	208	208	208	208
133	3	112	0	his	True	-2	33	184	184	184	184	148	148	148	148
133	3	110	0	his	True	-2	34	276	564	564	564	0	0	0	0
133	3	32	0	his	True	-2	35	188	188	188	188	208	208	208	208
133	3	201	0	his	True	-2	36	216	216	216	216	0	0	0	0
133	3	29	0	his	True	-2	37	220	220	220	220	112	256	256	256
133	3	204	0	his	True	-2	38	0	0	0	0	260	260	260	260
133	3	37	0	his	True	-2	39	0	0	0	0	144	144	144	1004
133	3	59	0	his	True	-2	40	44	44	184	372	56	56	56	56
133	3	178	0	his	True	-2	41	0	0	0	0	0	0	0	0
133	3	20	0	his	True	-2	42	0	0	0	0	196	196	196	196
133	3	88	0	his	True	-2	43	160	160	160	160	152	152	152	152
133	7	175	0	she	True	-3	1	220	220	220	220	404	404	404	404
133	7	156	0	she	True	-3	2	208	208	208	208	152	152	152	152
133	7	69	0	she	True	-3	3	200	200	200	200	192	332	332	332
133	7	202	0	she	True	-3	4	180	180	180	180	208	208	208	208
133	7	149	0	she	True	-3	5	280	280	280	280	324	324	324	480
133	7	167	0	she	True	-3	6	0	0	0	0	0	0	0	0
133	7	171	0	she	True	-3	7	0	0	0	0	196	196	196	196
133	7	29	0	she	True	-3	8	248	248	248	248	160	160	160	160
133	7	192	0	she	True	-3	10	0	0	0	0	280	280	280	280
133	7	107	0	she	True	-3	11	124	124	124	124	76	76	76	76
133	7	187	0	she	True	-3	12	148	148	148	148	140	140	140	140
133	7	194	0	she	True	-3	13	0	0	0	0	312	312	312	312
133	7	89	0	she	True	-3	14	132	132	132	132	212	212	212	212
133	7	165	0	she	True	-3	15	100	100	100	100	0	0	0	0
133	7	108	0	she	True	-3	16	160	360	360	360	228	228	228	228
133	7	51	0	she	True	-3	18	0	0	0	0	224	224	224	224
133	7	203	0	she	True	-3	19	172	172	172	172	132	132	132	132
133	7	40	0	she	True	-3	20	140	140	140	140	0	0	0	0
133	7	97	0	she	True	-3	21	160	160	160	160	156	156	156	156
133	7	130	0	she	True	-3	22	184	184	184	184	208	208	208	208
133	7	166	0	she	True	-3	23	196	348	348	348	396	464	604	776
133	7	37	0	she	True	-3	24	172	172	172	172	232	232	324	476
133	7	203	0	she	True	-3	25	200	200	200	200	204	204	204	204
133	7	130	0	she	True	-3	27	168	304	304	304	280	364	364	364
133	7	80	0	she	True	-3	28	316	316	316	316	236	236	236	236
133	7	66	0	she	True	-3	29	184	184	184	184	204	204	204	204
133	7	137	0	she	True	-3	30	0	0	0	0	436	600	600	600
133	7	44	0	she	True	-3	31	0	0	0	0	164	164	164	164
133	7	130	0	she	True	-3	32	184	332	332	332	184	184	184	184
133	7	112	0	she	True	-3	33	180	180	180	180	200	200	200	200
133	7	110	0	she	True	-3	34	148	148	148	148	0	0	0	0
133	7	32	0	she	True	-3	35	280	280	280	280	228	228	228	228
133	7	201	0	she	True	-3	36	156	156	156	156	0	0	0	0
133	7	29	0	she	True	-3	37	160	288	288	288	104	104	104	104
133	7	204	0	she	True	-3	38	0	0	0	0	216	216	216	216
133	7	37	0	she	True	-3	39	0	0	0	0	0	0	0	0
133	7	59	0	she	True	-3	40	0	0	0	0	156	156	156	156
133	7	178	0	she	True	-3	41	232	232	372	1220	200	200	200	200
133	7	20	0	she	True	-3	42	88	88	88	400	156	156	156	188
133	7	88	0	she	True	-3	43	132	132	132	132	196	196	196	196
133	10	175	0	his	True	-7	1	284	284	284	284	200	364	364	1072
133	10	156	0	his	True	-7	2	156	256	256	256	0	0	0	0
133	10	69	0	his	True	-7	3	176	176	176	176	144	360	360	360
133	10	202	0	his	True	-7	4	188	188	188	188	544	544	544	544
133	10	149	0	his	True	-7	5	328	328	328	328	212	376	376	376
133	10	167	0	his	True	-7	6	0	0	0	0	280	280	280	280
133	10	171	0	his	True	-7	7	188	188	188	516	64	64	64	1436
133	10	29	0	his	True	-7	8	388	388	388	2752	192	192	192	192
133	10	192	0	his	True	-7	10	168	168	168	168	208	208	444	1528
133	10	107	0	his	True	-7	11	200	200	200	428	324	324	324	456
133	10	187	0	his	True	-7	12	0	0	0	0	192	192	192	1524
133	10	194	0	his	True	-7	13	248	248	248	248	428	428	428	820
133	10	89	0	his	True	-7	14	336	336	336	336	204	204	204	204
133	10	165	0	his	True	-7	15	0	0	0	0	184	184	304	1032
133	10	108	0	his	True	-7	16	284	284	284	284	268	604	604	1212
133	10	51	0	his	True	-7	18	220	416	416	416	0	0	0	0
133	10	203	0	his	True	-7	19	228	228	228	1040	0	0	0	0
133	10	40	0	his	True	-7	20	0	0	0	0	232	232	428	1568
133	10	97	0	his	True	-7	21	0	0	0	0	144	144	144	320
133	10	130	0	his	True	-7	22	284	284	284	284	0	0	0	0
133	10	166	0	his	True	-7	23	160	160	160	160	132	444	444	444
133	10	37	0	his	True	-7	24	0	0	0	0	208	208	388	1436
133	10	203	0	his	True	-7	25	140	140	140	420	212	212	212	448
133	10	130	0	his	True	-7	27	0	0	0	0	240	552	552	1136
133	10	80	0	his	True	-7	28	192	192	192	376	432	644	644	644
133	10	66	0	his	True	-7	29	0	0	0	0	140	292	292	504
133	10	137	0	his	True	-7	30	0	0	0	0	240	240	784	1808
133	10	44	0	his	True	-7	31	132	132	132	132	0	0	0	0
133	10	130	0	his	True	-7	32	256	256	256	256	152	152	152	152
133	10	112	0	his	True	-7	33	0	0	0	0	212	212	212	212
133	10	110	0	his	True	-7	34	0	0	0	0	0	0	0	0
133	10	32	0	his	True	-7	35	0	0	0	0	364	364	364	676
133	10	201	0	his	True	-7	36	0	0	0	0	220	220	220	220
133	10	29	0	his	True	-7	37	176	176	176	176	132	368	368	1688
133	10	204	0	his	True	-7	38	204	204	204	204	376	376	376	376
133	10	37	0	his	True	-7	39	0	0	0	0	0	0	0	0
133	10	59	0	his	True	-7	40	156	156	156	156	68	100	100	812
133	10	178	0	his	True	-7	41	168	256	256	256	184	184	184	184
133	10	20	0	his	True	-7	42	48	48	48	48	232	232	332	1220
133	10	88	0	his	True	-7	43	0	0	0	0	156	156	156	580
134	1	34	0	He	True	?	1	60	312	312	312	0	0	0	0
134	1	15	0	He	True	?	2	0	0	0	0	240	572	572	572
134	1	46	0	He	True	?	3	240	240	240	240	140	276	276	276
134	1	121	0	He	True	?	4	0	0	0	0	320	320	320	320
134	1	137	0	He	True	?	5	184	184	184	184	0	0	0	0
134	1	159	0	He	True	?	6	120	120	120	120	144	144	144	144
134	1	11	0	He	True	?	7	244	244	244	244	0	0	0	0
134	1	58	0	He	True	?	8	0	0	0	0	0	0	0	0
134	1	104	0	He	True	?	10	0	0	0	0	0	0	0	0
134	1	27	0	He	True	?	11	256	256	256	256	144	144	144	144
134	1	13	0	He	True	?	12	0	0	0	0	0	0	0	0
134	1	56	0	He	True	?	13	256	400	400	400	0	0	0	0
134	1	191	0	He	True	?	14	0	0	0	0	244	356	356	356
134	1	21	0	He	True	?	15	0	0	0	0	0	0	0	0
134	1	166	0	He	True	?	16	248	248	248	248	200	200	200	200
134	1	124	0	He	True	?	18	0	0	0	0	72	304	304	304
134	1	45	0	He	True	?	19	0	0	0	0	24	264	264	264
134	1	186	0	He	True	?	20	0	0	0	0	244	244	244	244
134	1	140	0	He	True	?	21	0	0	0	0	240	240	240	240
134	1	67	0	He	True	?	22	380	380	380	380	0	0	0	0
134	1	4	0	He	True	?	23	312	312	312	312	188	188	188	188
134	1	22	0	He	True	?	24	0	0	0	0	252	380	380	380
134	1	111	0	He	True	?	25	0	0	0	0	0	0	0	0
134	1	157	0	He	True	?	27	72	72	72	72	428	428	428	428
134	1	143	0	He	True	?	28	0	0	0	0	40	40	276	524
134	1	141	0	He	True	?	29	136	136	136	136	148	148	148	148
134	1	183	0	He	True	?	30	0	0	0	0	300	1832	1832	1832
134	1	26	0	He	True	?	31	76	76	76	76	188	188	188	188
134	1	103	0	He	True	?	32	224	224	224	224	252	252	252	252
134	1	158	0	He	True	?	33	244	244	244	244	176	176	176	176
134	1	120	0	He	True	?	34	248	248	248	248	0	0	0	0
134	1	13	0	He	True	?	35	204	204	204	204	204	204	204	204
134	1	67	0	He	True	?	36	0	0	0	0	0	0	0	0
134	1	111	0	He	True	?	37	0	0	0	0	224	344	344	344
134	1	121	0	He	True	?	38	32	32	32	32	324	324	324	324
134	1	27	0	He	True	?	39	0	0	0	0	0	0	0	0
134	1	29	0	He	True	?	40	0	0	0	0	232	568	568	568
134	1	131	0	He	True	?	41	0	0	0	0	0	0	0	0
134	1	199	0	He	True	?	42	128	128	128	128	192	192	192	192
134	1	60	0	He	True	?	43	0	0	0	0	280	312	312	312
135	1	107	0	His	True	?	1	268	268	268	268	220	428	428	428
135	1	176	0	His	True	?	2	232	232	232	232	56	56	56	56
135	1	176	0	His	True	?	3	136	420	420	420	128	128	128	128
135	1	186	0	His	True	?	4	0	0	0	0	420	420	420	420
135	1	61	0	His	True	?	5	0	0	0	0	0	0	0	0
135	1	24	0	His	True	?	6	200	200	200	200	164	164	164	164
135	1	139	0	His	True	?	7	84	84	84	84	156	388	484	612
135	1	178	0	His	True	?	8	0	0	0	0	384	384	384	384
135	1	4	0	His	True	?	10	244	244	244	244	252	252	252	252
135	1	29	0	His	True	?	11	240	500	500	500	0	0	0	0
135	1	193	0	His	True	?	12	248	500	500	500	188	188	188	188
135	1	107	0	His	True	?	13	304	304	304	304	224	224	224	224
135	1	164	0	His	True	?	14	0	0	0	0	284	424	424	424
135	1	4	0	His	True	?	15	0	0	0	0	308	404	404	404
135	1	72	0	His	True	?	16	284	368	368	368	132	132	132	132
135	1	125	0	His	True	?	17	0	0	0	0	260	508	508	508
135	1	31	0	His	True	?	18	0	0	0	0	0	0	0	0
135	1	195	0	His	True	?	19	276	276	276	276	128	128	128	128
135	1	99	0	His	True	?	20	0	0	0	0	316	440	440	440
135	1	11	0	His	True	?	21	0	0	0	0	200	400	400	400
135	1	60	0	His	True	?	22	0	0	0	0	32	32	232	548
135	1	17	0	His	True	?	23	0	0	0	0	664	664	664	860
135	1	77	0	His	True	?	24	0	0	0	0	316	316	316	484
135	1	164	0	His	True	?	25	0	0	0	0	212	624	624	624
135	1	205	0	His	True	?	27	0	0	0	0	388	388	388	388
135	1	84	0	His	True	?	28	0	0	0	0	0	0	0	0
135	1	127	0	His	True	?	29	208	208	208	208	288	288	288	288
135	1	130	0	His	True	?	30	0	0	0	0	212	212	316	908
135	1	162	0	His	True	?	31	0	0	0	0	252	368	368	368
135	1	93	0	His	True	?	32	228	348	348	348	260	260	260	260
135	1	40	0	His	True	?	33	260	260	260	260	88	88	256	420
135	1	154	0	His	True	?	34	312	312	312	312	180	180	180	180
135	1	172	0	His	True	?	35	0	0	0	0	0	0	0	0
135	1	158	0	His	True	?	36	0	0	0	0	196	196	196	196
135	1	145	0	His	True	?	37	0	0	0	0	188	508	508	508
135	1	104	0	His	True	?	38	0	0	0	0	272	272	272	472
135	1	86	0	His	True	?	39	0	0	0	0	0	0	0	0
135	1	50	0	His	True	?	40	0	0	0	0	188	324	324	496
135	1	137	0	His	True	?	41	0	0	0	0	0	0	0	0
135	1	178	0	His	True	?	42	276	276	276	276	124	124	124	124
135	1	128	0	His	True	?	43	0	0	0	0	64	268	268	468
135	6	107	0	he	True	-5	1	0	0	0	0	152	152	152	256
135	6	176	0	he	True	-5	2	224	224	224	224	156	156	156	156
135	6	176	0	he	True	-5	3	160	160	160	160	76	76	76	76
135	6	186	0	he	True	-5	4	0	0	0	0	156	156	156	156
135	6	61	0	he	True	-5	5	120	120	120	120	0	0	0	0
135	6	24	0	he	True	-5	6	160	160	160	160	0	0	0	0
135	6	139	0	he	True	-5	7	204	204	332	516	104	104	104	104
135	6	178	0	he	True	-5	8	0	0	0	0	204	592	592	592
135	6	4	0	he	True	-5	10	0	0	0	0	108	108	108	108
135	6	29	0	he	True	-5	11	132	132	132	132	144	144	144	144
135	6	193	0	he	True	-5	12	236	236	236	236	272	272	272	272
135	6	107	0	he	True	-5	13	0	0	0	0	192	192	192	192
135	6	164	0	he	True	-5	14	168	168	272	428	320	320	320	320
135	6	4	0	he	True	-5	15	0	0	0	0	124	124	124	124
135	6	72	0	he	True	-5	16	0	0	0	0	132	132	132	132
135	6	125	0	he	True	-5	17	168	168	168	168	112	112	112	112
135	6	31	0	he	True	-5	18	0	0	0	0	124	124	280	1044
135	6	195	0	he	True	-5	19	0	0	0	0	132	132	132	132
135	6	99	0	he	True	-5	20	164	164	164	164	0	0	0	0
135	6	11	0	he	True	-5	21	120	120	120	120	136	136	136	136
135	6	60	0	he	True	-5	22	0	0	0	0	252	252	252	252
135	6	17	0	he	True	-5	23	224	224	224	224	120	280	280	280
135	6	77	0	he	True	-5	24	0	0	0	0	268	268	268	268
135	6	164	0	he	True	-5	25	176	176	176	176	184	184	184	184
135	6	205	0	he	True	-5	27	0	0	0	0	212	212	212	212
135	6	84	0	he	True	-5	28	0	0	0	0	224	224	392	1840
135	6	127	0	he	True	-5	29	0	0	0	0	224	224	224	224
135	6	130	0	he	True	-5	30	312	312	312	312	264	264	264	264
135	6	162	0	he	True	-5	31	0	0	0	0	152	152	152	152
135	6	93	0	he	True	-5	32	0	0	0	0	228	228	228	228
135	6	40	0	he	True	-5	33	0	0	0	0	192	192	192	192
135	6	154	0	he	True	-5	34	0	0	0	0	204	204	204	204
135	6	172	0	he	True	-5	35	296	296	532	1536	184	184	184	184
135	6	158	0	he	True	-5	36	160	160	160	160	136	136	136	136
135	6	145	0	he	True	-5	37	124	124	124	124	116	116	116	116
135	6	104	0	he	True	-5	38	152	152	152	152	0	0	0	0
135	6	86	0	he	True	-5	39	0	0	0	0	152	152	152	152
135	6	50	0	he	True	-5	40	144	208	340	600	260	260	260	260
135	6	137	0	he	True	-5	41	0	0	0	0	0	0	0	0
135	6	178	0	he	True	-5	42	164	164	164	164	184	184	184	184
135	6	128	0	he	True	-5	43	0	0	0	0	104	252	252	252
136	4	25	0	he	False	-3	1	172	172	172	172	200	200	472	632
136	4	140	0	he	False	-3	2	0	0	0	0	144	144	144	144
136	4	73	0	he	False	-3	3	288	556	556	556	148	332	644	892
136	4	27	0	he	False	-3	4	148	148	148	148	0	0	0	0
136	4	124	0	he	False	-3	5	0	0	0	0	184	184	184	184
136	4	87	0	he	False	-3	6	0	0	0	0	136	136	136	136
136	4	114	0	he	False	-3	7	0	0	0	0	268	268	268	268
136	4	64	0	he	False	-3	8	0	0	0	0	224	224	224	224
136	4	168	0	he	False	-3	10	0	0	0	0	176	292	292	292
136	4	62	0	he	False	-3	11	148	148	148	148	124	124	124	124
136	4	82	0	he	False	-3	12	0	0	0	0	184	184	184	184
136	4	130	0	he	False	-3	13	196	196	196	196	216	216	216	216
136	4	35	0	he	False	-3	14	0	0	0	0	260	336	336	336
136	4	50	0	he	False	-3	15	0	0	0	0	260	260	400	612
136	4	171	0	he	False	-3	16	232	232	232	232	192	192	192	192
136	4	15	0	he	False	-3	17	0	0	0	0	288	288	288	288
136	4	42	0	he	False	-3	18	0	0	0	0	200	200	200	200
136	4	141	0	he	False	-3	19	92	92	92	92	168	168	168	168
136	4	48	0	he	False	-3	20	0	0	0	0	124	252	252	252
136	4	58	0	he	False	-3	21	144	144	144	144	136	136	136	136
136	4	123	0	he	False	-3	22	0	0	0	0	256	504	504	504
136	4	21	0	he	False	-3	23	160	304	444	624	24	24	24	24
136	4	124	0	he	False	-3	24	268	268	268	268	124	124	124	124
136	4	185	0	he	False	-3	25	192	192	192	192	168	168	168	168
136	4	44	0	he	False	-3	27	244	244	244	244	0	0	0	0
136	4	144	0	he	False	-3	28	0	0	0	0	188	188	188	332
136	4	186	0	he	False	-3	29	0	0	0	0	296	296	296	296
136	4	25	0	he	False	-3	30	252	252	252	252	164	164	164	164
136	4	199	0	he	False	-3	31	0	0	0	0	172	172	172	172
136	4	112	0	he	False	-3	32	0	0	0	0	184	384	384	384
136	4	190	0	he	False	-3	33	176	176	368	836	180	180	180	180
136	4	199	0	he	False	-3	34	232	232	232	232	156	156	156	156
136	4	24	0	he	False	-3	35	0	0	0	0	216	216	216	216
136	4	154	0	he	False	-3	36	0	0	0	0	192	192	192	192
136	4	117	0	he	False	-3	37	0	0	0	0	184	248	248	248
136	4	34	0	he	False	-3	38	0	0	0	0	192	340	340	340
136	4	60	0	he	False	-3	39	184	184	184	184	412	412	536	1104
136	4	132	0	he	False	-3	40	0	0	0	0	36	104	104	104
136	4	169	0	he	False	-3	41	0	0	0	0	224	224	360	1192
136	4	16	0	he	False	-3	42	0	0	0	0	176	176	176	176
136	4	72	0	he	False	-3	43	92	92	92	92	208	208	208	208
136	7	25	0	his	False	-3	1	252	252	252	252	420	420	420	420
136	7	140	0	his	False	-3	2	0	0	0	0	204	204	204	204
136	7	73	0	his	False	-3	3	204	204	204	204	220	220	220	220
136	7	27	0	his	False	-3	4	200	200	200	200	180	180	180	180
136	7	124	0	his	False	-3	5	96	96	96	412	204	204	204	204
136	7	87	0	his	False	-3	6	0	0	0	0	184	184	184	184
136	7	114	0	his	False	-3	7	0	0	0	0	144	144	144	144
136	7	64	0	his	False	-3	8	184	184	364	564	140	140	140	140
136	7	168	0	his	False	-3	10	0	0	0	0	236	236	236	236
136	7	62	0	his	False	-3	11	0	0	0	0	160	160	160	160
136	7	82	0	his	False	-3	12	0	0	0	0	168	356	356	356
136	7	130	0	his	False	-3	13	0	0	0	0	264	264	264	264
136	7	35	0	his	False	-3	14	0	0	0	0	268	268	268	380
136	7	50	0	his	False	-3	15	0	0	0	0	160	160	160	160
136	7	171	0	his	False	-3	16	0	0	0	0	156	444	444	444
136	7	15	0	his	False	-3	17	0	0	0	0	332	332	332	332
136	7	42	0	his	False	-3	18	0	0	0	0	368	368	368	508
136	7	141	0	his	False	-3	19	180	180	180	180	112	196	196	196
136	7	48	0	his	False	-3	20	148	148	148	148	168	168	168	168
136	7	58	0	his	False	-3	21	0	0	0	0	304	476	476	476
136	7	123	0	his	False	-3	22	0	0	0	0	356	356	356	356
136	7	21	0	his	False	-3	23	180	180	180	180	444	444	624	1312
136	7	124	0	his	False	-3	24	0	0	0	0	248	248	248	540
136	7	185	0	his	False	-3	25	0	0	0	0	184	260	260	260
136	7	44	0	his	False	-3	27	152	152	152	152	160	160	160	160
136	7	144	0	his	False	-3	28	0	0	0	0	208	208	208	576
136	7	186	0	his	False	-3	29	0	0	0	0	192	192	192	456
136	7	25	0	his	False	-3	30	316	316	316	316	376	376	520	736
136	7	199	0	his	False	-3	31	152	152	152	152	288	288	288	288
136	7	112	0	his	False	-3	32	0	0	0	0	208	208	428	664
136	7	190	0	his	False	-3	33	156	284	284	284	92	92	92	92
136	7	199	0	his	False	-3	34	0	0	0	0	112	324	324	324
136	7	24	0	his	False	-3	35	160	160	160	160	248	248	248	248
136	7	154	0	his	False	-3	36	0	0	0	0	0	0	0	0
136	7	117	0	his	False	-3	37	136	136	312	776	136	136	136	136
136	7	34	0	his	False	-3	38	0	0	0	0	248	416	416	416
136	7	60	0	his	False	-3	39	152	152	152	152	72	72	72	72
136	7	132	0	his	False	-3	40	0	0	0	0	176	268	268	268
136	7	169	0	his	False	-3	41	0	0	0	0	344	344	344	344
136	7	16	0	his	False	-3	42	0	0	0	0	220	220	220	220
136	7	72	0	his	False	-3	43	0	0	0	0	184	184	184	184
137	6	192	0	his	False	-5	1	132	132	132	132	240	240	240	240
137	6	17	0	his	False	-5	2	132	132	132	240	0	0	0	0
137	6	6	0	his	False	-5	3	200	200	200	200	440	440	440	440
137	6	171	0	his	False	-5	4	0	0	0	0	212	212	212	212
137	6	198	0	his	False	-5	5	260	260	260	260	296	296	296	296
137	6	2	0	his	False	-5	6	164	164	164	164	0	0	0	0
137	6	109	0	his	False	-5	7	0	0	0	0	196	196	196	196
137	6	194	0	his	False	-5	8	264	264	264	264	0	0	0	0
137	6	120	0	his	False	-5	10	172	172	172	172	132	132	132	132
137	6	22	0	his	False	-5	11	188	188	188	188	112	112	112	112
137	6	96	0	his	False	-5	12	176	176	176	176	0	0	0	0
137	6	25	0	his	False	-5	13	136	136	136	136	0	0	0	0
137	6	103	0	his	False	-5	14	256	256	256	256	132	132	132	132
137	6	140	0	his	False	-5	15	176	176	176	176	84	84	84	84
137	6	129	0	his	False	-5	16	216	216	216	216	192	192	192	192
137	6	32	0	his	False	-5	17	260	260	260	260	124	124	124	124
137	6	149	0	his	False	-5	18	208	208	208	208	0	0	0	0
137	6	107	0	his	False	-5	19	132	132	132	132	164	164	164	164
137	6	199	0	his	False	-5	20	0	0	0	0	172	172	172	172
137	6	87	0	his	False	-5	21	132	132	132	132	0	0	0	0
137	6	149	0	his	False	-5	22	184	184	184	184	172	172	172	172
137	6	136	0	his	False	-5	23	468	468	468	468	208	208	208	208
137	6	163	0	his	False	-5	24	264	396	396	396	140	140	140	140
137	6	66	0	his	False	-5	25	200	200	200	200	268	268	268	268
137	6	88	0	his	False	-5	27	192	264	264	612	64	64	64	64
137	6	38	0	his	False	-5	28	240	396	396	396	168	168	168	168
137	6	197	0	his	False	-5	29	0	0	0	0	176	176	176	176
137	6	73	0	his	False	-5	30	192	192	192	192	300	608	608	608
137	6	47	0	his	False	-5	31	0	0	0	0	196	196	196	196
137	6	65	0	his	False	-5	32	212	212	212	212	200	200	200	200
137	6	197	0	his	False	-5	33	120	120	276	444	0	0	0	0
137	6	130	0	his	False	-5	34	164	164	164	164	172	172	172	172
137	6	43	0	his	False	-5	35	184	184	184	184	156	156	156	156
137	6	140	0	his	False	-5	36	0	0	0	0	176	176	176	176
137	6	149	0	his	False	-5	37	192	320	320	320	172	172	172	172
137	6	72	0	his	False	-5	38	0	0	0	0	160	160	160	160
137	6	81	0	his	False	-5	39	220	364	364	364	0	0	0	0
137	6	66	0	his	False	-5	40	0	0	0	0	192	192	192	436
137	6	184	0	his	False	-5	41	224	224	224	224	0	0	0	0
137	6	13	0	his	False	-5	42	140	140	140	140	0	0	0	0
137	6	41	0	his	False	-5	43	172	172	172	172	0	0	0	0
137	10	192	0	his	False	-4	1	680	680	680	1692	312	444	444	444
137	10	17	0	his	False	-4	2	160	160	160	356	128	128	128	708
137	10	6	0	his	False	-4	3	236	444	444	444	232	232	408	2072
137	10	171	0	his	False	-4	4	172	172	172	172	144	284	284	532
137	10	198	0	his	False	-4	5	0	0	0	0	232	232	232	896
137	10	2	0	his	False	-4	6	156	156	156	456	0	0	0	0
137	10	109	0	his	False	-4	7	96	96	256	800	164	164	164	476
137	10	194	0	his	False	-4	8	288	288	288	288	0	0	0	0
137	10	120	0	his	False	-4	10	92	92	92	92	200	232	232	1252
137	10	22	0	his	False	-4	11	0	0	0	0	332	664	664	752
137	10	96	0	his	False	-4	12	292	292	292	292	252	536	536	2212
137	10	25	0	his	False	-4	13	0	0	0	0	416	416	416	416
137	10	103	0	his	False	-4	14	240	744	744	744	0	0	0	0
137	10	140	0	his	False	-4	15	240	836	836	836	0	0	0	0
137	10	129	0	his	False	-4	16	180	424	424	424	428	428	428	540
137	10	32	0	his	False	-4	17	0	0	0	0	264	264	264	968
137	10	149	0	his	False	-4	18	0	0	0	0	76	76	76	76
137	10	107	0	his	False	-4	19	188	188	188	188	52	52	52	1212
137	10	199	0	his	False	-4	20	236	236	236	236	132	132	132	1068
137	10	87	0	his	False	-4	21	0	0	0	0	212	424	424	424
137	10	149	0	his	False	-4	22	0	0	0	0	328	564	564	564
137	10	136	0	his	False	-4	23	0	0	0	0	236	556	556	556
137	10	163	0	his	False	-4	24	0	0	0	0	244	244	244	1192
137	10	66	0	his	False	-4	25	0	0	0	0	228	532	532	1056
137	10	88	0	his	False	-4	27	316	316	316	316	212	212	212	212
137	10	38	0	his	False	-4	28	152	152	560	748	232	232	232	232
137	10	197	0	his	False	-4	29	220	220	220	220	132	256	256	256
137	10	73	0	his	False	-4	30	0	0	0	0	276	276	276	276
137	10	47	0	his	False	-4	31	156	156	156	156	160	160	160	160
137	10	65	0	his	False	-4	32	252	252	252	252	224	224	224	320
137	10	197	0	his	False	-4	33	224	324	324	324	0	0	0	0
137	10	130	0	his	False	-4	34	260	260	260	260	464	464	464	464
137	10	43	0	his	False	-4	35	0	0	0	0	172	252	252	252
137	10	140	0	his	False	-4	36	0	0	0	0	300	300	520	4256
137	10	149	0	his	False	-4	37	516	516	516	640	104	104	104	104
137	10	72	0	his	False	-4	38	248	248	248	248	204	204	204	204
137	10	81	0	his	False	-4	39	232	232	232	232	160	160	316	3160
137	10	66	0	his	False	-4	40	132	132	132	132	172	820	820	1652
137	10	184	0	his	False	-4	41	148	148	148	148	204	204	204	388
137	10	13	0	his	False	-4	42	240	240	240	1796	0	0	0	0
137	10	41	0	his	False	-4	43	0	0	0	0	380	380	380	380
138	7	120	0	her	False	-2	1	224	224	224	224	292	548	548	548
138	7	157	0	her	False	-2	2	0	0	0	0	160	160	160	280
138	7	107	0	her	False	-2	3	196	196	196	196	168	168	168	168
138	7	165	0	her	False	-2	4	224	224	224	224	256	256	256	256
138	7	53	0	her	False	-2	5	0	0	0	0	204	204	204	204
138	7	74	0	her	False	-2	6	216	216	216	456	136	136	136	136
138	7	166	0	her	False	-2	7	0	0	0	0	108	108	108	108
138	7	77	0	her	False	-2	8	0	0	0	0	296	296	296	296
138	7	46	0	her	False	-2	10	0	0	0	0	180	180	180	180
138	7	59	0	her	False	-2	11	160	160	160	160	124	124	124	124
138	7	118	0	her	False	-2	12	448	448	448	448	336	540	540	540
138	7	73	0	her	False	-2	13	0	0	0	0	148	148	148	148
138	7	77	0	her	False	-2	14	0	0	0	0	228	228	228	228
138	7	201	0	her	False	-2	15	228	228	228	228	0	0	0	0
138	7	80	0	her	False	-2	16	208	208	208	208	344	460	460	460
138	7	37	0	her	False	-2	17	132	132	132	132	0	0	0	0
138	7	157	0	her	False	-2	18	204	204	204	204	244	244	244	244
138	7	24	0	her	False	-2	19	224	224	224	1428	228	312	312	312
138	7	39	0	her	False	-2	20	96	96	244	1208	0	0	0	0
138	7	159	0	her	False	-2	21	168	168	168	268	124	124	124	124
138	7	25	0	her	False	-2	22	248	248	248	2024	280	280	280	280
138	7	89	0	her	False	-2	23	252	252	252	252	208	384	384	384
138	7	36	0	her	False	-2	24	0	0	0	0	168	168	168	168
138	7	21	0	her	False	-2	25	0	0	0	0	168	168	396	604
138	7	16	0	her	False	-2	27	180	180	180	180	152	152	152	152
138	7	19	0	her	False	-2	28	268	268	268	268	156	156	156	156
138	7	54	0	her	False	-2	29	0	0	0	0	412	412	412	412
138	7	33	0	her	False	-2	30	212	212	212	212	308	308	308	308
138	7	99	0	her	False	-2	31	172	172	172	172	0	0	0	0
138	7	164	0	her	False	-2	32	168	168	168	168	220	220	220	220
138	7	173	0	her	False	-2	33	156	336	336	336	172	172	172	172
138	7	106	0	her	False	-2	34	192	192	192	192	0	0	0	0
138	7	138	0	her	False	-2	35	180	180	180	180	0	0	0	0
138	7	82	0	her	False	-2	36	0	0	0	0	292	324	324	324
138	7	14	0	her	False	-2	37	216	216	216	216	140	140	140	220
138	7	27	0	her	False	-2	38	0	0	0	0	220	388	388	388
138	7	100	0	her	False	-2	39	76	76	76	76	232	232	232	232
138	7	128	0	her	False	-2	40	0	0	0	0	68	68	264	508
138	7	86	0	her	False	-2	41	0	0	0	0	24	24	440	2452
138	7	187	0	her	False	-2	42	136	136	136	300	164	164	164	164
138	7	124	0	her	False	-2	43	0	0	0	0	184	184	184	184
138	10	120	0	his	False	-9	1	264	264	264	264	396	396	396	1696
138	10	157	0	his	False	-9	2	0	0	0	0	192	192	192	484
138	10	107	0	his	False	-9	3	156	156	712	828	0	0	0	0
138	10	165	0	his	False	-9	4	196	196	196	760	0	0	0	0
138	10	53	0	his	False	-9	5	168	168	168	168	76	76	76	2072
138	10	74	0	his	False	-9	6	216	216	216	216	192	192	192	192
138	10	166	0	his	False	-9	7	132	132	400	2252	0	0	0	0
138	10	77	0	his	False	-9	8	252	536	536	536	0	0	0	0
138	10	46	0	his	False	-9	10	192	192	680	2124	0	0	0	0
138	10	59	0	his	False	-9	11	272	596	596	596	292	292	292	292
138	10	118	0	his	False	-9	12	116	116	116	116	272	272	272	2912
138	10	73	0	his	False	-9	13	196	196	196	416	200	400	400	524
138	10	77	0	his	False	-9	14	316	316	316	316	216	216	520	1084
138	10	201	0	his	False	-9	15	188	188	188	576	124	124	124	464
138	10	80	0	his	False	-9	16	344	344	344	1896	0	0	0	0
138	10	37	0	his	False	-9	17	0	0	0	0	324	324	324	1032
138	10	157	0	his	False	-9	18	392	392	392	392	288	288	288	288
138	10	24	0	his	False	-9	19	188	188	188	188	256	256	256	1880
138	10	39	0	his	False	-9	20	0	0	0	0	248	248	576	2892
138	10	159	0	his	False	-9	21	136	136	136	136	304	304	304	304
138	10	25	0	his	False	-9	22	0	0	0	0	300	632	632	632
138	10	89	0	his	False	-9	23	328	328	328	328	192	508	1496	7004
138	10	36	0	his	False	-9	24	0	0	0	0	200	200	320	3760
138	10	21	0	his	False	-9	25	168	168	168	168	156	280	708	1308
138	10	16	0	his	False	-9	27	348	348	348	348	164	444	444	704
138	10	19	0	his	False	-9	28	196	196	352	496	372	372	372	372
138	10	54	0	his	False	-9	29	0	0	0	0	168	352	352	352
138	10	33	0	his	False	-9	30	0	0	0	0	296	296	296	1068
138	10	99	0	his	False	-9	31	0	0	0	0	216	216	216	216
138	10	164	0	his	False	-9	32	140	140	140	140	196	196	196	196
138	10	173	0	his	False	-9	33	164	164	164	164	232	232	232	232
138	10	106	0	his	False	-9	34	0	0	0	0	176	176	176	364
138	10	138	0	his	False	-9	35	0	0	0	0	172	280	280	636
138	10	82	0	his	False	-9	36	0	0	0	0	224	224	424	660
138	10	14	0	his	False	-9	37	196	196	196	196	120	316	316	992
138	10	27	0	his	False	-9	38	452	648	648	860	0	0	0	0
138	10	100	0	his	False	-9	39	0	0	0	0	316	360	360	1488
138	10	128	0	his	False	-9	40	276	276	276	812	0	0	0	0
138	10	86	0	his	False	-9	41	236	236	236	236	156	156	156	952
138	10	187	0	his	False	-9	42	108	108	344	928	0	0	0	0
138	10	124	0	his	False	-9	43	372	372	372	372	252	252	252	252
139	7	197	0	his	False	-6	1	172	172	172	328	240	240	240	240
139	7	195	0	his	False	-6	2	184	184	184	184	164	164	164	164
139	7	15	0	his	False	-6	3	0	0	0	0	224	488	488	488
139	7	29	0	his	False	-6	4	136	284	284	284	180	180	180	180
139	7	142	0	his	False	-6	5	0	0	0	0	220	220	220	220
139	7	16	0	his	False	-6	6	0	0	0	0	232	232	232	232
139	7	174	0	his	False	-6	7	180	180	180	180	0	0	0	0
139	7	78	0	his	False	-6	8	220	360	360	360	0	0	0	0
139	7	17	0	his	False	-6	9	120	120	120	120	108	108	108	108
139	7	95	0	his	False	-6	10	0	0	0	0	140	140	140	140
139	7	82	0	his	False	-6	11	0	0	0	0	140	140	140	140
139	7	20	0	his	False	-6	12	0	0	0	0	180	344	344	344
139	7	129	0	his	False	-6	13	0	0	0	0	200	200	200	200
139	7	176	0	his	False	-6	14	192	192	192	192	156	156	156	156
139	7	123	0	his	False	-6	15	0	0	0	0	184	184	184	184
139	7	196	0	his	False	-6	16	196	196	196	196	184	460	460	460
139	7	83	0	his	False	-6	17	148	148	148	148	0	0	0	0
139	7	48	0	his	False	-6	18	0	0	0	0	180	180	180	180
139	7	175	0	his	False	-6	19	128	128	128	128	100	100	100	100
139	7	128	0	his	False	-6	20	0	0	0	0	132	132	132	132
139	7	36	0	his	False	-6	21	0	0	0	0	132	132	132	132
139	7	196	0	his	False	-6	22	0	0	0	0	208	208	208	208
139	7	185	0	his	False	-6	23	124	124	124	124	280	280	280	280
139	7	166	0	his	False	-6	24	320	320	320	320	128	128	128	128
139	7	118	0	his	False	-6	25	240	240	240	240	144	144	144	144
139	7	102	0	his	False	-6	27	152	152	152	152	196	196	196	196
139	7	123	0	his	False	-6	28	260	260	260	260	228	228	228	228
139	7	51	0	his	False	-6	29	0	0	0	0	216	372	372	372
139	7	41	0	his	False	-6	30	0	0	0	0	184	804	804	804
139	7	86	0	his	False	-6	31	0	0	0	0	140	140	140	140
139	7	5	0	his	False	-6	32	0	0	0	0	160	372	372	372
139	7	47	0	his	False	-6	33	136	300	300	300	116	116	116	116
139	7	43	0	his	False	-6	34	0	0	0	0	152	152	152	152
139	7	21	0	his	False	-6	35	0	0	0	0	172	172	172	172
139	7	129	0	his	False	-6	36	132	132	132	132	0	0	0	0
139	7	37	0	his	False	-6	37	156	156	156	156	176	176	176	176
139	7	77	0	his	False	-6	38	148	148	148	148	252	252	252	252
139	7	178	0	his	False	-6	39	0	0	0	0	180	180	180	180
139	7	42	0	his	False	-6	40	272	272	272	272	132	132	132	132
139	7	105	0	his	False	-6	41	0	0	0	0	172	172	256	400
139	7	158	0	his	False	-6	42	156	296	296	296	0	0	0	0
139	7	204	0	his	False	-6	43	0	0	0	0	172	172	172	172
139	10	197	0	his	False	-3	1	0	0	0	0	348	820	820	2336
139	10	195	0	his	False	-3	2	0	0	0	0	212	212	212	1344
139	10	15	0	his	False	-3	3	0	0	0	0	268	268	856	1088
139	10	29	0	his	False	-3	4	0	0	0	0	136	136	136	1676
139	10	142	0	his	False	-3	5	0	0	0	0	276	276	276	276
139	10	16	0	his	False	-3	6	0	0	0	0	0	0	0	0
139	10	174	0	his	False	-3	7	180	180	180	180	124	124	448	2232
139	10	78	0	his	False	-3	8	0	0	0	0	392	392	392	392
139	10	17	0	his	False	-3	9	180	180	180	180	200	500	500	968
139	10	95	0	his	False	-3	10	0	0	0	0	288	288	288	1060
139	10	82	0	his	False	-3	11	244	244	244	244	184	296	296	296
139	10	20	0	his	False	-3	12	244	244	244	244	132	308	308	1492
139	10	129	0	his	False	-3	13	0	0	0	0	240	776	776	776
139	10	176	0	his	False	-3	14	0	0	0	0	204	204	204	612
139	10	123	0	his	False	-3	15	824	824	1128	1916	0	0	0	0
139	10	196	0	his	False	-3	16	324	816	816	1228	0	0	0	0
139	10	83	0	his	False	-3	17	0	0	0	0	288	288	288	1152
139	10	48	0	his	False	-3	18	0	0	0	0	212	212	212	564
139	10	175	0	his	False	-3	19	0	0	0	0	304	456	456	900
139	10	128	0	his	False	-3	20	0	0	0	0	156	156	324	2224
139	10	36	0	his	False	-3	21	0	0	0	0	228	228	228	228
139	10	196	0	his	False	-3	22	0	0	0	0	296	456	456	872
139	10	185	0	his	False	-3	23	0	0	0	0	228	780	780	1556
139	10	166	0	his	False	-3	24	424	424	424	784	0	0	0	0
139	10	118	0	his	False	-3	25	164	164	164	348	260	372	372	716
139	10	102	0	his	False	-3	27	0	0	0	0	332	332	332	604
139	10	123	0	his	False	-3	28	0	0	0	0	216	216	216	436
139	10	51	0	his	False	-3	29	0	0	0	0	252	252	252	1004
139	10	41	0	his	False	-3	30	0	0	0	0	188	440	440	816
139	10	86	0	his	False	-3	31	0	0	0	0	216	216	216	216
139	10	5	0	his	False	-3	32	0	0	0	0	244	244	520	736
139	10	47	0	his	False	-3	33	0	0	0	0	256	436	620	1524
139	10	43	0	his	False	-3	34	420	420	420	420	0	0	0	0
139	10	21	0	his	False	-3	35	168	168	168	168	232	232	232	232
139	10	129	0	his	False	-3	36	0	0	0	0	160	352	352	1384
139	10	37	0	his	False	-3	37	164	164	164	164	80	80	80	300
139	10	77	0	his	False	-3	38	0	0	0	0	180	180	180	392
139	10	178	0	his	False	-3	39	248	248	248	248	308	308	308	308
139	10	42	0	his	False	-3	40	132	132	132	132	152	364	364	1468
139	10	105	0	his	False	-3	41	0	0	0	0	164	164	164	164
139	10	158	0	his	False	-3	42	268	268	268	268	184	184	184	1272
139	10	204	0	his	False	-3	43	0	0	0	0	216	920	920	920
140	7	57	0	us	True	?	1	160	160	160	160	0	0	0	0
140	7	76	0	us	True	?	2	0	0	0	0	164	260	260	260
140	7	70	0	us	True	?	3	188	188	188	188	228	228	228	228
140	7	116	0	us	True	?	4	0	0	0	0	360	360	360	360
140	7	51	0	us	True	?	5	0	0	0	0	228	228	228	228
140	7	90	0	us	True	?	6	0	0	0	0	152	152	152	152
140	7	132	0	us	True	?	7	0	0	0	0	132	132	132	132
140	7	70	0	us	True	?	8	0	0	0	0	288	288	288	288
140	7	20	0	us	True	?	9	0	0	0	0	220	220	220	220
140	7	64	0	us	True	?	10	0	0	0	0	200	200	200	200
140	7	150	0	us	True	?	11	136	136	136	136	140	140	140	140
140	7	94	0	us	True	?	12	0	0	0	0	204	204	204	204
140	7	172	0	us	True	?	13	0	0	0	0	216	216	216	216
140	7	202	0	us	True	?	14	0	0	0	0	196	196	196	196
140	7	105	0	us	True	?	15	0	0	0	0	0	0	0	0
140	7	151	0	us	True	?	16	0	0	0	0	188	388	388	388
140	7	178	0	us	True	?	18	0	0	0	0	152	152	152	152
140	7	193	0	us	True	?	19	232	232	232	232	144	144	144	144
140	7	165	0	us	True	?	20	140	140	140	140	0	0	0	0
140	7	184	0	us	True	?	21	0	0	0	0	168	168	168	168
140	7	2	0	us	True	?	22	0	0	0	0	192	192	192	192
140	7	135	0	us	True	?	23	168	168	168	168	204	204	204	204
140	7	69	0	us	True	?	24	0	0	0	0	160	360	360	360
140	7	155	0	us	True	?	25	0	0	0	0	220	360	360	360
140	7	101	0	us	True	?	27	216	216	216	216	208	208	208	208
140	7	26	0	us	True	?	28	0	0	0	0	180	180	412	576
140	7	101	0	us	True	?	29	0	0	0	0	196	196	196	196
140	7	84	0	us	True	?	30	0	0	0	0	160	160	160	316
140	7	93	0	us	True	?	31	0	0	0	0	0	0	0	0
140	7	169	0	us	True	?	32	300	300	300	300	136	136	136	136
140	7	27	0	us	True	?	33	160	160	160	160	152	324	324	324
140	7	25	0	us	True	?	34	0	0	0	0	156	156	156	156
140	7	103	0	us	True	?	35	0	0	0	0	240	240	240	240
140	7	26	0	us	True	?	36	0	0	0	0	0	0	0	0
140	7	2	0	us	True	?	37	180	180	180	180	0	0	0	0
140	7	122	0	us	True	?	38	0	0	0	0	264	264	264	264
140	7	40	0	us	True	?	39	0	0	0	0	152	152	152	152
140	7	137	0	us	True	?	40	0	0	0	0	164	164	164	164
140	7	59	0	us	True	?	41	0	0	0	0	216	216	216	216
140	7	69	0	us	True	?	42	0	0	0	0	168	168	168	168
140	7	20	0	us	True	?	43	0	0	0	0	156	156	156	156
141	1	85	0	She	True	?	1	280	280	280	280	480	480	480	480
141	1	59	0	She	True	?	2	224	224	224	224	128	128	128	128
141	1	83	0	She	True	?	3	248	248	248	248	124	124	124	124
141	1	141	0	She	True	?	4	0	0	0	0	232	232	232	356
141	1	186	0	She	True	?	5	0	0	0	0	436	436	436	436
141	1	78	0	She	True	?	6	232	232	232	232	0	0	0	0
141	1	141	0	She	True	?	7	40	40	40	40	160	160	160	160
141	1	9	0	She	True	?	8	72	72	72	72	536	536	536	536
141	1	26	0	She	True	?	9	0	0	0	0	292	292	292	292
141	1	139	0	She	True	?	10	272	272	272	272	132	132	132	132
141	1	65	0	She	True	?	11	92	292	292	292	164	164	164	164
141	1	70	0	She	True	?	12	0	0	0	0	356	356	356	356
141	1	121	0	She	True	?	13	324	324	324	324	164	164	164	164
141	1	69	0	She	True	?	14	0	0	0	0	240	240	240	392
141	1	82	0	She	True	?	15	248	248	248	248	0	0	0	0
141	1	65	0	She	True	?	16	256	256	256	256	184	184	184	184
141	1	140	0	She	True	?	17	0	0	0	0	2444	2444	2444	2444
141	1	202	0	She	True	?	18	0	0	0	0	252	320	320	320
141	1	68	0	She	True	?	19	0	0	0	0	0	0	0	0
141	1	140	0	She	True	?	20	160	160	160	160	0	0	0	0
141	1	156	0	She	True	?	21	0	0	0	0	200	312	312	312
141	1	64	0	She	True	?	22	356	356	356	356	152	152	152	152
141	1	73	0	She	True	?	23	296	296	296	296	184	184	184	184
141	1	42	0	She	True	?	24	244	244	244	244	176	176	176	176
141	1	94	0	She	True	?	25	184	184	184	184	156	292	292	292
141	1	168	0	She	True	?	27	0	0	0	0	384	384	384	384
141	1	69	0	She	True	?	28	180	180	180	180	164	376	376	376
141	1	48	0	She	True	?	29	0	0	0	0	0	0	0	0
141	1	106	0	She	True	?	30	296	296	296	296	448	448	448	448
141	1	100	0	She	True	?	31	148	148	148	148	160	224	224	224
141	1	197	0	She	True	?	32	232	232	232	232	136	296	296	296
141	1	12	0	She	True	?	33	0	0	0	0	0	0	0	0
141	1	60	0	She	True	?	34	0	0	0	0	284	496	496	496
141	1	136	0	She	True	?	35	288	288	288	288	0	0	0	0
141	1	202	0	She	True	?	36	0	0	0	0	0	0	0	0
141	1	186	0	She	True	?	37	36	36	36	36	180	180	316	412
141	1	199	0	She	True	?	38	0	0	0	0	260	260	260	336
141	1	173	0	She	True	?	39	0	0	0	0	176	176	176	176
141	1	94	0	She	True	?	40	0	0	0	0	0	0	0	0
141	1	10	0	She	True	?	41	0	0	0	0	508	508	508	508
141	1	200	0	She	True	?	42	0	0	0	0	44	360	360	360
141	1	31	0	She	True	?	43	0	0	0	0	352	352	352	352
141	5	85	0	herself	True	-4	1	244	244	244	244	216	216	216	216
141	5	59	0	herself	True	-4	2	112	112	112	112	0	0	0	0
141	5	83	0	herself	True	-4	3	244	244	244	244	188	188	188	188
141	5	141	0	herself	True	-4	4	208	208	208	208	0	0	0	0
141	5	186	0	herself	True	-4	5	220	220	220	220	0	0	0	0
141	5	78	0	herself	True	-4	6	180	180	180	180	0	0	0	0
141	5	141	0	herself	True	-4	7	188	188	216	588	116	116	116	116
141	5	9	0	herself	True	-4	8	188	188	188	188	0	0	0	0
141	5	26	0	herself	True	-4	9	164	164	164	164	0	0	0	0
141	5	139	0	herself	True	-4	10	156	156	156	156	148	148	148	148
141	5	65	0	herself	True	-4	11	256	256	256	256	0	0	0	0
141	5	70	0	herself	True	-4	12	104	104	104	104	0	0	0	0
141	5	121	0	herself	True	-4	13	128	128	128	128	0	0	0	0
141	5	69	0	herself	True	-4	14	244	244	244	244	0	0	0	0
141	5	82	0	herself	True	-4	15	0	0	0	0	132	132	132	132
141	5	65	0	herself	True	-4	16	132	280	280	280	0	0	0	0
141	5	140	0	herself	True	-4	17	0	0	0	0	156	156	156	156
141	5	202	0	herself	True	-4	18	156	156	156	156	0	0	0	0
141	5	68	0	herself	True	-4	19	140	140	140	140	184	184	184	184
141	5	140	0	herself	True	-4	20	140	140	140	140	0	0	0	0
141	5	156	0	herself	True	-4	21	140	140	140	140	136	136	136	136
141	5	64	0	herself	True	-4	22	292	292	292	292	0	0	0	0
141	5	73	0	herself	True	-4	23	264	264	264	264	240	240	240	240
141	5	42	0	herself	True	-4	24	180	180	180	180	0	0	0	0
141	5	94	0	herself	True	-4	25	280	280	280	280	0	0	0	0
141	5	168	0	herself	True	-4	27	184	184	184	184	344	344	344	344
141	5	69	0	herself	True	-4	28	236	236	236	236	196	448	448	448
141	5	48	0	herself	True	-4	29	208	208	208	208	0	0	0	0
141	5	106	0	herself	True	-4	30	84	84	84	84	316	424	424	424
141	5	100	0	herself	True	-4	31	148	148	148	148	0	0	0	0
141	5	197	0	herself	True	-4	32	308	308	308	308	0	0	0	0
141	5	12	0	herself	True	-4	33	0	0	0	0	0	0	0	0
141	5	60	0	herself	True	-4	34	168	168	168	168	0	0	0	0
141	5	136	0	herself	True	-4	35	160	160	160	160	0	0	0	0
141	5	202	0	herself	True	-4	36	196	196	196	196	0	0	0	0
141	5	186	0	herself	True	-4	37	132	132	132	132	172	172	172	172
141	5	199	0	herself	True	-4	38	188	188	188	188	0	0	0	0
141	5	173	0	herself	True	-4	39	132	132	132	132	0	0	0	0
141	5	94	0	herself	True	-4	40	24	24	24	24	0	0	0	0
141	5	10	0	herself	True	-4	41	156	156	156	156	176	176	176	176
141	5	200	0	herself	True	-4	42	152	152	152	152	132	132	132	132
141	5	31	0	herself	True	-4	43	200	200	200	200	0	0	0	0
141	6	85	0	he	True	?	1	216	216	216	216	184	184	184	184
141	6	59	0	he	True	?	2	0	0	0	0	164	164	164	164
141	6	83	0	he	True	?	3	188	188	188	188	308	308	308	308
141	6	141	0	he	True	?	4	0	0	0	0	320	320	320	320
141	6	186	0	he	True	?	5	0	0	0	0	204	204	204	204
141	6	78	0	he	True	?	6	0	0	0	0	280	280	280	280
141	6	141	0	he	True	?	7	116	116	116	116	0	0	0	0
141	6	9	0	he	True	?	8	0	0	0	0	156	324	324	324
141	6	26	0	he	True	?	9	0	0	0	0	180	180	180	180
141	6	139	0	he	True	?	10	148	148	148	148	88	88	88	88
141	6	65	0	he	True	?	11	0	0	0	0	304	304	304	304
141	6	70	0	he	True	?	12	0	0	0	0	0	0	0	0
141	6	121	0	he	True	?	13	0	0	0	0	244	244	244	244
141	6	69	0	he	True	?	14	0	0	0	0	248	248	248	248
141	6	82	0	he	True	?	15	132	132	132	132	0	0	0	0
141	6	65	0	he	True	?	16	0	0	0	0	268	268	268	268
141	6	140	0	he	True	?	17	156	156	156	156	0	0	0	0
141	6	202	0	he	True	?	18	0	0	0	0	208	208	208	208
141	6	68	0	he	True	?	19	184	184	184	184	0	0	0	0
141	6	140	0	he	True	?	20	0	0	0	0	0	0	0	0
141	6	156	0	he	True	?	21	136	136	136	136	0	0	0	0
141	6	64	0	he	True	?	22	0	0	0	0	240	240	240	240
141	6	73	0	he	True	?	23	240	240	240	240	192	192	192	192
141	6	42	0	he	True	?	24	0	0	0	0	0	0	0	0
141	6	94	0	he	True	?	25	0	0	0	0	260	260	260	260
141	6	168	0	he	True	?	27	344	344	344	344	136	136	136	136
141	6	69	0	he	True	?	28	196	448	448	448	500	500	500	500
141	6	48	0	he	True	?	29	0	0	0	0	180	180	180	268
141	6	106	0	he	True	?	30	316	424	424	424	0	0	0	0
141	6	100	0	he	True	?	31	0	0	0	0	0	0	0	0
141	6	197	0	he	True	?	32	0	0	0	0	268	268	416	692
141	6	12	0	he	True	?	33	0	0	0	0	0	0	0	0
141	6	60	0	he	True	?	34	0	0	0	0	148	148	148	148
141	6	136	0	he	True	?	35	0	0	0	0	228	228	228	228
141	6	202	0	he	True	?	36	0	0	0	0	0	0	0	0
141	6	186	0	he	True	?	37	172	172	172	172	104	104	580	788
141	6	199	0	he	True	?	38	0	0	0	0	0	0	0	0
141	6	173	0	he	True	?	39	0	0	0	0	160	160	160	160
141	6	94	0	he	True	?	40	0	0	0	0	304	304	304	304
141	6	10	0	he	True	?	41	176	176	176	176	0	0	0	0
141	6	200	0	he	True	?	42	132	132	132	132	0	0	0	0
141	6	31	0	he	True	?	43	0	0	0	0	208	208	208	208
142	1	191	0	She	True	?	1	304	304	304	304	220	220	220	220
142	1	27	0	She	True	?	2	252	252	252	252	156	156	580	668
142	1	32	0	She	True	?	3	228	348	348	348	528	528	528	528
142	1	167	0	She	True	?	4	0	0	0	0	288	288	288	412
142	1	101	0	She	True	?	5	0	0	0	0	0	0	0	0
142	1	196	0	She	True	?	6	0	0	0	0	248	248	248	248
142	1	192	0	She	True	?	7	0	0	0	0	276	276	276	276
142	1	92	0	She	True	?	8	0	0	0	0	240	240	408	516
142	1	167	0	She	True	?	10	248	248	248	248	176	276	276	276
142	1	129	0	She	True	?	11	248	248	248	248	172	172	172	172
142	1	141	0	She	True	?	12	256	256	256	256	148	148	148	148
142	1	178	0	She	True	?	13	312	312	312	312	236	236	236	236
142	1	70	0	She	True	?	14	0	0	0	0	272	444	444	444
142	1	156	0	She	True	?	15	0	0	0	0	248	248	248	248
142	1	109	0	She	True	?	16	180	324	324	324	180	304	304	304
142	1	145	0	She	True	?	17	0	0	0	0	344	344	344	344
142	1	134	0	She	True	?	18	0	0	0	0	248	304	304	304
142	1	155	0	She	True	?	19	280	280	280	280	164	164	164	164
142	1	90	0	She	True	?	20	0	0	0	0	88	240	240	240
142	1	198	0	She	True	?	21	0	0	0	0	0	0	0	0
142	1	177	0	She	True	?	22	308	308	308	308	244	244	244	244
142	1	131	0	She	True	?	23	292	292	292	292	212	212	212	212
142	1	59	0	She	True	?	24	0	0	0	0	328	328	328	328
142	1	168	0	She	True	?	25	0	0	0	0	224	440	440	440
142	1	113	0	She	True	?	27	0	0	0	0	280	456	456	456
142	1	124	0	She	True	?	28	0	0	0	0	60	60	328	584
142	1	38	0	She	True	?	29	0	0	0	0	0	0	0	0
142	1	157	0	She	True	?	30	356	356	356	356	204	204	400	700
142	1	38	0	She	True	?	31	280	280	280	280	0	0	0	0
142	1	139	0	She	True	?	32	104	104	104	104	144	144	372	752
142	1	65	0	She	True	?	33	28	296	296	296	200	200	200	200
142	1	30	0	She	True	?	34	0	0	0	0	280	280	280	280
142	1	137	0	She	True	?	35	220	220	220	220	172	172	172	172
142	1	189	0	She	True	?	36	0	0	0	0	0	0	0	0
142	1	16	0	She	True	?	37	184	184	184	184	156	392	392	392
142	1	52	0	She	True	?	38	0	0	0	0	316	384	384	384
142	1	125	0	She	True	?	39	0	0	0	0	0	0	0	0
142	1	8	0	She	True	?	40	296	296	296	296	144	228	440	548
142	1	64	0	She	True	?	41	0	0	0	0	0	0	0	0
142	1	189	0	She	True	?	42	0	0	0	0	312	312	312	312
142	1	86	0	She	True	?	43	0	0	0	0	268	364	364	364
142	8	191	0	her	True	-7	1	0	0	0	0	264	264	264	264
142	8	27	0	her	True	-7	2	0	0	0	0	140	140	140	140
142	8	32	0	her	True	-7	3	244	244	244	244	244	244	244	244
142	8	167	0	her	True	-7	4	212	212	212	212	144	144	144	144
142	8	101	0	her	True	-7	5	200	200	200	200	0	0	0	0
142	8	196	0	her	True	-7	6	0	0	0	0	0	0	0	0
142	8	192	0	her	True	-7	7	0	0	0	0	128	128	128	128
142	8	92	0	her	True	-7	8	0	0	0	0	296	496	496	496
142	8	167	0	her	True	-7	10	0	0	0	0	140	140	140	140
142	8	129	0	her	True	-7	11	136	136	136	136	140	140	140	140
142	8	141	0	her	True	-7	12	172	172	172	172	256	256	256	256
142	8	178	0	her	True	-7	13	0	0	0	0	152	152	152	152
142	8	70	0	her	True	-7	14	0	0	0	0	256	256	256	256
142	8	156	0	her	True	-7	15	0	0	0	0	140	140	140	140
142	8	109	0	her	True	-7	16	192	192	192	192	176	316	316	316
142	8	145	0	her	True	-7	17	0	0	0	0	200	200	200	200
142	8	134	0	her	True	-7	18	0	0	0	0	172	172	172	172
142	8	155	0	her	True	-7	19	0	0	0	0	180	180	180	180
142	8	90	0	her	True	-7	20	160	160	160	160	0	0	0	0
142	8	198	0	her	True	-7	21	0	0	0	0	264	572	572	572
142	8	177	0	her	True	-7	22	0	0	0	0	256	392	392	392
142	8	131	0	her	True	-7	23	296	296	296	296	136	316	316	316
142	8	59	0	her	True	-7	24	0	0	0	0	320	320	320	320
142	8	168	0	her	True	-7	25	0	0	0	0	132	132	132	392
142	8	113	0	her	True	-7	27	212	212	212	212	256	256	256	256
142	8	124	0	her	True	-7	28	204	204	204	204	0	0	0	0
142	8	38	0	her	True	-7	29	188	188	188	188	280	280	280	520
142	8	157	0	her	True	-7	30	220	220	220	220	312	312	312	312
142	8	38	0	her	True	-7	31	156	156	156	288	148	148	148	148
142	8	139	0	her	True	-7	32	192	192	192	192	0	0	0	0
142	8	65	0	her	True	-7	33	0	0	0	0	180	180	180	180
142	8	30	0	her	True	-7	34	0	0	0	0	188	188	188	188
142	8	137	0	her	True	-7	35	192	192	192	192	224	224	224	224
142	8	189	0	her	True	-7	36	0	0	0	0	0	0	0	0
142	8	16	0	her	True	-7	37	144	144	144	144	188	188	188	188
142	8	52	0	her	True	-7	38	264	264	264	428	240	240	240	240
142	8	125	0	her	True	-7	39	0	0	0	0	216	216	216	216
142	8	8	0	her	True	-7	40	168	232	232	232	0	0	0	0
142	8	64	0	her	True	-7	41	160	160	160	160	96	96	96	96
142	8	189	0	her	True	-7	42	136	136	136	136	0	0	0	0
142	8	86	0	her	True	-7	43	0	0	0	0	232	232	232	232
145	1	46	0	We	True	?	1	0	0	0	0	216	424	424	424
145	1	35	0	We	True	?	2	0	0	0	0	204	736	736	736
145	1	125	0	We	True	?	3	0	0	0	0	360	360	360	360
145	1	166	0	We	True	?	4	0	0	0	0	0	0	0	0
145	1	1	0	We	True	?	5	0	0	0	0	0	0	0	0
145	1	112	0	We	True	?	6	0	0	0	0	248	248	248	248
145	1	165	0	We	True	?	7	40	40	40	40	188	188	188	188
145	1	52	0	We	True	?	8	0	0	0	0	148	148	148	148
145	1	182	0	We	True	?	10	276	276	276	276	124	124	124	124
145	1	64	0	We	True	?	11	260	260	260	260	240	240	240	240
145	1	106	0	We	True	?	12	0	0	0	0	0	0	0	0
145	1	143	0	We	True	?	13	336	336	336	336	212	212	212	212
145	1	37	0	We	True	?	14	316	316	316	316	132	132	132	132
145	1	163	0	We	True	?	15	0	0	0	0	104	104	104	104
145	1	89	0	We	True	?	16	300	300	300	300	428	428	428	428
145	1	42	0	We	True	?	17	0	0	0	0	308	308	308	308
145	1	119	0	We	True	?	18	0	0	0	0	252	316	316	316
145	1	128	0	We	True	?	19	0	0	0	0	120	280	280	280
145	1	13	0	We	True	?	20	0	0	0	0	276	408	408	408
145	1	145	0	We	True	?	21	0	0	0	0	0	0	0	0
145	1	160	0	We	True	?	22	0	0	0	0	128	128	128	128
145	1	44	0	We	True	?	23	0	0	0	0	56	488	488	488
145	1	174	0	We	True	?	24	0	0	0	0	272	408	408	408
145	1	41	0	We	True	?	25	0	0	0	0	220	220	220	220
145	1	22	0	We	True	?	27	0	0	0	0	0	0	0	0
145	1	112	0	We	True	?	28	0	0	0	0	0	0	0	0
145	1	13	0	We	True	?	29	0	0	0	0	0	0	0	0
145	1	203	0	We	True	?	30	228	228	228	228	484	664	664	664
145	1	126	0	We	True	?	31	244	244	244	244	0	0	0	0
145	1	28	0	We	True	?	32	224	224	224	224	268	268	268	268
145	1	191	0	We	True	?	33	240	380	380	380	156	156	156	156
145	1	159	0	We	True	?	34	0	0	0	0	172	372	372	372
145	1	195	0	We	True	?	35	0	0	0	0	152	344	344	344
145	1	34	0	We	True	?	36	0	0	0	0	0	0	0	0
145	1	133	0	We	True	?	37	0	0	0	0	220	280	280	280
145	1	174	0	We	True	?	38	0	0	0	0	320	320	320	320
145	1	90	0	We	True	?	39	0	0	0	0	0	0	0	0
145	1	80	0	We	True	?	40	0	0	0	0	0	0	0	0
145	1	133	0	We	True	?	41	0	0	0	0	0	0	0	0
145	1	40	0	We	True	?	42	0	0	0	0	0	0	0	0
145	1	73	0	We	True	?	43	156	156	156	156	140	200	200	200
145	10	46	0	this	True	?	1	248	380	380	552	156	156	156	908
145	10	35	0	this	True	?	2	0	0	0	0	304	304	304	644
145	10	125	0	this	True	?	3	184	184	184	184	0	0	0	0
145	10	166	0	this	True	?	4	164	164	164	164	204	340	340	340
145	10	1	0	this	True	?	5	0	0	0	0	220	220	220	680
145	10	112	0	this	True	?	6	0	0	0	0	120	120	120	120
145	10	165	0	this	True	?	7	0	0	0	0	112	112	236	1120
145	10	52	0	this	True	?	8	120	120	120	120	580	580	580	2340
145	10	182	0	this	True	?	10	156	156	508	736	172	172	172	1296
145	10	64	0	this	True	?	11	216	216	216	216	144	144	456	1152
145	10	106	0	this	True	?	12	212	364	456	656	0	0	0	0
145	10	143	0	this	True	?	13	276	276	276	276	276	276	276	692
145	10	37	0	this	True	?	14	0	0	0	0	360	452	452	784
145	10	163	0	this	True	?	15	456	456	456	456	0	0	0	0
145	10	89	0	this	True	?	16	136	136	136	136	164	788	788	1048
145	10	42	0	this	True	?	17	0	0	0	0	312	312	396	872
145	10	119	0	this	True	?	18	232	232	232	232	172	172	172	172
145	10	128	0	this	True	?	19	252	252	252	1236	0	0	0	0
145	10	13	0	this	True	?	20	212	424	424	424	156	156	156	324
145	10	145	0	this	True	?	21	0	0	0	0	168	168	168	168
145	10	160	0	this	True	?	22	312	312	312	312	0	0	0	0
145	10	44	0	this	True	?	23	164	164	164	164	196	196	1020	5412
145	10	174	0	this	True	?	24	0	0	0	0	232	232	232	380
145	10	41	0	this	True	?	25	168	444	444	444	148	148	348	796
145	10	22	0	this	True	?	27	276	276	276	276	84	84	84	1208
145	10	112	0	this	True	?	28	180	180	180	180	384	384	384	640
145	10	13	0	this	True	?	29	168	168	168	292	188	288	288	288
145	10	203	0	this	True	?	30	0	0	0	0	472	632	632	864
145	10	126	0	this	True	?	31	96	96	96	96	0	0	0	0
145	10	28	0	this	True	?	32	276	276	276	276	120	212	212	212
145	10	191	0	this	True	?	33	164	412	536	996	152	340	340	640
145	10	159	0	this	True	?	34	208	208	208	208	216	216	216	376
145	10	195	0	this	True	?	35	0	0	0	0	188	188	188	188
145	10	34	0	this	True	?	36	0	0	0	0	220	220	220	424
145	10	133	0	this	True	?	37	148	384	384	384	0	0	0	0
145	10	174	0	this	True	?	38	0	0	0	0	0	0	0	0
145	10	90	0	this	True	?	39	0	0	0	0	184	184	184	544
145	10	80	0	this	True	?	40	228	228	228	228	116	264	264	364
145	10	133	0	this	True	?	41	188	188	188	188	152	364	364	364
145	10	40	0	this	True	?	42	240	240	240	392	284	592	888	1516
145	10	73	0	this	True	?	43	120	120	120	120	124	124	124	640
146	2	131	0	they	True	?	1	368	368	368	368	0	0	0	0
146	2	100	0	they	True	?	2	0	0	0	0	28	196	196	196
146	2	19	0	they	True	?	3	0	0	0	0	0	0	0	0
146	2	176	0	they	True	?	4	132	132	132	132	0	0	0	0
146	2	190	0	they	True	?	5	0	0	0	0	260	260	260	560
146	2	108	0	they	True	?	6	248	248	248	248	128	128	128	128
146	2	82	0	they	True	?	7	256	312	312	312	0	0	0	0
146	2	110	0	they	True	?	8	236	236	408	524	124	124	124	124
146	2	75	0	they	True	?	10	176	176	176	176	152	152	152	152
146	2	163	0	they	True	?	11	164	164	164	164	168	168	168	168
146	2	18	0	they	True	?	12	0	0	0	0	0	0	0	0
146	2	123	0	they	True	?	13	172	172	172	172	140	140	140	140
146	2	64	0	they	True	?	14	172	172	172	172	140	140	140	140
146	2	14	0	they	True	?	15	0	0	0	0	256	256	256	256
146	2	13	0	they	True	?	16	140	140	140	336	140	140	140	140
146	2	48	0	they	True	?	17	0	0	0	0	224	224	224	224
146	2	10	0	they	True	?	18	244	408	408	408	0	0	0	0
146	2	70	0	they	True	?	19	52	52	52	52	128	128	128	128
146	2	36	0	they	True	?	20	0	0	0	0	180	180	180	180
146	2	90	0	they	True	?	21	200	340	340	340	0	0	0	0
146	2	133	0	they	True	?	22	340	340	340	340	140	140	140	140
146	2	30	0	they	True	?	23	212	248	404	720	180	180	180	180
146	2	149	0	they	True	?	24	184	184	184	184	260	260	260	260
146	2	145	0	they	True	?	25	220	220	220	220	180	180	180	180
146	2	11	0	they	True	?	27	0	0	0	0	0	0	0	0
146	2	146	0	they	True	?	28	252	252	252	252	152	152	152	404
146	2	12	0	they	True	?	29	0	0	0	0	0	0	0	0
146	2	59	0	they	True	?	30	248	248	248	412	360	360	360	360
146	2	70	0	they	True	?	31	104	104	104	104	0	0	0	0
146	2	39	0	they	True	?	32	204	204	204	204	196	196	196	196
146	2	204	0	they	True	?	33	148	148	148	148	132	132	132	132
146	2	32	0	they	True	?	34	296	296	296	296	168	372	372	372
146	2	188	0	they	True	?	35	204	204	204	204	0	0	0	0
146	2	185	0	they	True	?	36	0	0	0	0	332	332	332	332
146	2	129	0	they	True	?	37	36	220	220	220	164	164	164	164
146	2	57	0	they	True	?	38	284	440	440	440	0	0	0	0
146	2	133	0	they	True	?	39	228	228	228	228	0	0	0	0
146	2	105	0	they	True	?	40	0	0	0	0	0	0	0	0
146	2	114	0	they	True	?	41	0	0	0	0	0	0	0	0
146	2	14	0	they	True	?	42	0	0	0	0	328	328	328	328
146	2	133	0	they	True	?	43	216	216	216	216	0	0	0	0
146	5	131	0	their	True	-3	1	132	132	132	132	232	232	232	232
146	5	100	0	their	True	-3	2	140	140	140	140	132	132	132	132
146	5	19	0	their	True	-3	3	24	224	492	1424	156	156	156	156
146	5	176	0	their	True	-3	4	152	152	152	152	148	148	148	148
146	5	190	0	their	True	-3	5	208	208	208	208	164	164	164	164
146	5	108	0	their	True	-3	6	176	176	176	176	136	136	136	856
146	5	82	0	their	True	-3	7	112	112	112	112	0	0	0	0
146	5	110	0	their	True	-3	8	172	172	172	172	212	212	212	212
146	5	75	0	their	True	-3	10	152	152	152	152	252	252	252	252
146	5	163	0	their	True	-3	11	184	184	184	184	128	128	128	128
146	5	18	0	their	True	-3	12	148	148	148	148	128	128	128	128
146	5	123	0	their	True	-3	13	156	156	156	156	372	372	372	372
146	5	64	0	their	True	-3	14	248	248	248	248	0	0	0	0
146	5	14	0	their	True	-3	15	172	172	172	172	120	120	120	120
146	5	13	0	their	True	-3	16	184	184	184	184	176	176	176	176
146	5	48	0	their	True	-3	17	0	0	0	0	140	140	140	140
146	5	10	0	their	True	-3	18	268	268	268	268	0	0	0	0
146	5	70	0	their	True	-3	19	176	176	176	176	116	116	116	116
146	5	36	0	their	True	-3	20	0	0	0	0	300	300	300	300
146	5	90	0	their	True	-3	21	0	0	0	0	140	140	140	140
146	5	133	0	their	True	-3	22	264	264	264	264	196	196	196	196
146	5	30	0	their	True	-3	23	260	432	432	432	308	308	308	308
146	5	149	0	their	True	-3	24	252	252	252	252	224	224	224	224
146	5	145	0	their	True	-3	25	300	300	300	300	124	124	124	124
146	5	11	0	their	True	-3	27	216	216	216	216	156	156	156	156
146	5	146	0	their	True	-3	28	248	424	424	424	0	0	0	0
146	5	12	0	their	True	-3	29	132	280	280	280	0	0	0	0
146	5	59	0	their	True	-3	30	308	308	308	308	168	168	168	168
146	5	70	0	their	True	-3	31	372	372	372	372	0	0	0	0
146	5	39	0	their	True	-3	32	236	236	236	236	184	184	184	184
146	5	204	0	their	True	-3	33	112	112	112	112	332	332	332	332
146	5	32	0	their	True	-3	34	152	152	152	152	216	404	404	404
146	5	188	0	their	True	-3	35	180	180	180	180	176	176	176	176
146	5	185	0	their	True	-3	36	0	0	0	0	244	244	244	244
146	5	129	0	their	True	-3	37	168	356	356	356	0	0	0	0
146	5	57	0	their	True	-3	38	224	224	224	224	136	136	136	136
146	5	133	0	their	True	-3	39	164	164	164	164	0	0	0	0
146	5	105	0	their	True	-3	40	0	0	0	0	164	164	164	164
146	5	114	0	their	True	-3	41	244	244	404	1084	80	80	80	80
146	5	14	0	their	True	-3	42	156	340	340	340	0	0	0	0
146	5	133	0	their	True	-3	43	124	124	124	124	180	180	180	180
146	9	131	0	them	True	-4	1	252	252	252	252	236	236	236	236
146	9	100	0	them	True	-4	2	312	312	312	312	168	168	168	168
146	9	19	0	them	True	-4	3	452	700	700	700	0	0	0	0
146	9	176	0	them	True	-4	4	172	172	172	172	184	184	368	692
146	9	190	0	them	True	-4	5	208	208	208	208	0	0	0	0
146	9	108	0	them	True	-4	6	0	0	0	0	0	0	0	0
146	9	82	0	them	True	-4	7	0	0	0	0	0	0	0	0
146	9	110	0	them	True	-4	8	0	0	0	0	276	276	276	276
146	9	75	0	them	True	-4	10	212	400	400	400	0	0	0	0
146	9	163	0	them	True	-4	11	204	652	836	1048	0	0	0	0
146	9	18	0	them	True	-4	12	204	204	204	204	0	0	0	0
146	9	123	0	them	True	-4	13	0	0	0	0	436	436	436	436
146	9	64	0	them	True	-4	14	0	0	0	0	256	256	256	1196
146	9	14	0	them	True	-4	15	148	148	148	148	0	0	0	0
146	9	13	0	them	True	-4	16	228	228	228	228	0	0	0	0
146	9	48	0	them	True	-4	17	140	232	232	232	0	0	0	0
146	9	10	0	them	True	-4	18	204	204	204	488	0	0	0	0
146	9	70	0	them	True	-4	19	176	176	176	176	0	0	0	0
146	9	36	0	them	True	-4	20	160	160	160	160	0	0	0	0
146	9	90	0	them	True	-4	21	216	216	216	216	0	0	0	0
146	9	133	0	them	True	-4	22	164	672	672	672	0	0	0	0
146	9	30	0	them	True	-4	23	300	616	616	616	164	164	308	464
146	9	149	0	them	True	-4	24	152	152	152	152	0	0	0	0
146	9	145	0	them	True	-4	25	208	208	208	208	0	0	0	0
146	9	11	0	them	True	-4	27	224	224	224	224	0	0	0	0
146	9	146	0	them	True	-4	28	216	216	488	644	256	256	256	256
146	9	12	0	them	True	-4	29	132	236	236	236	0	0	0	0
146	9	59	0	them	True	-4	30	148	272	272	272	520	520	520	520
146	9	70	0	them	True	-4	31	92	92	92	92	0	0	0	0
146	9	39	0	them	True	-4	32	216	216	216	216	0	0	0	0
146	9	204	0	them	True	-4	33	160	776	776	776	0	0	0	0
146	9	32	0	them	True	-4	34	160	160	160	160	0	0	0	0
146	9	188	0	them	True	-4	35	0	0	0	0	232	232	232	232
146	9	185	0	them	True	-4	36	0	0	0	0	276	276	276	276
146	9	129	0	them	True	-4	37	160	160	836	1032	176	176	176	176
146	9	57	0	them	True	-4	38	236	236	236	236	0	0	0	0
146	9	133	0	them	True	-4	39	140	140	140	380	0	0	0	0
146	9	105	0	them	True	-4	40	168	168	168	168	108	252	252	252
146	9	114	0	them	True	-4	41	148	244	536	904	0	0	0	0
146	9	14	0	them	True	-4	42	0	0	0	0	0	0	0	0
146	9	133	0	them	True	-4	43	152	152	152	152	208	208	208	208
147	11	49	1	that.	True	?	1	96	96	96	96	-999	-999	-999	-999
147	11	48	1	that.	True	?	2	376	376	376	376	-999	-999	-999	-999
147	11	35	1	that.	True	?	3	212	308	308	308	-999	-999	-999	-999
147	11	157	1	that.	True	?	4	164	228	228	452	-999	-999	-999	-999
147	11	181	1	that.	True	?	5	176	176	324	804	-999	-999	-999	-999
147	11	171	1	that.	True	?	6	88	88	88	88	-999	-999	-999	-999
147	11	68	1	that.	True	?	7	204	204	204	1004	-999	-999	-999	-999
147	11	180	1	that.	True	?	8	272	272	272	272	-999	-999	-999	-999
147	11	102	1	that.	True	?	10	224	224	224	1184	-999	-999	-999	-999
147	11	175	1	that.	True	?	11	156	232	232	232	-999	-999	-999	-999
147	11	74	1	that.	True	?	12	212	212	212	288	-999	-999	-999	-999
147	11	30	1	that.	True	?	13	0	0	0	0	-999	-999	-999	-999
147	11	29	1	that.	True	?	14	284	284	284	284	-999	-999	-999	-999
147	11	27	1	that.	True	?	15	224	224	224	424	-999	-999	-999	-999
147	11	70	1	that.	True	?	16	172	172	172	1000	-999	-999	-999	-999
147	11	160	1	that.	True	?	17	136	136	136	1364	-999	-999	-999	-999
147	11	126	1	that.	True	?	18	120	120	120	120	-999	-999	-999	-999
147	11	18	1	that.	True	?	19	264	264	264	696	-999	-999	-999	-999
147	11	154	1	that.	True	?	20	236	236	236	464	-999	-999	-999	-999
147	11	28	1	that.	True	?	21	204	204	204	628	-999	-999	-999	-999
147	11	30	1	that.	True	?	22	296	576	576	576	-999	-999	-999	-999
147	11	88	1	that.	True	?	23	144	144	296	3892	-999	-999	-999	-999
147	11	105	1	that.	True	?	24	196	196	196	196	-999	-999	-999	-999
147	11	45	1	that.	True	?	25	172	280	280	1772	-999	-999	-999	-999
147	11	180	1	that.	True	?	27	0	0	0	0	-999	-999	-999	-999
147	11	56	1	that.	True	?	28	176	360	360	360	-999	-999	-999	-999
147	11	112	1	that.	True	?	29	100	100	100	324	-999	-999	-999	-999
147	11	159	1	that.	True	?	30	0	0	0	0	-999	-999	-999	-999
147	11	78	1	that.	True	?	31	0	0	0	0	-999	-999	-999	-999
147	11	141	1	that.	True	?	32	180	456	456	456	-999	-999	-999	-999
147	11	130	1	that.	True	?	33	96	96	96	96	-999	-999	-999	-999
147	11	29	1	that.	True	?	34	68	68	68	68	-999	-999	-999	-999
147	11	174	1	that.	True	?	35	268	268	268	388	-999	-999	-999	-999
147	11	118	1	that.	True	?	36	248	300	300	552	-999	-999	-999	-999
147	11	70	1	that.	True	?	37	148	148	148	148	-999	-999	-999	-999
147	11	81	1	that.	True	?	38	292	292	292	468	-999	-999	-999	-999
147	11	66	1	that.	True	?	39	132	132	132	232	-999	-999	-999	-999
147	11	12	1	that.	True	?	40	164	164	164	768	-999	-999	-999	-999
147	11	156	1	that.	True	?	41	0	0	0	0	-999	-999	-999	-999
147	11	125	1	that.	True	?	42	200	200	200	432	-999	-999	-999	-999
147	11	183	1	that.	True	?	43	340	340	340	528	-999	-999	-999	-999
150	5	200	0	his	True	?	1	264	264	264	400	0	0	0	0
150	5	28	0	his	True	?	2	0	0	0	0	192	192	192	192
150	5	181	0	his	True	?	3	0	0	0	0	160	300	300	300
150	5	39	0	his	True	?	4	268	268	268	696	0	0	0	0
150	5	38	0	his	True	?	5	200	200	200	200	192	192	192	376
150	5	146	0	his	True	?	6	0	0	0	0	124	124	124	124
150	5	58	0	his	True	?	7	156	156	156	156	28	28	28	132
150	5	197	0	his	True	?	8	152	152	152	152	0	0	0	0
150	5	32	0	his	True	?	9	152	152	152	252	140	140	140	140
150	5	15	0	his	True	?	10	0	0	0	0	0	0	0	0
150	5	67	0	his	True	?	11	184	184	184	184	120	120	120	120
150	5	137	0	his	True	?	12	160	160	160	160	0	0	0	0
150	5	167	0	his	True	?	13	212	344	344	344	0	0	0	0
150	5	121	0	his	True	?	14	208	208	440	716	0	0	0	0
150	5	38	0	his	True	?	15	164	164	164	164	0	0	0	0
150	5	11	0	his	True	?	16	164	164	164	164	160	160	160	160
150	5	101	0	his	True	?	17	0	0	0	0	0	0	0	0
150	5	4	0	his	True	?	18	48	200	200	200	0	0	0	0
150	5	131	0	his	True	?	19	128	128	128	128	0	0	0	0
150	5	83	0	his	True	?	20	0	0	0	0	188	188	188	188
150	5	168	0	his	True	?	21	0	0	0	0	124	124	124	124
150	5	103	0	his	True	?	22	200	200	200	200	196	196	196	196
150	5	72	0	his	True	?	23	300	300	300	300	388	388	388	548
150	5	110	0	his	True	?	24	180	180	180	180	252	252	252	252
150	5	92	0	his	True	?	25	212	212	212	212	132	132	132	132
150	5	204	0	his	True	?	27	240	240	240	240	148	256	256	256
150	5	204	0	his	True	?	28	0	0	0	0	0	0	0	0
150	5	184	0	his	True	?	29	156	156	156	156	120	120	120	120
150	5	193	0	his	True	?	30	256	404	404	404	0	0	0	0
150	5	51	0	his	True	?	31	0	0	0	0	152	152	152	152
150	5	48	0	his	True	?	32	160	160	160	160	152	152	152	152
150	5	133	0	his	True	?	33	0	0	0	0	212	212	212	212
150	5	72	0	his	True	?	34	0	0	0	0	172	172	172	172
150	5	68	0	his	True	?	35	164	164	164	164	0	0	0	0
150	5	167	0	his	True	?	36	224	224	224	224	0	0	0	0
150	5	75	0	his	True	?	37	152	152	152	152	124	124	124	124
150	5	30	0	his	True	?	38	224	224	224	224	192	192	192	192
150	5	121	0	his	True	?	39	0	0	0	0	0	0	0	0
150	5	28	0	his	True	?	40	0	0	0	0	0	0	0	0
150	5	155	0	his	True	?	41	0	0	0	0	228	228	228	876
150	5	104	0	his	True	?	42	240	240	240	240	0	0	0	0
150	5	14	0	his	True	?	43	148	148	148	148	0	0	0	0
150	8	200	0	he	True	-3	1	336	336	336	336	0	0	0	0
150	8	28	0	he	True	-3	2	0	0	0	0	180	180	180	384
150	8	181	0	he	True	-3	3	96	96	96	96	176	176	176	412
150	8	39	0	he	True	-3	4	84	136	136	136	164	164	164	164
150	8	38	0	he	True	-3	5	176	176	176	176	140	140	140	140
150	8	146	0	he	True	-3	6	168	168	168	168	0	0	0	0
150	8	58	0	he	True	-3	7	0	0	0	0	156	156	156	156
150	8	197	0	he	True	-3	8	0	0	0	0	188	340	340	340
150	8	32	0	he	True	-3	9	168	304	304	304	120	120	120	120
150	8	15	0	he	True	-3	10	72	72	176	212	32	172	328	1104
150	8	67	0	he	True	-3	11	180	180	180	180	0	0	0	0
150	8	137	0	he	True	-3	12	288	288	288	288	144	144	144	144
150	8	167	0	he	True	-3	13	0	0	0	0	304	428	428	428
150	8	121	0	he	True	-3	14	196	196	196	196	220	220	220	220
150	8	38	0	he	True	-3	15	52	52	52	52	144	144	144	144
150	8	11	0	he	True	-3	16	316	316	316	316	172	172	172	172
150	8	101	0	he	True	-3	17	148	148	148	148	152	152	152	152
150	8	4	0	he	True	-3	18	240	240	240	240	228	228	228	228
150	8	131	0	he	True	-3	19	224	224	224	224	88	88	88	188
150	8	83	0	he	True	-3	20	0	0	0	0	164	164	164	164
150	8	168	0	he	True	-3	21	0	0	0	0	188	188	188	188
150	8	103	0	he	True	-3	22	0	0	0	0	184	404	404	404
150	8	72	0	he	True	-3	23	328	328	328	328	124	336	336	336
150	8	110	0	he	True	-3	24	0	0	0	0	272	444	444	444
150	8	92	0	he	True	-3	25	0	0	0	0	152	152	152	308
150	8	204	0	he	True	-3	27	0	0	0	0	260	260	260	260
150	8	204	0	he	True	-3	28	0	0	0	0	0	0	0	0
150	8	184	0	he	True	-3	29	0	0	0	0	136	136	244	480
150	8	193	0	he	True	-3	30	304	304	304	860	200	388	388	388
150	8	51	0	he	True	-3	31	0	0	0	0	168	168	168	168
150	8	48	0	he	True	-3	32	184	184	184	336	160	160	160	160
150	8	133	0	he	True	-3	33	196	196	196	196	144	144	144	144
150	8	72	0	he	True	-3	34	0	0	0	0	152	152	152	152
150	8	68	0	he	True	-3	35	188	188	188	188	212	212	212	212
150	8	167	0	he	True	-3	36	0	0	0	0	224	224	224	224
150	8	75	0	he	True	-3	37	156	316	316	316	92	92	92	92
150	8	30	0	he	True	-3	38	224	224	224	224	32	160	160	160
150	8	121	0	he	True	-3	39	0	0	0	0	168	168	168	168
150	8	28	0	he	True	-3	40	152	152	152	1348	172	172	172	172
150	8	155	0	he	True	-3	41	0	0	0	0	184	184	184	244
150	8	104	0	he	True	-3	42	0	0	0	0	172	172	172	172
150	8	14	0	he	True	-3	43	120	120	120	120	188	188	188	188
154	1	68	0	He	True	?	1	272	272	272	272	228	228	228	228
154	1	174	0	He	True	?	2	224	224	224	224	60	60	60	60
154	1	106	0	He	True	?	3	396	396	396	396	132	132	132	132
154	1	132	0	He	True	?	4	0	0	0	0	0	0	0	0
154	1	43	0	He	True	?	5	0	0	0	0	304	304	304	304
154	1	138	0	He	True	?	6	0	0	0	0	244	244	244	244
154	1	70	0	He	True	?	7	208	208	208	208	96	96	96	96
154	1	40	0	He	True	?	8	0	0	0	0	400	400	400	400
154	1	197	0	He	True	?	10	252	252	252	252	96	96	96	96
154	1	38	0	He	True	?	11	260	260	260	260	160	160	160	160
154	1	124	0	He	True	?	12	176	176	176	176	164	164	164	164
154	1	173	0	He	True	?	13	0	0	0	0	328	564	564	564
154	1	145	0	He	True	?	14	0	0	0	0	244	484	484	484
154	1	65	0	He	True	?	15	164	164	164	164	140	140	140	140
154	1	161	0	He	True	?	16	288	288	288	288	288	288	288	288
154	1	40	0	He	True	?	17	236	236	236	236	164	164	164	164
154	1	195	0	He	True	?	18	0	0	0	0	268	268	268	268
154	1	182	0	He	True	?	19	256	256	256	256	68	68	68	68
154	1	183	0	He	True	?	20	0	0	0	0	140	140	140	140
154	1	61	0	He	True	?	21	0	0	0	0	104	312	312	312
154	1	12	0	He	True	?	22	252	252	252	252	224	224	224	224
154	1	154	0	He	True	?	23	0	0	0	0	464	464	464	1112
154	1	88	0	He	True	?	24	0	0	0	0	320	460	460	460
154	1	179	0	He	True	?	25	0	0	0	0	92	320	320	320
154	1	95	0	He	True	?	27	0	0	0	0	292	496	496	496
154	1	32	0	He	True	?	28	0	0	0	0	0	0	0	0
154	1	175	0	He	True	?	29	0	0	0	0	300	300	300	300
154	1	129	0	He	True	?	30	292	292	292	292	548	548	548	548
154	1	185	0	He	True	?	31	0	0	0	0	116	116	116	116
154	1	37	0	He	True	?	32	200	200	200	200	268	268	268	268
154	1	42	0	He	True	?	33	256	256	256	256	232	372	372	372
154	1	4	0	He	True	?	34	0	0	0	0	260	288	288	288
154	1	60	0	He	True	?	35	0	0	0	0	220	384	384	384
154	1	28	0	He	True	?	36	0	0	0	0	0	0	0	0
154	1	193	0	He	True	?	37	264	264	264	264	92	232	232	232
154	1	74	0	He	True	?	38	0	0	0	0	276	384	384	384
154	1	194	0	He	True	?	39	0	0	0	0	0	0	0	0
154	1	40	0	He	True	?	40	0	0	0	0	252	720	720	720
154	1	8	0	He	True	?	41	0	0	0	0	316	424	424	424
154	1	26	0	He	True	?	42	0	0	0	0	248	248	376	480
154	1	30	0	He	True	?	43	0	0	0	0	244	436	436	436
154	7	68	0	she	True	?	1	264	264	264	264	0	0	0	0
154	7	174	0	she	True	?	2	0	0	0	0	124	124	124	124
154	7	106	0	she	True	?	3	136	280	280	280	204	204	204	204
154	7	132	0	she	True	?	4	32	100	100	100	140	140	284	1140
154	7	43	0	she	True	?	5	0	0	0	0	176	176	176	176
154	7	138	0	she	True	?	6	0	0	0	0	156	156	156	156
154	7	70	0	she	True	?	7	152	152	152	236	0	0	0	0
154	7	40	0	she	True	?	8	132	132	132	132	0	0	0	0
154	7	197	0	she	True	?	10	0	0	0	0	128	128	128	128
154	7	38	0	she	True	?	11	140	140	140	140	0	0	0	0
154	7	124	0	she	True	?	12	0	0	0	0	160	160	160	160
154	7	173	0	she	True	?	13	160	160	160	160	0	0	0	0
154	7	145	0	she	True	?	14	164	164	164	164	120	120	120	268
154	7	65	0	she	True	?	15	140	140	140	140	0	0	0	0
154	7	161	0	she	True	?	16	176	176	176	176	172	172	172	172
154	7	40	0	she	True	?	17	148	148	148	148	136	136	136	136
154	7	195	0	she	True	?	18	164	164	164	164	0	0	0	0
154	7	182	0	she	True	?	19	84	84	84	84	176	176	176	176
154	7	183	0	she	True	?	20	0	0	0	0	144	144	144	144
154	7	61	0	she	True	?	21	176	176	176	176	0	0	0	0
154	7	12	0	she	True	?	22	0	0	0	0	196	196	196	196
154	7	154	0	she	True	?	23	0	0	0	0	212	212	212	212
154	7	88	0	she	True	?	24	0	0	0	0	340	340	340	340
154	7	179	0	she	True	?	25	152	152	152	152	136	136	136	136
154	7	95	0	she	True	?	27	0	0	0	0	180	180	180	180
154	7	32	0	she	True	?	28	336	336	336	336	212	344	344	344
154	7	175	0	she	True	?	29	212	212	212	212	164	164	164	164
154	7	129	0	she	True	?	30	224	448	448	448	0	0	0	0
154	7	185	0	she	True	?	31	0	0	0	0	144	144	144	144
154	7	37	0	she	True	?	32	0	0	0	0	236	236	236	236
154	7	42	0	she	True	?	33	160	160	160	160	164	164	164	164
154	7	4	0	she	True	?	34	144	144	144	144	0	0	0	0
154	7	60	0	she	True	?	35	204	204	204	204	212	212	212	212
154	7	28	0	she	True	?	36	152	152	152	152	0	0	0	0
154	7	193	0	she	True	?	37	164	164	164	164	176	176	176	176
154	7	74	0	she	True	?	38	192	192	192	192	164	164	164	164
154	7	194	0	she	True	?	39	136	136	136	136	0	0	0	0
154	7	40	0	she	True	?	40	136	136	136	136	0	0	0	0
154	7	8	0	she	True	?	41	0	0	0	0	152	152	152	152
154	7	26	0	she	True	?	42	168	168	168	168	0	0	0	0
154	7	30	0	she	True	?	43	0	0	0	0	168	168	168	168
154	11	68	0	his	True	-10	1	208	208	208	208	164	164	420	728
154	11	174	0	his	True	-10	2	0	0	0	0	192	192	192	492
154	11	106	0	his	True	-10	3	128	280	280	280	232	232	232	232
154	11	132	0	his	True	-10	4	0	0	0	0	508	508	508	508
154	11	43	0	his	True	-10	5	0	0	0	0	136	136	944	1236
154	11	138	0	his	True	-10	6	0	0	0	0	188	188	188	1424
154	11	70	0	his	True	-10	7	124	124	124	124	108	108	108	1296
154	11	40	0	his	True	-10	8	316	460	460	1024	0	0	0	0
154	11	197	0	his	True	-10	10	344	344	720	1676	0	0	0	0
154	11	38	0	his	True	-10	11	188	748	748	828	168	168	168	168
154	11	124	0	his	True	-10	12	100	100	172	900	0	0	0	0
154	11	173	0	his	True	-10	13	260	260	260	260	472	472	472	708
154	11	145	0	his	True	-10	14	0	0	0	0	204	204	204	496
154	11	65	0	his	True	-10	15	444	696	696	1116	0	0	0	0
154	11	161	0	his	True	-10	16	240	536	536	536	140	708	708	708
154	11	40	0	his	True	-10	17	0	0	0	0	280	280	280	724
154	11	195	0	his	True	-10	18	164	164	164	260	252	252	252	252
154	11	182	0	his	True	-10	19	228	228	228	860	0	0	0	0
154	11	183	0	his	True	-10	20	0	0	0	0	324	372	1012	1836
154	11	61	0	his	True	-10	21	0	0	0	0	416	416	416	416
154	11	12	0	his	True	-10	22	432	1084	1084	1084	0	0	0	0
154	11	154	0	his	True	-10	23	164	164	164	164	188	188	620	4196
154	11	88	0	his	True	-10	24	0	0	0	0	200	200	200	368
154	11	179	0	his	True	-10	25	0	0	0	0	212	212	212	620
154	11	95	0	his	True	-10	27	220	220	220	668	0	0	0	0
154	11	32	0	his	True	-10	28	324	324	324	324	296	296	296	296
154	11	175	0	his	True	-10	29	164	164	164	164	152	252	252	532
154	11	129	0	his	True	-10	30	0	0	0	0	252	252	440	996
154	11	185	0	his	True	-10	31	0	0	0	0	376	376	376	376
154	11	37	0	his	True	-10	32	192	192	192	192	216	216	432	612
154	11	42	0	his	True	-10	33	288	448	580	2684	0	0	0	0
154	11	4	0	his	True	-10	34	192	192	192	192	168	280	280	280
154	11	60	0	his	True	-10	35	164	164	164	164	176	176	176	620
154	11	28	0	his	True	-10	36	232	232	232	232	164	164	164	832
154	11	193	0	his	True	-10	37	144	144	144	144	184	184	184	544
154	11	74	0	his	True	-10	38	276	276	276	276	72	72	72	440
154	11	194	0	his	True	-10	39	0	0	0	0	172	172	172	376
154	11	40	0	his	True	-10	40	216	216	216	216	236	328	328	2696
154	11	8	0	his	True	-10	41	212	476	476	816	0	0	0	0
154	11	26	0	his	True	-10	42	412	412	412	412	292	424	424	2152
154	11	30	0	his	True	-10	43	160	564	564	564	0	0	0	0
155	1	102	0	He	True	?	1	0	0	0	0	332	460	460	460
155	1	73	0	He	True	?	2	220	220	220	220	160	288	288	288
155	1	143	0	He	True	?	3	356	356	356	356	116	116	116	116
155	1	17	0	He	True	?	4	0	0	0	0	384	384	384	384
155	1	84	0	He	True	?	5	0	0	0	0	0	0	0	0
155	1	23	0	He	True	?	6	28	28	28	28	0	0	0	0
155	1	155	0	He	True	?	7	0	0	0	0	232	324	324	324
155	1	119	0	He	True	?	8	236	236	236	236	200	200	200	200
155	1	177	0	He	True	?	10	272	272	272	272	136	136	136	136
155	1	120	0	He	True	?	11	0	0	0	0	284	392	392	392
155	1	76	0	He	True	?	12	0	0	0	0	248	432	432	432
155	1	197	0	He	True	?	13	308	308	308	308	260	260	260	260
155	1	181	0	He	True	?	14	0	0	0	0	236	376	376	376
155	1	32	0	He	True	?	15	0	0	0	0	0	0	0	0
155	1	90	0	He	True	?	16	0	0	0	0	428	428	428	428
155	1	88	0	He	True	?	17	0	0	0	0	356	356	356	356
155	1	123	0	He	True	?	18	0	0	0	0	316	316	316	316
155	1	189	0	He	True	?	19	0	0	0	0	272	412	412	412
155	1	122	0	He	True	?	20	0	0	0	0	300	300	300	300
155	1	134	0	He	True	?	21	0	0	0	0	192	192	192	192
155	1	19	0	He	True	?	22	0	0	0	0	0	0	0	0
155	1	122	0	He	True	?	23	0	0	0	0	524	524	524	524
155	1	150	0	He	True	?	24	256	256	256	256	132	132	132	132
155	1	131	0	He	True	?	25	0	0	0	0	156	348	348	348
155	1	181	0	He	True	?	27	0	0	0	0	344	344	344	344
155	1	200	0	He	True	?	28	0	0	0	0	0	0	0	0
155	1	94	0	He	True	?	29	0	0	0	0	232	316	316	316
155	1	156	0	He	True	?	30	0	0	0	0	256	564	564	564
155	1	35	0	He	True	?	31	32	32	32	32	252	252	252	252
155	1	21	0	He	True	?	32	224	224	224	224	228	332	332	332
155	1	70	0	He	True	?	33	244	244	244	244	168	168	168	168
155	1	202	0	He	True	?	34	168	168	168	168	0	0	0	0
155	1	107	0	He	True	?	35	0	0	0	0	220	372	372	372
155	1	15	0	He	True	?	36	0	0	0	0	0	0	0	0
155	1	109	0	He	True	?	37	0	0	0	0	224	472	472	472
155	1	75	0	He	True	?	38	124	124	124	124	236	236	236	236
155	1	92	0	He	True	?	39	0	0	0	0	104	104	104	104
155	1	30	0	He	True	?	40	0	0	0	0	236	460	460	552
155	1	47	0	He	True	?	41	0	0	0	0	0	0	0	0
155	1	190	0	He	True	?	42	0	0	0	0	396	396	396	396
155	1	11	0	He	True	?	43	0	0	0	0	296	400	400	400
156	1	116	0	He	True	?	1	312	312	312	312	216	216	216	216
156	1	39	0	He	True	?	2	184	184	184	184	0	0	0	0
156	1	149	0	He	True	?	3	0	0	0	0	332	516	516	516
156	1	61	0	He	True	?	4	256	256	256	256	128	128	128	128
156	1	125	0	He	True	?	5	0	0	0	0	248	408	408	408
156	1	188	0	He	True	?	6	0	0	0	0	188	188	188	188
156	1	81	0	He	True	?	7	220	220	220	220	120	120	120	120
156	1	76	0	He	True	?	8	0	0	0	0	344	344	344	344
156	1	158	0	He	True	?	10	0	0	0	0	268	484	484	484
156	1	152	0	He	True	?	11	272	272	272	272	172	172	172	172
156	1	191	0	He	True	?	12	0	0	0	0	188	188	188	188
156	1	40	0	He	True	?	13	280	280	280	280	0	0	0	0
156	1	98	0	He	True	?	14	40	40	40	40	300	300	300	300
156	1	107	0	He	True	?	15	0	0	0	0	248	248	248	248
156	1	154	0	He	True	?	16	316	316	316	316	144	292	292	292
156	1	18	0	He	True	?	17	0	0	0	0	252	384	384	384
156	1	17	0	He	True	?	18	0	0	0	0	280	472	472	472
156	1	127	0	He	True	?	19	292	292	292	292	52	52	52	52
156	1	161	0	He	True	?	20	0	0	0	0	224	404	404	404
156	1	1	0	He	True	?	21	0	0	0	0	400	400	400	400
156	1	201	0	He	True	?	22	0	0	0	0	236	488	488	488
156	1	152	0	He	True	?	23	228	228	228	228	212	604	604	604
156	1	109	0	He	True	?	24	256	256	256	256	176	176	176	176
156	1	39	0	He	True	?	25	136	136	136	136	0	0	0	0
156	1	122	0	He	True	?	27	0	0	0	0	120	472	472	472
156	1	12	0	He	True	?	28	0	0	0	0	0	0	0	0
156	1	92	0	He	True	?	29	56	56	56	56	240	412	412	412
156	1	105	0	He	True	?	30	0	0	0	0	300	524	524	524
156	1	133	0	He	True	?	31	160	276	276	276	0	0	0	0
156	1	6	0	He	True	?	32	0	0	0	0	0	0	0	0
156	1	31	0	He	True	?	33	320	320	320	320	188	188	188	188
156	1	133	0	He	True	?	34	328	328	328	328	248	408	408	408
156	1	133	0	He	True	?	35	236	236	236	236	144	144	144	144
156	1	149	0	He	True	?	36	0	0	0	0	160	160	160	160
156	1	80	0	He	True	?	37	320	320	320	320	204	204	204	204
156	1	153	0	He	True	?	38	0	0	0	0	56	332	332	332
156	1	179	0	He	True	?	39	0	0	0	0	284	284	284	284
156	1	194	0	He	True	?	40	0	0	0	0	0	0	0	0
156	1	182	0	He	True	?	41	0	0	0	0	0	0	0	0
156	1	77	0	He	True	?	42	0	0	0	0	312	312	312	312
156	1	22	0	He	True	?	43	72	72	72	72	160	292	292	292
156	3	116	0	his	True	-2	1	220	220	220	220	228	228	228	228
156	3	39	0	his	True	-2	2	176	176	332	500	0	0	0	0
156	3	149	0	his	True	-2	3	204	204	204	204	148	148	148	148
156	3	61	0	his	True	-2	4	224	224	224	224	0	0	0	0
156	3	125	0	his	True	-2	5	0	0	0	0	196	196	196	676
156	3	188	0	his	True	-2	6	128	128	128	128	0	0	0	0
156	3	81	0	his	True	-2	7	0	0	0	0	160	160	160	160
156	3	76	0	his	True	-2	8	148	276	276	276	128	128	128	128
156	3	158	0	his	True	-2	10	80	80	80	80	144	144	144	144
156	3	152	0	his	True	-2	11	224	224	356	500	140	140	140	140
156	3	191	0	his	True	-2	12	124	124	124	124	0	0	0	0
156	3	40	0	his	True	-2	13	220	220	220	220	0	0	0	0
156	3	98	0	his	True	-2	14	152	152	152	152	272	272	272	272
156	3	107	0	his	True	-2	15	0	0	0	0	136	264	264	264
156	3	154	0	his	True	-2	16	184	184	184	184	156	156	156	156
156	3	18	0	his	True	-2	17	156	156	156	156	0	0	0	0
156	3	17	0	his	True	-2	18	0	0	0	0	244	244	244	244
156	3	127	0	his	True	-2	19	220	220	220	220	0	0	0	0
156	3	161	0	his	True	-2	20	120	120	120	120	0	0	0	0
156	3	1	0	his	True	-2	21	0	0	0	0	192	192	192	192
156	3	201	0	his	True	-2	22	0	0	0	0	180	324	324	324
156	3	152	0	his	True	-2	23	212	212	212	212	284	284	284	284
156	3	109	0	his	True	-2	24	148	148	148	148	0	0	0	0
156	3	39	0	his	True	-2	25	148	148	148	228	268	328	328	328
156	3	122	0	his	True	-2	27	280	280	280	280	0	0	0	0
156	3	12	0	his	True	-2	28	0	0	0	0	104	104	348	656
156	3	92	0	his	True	-2	29	0	0	0	0	204	360	360	360
156	3	105	0	his	True	-2	30	264	264	264	264	176	176	176	176
156	3	133	0	his	True	-2	31	128	128	128	128	0	0	0	0
156	3	6	0	his	True	-2	32	0	0	0	0	0	0	0	0
156	3	31	0	his	True	-2	33	204	204	204	204	120	120	120	120
156	3	133	0	his	True	-2	34	160	160	160	160	0	0	0	0
156	3	133	0	his	True	-2	35	176	176	176	176	164	164	164	164
156	3	149	0	his	True	-2	36	0	0	0	0	120	120	120	120
156	3	80	0	his	True	-2	37	120	120	120	120	0	0	0	0
156	3	153	0	his	True	-2	38	0	0	0	0	188	344	344	344
156	3	179	0	his	True	-2	39	236	236	236	236	232	232	232	232
156	3	194	0	his	True	-2	40	0	0	0	0	0	0	0	0
156	3	182	0	his	True	-2	41	0	0	0	0	232	232	388	732
156	3	77	0	his	True	-2	42	116	116	116	116	124	124	124	124
156	3	22	0	his	True	-2	43	192	192	192	192	0	0	0	0
156	6	116	0	his	True	-3	1	268	268	268	268	156	156	156	312
156	6	39	0	his	True	-3	2	0	0	0	0	148	284	284	284
156	6	149	0	his	True	-3	3	128	128	128	128	268	268	268	268
156	6	61	0	his	True	-3	4	0	0	0	0	280	280	280	280
156	6	125	0	his	True	-3	5	220	220	220	220	192	192	192	192
156	6	188	0	his	True	-3	6	0	0	0	0	0	0	0	0
156	6	81	0	his	True	-3	7	0	0	0	0	208	208	208	276
156	6	76	0	his	True	-3	8	0	0	0	0	148	148	148	148
156	6	158	0	his	True	-3	10	0	0	0	0	184	276	276	276
156	6	152	0	his	True	-3	11	140	140	140	140	0	0	0	0
156	6	191	0	his	True	-3	12	0	0	0	0	108	108	108	108
156	6	40	0	his	True	-3	13	0	0	0	0	276	276	276	276
156	6	98	0	his	True	-3	14	0	0	0	0	256	256	256	324
156	6	107	0	his	True	-3	15	0	0	0	0	140	140	140	140
156	6	154	0	his	True	-3	16	232	232	232	232	188	336	336	336
156	6	18	0	his	True	-3	17	0	0	0	0	276	276	276	276
156	6	17	0	his	True	-3	18	0	0	0	0	184	184	184	184
156	6	127	0	his	True	-3	19	156	156	156	156	132	132	132	132
156	6	161	0	his	True	-3	20	0	0	0	0	140	140	140	140
156	6	1	0	his	True	-3	21	192	192	192	192	164	164	164	164
156	6	201	0	his	True	-3	22	0	0	0	0	184	184	184	184
156	6	152	0	his	True	-3	23	108	108	108	108	204	504	504	504
156	6	109	0	his	True	-3	24	232	232	232	232	128	128	128	128
156	6	39	0	his	True	-3	25	0	0	0	0	216	340	340	340
156	6	122	0	his	True	-3	27	172	172	172	172	228	228	228	228
156	6	12	0	his	True	-3	28	0	0	0	0	152	152	152	332
156	6	92	0	his	True	-3	29	0	0	0	0	196	196	196	196
156	6	105	0	his	True	-3	30	448	448	448	868	120	120	372	884
156	6	133	0	his	True	-3	31	0	0	0	0	256	256	256	256
156	6	6	0	his	True	-3	32	0	0	0	0	236	236	476	2152
156	6	31	0	his	True	-3	33	0	0	0	0	220	392	392	392
156	6	133	0	his	True	-3	34	208	208	208	208	172	172	172	172
156	6	133	0	his	True	-3	35	144	144	144	144	0	0	0	0
156	6	149	0	his	True	-3	36	0	0	0	0	188	188	188	188
156	6	80	0	his	True	-3	37	156	156	156	156	188	188	188	188
156	6	153	0	his	True	-3	38	0	0	0	0	244	244	244	244
156	6	179	0	his	True	-3	39	0	0	0	0	136	136	136	136
156	6	194	0	his	True	-3	40	0	0	0	0	140	140	140	524
156	6	182	0	his	True	-3	41	152	152	152	152	168	168	168	168
156	6	77	0	his	True	-3	42	0	0	0	0	196	196	196	196
156	6	22	0	his	True	-3	43	200	200	200	200	68	68	68	68
156	11	116	0	his	True	-5	1	252	252	492	624	240	388	564	1936
156	11	39	0	his	True	-5	2	0	0	0	0	204	204	660	824
156	11	149	0	his	True	-5	3	188	344	344	344	148	148	148	148
156	11	61	0	his	True	-5	4	300	300	300	300	388	388	388	584
156	11	125	0	his	True	-5	5	0	0	0	0	212	212	212	720
156	11	188	0	his	True	-5	6	148	148	148	148	0	0	0	0
156	11	81	0	his	True	-5	7	0	0	0	0	96	96	324	1200
156	11	76	0	his	True	-5	8	336	336	336	336	276	276	276	276
156	11	158	0	his	True	-5	10	272	272	508	548	192	192	528	2196
156	11	152	0	his	True	-5	11	208	208	208	208	216	216	216	388
156	11	191	0	his	True	-5	12	0	0	0	0	168	168	688	2068
156	11	40	0	his	True	-5	13	204	204	204	204	312	312	312	692
156	11	98	0	his	True	-5	14	324	324	660	1072	132	132	132	268
156	11	107	0	his	True	-5	15	672	672	672	860	0	0	0	0
156	11	154	0	his	True	-5	16	124	124	124	124	336	712	712	912
156	11	18	0	his	True	-5	17	0	0	0	0	224	224	360	868
156	11	17	0	his	True	-5	18	200	200	464	1172	0	0	0	0
156	11	127	0	his	True	-5	19	512	640	640	640	192	192	192	1320
156	11	161	0	his	True	-5	20	164	164	164	164	180	180	444	1264
156	11	1	0	his	True	-5	21	144	144	144	144	180	180	520	968
156	11	201	0	his	True	-5	22	0	0	0	0	164	164	164	164
156	11	152	0	his	True	-5	23	200	200	200	200	204	204	204	392
156	11	109	0	his	True	-5	24	312	312	312	764	104	104	104	280
156	11	39	0	his	True	-5	25	284	284	284	284	312	312	696	960
156	11	122	0	his	True	-5	27	332	332	332	548	180	248	248	884
156	11	12	0	his	True	-5	28	164	328	328	328	240	240	240	240
156	11	92	0	his	True	-5	29	180	180	180	180	152	268	268	468
156	11	105	0	his	True	-5	30	284	284	284	284	368	368	368	1080
156	11	133	0	his	True	-5	31	0	0	0	0	0	0	0	0
156	11	6	0	his	True	-5	32	196	356	748	1436	264	264	748	1880
156	11	31	0	his	True	-5	33	180	180	924	2556	72	72	72	344
156	11	133	0	his	True	-5	34	336	336	336	336	188	188	280	460
156	11	133	0	his	True	-5	35	164	164	164	164	128	128	128	128
156	11	149	0	his	True	-5	36	0	0	0	0	392	392	392	392
156	11	80	0	his	True	-5	37	180	292	292	292	148	148	284	1516
156	11	153	0	his	True	-5	38	188	188	188	188	224	224	224	464
156	11	179	0	his	True	-5	39	200	200	572	2124	0	0	0	0
156	11	194	0	his	True	-5	40	0	0	0	0	0	0	0	0
156	11	182	0	his	True	-5	41	168	488	596	844	0	0	0	0
156	11	77	0	his	True	-5	42	144	144	144	144	168	168	168	1400
156	11	22	0	his	True	-5	43	268	612	612	708	0	0	0	0
157	1	91	0	He	True	?	1	408	408	408	408	284	284	284	284
157	1	22	0	He	True	?	2	232	232	232	232	64	180	180	180
157	1	169	0	He	True	?	3	0	0	0	0	408	408	408	408
157	1	71	0	He	True	?	4	0	0	0	0	268	404	404	404
157	1	107	0	He	True	?	5	228	228	228	228	0	0	0	0
157	1	48	0	He	True	?	6	0	0	0	0	228	228	228	228
157	1	112	0	He	True	?	7	284	284	284	284	0	0	0	0
157	1	108	0	He	True	?	8	0	0	0	0	228	404	404	404
157	1	129	0	He	True	?	10	156	156	156	156	132	132	132	132
157	1	53	0	He	True	?	11	252	252	252	252	168	168	168	168
157	1	116	0	He	True	?	12	0	0	0	0	152	152	152	152
157	1	174	0	He	True	?	13	320	320	320	320	244	244	244	244
157	1	23	0	He	True	?	14	0	0	0	0	0	0	0	0
157	1	47	0	He	True	?	15	0	0	0	0	0	0	0	0
157	1	149	0	He	True	?	16	292	292	292	292	164	164	164	164
157	1	82	0	He	True	?	17	172	172	172	172	168	168	168	168
157	1	164	0	He	True	?	18	0	0	0	0	324	324	324	324
157	1	3	0	He	True	?	19	284	284	284	284	0	0	0	0
157	1	121	0	He	True	?	20	0	0	0	0	252	252	252	252
157	1	141	0	He	True	?	21	0	0	0	0	232	232	232	232
157	1	57	0	He	True	?	22	116	280	280	280	236	388	388	532
157	1	8	0	He	True	?	23	260	260	260	260	0	0	0	0
157	1	28	0	He	True	?	24	0	0	0	0	272	436	436	436
157	1	180	0	He	True	?	25	0	0	0	0	312	312	312	312
157	1	7	0	He	True	?	27	276	276	276	276	0	0	0	0
157	1	18	0	He	True	?	28	0	0	0	0	0	0	0	0
157	1	73	0	He	True	?	29	0	0	0	0	0	0	0	0
157	1	176	0	He	True	?	30	280	280	280	280	368	368	368	368
157	1	103	0	He	True	?	31	260	260	260	260	0	0	0	0
157	1	58	0	He	True	?	32	224	224	224	224	280	280	280	280
157	1	5	0	He	True	?	33	244	244	244	244	224	224	224	224
157	1	171	0	He	True	?	34	184	184	184	184	148	148	148	148
157	1	56	0	He	True	?	35	0	0	0	0	260	372	372	372
157	1	125	0	He	True	?	36	0	0	0	0	240	240	240	240
157	1	40	0	He	True	?	37	0	0	0	0	36	248	248	304
157	1	64	0	He	True	?	38	20	20	20	20	292	292	292	292
157	1	24	0	He	True	?	39	0	0	0	0	0	0	0	0
157	1	45	0	He	True	?	40	0	0	0	0	248	372	372	372
157	1	73	0	He	True	?	41	0	0	0	0	0	0	0	0
157	1	117	0	He	True	?	42	164	164	164	164	120	120	120	120
157	1	189	0	He	True	?	43	0	0	0	0	272	512	512	512
157	6	91	0	they	True	?	1	172	172	172	172	0	0	0	0
157	6	22	0	they	True	?	2	0	0	0	0	0	0	0	0
157	6	169	0	they	True	?	3	152	152	152	152	120	120	120	120
157	6	71	0	they	True	?	4	156	156	156	156	136	296	296	296
157	6	107	0	they	True	?	5	0	0	0	0	240	240	240	344
157	6	48	0	they	True	?	6	160	160	160	160	276	276	276	276
157	6	112	0	they	True	?	7	128	128	128	128	44	44	44	44
157	6	108	0	they	True	?	8	0	0	0	0	160	252	252	252
157	6	129	0	they	True	?	10	144	144	144	144	148	148	148	148
157	6	53	0	they	True	?	11	208	208	208	208	148	148	148	148
157	6	116	0	they	True	?	12	176	176	176	176	0	0	0	0
157	6	174	0	they	True	?	13	0	0	0	0	180	180	180	180
157	6	23	0	they	True	?	14	208	444	444	444	260	364	364	364
157	6	47	0	they	True	?	15	0	0	0	0	136	136	136	136
157	6	149	0	they	True	?	16	196	320	320	320	192	192	192	192
157	6	82	0	they	True	?	17	0	0	0	0	160	160	160	160
157	6	164	0	they	True	?	18	168	168	168	168	0	0	0	0
157	6	3	0	they	True	?	19	188	188	188	188	156	156	156	156
157	6	121	0	they	True	?	20	0	0	0	0	164	164	164	164
157	6	141	0	they	True	?	21	0	0	0	0	212	212	212	212
157	6	57	0	they	True	?	22	176	176	176	176	220	220	220	220
157	6	8	0	they	True	?	23	172	172	172	172	276	276	276	276
157	6	28	0	they	True	?	24	0	0	0	0	180	180	180	180
157	6	180	0	they	True	?	25	152	260	260	260	152	152	152	152
157	6	7	0	they	True	?	27	228	228	228	228	180	180	180	180
157	6	18	0	they	True	?	28	196	196	196	1552	484	484	484	484
157	6	73	0	they	True	?	29	0	0	0	0	184	184	184	184
157	6	176	0	they	True	?	30	252	252	620	1284	104	104	104	104
157	6	103	0	they	True	?	31	172	172	172	172	0	0	0	0
157	6	58	0	they	True	?	32	196	196	196	196	236	236	236	236
157	6	5	0	they	True	?	33	152	152	152	152	220	220	220	220
157	6	171	0	they	True	?	34	0	0	0	0	136	136	136	136
157	6	56	0	they	True	?	35	136	136	136	136	0	0	0	0
157	6	125	0	they	True	?	36	0	0	0	0	0	0	0	0
157	6	40	0	they	True	?	37	128	292	292	292	200	200	200	200
157	6	64	0	they	True	?	38	276	276	276	276	180	180	180	180
157	6	24	0	they	True	?	39	0	0	0	0	128	128	128	128
157	6	45	0	they	True	?	40	168	168	168	168	120	120	120	120
157	6	73	0	they	True	?	41	168	168	168	168	0	0	0	0
157	6	117	0	they	True	?	42	164	164	164	164	268	268	268	268
157	6	189	0	they	True	?	43	0	0	0	0	164	164	164	164
157	8	91	0	him	True	-7	1	168	168	168	168	0	0	0	0
157	8	22	0	him	True	-7	2	152	152	152	260	0	0	0	0
157	8	169	0	him	True	-7	3	132	280	280	280	0	0	0	0
157	8	71	0	him	True	-7	4	0	0	0	0	164	164	164	164
157	8	107	0	him	True	-7	5	176	176	176	176	0	0	0	0
157	8	48	0	him	True	-7	6	0	0	0	0	0	0	0	0
157	8	112	0	him	True	-7	7	128	128	128	128	0	0	0	0
157	8	108	0	him	True	-7	8	0	0	0	0	148	148	148	148
157	8	129	0	him	True	-7	10	0	0	0	0	172	172	172	172
157	8	53	0	him	True	-7	11	0	0	0	0	148	148	148	148
157	8	116	0	him	True	-7	12	100	100	100	100	0	0	0	0
157	8	174	0	him	True	-7	13	0	0	0	0	240	240	240	240
157	8	23	0	him	True	-7	14	0	0	0	0	188	188	188	188
157	8	47	0	him	True	-7	15	0	0	0	0	0	0	0	0
157	8	149	0	him	True	-7	16	180	180	180	180	0	0	0	0
157	8	82	0	him	True	-7	17	84	84	84	84	0	0	0	0
157	8	164	0	him	True	-7	18	156	156	156	156	0	0	0	0
157	8	3	0	him	True	-7	19	0	0	0	0	216	216	216	216
157	8	121	0	him	True	-7	20	0	0	0	0	0	0	0	0
157	8	141	0	him	True	-7	21	148	148	148	148	0	0	0	0
157	8	57	0	him	True	-7	22	160	160	160	160	0	0	0	0
157	8	8	0	him	True	-7	23	248	248	248	248	0	0	0	0
157	8	28	0	him	True	-7	24	164	164	164	164	0	0	0	0
157	8	180	0	him	True	-7	25	0	0	0	0	0	0	0	0
157	8	7	0	him	True	-7	27	0	0	0	0	0	0	0	0
157	8	18	0	him	True	-7	28	184	184	184	184	180	180	180	180
157	8	73	0	him	True	-7	29	196	196	196	196	0	0	0	0
157	8	176	0	him	True	-7	30	0	0	0	0	116	116	116	116
157	8	103	0	him	True	-7	31	180	180	180	180	0	0	0	0
157	8	58	0	him	True	-7	32	224	224	224	224	0	0	0	0
157	8	5	0	him	True	-7	33	164	164	164	164	0	0	0	0
157	8	171	0	him	True	-7	34	0	0	0	0	108	108	108	108
157	8	56	0	him	True	-7	35	172	172	172	172	0	0	0	0
157	8	125	0	him	True	-7	36	180	180	180	180	0	0	0	0
157	8	40	0	him	True	-7	37	152	152	152	152	176	176	176	176
157	8	64	0	him	True	-7	38	0	0	0	0	228	228	228	228
157	8	24	0	him	True	-7	39	148	148	148	148	0	0	0	0
157	8	45	0	him	True	-7	40	0	0	0	0	136	136	136	136
157	8	73	0	him	True	-7	41	144	144	144	144	204	204	204	204
157	8	117	0	him	True	-7	42	0	0	0	0	168	168	168	168
157	8	189	0	him	True	-7	43	144	144	144	144	0	0	0	0
157	9	91	0	he	True	-1	1	0	0	0	0	300	300	300	476
157	9	22	0	he	True	-1	2	0	0	0	0	128	128	128	128
157	9	169	0	he	True	-1	3	0	0	0	0	216	216	216	216
157	9	71	0	he	True	-1	4	164	164	164	164	252	252	252	252
157	9	107	0	he	True	-1	5	0	0	0	0	0	0	0	0
157	9	48	0	he	True	-1	6	0	0	0	0	0	0	0	0
157	9	112	0	he	True	-1	7	0	0	0	0	0	0	0	0
157	9	108	0	he	True	-1	8	148	148	148	148	240	240	240	240
157	9	129	0	he	True	-1	10	172	172	172	172	0	0	0	0
157	9	53	0	he	True	-1	11	148	148	148	148	148	148	148	148
157	9	116	0	he	True	-1	12	0	0	0	0	256	256	256	256
157	9	174	0	he	True	-1	13	240	240	240	240	0	0	0	0
157	9	23	0	he	True	-1	14	188	188	188	188	0	0	0	0
157	9	47	0	he	True	-1	15	0	0	0	0	148	148	148	148
157	9	149	0	he	True	-1	16	0	0	0	0	212	212	212	212
157	9	82	0	he	True	-1	17	0	0	0	0	256	256	256	256
157	9	164	0	he	True	-1	18	0	0	0	0	236	236	236	236
157	9	3	0	he	True	-1	19	216	216	216	216	0	0	0	0
157	9	121	0	he	True	-1	20	0	0	0	0	140	140	140	140
157	9	141	0	he	True	-1	21	0	0	0	0	0	0	0	0
157	9	57	0	he	True	-1	22	0	0	0	0	164	164	164	164
157	9	8	0	he	True	-1	23	0	0	0	0	176	348	348	348
157	9	28	0	he	True	-1	24	0	0	0	0	0	0	0	0
157	9	180	0	he	True	-1	25	0	0	0	0	200	200	200	200
157	9	7	0	he	True	-1	27	0	0	0	0	268	268	268	268
157	9	18	0	he	True	-1	28	180	180	180	180	0	0	0	0
157	9	73	0	he	True	-1	29	0	0	0	0	216	216	216	216
157	9	176	0	he	True	-1	30	116	116	116	116	236	236	236	236
157	9	103	0	he	True	-1	31	0	0	0	0	0	0	0	0
157	9	58	0	he	True	-1	32	0	0	0	0	200	392	392	392
157	9	5	0	he	True	-1	33	0	0	0	0	184	184	184	184
157	9	171	0	he	True	-1	34	108	108	108	108	0	0	0	0
157	9	56	0	he	True	-1	35	0	0	0	0	172	172	172	172
157	9	125	0	he	True	-1	36	0	0	0	0	0	0	0	0
157	9	40	0	he	True	-1	37	176	176	176	176	108	108	108	108
157	9	64	0	he	True	-1	38	228	228	228	228	0	0	0	0
157	9	24	0	he	True	-1	39	0	0	0	0	0	0	0	0
157	9	45	0	he	True	-1	40	136	136	136	136	0	0	0	0
157	9	73	0	he	True	-1	41	204	204	204	204	108	108	108	108
157	9	117	0	he	True	-1	42	168	168	168	168	0	0	0	0
157	9	189	0	he	True	-1	43	0	0	0	0	100	100	100	100
158	1	12	0	He	True	?	1	296	296	296	296	84	84	84	84
158	1	138	0	He	True	?	2	216	216	216	216	0	0	0	0
158	1	198	0	He	True	?	3	0	0	0	0	480	480	480	480
158	1	40	0	He	True	?	4	0	0	0	0	248	384	384	384
158	1	20	0	He	True	?	5	0	0	0	0	0	0	0	0
158	1	69	0	He	True	?	6	260	260	260	260	0	0	0	0
158	1	31	0	He	True	?	7	220	220	220	220	0	0	0	0
158	1	123	0	He	True	?	8	284	284	284	284	144	144	144	144
158	1	83	0	He	True	?	10	88	88	88	88	204	204	204	204
158	1	110	0	He	True	?	11	256	256	256	256	148	148	148	148
158	1	175	0	He	True	?	12	0	0	0	0	460	460	460	460
158	1	94	0	He	True	?	13	0	0	0	0	308	308	308	308
158	1	74	0	He	True	?	14	0	0	0	0	300	528	528	528
158	1	16	0	He	True	?	15	0	0	0	0	236	236	236	236
158	1	137	0	He	True	?	16	112	112	112	112	188	384	384	384
158	1	175	0	He	True	?	18	0	0	0	0	284	284	284	284
158	1	152	0	He	True	?	19	0	0	0	0	80	80	80	296
158	1	17	0	He	True	?	20	0	0	0	0	180	180	180	180
158	1	158	0	He	True	?	21	0	0	0	0	236	236	236	236
158	1	184	0	He	True	?	22	0	0	0	0	364	364	364	364
158	1	60	0	He	True	?	23	0	0	0	0	264	428	428	428
158	1	82	0	He	True	?	24	0	0	0	0	312	312	312	312
158	1	189	0	He	True	?	25	0	0	0	0	160	312	312	312
158	1	27	0	He	True	?	27	0	0	0	0	444	444	444	444
158	1	125	0	He	True	?	28	0	0	0	0	84	272	636	768
158	1	33	0	He	True	?	29	0	0	0	0	0	0	0	0
158	1	125	0	He	True	?	30	320	320	320	320	232	232	232	232
158	1	72	0	He	True	?	31	248	248	248	248	0	0	0	0
158	1	17	0	He	True	?	32	0	0	0	0	24	24	304	492
158	1	182	0	He	True	?	33	252	252	252	252	152	152	152	152
158	1	156	0	He	True	?	34	204	204	204	204	216	216	216	216
158	1	167	0	He	True	?	35	0	0	0	0	284	284	284	284
158	1	69	0	He	True	?	36	0	0	0	0	144	144	144	144
158	1	141	0	He	True	?	37	0	0	0	0	72	204	204	204
158	1	55	0	He	True	?	38	240	240	240	240	164	164	164	164
158	1	25	0	He	True	?	39	0	0	0	0	0	0	0	0
158	1	49	0	He	True	?	40	248	248	248	248	220	220	220	220
158	1	60	0	He	True	?	41	0	0	0	0	0	0	0	0
158	1	7	0	He	True	?	42	0	0	0	0	0	0	0	0
158	1	151	0	He	True	?	43	0	0	0	0	272	392	392	392
158	3	12	0	his	True	-2	1	128	252	252	252	0	0	0	0
158	3	138	0	his	True	-2	2	316	316	316	316	0	0	0	0
158	3	198	0	his	True	-2	3	200	200	200	200	112	112	112	112
158	3	40	0	his	True	-2	4	168	168	168	168	0	0	0	0
158	3	20	0	his	True	-2	5	0	0	0	0	0	0	0	0
158	3	69	0	his	True	-2	6	124	124	124	124	120	120	120	120
158	3	31	0	his	True	-2	7	128	128	128	128	104	104	104	104
158	3	123	0	his	True	-2	8	140	140	140	140	0	0	0	0
158	3	83	0	his	True	-2	10	184	184	184	184	108	108	108	108
158	3	110	0	his	True	-2	11	160	160	160	160	132	132	132	132
158	3	175	0	his	True	-2	12	184	184	184	184	140	140	140	140
158	3	94	0	his	True	-2	13	220	220	220	220	176	176	176	176
158	3	74	0	his	True	-2	14	312	312	312	312	0	0	0	0
158	3	16	0	his	True	-2	15	0	0	0	0	188	188	188	188
158	3	137	0	his	True	-2	16	324	324	324	324	188	188	188	188
158	3	175	0	his	True	-2	18	0	0	0	0	184	184	184	184
158	3	152	0	his	True	-2	19	192	192	192	192	104	104	104	104
158	3	17	0	his	True	-2	20	0	0	0	0	176	176	176	332
158	3	158	0	his	True	-2	21	124	124	124	124	140	140	140	140
158	3	184	0	his	True	-2	22	156	156	156	156	224	224	224	224
158	3	60	0	his	True	-2	23	172	172	172	172	228	228	228	228
158	3	82	0	his	True	-2	24	240	240	240	240	176	176	176	176
158	3	189	0	his	True	-2	25	128	128	128	128	148	148	148	148
158	3	27	0	his	True	-2	27	0	0	0	0	148	148	148	148
158	3	125	0	his	True	-2	28	348	348	348	348	424	424	424	424
158	3	33	0	his	True	-2	29	0	0	0	0	0	0	0	0
158	3	125	0	his	True	-2	30	340	340	340	340	264	264	264	264
158	3	72	0	his	True	-2	31	196	196	196	196	0	0	0	0
158	3	17	0	his	True	-2	32	200	200	200	200	124	124	124	124
158	3	182	0	his	True	-2	33	144	144	144	144	168	168	168	168
158	3	156	0	his	True	-2	34	0	0	0	0	216	216	216	216
158	3	167	0	his	True	-2	35	164	164	164	164	200	200	200	200
158	3	69	0	his	True	-2	36	0	0	0	0	0	0	0	0
158	3	141	0	his	True	-2	37	140	140	140	140	148	148	148	148
158	3	55	0	his	True	-2	38	0	0	0	0	260	260	472	780
158	3	25	0	his	True	-2	39	0	0	0	0	292	292	292	480
158	3	49	0	his	True	-2	40	0	0	0	0	184	184	184	184
158	3	60	0	his	True	-2	41	0	0	0	0	0	0	0	0
158	3	7	0	his	True	-2	42	0	0	0	0	0	0	0	0
158	3	151	0	his	True	-2	43	0	0	0	0	256	256	256	256
158	6	12	0	his	True	-3	1	0	0	0	0	28	28	28	260
158	6	138	0	his	True	-3	2	0	0	0	0	208	208	208	208
158	6	198	0	his	True	-3	3	0	0	0	0	136	136	136	136
158	6	40	0	his	True	-3	4	156	156	156	156	212	212	212	212
158	6	20	0	his	True	-3	5	0	0	0	0	200	200	372	792
158	6	69	0	his	True	-3	6	0	0	0	0	128	128	128	128
158	6	31	0	his	True	-3	7	0	0	0	0	168	168	168	208
158	6	123	0	his	True	-3	8	208	208	208	208	0	0	0	0
158	6	83	0	his	True	-3	10	212	324	324	324	60	60	60	60
158	6	110	0	his	True	-3	11	0	0	0	0	180	180	180	180
158	6	175	0	his	True	-3	12	288	288	288	288	124	124	124	124
158	6	94	0	his	True	-3	13	168	168	168	168	340	340	340	340
158	6	74	0	his	True	-3	14	236	236	236	236	112	112	112	112
158	6	16	0	his	True	-3	15	0	0	0	0	132	132	132	132
158	6	137	0	his	True	-3	16	200	200	200	200	208	368	368	368
158	6	175	0	his	True	-3	18	228	228	228	228	0	0	0	0
158	6	152	0	his	True	-3	19	140	140	140	140	88	196	196	196
158	6	17	0	his	True	-3	20	0	0	0	0	152	152	152	152
158	6	158	0	his	True	-3	21	132	132	132	132	136	136	136	136
158	6	184	0	his	True	-3	22	204	204	204	204	200	200	200	256
158	6	60	0	his	True	-3	23	228	228	228	228	264	408	408	408
158	6	82	0	his	True	-3	24	304	304	304	304	144	144	144	372
158	6	189	0	his	True	-3	25	164	284	284	284	0	0	0	0
158	6	27	0	his	True	-3	27	328	328	328	328	0	0	0	0
158	6	125	0	his	True	-3	28	180	180	396	524	396	396	396	396
158	6	33	0	his	True	-3	29	160	160	160	160	136	136	136	136
158	6	125	0	his	True	-3	30	160	160	160	160	352	352	352	516
158	6	72	0	his	True	-3	31	148	148	148	148	140	140	140	140
158	6	17	0	his	True	-3	32	280	280	280	280	156	156	156	156
158	6	182	0	his	True	-3	33	172	172	172	172	32	32	32	32
158	6	156	0	his	True	-3	34	212	212	212	212	180	180	180	180
158	6	167	0	his	True	-3	35	160	160	160	160	160	160	160	160
158	6	69	0	his	True	-3	36	180	180	180	180	0	0	0	0
158	6	141	0	his	True	-3	37	172	172	172	172	144	144	144	144
158	6	55	0	his	True	-3	38	204	204	204	204	264	264	264	264
158	6	25	0	his	True	-3	39	0	0	0	0	216	216	216	216
158	6	49	0	his	True	-3	40	0	0	0	0	176	176	176	176
158	6	60	0	his	True	-3	41	0	0	0	0	252	252	252	984
158	6	7	0	his	True	-3	42	0	0	0	0	0	0	0	0
158	6	151	0	his	True	-3	43	120	120	120	120	156	156	156	156
159	1	5	0	He	True	?	1	256	344	344	344	0	0	0	0
159	1	117	0	He	True	?	2	216	216	216	216	0	0	0	0
159	1	78	0	He	True	?	3	0	0	0	0	0	0	0	0
159	1	174	0	He	True	?	4	0	0	0	0	268	440	440	440
159	1	111	0	He	True	?	5	0	0	0	0	0	0	0	0
159	1	64	0	He	True	?	6	48	48	48	48	196	196	196	196
159	1	203	0	He	True	?	7	236	236	236	236	0	0	0	0
159	1	30	0	He	True	?	8	260	260	260	260	260	260	260	260
159	1	30	0	He	True	?	9	0	0	0	0	244	244	244	244
159	1	175	0	He	True	?	10	0	0	0	0	0	0	0	0
159	1	190	0	He	True	?	11	292	292	292	292	180	180	180	180
159	1	148	0	He	True	?	12	0	0	0	0	320	320	320	320
159	1	93	0	He	True	?	13	284	284	284	284	164	164	164	164
159	1	105	0	He	True	?	14	0	0	0	0	132	132	132	132
159	1	172	0	He	True	?	15	0	0	0	0	112	244	244	244
159	1	97	0	He	True	?	16	0	0	0	0	152	152	360	464
159	1	36	0	He	True	?	17	0	0	0	0	232	368	368	368
159	1	58	0	He	True	?	18	0	0	0	0	248	316	316	316
159	1	150	0	He	True	?	19	276	276	276	276	0	0	0	0
159	1	108	0	He	True	?	20	0	0	0	0	240	240	240	240
159	1	194	0	He	True	?	21	0	0	0	0	0	0	0	0
159	1	151	0	He	True	?	22	0	0	0	0	240	240	240	240
159	1	121	0	He	True	?	23	268	268	268	268	156	156	156	156
159	1	182	0	He	True	?	24	224	224	224	224	0	0	0	0
159	1	96	0	He	True	?	25	0	0	0	0	0	0	0	0
159	1	72	0	He	True	?	27	0	0	0	0	0	0	0	0
159	1	110	0	He	True	?	28	0	0	0	0	132	704	704	704
159	1	5	0	He	True	?	29	0	0	0	0	0	0	0	0
159	1	201	0	He	True	?	30	0	0	0	0	296	752	752	752
159	1	168	0	He	True	?	31	0	0	0	0	0	0	0	0
159	1	68	0	He	True	?	32	228	228	228	228	228	228	228	228
159	1	123	0	He	True	?	33	244	244	244	244	164	608	608	608
159	1	168	0	He	True	?	34	332	332	332	332	124	124	124	124
159	1	97	0	He	True	?	35	0	0	0	0	228	228	228	228
159	1	152	0	He	True	?	36	0	0	0	0	0	0	0	0
159	1	142	0	He	True	?	37	0	0	0	0	36	36	36	36
159	1	84	0	He	True	?	38	0	0	0	0	260	404	404	404
159	1	20	0	He	True	?	39	0	0	0	0	0	0	0	0
159	1	108	0	He	True	?	40	0	0	0	0	0	0	0	0
159	1	159	0	He	True	?	41	0	0	0	0	0	0	0	0
159	1	79	0	He	True	?	42	0	0	0	0	0	0	0	0
159	1	140	0	He	True	?	43	0	0	0	0	280	280	280	412
159	10	5	0	his	True	-9	1	136	136	136	136	236	236	236	236
159	10	117	0	his	True	-9	2	96	96	96	96	164	164	164	164
159	10	78	0	his	True	-9	3	160	160	160	160	172	172	172	172
159	10	174	0	his	True	-9	4	96	96	96	96	148	316	316	316
159	10	111	0	his	True	-9	5	188	188	188	188	436	436	436	2108
159	10	64	0	his	True	-9	6	372	372	372	372	0	0	0	0
159	10	203	0	his	True	-9	7	160	160	160	160	160	160	160	160
159	10	30	0	his	True	-9	8	0	0	0	0	228	228	228	228
159	10	30	0	his	True	-9	9	0	0	0	0	188	188	188	188
159	10	175	0	his	True	-9	10	168	168	168	168	148	148	148	148
159	10	190	0	his	True	-9	11	156	156	156	156	136	272	272	272
159	10	148	0	his	True	-9	12	0	0	0	0	176	176	176	176
159	10	93	0	his	True	-9	13	0	0	0	0	264	264	264	264
159	10	105	0	his	True	-9	14	0	0	0	0	328	328	328	328
159	10	172	0	his	True	-9	15	168	168	168	168	0	0	0	0
159	10	97	0	his	True	-9	16	0	0	0	0	240	436	436	436
159	10	36	0	his	True	-9	17	192	192	192	192	224	320	320	320
159	10	58	0	his	True	-9	18	0	0	0	0	172	172	172	172
159	10	150	0	his	True	-9	19	0	0	0	0	156	300	300	300
159	10	108	0	his	True	-9	20	128	128	128	128	0	0	0	0
159	10	194	0	his	True	-9	21	228	228	228	228	232	232	232	592
159	10	151	0	his	True	-9	22	0	0	0	0	288	464	464	464
159	10	121	0	his	True	-9	23	0	0	0	0	168	544	544	544
159	10	182	0	his	True	-9	24	0	0	0	0	312	312	312	456
159	10	96	0	his	True	-9	25	124	124	124	340	188	316	316	316
159	10	72	0	his	True	-9	27	148	148	148	148	172	432	432	684
159	10	110	0	his	True	-9	28	0	0	0	0	296	440	440	440
159	10	5	0	his	True	-9	29	0	0	0	0	128	244	244	244
159	10	201	0	his	True	-9	30	0	0	0	0	404	404	404	404
159	10	168	0	his	True	-9	31	172	172	172	172	120	120	120	120
159	10	68	0	his	True	-9	32	0	0	0	0	208	364	364	364
159	10	123	0	his	True	-9	33	0	0	0	0	140	264	264	264
159	10	168	0	his	True	-9	34	176	176	176	176	240	240	240	1264
159	10	97	0	his	True	-9	35	208	208	208	208	160	160	160	160
159	10	152	0	his	True	-9	36	200	200	200	200	0	0	0	0
159	10	142	0	his	True	-9	37	164	164	164	164	152	152	152	152
159	10	84	0	his	True	-9	38	0	0	0	0	204	372	372	372
159	10	20	0	his	True	-9	39	140	140	140	140	0	0	0	0
159	10	108	0	his	True	-9	40	0	0	0	0	152	332	332	332
159	10	159	0	his	True	-9	41	244	244	244	244	236	236	236	236
159	10	79	0	his	True	-9	42	212	212	212	528	240	240	240	240
159	10	140	0	his	True	-9	43	176	176	176	176	120	120	120	120
161	9	29	0	it	False	-4	1	0	0	0	0	216	216	216	216
161	9	13	0	it	False	-4	2	0	0	0	0	0	0	0	0
161	9	191	0	it	False	-4	3	380	380	380	380	0	0	0	0
161	9	51	0	it	False	-4	4	0	0	0	0	288	288	288	288
161	9	133	0	it	False	-4	5	0	0	0	0	0	0	0	0
161	9	152	0	it	False	-4	6	0	0	0	0	0	0	0	0
161	9	28	0	it	False	-4	7	0	0	0	0	0	0	0	0
161	9	66	0	it	False	-4	8	0	0	0	0	188	188	188	188
161	9	35	0	it	False	-4	9	0	0	0	0	0	0	0	0
161	9	18	0	it	False	-4	10	124	124	124	124	0	0	0	0
161	9	95	0	it	False	-4	11	256	256	256	256	76	76	76	236
161	9	4	0	it	False	-4	12	0	0	0	0	0	0	0	0
161	9	89	0	it	False	-4	13	0	0	0	0	216	216	216	216
161	9	73	0	it	False	-4	14	0	0	0	0	160	160	160	160
161	9	10	0	it	False	-4	15	124	124	124	124	0	0	0	0
161	9	178	0	it	False	-4	16	116	116	116	116	0	0	0	0
161	9	15	0	it	False	-4	18	0	0	0	0	288	288	288	288
161	9	169	0	it	False	-4	19	0	0	0	0	256	256	256	256
161	9	141	0	it	False	-4	20	0	0	0	0	0	0	0	0
161	9	31	0	it	False	-4	21	0	0	0	0	0	0	0	0
161	9	173	0	it	False	-4	22	0	0	0	0	0	0	0	0
161	9	127	0	it	False	-4	23	168	168	168	168	360	360	360	360
161	9	186	0	it	False	-4	24	0	0	0	0	0	0	0	0
161	9	24	0	it	False	-4	25	0	0	0	0	0	0	0	0
161	9	147	0	it	False	-4	27	0	0	0	0	256	256	256	256
161	9	165	0	it	False	-4	28	128	128	128	128	0	0	0	0
161	9	102	0	it	False	-4	29	0	0	0	0	164	164	164	164
161	9	65	0	it	False	-4	30	204	204	204	204	0	0	0	0
161	9	90	0	it	False	-4	31	0	0	0	0	0	0	0	0
161	9	145	0	it	False	-4	32	0	0	0	0	200	200	200	200
161	9	166	0	it	False	-4	33	0	0	0	0	168	168	168	168
161	9	6	0	it	False	-4	34	176	176	176	176	0	0	0	0
161	9	92	0	it	False	-4	35	0	0	0	0	0	0	0	0
161	9	72	0	it	False	-4	36	0	0	0	0	0	0	0	0
161	9	176	0	it	False	-4	37	0	0	0	0	156	156	156	156
161	9	40	0	it	False	-4	38	0	0	0	0	0	0	0	0
161	9	46	0	it	False	-4	39	0	0	0	0	0	0	0	0
161	9	199	0	it	False	-4	40	148	148	148	944	0	0	0	0
161	9	194	0	it	False	-4	41	220	220	220	220	284	284	284	284
161	9	45	0	it	False	-4	42	0	0	0	0	132	132	132	132
161	9	84	0	it	False	-4	43	0	0	0	0	0	0	0	0
162	8	52	0	his	False	-4	1	248	248	248	408	216	216	216	216
162	8	171	0	his	False	-4	2	0	0	0	0	140	140	140	140
162	8	90	0	his	False	-4	3	224	224	224	224	164	164	164	164
162	8	175	0	his	False	-4	4	260	260	260	260	132	132	132	132
162	8	99	0	his	False	-4	5	300	300	300	300	168	168	168	168
162	8	19	0	his	False	-4	6	144	144	144	144	0	0	0	0
162	8	4	0	his	False	-4	7	164	164	164	164	0	0	0	0
162	8	183	0	his	False	-4	8	192	192	192	192	156	156	156	156
162	8	91	0	his	False	-4	10	0	0	0	0	144	144	144	144
162	8	158	0	his	False	-4	11	196	196	196	196	148	148	148	148
162	8	42	0	his	False	-4	12	0	0	0	0	184	292	292	292
162	8	51	0	his	False	-4	13	200	200	200	200	208	208	208	208
162	8	188	0	his	False	-4	14	140	140	140	140	156	156	156	156
162	8	187	0	his	False	-4	15	0	0	0	0	156	156	156	156
162	8	183	0	his	False	-4	16	148	148	148	148	160	160	160	160
162	8	162	0	his	False	-4	17	204	204	204	204	248	248	248	248
162	8	110	0	his	False	-4	18	220	220	220	220	0	0	0	0
162	8	197	0	his	False	-4	19	220	220	220	220	152	152	152	152
162	8	172	0	his	False	-4	20	0	0	0	0	236	236	236	236
162	8	128	0	his	False	-4	21	164	164	164	164	320	320	320	1040
162	8	22	0	his	False	-4	22	316	316	316	316	208	208	208	208
162	8	115	0	his	False	-4	23	272	272	272	272	220	220	220	220
162	8	38	0	his	False	-4	24	0	0	0	0	192	192	192	192
162	8	196	0	his	False	-4	25	184	184	184	184	168	168	168	168
162	8	150	0	his	False	-4	27	296	296	296	648	296	424	424	540
162	8	162	0	his	False	-4	28	0	0	0	0	240	240	240	240
162	8	11	0	his	False	-4	29	180	180	180	180	0	0	0	0
162	8	205	0	his	False	-4	30	696	696	696	696	268	268	268	268
162	8	180	0	his	False	-4	31	160	160	160	160	0	0	0	0
162	8	124	0	his	False	-4	32	200	200	200	200	248	248	248	248
162	8	155	0	his	False	-4	33	56	56	56	660	132	280	280	280
162	8	88	0	his	False	-4	34	200	200	200	200	144	144	144	144
162	8	75	0	his	False	-4	35	0	0	0	0	160	160	160	160
162	8	23	0	his	False	-4	36	184	184	184	184	0	0	0	0
162	8	3	0	his	False	-4	37	148	148	148	148	276	276	276	276
162	8	85	0	his	False	-4	38	216	216	216	332	0	0	0	0
162	8	31	0	his	False	-4	39	0	0	0	0	236	236	236	236
162	8	130	0	his	False	-4	40	0	0	0	0	144	144	144	280
162	8	126	0	his	False	-4	41	168	284	284	284	176	176	176	176
162	8	126	0	his	False	-4	42	188	188	188	188	176	176	176	176
162	8	188	0	his	False	-4	43	0	0	0	0	136	136	136	136
162	11	52	0	his	False	-3	1	396	396	396	396	628	628	628	1968
162	11	171	0	his	False	-3	2	0	0	0	0	464	464	464	464
162	11	90	0	his	False	-3	3	220	220	220	220	0	0	0	0
162	11	175	0	his	False	-3	4	192	192	384	652	136	136	264	3060
162	11	99	0	his	False	-3	5	0	0	0	0	168	168	168	820
162	11	19	0	his	False	-3	6	0	0	0	0	0	0	0	0
162	11	4	0	his	False	-3	7	212	212	212	1224	172	172	460	620
162	11	183	0	his	False	-3	8	0	0	0	0	188	188	188	188
162	11	91	0	his	False	-3	10	0	0	0	0	264	264	264	1536
162	11	158	0	his	False	-3	11	188	188	188	364	168	168	168	168
162	11	42	0	his	False	-3	12	124	124	512	1484	0	0	0	0
162	11	51	0	his	False	-3	13	0	0	0	0	288	600	600	904
162	11	188	0	his	False	-3	14	0	0	0	0	156	156	156	832
162	11	187	0	his	False	-3	15	256	256	560	880	172	172	172	536
162	11	183	0	his	False	-3	16	224	224	320	1352	0	0	0	0
162	11	162	0	his	False	-3	17	0	0	0	0	232	232	232	852
162	11	110	0	his	False	-3	18	212	212	212	212	316	316	316	316
162	11	197	0	his	False	-3	19	0	0	0	0	220	220	220	1464
162	11	172	0	his	False	-3	20	0	0	0	0	200	200	432	2568
162	11	128	0	his	False	-3	21	196	196	196	196	184	184	304	596
162	11	22	0	his	False	-3	22	0	0	0	0	232	232	824	1204
162	11	115	0	his	False	-3	23	0	0	0	0	244	244	1064	1804
162	11	38	0	his	False	-3	24	0	0	0	0	100	100	296	1868
162	11	196	0	his	False	-3	25	196	196	384	724	292	292	472	804
162	11	150	0	his	False	-3	27	264	264	264	264	0	0	0	0
162	11	162	0	his	False	-3	28	0	0	0	0	160	160	160	328
162	11	11	0	his	False	-3	29	156	156	156	156	100	100	100	792
162	11	205	0	his	False	-3	30	0	0	0	0	292	720	720	720
162	11	180	0	his	False	-3	31	148	148	148	148	268	268	268	268
162	11	124	0	his	False	-3	32	248	248	248	248	244	244	244	244
162	11	155	0	his	False	-3	33	120	120	120	120	0	0	0	0
162	11	88	0	his	False	-3	34	0	0	0	0	196	400	400	400
162	11	75	0	his	False	-3	35	188	188	188	188	172	172	172	172
162	11	23	0	his	False	-3	36	0	0	0	0	0	0	0	0
162	11	3	0	his	False	-3	37	0	0	0	0	316	316	412	2440
162	11	85	0	his	False	-3	38	180	180	180	180	292	292	532	2784
162	11	31	0	his	False	-3	39	212	212	212	856	0	0	0	0
162	11	130	0	his	False	-3	40	0	0	0	0	200	200	200	676
162	11	126	0	his	False	-3	41	0	0	0	0	112	112	112	436
162	11	126	0	his	False	-3	42	0	0	0	0	252	252	252	1352
162	11	188	0	his	False	-3	43	240	240	240	896	0	0	0	0
163	11	38	0	he	False	-5	1	0	0	0	0	180	180	180	632
163	11	177	0	he	False	-5	2	0	0	0	0	172	616	616	940
163	11	201	0	he	False	-5	3	0	0	0	0	428	428	428	428
163	11	197	0	he	False	-5	4	0	0	0	0	208	208	208	804
163	11	10	0	he	False	-5	5	0	0	0	0	184	184	660	1876
163	11	8	0	he	False	-5	6	0	0	0	0	332	332	332	904
163	11	45	0	he	False	-5	7	0	0	0	0	168	168	844	2276
163	11	138	0	he	False	-5	8	0	0	0	0	316	316	316	316
163	11	173	0	he	False	-5	10	0	0	0	0	276	376	632	1696
163	11	157	0	he	False	-5	11	0	0	0	0	228	312	312	476
163	11	24	0	he	False	-5	12	204	204	204	204	312	312	312	756
163	11	201	0	he	False	-5	13	0	0	0	0	208	556	556	556
163	11	7	0	he	False	-5	14	0	0	0	0	376	460	460	460
163	11	99	0	he	False	-5	15	204	204	204	204	236	236	236	236
163	11	31	0	he	False	-5	16	0	0	0	0	268	268	268	1704
163	11	38	0	he	False	-5	17	0	0	0	0	164	164	212	760
163	11	62	0	he	False	-5	18	0	0	0	0	284	332	332	484
163	11	76	0	he	False	-5	19	0	0	0	0	352	352	352	748
163	11	25	0	he	False	-5	20	196	196	196	196	188	188	388	2012
163	11	115	0	he	False	-5	21	440	564	564	564	200	200	200	200
163	11	197	0	he	False	-5	22	0	0	0	0	212	212	456	1000
163	11	111	0	he	False	-5	23	160	160	160	160	212	520	520	2520
163	11	45	0	he	False	-5	24	0	0	0	0	152	152	504	744
163	11	50	0	he	False	-5	25	0	0	0	0	224	224	224	328
163	11	62	0	he	False	-5	27	0	0	0	0	328	328	328	1012
163	11	205	0	he	False	-5	28	0	0	0	0	260	656	656	656
163	11	162	0	he	False	-5	29	124	124	124	124	272	272	272	604
163	11	169	0	he	False	-5	30	0	0	0	0	316	752	752	752
163	11	161	0	he	False	-5	31	0	0	0	0	288	288	288	288
163	11	151	0	he	False	-5	32	0	0	0	0	244	244	244	244
163	11	59	0	he	False	-5	33	0	0	0	0	204	300	392	1124
163	11	35	0	he	False	-5	34	0	0	0	0	0	0	0	0
163	11	9	0	he	False	-5	35	200	200	200	200	344	576	576	752
163	11	35	0	he	False	-5	36	0	0	0	0	0	0	0	0
163	11	181	0	he	False	-5	37	0	0	0	0	80	80	288	676
163	11	90	0	he	False	-5	38	0	0	0	0	280	280	280	660
163	11	142	0	he	False	-5	39	0	0	0	0	216	216	216	500
163	11	176	0	he	False	-5	40	0	0	0	0	0	0	0	0
163	11	186	0	he	False	-5	41	272	272	272	272	116	268	268	584
163	11	57	0	he	False	-5	42	0	0	0	0	268	484	484	484
163	11	141	0	he	False	-5	43	0	0	0	0	220	376	376	708
164	1	27	0	It	True	?	1	344	344	344	344	0	0	0	0
164	1	165	0	It	True	?	2	224	224	224	224	0	0	0	0
164	1	119	0	It	True	?	3	0	0	0	0	380	380	380	380
164	1	170	0	It	True	?	4	336	336	336	336	0	0	0	0
164	1	100	0	It	True	?	5	232	232	232	232	0	0	0	0
164	1	93	0	It	True	?	6	0	0	0	0	0	0	0	0
164	1	176	0	It	True	?	7	232	232	232	232	108	108	108	108
164	1	62	0	It	True	?	8	0	0	0	0	504	504	504	504
164	1	44	0	It	True	?	10	0	0	0	0	288	288	288	288
164	1	96	0	It	True	?	11	28	224	224	224	220	220	220	220
164	1	158	0	It	True	?	12	0	0	0	0	0	0	0	0
164	1	83	0	It	True	?	13	0	0	0	0	264	396	396	396
164	1	107	0	It	True	?	14	160	160	160	160	236	236	236	236
164	1	198	0	It	True	?	15	0	0	0	0	0	0	0	0
164	1	176	0	It	True	?	16	128	128	128	128	200	200	200	200
164	1	12	0	It	True	?	17	28	28	28	28	0	0	0	0
164	1	197	0	It	True	?	18	0	0	0	0	280	280	280	280
164	1	147	0	It	True	?	19	0	0	0	0	220	336	336	336
164	1	152	0	It	True	?	20	0	0	0	0	0	0	0	0
164	1	59	0	It	True	?	21	0	0	0	0	120	256	256	256
164	1	134	0	It	True	?	22	0	0	0	0	368	368	368	368
164	1	182	0	It	True	?	23	0	0	0	0	208	568	568	732
164	1	111	0	It	True	?	24	256	256	256	256	160	160	160	160
164	1	150	0	It	True	?	25	0	0	0	0	0	0	0	0
164	1	153	0	It	True	?	27	200	200	200	200	276	276	276	276
164	1	76	0	It	True	?	28	0	0	0	0	0	0	0	0
164	1	198	0	It	True	?	29	0	0	0	0	280	280	280	280
164	1	29	0	It	True	?	30	368	368	368	368	372	600	600	600
164	1	204	0	It	True	?	31	0	0	0	0	288	288	288	288
164	1	35	0	It	True	?	32	216	216	216	216	196	196	196	444
164	1	88	0	It	True	?	33	236	236	236	236	128	128	128	128
164	1	83	0	It	True	?	34	0	0	0	0	148	148	148	268
164	1	94	0	It	True	?	35	0	0	0	0	232	232	232	232
164	1	88	0	It	True	?	36	0	0	0	0	216	216	216	216
164	1	158	0	It	True	?	37	0	0	0	0	0	0	0	0
164	1	1	0	It	True	?	38	244	244	244	244	140	140	140	140
164	1	87	0	It	True	?	39	0	0	0	0	0	0	0	0
164	1	109	0	It	True	?	40	0	0	0	0	0	0	0	0
164	1	118	0	It	True	?	41	0	0	0	0	0	0	0	0
164	1	84	0	It	True	?	42	0	0	0	0	272	272	272	272
164	1	67	0	It	True	?	43	0	0	0	0	276	416	416	416
165	1	42	0	It	True	?	1	296	296	296	296	144	480	480	480
165	1	69	0	It	True	?	2	0	0	0	0	224	224	224	224
165	1	25	0	It	True	?	3	0	0	0	0	0	0	0	0
165	1	20	0	It	True	?	4	0	0	0	0	380	380	380	380
165	1	136	0	It	True	?	5	0	0	0	0	0	0	0	0
165	1	186	0	It	True	?	6	0	0	0	0	0	0	0	0
165	1	90	0	It	True	?	7	232	232	232	232	0	0	0	0
165	1	149	0	It	True	?	8	44	44	44	44	224	224	224	224
165	1	117	0	It	True	?	10	0	0	0	0	0	0	0	0
165	1	105	0	It	True	?	11	248	248	248	248	260	260	260	260
165	1	147	0	It	True	?	12	0	0	0	0	236	236	236	236
165	1	136	0	It	True	?	13	324	324	324	324	304	304	304	304
165	1	194	0	It	True	?	14	68	68	68	68	252	252	252	252
165	1	100	0	It	True	?	15	0	0	0	0	236	236	236	236
165	1	179	0	It	True	?	16	0	0	0	0	0	0	0	0
165	1	86	0	It	True	?	18	0	0	0	0	0	0	0	0
165	1	171	0	It	True	?	19	232	232	232	232	0	0	0	0
165	1	2	0	It	True	?	20	0	0	0	0	0	0	0	0
165	1	191	0	It	True	?	21	0	0	0	0	0	0	0	0
165	1	193	0	It	True	?	22	0	0	0	0	0	0	0	0
165	1	142	0	It	True	?	23	260	260	260	260	156	156	156	156
165	1	7	0	It	True	?	24	0	0	0	0	0	0	0	0
165	1	74	0	It	True	?	25	0	0	0	0	0	0	0	0
165	1	126	0	It	True	?	27	0	0	0	0	0	0	0	0
165	1	169	0	It	True	?	28	0	0	0	0	264	264	264	444
165	1	103	0	It	True	?	29	0	0	0	0	264	324	324	324
165	1	160	0	It	True	?	30	0	0	0	0	0	0	0	0
165	1	23	0	It	True	?	31	48	48	48	48	172	172	172	172
165	1	56	0	It	True	?	32	376	376	376	376	164	164	164	164
165	1	169	0	It	True	?	33	300	300	300	300	180	180	180	180
165	1	41	0	It	True	?	34	0	0	0	0	256	256	256	256
165	1	197	0	It	True	?	35	252	252	252	252	140	140	140	140
165	1	155	0	It	True	?	36	0	0	0	0	0	0	0	0
165	1	174	0	It	True	?	37	0	0	0	0	0	0	0	0
165	1	70	0	It	True	?	38	0	0	0	0	240	240	240	240
165	1	145	0	It	True	?	39	0	0	0	0	0	0	0	0
165	1	117	0	It	True	?	40	0	0	0	0	0	0	0	0
165	1	166	0	It	True	?	41	0	0	0	0	0	0	0	0
165	1	25	0	It	True	?	42	0	0	0	0	0	0	0	0
165	1	18	0	It	True	?	43	0	0	0	0	272	384	384	384
165	10	42	0	we	True	?	1	0	0	0	0	204	448	448	448
165	10	69	0	we	True	?	2	168	168	168	168	152	568	568	568
165	10	25	0	we	True	?	3	156	156	156	156	144	416	416	416
165	10	20	0	we	True	?	4	0	0	0	0	504	504	504	504
165	10	136	0	we	True	?	5	32	64	64	776	152	152	152	152
165	10	186	0	we	True	?	6	0	0	0	0	0	0	0	0
165	10	90	0	we	True	?	7	0	0	0	0	164	164	296	1300
165	10	149	0	we	True	?	8	244	244	244	244	360	360	360	360
165	10	117	0	we	True	?	10	0	0	0	0	148	456	676	2324
165	10	105	0	we	True	?	11	132	132	132	132	196	320	320	424
165	10	147	0	we	True	?	12	216	216	216	216	152	152	228	1012
165	10	136	0	we	True	?	13	0	0	0	0	244	452	452	752
165	10	194	0	we	True	?	14	404	404	404	908	0	0	0	0
165	10	100	0	we	True	?	15	0	0	0	0	528	528	528	1192
165	10	179	0	we	True	?	16	208	208	208	208	268	428	428	428
165	10	86	0	we	True	?	18	200	200	200	200	160	160	160	340
165	10	171	0	we	True	?	19	0	0	0	0	184	184	492	1328
165	10	2	0	we	True	?	20	0	0	0	0	180	180	180	180
165	10	191	0	we	True	?	21	0	0	0	0	372	640	640	640
165	10	193	0	we	True	?	22	0	0	0	0	240	540	540	540
165	10	142	0	we	True	?	23	0	0	0	0	236	516	516	516
165	10	7	0	we	True	?	24	0	0	0	0	284	284	284	376
165	10	74	0	we	True	?	25	0	0	0	0	224	224	524	624
165	10	126	0	we	True	?	27	0	0	0	0	216	432	432	432
165	10	169	0	we	True	?	28	336	336	336	336	164	488	488	488
165	10	103	0	we	True	?	29	288	288	288	288	248	324	324	324
165	10	160	0	we	True	?	30	0	0	0	0	272	272	272	464
165	10	23	0	we	True	?	31	0	0	0	0	140	140	140	140
165	10	56	0	we	True	?	32	240	240	240	240	260	488	828	1148
165	10	169	0	we	True	?	33	0	0	0	0	280	444	768	916
165	10	41	0	we	True	?	34	188	188	188	188	244	244	244	244
165	10	197	0	we	True	?	35	0	0	0	0	196	196	196	196
165	10	155	0	we	True	?	36	0	0	0	0	0	0	0	0
165	10	174	0	we	True	?	37	0	0	0	0	168	448	448	792
165	10	70	0	we	True	?	38	192	192	192	192	0	0	0	0
165	10	145	0	we	True	?	39	0	0	0	0	264	264	332	820
165	10	117	0	we	True	?	40	0	0	0	0	256	256	256	256
165	10	166	0	we	True	?	41	0	0	0	0	176	176	176	308
165	10	25	0	we	True	?	42	248	248	248	384	172	172	172	172
165	10	18	0	we	True	?	43	156	156	156	156	196	332	332	332
169	2	173	0	us	True	?	1	0	0	0	0	368	368	368	368
169	2	131	0	us	True	?	2	0	0	0	0	204	204	204	296
169	2	188	0	us	True	?	3	320	452	452	452	156	156	156	156
169	2	72	0	us	True	?	4	0	0	0	0	136	276	276	276
169	2	23	0	us	True	?	5	0	0	0	0	0	0	0	0
169	2	56	0	us	True	?	6	0	0	0	0	132	132	132	132
169	2	138	0	us	True	?	7	216	216	216	216	0	0	0	0
169	2	47	0	us	True	?	8	296	428	428	428	156	156	156	156
169	2	53	0	us	True	?	10	124	124	124	124	340	340	340	340
169	2	20	0	us	True	?	11	128	128	128	128	0	0	0	0
169	2	174	0	us	True	?	12	216	216	216	216	396	520	520	520
169	2	2	0	us	True	?	13	0	0	0	0	232	232	232	232
169	2	12	0	us	True	?	14	0	0	0	0	0	0	0	0
169	2	23	0	us	True	?	15	0	0	0	0	0	0	0	0
169	2	198	0	us	True	?	16	0	0	0	0	196	196	196	196
169	2	28	0	us	True	?	17	344	344	344	344	0	0	0	0
169	2	154	0	us	True	?	18	0	0	0	0	136	136	136	136
169	2	30	0	us	True	?	19	124	332	332	332	148	148	148	148
169	2	86	0	us	True	?	20	0	0	0	0	140	140	140	372
169	2	3	0	us	True	?	21	24	200	200	200	172	172	172	172
169	2	155	0	us	True	?	22	400	400	400	400	120	328	328	328
169	2	116	0	us	True	?	23	232	232	232	232	156	156	156	156
169	2	46	0	us	True	?	24	332	468	468	572	292	292	292	292
169	2	144	0	us	True	?	25	0	0	0	0	232	232	368	528
169	2	8	0	us	True	?	27	0	0	0	0	112	112	444	792
169	2	177	0	us	True	?	28	0	0	0	0	232	232	392	640
169	2	91	0	us	True	?	29	268	268	268	336	196	196	196	196
169	2	17	0	us	True	?	30	260	260	260	364	192	192	192	192
169	2	172	0	us	True	?	31	0	0	0	0	160	160	160	160
169	2	59	0	us	True	?	32	180	180	180	180	208	208	208	208
169	2	97	0	us	True	?	33	148	584	584	584	80	116	116	116
169	2	107	0	us	True	?	34	252	252	252	252	204	204	204	204
169	2	147	0	us	True	?	35	0	0	0	0	204	204	204	204
169	2	52	0	us	True	?	36	0	0	0	0	256	256	256	256
169	2	20	0	us	True	?	37	0	0	0	0	104	104	104	104
169	2	39	0	us	True	?	38	292	292	292	292	176	176	176	176
169	2	43	0	us	True	?	39	0	0	0	0	0	0	0	0
169	2	55	0	us	True	?	40	0	0	0	0	0	0	0	0
169	2	34	0	us	True	?	41	0	0	0	0	272	340	340	472
169	2	196	0	us	True	?	42	296	296	296	296	112	112	112	112
169	2	150	0	us	True	?	43	0	0	0	0	244	244	244	244
172	3	185	0	they	True	?	1	244	244	244	244	236	236	236	236
172	3	178	0	they	True	?	2	152	152	152	152	84	84	84	84
172	3	111	0	they	True	?	3	380	380	380	380	172	172	172	172
172	3	99	0	they	True	?	4	0	0	0	0	200	404	404	404
172	3	179	0	they	True	?	5	232	232	232	232	248	248	248	248
172	3	169	0	they	True	?	6	0	0	0	0	112	112	112	112
172	3	128	0	they	True	?	7	104	104	104	104	176	176	176	176
172	3	186	0	they	True	?	8	144	144	144	144	172	172	172	172
172	3	172	0	they	True	?	10	120	120	120	120	136	136	136	136
172	3	47	0	they	True	?	11	160	160	160	160	172	172	172	172
172	3	103	0	they	True	?	12	144	144	144	144	296	296	296	532
172	3	168	0	they	True	?	13	88	88	88	88	136	136	136	136
172	3	5	0	they	True	?	14	0	0	0	0	176	332	332	532
172	3	81	0	they	True	?	15	0	0	0	0	152	152	152	152
172	3	153	0	they	True	?	16	192	192	192	192	228	352	352	580
172	3	96	0	they	True	?	17	0	0	0	0	348	348	348	348
172	3	1	0	they	True	?	18	172	172	172	172	0	0	0	0
172	3	14	0	they	True	?	19	164	164	164	164	124	124	124	124
172	3	182	0	they	True	?	20	332	332	332	332	160	160	160	160
172	3	197	0	they	True	?	21	232	232	232	232	136	136	136	136
172	3	161	0	they	True	?	22	252	252	476	736	284	284	284	284
172	3	163	0	they	True	?	23	136	136	240	460	52	376	376	376
172	3	130	0	they	True	?	24	192	192	192	192	168	168	168	168
172	3	143	0	they	True	?	25	136	136	136	136	124	260	260	260
172	3	109	0	they	True	?	27	184	184	184	184	320	320	320	320
172	3	198	0	they	True	?	28	236	236	236	236	260	260	524	740
172	3	61	0	they	True	?	29	0	0	0	0	228	228	228	228
172	3	121	0	they	True	?	30	256	256	256	256	228	560	560	560
172	3	77	0	they	True	?	31	196	196	196	196	192	192	192	192
172	3	46	0	they	True	?	32	260	260	260	260	180	180	180	376
172	3	58	0	they	True	?	33	152	152	152	152	200	200	200	200
172	3	64	0	they	True	?	34	212	212	212	212	168	168	168	168
172	3	47	0	they	True	?	35	272	272	272	272	196	196	196	196
172	3	64	0	they	True	?	36	0	0	0	0	132	132	132	132
172	3	6	0	they	True	?	37	124	124	124	124	132	272	272	272
172	3	7	0	they	True	?	38	204	204	204	204	172	172	172	172
172	3	199	0	they	True	?	39	164	164	164	164	276	276	276	276
172	3	93	0	they	True	?	40	0	0	0	0	0	0	0	0
172	3	93	0	they	True	?	41	0	0	0	0	0	0	0	0
172	3	27	0	they	True	?	42	0	0	0	0	0	0	0	0
172	3	152	0	they	True	?	43	0	0	0	0	88	288	288	288
172	6	185	0	him	True	-5	1	368	368	368	368	0	0	0	0
172	6	178	0	him	True	-5	2	176	176	176	176	0	0	0	0
172	6	111	0	him	True	-5	3	168	168	168	168	180	180	180	180
172	6	99	0	him	True	-5	4	0	0	0	0	0	0	0	0
172	6	179	0	him	True	-5	5	0	0	0	0	212	212	212	212
172	6	169	0	him	True	-5	6	0	0	0	0	116	116	116	116
172	6	128	0	him	True	-5	7	0	0	0	0	144	144	144	144
172	6	186	0	him	True	-5	8	192	192	192	192	0	0	0	0
172	6	172	0	him	True	-5	10	216	280	280	280	0	0	0	0
172	6	47	0	him	True	-5	11	220	220	444	1772	0	0	0	0
172	6	103	0	him	True	-5	12	124	124	124	268	0	0	0	0
172	6	168	0	him	True	-5	13	0	0	0	0	248	248	248	248
172	6	5	0	him	True	-5	14	0	0	0	0	112	112	288	508
172	6	81	0	him	True	-5	15	256	256	384	1044	0	0	0	0
172	6	153	0	him	True	-5	16	152	308	308	308	0	0	0	0
172	6	96	0	him	True	-5	17	264	264	264	264	0	0	0	0
172	6	1	0	him	True	-5	18	0	0	0	0	176	176	176	176
172	6	14	0	him	True	-5	19	200	200	200	200	0	0	0	0
172	6	182	0	him	True	-5	20	140	140	140	140	172	172	172	172
172	6	197	0	him	True	-5	21	140	140	140	140	148	148	148	148
172	6	161	0	him	True	-5	22	412	412	412	412	0	0	0	0
172	6	163	0	him	True	-5	23	380	380	380	380	372	372	372	372
172	6	130	0	him	True	-5	24	224	224	224	224	152	152	152	152
172	6	143	0	him	True	-5	25	84	84	84	84	0	0	0	0
172	6	109	0	him	True	-5	27	144	144	144	144	0	0	0	0
172	6	198	0	him	True	-5	28	364	364	364	364	0	0	0	0
172	6	61	0	him	True	-5	29	128	252	252	252	0	0	0	0
172	6	121	0	him	True	-5	30	0	0	0	0	228	436	436	436
172	6	77	0	him	True	-5	31	236	236	236	236	0	0	0	0
172	6	46	0	him	True	-5	32	268	268	268	268	0	0	0	0
172	6	58	0	him	True	-5	33	0	0	0	0	328	328	328	328
172	6	64	0	him	True	-5	34	164	164	164	164	0	0	0	0
172	6	47	0	him	True	-5	35	212	212	212	212	208	208	208	208
172	6	64	0	him	True	-5	36	244	244	244	244	0	0	0	0
172	6	6	0	him	True	-5	37	252	252	252	252	0	0	0	0
172	6	7	0	him	True	-5	38	188	188	188	188	208	208	376	1116
172	6	199	0	him	True	-5	39	0	0	0	0	0	0	0	0
172	6	93	0	him	True	-5	40	216	216	216	256	0	0	0	0
172	6	93	0	him	True	-5	41	136	136	356	668	148	148	148	148
172	6	27	0	him	True	-5	42	0	0	0	0	232	232	232	1500
172	6	152	0	him	True	-5	43	148	148	148	148	188	188	188	188
172	8	185	0	that	True	-3	1	184	184	184	184	140	140	140	140
172	8	178	0	that	True	-3	2	180	180	180	180	0	0	0	0
172	8	111	0	that	True	-3	3	184	184	184	184	104	272	272	272
172	8	99	0	that	True	-3	4	228	228	228	228	200	200	200	200
172	8	179	0	that	True	-3	5	0	0	0	0	272	272	272	272
172	8	169	0	that	True	-3	6	0	0	0	0	0	0	0	0
172	8	128	0	that	True	-3	7	80	80	140	352	0	0	0	0
172	8	186	0	that	True	-3	8	212	212	212	212	160	160	160	160
172	8	172	0	that	True	-3	10	188	188	188	188	0	0	0	0
172	8	47	0	that	True	-3	11	116	116	116	116	184	184	184	184
172	8	103	0	that	True	-3	12	112	112	112	544	0	0	0	0
172	8	168	0	that	True	-3	13	348	348	348	348	208	208	208	208
172	8	5	0	that	True	-3	14	0	0	0	0	208	208	208	208
172	8	81	0	that	True	-3	15	0	0	0	0	144	144	144	144
172	8	153	0	that	True	-3	16	212	420	420	420	172	172	172	172
172	8	96	0	that	True	-3	17	364	364	364	364	0	0	0	0
172	8	1	0	that	True	-3	18	0	0	0	0	236	236	236	236
172	8	14	0	that	True	-3	19	204	204	204	204	0	0	0	0
172	8	182	0	that	True	-3	20	0	0	0	0	152	152	152	152
172	8	197	0	that	True	-3	21	380	380	380	380	52	52	200	732
172	8	161	0	that	True	-3	22	256	256	256	256	0	0	0	0
172	8	163	0	that	True	-3	23	408	408	408	408	144	428	568	2388
172	8	130	0	that	True	-3	24	556	748	748	748	0	0	0	0
172	8	143	0	that	True	-3	25	172	172	172	172	216	216	216	216
172	8	109	0	that	True	-3	27	200	200	200	200	148	148	148	148
172	8	198	0	that	True	-3	28	292	292	292	292	224	412	840	1208
172	8	61	0	that	True	-3	29	200	200	200	200	0	0	0	0
172	8	121	0	that	True	-3	30	252	440	440	440	0	0	0	0
172	8	77	0	that	True	-3	31	192	192	192	192	128	128	128	128
172	8	46	0	that	True	-3	32	188	188	188	188	256	256	256	256
172	8	58	0	that	True	-3	33	168	168	168	168	168	168	168	168
172	8	64	0	that	True	-3	34	176	176	176	176	0	0	0	0
172	8	47	0	that	True	-3	35	0	0	0	0	192	192	192	192
172	8	64	0	that	True	-3	36	0	0	0	0	232	232	232	232
172	8	6	0	that	True	-3	37	176	320	320	320	136	136	136	136
172	8	7	0	that	True	-3	38	160	160	160	160	0	0	0	0
172	8	199	0	that	True	-3	39	188	188	188	188	0	0	0	0
172	8	93	0	that	True	-3	40	200	200	200	200	88	88	88	628
172	8	93	0	that	True	-3	41	208	208	208	208	160	160	160	160
172	8	27	0	that	True	-3	42	176	176	176	176	208	208	208	208
172	8	152	0	that	True	-3	43	164	164	164	164	148	148	148	148
173	4	202	0	he	False	-3	1	0	0	0	0	232	588	588	588
173	4	9	0	he	False	-3	2	0	0	0	0	152	152	152	152
173	4	164	0	he	False	-3	3	304	304	304	304	188	188	188	188
173	4	185	0	he	False	-3	4	0	0	0	0	312	312	312	312
173	4	199	0	he	False	-3	5	0	0	0	0	212	212	212	212
173	4	20	0	he	False	-3	6	0	0	0	0	188	188	188	188
173	4	140	0	he	False	-3	7	136	136	136	136	132	132	132	132
173	4	154	0	he	False	-3	8	164	164	164	164	140	140	140	140
173	4	199	0	he	False	-3	10	0	0	0	0	92	244	244	244
173	4	78	0	he	False	-3	11	144	144	144	144	136	136	136	136
173	4	101	0	he	False	-3	12	0	0	0	0	444	444	444	444
173	4	6	0	he	False	-3	13	204	204	204	204	0	0	0	0
173	4	189	0	he	False	-3	14	0	0	0	0	248	248	248	248
173	4	98	0	he	False	-3	15	232	232	232	232	56	56	56	56
173	4	51	0	he	False	-3	16	216	216	216	216	304	812	812	812
173	4	149	0	he	False	-3	17	0	0	0	0	212	212	212	212
173	4	159	0	he	False	-3	18	0	0	0	0	200	200	200	200
173	4	108	0	he	False	-3	19	0	0	0	0	124	124	124	124
173	4	177	0	he	False	-3	20	136	136	136	136	144	144	144	144
173	4	148	0	he	False	-3	21	152	152	152	152	272	400	400	400
173	4	83	0	he	False	-3	22	0	0	0	0	252	252	252	252
173	4	157	0	he	False	-3	23	220	220	220	220	260	600	600	748
173	4	121	0	he	False	-3	24	160	412	412	412	292	452	452	452
173	4	52	0	he	False	-3	25	84	84	84	84	0	0	0	0
173	4	143	0	he	False	-3	27	0	0	0	0	316	316	316	316
173	4	6	0	he	False	-3	28	28	28	28	280	92	128	128	128
173	4	196	0	he	False	-3	29	0	0	0	0	232	232	232	232
173	4	76	0	he	False	-3	30	264	264	264	264	308	308	308	308
173	4	202	0	he	False	-3	31	0	0	0	0	172	172	172	172
173	4	101	0	he	False	-3	32	184	184	184	184	224	224	224	224
173	4	203	0	he	False	-3	33	0	0	0	0	212	212	212	212
173	4	203	0	he	False	-3	34	0	0	0	0	208	208	208	208
173	4	53	0	he	False	-3	35	0	0	0	0	204	204	204	204
173	4	42	0	he	False	-3	36	0	0	0	0	228	228	228	428
173	4	192	0	he	False	-3	37	232	232	232	232	328	732	732	732
173	4	13	0	he	False	-3	38	0	0	0	0	224	224	224	224
173	4	159	0	he	False	-3	39	0	0	0	0	152	152	152	152
173	4	14	0	he	False	-3	40	216	216	216	216	168	484	484	484
173	4	62	0	he	False	-3	41	0	0	0	0	0	0	0	0
173	4	164	0	he	False	-3	42	0	0	0	0	240	240	240	240
173	4	3	0	he	False	-3	43	124	124	124	124	224	224	224	224
173	11	202	0	his	False	-7	1	0	0	0	0	368	368	368	1008
173	11	9	0	his	False	-7	2	0	0	0	0	144	144	488	712
173	11	164	0	his	False	-7	3	212	212	416	580	0	0	0	0
173	11	185	0	his	False	-7	4	0	0	0	0	248	248	248	468
173	11	199	0	his	False	-7	5	0	0	0	0	204	204	204	808
173	11	20	0	his	False	-7	6	0	0	0	0	0	0	0	0
173	11	140	0	his	False	-7	7	224	224	424	3204	0	0	0	0
173	11	154	0	his	False	-7	8	0	0	0	0	124	124	124	124
173	11	199	0	his	False	-7	10	200	200	200	200	224	224	500	1320
173	11	78	0	his	False	-7	11	0	0	0	0	316	316	316	752
173	11	101	0	his	False	-7	12	256	256	256	256	84	84	84	1116
173	11	6	0	his	False	-7	13	0	0	0	0	496	772	772	772
173	11	189	0	his	False	-7	14	0	0	0	0	380	380	380	504
173	11	98	0	his	False	-7	15	472	472	472	712	0	0	0	0
173	11	51	0	his	False	-7	16	184	476	476	476	416	416	416	416
173	11	149	0	his	False	-7	17	336	336	336	428	232	232	232	828
173	11	159	0	his	False	-7	18	0	0	0	0	344	344	344	344
173	11	108	0	his	False	-7	19	92	92	92	156	76	164	164	988
173	11	177	0	his	False	-7	20	0	0	0	0	256	256	256	2240
173	11	148	0	his	False	-7	21	304	304	304	476	172	172	172	172
173	11	83	0	his	False	-7	22	284	284	284	284	232	232	232	708
173	11	157	0	his	False	-7	23	0	0	0	0	204	568	840	5064
173	11	121	0	his	False	-7	24	0	0	0	0	172	172	172	1184
173	11	52	0	his	False	-7	25	0	0	0	0	184	184	376	956
173	11	143	0	his	False	-7	27	244	244	244	244	172	172	172	972
173	11	6	0	his	False	-7	28	88	88	88	244	196	620	888	1504
173	11	196	0	his	False	-7	29	256	256	256	256	196	196	196	348
173	11	76	0	his	False	-7	30	0	0	0	0	264	664	664	664
173	11	202	0	his	False	-7	31	0	0	0	0	112	112	112	112
173	11	101	0	his	False	-7	32	160	160	160	160	104	104	104	104
173	11	203	0	his	False	-7	33	0	0	0	0	208	344	344	1236
173	11	203	0	his	False	-7	34	500	500	500	632	120	120	120	120
173	11	53	0	his	False	-7	35	0	0	0	0	312	312	312	424
173	11	42	0	his	False	-7	36	232	448	604	860	80	80	80	80
173	11	192	0	his	False	-7	37	0	0	0	0	200	200	200	200
173	11	13	0	his	False	-7	38	0	0	0	0	212	212	212	440
173	11	159	0	his	False	-7	39	0	0	0	0	152	152	152	968
173	11	14	0	his	False	-7	40	132	132	240	468	172	360	360	788
173	11	62	0	his	False	-7	41	272	272	272	272	180	180	180	556
173	11	164	0	his	False	-7	42	0	0	0	0	204	204	204	1064
173	11	3	0	his	False	-7	43	288	288	288	288	108	108	108	272
174	9	78	0	it	True	?	1	0	0	0	0	216	216	216	216
174	9	160	0	it	True	?	2	132	132	132	132	196	196	196	196
174	9	175	0	it	True	?	3	0	0	0	0	160	160	380	632
174	9	149	0	it	True	?	4	0	0	0	0	228	228	228	228
174	9	143	0	it	True	?	5	152	152	152	152	0	0	0	0
174	9	117	0	it	True	?	6	0	0	0	0	204	204	204	1336
174	9	64	0	it	True	?	7	0	0	0	0	188	188	188	1304
174	9	131	0	it	True	?	8	140	140	140	140	232	232	232	232
174	9	21	0	it	True	?	9	156	156	156	156	216	216	216	216
174	9	45	0	it	True	?	10	0	0	0	0	260	260	260	260
174	9	81	0	it	True	?	11	0	0	0	0	196	196	196	196
174	9	16	0	it	True	?	12	0	0	0	0	0	0	0	0
174	9	66	0	it	True	?	13	316	316	316	316	504	504	504	504
174	9	129	0	it	True	?	14	304	304	304	304	228	228	228	228
174	9	110	0	it	True	?	15	0	0	0	0	148	236	236	748
174	9	101	0	it	True	?	16	260	260	260	260	68	68	68	68
174	9	132	0	it	True	?	17	0	0	0	0	352	560	560	2588
174	9	161	0	it	True	?	18	0	0	0	0	304	304	304	396
174	9	65	0	it	True	?	19	0	0	0	0	228	228	536	1120
174	9	129	0	it	True	?	20	0	0	0	0	0	0	0	0
174	9	183	0	it	True	?	21	200	200	200	296	144	144	144	144
174	9	205	0	it	True	?	22	0	0	0	0	388	388	388	792
174	9	147	0	it	True	?	23	0	0	0	0	344	344	344	344
174	9	134	0	it	True	?	24	160	160	160	160	0	0	0	0
174	9	23	0	it	True	?	25	0	0	0	0	244	476	476	476
174	9	148	0	it	True	?	27	0	0	0	0	288	288	288	288
174	9	62	0	it	True	?	28	0	0	0	0	184	184	184	184
174	9	93	0	it	True	?	29	0	0	0	0	212	212	212	212
174	9	15	0	it	True	?	30	140	140	140	140	276	432	432	1456
174	9	114	0	it	True	?	31	160	160	160	160	0	0	0	0
174	9	195	0	it	True	?	32	0	0	0	0	160	160	160	160
174	9	132	0	it	True	?	33	148	148	148	148	404	404	404	404
174	9	53	0	it	True	?	34	0	0	0	0	136	136	136	136
174	9	72	0	it	True	?	35	140	140	140	140	156	156	156	156
174	9	151	0	it	True	?	36	0	0	0	0	0	0	0	0
174	9	69	0	it	True	?	37	0	0	0	0	348	720	720	720
174	9	41	0	it	True	?	38	0	0	0	0	424	424	424	424
174	9	72	0	it	True	?	39	0	0	0	0	232	232	232	232
174	9	62	0	it	True	?	40	0	0	0	0	156	156	156	156
174	9	158	0	it	True	?	41	156	156	156	156	0	0	0	0
174	9	121	0	it	True	?	42	120	120	120	120	0	0	0	0
174	9	24	0	it	True	?	43	0	0	0	0	120	120	120	120
175	1	177	0	She	True	?	1	56	392	392	392	268	268	268	364
175	1	135	0	She	True	?	2	196	196	196	196	168	168	168	168
175	1	110	0	She	True	?	3	320	320	320	320	164	164	164	164
175	1	115	0	She	True	?	4	0	0	0	0	492	1304	1304	1464
175	1	119	0	She	True	?	5	0	0	0	0	260	480	480	480
175	1	76	0	She	True	?	6	224	224	224	224	124	124	124	124
175	1	191	0	She	True	?	7	0	0	0	0	236	360	360	360
175	1	171	0	She	True	?	8	0	0	0	0	244	372	372	372
175	1	162	0	She	True	?	10	0	0	0	0	304	488	488	488
175	1	83	0	She	True	?	11	240	240	240	240	228	228	228	228
175	1	7	0	She	True	?	12	0	0	0	0	260	516	516	516
175	1	22	0	She	True	?	13	268	268	268	268	132	132	132	132
175	1	162	0	She	True	?	14	0	0	0	0	344	492	492	492
175	1	141	0	She	True	?	15	60	60	60	60	212	212	212	212
175	1	53	0	She	True	?	16	264	264	264	264	252	356	356	356
175	1	56	0	She	True	?	17	0	0	0	0	0	0	0	0
175	1	128	0	She	True	?	18	0	0	0	0	108	108	108	276
175	1	163	0	She	True	?	19	280	280	280	280	204	204	204	204
175	1	10	0	She	True	?	20	0	0	0	0	136	736	736	736
175	1	54	0	She	True	?	21	212	212	212	212	136	136	136	136
175	1	163	0	She	True	?	22	148	148	148	148	508	676	676	676
175	1	19	0	She	True	?	23	328	328	328	328	220	664	664	664
175	1	192	0	She	True	?	24	0	0	0	0	304	512	696	972
175	1	153	0	She	True	?	25	0	0	0	0	264	616	616	616
175	1	124	0	She	True	?	27	0	0	0	0	128	632	632	632
175	1	71	0	She	True	?	28	0	0	0	0	84	84	328	516
175	1	88	0	She	True	?	29	0	0	0	0	232	232	232	344
175	1	52	0	She	True	?	30	256	256	256	256	288	528	528	528
175	1	106	0	She	True	?	31	0	0	0	0	276	276	276	276
175	1	137	0	She	True	?	32	364	364	364	364	244	364	364	364
175	1	124	0	She	True	?	33	248	408	408	408	168	168	168	168
175	1	84	0	She	True	?	34	0	0	0	0	296	500	500	500
175	1	84	0	She	True	?	35	0	0	0	0	240	436	436	436
175	1	30	0	She	True	?	36	0	0	0	0	232	232	232	232
175	1	136	0	She	True	?	37	0	0	0	0	24	24	380	548
175	1	71	0	She	True	?	38	32	32	32	32	200	424	424	424
175	1	118	0	She	True	?	39	0	0	0	0	0	0	0	0
175	1	24	0	She	True	?	40	0	0	0	0	216	332	332	520
175	1	42	0	She	True	?	41	0	0	0	0	240	240	240	380
175	1	142	0	She	True	?	42	268	268	268	268	196	196	196	196
175	1	58	0	She	True	?	43	300	300	300	300	124	124	124	124
175	7	177	0	this	True	?	1	0	0	0	0	300	300	300	300
175	7	135	0	this	True	?	2	132	132	132	132	72	72	72	72
175	7	110	0	this	True	?	3	160	352	556	884	156	156	156	156
175	7	115	0	this	True	?	4	192	192	192	192	264	448	448	448
175	7	119	0	this	True	?	5	132	132	132	132	236	236	236	236
175	7	76	0	this	True	?	6	0	0	0	0	284	284	284	284
175	7	191	0	this	True	?	7	152	152	344	684	176	276	276	276
175	7	171	0	this	True	?	8	300	300	300	300	192	192	192	192
175	7	162	0	this	True	?	10	0	0	0	0	396	396	552	736
175	7	83	0	this	True	?	11	132	132	316	528	168	168	544	764
175	7	7	0	this	True	?	12	196	196	196	196	264	264	264	264
175	7	22	0	this	True	?	13	264	264	264	264	272	396	396	396
175	7	162	0	this	True	?	14	276	276	512	652	160	160	160	576
175	7	141	0	this	True	?	15	0	0	0	0	0	0	0	0
175	7	53	0	this	True	?	16	184	184	184	184	120	120	304	764
175	7	56	0	this	True	?	17	0	0	0	0	0	0	0	0
175	7	128	0	this	True	?	18	252	252	252	252	0	0	0	0
175	7	163	0	this	True	?	19	176	300	300	300	0	0	0	0
175	7	10	0	this	True	?	20	0	0	0	0	320	320	320	320
175	7	54	0	this	True	?	21	92	92	92	92	0	0	0	0
175	7	163	0	this	True	?	22	732	1136	1136	1136	216	216	216	216
175	7	19	0	this	True	?	23	208	424	424	424	124	124	336	740
175	7	192	0	this	True	?	24	204	204	204	204	136	136	280	768
175	7	153	0	this	True	?	25	212	212	212	212	120	120	120	120
175	7	124	0	this	True	?	27	256	256	256	256	316	316	316	316
175	7	71	0	this	True	?	28	212	212	212	212	132	132	132	132
175	7	88	0	this	True	?	29	0	0	0	0	228	480	480	480
175	7	52	0	this	True	?	30	252	696	696	696	408	408	408	408
175	7	106	0	this	True	?	31	356	356	356	356	0	0	0	0
175	7	137	0	this	True	?	32	160	696	696	696	216	216	216	216
175	7	124	0	this	True	?	33	192	452	452	452	156	156	156	156
175	7	84	0	this	True	?	34	172	172	172	172	288	288	288	520
175	7	84	0	this	True	?	35	252	252	252	252	0	0	0	0
175	7	30	0	this	True	?	36	0	0	0	0	168	168	168	168
175	7	136	0	this	True	?	37	128	128	128	128	0	0	0	0
175	7	71	0	this	True	?	38	120	120	120	120	0	0	0	0
175	7	118	0	this	True	?	39	0	0	0	0	268	268	268	268
175	7	24	0	this	True	?	40	176	176	312	524	0	0	0	0
175	7	42	0	this	True	?	41	256	256	256	256	0	0	0	0
175	7	142	0	this	True	?	42	140	140	140	140	0	0	0	0
175	7	58	0	this	True	?	43	0	0	0	0	276	276	276	276
175	9	177	0	she	True	-8	1	136	136	136	136	260	260	260	260
175	9	135	0	she	True	-8	2	120	120	120	120	0	0	0	0
175	9	110	0	she	True	-8	3	232	232	232	232	108	108	108	108
175	9	115	0	she	True	-8	4	0	0	0	0	252	252	252	252
175	9	119	0	she	True	-8	5	0	0	0	0	236	372	372	372
175	9	76	0	she	True	-8	6	0	0	0	0	0	0	0	0
175	9	191	0	she	True	-8	7	64	64	64	64	0	0	0	0
175	9	171	0	she	True	-8	8	92	92	92	92	264	264	264	264
175	9	162	0	she	True	-8	10	136	136	136	136	0	0	0	0
175	9	83	0	she	True	-8	11	0	0	0	0	140	140	140	140
175	9	7	0	she	True	-8	12	228	228	228	228	152	152	152	152
175	9	22	0	she	True	-8	13	0	0	0	0	232	232	232	232
175	9	162	0	she	True	-8	14	152	384	384	384	0	0	0	0
175	9	141	0	she	True	-8	15	244	244	244	492	0	0	0	0
175	9	53	0	she	True	-8	16	192	192	192	192	0	0	0	0
175	9	56	0	she	True	-8	17	160	160	160	160	0	0	0	0
175	9	128	0	she	True	-8	18	208	208	208	208	172	172	172	172
175	9	163	0	she	True	-8	19	88	88	88	88	184	184	184	184
175	9	10	0	she	True	-8	20	0	0	0	0	136	136	136	136
175	9	54	0	she	True	-8	21	216	216	216	216	148	148	148	148
175	9	163	0	she	True	-8	22	0	0	0	0	404	568	568	568
175	9	19	0	she	True	-8	23	0	0	0	0	128	128	340	508
175	9	192	0	she	True	-8	24	192	192	192	192	136	136	136	136
175	9	153	0	she	True	-8	25	0	0	0	0	160	160	160	280
175	9	124	0	she	True	-8	27	0	0	0	0	376	376	376	376
175	9	71	0	she	True	-8	28	280	280	280	280	160	160	160	300
175	9	88	0	she	True	-8	29	0	0	0	0	112	112	112	112
175	9	52	0	she	True	-8	30	264	264	368	2280	540	540	540	540
175	9	106	0	she	True	-8	31	148	148	148	148	0	0	0	0
175	9	137	0	she	True	-8	32	0	0	0	0	172	172	172	172
175	9	124	0	she	True	-8	33	0	0	0	0	156	312	312	312
175	9	84	0	she	True	-8	34	0	0	0	0	360	360	360	572
175	9	84	0	she	True	-8	35	188	188	188	188	208	208	208	208
175	9	30	0	she	True	-8	36	196	196	196	196	0	0	0	0
175	9	136	0	she	True	-8	37	172	364	364	364	144	144	144	144
175	9	71	0	she	True	-8	38	212	212	212	212	240	240	240	240
175	9	118	0	she	True	-8	39	0	0	0	0	164	164	164	164
175	9	24	0	she	True	-8	40	132	132	132	132	136	136	136	136
175	9	42	0	she	True	-8	41	204	204	204	204	148	148	148	148
175	9	142	0	she	True	-8	42	240	240	240	240	148	148	148	148
175	9	58	0	she	True	-8	43	0	0	0	0	148	148	148	148
176	6	7	0	her	True	?	1	280	280	280	280	196	196	384	664
176	6	151	0	her	True	?	2	140	288	288	468	0	0	0	0
176	6	51	0	her	True	?	3	136	572	572	572	0	0	0	0
176	6	15	0	her	True	?	4	192	192	192	192	152	152	152	152
176	6	63	0	her	True	?	5	212	212	212	356	228	228	228	228
176	6	28	0	her	True	?	6	0	0	0	0	188	188	188	188
176	6	117	0	her	True	?	7	0	0	0	0	136	136	136	428
176	6	87	0	her	True	?	8	256	256	256	256	140	140	140	140
176	6	13	0	her	True	?	9	208	252	252	252	164	164	164	164
176	6	85	0	her	True	?	10	140	140	140	140	0	0	0	0
176	6	127	0	her	True	?	11	208	208	208	208	116	116	116	380
176	6	173	0	her	True	?	12	264	264	264	264	244	244	244	1248
176	6	203	0	her	True	?	13	260	260	260	260	0	0	0	0
176	6	148	0	her	True	?	14	296	296	296	296	164	164	164	164
176	6	69	0	her	True	?	15	0	0	0	0	256	384	384	384
176	6	92	0	her	True	?	16	180	416	416	520	168	328	328	448
176	6	156	0	her	True	?	17	160	320	320	320	244	244	244	244
176	6	199	0	her	True	?	18	136	136	136	136	0	0	0	0
176	6	84	0	her	True	?	19	232	232	232	232	140	140	140	140
176	6	126	0	her	True	?	20	140	140	140	140	280	280	280	280
176	6	22	0	her	True	?	21	228	324	324	324	140	140	140	140
176	6	7	0	her	True	?	22	200	200	200	200	176	432	432	432
176	6	35	0	her	True	?	23	248	396	396	396	264	264	264	264
176	6	11	0	her	True	?	24	404	404	404	404	112	112	304	456
176	6	137	0	her	True	?	25	180	180	180	180	208	208	208	208
176	6	46	0	her	True	?	27	280	444	444	444	180	336	336	336
176	6	74	0	her	True	?	28	144	144	144	144	280	280	280	280
176	6	68	0	her	True	?	29	192	192	192	192	192	192	192	192
176	6	48	0	her	True	?	30	0	0	0	0	0	0	0	0
176	6	115	0	her	True	?	31	0	0	0	0	196	196	196	196
176	6	108	0	her	True	?	32	264	372	372	372	328	328	328	328
176	6	141	0	her	True	?	33	224	224	224	224	164	400	400	400
176	6	45	0	her	True	?	34	324	496	496	496	212	340	340	340
176	6	96	0	her	True	?	35	160	160	160	160	232	232	232	232
176	6	6	0	her	True	?	36	0	0	0	0	312	312	312	484
176	6	182	0	her	True	?	37	192	192	192	192	192	192	368	488
176	6	203	0	her	True	?	38	0	0	0	0	0	0	0	0
176	6	200	0	her	True	?	39	48	156	156	156	180	180	180	180
176	6	31	0	her	True	?	40	140	276	276	276	180	180	304	1232
176	6	102	0	her	True	?	41	176	176	176	176	156	320	320	320
176	6	153	0	her	True	?	42	224	224	224	224	180	180	180	324
176	6	75	0	her	True	?	43	260	260	260	260	0	0	0	0
176	9	7	0	she	True	-3	1	288	288	288	288	348	348	348	348
176	9	151	0	she	True	-3	2	228	228	228	228	172	172	172	172
176	9	51	0	she	True	-3	3	148	356	356	356	156	156	156	156
176	9	15	0	she	True	-3	4	172	172	172	172	200	200	200	200
176	9	63	0	she	True	-3	5	216	216	216	216	208	208	208	208
176	9	28	0	she	True	-3	6	0	0	0	0	284	284	284	284
176	9	117	0	she	True	-3	7	0	0	0	0	136	136	136	136
176	9	87	0	she	True	-3	8	224	224	224	224	196	196	196	196
176	9	13	0	she	True	-3	9	0	0	0	0	184	276	276	276
176	9	85	0	she	True	-3	10	128	128	128	128	132	132	132	132
176	9	127	0	she	True	-3	11	0	0	0	0	152	152	152	152
176	9	173	0	she	True	-3	12	172	172	172	172	0	0	0	0
176	9	203	0	she	True	-3	13	164	164	164	164	168	168	168	168
176	9	148	0	she	True	-3	14	236	236	236	236	0	0	0	0
176	9	69	0	she	True	-3	15	0	0	0	0	176	176	176	176
176	9	92	0	she	True	-3	16	212	360	360	360	300	300	300	300
176	9	156	0	she	True	-3	17	176	176	176	176	0	0	0	0
176	9	199	0	she	True	-3	18	0	0	0	0	376	376	376	376
176	9	84	0	she	True	-3	19	176	176	176	176	156	156	156	156
176	9	126	0	she	True	-3	20	0	0	0	0	172	172	172	172
176	9	22	0	she	True	-3	21	152	152	152	268	208	352	560	1684
176	9	7	0	she	True	-3	22	196	196	196	196	340	608	608	608
176	9	35	0	she	True	-3	23	176	1276	1276	1276	192	192	192	192
176	9	11	0	she	True	-3	24	0	0	0	0	176	176	176	176
176	9	137	0	she	True	-3	25	172	172	172	172	224	224	224	224
176	9	46	0	she	True	-3	27	0	0	0	0	248	504	504	504
176	9	74	0	she	True	-3	28	268	408	408	408	152	152	152	152
176	9	68	0	she	True	-3	29	0	0	0	0	372	372	648	1568
176	9	48	0	she	True	-3	30	0	0	0	0	0	0	0	0
176	9	115	0	she	True	-3	31	184	184	184	184	176	176	176	176
176	9	108	0	she	True	-3	32	172	172	172	172	116	508	508	508
176	9	141	0	she	True	-3	33	80	80	284	2208	116	116	116	116
176	9	45	0	she	True	-3	34	0	0	0	0	192	192	192	192
176	9	96	0	she	True	-3	35	168	168	168	168	128	128	128	128
176	9	6	0	she	True	-3	36	0	0	0	0	196	196	196	196
176	9	182	0	she	True	-3	37	172	172	172	172	148	324	324	324
176	9	203	0	she	True	-3	38	0	0	0	0	272	272	272	272
176	9	200	0	she	True	-3	39	0	0	0	0	216	216	216	216
176	9	31	0	she	True	-3	40	140	272	272	272	184	184	184	184
176	9	102	0	she	True	-3	41	304	304	304	304	0	0	0	0
176	9	153	0	she	True	-3	42	180	180	180	180	0	0	0	0
176	9	75	0	she	True	-3	43	88	88	88	88	156	156	156	156
176	11	7	0	it	True	-8	1	0	0	0	0	188	188	432	3240
176	11	151	0	it	True	-8	2	0	0	0	0	200	588	588	856
176	11	51	0	it	True	-8	3	212	212	212	212	204	204	628	1100
176	11	15	0	it	True	-8	4	0	0	0	0	152	268	268	1780
176	11	63	0	it	True	-8	5	0	0	0	0	204	204	616	1972
176	11	28	0	it	True	-8	6	200	200	200	200	216	216	216	1324
176	11	117	0	it	True	-8	7	0	0	0	0	112	112	112	1596
176	11	87	0	it	True	-8	8	184	184	184	184	476	476	476	476
176	11	13	0	it	True	-8	9	0	0	0	0	284	284	880	1964
176	11	85	0	it	True	-8	10	0	0	0	0	212	212	212	1352
176	11	127	0	it	True	-8	11	0	0	0	0	184	576	576	576
176	11	173	0	it	True	-8	12	148	148	148	148	192	192	476	1700
176	11	203	0	it	True	-8	13	0	0	0	0	152	1036	1036	1036
176	11	148	0	it	True	-8	14	324	324	608	844	124	124	392	1244
176	11	69	0	it	True	-8	15	0	0	0	0	280	280	280	1528
176	11	92	0	it	True	-8	16	140	140	140	140	276	276	276	1212
176	11	156	0	it	True	-8	17	188	188	188	188	148	148	368	2340
176	11	199	0	it	True	-8	18	0	0	0	0	420	420	540	1176
176	11	84	0	it	True	-8	19	0	0	0	0	240	240	240	1108
176	11	126	0	it	True	-8	20	0	0	0	0	232	232	416	1472
176	11	22	0	it	True	-8	21	0	0	0	0	0	0	0	0
176	11	7	0	it	True	-8	22	0	0	0	0	204	204	972	1552
176	11	35	0	it	True	-8	23	0	0	0	0	208	432	1044	2900
176	11	11	0	it	True	-8	24	0	0	0	0	208	208	208	432
176	11	137	0	it	True	-8	25	0	0	0	0	212	212	880	1692
176	11	46	0	it	True	-8	27	0	0	0	0	240	240	240	920
176	11	74	0	it	True	-8	28	172	172	172	172	232	232	1384	1868
176	11	68	0	it	True	-8	29	0	0	0	0	0	0	0	0
176	11	48	0	it	True	-8	30	0	0	0	0	0	0	0	0
176	11	115	0	it	True	-8	31	0	0	0	0	284	284	284	284
176	11	108	0	it	True	-8	32	236	236	236	236	184	384	712	1028
176	11	141	0	it	True	-8	33	0	0	0	0	204	388	388	712
176	11	45	0	it	True	-8	34	320	320	1120	1556	180	180	180	484
176	11	96	0	it	True	-8	35	168	168	168	168	192	192	192	192
176	11	6	0	it	True	-8	36	0	0	0	0	236	236	424	1936
176	11	182	0	it	True	-8	37	148	148	148	148	256	256	256	2232
176	11	203	0	it	True	-8	38	0	0	0	0	216	216	216	416
176	11	200	0	it	True	-8	39	0	0	0	0	80	80	280	1128
176	11	31	0	it	True	-8	40	0	0	0	0	176	176	652	1660
176	11	102	0	it	True	-8	41	132	132	132	132	172	172	372	2176
176	11	153	0	it	True	-8	42	160	160	160	160	200	200	644	1508
176	11	75	0	it	True	-8	43	0	0	0	0	400	400	400	400
179	1	51	0	They	True	?	1	292	292	292	292	108	488	488	488
179	1	68	0	They	True	?	2	224	224	224	224	120	120	120	120
179	1	126	0	They	True	?	3	0	0	0	0	160	160	288	472
179	1	184	0	They	True	?	4	0	0	0	0	240	240	240	452
179	1	175	0	They	True	?	5	244	244	244	244	304	304	304	304
179	1	57	0	They	True	?	6	0	0	0	0	236	236	236	236
179	1	123	0	They	True	?	7	40	40	40	40	264	264	264	264
179	1	158	0	They	True	?	8	0	0	0	0	248	388	388	388
179	1	66	0	They	True	?	10	0	0	0	0	24	24	160	380
179	1	168	0	They	True	?	11	252	252	252	252	152	152	152	152
179	1	183	0	They	True	?	12	240	240	240	240	0	0	0	0
179	1	187	0	They	True	?	13	476	476	476	476	232	232	232	232
179	1	135	0	They	True	?	14	0	0	0	0	268	480	480	480
179	1	57	0	They	True	?	15	32	32	32	32	208	208	208	208
179	1	76	0	They	True	?	16	0	0	0	0	384	540	540	540
179	1	73	0	They	True	?	17	0	0	0	0	348	348	348	348
179	1	22	0	They	True	?	18	0	0	0	0	244	344	344	344
179	1	186	0	They	True	?	19	276	276	276	276	164	164	164	164
179	1	194	0	They	True	?	20	240	240	240	240	244	244	244	244
179	1	169	0	They	True	?	21	0	0	0	0	220	344	344	344
179	1	70	0	They	True	?	22	340	340	340	340	240	240	240	240
179	1	134	0	They	True	?	23	348	348	348	348	212	212	212	212
179	1	67	0	They	True	?	24	140	272	272	272	156	156	156	156
179	1	33	0	They	True	?	25	0	0	0	0	0	0	0	0
179	1	99	0	They	True	?	27	0	0	0	0	80	368	368	368
179	1	24	0	They	True	?	28	0	0	0	0	0	0	0	0
179	1	106	0	They	True	?	29	160	160	160	160	148	248	248	248
179	1	37	0	They	True	?	30	300	492	492	492	244	244	244	244
179	1	43	0	They	True	?	31	276	276	276	276	164	164	164	164
179	1	107	0	They	True	?	32	296	396	396	396	220	220	220	220
179	1	56	0	They	True	?	33	260	260	260	260	192	192	192	192
179	1	112	0	They	True	?	34	0	0	0	0	268	500	500	500
179	1	186	0	They	True	?	35	24	24	24	24	192	340	340	340
179	1	66	0	They	True	?	36	0	0	0	0	0	0	0	0
179	1	21	0	They	True	?	37	56	56	56	56	116	116	280	468
179	1	15	0	They	True	?	38	312	312	312	312	272	272	272	272
179	1	181	0	They	True	?	39	204	204	204	204	0	0	0	0
179	1	121	0	They	True	?	40	0	0	0	0	0	0	0	0
179	1	1	0	They	True	?	41	252	252	252	252	120	120	120	120
179	1	70	0	They	True	?	42	0	0	0	0	0	0	0	0
179	1	29	0	They	True	?	43	0	0	0	0	100	100	100	340
179	9	51	0	this	True	-7	1	232	232	232	232	152	152	428	524
179	9	68	0	this	True	-7	2	224	292	292	292	112	112	112	112
179	9	126	0	this	True	-7	3	236	236	236	236	156	156	156	156
179	9	184	0	this	True	-7	4	224	224	224	224	500	748	748	748
179	9	175	0	this	True	-7	5	216	216	216	216	348	620	620	620
179	9	57	0	this	True	-7	6	0	0	0	0	268	268	268	268
179	9	123	0	this	True	-7	7	0	0	0	0	108	108	108	108
179	9	158	0	this	True	-7	8	148	372	372	372	92	92	428	716
179	9	66	0	this	True	-7	10	172	172	172	172	152	316	316	316
179	9	168	0	this	True	-7	11	164	164	164	164	232	232	232	232
179	9	183	0	this	True	-7	12	0	0	0	0	312	548	644	920
179	9	187	0	this	True	-7	13	0	0	0	0	216	216	216	216
179	9	135	0	this	True	-7	14	0	0	0	0	216	348	348	348
179	9	57	0	this	True	-7	15	0	0	0	0	184	184	184	184
179	9	76	0	this	True	-7	16	164	164	164	164	148	296	296	296
179	9	73	0	this	True	-7	17	0	0	0	0	336	336	336	336
179	9	22	0	this	True	-7	18	0	0	0	0	216	216	216	312
179	9	186	0	this	True	-7	19	180	180	180	180	100	100	232	564
179	9	194	0	this	True	-7	20	172	172	172	172	212	212	212	432
179	9	169	0	this	True	-7	21	156	156	156	156	128	128	128	128
179	9	70	0	this	True	-7	22	268	268	268	268	252	252	252	432
179	9	134	0	this	True	-7	23	200	200	200	200	172	360	360	360
179	9	67	0	this	True	-7	24	160	160	432	764	220	220	220	220
179	9	33	0	this	True	-7	25	148	148	148	148	260	260	260	260
179	9	99	0	this	True	-7	27	148	148	148	148	292	424	424	424
179	9	24	0	this	True	-7	28	0	0	0	0	160	160	160	316
179	9	106	0	this	True	-7	29	196	340	340	340	192	192	192	192
179	9	37	0	this	True	-7	30	252	252	252	252	192	984	984	984
179	9	43	0	this	True	-7	31	160	160	160	820	160	160	160	160
179	9	107	0	this	True	-7	32	124	124	124	124	148	384	384	580
179	9	56	0	this	True	-7	33	0	0	0	0	220	296	516	828
179	9	112	0	this	True	-7	34	0	0	0	0	164	164	164	164
179	9	186	0	this	True	-7	35	168	168	168	168	272	272	272	272
179	9	66	0	this	True	-7	36	0	0	0	0	416	416	732	2168
179	9	21	0	this	True	-7	37	100	100	100	100	132	416	416	416
179	9	15	0	this	True	-7	38	0	0	0	0	280	280	280	280
179	9	181	0	this	True	-7	39	0	0	0	0	156	156	156	156
179	9	121	0	this	True	-7	40	204	204	204	204	188	188	188	188
179	9	1	0	this	True	-7	41	140	140	436	996	264	264	264	264
179	9	70	0	this	True	-7	42	308	308	308	308	152	152	152	152
179	9	29	0	this	True	-7	43	88	88	88	88	192	192	192	192
181	1	64	0	We	True	?	1	296	296	296	296	124	124	124	124
181	1	180	0	We	True	?	2	236	236	236	236	92	92	92	92
181	1	37	0	We	True	?	3	0	0	0	0	328	472	472	472
181	1	1	0	We	True	?	4	0	0	0	0	244	444	444	444
181	1	134	0	We	True	?	5	0	0	0	0	256	420	420	420
181	1	197	0	We	True	?	6	0	0	0	0	0	0	0	0
181	1	131	0	We	True	?	7	0	0	0	0	216	308	308	308
181	1	106	0	We	True	?	8	0	0	0	0	400	400	400	400
181	1	188	0	We	True	?	10	76	76	76	76	296	296	296	296
181	1	36	0	We	True	?	11	276	276	276	276	124	124	124	124
181	1	12	0	We	True	?	12	0	0	0	0	252	252	488	952
181	1	159	0	We	True	?	13	368	368	368	368	248	248	248	248
181	1	143	0	We	True	?	14	0	0	0	0	340	340	340	340
181	1	48	0	We	True	?	15	0	0	0	0	288	288	288	288
181	1	19	0	We	True	?	16	0	0	0	0	252	372	372	372
181	1	141	0	We	True	?	17	0	0	0	0	24	24	140	372
181	1	121	0	We	True	?	18	0	0	0	0	292	292	292	292
181	1	106	0	We	True	?	19	284	284	284	284	92	92	92	92
181	1	3	0	We	True	?	20	204	204	204	204	0	0	0	0
181	1	195	0	We	True	?	21	0	0	0	0	0	0	0	0
181	1	136	0	We	True	?	22	0	0	0	0	448	1104	1104	1104
181	1	24	0	We	True	?	23	336	336	336	336	212	212	212	212
181	1	35	0	We	True	?	24	192	192	192	192	168	168	168	168
181	1	99	0	We	True	?	25	0	0	0	0	284	320	320	320
181	1	68	0	We	True	?	27	0	0	0	0	0	0	0	0
181	1	147	0	We	True	?	28	0	0	0	0	372	980	980	980
181	1	76	0	We	True	?	29	108	108	108	108	220	220	220	220
181	1	168	0	We	True	?	30	0	0	0	0	232	1132	1132	1132
181	1	85	0	We	True	?	31	0	0	0	0	252	252	252	252
181	1	119	0	We	True	?	32	376	376	376	376	200	200	200	200
181	1	45	0	We	True	?	33	0	0	0	0	240	240	368	508
181	1	164	0	We	True	?	34	144	144	144	144	160	160	160	160
181	1	63	0	We	True	?	35	0	0	0	0	216	400	400	400
181	1	139	0	We	True	?	36	0	0	0	0	256	256	256	256
181	1	167	0	We	True	?	37	0	0	0	0	36	212	212	212
181	1	35	0	We	True	?	38	0	0	0	0	344	344	344	344
181	1	104	0	We	True	?	39	0	0	0	0	0	0	0	0
181	1	156	0	We	True	?	40	0	0	0	0	0	0	0	0
181	1	27	0	We	True	?	41	0	0	0	0	0	0	0	0
181	1	50	0	We	True	?	42	0	0	0	0	160	292	292	292
181	1	65	0	We	True	?	43	312	312	312	312	116	116	116	116
183	3	43	0	her	False	-2	1	132	300	300	300	148	148	148	148
183	3	125	0	her	False	-2	2	108	108	108	108	0	0	0	0
183	3	194	0	her	False	-2	3	136	136	136	136	156	300	300	300
183	3	89	0	her	False	-2	4	160	160	160	160	188	188	188	188
183	3	205	0	her	False	-2	5	0	0	0	0	0	0	0	0
183	3	106	0	her	False	-2	6	0	0	0	0	120	120	120	120
183	3	204	0	her	False	-2	7	0	0	0	0	164	164	164	276
183	3	83	0	her	False	-2	8	164	164	336	536	140	140	140	140
183	3	184	0	her	False	-2	10	0	0	0	0	0	0	0	0
183	3	56	0	her	False	-2	11	156	156	156	156	156	156	156	156
183	3	115	0	her	False	-2	12	0	0	0	0	0	0	0	0
183	3	62	0	her	False	-2	13	152	152	152	152	0	0	0	0
183	3	57	0	her	False	-2	14	132	132	132	132	280	280	280	280
183	3	26	0	her	False	-2	15	0	0	0	0	0	0	0	0
183	3	138	0	her	False	-2	16	200	352	352	352	172	172	172	172
183	3	95	0	her	False	-2	17	208	208	208	208	0	0	0	0
183	3	47	0	her	False	-2	18	200	200	200	200	136	136	136	136
183	3	87	0	her	False	-2	19	196	196	196	196	104	104	104	104
183	3	167	0	her	False	-2	20	0	0	0	0	140	140	140	140
183	3	108	0	her	False	-2	21	72	72	212	408	0	0	0	0
183	3	172	0	her	False	-2	22	568	568	568	568	148	148	148	148
183	3	71	0	her	False	-2	23	160	160	160	160	340	340	340	340
183	3	154	0	her	False	-2	24	236	236	236	236	152	152	152	152
183	3	152	0	her	False	-2	25	152	152	152	152	252	252	252	252
183	3	63	0	her	False	-2	27	248	248	248	248	0	0	0	0
183	3	109	0	her	False	-2	28	364	364	364	364	292	292	292	524
183	3	168	0	her	False	-2	29	144	144	144	280	0	0	0	0
183	3	202	0	her	False	-2	30	312	312	312	312	156	156	340	588
183	3	159	0	her	False	-2	31	184	184	184	184	0	0	0	0
183	3	204	0	her	False	-2	32	180	180	180	180	180	180	180	180
183	3	78	0	her	False	-2	33	168	168	168	168	0	0	0	0
183	3	173	0	her	False	-2	34	176	176	176	176	208	208	208	208
183	3	145	0	her	False	-2	35	0	0	0	0	192	192	192	192
183	3	123	0	her	False	-2	36	0	0	0	0	180	180	180	180
183	3	42	0	her	False	-2	37	132	132	132	132	148	148	148	148
183	3	111	0	her	False	-2	38	176	176	176	176	244	244	244	244
183	3	57	0	her	False	-2	39	0	0	0	0	0	0	0	0
183	3	61	0	her	False	-2	40	152	152	152	152	136	136	344	532
183	3	92	0	her	False	-2	41	0	0	0	0	0	0	0	0
183	3	85	0	her	False	-2	42	236	236	236	236	268	268	268	268
183	3	179	0	her	False	-2	43	144	144	144	144	168	168	168	168
185	12	36	0	his	False	-11	1	148	420	752	2752	284	616	616	616
185	12	4	0	his	False	-11	2	168	168	168	272	0	0	0	0
185	12	29	0	his	False	-11	3	0	0	0	0	0	0	0	0
185	12	10	0	his	False	-11	4	204	204	204	372	228	228	228	564
185	12	202	0	his	False	-11	5	256	256	520	892	0	0	0	0
185	12	158	0	his	False	-11	6	708	708	708	708	0	0	0	0
185	12	66	0	his	False	-11	7	220	220	220	740	276	276	276	1080
185	12	147	0	his	False	-11	8	236	476	476	664	0	0	0	0
185	12	200	0	his	False	-11	10	220	220	220	220	212	212	476	1860
185	12	34	0	his	False	-11	11	256	256	256	256	196	196	196	196
185	12	28	0	his	False	-11	12	0	0	0	0	140	140	140	452
185	12	188	0	his	False	-11	13	184	184	184	184	456	456	456	776
185	12	92	0	his	False	-11	14	232	232	232	232	244	244	244	244
185	12	86	0	his	False	-11	15	760	760	760	760	0	0	0	0
185	12	184	0	his	False	-11	16	168	400	400	824	0	0	0	0
185	12	80	0	his	False	-11	17	0	0	0	0	192	372	372	464
185	12	52	0	his	False	-11	18	224	224	224	224	168	168	168	524
185	12	198	0	his	False	-11	19	208	208	208	208	152	228	228	1264
185	12	71	0	his	False	-11	20	0	0	0	0	160	160	160	2760
185	12	81	0	his	False	-11	21	0	0	0	0	444	444	444	444
185	12	98	0	his	False	-11	22	0	0	0	0	360	360	360	1048
185	12	181	0	his	False	-11	23	144	144	144	144	164	472	472	648
185	12	52	0	his	False	-11	24	0	0	0	0	156	156	156	776
185	12	16	0	his	False	-11	25	168	168	168	168	244	244	244	356
185	12	160	0	his	False	-11	27	224	224	224	224	192	192	192	192
185	12	176	0	his	False	-11	28	0	0	0	0	200	200	200	352
185	12	180	0	his	False	-11	29	216	216	216	216	208	208	208	344
185	12	103	0	his	False	-11	30	496	496	496	496	584	584	584	584
185	12	13	0	his	False	-11	31	204	204	204	204	204	560	560	560
185	12	126	0	his	False	-11	32	208	208	208	208	136	136	136	136
185	12	1	0	his	False	-11	33	188	188	188	188	232	232	232	436
185	12	184	0	his	False	-11	34	0	0	0	0	160	160	372	1116
185	12	184	0	his	False	-11	35	0	0	0	0	244	244	244	244
185	12	32	0	his	False	-11	36	180	180	180	596	0	0	0	0
185	12	137	0	his	False	-11	37	208	208	208	208	156	156	156	156
185	12	190	0	his	False	-11	38	0	0	0	0	172	172	172	172
185	12	138	0	his	False	-11	39	172	172	172	172	148	148	148	880
185	12	192	0	his	False	-11	40	0	0	0	0	0	0	0	0
185	12	181	0	his	False	-11	41	192	192	192	192	256	372	372	372
185	12	55	0	his	False	-11	42	0	0	0	0	316	696	696	1148
185	12	69	0	his	False	-11	43	268	552	552	912	0	0	0	0
186	4	76	0	we	True	?	1	168	260	260	260	0	0	0	0
186	4	118	0	we	True	?	2	0	0	0	0	220	220	220	220
186	4	93	0	we	True	?	3	216	216	216	216	148	148	148	148
186	4	188	0	we	True	?	4	0	0	0	0	148	296	296	296
186	4	189	0	we	True	?	5	288	288	288	288	0	0	0	0
186	4	1	0	we	True	?	6	132	132	132	132	272	272	272	272
186	4	43	0	we	True	?	7	76	76	76	168	208	208	316	528
186	4	182	0	we	True	?	8	0	0	0	0	212	212	212	212
186	4	94	0	we	True	?	10	196	196	196	196	128	128	128	128
186	4	15	0	we	True	?	11	148	148	148	148	160	160	160	160
186	4	47	0	we	True	?	12	0	0	0	0	132	260	260	260
186	4	166	0	we	True	?	13	272	272	272	272	0	0	0	0
186	4	66	0	we	True	?	14	0	0	0	0	188	188	188	188
186	4	157	0	we	True	?	15	0	0	0	0	156	156	156	156
186	4	91	0	we	True	?	16	0	0	0	0	144	144	144	144
186	4	43	0	we	True	?	17	0	0	0	0	216	216	216	216
186	4	29	0	we	True	?	18	200	200	200	200	0	0	0	0
186	4	125	0	we	True	?	19	0	0	0	0	0	0	0	0
186	4	202	0	we	True	?	20	0	0	0	0	128	128	128	128
186	4	37	0	we	True	?	21	0	0	0	0	64	64	64	324
186	4	48	0	we	True	?	22	0	0	0	0	216	216	336	552
186	4	39	0	we	True	?	23	0	0	0	0	244	420	420	420
186	4	165	0	we	True	?	24	0	0	0	0	156	156	156	156
186	4	123	0	we	True	?	25	0	0	0	0	128	288	288	288
186	4	53	0	we	True	?	27	0	0	0	0	136	136	136	136
186	4	196	0	we	True	?	28	0	0	0	0	220	220	220	352
186	4	190	0	we	True	?	29	0	0	0	0	232	232	232	232
186	4	148	0	we	True	?	30	336	336	336	336	184	184	184	184
186	4	156	0	we	True	?	31	0	0	0	0	188	188	188	188
186	4	4	0	we	True	?	32	0	0	0	0	248	248	248	352
186	4	195	0	we	True	?	33	0	0	0	0	0	0	0	0
186	4	198	0	we	True	?	34	0	0	0	0	0	0	0	0
186	4	8	0	we	True	?	35	0	0	0	0	160	160	160	160
186	4	68	0	we	True	?	36	0	0	0	0	224	224	224	224
186	4	43	0	we	True	?	37	0	0	0	0	168	168	168	284
186	4	163	0	we	True	?	38	0	0	0	0	252	252	476	696
186	4	98	0	we	True	?	39	0	0	0	0	0	0	0	0
186	4	146	0	we	True	?	40	0	0	0	0	180	180	180	180
186	4	134	0	we	True	?	41	124	124	124	124	144	144	144	144
186	4	34	0	we	True	?	42	0	0	0	0	144	144	144	144
186	4	101	0	we	True	?	43	116	116	116	116	276	276	276	276
186	6	76	0	this	True	?	1	192	192	192	192	204	204	204	384
186	6	118	0	this	True	?	2	192	192	192	192	136	136	136	136
186	6	93	0	this	True	?	3	236	344	344	344	168	168	168	168
186	6	188	0	this	True	?	4	172	172	172	172	144	144	144	144
186	6	189	0	this	True	?	5	192	192	192	192	260	260	260	260
186	6	1	0	this	True	?	6	0	0	0	0	172	172	172	368
186	6	43	0	this	True	?	7	128	128	128	128	0	0	0	0
186	6	182	0	this	True	?	8	228	228	228	228	164	164	164	164
186	6	94	0	this	True	?	10	0	0	0	0	236	332	332	332
186	6	15	0	this	True	?	11	236	236	236	236	136	136	136	136
186	6	47	0	this	True	?	12	240	240	240	240	132	132	132	132
186	6	166	0	this	True	?	13	220	220	220	220	148	148	148	148
186	6	66	0	this	True	?	14	0	0	0	0	284	284	284	284
186	6	157	0	this	True	?	15	0	0	0	0	204	204	204	204
186	6	91	0	this	True	?	16	148	304	304	304	268	268	268	268
186	6	43	0	this	True	?	17	0	0	0	0	256	256	256	340
186	6	29	0	this	True	?	18	336	336	336	336	0	0	0	0
186	6	125	0	this	True	?	19	20	20	244	956	192	192	192	192
186	6	202	0	this	True	?	20	0	0	0	0	268	268	268	268
186	6	37	0	this	True	?	21	172	172	172	368	176	176	176	176
186	6	48	0	this	True	?	22	240	240	240	240	212	212	212	212
186	6	39	0	this	True	?	23	196	196	196	196	224	224	224	224
186	6	165	0	this	True	?	24	172	312	312	312	0	0	0	0
186	6	123	0	this	True	?	25	0	0	0	0	328	328	328	328
186	6	53	0	this	True	?	27	0	0	0	0	100	100	100	564
186	6	196	0	this	True	?	28	392	392	392	392	156	156	156	156
186	6	190	0	this	True	?	29	0	0	0	0	180	248	248	428
186	6	148	0	this	True	?	30	288	288	288	288	208	476	476	476
186	6	156	0	this	True	?	31	0	0	0	0	204	440	440	440
186	6	4	0	this	True	?	32	240	240	240	240	308	308	308	308
186	6	195	0	this	True	?	33	260	284	284	284	116	116	116	116
186	6	198	0	this	True	?	34	172	172	172	172	268	268	268	460
186	6	8	0	this	True	?	35	204	204	204	204	0	0	0	0
186	6	68	0	this	True	?	36	0	0	0	0	184	184	184	184
186	6	43	0	this	True	?	37	168	288	288	288	224	224	224	224
186	6	163	0	this	True	?	38	0	0	0	0	320	320	320	320
186	6	98	0	this	True	?	39	16	16	140	508	100	100	100	100
186	6	146	0	this	True	?	40	0	0	0	0	172	172	172	552
186	6	134	0	this	True	?	41	0	0	0	0	256	256	256	256
186	6	34	0	this	True	?	42	148	316	316	316	128	128	128	128
186	6	101	0	this	True	?	43	252	252	252	252	0	0	0	0
187	1	20	0	He	True	?	1	364	364	364	364	160	160	160	160
187	1	143	0	He	True	?	2	0	0	0	0	224	324	324	324
187	1	117	0	He	True	?	3	0	0	0	0	236	416	416	416
187	1	133	0	He	True	?	4	116	116	116	116	292	292	292	292
187	1	103	0	He	True	?	5	0	0	0	0	348	348	348	348
187	1	12	0	He	True	?	6	0	0	0	0	32	292	292	292
187	1	205	0	He	True	?	7	0	0	0	0	224	224	224	224
187	1	115	0	He	True	?	8	160	160	160	160	172	172	172	172
187	1	190	0	He	True	?	10	0	0	0	0	316	448	448	448
187	1	181	0	He	True	?	11	252	252	252	252	148	148	148	148
187	1	181	0	He	True	?	12	0	0	0	0	220	220	220	428
187	1	182	0	He	True	?	13	308	308	308	308	148	148	148	148
187	1	63	0	He	True	?	14	0	0	0	0	452	452	452	452
187	1	90	0	He	True	?	15	0	0	0	0	244	244	244	244
187	1	112	0	He	True	?	16	0	0	0	0	444	580	580	580
187	1	10	0	He	True	?	17	232	232	232	232	136	136	136	136
187	1	37	0	He	True	?	18	236	236	236	236	0	0	0	0
187	1	60	0	He	True	?	19	0	0	0	0	0	0	0	0
187	1	8	0	He	True	?	20	0	0	0	0	80	392	392	392
187	1	154	0	He	True	?	21	0	0	0	0	144	300	300	300
187	1	190	0	He	True	?	22	0	0	0	0	16	3480	3656	3976
187	1	189	0	He	True	?	23	0	0	0	0	284	428	428	428
187	1	91	0	He	True	?	24	224	224	224	224	160	160	160	160
187	1	132	0	He	True	?	25	0	0	0	0	152	308	308	308
187	1	70	0	He	True	?	27	0	0	0	0	244	444	444	444
187	1	108	0	He	True	?	28	260	260	260	260	244	244	244	244
187	1	108	0	He	True	?	29	0	0	0	0	252	376	376	376
187	1	58	0	He	True	?	30	272	272	272	272	256	496	496	496
187	1	83	0	He	True	?	31	224	224	224	224	144	144	144	144
187	1	49	0	He	True	?	32	224	224	224	224	180	328	328	328
187	1	117	0	He	True	?	33	236	236	236	236	76	148	148	148
187	1	205	0	He	True	?	34	0	0	0	0	188	188	188	188
187	1	177	0	He	True	?	35	0	0	0	0	252	420	420	420
187	1	182	0	He	True	?	36	0	0	0	0	144	144	144	144
187	1	202	0	He	True	?	37	0	0	0	0	148	148	264	440
187	1	88	0	He	True	?	38	224	224	224	224	180	180	180	180
187	1	73	0	He	True	?	39	0	0	0	0	0	0	0	0
187	1	85	0	He	True	?	40	0	0	0	0	0	0	0	0
187	1	94	0	He	True	?	41	0	0	0	0	0	0	0	0
187	1	36	0	He	True	?	42	0	0	0	0	436	436	436	436
187	1	103	0	He	True	?	43	0	0	0	0	312	556	556	556
187	9	20	0	he	True	-8	1	0	0	0	0	176	176	176	292
187	9	143	0	he	True	-8	2	0	0	0	0	168	288	288	288
187	9	117	0	he	True	-8	3	0	0	0	0	352	352	352	352
187	9	133	0	he	True	-8	4	32	132	132	132	56	288	288	288
187	9	103	0	he	True	-8	5	0	0	0	0	248	248	248	248
187	9	12	0	he	True	-8	6	0	0	0	0	276	276	276	564
187	9	205	0	he	True	-8	7	148	148	148	148	116	116	116	116
187	9	115	0	he	True	-8	8	176	176	176	176	152	152	152	152
187	9	190	0	he	True	-8	10	0	0	0	0	108	224	224	224
187	9	181	0	he	True	-8	11	0	0	0	0	188	188	188	188
187	9	181	0	he	True	-8	12	0	0	0	0	244	244	244	244
187	9	182	0	he	True	-8	13	196	196	196	196	176	176	176	176
187	9	63	0	he	True	-8	14	176	176	176	176	208	208	208	208
187	9	90	0	he	True	-8	15	0	0	0	0	176	176	176	176
187	9	112	0	he	True	-8	16	252	252	252	252	160	160	160	160
187	9	10	0	he	True	-8	17	0	0	0	0	132	132	132	132
187	9	37	0	he	True	-8	18	0	0	0	0	216	216	216	216
187	9	60	0	he	True	-8	19	0	0	0	0	116	116	116	116
187	9	8	0	he	True	-8	20	0	0	0	0	0	0	0	0
187	9	154	0	he	True	-8	21	0	0	0	0	188	188	188	188
187	9	190	0	he	True	-8	22	0	0	0	0	200	200	200	200
187	9	189	0	he	True	-8	23	216	216	216	216	72	312	312	312
187	9	91	0	he	True	-8	24	0	0	0	0	192	192	192	192
187	9	132	0	he	True	-8	25	0	0	0	0	288	288	444	584
187	9	70	0	he	True	-8	27	0	0	0	0	264	264	264	264
187	9	108	0	he	True	-8	28	0	0	0	0	160	160	160	804
187	9	108	0	he	True	-8	29	0	0	0	0	212	212	212	212
187	9	58	0	he	True	-8	30	0	0	0	0	252	420	420	420
187	9	83	0	he	True	-8	31	0	0	0	0	156	156	156	156
187	9	49	0	he	True	-8	32	240	240	240	240	176	420	420	420
187	9	117	0	he	True	-8	33	0	0	0	0	204	204	284	416
187	9	205	0	he	True	-8	34	0	0	0	0	128	128	128	128
187	9	177	0	he	True	-8	35	0	0	0	0	204	204	204	204
187	9	182	0	he	True	-8	36	0	0	0	0	208	208	208	208
187	9	202	0	he	True	-8	37	148	148	148	148	140	140	140	140
187	9	88	0	he	True	-8	38	0	0	0	0	168	324	324	324
187	9	73	0	he	True	-8	39	0	0	0	0	168	168	168	168
187	9	85	0	he	True	-8	40	0	0	0	0	0	0	0	0
187	9	94	0	he	True	-8	41	180	180	180	180	252	252	252	252
187	9	36	0	he	True	-8	42	152	152	152	152	0	0	0	0
187	9	103	0	he	True	-8	43	0	0	0	0	196	284	284	284
187	12	20	0	it	True	-7	1	0	0	0	0	384	384	384	384
187	12	143	0	it	True	-7	2	0	0	0	0	192	684	684	684
187	12	117	0	it	True	-7	3	0	0	0	0	416	416	416	416
187	12	133	0	it	True	-7	4	0	0	0	0	196	196	196	196
187	12	103	0	it	True	-7	5	0	0	0	0	188	188	188	1088
187	12	12	0	it	True	-7	6	0	0	0	0	0	0	0	0
187	12	205	0	it	True	-7	7	0	0	0	0	168	168	308	756
187	12	115	0	it	True	-7	8	0	0	0	0	256	256	256	256
187	12	190	0	it	True	-7	10	192	192	192	192	360	580	580	1232
187	12	181	0	it	True	-7	11	0	0	0	0	224	224	224	224
187	12	181	0	it	True	-7	12	0	0	0	0	128	128	128	476
187	12	182	0	it	True	-7	13	0	0	0	0	164	752	752	752
187	12	63	0	it	True	-7	14	0	0	0	0	316	316	316	316
187	12	90	0	it	True	-7	15	260	952	952	1492	0	0	0	0
187	12	112	0	it	True	-7	16	172	172	172	172	320	544	544	544
187	12	10	0	it	True	-7	17	0	0	0	0	196	196	196	524
187	12	37	0	it	True	-7	18	0	0	0	0	192	192	192	572
187	12	60	0	it	True	-7	19	0	0	0	0	160	160	160	304
187	12	8	0	it	True	-7	20	152	152	152	152	252	252	380	1388
187	12	154	0	it	True	-7	21	0	0	0	0	168	168	168	540
187	12	190	0	it	True	-7	22	0	0	0	0	284	284	284	284
187	12	189	0	it	True	-7	23	344	344	344	344	408	408	408	876
187	12	91	0	it	True	-7	24	0	0	0	0	176	176	176	1292
187	12	132	0	it	True	-7	25	252	252	252	368	72	72	72	664
187	12	70	0	it	True	-7	27	0	0	0	0	148	240	240	592
187	12	108	0	it	True	-7	28	184	184	184	184	0	0	0	0
187	12	108	0	it	True	-7	29	0	0	0	0	232	412	412	688
187	12	58	0	it	True	-7	30	0	0	0	0	268	268	928	1996
187	12	83	0	it	True	-7	31	0	0	0	0	180	180	180	180
187	12	49	0	it	True	-7	32	0	0	0	0	196	196	196	196
187	12	117	0	it	True	-7	33	0	0	0	0	404	404	404	404
187	12	205	0	it	True	-7	34	0	0	0	0	240	240	240	480
187	12	177	0	it	True	-7	35	0	0	0	0	148	148	148	148
187	12	182	0	it	True	-7	36	0	0	0	0	296	296	296	296
187	12	202	0	it	True	-7	37	0	0	0	0	332	332	332	332
187	12	88	0	it	True	-7	38	0	0	0	0	204	204	204	204
187	12	73	0	it	True	-7	39	528	528	528	528	0	0	0	0
187	12	85	0	it	True	-7	40	0	0	0	0	0	0	0	0
187	12	94	0	it	True	-7	41	0	0	0	0	200	200	200	992
187	12	36	0	it	True	-7	42	264	264	264	956	0	0	0	0
187	12	103	0	it	True	-7	43	0	0	0	0	328	328	328	328
188	1	84	0	He	True	?	1	280	280	280	280	368	368	368	368
188	1	153	0	He	True	?	2	224	224	224	224	0	0	0	0
188	1	205	0	He	True	?	3	0	0	0	0	412	412	412	412
188	1	122	0	He	True	?	4	0	0	0	0	0	0	0	0
188	1	147	0	He	True	?	5	176	176	176	176	0	0	0	0
188	1	3	0	He	True	?	6	0	0	0	0	72	232	232	232
188	1	59	0	He	True	?	7	212	212	212	212	0	0	0	0
188	1	163	0	He	True	?	8	0	0	0	0	428	428	428	428
188	1	89	0	He	True	?	10	36	244	244	244	72	72	72	72
188	1	92	0	He	True	?	11	228	228	228	228	180	180	180	180
188	1	100	0	He	True	?	12	0	0	0	0	0	0	0	0
188	1	18	0	He	True	?	13	292	292	292	292	204	204	204	204
188	1	3	0	He	True	?	14	0	0	0	0	256	420	420	420
188	1	161	0	He	True	?	15	0	0	0	0	36	36	36	36
188	1	143	0	He	True	?	16	0	0	0	0	0	0	0	0
188	1	152	0	He	True	?	17	240	240	240	240	164	164	164	164
188	1	188	0	He	True	?	18	0	0	0	0	276	276	276	276
188	1	38	0	He	True	?	19	0	0	0	0	272	272	272	272
188	1	56	0	He	True	?	20	0	0	0	0	0	0	0	0
188	1	80	0	He	True	?	21	0	0	0	0	232	232	232	232
188	1	147	0	He	True	?	22	0	0	0	0	24	444	444	444
188	1	192	0	He	True	?	23	208	208	208	208	124	292	292	292
188	1	2	0	He	True	?	24	24	24	24	24	0	0	0	0
188	1	90	0	He	True	?	25	0	0	0	0	0	0	0	0
188	1	202	0	He	True	?	27	0	0	0	0	324	324	324	324
188	1	25	0	He	True	?	28	0	0	0	0	0	0	0	0
188	1	87	0	He	True	?	29	0	0	0	0	0	0	0	0
188	1	8	0	He	True	?	30	604	888	888	888	504	504	504	652
188	1	14	0	He	True	?	31	0	0	0	0	228	228	228	228
188	1	111	0	He	True	?	32	260	388	388	388	184	184	184	184
188	1	161	0	He	True	?	33	244	244	244	244	116	152	152	152
188	1	95	0	He	True	?	34	64	64	64	64	0	0	0	0
188	1	127	0	He	True	?	35	0	0	0	0	232	232	232	232
188	1	197	0	He	True	?	36	0	0	0	0	0	0	0	0
188	1	199	0	He	True	?	37	212	316	316	316	232	232	232	232
188	1	51	0	He	True	?	38	244	244	244	244	168	168	168	168
188	1	195	0	He	True	?	39	0	0	0	0	0	0	0	0
188	1	57	0	He	True	?	40	0	0	0	0	296	424	424	424
188	1	84	0	He	True	?	41	0	0	0	0	0	0	0	0
188	1	67	0	He	True	?	42	0	0	0	0	76	300	300	300
188	1	9	0	He	True	?	43	0	0	0	0	0	0	0	0
188	6	84	0	he	True	-5	1	276	276	276	276	196	304	304	304
188	6	153	0	he	True	-5	2	140	140	140	140	152	152	152	152
188	6	205	0	he	True	-5	3	172	172	172	172	280	280	280	280
188	6	122	0	he	True	-5	4	0	0	0	0	260	260	260	260
188	6	147	0	he	True	-5	5	320	320	320	612	0	0	0	0
188	6	3	0	he	True	-5	6	0	0	0	0	220	220	220	396
188	6	59	0	he	True	-5	7	0	0	0	0	172	172	172	172
188	6	163	0	he	True	-5	8	348	348	348	348	0	0	0	0
188	6	89	0	he	True	-5	10	0	0	0	0	168	168	300	460
188	6	92	0	he	True	-5	11	0	0	0	0	160	160	160	160
188	6	100	0	he	True	-5	12	172	172	172	172	172	172	172	172
188	6	18	0	he	True	-5	13	0	0	0	0	232	232	232	232
188	6	3	0	he	True	-5	14	172	172	172	172	228	228	228	228
188	6	161	0	he	True	-5	15	208	208	208	208	0	0	0	0
188	6	143	0	he	True	-5	16	0	0	0	0	0	0	0	0
188	6	152	0	he	True	-5	17	264	264	264	264	160	160	160	160
188	6	188	0	he	True	-5	18	0	0	0	0	232	232	232	232
188	6	38	0	he	True	-5	19	0	0	0	0	156	156	156	156
188	6	56	0	he	True	-5	20	0	0	0	0	248	248	248	248
188	6	80	0	he	True	-5	21	0	0	0	0	156	156	156	156
188	6	147	0	he	True	-5	22	216	216	216	216	148	148	148	148
188	6	192	0	he	True	-5	23	0	0	0	0	612	612	612	612
188	6	2	0	he	True	-5	24	0	0	0	0	0	0	0	0
188	6	90	0	he	True	-5	25	0	0	0	0	152	152	304	1260
188	6	202	0	he	True	-5	27	232	232	232	232	184	184	184	184
188	6	25	0	he	True	-5	28	0	0	0	0	196	196	196	196
188	6	87	0	he	True	-5	29	172	172	172	172	0	0	0	0
188	6	8	0	he	True	-5	30	0	0	0	0	0	0	0	0
188	6	14	0	he	True	-5	31	112	112	112	112	0	0	0	0
188	6	111	0	he	True	-5	32	184	184	184	184	188	188	188	188
188	6	161	0	he	True	-5	33	172	172	172	172	96	96	96	96
188	6	95	0	he	True	-5	34	0	0	0	0	172	172	172	172
188	6	127	0	he	True	-5	35	0	0	0	0	192	192	192	192
188	6	197	0	he	True	-5	36	212	212	212	212	0	0	0	0
188	6	199	0	he	True	-5	37	152	268	268	268	200	200	200	200
188	6	51	0	he	True	-5	38	0	0	0	0	224	224	224	224
188	6	195	0	he	True	-5	39	0	0	0	0	368	688	688	688
188	6	57	0	he	True	-5	40	140	140	140	140	228	228	228	228
188	6	84	0	he	True	-5	41	0	0	0	0	0	0	0	0
188	6	67	0	he	True	-5	42	164	164	164	164	148	148	148	148
188	6	9	0	he	True	-5	43	168	168	168	168	132	132	132	132
189	1	58	0	He	True	?	1	292	292	292	292	116	116	116	116
189	1	75	0	He	True	?	2	212	212	212	212	148	148	148	148
189	1	200	0	He	True	?	3	24	24	24	24	268	540	540	540
189	1	82	0	He	True	?	4	0	0	0	0	388	388	388	388
189	1	21	0	He	True	?	5	0	0	0	0	224	224	224	224
189	1	199	0	He	True	?	6	0	0	0	0	0	0	0	0
189	1	61	0	He	True	?	7	220	220	220	220	120	120	120	120
189	1	97	0	He	True	?	8	0	0	0	0	312	312	312	312
189	1	36	0	He	True	?	10	0	0	0	0	380	380	380	380
189	1	184	0	He	True	?	11	268	268	268	268	160	160	160	160
189	1	171	0	He	True	?	12	0	0	0	0	248	392	392	392
189	1	146	0	He	True	?	13	324	324	324	324	212	212	212	212
189	1	158	0	He	True	?	14	352	352	352	352	252	252	252	252
189	1	188	0	He	True	?	15	0	0	0	0	240	240	240	240
189	1	132	0	He	True	?	16	0	0	0	0	264	424	424	424
189	1	9	0	He	True	?	17	240	240	240	240	152	152	152	152
189	1	173	0	He	True	?	18	0	0	0	0	280	280	280	280
189	1	109	0	He	True	?	19	0	0	0	0	0	0	0	0
189	1	14	0	He	True	?	20	0	0	0	0	228	396	396	396
189	1	52	0	He	True	?	21	0	0	0	0	0	0	0	0
189	1	164	0	He	True	?	22	0	0	0	0	260	444	444	444
189	1	109	0	He	True	?	23	308	308	308	308	284	284	284	284
189	1	115	0	He	True	?	24	0	0	0	0	308	308	308	308
189	1	191	0	He	True	?	25	0	0	0	0	192	548	548	548
189	1	30	0	He	True	?	27	0	0	0	0	228	404	404	404
189	1	51	0	He	True	?	28	0	0	0	0	0	0	0	0
189	1	80	0	He	True	?	29	0	0	0	0	0	0	0	0
189	1	54	0	He	True	?	30	216	216	216	216	432	432	432	432
189	1	165	0	He	True	?	31	256	256	256	256	152	152	152	152
189	1	69	0	He	True	?	32	244	360	360	360	160	160	160	160
189	1	35	0	He	True	?	33	268	268	268	268	116	240	240	240
189	1	150	0	He	True	?	34	452	452	452	452	164	164	164	164
189	1	106	0	He	True	?	35	228	228	228	228	176	176	176	176
189	1	130	0	He	True	?	36	200	200	200	200	144	144	144	144
189	1	73	0	He	True	?	37	196	196	196	196	40	196	196	196
189	1	8	0	He	True	?	38	0	0	0	0	308	308	308	308
189	1	70	0	He	True	?	39	0	0	0	0	104	340	340	340
189	1	131	0	He	True	?	40	0	0	0	0	0	0	0	0
189	1	21	0	He	True	?	41	0	0	0	0	0	0	0	0
189	1	129	0	He	True	?	42	156	156	156	156	0	0	0	0
189	1	201	0	He	True	?	43	268	268	268	268	108	108	108	108
190	1	184	0	He's	True	?	1	296	296	296	296	168	168	168	168
190	1	152	0	He's	True	?	2	192	192	192	192	0	0	0	0
190	1	60	0	He's	True	?	3	352	352	352	352	204	204	204	204
190	1	109	0	He's	True	?	4	312	312	312	312	0	0	0	0
190	1	71	0	He's	True	?	5	232	232	232	232	136	136	136	136
190	1	161	0	He's	True	?	6	0	0	0	0	0	0	0	0
190	1	152	0	He's	True	?	7	24	268	268	268	0	0	0	0
190	1	73	0	He's	True	?	8	0	0	0	0	240	240	396	532
190	1	26	0	He's	True	?	10	0	0	0	0	0	0	0	0
190	1	33	0	He's	True	?	11	284	456	456	456	132	132	132	132
190	1	19	0	He's	True	?	12	240	240	240	456	0	0	0	0
190	1	71	0	He's	True	?	13	268	268	268	268	0	0	0	0
190	1	15	0	He's	True	?	14	0	0	0	0	0	0	0	0
190	1	176	0	He's	True	?	15	0	0	0	0	0	0	0	0
190	1	190	0	He's	True	?	16	280	280	280	280	228	228	228	228
190	1	89	0	He's	True	?	17	320	320	320	320	204	204	204	204
190	1	26	0	He's	True	?	18	0	0	0	0	240	240	240	320
190	1	146	0	He's	True	?	19	292	292	292	292	0	0	0	0
190	1	96	0	He's	True	?	20	0	0	0	0	56	56	56	248
190	1	137	0	He's	True	?	21	0	0	0	0	0	0	0	0
190	1	176	0	He's	True	?	22	288	288	288	288	224	224	224	224
190	1	55	0	He's	True	?	23	0	0	0	0	1240	1240	1240	1240
190	1	172	0	He's	True	?	24	296	296	296	296	0	0	0	0
190	1	165	0	He's	True	?	25	0	0	0	0	232	232	232	232
190	1	115	0	He's	True	?	27	0	0	0	0	0	0	0	0
190	1	54	0	He's	True	?	28	0	0	0	0	0	0	0	0
190	1	156	0	He's	True	?	29	196	196	196	196	192	192	192	192
190	1	119	0	He's	True	?	30	288	288	288	288	608	608	608	608
190	1	157	0	He's	True	?	31	228	228	228	228	180	180	180	180
190	1	53	0	He's	True	?	32	236	236	236	236	56	56	220	416
190	1	205	0	He's	True	?	33	316	492	492	492	172	172	172	172
190	1	62	0	He's	True	?	34	252	252	252	252	0	0	0	0
190	1	181	0	He's	True	?	35	0	0	0	0	256	256	256	364
190	1	172	0	He's	True	?	36	0	0	0	0	0	0	0	0
190	1	131	0	He's	True	?	37	0	0	0	0	136	312	312	312
190	1	147	0	He's	True	?	38	0	0	0	0	268	340	340	340
190	1	204	0	He's	True	?	39	244	244	244	244	0	0	0	0
190	1	181	0	He's	True	?	40	0	0	0	0	0	0	0	0
190	1	125	0	He's	True	?	41	0	0	0	0	0	0	0	0
190	1	155	0	He's	True	?	42	308	308	308	308	316	316	316	460
190	1	52	0	He's	True	?	43	20	20	20	20	220	220	220	304
190	8	184	0	he	True	-7	1	180	180	180	264	192	412	412	412
190	8	152	0	he	True	-7	2	0	0	0	0	160	160	160	160
190	8	60	0	he	True	-7	3	164	164	164	164	272	504	504	504
190	8	109	0	he	True	-7	4	144	144	144	144	164	164	164	164
190	8	71	0	he	True	-7	5	0	0	0	0	280	280	280	280
190	8	161	0	he	True	-7	6	0	0	0	0	0	0	0	0
190	8	152	0	he	True	-7	7	0	0	0	0	232	232	232	232
190	8	73	0	he	True	-7	8	0	0	0	0	172	396	396	396
190	8	26	0	he	True	-7	10	184	184	184	184	64	64	64	64
190	8	33	0	he	True	-7	11	196	196	196	196	172	172	172	172
190	8	19	0	he	True	-7	12	148	148	148	148	0	0	0	0
190	8	71	0	he	True	-7	13	0	0	0	0	172	172	172	172
190	8	15	0	he	True	-7	14	144	144	144	144	160	628	628	628
190	8	176	0	he	True	-7	15	0	0	0	0	176	176	176	176
190	8	190	0	he	True	-7	16	212	212	212	212	196	196	196	196
190	8	89	0	he	True	-7	17	128	128	128	128	0	0	0	0
190	8	26	0	he	True	-7	18	212	212	212	212	0	0	0	0
190	8	146	0	he	True	-7	19	116	116	116	116	152	152	152	152
190	8	96	0	he	True	-7	20	0	0	0	0	0	0	0	0
190	8	137	0	he	True	-7	21	156	156	156	156	0	0	0	0
190	8	176	0	he	True	-7	22	0	0	0	0	220	220	220	220
190	8	55	0	he	True	-7	23	424	424	424	424	116	116	116	260
190	8	172	0	he	True	-7	24	0	0	0	0	292	452	452	452
190	8	165	0	he	True	-7	25	0	0	0	0	204	204	204	204
190	8	115	0	he	True	-7	27	152	220	220	220	204	204	204	204
190	8	54	0	he	True	-7	28	0	0	0	0	208	208	208	208
190	8	156	0	he	True	-7	29	176	176	176	176	164	164	164	164
190	8	119	0	he	True	-7	30	504	504	504	504	212	212	212	212
190	8	157	0	he	True	-7	31	0	0	0	0	140	140	140	140
190	8	53	0	he	True	-7	32	0	0	0	0	172	464	464	464
190	8	205	0	he	True	-7	33	0	0	0	0	144	144	144	144
190	8	62	0	he	True	-7	34	116	116	116	116	0	0	0	0
190	8	181	0	he	True	-7	35	0	0	0	0	200	200	200	200
190	8	172	0	he	True	-7	36	0	0	0	0	232	232	232	232
190	8	131	0	he	True	-7	37	0	0	0	0	192	356	356	356
190	8	147	0	he	True	-7	38	196	196	196	196	172	172	172	172
190	8	204	0	he	True	-7	39	0	0	0	0	252	252	252	252
190	8	181	0	he	True	-7	40	0	0	0	0	152	152	152	500
190	8	125	0	he	True	-7	41	0	0	0	0	168	168	276	536
190	8	155	0	he	True	-7	42	204	204	204	204	244	244	244	244
190	8	52	0	he	True	-7	43	0	0	0	0	156	156	156	156
192	12	132	0	this	True	?	1	144	144	144	144	232	484	484	484
192	12	45	0	this	True	?	2	0	0	0	0	164	332	332	332
192	12	163	0	this	True	?	3	164	164	164	164	0	0	0	0
192	12	16	0	this	True	?	4	144	144	144	144	276	276	276	444
192	12	28	0	this	True	?	5	216	216	216	592	0	0	0	0
192	12	153	0	this	True	?	6	316	316	316	316	124	124	124	272
192	12	57	0	this	True	?	7	0	0	0	0	228	228	228	1304
192	12	169	0	this	True	?	8	240	240	240	240	172	172	172	172
192	12	25	0	this	True	?	9	0	0	0	0	180	384	384	1464
192	12	99	0	this	True	?	10	280	352	532	1696	0	0	0	0
192	12	88	0	this	True	?	11	188	188	188	188	148	236	236	236
192	12	89	0	this	True	?	12	280	280	280	328	104	104	104	340
192	12	158	0	this	True	?	13	184	184	184	184	444	628	628	628
192	12	56	0	this	True	?	14	0	0	0	0	260	260	260	444
192	12	9	0	this	True	?	15	264	264	264	1412	60	60	60	60
192	12	172	0	this	True	?	16	272	272	272	272	236	864	1444	2216
192	12	71	0	this	True	?	17	284	360	360	604	0	0	0	0
192	12	82	0	this	True	?	18	216	216	216	216	0	0	0	0
192	12	116	0	this	True	?	19	328	328	328	480	0	0	0	0
192	12	34	0	this	True	?	20	208	208	208	208	260	260	260	1052
192	12	26	0	this	True	?	21	0	0	0	0	212	212	212	388
192	12	110	0	this	True	?	22	252	252	252	252	156	156	156	284
192	12	76	0	this	True	?	23	228	228	580	3128	376	500	500	1864
192	12	123	0	this	True	?	24	0	0	0	0	176	176	176	332
192	12	68	0	this	True	?	25	0	0	0	0	188	188	188	188
192	12	196	0	this	True	?	27	268	528	528	528	268	268	268	268
192	12	131	0	this	True	?	28	160	160	552	844	0	0	0	0
192	12	152	0	this	True	?	29	0	0	0	0	200	384	384	384
192	12	89	0	this	True	?	30	248	248	248	248	112	112	112	420
192	12	95	0	this	True	?	31	160	160	160	160	0	0	0	0
192	12	167	0	this	True	?	32	204	204	204	204	116	116	116	116
192	12	164	0	this	True	?	33	152	152	152	152	260	260	260	260
192	12	68	0	this	True	?	34	192	192	192	192	148	148	464	744
192	12	42	0	this	True	?	35	204	204	204	204	180	180	180	280
192	12	198	0	this	True	?	36	164	164	164	1024	0	0	0	0
192	12	86	0	this	True	?	37	192	312	312	312	192	192	192	520
192	12	37	0	this	True	?	38	196	196	196	196	164	164	412	1780
192	12	186	0	this	True	?	39	0	0	0	0	176	176	176	440
192	12	1	0	this	True	?	40	148	296	296	296	172	172	172	1240
192	12	91	0	this	True	?	41	180	180	180	320	228	228	228	1644
192	12	156	0	this	True	?	42	320	320	416	1076	0	0	0	0
192	12	55	0	this	True	?	43	64	640	640	640	0	0	0	0
193	7	103	0	they	True	?	1	0	0	0	0	168	168	336	808
193	7	142	0	they	True	?	2	132	132	132	132	136	136	136	136
193	7	158	0	they	True	?	3	140	140	280	388	228	228	228	228
193	7	66	0	they	True	?	4	172	172	172	172	0	0	0	0
193	7	76	0	they	True	?	5	0	0	0	0	180	180	180	180
193	7	44	0	they	True	?	6	160	160	160	160	0	0	0	0
193	7	89	0	they	True	?	7	220	220	220	220	136	136	136	136
193	7	63	0	they	True	?	8	172	172	172	172	156	156	156	156
193	7	37	0	they	True	?	10	88	88	88	88	164	164	164	164
193	7	2	0	they	True	?	11	0	0	0	0	264	264	400	560
193	7	1	0	they	True	?	12	104	104	104	104	0	0	0	0
193	7	70	0	they	True	?	13	200	200	200	200	140	140	140	140
193	7	97	0	they	True	?	14	0	0	0	0	72	340	492	2748
193	7	85	0	they	True	?	15	176	176	176	176	0	0	0	0
193	7	155	0	they	True	?	16	168	264	264	264	232	232	232	232
193	7	33	0	they	True	?	17	176	176	176	176	144	144	144	144
193	7	32	0	they	True	?	18	0	0	0	0	224	224	224	224
193	7	23	0	they	True	?	19	96	96	96	96	188	188	188	188
193	7	72	0	they	True	?	20	0	0	0	0	200	200	200	200
193	7	57	0	they	True	?	21	208	208	208	208	132	132	132	132
193	7	129	0	they	True	?	22	224	224	224	224	236	236	236	236
193	7	13	0	they	True	?	23	332	500	500	500	212	212	212	212
193	7	162	0	they	True	?	24	92	92	92	92	244	244	244	372
193	7	8	0	they	True	?	25	0	0	0	0	196	196	196	196
193	7	163	0	they	True	?	27	172	172	172	172	236	236	236	236
193	7	202	0	they	True	?	28	336	336	336	336	0	0	0	0
193	7	192	0	they	True	?	29	200	200	200	200	136	136	136	136
193	7	86	0	they	True	?	30	220	220	220	220	252	252	408	692
193	7	82	0	they	True	?	31	152	152	152	152	0	0	0	0
193	7	106	0	they	True	?	32	164	336	336	336	244	244	244	244
193	7	91	0	they	True	?	33	168	168	168	168	276	276	276	276
193	7	87	0	they	True	?	34	192	192	192	192	156	156	156	156
193	7	121	0	they	True	?	35	196	196	196	196	0	0	0	0
193	7	85	0	they	True	?	36	0	0	0	0	200	200	200	200
193	7	130	0	they	True	?	37	172	172	172	172	160	192	476	832
193	7	47	0	they	True	?	38	216	216	216	216	0	0	0	0
193	7	29	0	they	True	?	39	0	0	0	0	0	0	0	0
193	7	76	0	they	True	?	40	0	0	0	0	128	128	128	128
193	7	78	0	they	True	?	41	0	0	0	0	96	96	288	1328
193	7	113	0	they	True	?	42	132	132	132	132	0	0	0	0
193	7	1	0	they	True	?	43	0	0	0	0	144	256	256	256
194	10	157	0	it	False	-3	1	0	0	0	0	128	128	128	128
194	10	78	0	it	False	-3	2	0	0	0	0	156	156	156	860
194	10	172	0	it	False	-3	3	324	324	324	324	224	224	224	224
194	10	125	0	it	False	-3	4	0	0	0	0	0	0	0	0
194	10	183	0	it	False	-3	5	0	0	0	0	0	0	0	0
194	10	156	0	it	False	-3	6	0	0	0	0	0	0	0	0
194	10	95	0	it	False	-3	7	40	40	40	1684	0	0	0	0
194	10	111	0	it	False	-3	8	0	0	0	0	232	232	232	232
194	10	9	0	it	False	-3	9	0	0	0	0	116	116	116	116
194	10	189	0	it	False	-3	10	0	0	0	0	164	164	164	164
194	10	116	0	it	False	-3	11	0	0	0	0	204	204	204	204
194	10	88	0	it	False	-3	12	0	0	0	0	0	0	0	0
194	10	204	0	it	False	-3	13	0	0	0	0	428	428	428	428
194	10	27	0	it	False	-3	14	0	0	0	0	312	312	312	312
194	10	35	0	it	False	-3	15	0	0	0	0	0	0	0	0
194	10	6	0	it	False	-3	16	196	196	196	196	0	0	0	0
194	10	185	0	it	False	-3	18	0	0	0	0	0	0	0	0
194	10	83	0	it	False	-3	19	204	204	372	1236	0	0	0	0
194	10	51	0	it	False	-3	20	292	292	292	292	0	0	0	0
194	10	7	0	it	False	-3	21	0	0	0	0	0	0	0	0
194	10	126	0	it	False	-3	22	0	0	0	0	0	0	0	0
194	10	69	0	it	False	-3	23	100	100	100	100	508	508	860	2400
194	10	21	0	it	False	-3	24	0	0	0	0	0	0	0	0
194	10	142	0	it	False	-3	25	0	0	0	0	0	0	0	0
194	10	165	0	it	False	-3	27	176	176	176	432	0	0	0	0
194	10	149	0	it	False	-3	28	168	168	168	168	0	0	0	0
194	10	6	0	it	False	-3	29	224	496	496	496	0	0	0	0
194	10	116	0	it	False	-3	30	0	0	0	0	0	0	0	0
194	10	18	0	it	False	-3	31	132	132	132	516	0	0	0	0
194	10	161	0	it	False	-3	32	0	0	0	0	156	156	156	156
194	10	122	0	it	False	-3	33	0	0	0	0	0	0	0	0
194	10	49	0	it	False	-3	34	0	0	0	0	0	0	0	0
194	10	143	0	it	False	-3	35	0	0	0	0	0	0	0	0
194	10	45	0	it	False	-3	36	0	0	0	0	0	0	0	0
194	10	64	0	it	False	-3	37	124	124	124	1100	176	176	176	176
194	10	201	0	it	False	-3	38	144	144	144	144	0	0	0	0
194	10	153	0	it	False	-3	39	0	0	0	0	0	0	0	0
194	10	21	0	it	False	-3	40	200	200	200	612	136	136	136	136
194	10	168	0	it	False	-3	41	268	268	268	268	0	0	0	0
194	10	161	0	it	False	-3	42	208	208	208	860	0	0	0	0
194	10	123	0	it	False	-3	43	0	0	0	0	180	180	180	180
195	5	97	0	he	False	-4	1	0	0	0	0	228	228	228	228
195	5	192	0	he	False	-4	2	140	140	140	140	0	0	0	0
195	5	159	0	he	False	-4	3	0	0	0	0	156	156	156	156
195	5	164	0	he	False	-4	4	160	160	160	160	160	160	160	160
195	5	138	0	he	False	-4	5	0	0	0	0	252	252	252	252
195	5	43	0	he	False	-4	6	156	156	156	156	128	128	128	128
195	5	56	0	he	False	-4	7	88	88	88	88	0	0	0	0
195	5	41	0	he	False	-4	8	196	196	196	196	132	132	132	132
195	5	149	0	he	False	-4	10	116	116	116	116	0	0	0	0
195	5	24	0	he	False	-4	11	0	0	0	0	140	140	140	140
195	5	182	0	he	False	-4	12	0	0	0	0	224	224	224	224
195	5	98	0	he	False	-4	13	192	192	192	192	224	224	224	224
195	5	169	0	he	False	-4	14	172	172	172	172	208	208	208	208
195	5	177	0	he	False	-4	15	0	0	0	0	0	0	0	0
195	5	74	0	he	False	-4	16	0	0	0	0	176	176	176	176
195	5	63	0	he	False	-4	17	0	0	0	0	0	0	0	0
195	5	186	0	he	False	-4	18	0	0	0	0	236	236	236	236
195	5	145	0	he	False	-4	19	0	0	0	0	108	108	108	108
195	5	150	0	he	False	-4	20	0	0	0	0	148	148	148	148
195	5	193	0	he	False	-4	21	0	0	0	0	208	208	372	1096
195	5	41	0	he	False	-4	22	0	0	0	0	0	0	0	0
195	5	101	0	he	False	-4	23	0	0	0	0	652	652	652	652
195	5	93	0	he	False	-4	24	168	168	168	168	0	0	0	0
195	5	28	0	he	False	-4	25	144	144	144	144	172	172	172	172
195	5	41	0	he	False	-4	27	0	0	0	0	144	144	144	744
195	5	152	0	he	False	-4	28	160	392	392	520	164	164	164	164
195	5	119	0	he	False	-4	29	204	204	204	204	0	0	0	0
195	5	117	0	he	False	-4	30	0	0	0	0	272	272	272	272
195	5	116	0	he	False	-4	31	168	168	168	168	0	0	0	0
195	5	74	0	he	False	-4	32	164	164	164	164	208	208	208	208
195	5	41	0	he	False	-4	33	148	148	148	148	168	168	168	168
195	5	137	0	he	False	-4	34	184	184	184	184	0	0	0	0
195	5	85	0	he	False	-4	35	196	196	196	196	144	144	144	144
195	5	61	0	he	False	-4	36	176	176	176	176	0	0	0	0
195	5	160	0	he	False	-4	37	0	0	0	0	136	248	248	248
195	5	198	0	he	False	-4	38	0	0	0	0	136	136	136	136
195	5	123	0	he	False	-4	39	144	144	144	144	0	0	0	0
195	5	74	0	he	False	-4	40	0	0	0	0	60	156	156	156
195	5	132	0	he	False	-4	41	168	168	168	168	0	0	0	0
195	5	139	0	he	False	-4	42	196	196	196	196	0	0	0	0
195	5	129	0	he	False	-4	43	0	0	0	0	228	228	228	228
197	9	104	0	he	False	-8	1	0	0	0	0	252	252	252	252
197	9	37	0	he	False	-8	2	108	108	108	108	116	116	116	116
197	9	195	0	he	False	-8	3	168	168	168	168	196	196	196	196
197	9	25	0	he	False	-8	4	0	0	0	0	0	0	0	0
197	9	93	0	he	False	-8	5	96	96	96	96	300	300	300	572
197	9	70	0	he	False	-8	6	0	0	0	0	0	0	0	0
197	9	22	0	he	False	-8	7	0	0	0	0	236	236	236	236
197	9	24	0	he	False	-8	8	176	176	176	176	140	140	140	140
197	9	8	0	he	False	-8	10	168	168	168	168	88	88	88	88
197	9	31	0	he	False	-8	11	168	168	168	168	168	168	168	168
197	9	61	0	he	False	-8	12	272	272	272	272	244	244	244	244
197	9	78	0	he	False	-8	13	216	216	216	216	0	0	0	0
197	9	40	0	he	False	-8	14	0	0	0	0	0	0	0	0
197	9	203	0	he	False	-8	15	0	0	0	0	0	0	0	0
197	9	152	0	he	False	-8	16	0	0	0	0	252	252	252	252
197	9	156	0	he	False	-8	18	0	0	0	0	0	0	0	0
197	9	75	0	he	False	-8	19	0	0	0	0	172	172	172	172
197	9	132	0	he	False	-8	20	0	0	0	0	160	160	160	160
197	9	104	0	he	False	-8	21	0	0	0	0	0	0	0	0
197	9	32	0	he	False	-8	22	0	0	0	0	248	248	248	248
197	9	110	0	he	False	-8	23	0	0	0	0	204	408	408	408
197	9	104	0	he	False	-8	24	0	0	0	0	236	236	432	560
197	9	181	0	he	False	-8	25	228	228	228	228	0	0	0	0
197	9	83	0	he	False	-8	27	0	0	0	0	252	252	252	252
197	9	101	0	he	False	-8	28	144	144	144	144	244	420	420	420
197	9	201	0	he	False	-8	29	160	160	160	160	0	0	0	0
197	9	118	0	he	False	-8	30	0	0	0	0	340	340	340	340
197	9	64	0	he	False	-8	31	0	0	0	0	0	0	0	0
197	9	118	0	he	False	-8	32	0	0	0	0	208	208	208	208
197	9	62	0	he	False	-8	33	0	0	0	0	216	216	216	216
197	9	149	0	he	False	-8	34	0	0	0	0	0	0	0	0
197	9	193	0	he	False	-8	35	0	0	0	0	208	208	208	208
197	9	136	0	he	False	-8	36	0	0	0	0	0	0	0	0
197	9	50	0	he	False	-8	37	124	124	124	124	0	0	0	0
197	9	45	0	he	False	-8	38	0	0	0	0	0	0	0	0
197	9	55	0	he	False	-8	39	0	0	0	0	0	0	0	0
197	9	183	0	he	False	-8	40	0	0	0	0	0	0	0	0
197	9	65	0	he	False	-8	41	0	0	0	0	140	140	140	140
197	9	198	0	he	False	-8	42	0	0	0	0	340	340	492	1020
197	9	25	0	he	False	-8	43	204	204	204	204	0	0	0	0
199	12	153	0	his	False	-11	1	0	0	0	0	176	540	540	1244
199	12	58	0	his	False	-11	2	80	80	80	80	228	400	400	580
199	12	82	0	his	False	-11	3	204	204	204	204	264	264	264	788
199	12	42	0	his	False	-11	4	0	0	0	0	312	312	312	908
199	12	34	0	his	False	-11	5	164	164	164	164	128	128	128	2200
199	12	101	0	his	False	-11	6	0	0	0	0	0	0	0	0
199	12	173	0	his	False	-11	7	140	140	140	140	88	88	460	1708
199	12	121	0	his	False	-11	8	164	164	164	164	452	452	452	452
199	12	8	0	his	False	-11	9	160	160	160	160	216	528	664	1568
199	12	9	0	his	False	-11	10	0	0	0	0	252	252	392	1392
199	12	6	0	his	False	-11	11	264	264	264	264	164	164	564	888
199	12	71	0	his	False	-11	12	0	0	0	0	172	332	332	1172
199	12	34	0	his	False	-11	13	0	0	0	0	256	940	940	940
199	12	198	0	his	False	-11	14	0	0	0	0	388	488	488	896
199	12	2	0	his	False	-11	15	0	0	0	0	200	200	280	1340
199	12	141	0	his	False	-11	16	204	204	204	204	180	468	468	700
199	12	98	0	his	False	-11	17	0	0	0	0	164	428	428	428
199	12	117	0	his	False	-11	18	204	204	204	204	196	196	196	196
199	12	46	0	his	False	-11	19	164	164	164	164	148	148	148	532
199	12	49	0	his	False	-11	20	252	252	252	252	156	156	512	2456
199	12	67	0	his	False	-11	21	0	0	0	0	160	160	264	392
199	12	107	0	his	False	-11	22	248	448	448	448	336	336	336	336
199	12	177	0	his	False	-11	23	496	496	496	496	196	716	1564	17508
199	12	194	0	his	False	-11	24	164	164	164	164	160	160	160	436
199	12	53	0	his	False	-11	25	228	228	228	228	160	160	160	1852
199	12	186	0	his	False	-11	27	0	0	0	0	200	200	200	772
199	12	201	0	his	False	-11	28	180	180	180	180	180	180	180	180
199	12	136	0	his	False	-11	29	0	0	0	0	168	788	788	788
199	12	21	0	his	False	-11	30	92	92	92	92	224	440	440	1700
199	12	16	0	his	False	-11	31	152	152	152	152	152	152	152	152
199	12	42	0	his	False	-11	32	84	84	84	84	236	292	292	292
199	12	100	0	his	False	-11	33	232	232	232	232	220	220	220	220
199	12	26	0	his	False	-11	34	0	0	0	0	228	228	228	1088
199	12	45	0	his	False	-11	35	0	0	0	0	152	260	260	260
199	12	46	0	his	False	-11	36	148	148	148	148	216	216	216	632
199	12	82	0	his	False	-11	37	148	148	148	148	140	140	140	660
199	12	143	0	his	False	-11	38	220	220	220	220	220	220	220	220
199	12	161	0	his	False	-11	39	0	0	0	0	204	204	204	204
199	12	4	0	his	False	-11	40	136	136	136	232	40	260	260	1232
199	12	96	0	his	False	-11	41	228	228	228	228	152	512	512	1032
199	12	71	0	his	False	-11	42	148	148	148	148	248	248	248	968
199	12	157	0	his	False	-11	43	128	128	128	128	236	236	236	1024
201	4	69	0	she	True	?	1	152	284	284	284	392	392	392	392
201	4	77	0	she	True	?	2	144	144	144	144	148	148	148	148
201	4	203	0	she	True	?	3	188	188	188	188	232	232	232	232
201	4	113	0	she	True	?	4	0	0	0	0	160	332	548	1612
201	4	150	0	she	True	?	5	420	420	420	992	228	228	228	228
201	4	7	0	she	True	?	6	132	132	132	132	224	224	224	284
201	4	193	0	she	True	?	7	148	148	148	240	136	136	136	136
201	4	72	0	she	True	?	8	148	148	148	148	148	148	148	148
201	4	13	0	she	True	?	10	0	0	0	0	0	0	0	0
201	4	204	0	she	True	?	11	184	184	184	184	128	128	128	128
201	4	167	0	she	True	?	12	0	0	0	0	144	144	144	144
201	4	38	0	she	True	?	13	168	168	168	168	0	0	0	0
201	4	108	0	she	True	?	14	168	168	168	168	204	204	204	204
201	4	66	0	she	True	?	15	0	0	0	0	180	180	180	180
201	4	85	0	she	True	?	16	204	204	204	204	224	400	400	400
201	4	11	0	she	True	?	17	204	204	204	204	268	268	268	268
201	4	13	0	she	True	?	18	168	464	464	464	168	168	168	168
201	4	179	0	she	True	?	19	208	208	384	1148	120	120	120	120
201	4	148	0	she	True	?	20	0	0	0	0	144	144	144	144
201	4	135	0	she	True	?	21	120	120	120	120	204	204	204	204
201	4	8	0	she	True	?	22	328	328	328	328	248	248	248	248
201	4	203	0	she	True	?	23	0	0	0	0	476	476	648	692
201	4	48	0	she	True	?	24	276	276	276	276	136	136	136	136
201	4	139	0	she	True	?	25	152	152	152	152	220	220	220	220
201	4	58	0	she	True	?	27	208	208	208	208	136	136	136	136
201	4	199	0	she	True	?	28	156	156	476	1232	164	164	164	164
201	4	107	0	she	True	?	29	0	0	0	0	168	388	388	388
201	4	96	0	she	True	?	30	268	268	268	268	228	228	228	228
201	4	31	0	she	True	?	31	0	0	0	0	140	140	140	260
201	4	32	0	she	True	?	32	200	200	200	200	232	232	232	232
201	4	32	0	she	True	?	33	176	176	176	176	84	84	268	540
201	4	61	0	she	True	?	34	236	236	236	236	180	180	180	180
201	4	73	0	she	True	?	35	0	0	0	0	164	164	164	164
201	4	58	0	she	True	?	36	0	0	0	0	224	224	368	668
201	4	68	0	she	True	?	37	112	112	112	112	164	452	452	452
201	4	43	0	she	True	?	38	0	0	0	0	180	180	384	1308
201	4	102	0	she	True	?	39	0	0	0	0	196	196	348	668
201	4	110	0	she	True	?	40	0	0	0	0	0	0	0	0
201	4	190	0	she	True	?	41	0	0	0	0	0	0	0	0
201	4	102	0	she	True	?	42	0	0	0	0	136	448	564	712
201	4	82	0	she	True	?	43	116	116	116	116	172	172	172	172
201	6	69	0	her	True	-2	1	220	220	220	220	148	148	148	148
201	6	77	0	her	True	-2	2	160	160	160	160	140	140	140	140
201	6	203	0	her	True	-2	3	164	300	300	300	144	144	144	144
201	6	113	0	her	True	-2	4	0	0	0	0	176	176	176	176
201	6	150	0	her	True	-2	5	216	216	216	216	152	152	152	152
201	6	7	0	her	True	-2	6	0	0	0	0	164	164	164	164
201	6	193	0	her	True	-2	7	0	0	0	0	132	132	132	132
201	6	72	0	her	True	-2	8	156	156	156	156	132	132	132	132
201	6	13	0	her	True	-2	10	68	244	428	1196	116	116	116	116
201	6	204	0	her	True	-2	11	140	140	140	140	128	128	128	128
201	6	167	0	her	True	-2	12	128	128	128	128	228	228	228	228
201	6	38	0	her	True	-2	13	184	184	184	184	0	0	0	0
201	6	108	0	her	True	-2	14	0	0	0	0	208	208	332	452
201	6	66	0	her	True	-2	15	148	148	336	540	0	0	0	0
201	6	85	0	her	True	-2	16	228	368	368	368	224	224	224	224
201	6	11	0	her	True	-2	17	0	0	0	0	136	136	136	136
201	6	13	0	her	True	-2	18	0	0	0	0	172	172	172	172
201	6	179	0	her	True	-2	19	192	192	192	192	84	84	84	84
201	6	148	0	her	True	-2	20	0	0	0	0	364	364	364	364
201	6	135	0	her	True	-2	21	0	0	0	0	140	140	140	300
201	6	8	0	her	True	-2	22	288	288	288	288	256	256	256	256
201	6	203	0	her	True	-2	23	164	164	164	164	324	324	324	324
201	6	48	0	her	True	-2	24	0	0	0	0	128	360	360	360
201	6	139	0	her	True	-2	25	168	168	168	168	152	152	152	152
201	6	58	0	her	True	-2	27	0	0	0	0	188	188	188	288
201	6	199	0	her	True	-2	28	0	0	0	0	188	188	188	348
201	6	107	0	her	True	-2	29	0	0	0	0	156	300	300	504
201	6	96	0	her	True	-2	30	264	264	264	264	208	208	208	208
201	6	31	0	her	True	-2	31	0	0	0	0	156	156	156	156
201	6	32	0	her	True	-2	32	208	208	208	208	164	164	164	164
201	6	32	0	her	True	-2	33	280	280	280	280	100	100	100	100
201	6	61	0	her	True	-2	34	0	0	0	0	404	404	404	404
201	6	73	0	her	True	-2	35	168	168	168	168	0	0	0	0
201	6	58	0	her	True	-2	36	0	0	0	0	156	156	156	156
201	6	68	0	her	True	-2	37	96	96	96	96	132	316	316	316
201	6	43	0	her	True	-2	38	0	0	0	0	204	344	344	344
201	6	102	0	her	True	-2	39	148	148	148	148	128	128	128	128
201	6	110	0	her	True	-2	40	0	0	0	0	0	0	0	0
201	6	190	0	her	True	-2	41	0	0	0	0	96	240	420	1164
201	6	102	0	her	True	-2	42	0	0	0	0	208	208	208	300
201	6	82	0	her	True	-2	43	0	0	0	0	128	128	128	128
201	9	69	0	their	True	?	1	412	412	412	412	168	168	168	168
201	9	77	0	their	True	?	2	144	144	144	144	216	320	320	432
201	9	203	0	their	True	?	3	108	108	108	284	216	216	588	2496
201	9	113	0	their	True	?	4	228	228	228	228	312	312	312	312
201	9	150	0	their	True	?	5	192	192	192	192	388	388	388	704
201	9	7	0	their	True	?	6	0	0	0	0	216	216	216	216
201	9	193	0	their	True	?	7	0	0	0	0	120	120	260	636
201	9	72	0	their	True	?	8	384	384	384	384	284	284	284	284
201	9	13	0	their	True	?	10	212	324	324	324	0	0	0	0
201	9	204	0	their	True	?	11	156	156	156	156	300	300	300	300
201	9	167	0	their	True	?	12	152	152	152	152	348	348	348	348
201	9	38	0	their	True	?	13	0	0	0	0	176	336	336	336
201	9	108	0	their	True	?	14	0	0	0	0	212	492	492	492
201	9	66	0	their	True	?	15	108	108	108	108	168	168	168	168
201	9	85	0	their	True	?	16	224	412	412	412	176	332	332	332
201	9	11	0	their	True	?	17	140	140	140	140	172	172	172	172
201	9	13	0	their	True	?	18	256	256	256	256	0	0	0	0
201	9	179	0	their	True	?	19	168	168	168	168	152	152	292	540
201	9	148	0	their	True	?	20	216	216	216	216	212	212	212	212
201	9	135	0	their	True	?	21	0	0	0	0	128	128	128	128
201	9	8	0	their	True	?	22	228	228	228	228	268	268	268	268
201	9	203	0	their	True	?	23	272	272	272	272	468	468	468	3812
201	9	48	0	their	True	?	24	188	188	576	752	0	0	0	0
201	9	139	0	their	True	?	25	152	152	352	484	248	376	740	1560
201	9	58	0	their	True	?	27	228	484	484	664	0	0	0	0
201	9	199	0	their	True	?	28	0	0	0	0	176	368	368	476
201	9	107	0	their	True	?	29	0	0	0	0	188	352	352	352
201	9	96	0	their	True	?	30	224	224	388	632	336	336	336	664
201	9	31	0	their	True	?	31	0	0	0	0	152	152	152	344
201	9	32	0	their	True	?	32	312	312	312	568	208	208	208	340
201	9	32	0	their	True	?	33	244	244	244	244	160	160	392	2744
201	9	61	0	their	True	?	34	284	284	284	284	156	284	284	1300
201	9	73	0	their	True	?	35	188	188	188	188	188	188	188	188
201	9	58	0	their	True	?	36	180	180	180	180	0	0	0	0
201	9	68	0	their	True	?	37	164	164	164	164	68	284	284	284
201	9	43	0	their	True	?	38	148	148	148	148	212	212	212	212
201	9	102	0	their	True	?	39	0	0	0	0	364	364	364	364
201	9	110	0	their	True	?	40	156	156	156	156	140	140	140	140
201	9	190	0	their	True	?	41	164	296	296	364	384	424	424	424
201	9	102	0	their	True	?	42	0	0	0	0	176	176	176	324
201	9	82	0	their	True	?	43	108	108	108	108	228	344	344	344
201	13	69	1	them.	True	-4	1	208	208	364	2752	-999	-999	-999	-999
201	13	77	1	them.	True	-4	2	448	448	448	448	-999	-999	-999	-999
201	13	203	1	them.	True	-4	3	452	452	452	772	-999	-999	-999	-999
201	13	113	1	them.	True	-4	4	136	136	136	992	-999	-999	-999	-999
201	13	150	1	them.	True	-4	5	248	248	248	1004	-999	-999	-999	-999
201	13	7	1	them.	True	-4	6	236	236	236	900	-999	-999	-999	-999
201	13	193	1	them.	True	-4	7	104	104	104	1648	-999	-999	-999	-999
201	13	72	1	them.	True	-4	8	248	248	248	508	-999	-999	-999	-999
201	13	13	1	them.	True	-4	10	164	164	428	1320	-999	-999	-999	-999
201	13	204	1	them.	True	-4	11	136	256	256	256	-999	-999	-999	-999
201	13	167	1	them.	True	-4	12	188	188	688	2300	-999	-999	-999	-999
201	13	38	1	them.	True	-4	13	348	348	348	876	-999	-999	-999	-999
201	13	108	1	them.	True	-4	14	192	288	288	632	-999	-999	-999	-999
201	13	66	1	them.	True	-4	15	0	0	0	0	-999	-999	-999	-999
201	13	85	1	them.	True	-4	16	0	0	0	0	-999	-999	-999	-999
201	13	11	1	them.	True	-4	17	204	204	276	2620	-999	-999	-999	-999
201	13	13	1	them.	True	-4	18	272	272	272	696	-999	-999	-999	-999
201	13	179	1	them.	True	-4	19	160	160	160	456	-999	-999	-999	-999
201	13	148	1	them.	True	-4	20	152	152	292	2816	-999	-999	-999	-999
201	13	135	1	them.	True	-4	21	160	160	160	160	-999	-999	-999	-999
201	13	8	1	them.	True	-4	22	196	868	868	868	-999	-999	-999	-999
201	13	203	1	them.	True	-4	23	0	0	0	0	-999	-999	-999	-999
201	13	48	1	them.	True	-4	24	144	144	144	1064	-999	-999	-999	-999
201	13	139	1	them.	True	-4	25	176	176	176	2492	-999	-999	-999	-999
201	13	58	1	them.	True	-4	27	124	124	124	964	-999	-999	-999	-999
201	13	199	1	them.	True	-4	28	252	252	252	252	-999	-999	-999	-999
201	13	107	1	them.	True	-4	29	124	124	124	568	-999	-999	-999	-999
201	13	96	1	them.	True	-4	30	860	860	860	1228	-999	-999	-999	-999
201	13	31	1	them.	True	-4	31	296	296	296	296	-999	-999	-999	-999
201	13	32	1	them.	True	-4	32	456	456	456	728	-999	-999	-999	-999
201	13	32	1	them.	True	-4	33	80	80	80	1604	-999	-999	-999	-999
201	13	61	1	them.	True	-4	34	0	0	0	0	-999	-999	-999	-999
201	13	73	1	them.	True	-4	35	132	132	132	132	-999	-999	-999	-999
201	13	58	1	them.	True	-4	36	0	0	0	0	-999	-999	-999	-999
201	13	68	1	them.	True	-4	37	0	0	0	0	-999	-999	-999	-999
201	13	43	1	them.	True	-4	38	232	232	232	756	-999	-999	-999	-999
201	13	102	1	them.	True	-4	39	292	292	292	1268	-999	-999	-999	-999
201	13	110	1	them.	True	-4	40	128	128	128	268	-999	-999	-999	-999
201	13	190	1	them.	True	-4	41	56	56	56	1716	-999	-999	-999	-999
201	13	102	1	them.	True	-4	42	252	672	672	2112	-999	-999	-999	-999
201	13	82	1	them.	True	-4	43	176	176	176	480	-999	-999	-999	-999
202	4	19	0	him	True	?	1	492	492	620	972	168	168	168	168
202	4	93	0	him	True	?	2	160	160	160	344	0	0	0	0
202	4	74	0	him	True	?	3	284	284	284	284	168	168	168	168
202	4	76	0	him	True	?	4	0	0	0	0	152	152	152	152
202	4	129	0	him	True	?	5	0	0	0	0	176	176	176	176
202	4	193	0	him	True	?	6	0	0	0	0	124	124	124	124
202	4	201	0	him	True	?	7	0	0	0	0	104	104	104	328
202	4	201	0	him	True	?	8	168	168	168	168	112	112	112	112
202	4	51	0	him	True	?	10	160	160	160	160	156	156	156	156
202	4	69	0	him	True	?	11	168	168	168	168	144	144	144	144
202	4	172	0	him	True	?	12	132	132	132	132	0	0	0	0
202	4	191	0	him	True	?	13	208	208	208	208	260	260	260	260
202	4	16	0	him	True	?	14	216	216	216	872	200	200	200	200
202	4	76	0	him	True	?	15	0	0	0	0	140	140	140	280
202	4	130	0	him	True	?	16	164	164	164	164	284	284	284	284
202	4	146	0	him	True	?	17	180	180	180	180	0	0	0	0
202	4	9	0	him	True	?	18	0	0	0	0	188	188	188	188
202	4	49	0	him	True	?	19	180	180	180	180	140	140	140	140
202	4	77	0	him	True	?	20	148	148	148	148	200	200	200	200
202	4	99	0	him	True	?	21	204	204	204	204	0	0	0	0
202	4	138	0	him	True	?	22	188	188	188	188	184	184	304	472
202	4	151	0	him	True	?	23	284	284	284	284	180	180	180	180
202	4	122	0	him	True	?	24	276	276	276	636	216	216	216	216
202	4	5	0	him	True	?	25	0	0	0	0	0	0	0	0
202	4	61	0	him	True	?	27	0	0	0	0	0	0	0	0
202	4	39	0	him	True	?	28	160	520	520	520	372	372	372	372
202	4	77	0	him	True	?	29	0	0	0	0	216	216	216	1556
202	4	11	0	him	True	?	30	96	96	96	96	180	180	180	180
202	4	55	0	him	True	?	31	0	0	0	0	228	228	228	348
202	4	188	0	him	True	?	32	192	192	192	192	0	0	0	0
202	4	55	0	him	True	?	33	180	180	180	180	160	160	160	160
202	4	147	0	him	True	?	34	176	176	176	176	0	0	0	0
202	4	89	0	him	True	?	35	196	196	196	196	0	0	0	0
202	4	48	0	him	True	?	36	0	0	0	0	0	0	0	0
202	4	140	0	him	True	?	37	196	196	196	196	116	116	116	116
202	4	76	0	him	True	?	38	0	0	0	0	376	376	376	376
202	4	7	0	him	True	?	39	208	208	208	208	176	176	176	176
202	4	101	0	him	True	?	40	0	0	0	0	0	0	0	0
202	4	82	0	him	True	?	41	0	0	0	0	0	0	0	0
202	4	185	0	him	True	?	42	0	0	0	0	108	108	108	108
202	4	100	0	him	True	?	43	168	168	168	168	192	192	192	192
202	8	19	0	he	True	-4	1	196	196	196	196	288	288	288	568
202	8	93	0	he	True	-4	2	164	164	164	164	196	196	196	196
202	8	74	0	he	True	-4	3	0	0	0	0	240	372	372	372
202	8	76	0	he	True	-4	4	0	0	0	0	144	144	144	144
202	8	129	0	he	True	-4	5	0	0	0	0	308	308	308	308
202	8	193	0	he	True	-4	6	0	0	0	0	0	0	0	0
202	8	201	0	he	True	-4	7	144	144	144	144	0	0	0	0
202	8	201	0	he	True	-4	8	0	0	0	0	180	180	180	180
202	8	51	0	he	True	-4	10	0	0	0	0	156	156	156	156
202	8	69	0	he	True	-4	11	0	0	0	0	136	136	136	136
202	8	172	0	he	True	-4	12	168	168	168	168	0	0	0	0
202	8	191	0	he	True	-4	13	0	0	0	0	236	236	236	236
202	8	16	0	he	True	-4	14	160	160	160	160	300	300	300	300
202	8	76	0	he	True	-4	15	0	0	0	0	120	120	120	120
202	8	130	0	he	True	-4	16	0	0	0	0	144	144	144	144
202	8	146	0	he	True	-4	17	0	0	0	0	152	152	152	152
202	8	9	0	he	True	-4	18	212	212	212	212	0	0	0	0
202	8	49	0	he	True	-4	19	164	164	164	164	116	116	116	116
202	8	77	0	he	True	-4	20	0	0	0	0	236	236	236	236
202	8	99	0	he	True	-4	21	148	148	148	148	0	0	0	0
202	8	138	0	he	True	-4	22	188	188	188	188	248	248	248	248
202	8	151	0	he	True	-4	23	80	80	520	1096	212	212	212	212
202	8	122	0	he	True	-4	24	0	0	0	0	152	152	152	152
202	8	5	0	he	True	-4	25	0	0	0	0	252	252	252	252
202	8	61	0	he	True	-4	27	176	300	300	300	0	0	0	0
202	8	39	0	he	True	-4	28	184	184	184	184	376	492	492	492
202	8	77	0	he	True	-4	29	0	0	0	0	220	220	220	220
202	8	11	0	he	True	-4	30	196	196	408	1940	124	124	124	124
202	8	55	0	he	True	-4	31	0	0	0	0	172	172	172	172
202	8	188	0	he	True	-4	32	188	188	188	188	168	168	168	168
202	8	55	0	he	True	-4	33	148	148	148	148	180	180	180	180
202	8	147	0	he	True	-4	34	0	0	0	0	156	156	156	156
202	8	89	0	he	True	-4	35	0	0	0	0	256	256	256	256
202	8	48	0	he	True	-4	36	0	0	0	0	212	212	212	1088
202	8	140	0	he	True	-4	37	168	288	288	288	192	192	192	192
202	8	76	0	he	True	-4	38	196	196	196	196	176	176	176	176
202	8	7	0	he	True	-4	39	0	0	0	0	204	204	204	204
202	8	101	0	he	True	-4	40	136	136	136	136	148	148	148	148
202	8	82	0	he	True	-4	41	0	0	0	0	240	240	240	240
202	8	185	0	he	True	-4	42	0	0	0	0	152	152	152	244
202	8	100	0	he	True	-4	43	196	196	196	196	0	0	0	0
209	1	70	0	He	True	?	1	268	268	268	268	140	140	140	140
209	1	56	0	He	True	?	2	216	216	216	216	0	0	0	0
209	1	183	0	He	True	?	3	0	0	0	0	248	536	536	536
209	1	160	0	He	True	?	4	0	0	0	0	388	388	388	388
209	1	78	0	He	True	?	5	0	0	0	0	264	428	428	428
209	1	94	0	He	True	?	6	192	192	192	192	0	0	0	0
209	1	172	0	He	True	?	7	124	124	124	124	144	144	144	144
209	1	136	0	He	True	?	8	240	240	240	240	156	156	156	156
209	1	43	0	He	True	?	10	0	0	0	0	272	372	372	372
209	1	147	0	He	True	?	11	276	276	276	276	220	220	220	220
209	1	204	0	He	True	?	12	256	256	256	256	0	0	0	0
209	1	171	0	He	True	?	13	564	564	564	564	0	0	0	0
209	1	19	0	He	True	?	14	0	0	0	0	236	412	412	412
209	1	77	0	He	True	?	15	0	0	0	0	0	0	0	0
209	1	21	0	He	True	?	16	0	0	0	0	100	100	236	468
209	1	1	0	He	True	?	17	304	304	304	304	160	160	160	160
209	1	34	0	He	True	?	18	0	0	0	0	0	0	0	0
209	1	47	0	He	True	?	19	0	0	0	0	68	432	432	432
209	1	143	0	He	True	?	20	0	0	0	0	56	240	240	240
209	1	45	0	He	True	?	21	0	0	0	0	0	0	0	0
209	1	96	0	He	True	?	22	380	380	380	380	148	148	148	148
209	1	113	0	He	True	?	23	324	324	324	324	300	300	300	300
209	1	55	0	He	True	?	24	256	256	256	256	172	172	172	172
209	1	122	0	He	True	?	25	0	0	0	0	0	0	0	0
209	1	170	0	He	True	?	27	0	0	0	0	460	460	460	460
209	1	156	0	He	True	?	28	0	0	0	0	228	428	428	600
209	1	202	0	He	True	?	29	0	0	0	0	188	188	188	188
209	1	194	0	He	True	?	30	0	0	0	0	520	520	520	520
209	1	107	0	He	True	?	31	156	156	156	156	144	144	144	144
209	1	94	0	He	True	?	32	224	224	224	224	356	356	356	492
209	1	104	0	He	True	?	33	244	244	244	244	156	236	236	236
209	1	151	0	He	True	?	34	144	144	144	144	208	208	208	208
209	1	64	0	He	True	?	35	220	220	220	220	140	140	140	140
209	1	33	0	He	True	?	36	0	0	0	0	0	0	0	0
209	1	45	0	He	True	?	37	204	204	204	204	44	260	260	260
209	1	110	0	He	True	?	38	0	0	0	0	324	324	324	324
209	1	128	0	He	True	?	39	0	0	0	0	0	0	0	0
209	1	34	0	He	True	?	40	0	0	0	0	244	392	392	648
209	1	202	0	He	True	?	41	0	0	0	0	0	0	0	0
209	1	177	0	He	True	?	42	16	16	16	16	296	296	296	296
209	1	13	0	He	True	?	43	0	0	0	0	320	320	320	320
209	4	70	0	his	True	-3	1	148	296	296	296	0	0	0	0
209	4	56	0	his	True	-3	2	132	132	132	132	136	136	136	136
209	4	183	0	his	True	-3	3	156	156	156	156	160	160	160	160
209	4	160	0	his	True	-3	4	160	160	160	160	160	160	160	160
209	4	78	0	his	True	-3	5	0	0	0	0	176	176	176	176
209	4	94	0	his	True	-3	6	0	0	0	0	100	100	100	100
209	4	172	0	his	True	-3	7	184	184	184	304	140	140	140	140
209	4	136	0	his	True	-3	8	140	140	140	140	0	0	0	0
209	4	43	0	his	True	-3	10	132	132	132	132	100	100	100	100
209	4	147	0	his	True	-3	11	224	224	224	224	132	132	132	132
209	4	204	0	his	True	-3	12	0	0	0	0	128	128	128	128
209	4	171	0	his	True	-3	13	264	264	264	264	0	0	0	0
209	4	19	0	his	True	-3	14	0	0	0	0	332	332	332	332
209	4	77	0	his	True	-3	15	0	0	0	0	272	272	272	508
209	4	21	0	his	True	-3	16	184	316	316	316	0	0	0	0
209	4	1	0	his	True	-3	17	164	164	164	164	180	180	180	180
209	4	34	0	his	True	-3	18	0	0	0	0	236	236	236	236
209	4	47	0	his	True	-3	19	172	172	172	172	504	504	504	504
209	4	143	0	his	True	-3	20	0	0	0	0	144	144	144	144
209	4	45	0	his	True	-3	21	84	84	384	584	152	152	152	152
209	4	96	0	his	True	-3	22	220	428	428	428	0	0	0	0
209	4	113	0	his	True	-3	23	172	172	172	172	288	356	356	356
209	4	55	0	his	True	-3	24	0	0	0	0	168	168	168	168
209	4	122	0	his	True	-3	25	148	148	276	656	192	192	192	192
209	4	170	0	his	True	-3	27	208	372	372	372	0	0	0	0
209	4	156	0	his	True	-3	28	164	300	300	300	0	0	0	0
209	4	202	0	his	True	-3	29	176	176	176	176	140	140	140	140
209	4	194	0	his	True	-3	30	156	156	156	156	0	0	0	0
209	4	107	0	his	True	-3	31	144	144	144	144	0	0	0	0
209	4	94	0	his	True	-3	32	152	152	152	152	168	168	168	168
209	4	104	0	his	True	-3	33	184	184	184	184	200	200	200	200
209	4	151	0	his	True	-3	34	0	0	0	0	200	200	200	200
209	4	64	0	his	True	-3	35	0	0	0	0	236	236	236	236
209	4	33	0	his	True	-3	36	0	0	0	0	132	132	172	432
209	4	45	0	his	True	-3	37	128	128	128	128	192	192	192	192
209	4	110	0	his	True	-3	38	0	0	0	0	216	216	216	216
209	4	128	0	his	True	-3	39	0	0	0	0	224	224	224	368
209	4	34	0	his	True	-3	40	188	188	188	188	116	116	116	116
209	4	202	0	his	True	-3	41	0	0	0	0	124	124	276	884
209	4	177	0	his	True	-3	42	0	0	0	0	144	144	144	144
209	4	13	0	his	True	-3	43	144	144	144	144	100	100	100	100
209	14	70	1	him.	True	-10	1	892	892	1000	2968	-999	-999	-999	-999
209	14	56	1	him.	True	-10	2	0	0	0	0	-999	-999	-999	-999
209	14	183	1	him.	True	-10	3	224	316	316	316	-999	-999	-999	-999
209	14	160	1	him.	True	-10	4	200	200	200	1752	-999	-999	-999	-999
209	14	78	1	him.	True	-10	5	156	156	156	392	-999	-999	-999	-999
209	14	94	1	him.	True	-10	6	0	0	0	0	-999	-999	-999	-999
209	14	172	1	him.	True	-10	7	264	264	264	1836	-999	-999	-999	-999
209	14	136	1	him.	True	-10	8	116	116	116	116	-999	-999	-999	-999
209	14	43	1	him.	True	-10	10	308	308	308	1692	-999	-999	-999	-999
209	14	147	1	him.	True	-10	11	544	660	660	660	-999	-999	-999	-999
209	14	204	1	him.	True	-10	12	0	0	0	0	-999	-999	-999	-999
209	14	171	1	him.	True	-10	13	236	408	408	408	-999	-999	-999	-999
209	14	19	1	him.	True	-10	14	156	156	156	156	-999	-999	-999	-999
209	14	77	1	him.	True	-10	15	0	0	0	0	-999	-999	-999	-999
209	14	21	1	him.	True	-10	16	376	636	636	1872	-999	-999	-999	-999
209	14	1	1	him.	True	-10	17	220	220	220	924	-999	-999	-999	-999
209	14	34	1	him.	True	-10	18	0	0	0	0	-999	-999	-999	-999
209	14	47	1	him.	True	-10	19	144	144	144	1064	-999	-999	-999	-999
209	14	143	1	him.	True	-10	20	164	164	164	1680	-999	-999	-999	-999
209	14	45	1	him.	True	-10	21	256	256	256	256	-999	-999	-999	-999
209	14	96	1	him.	True	-10	22	0	0	0	0	-999	-999	-999	-999
209	14	113	1	him.	True	-10	23	204	204	616	4644	-999	-999	-999	-999
209	14	55	1	him.	True	-10	24	0	0	0	0	-999	-999	-999	-999
209	14	122	1	him.	True	-10	25	212	212	212	636	-999	-999	-999	-999
209	14	170	1	him.	True	-10	27	184	184	184	1160	-999	-999	-999	-999
209	14	156	1	him.	True	-10	28	196	196	196	768	-999	-999	-999	-999
209	14	202	1	him.	True	-10	29	132	276	276	276	-999	-999	-999	-999
209	14	194	1	him.	True	-10	30	224	224	224	828	-999	-999	-999	-999
209	14	107	1	him.	True	-10	31	140	140	140	140	-999	-999	-999	-999
209	14	94	1	him.	True	-10	32	320	320	320	320	-999	-999	-999	-999
209	14	104	1	him.	True	-10	33	0	0	0	0	-999	-999	-999	-999
209	14	151	1	him.	True	-10	34	112	112	112	112	-999	-999	-999	-999
209	14	64	1	him.	True	-10	35	0	0	0	0	-999	-999	-999	-999
209	14	33	1	him.	True	-10	36	0	0	0	0	-999	-999	-999	-999
209	14	45	1	him.	True	-10	37	0	0	0	0	-999	-999	-999	-999
209	14	110	1	him.	True	-10	38	168	168	168	168	-999	-999	-999	-999
209	14	128	1	him.	True	-10	39	192	192	192	336	-999	-999	-999	-999
209	14	34	1	him.	True	-10	40	80	160	160	1132	-999	-999	-999	-999
209	14	202	1	him.	True	-10	41	160	160	160	280	-999	-999	-999	-999
209	14	177	1	him.	True	-10	42	0	0	0	0	-999	-999	-999	-999
209	14	13	1	him.	True	-10	43	0	0	0	0	-999	-999	-999	-999
210	1	99	0	He	True	?	1	0	0	0	0	300	460	460	460
210	1	86	0	He	True	?	2	228	228	228	228	0	0	0	0
210	1	138	0	He	True	?	3	236	236	236	236	100	100	100	100
210	1	46	0	He	True	?	4	0	0	0	0	368	368	368	368
210	1	18	0	He	True	?	5	0	0	0	0	0	0	0	0
210	1	31	0	He	True	?	6	0	0	0	0	236	236	236	236
210	1	149	0	He	True	?	7	216	216	216	216	0	0	0	0
210	1	69	0	He	True	?	8	0	0	0	0	292	416	416	416
210	1	59	0	He	True	?	10	0	0	0	0	16	16	160	396
210	1	144	0	He	True	?	11	256	256	256	256	124	124	124	124
210	1	95	0	He	True	?	12	0	0	0	0	80	496	496	496
210	1	59	0	He	True	?	13	324	324	324	324	0	0	0	0
210	1	88	0	He	True	?	14	0	0	0	0	92	316	316	316
210	1	108	0	He	True	?	15	80	80	80	80	184	184	184	184
210	1	133	0	He	True	?	16	160	328	328	328	168	168	168	168
210	1	163	0	He	True	?	17	256	256	256	256	152	152	152	152
210	1	116	0	He	True	?	18	0	0	0	0	304	304	304	304
210	1	123	0	He	True	?	19	276	276	276	276	0	0	0	0
210	1	174	0	He	True	?	20	0	0	0	0	200	200	200	200
210	1	180	0	He	True	?	21	0	0	0	0	0	0	0	0
210	1	192	0	He	True	?	22	312	312	312	312	188	188	188	188
210	1	37	0	He	True	?	23	0	0	0	0	328	548	548	548
210	1	41	0	He	True	?	24	0	0	0	0	0	0	0	0
210	1	61	0	He	True	?	25	0	0	0	0	316	316	316	316
210	1	176	0	He	True	?	27	0	0	0	0	352	352	352	352
210	1	111	0	He	True	?	28	68	68	68	68	168	168	168	392
210	1	37	0	He	True	?	29	0	0	0	0	0	0	0	0
210	1	182	0	He	True	?	30	0	0	0	0	300	824	824	824
210	1	49	0	He	True	?	31	264	264	264	264	0	0	0	0
210	1	173	0	He	True	?	32	64	64	64	64	412	412	412	412
210	1	125	0	He	True	?	33	0	0	0	0	244	404	404	404
210	1	54	0	He	True	?	34	0	0	0	0	260	260	260	260
210	1	130	0	He	True	?	35	0	0	0	0	244	392	392	392
210	1	161	0	He	True	?	36	0	0	0	0	0	0	0	0
210	1	76	0	He	True	?	37	156	156	156	156	252	252	252	252
210	1	120	0	He	True	?	38	152	152	152	152	252	252	252	252
210	1	50	0	He	True	?	39	0	0	0	0	0	0	0	0
210	1	10	0	He	True	?	40	0	0	0	0	0	0	0	0
210	1	205	0	He	True	?	41	0	0	0	0	0	0	0	0
210	1	115	0	He	True	?	42	332	332	332	332	228	336	336	336
210	1	168	0	He	True	?	43	0	0	0	0	308	308	308	308
210	3	99	0	his	True	-2	1	120	120	120	120	140	252	396	640
210	3	86	0	his	True	-2	2	48	220	220	220	52	52	192	676
210	3	138	0	his	True	-2	3	140	140	140	140	160	160	160	160
210	3	46	0	his	True	-2	4	124	124	124	124	156	156	156	156
210	3	18	0	his	True	-2	5	0	0	0	0	276	276	276	624
210	3	31	0	his	True	-2	6	0	0	0	0	140	140	140	140
210	3	149	0	his	True	-2	7	216	216	216	216	156	156	156	156
210	3	69	0	his	True	-2	8	276	276	276	276	212	212	212	556
210	3	59	0	his	True	-2	10	124	124	124	124	176	176	176	176
210	3	144	0	his	True	-2	11	144	144	144	144	172	172	172	172
210	3	95	0	his	True	-2	12	224	224	224	224	88	88	88	144
210	3	59	0	his	True	-2	13	208	208	208	208	132	132	132	384
210	3	88	0	his	True	-2	14	152	152	152	152	216	316	316	516
210	3	108	0	his	True	-2	15	0	0	0	0	0	0	0	0
210	3	133	0	his	True	-2	16	216	428	428	428	132	132	132	132
210	3	163	0	his	True	-2	17	316	316	316	316	0	0	0	0
210	3	116	0	his	True	-2	18	0	0	0	0	288	288	288	288
210	3	123	0	his	True	-2	19	184	184	184	184	208	208	208	408
210	3	174	0	his	True	-2	20	220	220	220	220	188	188	188	364
210	3	180	0	his	True	-2	21	0	0	0	0	0	0	0	0
210	3	192	0	his	True	-2	22	168	168	168	168	196	196	196	196
210	3	37	0	his	True	-2	23	240	240	240	240	268	268	268	268
210	3	41	0	his	True	-2	24	248	248	480	648	124	124	124	392
210	3	61	0	his	True	-2	25	252	328	328	328	0	0	0	0
210	3	176	0	his	True	-2	27	300	300	300	300	260	260	260	260
210	3	111	0	his	True	-2	28	248	248	248	248	204	204	204	204
210	3	37	0	his	True	-2	29	0	0	0	0	0	0	0	0
210	3	182	0	his	True	-2	30	332	332	332	332	156	156	380	744
210	3	49	0	his	True	-2	31	204	204	204	204	0	0	0	0
210	3	173	0	his	True	-2	32	164	164	164	164	180	180	180	180
210	3	125	0	his	True	-2	33	172	172	172	172	152	152	152	152
210	3	54	0	his	True	-2	34	212	212	212	212	260	260	516	744
210	3	130	0	his	True	-2	35	0	0	0	0	180	180	180	180
210	3	161	0	his	True	-2	36	0	0	0	0	208	208	208	208
210	3	76	0	his	True	-2	37	184	184	184	184	172	172	172	312
210	3	120	0	his	True	-2	38	0	0	0	0	172	172	172	172
210	3	50	0	his	True	-2	39	164	164	164	164	248	384	384	384
210	3	10	0	his	True	-2	40	0	0	0	0	0	0	0	0
210	3	205	0	his	True	-2	41	0	0	0	0	0	0	0	0
210	3	115	0	his	True	-2	42	320	320	320	320	360	360	360	360
210	3	168	0	his	True	-2	43	132	132	132	132	0	0	0	0
210	11	99	0	his	True	-8	1	156	156	156	156	224	352	352	352
210	11	86	0	his	True	-8	2	156	156	156	156	112	112	112	112
210	11	138	0	his	True	-8	3	0	0	0	0	352	352	352	352
210	11	46	0	his	True	-8	4	0	0	0	0	160	348	348	348
210	11	18	0	his	True	-8	5	0	0	0	0	0	0	0	0
210	11	31	0	his	True	-8	6	0	0	0	0	0	0	0	0
210	11	149	0	his	True	-8	7	0	0	0	0	152	152	152	152
210	11	69	0	his	True	-8	8	236	236	236	236	116	116	256	512
210	11	59	0	his	True	-8	10	148	148	148	148	128	128	128	128
210	11	144	0	his	True	-8	11	0	0	0	0	148	280	280	280
210	11	95	0	his	True	-8	12	292	292	292	292	140	140	140	140
210	11	59	0	his	True	-8	13	0	0	0	0	220	220	220	220
210	11	88	0	his	True	-8	14	0	0	0	0	296	296	296	296
210	11	108	0	his	True	-8	15	0	0	0	0	0	0	0	0
210	11	133	0	his	True	-8	16	204	204	204	204	180	320	320	320
210	11	163	0	his	True	-8	17	0	0	0	0	136	280	424	720
210	11	116	0	his	True	-8	18	0	0	0	0	236	236	236	236
210	11	123	0	his	True	-8	19	176	176	176	176	264	264	264	264
210	11	174	0	his	True	-8	20	188	188	188	188	0	0	0	0
210	11	180	0	his	True	-8	21	200	260	260	260	0	0	0	0
210	11	192	0	his	True	-8	22	0	0	0	0	160	160	160	160
210	11	37	0	his	True	-8	23	316	316	316	316	360	360	360	360
210	11	41	0	his	True	-8	24	0	0	0	0	200	200	200	200
210	11	61	0	his	True	-8	25	0	0	0	0	248	444	444	488
210	11	176	0	his	True	-8	27	0	0	0	0	208	208	208	208
210	11	111	0	his	True	-8	28	384	384	384	384	236	236	236	236
210	11	37	0	his	True	-8	29	0	0	0	0	196	196	196	196
210	11	182	0	his	True	-8	30	248	248	248	248	176	176	176	176
210	11	49	0	his	True	-8	31	172	172	172	256	0	0	0	0
210	11	173	0	his	True	-8	32	0	0	0	0	180	180	180	180
210	11	125	0	his	True	-8	33	252	252	252	252	180	180	180	180
210	11	54	0	his	True	-8	34	176	176	176	176	0	0	0	0
210	11	130	0	his	True	-8	35	152	152	152	152	0	0	0	0
210	11	161	0	his	True	-8	36	100	100	100	100	0	0	0	0
210	11	76	0	his	True	-8	37	148	148	148	148	264	264	264	264
210	11	120	0	his	True	-8	38	0	0	0	0	308	308	308	308
210	11	50	0	his	True	-8	39	0	0	0	0	0	0	0	0
210	11	10	0	his	True	-8	40	0	0	0	0	132	132	372	588
210	11	205	0	his	True	-8	41	0	0	0	0	284	284	284	284
210	11	115	0	his	True	-8	42	184	184	184	280	220	220	220	220
210	11	168	0	his	True	-8	43	132	132	132	132	0	0	0	0
210	14	99	1	him.	True	-10	1	416	416	416	848	-999	-999	-999	-999
210	14	86	1	him.	True	-10	2	172	172	172	472	-999	-999	-999	-999
210	14	138	1	him.	True	-10	3	164	164	164	164	-999	-999	-999	-999
210	14	46	1	him.	True	-10	4	156	156	156	912	-999	-999	-999	-999
210	14	18	1	him.	True	-10	5	324	324	528	4976	-999	-999	-999	-999
210	14	31	1	him.	True	-10	6	0	0	0	0	-999	-999	-999	-999
210	14	149	1	him.	True	-10	7	148	296	296	2520	-999	-999	-999	-999
210	14	69	1	him.	True	-10	8	144	144	144	228	-999	-999	-999	-999
210	14	59	1	him.	True	-10	10	172	172	172	2404	-999	-999	-999	-999
210	14	144	1	him.	True	-10	11	212	212	212	212	-999	-999	-999	-999
210	14	95	1	him.	True	-10	12	200	200	200	1060	-999	-999	-999	-999
210	14	59	1	him.	True	-10	13	0	0	0	0	-999	-999	-999	-999
210	14	88	1	him.	True	-10	14	0	0	0	0	-999	-999	-999	-999
210	14	108	1	him.	True	-10	15	0	0	0	0	-999	-999	-999	-999
210	14	133	1	him.	True	-10	16	500	500	500	744	-999	-999	-999	-999
210	14	163	1	him.	True	-10	17	128	128	128	600	-999	-999	-999	-999
210	14	116	1	him.	True	-10	18	180	180	180	344	-999	-999	-999	-999
210	14	123	1	him.	True	-10	19	0	0	0	0	-999	-999	-999	-999
210	14	174	1	him.	True	-10	20	328	328	328	1908	-999	-999	-999	-999
210	14	180	1	him.	True	-10	21	0	0	0	0	-999	-999	-999	-999
210	14	192	1	him.	True	-10	22	0	0	0	0	-999	-999	-999	-999
210	14	37	1	him.	True	-10	23	376	376	1296	3176	-999	-999	-999	-999
210	14	41	1	him.	True	-10	24	0	0	0	0	-999	-999	-999	-999
210	14	61	1	him.	True	-10	25	108	108	108	464	-999	-999	-999	-999
210	14	176	1	him.	True	-10	27	0	0	0	0	-999	-999	-999	-999
210	14	111	1	him.	True	-10	28	184	808	808	1328	-999	-999	-999	-999
210	14	37	1	him.	True	-10	29	160	160	160	160	-999	-999	-999	-999
210	14	182	1	him.	True	-10	30	0	0	0	0	-999	-999	-999	-999
210	14	49	1	him.	True	-10	31	264	264	264	264	-999	-999	-999	-999
210	14	173	1	him.	True	-10	32	0	0	0	0	-999	-999	-999	-999
210	14	125	1	him.	True	-10	33	172	172	172	172	-999	-999	-999	-999
210	14	54	1	him.	True	-10	34	0	0	0	0	-999	-999	-999	-999
210	14	130	1	him.	True	-10	35	0	0	0	0	-999	-999	-999	-999
210	14	161	1	him.	True	-10	36	80	80	80	80	-999	-999	-999	-999
210	14	76	1	him.	True	-10	37	340	340	340	340	-999	-999	-999	-999
210	14	120	1	him.	True	-10	38	164	164	164	164	-999	-999	-999	-999
210	14	50	1	him.	True	-10	39	172	172	172	868	-999	-999	-999	-999
210	14	10	1	him.	True	-10	40	168	168	168	1456	-999	-999	-999	-999
210	14	205	1	him.	True	-10	41	432	432	468	1272	-999	-999	-999	-999
210	14	115	1	him.	True	-10	42	336	336	336	1052	-999	-999	-999	-999
210	14	168	1	him.	True	-10	43	296	296	296	596	-999	-999	-999	-999
221	3	16	0	his	False	-2	1	0	0	0	0	296	296	296	296
221	3	164	0	his	False	-2	2	0	0	0	0	176	176	176	176
221	3	152	0	his	False	-2	3	328	328	328	328	0	0	0	0
221	3	93	0	his	False	-2	4	180	180	180	180	0	0	0	0
221	3	47	0	his	False	-2	5	248	248	248	248	0	0	0	0
221	3	176	0	his	False	-2	6	124	124	124	124	116	116	116	116
221	3	113	0	his	False	-2	7	0	0	0	0	160	160	160	160
221	3	37	0	his	False	-2	8	168	168	168	168	0	0	0	0
221	3	65	0	his	False	-2	10	176	176	176	176	80	80	80	80
221	3	113	0	his	False	-2	11	0	0	0	0	136	136	136	136
221	3	197	0	his	False	-2	12	0	0	0	0	132	132	132	132
221	3	76	0	his	False	-2	13	100	100	100	100	0	0	0	0
221	3	146	0	his	False	-2	14	164	496	496	692	104	104	104	104
221	3	18	0	his	False	-2	15	0	0	0	0	240	240	240	240
221	3	30	0	his	False	-2	16	216	216	216	216	164	164	164	164
221	3	25	0	his	False	-2	17	0	0	0	0	188	188	188	188
221	3	65	0	his	False	-2	18	0	0	0	0	104	104	104	104
221	3	33	0	his	False	-2	19	0	0	0	0	212	212	212	212
221	3	79	0	his	False	-2	20	0	0	0	0	172	172	424	976
221	3	85	0	his	False	-2	21	132	132	132	132	136	136	136	136
221	3	18	0	his	False	-2	22	116	116	116	696	208	208	208	376
221	3	49	0	his	False	-2	23	96	220	220	220	320	320	320	320
221	3	169	0	his	False	-2	24	172	172	172	172	168	168	168	168
221	3	177	0	his	False	-2	25	132	132	132	132	204	204	204	204
221	3	50	0	his	False	-2	27	0	0	0	0	216	356	356	356
221	3	175	0	his	False	-2	28	260	260	260	260	152	152	152	152
221	3	72	0	his	False	-2	29	0	0	0	0	192	192	192	192
221	3	36	0	his	False	-2	30	228	228	228	228	60	60	60	60
221	3	101	0	his	False	-2	31	0	0	0	0	224	224	224	224
221	3	117	0	his	False	-2	32	212	328	328	328	0	0	0	0
221	3	49	0	his	False	-2	33	164	340	340	340	152	152	152	152
221	3	175	0	his	False	-2	34	0	0	0	0	3352	3352	3352	3352
221	3	46	0	his	False	-2	35	180	180	180	180	188	188	188	188
221	3	162	0	his	False	-2	36	0	0	0	0	144	144	144	144
221	3	105	0	his	False	-2	37	128	128	128	128	144	144	144	144
221	3	138	0	his	False	-2	38	0	0	0	0	248	248	248	248
221	3	170	0	his	False	-2	39	228	228	228	344	0	0	0	0
221	3	127	0	his	False	-2	40	0	0	0	0	0	0	0	0
221	3	151	0	his	False	-2	41	0	0	0	0	140	140	140	140
221	3	122	0	his	False	-2	42	0	0	0	0	132	132	132	132
221	3	45	0	his	False	-2	43	88	88	88	88	128	128	128	128
227	5	170	0	her	True	?	1	324	324	324	324	320	320	320	320
227	5	88	0	her	True	?	2	224	224	224	296	180	180	180	180
227	5	56	0	her	True	?	3	132	132	132	332	184	184	184	184
227	5	169	0	her	True	?	4	0	0	0	0	0	0	0	0
227	5	6	0	her	True	?	5	236	236	236	236	160	160	160	160
227	5	180	0	her	True	?	6	0	0	0	0	148	148	148	148
227	5	36	0	her	True	?	7	144	144	144	144	0	0	0	0
227	5	172	0	her	True	?	8	376	376	376	376	184	184	184	184
227	5	152	0	her	True	?	10	148	148	148	148	156	156	156	156
227	5	164	0	her	True	?	11	176	176	176	176	168	168	168	168
227	5	102	0	her	True	?	12	256	256	256	256	164	164	164	164
227	5	82	0	her	True	?	13	0	0	0	0	184	184	184	184
227	5	182	0	her	True	?	14	0	0	0	0	188	188	188	600
227	5	54	0	her	True	?	15	0	0	0	0	200	200	200	200
227	5	29	0	her	True	?	16	220	220	220	220	248	308	308	464
227	5	64	0	her	True	?	17	180	180	180	180	168	168	168	168
227	5	27	0	her	True	?	18	168	168	168	168	0	0	0	0
227	5	29	0	her	True	?	19	280	456	456	456	0	0	0	0
227	5	188	0	her	True	?	20	212	356	356	356	0	0	0	0
227	5	130	0	her	True	?	21	0	0	0	0	124	124	124	124
227	5	93	0	her	True	?	22	344	344	344	344	0	0	0	0
227	5	18	0	her	True	?	23	164	408	576	748	192	192	192	192
227	5	171	0	her	True	?	24	268	268	268	268	268	268	268	268
227	5	141	0	her	True	?	25	196	392	392	392	0	0	0	0
227	5	65	0	her	True	?	27	240	240	240	240	164	504	504	504
227	5	70	0	her	True	?	28	192	384	384	384	360	360	360	360
227	5	16	0	her	True	?	29	0	0	0	0	248	248	248	248
227	5	138	0	her	True	?	30	220	220	220	220	312	312	312	312
227	5	19	0	her	True	?	31	0	0	0	0	140	140	140	140
227	5	87	0	her	True	?	32	344	344	344	344	192	192	192	192
227	5	33	0	her	True	?	33	224	224	444	816	204	204	204	204
227	5	188	0	her	True	?	34	176	176	176	176	180	180	180	356
227	5	157	0	her	True	?	35	192	192	192	192	156	156	156	156
227	5	12	0	her	True	?	36	200	200	200	200	0	0	0	0
227	5	57	0	her	True	?	37	204	204	204	204	144	628	628	628
227	5	200	0	her	True	?	38	260	260	260	260	0	0	0	0
227	5	13	0	her	True	?	39	0	0	0	0	0	0	0	0
227	5	64	0	her	True	?	40	180	300	300	300	156	156	156	156
227	5	140	0	her	True	?	41	0	0	0	0	364	492	492	492
227	5	136	0	her	True	?	42	0	0	0	0	136	136	136	252
227	5	40	0	her	True	?	43	168	288	288	288	220	220	220	220
227	13	170	0	his	True	-11	1	456	456	456	456	508	508	508	508
227	13	88	0	his	True	-11	2	236	236	236	236	136	136	136	256
227	13	56	0	his	True	-11	3	208	364	364	364	256	256	256	340
227	13	169	0	his	True	-11	4	0	0	0	0	172	280	280	280
227	13	6	0	his	True	-11	5	0	0	0	0	228	228	228	3000
227	13	180	0	his	True	-11	6	204	204	204	560	0	0	0	0
227	13	36	0	his	True	-11	7	148	148	500	1420	0	0	0	0
227	13	172	0	his	True	-11	8	184	184	184	184	0	0	0	0
227	13	152	0	his	True	-11	10	324	324	324	324	232	232	232	1540
227	13	164	0	his	True	-11	11	172	304	304	304	376	720	720	720
227	13	102	0	his	True	-11	12	268	268	268	1188	176	176	176	276
227	13	82	0	his	True	-11	13	256	256	256	256	776	776	776	776
227	13	182	0	his	True	-11	14	0	0	0	0	0	0	0	0
227	13	54	0	his	True	-11	15	236	236	596	1256	0	0	0	0
227	13	29	0	his	True	-11	16	220	220	220	220	268	336	336	672
227	13	64	0	his	True	-11	17	0	0	0	0	152	264	264	1252
227	13	27	0	his	True	-11	18	320	320	320	320	0	0	0	0
227	13	29	0	his	True	-11	19	0	0	0	0	436	536	536	1260
227	13	188	0	his	True	-11	20	284	284	284	284	136	136	384	1160
227	13	130	0	his	True	-11	21	0	0	0	0	164	164	164	164
227	13	93	0	his	True	-11	22	288	288	288	288	0	0	0	0
227	13	18	0	his	True	-11	23	0	0	0	0	276	276	1200	7868
227	13	171	0	his	True	-11	24	0	0	0	0	248	248	248	768
227	13	141	0	his	True	-11	25	0	0	0	0	252	424	920	1448
227	13	65	0	his	True	-11	27	416	416	416	416	0	0	0	0
227	13	70	0	his	True	-11	28	476	824	824	824	328	328	328	540
227	13	16	0	his	True	-11	29	0	0	0	0	216	216	512	768
227	13	138	0	his	True	-11	30	124	124	124	124	368	368	928	1684
227	13	19	0	his	True	-11	31	120	120	120	120	0	0	0	0
227	13	87	0	his	True	-11	32	236	236	236	236	0	0	0	0
227	13	33	0	his	True	-11	33	96	96	360	612	164	164	480	3376
227	13	188	0	his	True	-11	34	0	0	0	0	284	632	632	632
227	13	157	0	his	True	-11	35	0	0	0	0	216	216	216	216
227	13	12	0	his	True	-11	36	216	216	216	216	164	164	164	436
227	13	57	0	his	True	-11	37	124	124	124	124	284	284	284	676
227	13	200	0	his	True	-11	38	0	0	0	0	192	192	192	192
227	13	13	0	his	True	-11	39	152	152	152	152	152	152	152	428
227	13	64	0	his	True	-11	40	148	268	268	268	96	96	96	1392
227	13	140	0	his	True	-11	41	216	216	216	216	164	164	164	256
227	13	136	0	his	True	-11	42	0	0	0	0	160	160	292	1128
227	13	40	0	his	True	-11	43	192	404	404	404	148	148	148	148
228	1	162	0	They	True	?	1	228	332	332	332	0	0	0	0
228	1	50	0	They	True	?	2	216	216	216	216	92	92	92	92
228	1	80	0	They	True	?	3	0	0	0	0	200	200	200	384
228	1	33	0	They	True	?	4	0	0	0	0	0	0	0	0
228	1	203	0	They	True	?	5	428	428	428	428	0	0	0	0
228	1	120	0	They	True	?	6	252	252	252	252	0	0	0	0
228	1	34	0	They	True	?	7	140	244	244	244	0	0	0	0
228	1	32	0	They	True	?	8	0	0	0	0	240	240	408	588
228	1	42	0	They	True	?	10	0	0	0	0	0	0	0	0
228	1	28	0	They	True	?	11	256	436	436	436	224	224	224	224
228	1	11	0	They	True	?	12	0	0	0	0	284	284	284	720
228	1	183	0	They	True	?	13	332	332	332	332	260	260	260	260
228	1	86	0	They	True	?	14	284	284	284	284	168	168	168	168
228	1	72	0	They	True	?	15	0	0	0	0	0	0	0	0
228	1	4	0	They	True	?	16	76	76	76	76	200	200	200	200
228	1	153	0	They	True	?	17	0	0	0	0	280	280	280	396
228	1	14	0	They	True	?	18	0	0	0	0	228	316	316	316
228	1	136	0	They	True	?	19	0	0	0	0	0	0	0	0
228	1	113	0	They	True	?	20	0	0	0	0	244	388	388	388
228	1	74	0	They	True	?	21	0	0	0	0	212	328	328	328
228	1	191	0	They	True	?	22	312	312	312	312	152	152	152	152
228	1	3	0	They	True	?	23	336	336	336	336	208	208	208	208
228	1	19	0	They	True	?	24	64	64	64	64	0	0	0	0
228	1	124	0	They	True	?	25	0	0	0	0	0	0	0	0
228	1	134	0	They	True	?	27	0	0	0	0	236	492	492	492
228	1	130	0	They	True	?	28	64	448	448	448	248	248	248	248
228	1	56	0	They	True	?	29	0	0	0	0	0	0	0	0
228	1	75	0	They	True	?	30	296	296	296	296	628	628	628	628
228	1	87	0	They	True	?	31	0	0	0	0	252	252	252	324
228	1	136	0	They	True	?	32	244	404	404	404	268	268	268	268
228	1	184	0	They	True	?	33	260	260	260	260	184	184	184	184
228	1	144	0	They	True	?	34	192	192	192	192	0	0	0	0
228	1	118	0	They	True	?	35	72	72	72	72	176	176	176	300
228	1	57	0	They	True	?	36	0	0	0	0	232	232	232	232
228	1	54	0	They	True	?	37	192	192	192	192	144	348	348	348
228	1	183	0	They	True	?	38	308	308	308	308	0	0	0	0
228	1	82	0	They	True	?	39	0	0	0	0	0	0	0	0
228	1	113	0	They	True	?	40	0	0	0	0	0	0	0	0
228	1	106	0	They	True	?	41	0	0	0	0	0	0	0	0
228	1	91	0	They	True	?	42	320	320	320	320	0	0	0	0
228	1	95	0	They	True	?	43	52	52	52	52	272	272	272	272
228	3	162	0	he	True	?	1	188	188	188	188	216	216	216	368
228	3	50	0	he	True	?	2	168	168	168	168	0	0	0	0
228	3	80	0	he	True	?	3	168	168	168	168	208	524	524	524
228	3	33	0	he	True	?	4	0	0	0	0	0	0	0	0
228	3	203	0	he	True	?	5	0	0	0	0	240	240	240	240
228	3	120	0	he	True	?	6	0	0	0	0	144	144	144	144
228	3	34	0	he	True	?	7	96	96	96	96	0	0	0	0
228	3	32	0	he	True	?	8	0	0	0	0	200	344	344	344
228	3	42	0	he	True	?	10	0	0	0	0	0	0	0	0
228	3	28	0	he	True	?	11	164	164	164	164	132	132	132	132
228	3	11	0	he	True	?	12	0	0	0	0	168	168	168	168
228	3	183	0	he	True	?	13	0	0	0	0	196	196	196	196
228	3	86	0	he	True	?	14	0	0	0	0	340	576	652	912
228	3	72	0	he	True	?	15	0	0	0	0	0	0	0	0
228	3	4	0	he	True	?	16	0	0	0	0	208	208	208	208
228	3	153	0	he	True	?	17	336	336	336	336	160	160	160	160
228	3	14	0	he	True	?	18	0	0	0	0	244	244	244	460
228	3	136	0	he	True	?	19	0	0	0	0	0	0	0	0
228	3	113	0	he	True	?	20	144	144	144	144	0	0	0	0
228	3	74	0	he	True	?	21	0	0	0	0	116	116	116	116
228	3	191	0	he	True	?	22	0	0	0	0	0	0	0	0
228	3	3	0	he	True	?	23	164	164	164	164	328	328	328	328
228	3	19	0	he	True	?	24	0	0	0	0	168	168	168	600
228	3	124	0	he	True	?	25	284	284	284	284	180	180	316	860
228	3	134	0	he	True	?	27	0	0	0	0	208	208	368	604
228	3	130	0	he	True	?	28	0	0	0	0	172	172	352	992
228	3	56	0	he	True	?	29	0	0	0	0	168	272	272	584
228	3	75	0	he	True	?	30	288	288	288	288	140	140	140	140
228	3	87	0	he	True	?	31	0	0	0	0	188	188	188	188
228	3	136	0	he	True	?	32	0	0	0	0	328	328	328	680
228	3	184	0	he	True	?	33	188	252	252	496	232	232	232	232
228	3	144	0	he	True	?	34	0	0	0	0	180	180	180	180
228	3	118	0	he	True	?	35	164	164	164	164	0	0	0	0
228	3	57	0	he	True	?	36	0	0	0	0	0	0	0	0
228	3	54	0	he	True	?	37	116	116	116	116	160	160	160	160
228	3	183	0	he	True	?	38	132	132	132	132	0	0	0	0
228	3	82	0	he	True	?	39	0	0	0	0	124	124	124	124
228	3	113	0	he	True	?	40	0	0	0	0	0	0	0	0
228	3	106	0	he	True	?	41	0	0	0	0	176	176	360	768
228	3	91	0	he	True	?	42	296	296	296	296	132	132	132	132
228	3	95	0	he	True	?	43	212	212	212	212	200	200	200	200
230	1	101	0	He	True	?	1	0	0	0	0	288	288	288	420
230	1	102	0	He	True	?	2	196	196	196	196	0	0	0	0
230	1	47	0	He	True	?	3	0	0	0	0	380	380	380	380
230	1	7	0	He	True	?	4	0	0	0	0	256	392	392	392
230	1	174	0	He	True	?	5	0	0	0	0	312	496	496	496
230	1	105	0	He	True	?	6	0	0	0	0	244	244	244	244
230	1	54	0	He	True	?	7	0	0	0	0	220	220	220	220
230	1	141	0	He	True	?	8	0	0	0	0	256	352	352	352
230	1	118	0	He	True	?	10	0	0	0	0	0	0	0	0
230	1	50	0	He	True	?	11	260	260	260	260	196	196	196	196
230	1	150	0	He	True	?	12	0	0	0	0	260	388	388	388
230	1	88	0	He	True	?	13	292	292	292	292	220	220	220	220
230	1	200	0	He	True	?	14	0	0	0	0	68	404	404	404
230	1	195	0	He	True	?	15	0	0	0	0	244	244	244	244
230	1	157	0	He	True	?	16	268	268	268	268	200	200	200	200
230	1	21	0	He	True	?	17	236	236	236	236	140	140	140	140
230	1	24	0	He	True	?	18	0	0	0	0	0	0	0	0
230	1	188	0	He	True	?	19	0	0	0	0	288	288	288	288
230	1	33	0	He	True	?	20	0	0	0	0	0	0	0	0
230	1	125	0	He	True	?	21	0	0	0	0	0	0	0	0
230	1	95	0	He	True	?	22	352	352	352	352	176	524	524	1828
230	1	156	0	He	True	?	23	0	0	0	0	320	556	556	556
230	1	107	0	He	True	?	24	232	232	232	232	144	144	144	144
230	1	170	0	He	True	?	25	0	0	0	0	280	324	324	324
230	1	52	0	He	True	?	27	0	0	0	0	92	408	408	408
230	1	160	0	He	True	?	28	252	252	252	252	644	832	832	832
230	1	17	0	He	True	?	29	0	0	0	0	0	0	0	0
230	1	177	0	He	True	?	30	328	328	328	328	252	252	252	252
230	1	124	0	He	True	?	31	64	64	64	64	256	256	256	256
230	1	83	0	He	True	?	32	208	208	208	208	308	308	308	308
230	1	181	0	He	True	?	33	244	244	244	244	172	172	172	172
230	1	75	0	He	True	?	34	0	0	0	0	300	300	300	300
230	1	128	0	He	True	?	35	236	236	236	236	156	156	156	156
230	1	188	0	He	True	?	36	0	0	0	0	0	0	0	0
230	1	77	0	He	True	?	37	0	0	0	0	132	200	200	200
230	1	186	0	He	True	?	38	0	0	0	0	248	384	384	384
230	1	2	0	He	True	?	39	0	0	0	0	120	120	120	120
230	1	191	0	He	True	?	40	0	0	0	0	0	0	0	0
230	1	112	0	He	True	?	41	0	0	0	0	0	0	0	0
230	1	9	0	He	True	?	42	0	0	0	0	488	488	488	488
230	1	158	0	He	True	?	43	0	0	0	0	268	268	268	340
230	5	101	0	his	True	-4	1	248	248	248	248	224	224	448	608
230	5	102	0	his	True	-4	2	0	0	0	0	256	256	256	548
230	5	47	0	his	True	-4	3	164	164	164	324	208	208	208	208
230	5	7	0	his	True	-4	4	276	276	276	276	200	200	200	200
230	5	174	0	his	True	-4	5	312	312	312	312	200	200	200	200
230	5	105	0	his	True	-4	6	0	0	0	0	112	112	112	112
230	5	54	0	his	True	-4	7	0	0	0	0	184	184	184	356
230	5	141	0	his	True	-4	8	196	196	196	196	252	252	252	252
230	5	118	0	his	True	-4	10	0	0	0	0	0	0	0	0
230	5	50	0	his	True	-4	11	128	128	128	128	276	276	276	276
230	5	150	0	his	True	-4	12	0	0	0	0	264	264	264	264
230	5	88	0	his	True	-4	13	0	0	0	0	200	200	200	200
230	5	200	0	his	True	-4	14	340	612	612	612	200	464	464	464
230	5	195	0	his	True	-4	15	164	164	164	164	120	120	120	120
230	5	157	0	his	True	-4	16	152	152	152	152	196	196	196	196
230	5	21	0	his	True	-4	17	144	144	144	144	132	132	132	132
230	5	24	0	his	True	-4	18	300	300	300	300	0	0	0	0
230	5	188	0	his	True	-4	19	152	152	152	152	204	204	204	204
230	5	33	0	his	True	-4	20	100	100	100	100	144	144	144	728
230	5	125	0	his	True	-4	21	140	140	140	140	232	232	232	232
230	5	95	0	his	True	-4	22	184	184	184	184	336	336	336	336
230	5	156	0	his	True	-4	23	176	176	176	176	340	512	512	512
230	5	107	0	his	True	-4	24	156	156	156	156	148	148	148	348
230	5	170	0	his	True	-4	25	216	216	216	216	212	212	212	212
230	5	52	0	his	True	-4	27	260	260	260	260	172	372	372	372
230	5	160	0	his	True	-4	28	328	328	328	328	232	232	232	232
230	5	17	0	his	True	-4	29	100	100	100	100	124	124	344	932
230	5	177	0	his	True	-4	30	188	188	188	188	164	280	280	280
230	5	124	0	his	True	-4	31	0	0	0	0	164	164	164	164
230	5	83	0	his	True	-4	32	132	132	132	132	228	228	228	228
230	5	181	0	his	True	-4	33	168	168	168	168	88	88	88	88
230	5	75	0	his	True	-4	34	164	164	164	164	216	216	216	216
230	5	128	0	his	True	-4	35	200	200	200	200	192	192	192	192
230	5	188	0	his	True	-4	36	0	0	0	0	180	180	180	180
230	5	77	0	his	True	-4	37	0	0	0	0	192	280	280	280
230	5	186	0	his	True	-4	38	0	0	0	0	268	268	268	268
230	5	2	0	his	True	-4	39	108	108	108	108	36	36	36	36
230	5	191	0	his	True	-4	40	0	0	0	0	0	0	0	0
230	5	112	0	his	True	-4	41	0	0	0	0	0	0	0	0
230	5	9	0	his	True	-4	42	220	220	220	220	132	132	196	348
230	5	158	0	his	True	-4	43	232	232	232	232	232	232	232	232
230	8	101	0	he	True	-3	1	0	0	0	0	276	276	276	276
230	8	102	0	he	True	-3	2	156	156	156	156	188	188	188	188
230	8	47	0	he	True	-3	3	0	0	0	0	156	320	320	320
230	8	7	0	he	True	-3	4	244	244	244	244	288	288	288	288
230	8	174	0	he	True	-3	5	364	364	672	1320	220	220	220	220
230	8	105	0	he	True	-3	6	0	0	0	0	0	0	0	0
230	8	54	0	he	True	-3	7	148	148	148	148	96	96	96	96
230	8	141	0	he	True	-3	8	0	0	0	0	196	196	196	196
230	8	118	0	he	True	-3	10	0	0	0	0	280	280	280	280
230	8	50	0	he	True	-3	11	0	0	0	0	136	136	136	136
230	8	150	0	he	True	-3	12	0	0	0	0	392	392	392	392
230	8	88	0	he	True	-3	13	0	0	0	0	116	116	116	116
230	8	200	0	he	True	-3	14	0	0	0	0	160	364	364	364
230	8	195	0	he	True	-3	15	0	0	0	0	144	144	144	144
230	8	157	0	he	True	-3	16	0	0	0	0	188	188	188	188
230	8	21	0	he	True	-3	17	168	168	168	168	176	176	176	176
230	8	24	0	he	True	-3	18	200	200	200	200	156	156	156	156
230	8	188	0	he	True	-3	19	84	84	84	84	184	184	184	184
230	8	33	0	he	True	-3	20	0	0	0	0	128	128	128	128
230	8	125	0	he	True	-3	21	0	0	0	0	300	300	300	300
230	8	95	0	he	True	-3	22	0	0	0	0	368	368	368	368
230	8	156	0	he	True	-3	23	180	180	180	180	168	440	440	440
230	8	107	0	he	True	-3	24	0	0	0	0	188	188	188	188
230	8	170	0	he	True	-3	25	140	140	140	404	164	404	404	404
230	8	52	0	he	True	-3	27	0	0	0	0	156	156	156	156
230	8	160	0	he	True	-3	28	140	140	140	432	180	180	180	180
230	8	17	0	he	True	-3	29	192	192	192	192	200	200	200	200
230	8	177	0	he	True	-3	30	248	248	248	248	120	120	120	120
230	8	124	0	he	True	-3	31	0	0	0	0	156	156	156	156
230	8	83	0	he	True	-3	32	0	0	0	0	176	444	444	444
230	8	181	0	he	True	-3	33	0	0	0	0	204	204	204	204
230	8	75	0	he	True	-3	34	0	0	0	0	132	132	132	132
230	8	128	0	he	True	-3	35	192	192	192	192	168	168	168	168
230	8	188	0	he	True	-3	36	0	0	0	0	232	232	232	232
230	8	77	0	he	True	-3	37	0	0	0	0	240	240	240	240
230	8	186	0	he	True	-3	38	176	176	176	176	252	252	252	252
230	8	2	0	he	True	-3	39	0	0	0	0	144	144	144	144
230	8	191	0	he	True	-3	40	152	152	152	152	148	148	148	368
230	8	112	0	he	True	-3	41	172	172	172	172	0	0	0	0
230	8	9	0	he	True	-3	42	220	220	220	220	164	164	164	164
230	8	158	0	he	True	-3	43	0	0	0	0	248	248	248	248
230	10	101	0	his	True	-2	1	0	0	0	0	236	336	336	336
230	10	102	0	his	True	-2	2	0	0	0	0	188	188	188	188
230	10	47	0	his	True	-2	3	0	0	0	0	208	208	208	208
230	10	7	0	his	True	-2	4	0	0	0	0	164	164	164	164
230	10	174	0	his	True	-2	5	228	228	228	228	432	432	432	432
230	10	105	0	his	True	-2	6	204	204	204	292	0	0	0	0
230	10	54	0	his	True	-2	7	0	0	0	0	108	108	108	108
230	10	141	0	his	True	-2	8	244	244	244	388	252	252	252	252
230	10	118	0	his	True	-2	10	260	260	260	260	128	128	128	128
230	10	50	0	his	True	-2	11	204	204	204	204	0	0	0	0
230	10	150	0	his	True	-2	12	0	0	0	0	220	220	220	220
230	10	88	0	his	True	-2	13	248	248	248	248	0	0	0	0
230	10	200	0	his	True	-2	14	0	0	0	0	204	204	696	2680
230	10	195	0	his	True	-2	15	0	0	0	0	0	0	0	0
230	10	157	0	his	True	-2	16	164	164	164	164	152	152	152	152
230	10	21	0	his	True	-2	17	0	0	0	0	240	240	240	240
230	10	24	0	his	True	-2	18	0	0	0	0	228	228	228	228
230	10	188	0	his	True	-2	19	0	0	0	0	132	224	224	224
230	10	33	0	his	True	-2	20	160	160	160	160	0	0	0	0
230	10	125	0	his	True	-2	21	0	0	0	0	0	0	0	0
230	10	95	0	his	True	-2	22	0	0	0	0	200	200	200	200
230	10	156	0	his	True	-2	23	0	0	0	0	184	380	380	380
230	10	107	0	his	True	-2	24	0	0	0	0	196	196	196	196
230	10	170	0	his	True	-2	25	0	0	0	0	156	156	156	156
230	10	52	0	his	True	-2	27	216	364	364	364	148	148	148	148
230	10	160	0	his	True	-2	28	156	156	156	156	192	344	344	344
230	10	17	0	his	True	-2	29	0	0	0	0	168	168	168	168
230	10	177	0	his	True	-2	30	0	0	0	0	356	356	356	356
230	10	124	0	his	True	-2	31	164	164	164	164	0	0	0	0
230	10	83	0	his	True	-2	32	0	0	0	0	232	344	344	536
230	10	181	0	his	True	-2	33	0	0	0	0	160	160	360	408
230	10	75	0	his	True	-2	34	152	152	152	152	0	0	0	0
230	10	128	0	his	True	-2	35	0	0	0	0	168	168	168	168
230	10	188	0	his	True	-2	36	0	0	0	0	0	0	0	0
230	10	77	0	his	True	-2	37	216	216	216	288	176	176	176	176
230	10	186	0	his	True	-2	38	0	0	0	0	0	0	0	0
230	10	2	0	his	True	-2	39	0	0	0	0	0	0	0	0
230	10	191	0	his	True	-2	40	0	0	0	0	0	0	0	0
230	10	112	0	his	True	-2	41	160	160	160	160	240	240	240	240
230	10	9	0	his	True	-2	42	0	0	0	0	176	176	176	176
230	10	158	0	his	True	-2	43	128	128	128	128	168	168	168	168
230	15	101	1	him.	True	-5	1	276	276	276	404	-999	-999	-999	-999
230	15	102	1	him.	True	-5	2	200	200	288	916	-999	-999	-999	-999
230	15	47	1	him.	True	-5	3	196	196	412	1316	-999	-999	-999	-999
230	15	7	1	him.	True	-5	4	72	72	72	1000	-999	-999	-999	-999
230	15	174	1	him.	True	-5	5	0	0	0	0	-999	-999	-999	-999
230	15	105	1	him.	True	-5	6	0	0	0	0	-999	-999	-999	-999
230	15	54	1	him.	True	-5	7	176	176	176	1100	-999	-999	-999	-999
230	15	141	1	him.	True	-5	8	0	0	0	0	-999	-999	-999	-999
230	15	118	1	him.	True	-5	10	232	392	660	2588	-999	-999	-999	-999
230	15	50	1	him.	True	-5	11	124	124	124	124	-999	-999	-999	-999
230	15	150	1	him.	True	-5	12	0	0	0	0	-999	-999	-999	-999
230	15	88	1	him.	True	-5	13	552	552	552	552	-999	-999	-999	-999
230	15	200	1	him.	True	-5	14	0	0	0	0	-999	-999	-999	-999
230	15	195	1	him.	True	-5	15	248	248	248	704	-999	-999	-999	-999
230	15	157	1	him.	True	-5	16	164	164	424	1148	-999	-999	-999	-999
230	15	21	1	him.	True	-5	17	148	148	148	560	-999	-999	-999	-999
230	15	24	1	him.	True	-5	18	0	0	0	0	-999	-999	-999	-999
230	15	188	1	him.	True	-5	19	0	0	0	0	-999	-999	-999	-999
230	15	33	1	him.	True	-5	20	88	88	88	88	-999	-999	-999	-999
230	15	125	1	him.	True	-5	21	256	256	256	256	-999	-999	-999	-999
230	15	95	1	him.	True	-5	22	216	396	396	2124	-999	-999	-999	-999
230	15	156	1	him.	True	-5	23	252	252	744	4996	-999	-999	-999	-999
230	15	107	1	him.	True	-5	24	168	168	420	672	-999	-999	-999	-999
230	15	170	1	him.	True	-5	25	200	200	200	592	-999	-999	-999	-999
230	15	52	1	him.	True	-5	27	228	228	228	1376	-999	-999	-999	-999
230	15	160	1	him.	True	-5	28	156	156	344	484	-999	-999	-999	-999
230	15	17	1	him.	True	-5	29	200	200	376	624	-999	-999	-999	-999
230	15	177	1	him.	True	-5	30	264	636	636	636	-999	-999	-999	-999
230	15	124	1	him.	True	-5	31	0	0	0	0	-999	-999	-999	-999
230	15	83	1	him.	True	-5	32	124	124	124	124	-999	-999	-999	-999
230	15	181	1	him.	True	-5	33	76	76	76	76	-999	-999	-999	-999
230	15	75	1	him.	True	-5	34	0	0	0	0	-999	-999	-999	-999
230	15	128	1	him.	True	-5	35	188	188	188	320	-999	-999	-999	-999
230	15	188	1	him.	True	-5	36	0	0	0	0	-999	-999	-999	-999
230	15	77	1	him.	True	-5	37	256	256	256	532	-999	-999	-999	-999
230	15	186	1	him.	True	-5	38	0	0	0	0	-999	-999	-999	-999
230	15	2	1	him.	True	-5	39	188	188	188	3480	-999	-999	-999	-999
230	15	191	1	him.	True	-5	40	0	0	0	0	-999	-999	-999	-999
230	15	112	1	him.	True	-5	41	164	164	164	1112	-999	-999	-999	-999
230	15	9	1	him.	True	-5	42	100	100	100	1244	-999	-999	-999	-999
230	15	158	1	him.	True	-5	43	180	180	180	520	-999	-999	-999	-999
235	1	163	0	He	True	?	1	0	0	0	0	464	464	464	464
235	1	20	0	He	True	?	2	0	0	0	0	200	200	200	200
235	1	7	0	He	True	?	3	0	0	0	0	344	460	460	460
235	1	173	0	He	True	?	4	0	0	0	0	388	924	924	924
235	1	65	0	He	True	?	5	0	0	0	0	488	488	488	488
235	1	205	0	He	True	?	6	92	92	92	92	0	0	0	0
235	1	163	0	He	True	?	7	212	212	212	212	0	0	0	0
235	1	151	0	He	True	?	8	0	0	0	0	256	376	376	376
235	1	88	0	He	True	?	10	0	0	0	0	0	0	0	0
235	1	43	0	He	True	?	11	252	252	252	252	192	192	192	192
235	1	131	0	He	True	?	12	0	0	0	0	168	264	264	264
235	1	31	0	He	True	?	13	316	316	316	316	0	0	0	0
235	1	163	0	He	True	?	14	0	0	0	0	320	320	320	320
235	1	128	0	He	True	?	15	104	104	104	104	0	0	0	0
235	1	58	0	He	True	?	16	0	0	0	0	328	460	460	460
235	1	182	0	He	True	?	18	0	0	0	0	316	316	316	316
235	1	52	0	He	True	?	19	0	0	0	0	0	0	0	0
235	1	131	0	He	True	?	20	0	0	0	0	272	272	272	272
235	1	95	0	He	True	?	21	0	0	0	0	0	0	0	0
235	1	71	0	He	True	?	22	0	0	0	0	64	64	248	432
235	1	117	0	He	True	?	23	220	220	220	220	188	188	188	188
235	1	6	0	He	True	?	24	224	224	224	224	168	168	168	168
235	1	32	0	He	True	?	25	0	0	0	0	0	0	0	0
235	1	19	0	He	True	?	27	0	0	0	0	0	0	0	0
235	1	83	0	He	True	?	28	212	212	212	212	288	660	660	660
235	1	189	0	He	True	?	29	0	0	0	0	252	252	252	252
235	1	192	0	He	True	?	30	240	240	240	240	308	308	308	308
235	1	203	0	He	True	?	31	64	64	64	64	184	184	184	184
235	1	196	0	He	True	?	32	0	0	0	0	220	396	396	396
235	1	135	0	He	True	?	33	236	236	236	236	172	172	172	172
235	1	51	0	He	True	?	34	0	0	0	0	260	260	260	260
235	1	185	0	He	True	?	35	0	0	0	0	276	276	276	276
235	1	43	0	He	True	?	36	0	0	0	0	0	0	0	0
235	1	13	0	He	True	?	37	60	196	196	196	136	436	436	436
235	1	105	0	He	True	?	38	0	0	0	0	344	344	344	344
235	1	140	0	He	True	?	39	0	0	0	0	0	0	0	0
235	1	126	0	He	True	?	40	0	0	0	0	0	0	0	0
235	1	63	0	He	True	?	41	0	0	0	0	0	0	0	0
235	1	120	0	He	True	?	42	32	32	32	32	244	244	244	244
235	1	104	0	He	True	?	43	0	0	0	0	316	316	316	316
235	9	163	0	us	True	?	1	0	0	0	0	268	268	268	268
235	9	20	0	us	True	?	2	0	0	0	0	0	0	0	0
235	9	7	0	us	True	?	3	0	0	0	0	132	464	464	464
235	9	173	0	us	True	?	4	0	0	0	0	0	0	0	0
235	9	65	0	us	True	?	5	0	0	0	0	0	0	0	0
235	9	205	0	us	True	?	6	0	0	0	0	0	0	0	0
235	9	163	0	us	True	?	7	140	140	140	304	0	0	0	0
235	9	151	0	us	True	?	8	0	0	0	0	0	0	0	0
235	9	88	0	us	True	?	10	0	0	0	0	180	180	180	180
235	9	43	0	us	True	?	11	0	0	0	0	320	416	416	416
235	9	131	0	us	True	?	12	0	0	0	0	0	0	0	0
235	9	31	0	us	True	?	13	0	0	0	0	356	356	356	356
235	9	163	0	us	True	?	14	0	0	0	0	264	264	264	264
235	9	128	0	us	True	?	15	52	52	52	52	0	0	0	0
235	9	58	0	us	True	?	16	192	192	192	192	184	184	184	184
235	9	182	0	us	True	?	18	0	0	0	0	0	0	0	0
235	9	52	0	us	True	?	19	108	108	108	108	164	428	428	428
235	9	131	0	us	True	?	20	0	0	0	0	0	0	0	0
235	9	95	0	us	True	?	21	140	140	140	140	0	0	0	0
235	9	71	0	us	True	?	22	0	0	0	0	200	200	200	200
235	9	117	0	us	True	?	23	200	200	200	200	200	200	200	200
235	9	6	0	us	True	?	24	0	0	0	0	0	0	0	0
235	9	32	0	us	True	?	25	0	0	0	0	0	0	0	0
235	9	19	0	us	True	?	27	0	0	0	0	0	0	0	0
235	9	83	0	us	True	?	28	180	180	180	180	0	0	0	0
235	9	189	0	us	True	?	29	192	192	192	192	0	0	0	0
235	9	192	0	us	True	?	30	76	76	76	76	0	0	0	0
235	9	203	0	us	True	?	31	0	0	0	0	0	0	0	0
235	9	196	0	us	True	?	32	0	0	0	0	216	216	216	216
235	9	135	0	us	True	?	33	0	0	0	0	128	128	128	276
235	9	51	0	us	True	?	34	0	0	0	0	320	320	320	508
235	9	185	0	us	True	?	35	0	0	0	0	0	0	0	0
235	9	43	0	us	True	?	36	144	144	144	144	0	0	0	0
235	9	13	0	us	True	?	37	0	0	0	0	188	188	320	588
235	9	105	0	us	True	?	38	0	0	0	0	0	0	0	0
235	9	140	0	us	True	?	39	0	0	0	0	0	0	0	0
235	9	126	0	us	True	?	40	0	0	0	0	0	0	0	0
235	9	63	0	us	True	?	41	0	0	0	0	0	0	0	0
235	9	120	0	us	True	?	42	0	0	0	0	0	0	0	0
235	9	104	0	us	True	?	43	0	0	0	0	0	0	0	0
241	2	87	0	this	True	+7	1	0	0	0	0	148	148	504	788
241	2	66	0	this	True	+7	2	68	68	68	68	124	124	124	124
241	2	22	0	this	True	+7	3	268	576	576	576	144	308	308	308
241	2	161	0	this	True	+7	4	24	24	280	592	0	0	0	0
241	2	50	0	this	True	+7	5	200	200	200	200	0	0	0	0
241	2	38	0	this	True	+7	6	256	256	256	256	120	120	120	120
241	2	181	0	this	True	+7	7	0	0	0	0	184	184	184	184
241	2	42	0	this	True	+7	8	236	496	496	496	124	268	268	268
241	2	23	0	this	True	+7	9	112	384	384	384	148	148	148	148
241	2	20	0	this	True	+7	10	0	0	0	0	0	0	0	0
241	2	155	0	this	True	+7	11	256	400	400	400	156	156	156	156
241	2	153	0	this	True	+7	12	400	400	400	400	184	184	184	184
241	2	60	0	this	True	+7	13	208	208	208	208	0	0	0	0
241	2	46	0	this	True	+7	14	84	328	328	328	208	208	360	696
241	2	34	0	this	True	+7	15	0	0	0	0	272	272	272	272
241	2	170	0	this	True	+7	16	204	204	204	204	168	168	168	168
241	2	3	0	this	True	+7	18	0	0	0	0	220	220	220	472
241	2	40	0	this	True	+7	19	280	280	280	280	124	124	312	456
241	2	118	0	this	True	+7	20	232	232	232	232	140	140	140	140
241	2	66	0	this	True	+7	21	172	308	308	308	124	124	124	124
241	2	139	0	this	True	+7	22	196	196	196	196	192	192	192	440
241	2	190	0	this	True	+7	23	196	196	196	196	164	464	596	840
241	2	140	0	this	True	+7	24	0	0	0	0	348	348	348	348
241	2	42	0	this	True	+7	25	0	0	0	0	220	220	220	220
241	2	203	0	this	True	+7	27	68	452	452	452	256	256	256	256
241	2	191	0	this	True	+7	28	160	804	804	804	168	168	484	736
241	2	2	0	this	True	+7	29	0	0	0	0	0	0	0	0
241	2	88	0	this	True	+7	30	556	556	556	556	300	736	736	936
241	2	63	0	this	True	+7	31	272	272	272	272	152	152	152	152
241	2	171	0	this	True	+7	32	272	272	272	272	304	304	304	304
241	2	72	0	this	True	+7	33	156	156	156	156	204	204	204	204
241	2	21	0	this	True	+7	34	96	300	300	300	0	0	0	0
241	2	131	0	this	True	+7	35	228	392	392	392	236	236	236	236
241	2	156	0	this	True	+7	36	0	0	0	0	188	188	188	188
241	2	171	0	this	True	+7	37	112	232	232	232	168	168	168	168
241	2	78	0	this	True	+7	38	212	212	212	212	300	300	300	452
241	2	149	0	this	True	+7	39	0	0	0	0	0	0	0	0
241	2	154	0	this	True	+7	40	0	0	0	0	0	0	0	0
241	2	88	0	this	True	+7	41	0	0	0	0	0	0	0	0
241	2	186	0	this	True	+7	42	192	192	192	192	320	320	320	320
241	2	175	0	this	True	+7	43	348	348	348	348	212	212	212	212
241	10	87	0	this	True	?	1	0	0	0	0	248	400	400	400
241	10	66	0	this	True	?	2	208	208	208	208	136	136	136	136
241	10	22	0	this	True	?	3	192	192	192	192	140	300	300	300
241	10	161	0	this	True	?	4	212	212	212	212	0	0	0	0
241	10	50	0	this	True	?	5	240	240	240	240	184	184	184	184
241	10	38	0	this	True	?	6	0	0	0	0	228	228	228	228
241	10	181	0	this	True	?	7	0	0	0	0	136	136	136	136
241	10	42	0	this	True	?	8	0	0	0	0	212	340	340	340
241	10	23	0	this	True	?	9	0	0	0	0	152	152	152	152
241	10	20	0	this	True	?	10	64	64	64	64	92	92	92	92
241	10	155	0	this	True	?	11	0	0	0	0	172	172	172	172
241	10	153	0	this	True	?	12	0	0	0	0	276	276	276	276
241	10	60	0	this	True	?	13	0	0	0	0	204	204	204	204
241	10	46	0	this	True	?	14	0	0	0	0	216	216	216	216
241	10	34	0	this	True	?	15	0	0	0	0	136	136	136	136
241	10	170	0	this	True	?	16	148	148	148	148	148	148	148	148
241	10	3	0	this	True	?	18	0	0	0	0	224	224	224	224
241	10	40	0	this	True	?	19	156	156	156	156	168	168	168	168
241	10	118	0	this	True	?	20	0	0	0	0	204	204	204	204
241	10	66	0	this	True	?	21	0	0	0	0	120	120	120	120
241	10	139	0	this	True	?	22	0	0	0	0	232	416	416	416
241	10	190	0	this	True	?	23	220	220	220	220	228	228	228	228
241	10	140	0	this	True	?	24	208	208	208	208	168	168	168	168
241	10	42	0	this	True	?	25	120	120	120	120	220	220	220	220
241	10	203	0	this	True	?	27	212	212	212	212	0	0	0	0
241	10	191	0	this	True	?	28	0	0	0	0	360	580	580	580
241	10	2	0	this	True	?	29	0	0	0	0	188	188	188	188
241	10	88	0	this	True	?	30	104	104	104	104	228	228	228	228
241	10	63	0	this	True	?	31	0	0	0	0	188	188	188	188
241	10	171	0	this	True	?	32	220	220	220	220	164	164	164	164
241	10	72	0	this	True	?	33	188	188	188	188	136	136	136	136
241	10	21	0	this	True	?	34	140	140	140	140	0	0	0	0
241	10	131	0	this	True	?	35	188	188	188	188	136	136	136	136
241	10	156	0	this	True	?	36	0	0	0	0	0	0	0	0
241	10	171	0	this	True	?	37	192	192	192	192	124	124	124	124
241	10	78	0	this	True	?	38	0	0	0	0	232	232	232	232
241	10	149	0	this	True	?	39	0	0	0	0	0	0	0	0
241	10	154	0	this	True	?	40	0	0	0	0	0	0	0	0
241	10	88	0	this	True	?	41	220	220	220	220	0	0	0	0
241	10	186	0	this	True	?	42	0	0	0	0	172	172	172	172
241	10	175	0	this	True	?	43	156	156	156	156	192	192	192	192
246	11	9	0	it	False	-9	1	0	0	0	0	292	292	292	292
246	11	14	0	it	False	-9	2	0	0	0	0	164	164	164	348
246	11	108	0	it	False	-9	3	192	316	316	316	176	176	176	176
246	11	127	0	it	False	-9	4	176	176	176	176	176	176	176	176
246	11	30	0	it	False	-9	5	200	200	200	200	0	0	0	0
246	11	15	0	it	False	-9	6	0	0	0	0	244	244	244	244
246	11	157	0	it	False	-9	7	208	208	208	208	0	0	0	0
246	11	118	0	it	False	-9	8	244	244	244	244	136	136	136	136
246	11	2	0	it	False	-9	10	136	136	136	136	108	108	108	108
246	11	165	0	it	False	-9	11	148	148	148	148	156	156	156	156
246	11	105	0	it	False	-9	12	0	0	0	0	0	0	0	0
246	11	192	0	it	False	-9	13	204	204	204	204	0	0	0	0
246	11	49	0	it	False	-9	14	192	192	192	192	212	212	212	212
246	11	88	0	it	False	-9	15	0	0	0	0	228	228	228	228
246	11	47	0	it	False	-9	16	0	0	0	0	160	160	160	160
246	11	46	0	it	False	-9	17	0	0	0	0	320	320	320	320
246	11	55	0	it	False	-9	18	0	0	0	0	300	300	300	300
246	11	80	0	it	False	-9	19	0	0	0	0	164	164	164	164
246	11	192	0	it	False	-9	20	0	0	0	0	0	0	0	0
246	11	113	0	it	False	-9	21	212	376	376	376	124	124	124	124
246	11	58	0	it	False	-9	22	176	176	176	176	276	276	276	276
246	11	28	0	it	False	-9	23	0	0	0	0	148	348	348	348
246	11	116	0	it	False	-9	24	216	216	216	216	164	164	164	164
246	11	183	0	it	False	-9	25	200	200	200	200	0	0	0	0
246	11	103	0	it	False	-9	27	0	0	0	0	220	220	220	220
246	11	116	0	it	False	-9	28	316	316	316	316	200	200	200	200
246	11	185	0	it	False	-9	29	180	180	180	180	216	216	216	216
246	11	72	0	it	False	-9	30	160	160	160	160	168	168	168	168
246	11	142	0	it	False	-9	31	152	152	152	152	0	0	0	0
246	11	45	0	it	False	-9	32	0	0	0	0	168	312	312	312
246	11	95	0	it	False	-9	33	0	0	0	0	208	340	340	340
246	11	145	0	it	False	-9	34	0	0	0	0	164	164	164	164
246	11	62	0	it	False	-9	35	0	0	0	0	192	192	192	192
246	11	29	0	it	False	-9	36	0	0	0	0	0	0	0	0
246	11	60	0	it	False	-9	37	200	200	200	476	148	148	148	148
246	11	148	0	it	False	-9	38	244	244	244	244	0	0	0	0
246	11	68	0	it	False	-9	39	216	216	216	216	0	0	0	0
246	11	133	0	it	False	-9	40	0	0	0	0	164	164	164	164
246	11	95	0	it	False	-9	41	0	0	0	0	296	296	296	296
246	11	159	0	it	False	-9	42	168	168	168	168	0	0	0	0
246	11	23	0	it	False	-9	43	140	140	140	140	156	156	156	156
