sent_nr	word_pos	sent_pos	last_word	token	sent_has_unresolved	distance	subj_nr	rt_ff	rt_fp	rt_rb	rt_gp	spill_ff	spill_fp	spill_rb	spill_gp
3	4	18	0	his	True	-3	1	0	0	0	0	168	168	468	1720
3	4	166	0	his	True	-3	2	152	152	152	276	316	316	316	316
3	4	142	0	his	True	-3	3	116	116	116	688	0	0	0	0
3	4	36	0	his	True	-3	4	264	264	780	916	216	216	216	216
3	4	148	0	his	True	-3	5	0	0	0	0	244	244	244	1452
3	4	137	0	his	True	-3	6	0	0	0	0	208	208	208	568
3	4	48	0	his	True	-3	7	168	168	168	704	208	208	940	2716
3	4	7	0	his	True	-3	8	276	276	428	784	148	148	148	1024
3	4	127	0	his	True	-3	10	0	0	0	0	272	272	272	1116
3	4	135	0	his	True	-3	11	260	260	260	260	252	252	252	252
3	4	164	0	his	True	-3	12	192	192	192	192	200	200	432	1236
3	4	46	0	his	True	-3	13	0	0	0	0	172	376	376	376
3	4	48	0	his	True	-3	14	176	176	176	176	156	156	156	156
3	4	13	0	his	True	-3	15	200	360	360	584	96	96	96	96
3	4	22	0	his	True	-3	16	220	428	428	428	336	1232	1232	1232
3	4	23	0	his	True	-3	17	0	0	0	0	204	204	540	1372
3	4	181	0	his	True	-3	18	0	0	0	0	304	304	304	304
3	4	89	0	his	True	-3	19	204	204	204	384	0	0	0	0
3	4	57	0	his	True	-3	20	212	212	296	464	220	220	220	448
3	4	123	0	his	True	-3	21	0	0	0	0	36	204	420	812
3	4	146	0	his	True	-3	22	0	0	0	0	228	228	228	372
3	4	50	0	his	True	-3	23	176	176	176	176	368	840	840	1020
3	4	3	0	his	True	-3	24	0	0	0	0	140	140	336	1468
3	4	140	0	his	True	-3	25	260	260	260	260	164	164	164	164
3	4	45	0	his	True	-3	27	140	140	140	776	332	332	332	332
3	4	88	0	his	True	-3	28	0	0	0	0	176	176	384	548
3	4	176	0	his	True	-3	29	0	0	0	0	156	156	288	448
3	4	151	0	his	True	-3	30	164	164	164	164	192	192	192	192
3	4	57	0	his	True	-3	31	152	152	152	220	104	188	188	188
3	4	156	0	his	True	-3	32	164	164	164	164	272	272	272	524
3	4	43	0	his	True	-3	33	0	0	0	0	176	176	736	1784
3	4	3	0	his	True	-3	34	0	0	0	0	0	0	0	0
3	4	29	0	his	True	-3	35	188	188	188	188	476	636	636	636
3	4	150	0	his	True	-3	36	0	0	0	0	168	168	168	452
3	4	194	0	his	True	-3	37	88	368	576	1068	188	188	188	188
3	4	114	0	his	True	-3	38	216	216	216	360	188	188	188	348
3	4	38	0	his	True	-3	39	0	0	0	0	160	160	296	700
3	4	20	0	his	True	-3	40	292	476	604	1336	0	0	0	0
3	4	185	0	his	True	-3	41	212	212	428	1172	148	148	148	148
3	4	108	0	his	True	-3	42	0	0	0	0	296	296	296	768
3	4	116	0	his	True	-3	43	0	0	0	0	188	188	312	716
16	3	15	0	his	False	-3	1	260	260	260	260	164	164	164	164
16	3	101	0	his	False	-3	2	136	136	136	136	128	128	128	128
16	3	59	0	his	False	-3	3	168	168	168	168	248	248	248	248
16	3	148	0	his	False	-3	4	148	148	148	148	332	332	332	332
16	3	72	0	his	False	-3	5	164	164	164	164	192	192	192	192
16	3	192	0	his	False	-3	6	124	124	124	124	0	0	0	0
16	3	195	0	his	False	-3	7	160	160	160	160	0	0	0	0
16	3	22	0	his	False	-3	8	196	196	196	196	140	140	140	140
16	3	5	0	his	False	-3	9	196	196	196	196	164	164	164	164
16	3	86	0	his	False	-3	10	156	156	156	156	68	68	68	68
16	3	16	0	his	False	-3	11	136	136	136	136	216	216	216	216
16	3	72	0	his	False	-3	12	0	0	0	0	0	0	0	0
16	3	139	0	his	False	-3	13	184	184	184	184	0	0	0	0
16	3	177	0	his	False	-3	14	256	256	256	256	0	0	0	0
16	3	142	0	his	False	-3	15	196	196	196	196	0	0	0	0
16	3	113	0	his	False	-3	16	212	212	212	212	164	164	164	164
16	3	158	0	his	False	-3	17	0	0	0	0	212	212	212	516
16	3	45	0	his	False	-3	18	252	252	252	252	136	136	136	136
16	3	8	0	his	False	-3	19	160	160	160	160	236	236	236	236
16	3	204	0	his	False	-3	20	0	0	0	0	192	192	192	192
16	3	55	0	his	False	-3	21	212	212	400	708	120	120	120	120
16	3	101	0	his	False	-3	22	168	388	388	388	0	0	0	0
16	3	103	0	his	False	-3	23	132	288	288	288	264	264	264	264
16	3	40	0	his	False	-3	24	160	160	160	160	204	204	204	204
16	3	166	0	his	False	-3	25	136	136	136	136	148	148	148	148
16	3	26	0	his	False	-3	27	72	72	72	552	300	300	300	300
16	3	23	0	his	False	-3	28	0	0	0	0	0	0	0	0
16	3	97	0	his	False	-3	29	180	180	180	180	188	188	188	188
16	3	70	0	his	False	-3	30	276	276	488	744	212	212	212	212
16	3	136	0	his	False	-3	31	144	144	144	144	120	120	120	120
16	3	41	0	his	False	-3	32	184	184	184	184	200	200	200	200
16	3	2	0	his	False	-3	33	188	188	188	188	136	136	136	136
16	3	92	0	his	False	-3	34	220	220	220	432	212	424	424	424
16	3	35	0	his	False	-3	35	0	0	0	0	164	320	320	320
16	3	186	0	his	False	-3	36	180	180	180	180	252	252	252	656
16	3	49	0	his	False	-3	37	212	212	212	212	128	128	128	128
16	3	182	0	his	False	-3	38	0	0	0	0	200	200	200	448
16	3	47	0	his	False	-3	39	0	0	0	0	312	312	312	312
16	3	177	0	his	False	-3	40	0	0	0	0	0	0	0	0
16	3	23	0	his	False	-3	41	0	0	0	0	156	316	316	316
16	3	98	0	his	False	-3	42	0	0	0	0	264	264	264	264
16	3	54	0	his	False	-3	43	0	0	0	0	220	220	220	220
17	4	158	0	his	False	-3	1	188	344	344	344	136	136	136	136
17	4	197	0	his	False	-3	2	168	168	168	168	0	0	0	0
17	4	122	0	his	False	-3	3	144	144	144	312	184	184	184	184
17	4	5	0	his	False	-3	4	88	172	172	172	288	288	476	640
17	4	105	0	his	False	-3	5	0	0	0	0	256	256	256	256
17	4	86	0	his	False	-3	6	184	184	184	184	444	444	444	444
17	4	121	0	his	False	-3	7	0	0	0	0	88	88	88	88
17	4	51	0	his	False	-3	8	196	196	196	196	248	248	248	516
17	4	31	0	his	False	-3	10	0	0	0	0	0	0	0	0
17	4	37	0	his	False	-3	11	124	124	124	124	132	132	132	132
17	4	143	0	his	False	-3	12	224	224	224	576	116	116	116	116
17	4	52	0	his	False	-3	13	208	208	208	208	168	168	168	168
17	4	22	0	his	False	-3	14	208	208	208	208	216	216	216	216
17	4	119	0	his	False	-3	15	0	0	0	0	496	496	496	496
17	4	169	0	his	False	-3	16	240	412	412	412	216	464	464	464
17	4	86	0	his	False	-3	17	292	292	292	292	172	308	308	308
17	4	115	0	his	False	-3	18	208	208	208	208	0	0	0	0
17	4	205	0	his	False	-3	19	244	244	244	244	168	168	344	812
17	4	116	0	his	False	-3	20	0	0	0	0	200	200	200	200
17	4	189	0	his	False	-3	21	0	0	0	0	272	420	420	420
17	4	52	0	his	False	-3	22	288	288	288	288	196	196	196	196
17	4	75	0	his	False	-3	23	184	184	184	184	200	200	200	200
17	4	14	0	his	False	-3	24	0	0	0	0	156	156	312	708
17	4	103	0	his	False	-3	25	164	316	316	316	192	192	192	192
17	4	195	0	his	False	-3	27	228	228	228	228	28	28	212	428
17	4	77	0	his	False	-3	28	140	140	268	544	160	160	160	160
17	4	31	0	his	False	-3	29	0	0	0	0	144	144	300	1096
17	4	133	0	his	False	-3	30	0	0	0	0	292	292	292	488
17	4	138	0	his	False	-3	31	0	0	0	0	128	128	128	128
17	4	138	0	his	False	-3	32	208	444	444	720	168	168	168	168
17	4	46	0	his	False	-3	33	136	136	136	316	124	124	124	124
17	4	69	0	his	False	-3	34	252	252	252	252	252	252	252	252
17	4	102	0	his	False	-3	35	144	144	144	144	156	156	156	156
17	4	124	0	his	False	-3	36	0	0	0	0	284	284	284	284
17	4	112	0	his	False	-3	37	156	156	156	212	240	240	240	240
17	4	82	0	his	False	-3	38	248	248	248	248	144	144	144	144
17	4	148	0	his	False	-3	39	0	0	0	0	0	0	0	0
17	4	47	0	his	False	-3	40	140	140	140	140	140	140	140	140
17	4	67	0	his	False	-3	41	0	0	0	0	0	0	0	0
17	4	109	0	his	False	-3	42	0	0	0	0	208	208	208	208
17	4	28	0	his	False	-3	43	180	180	180	180	228	228	228	228
18	5	33	0	his	True	-4	1	248	248	248	248	264	264	264	264
18	5	120	0	his	True	-4	2	156	156	344	568	0	0	0	0
18	5	75	0	his	True	-4	3	144	336	336	336	0	0	0	0
18	5	105	0	his	True	-4	4	644	644	644	644	0	0	0	0
18	5	81	0	his	True	-4	5	0	0	0	0	108	108	108	776
18	5	46	0	his	True	-4	6	176	176	176	176	80	80	80	80
18	5	107	0	his	True	-4	7	80	80	572	1660	0	0	0	0
18	5	153	0	his	True	-4	8	212	212	212	212	0	0	0	0
18	5	135	0	his	True	-4	10	336	336	336	336	244	524	524	1364
18	5	201	0	his	True	-4	11	196	196	196	308	108	108	108	108
18	5	177	0	his	True	-4	12	128	128	128	996	0	0	0	0
18	5	27	0	his	True	-4	13	0	0	0	0	604	604	604	604
18	5	149	0	his	True	-4	14	288	288	288	500	0	0	0	0
18	5	36	0	his	True	-4	15	232	232	336	720	0	0	0	0
18	5	38	0	his	True	-4	16	248	248	248	248	172	580	580	580
18	5	84	0	his	True	-4	17	172	172	172	172	116	116	116	484
18	5	147	0	his	True	-4	18	204	292	292	292	0	0	0	0
18	5	51	0	his	True	-4	19	64	64	296	1200	152	152	152	636
18	5	7	0	his	True	-4	20	0	0	0	0	236	416	416	560
18	5	106	0	his	True	-4	21	0	0	0	0	164	164	164	348
18	5	38	0	his	True	-4	22	0	0	0	0	116	116	300	1460
18	5	175	0	his	True	-4	23	172	172	172	172	176	176	1052	2192
18	5	136	0	his	True	-4	24	440	440	440	440	276	276	276	276
18	5	158	0	his	True	-4	25	220	220	220	336	104	104	104	104
18	5	13	0	his	True	-4	27	308	308	308	308	280	280	280	280
18	5	157	0	his	True	-4	28	324	324	324	324	148	148	148	840
18	5	203	0	his	True	-4	29	196	196	196	276	348	348	348	348
18	5	158	0	his	True	-4	30	0	0	0	0	172	172	172	2164
18	5	119	0	his	True	-4	31	0	0	0	0	160	160	160	300
18	5	203	0	his	True	-4	32	164	164	164	164	0	0	0	0
18	5	29	0	his	True	-4	33	176	176	268	672	132	132	132	1976
18	5	58	0	his	True	-4	34	168	168	168	1280	0	0	0	0
18	5	149	0	his	True	-4	35	0	0	0	0	244	244	244	668
18	5	22	0	his	True	-4	36	236	236	236	904	0	0	0	0
18	5	188	0	his	True	-4	37	176	176	176	176	140	140	140	324
18	5	141	0	his	True	-4	38	192	192	192	192	88	88	88	88
18	5	205	0	his	True	-4	39	0	0	0	0	160	160	160	284
18	5	65	0	his	True	-4	40	0	0	0	0	216	328	1052	2800
18	5	136	0	his	True	-4	41	312	312	312	312	372	372	372	372
18	5	184	0	his	True	-4	42	204	204	204	812	0	0	0	0
18	5	195	0	his	True	-4	43	148	148	148	348	188	188	188	188
20	3	106	0	his	True	-3	1	168	296	296	296	0	0	0	0
20	3	202	0	his	True	-3	2	160	160	160	320	276	276	276	276
20	3	120	0	his	True	-3	3	204	340	340	340	0	0	0	0
20	3	102	0	his	True	-3	4	196	196	196	460	220	220	220	220
20	3	131	0	his	True	-3	5	268	268	268	744	432	432	432	432
20	3	133	0	his	True	-3	6	0	0	0	0	240	372	372	372
20	3	63	0	his	True	-3	7	72	172	172	172	0	0	0	0
20	3	139	0	his	True	-3	8	188	188	188	188	204	204	204	204
20	3	137	0	his	True	-3	10	0	0	0	0	56	56	184	608
20	3	197	0	his	True	-3	11	156	156	156	156	156	156	156	156
20	3	15	0	his	True	-3	12	0	0	0	0	0	0	0	0
20	3	67	0	his	True	-3	13	200	200	200	412	236	236	236	236
20	3	203	0	his	True	-3	14	204	204	204	204	244	244	244	244
20	3	40	0	his	True	-3	15	44	264	264	264	164	404	508	720
20	3	103	0	his	True	-3	16	152	152	152	152	192	192	192	192
20	3	3	0	his	True	-3	17	0	0	0	0	192	192	356	1016
20	3	96	0	his	True	-3	18	0	0	0	0	284	284	284	284
20	3	72	0	his	True	-3	19	180	180	180	180	204	204	204	960
20	3	105	0	his	True	-3	20	156	156	156	156	188	188	188	188
20	3	48	0	his	True	-3	21	0	0	0	0	240	240	384	680
20	3	203	0	his	True	-3	22	184	184	184	184	188	188	188	188
20	3	200	0	his	True	-3	23	192	192	192	852	0	0	0	0
20	3	90	0	his	True	-3	24	168	168	168	168	196	196	196	196
20	3	134	0	his	True	-3	25	0	0	0	0	216	216	308	960
20	3	173	0	his	True	-3	27	272	272	272	272	168	284	284	688
20	3	49	0	his	True	-3	28	0	0	0	0	220	348	348	348
20	3	153	0	his	True	-3	29	148	148	148	148	156	156	156	156
20	3	199	0	his	True	-3	30	172	172	552	836	0	0	0	0
20	3	200	0	his	True	-3	31	52	52	52	52	172	172	172	172
20	3	14	0	his	True	-3	32	224	224	404	652	116	116	116	116
20	3	119	0	his	True	-3	33	176	176	176	176	140	140	140	140
20	3	127	0	his	True	-3	34	148	148	148	148	352	352	352	352
20	3	175	0	his	True	-3	35	280	352	352	352	280	280	280	280
20	3	143	0	his	True	-3	36	360	360	360	360	0	0	0	0
20	3	78	0	his	True	-3	37	204	204	204	568	168	168	168	168
20	3	113	0	his	True	-3	38	232	280	280	280	0	0	0	0
20	3	122	0	his	True	-3	39	0	0	0	0	0	0	0	0
20	3	28	0	his	True	-3	41	0	0	0	0	172	216	416	852
20	3	5	0	his	True	-3	42	200	200	200	200	304	304	304	520
20	3	162	0	his	True	-3	43	224	224	224	224	160	160	160	160
21	3	114	0	his	True	-3	1	244	244	244	244	148	148	444	1140
21	3	44	0	his	True	-3	2	92	92	92	92	80	80	264	564
21	3	10	0	his	True	-3	3	212	380	380	380	132	132	132	132
21	3	58	0	his	True	-3	4	0	0	0	0	232	384	384	384
21	3	15	0	his	True	-3	5	240	240	456	1128	144	144	144	144
21	3	116	0	his	True	-3	6	0	0	0	0	156	156	156	156
21	3	86	0	his	True	-3	7	156	156	156	156	0	0	0	0
21	3	86	0	his	True	-3	8	180	180	180	180	200	200	200	200
21	3	146	0	his	True	-3	10	140	140	140	140	128	128	128	128
21	3	70	0	his	True	-3	11	152	152	152	152	136	136	136	136
21	3	36	0	his	True	-3	12	116	116	116	116	224	224	224	224
21	3	142	0	his	True	-3	13	180	180	180	180	156	156	156	156
21	3	101	0	his	True	-3	14	0	0	0	0	176	340	340	340
21	3	30	0	his	True	-3	15	256	256	256	412	232	232	232	232
21	3	48	0	his	True	-3	16	192	192	192	192	144	144	144	144
21	3	155	0	his	True	-3	17	136	136	136	136	244	400	400	684
21	3	152	0	his	True	-3	18	0	0	0	0	240	240	240	240
21	3	42	0	his	True	-3	19	72	72	72	72	296	296	296	432
21	3	18	0	his	True	-3	20	0	0	0	0	180	180	180	180
21	3	63	0	his	True	-3	21	144	144	144	144	52	52	52	52
21	3	51	0	his	True	-3	22	0	0	0	0	220	324	460	1544
21	3	138	0	his	True	-3	23	120	120	120	120	220	220	220	220
21	3	146	0	his	True	-3	24	152	152	152	152	164	164	164	164
21	3	40	0	his	True	-3	25	0	0	0	0	160	292	292	484
21	3	79	0	his	True	-3	27	0	0	0	0	56	56	224	1152
21	3	87	0	his	True	-3	28	140	276	276	276	212	212	212	212
21	3	191	0	his	True	-3	29	0	0	0	0	160	160	160	284
21	3	95	0	his	True	-3	30	280	280	280	280	164	164	164	164
21	3	76	0	his	True	-3	31	0	0	0	0	184	304	304	304
21	3	154	0	his	True	-3	32	264	264	264	264	236	236	236	236
21	3	128	0	his	True	-3	33	160	160	160	160	144	144	144	144
21	3	152	0	his	True	-3	34	164	164	164	164	0	0	0	0
21	3	95	0	his	True	-3	35	116	116	116	116	584	584	792	2312
21	3	126	0	his	True	-3	36	0	0	0	0	208	208	208	208
21	3	190	0	his	True	-3	37	124	124	124	124	180	180	180	180
21	3	107	0	his	True	-3	38	0	0	0	0	352	352	352	352
21	3	108	0	his	True	-3	39	0	0	0	0	0	0	0	0
21	3	67	0	his	True	-3	40	224	224	224	224	304	304	304	304
21	3	40	0	his	True	-3	41	0	0	0	0	0	0	0	0
21	3	119	0	his	True	-3	42	0	0	0	0	296	296	296	296
21	3	93	0	his	True	-3	43	128	128	128	128	212	212	212	212
30	6	81	1	itself.	False	-3	1	148	148	292	512	-999	-999	-999	-999
30	6	23	1	itself.	False	-3	2	376	376	376	376	-999	-999	-999	-999
30	6	2	1	itself.	False	-3	3	272	272	436	648	-999	-999	-999	-999
30	6	84	1	itself.	False	-3	4	192	192	192	192	-999	-999	-999	-999
30	6	13	1	itself.	False	-3	5	100	100	100	864	-999	-999	-999	-999
30	6	6	1	itself.	False	-3	6	244	244	244	504	-999	-999	-999	-999
30	6	111	1	itself.	False	-3	7	304	304	528	772	-999	-999	-999	-999
30	6	96	1	itself.	False	-3	8	236	368	368	368	-999	-999	-999	-999
30	6	3	1	itself.	False	-3	9	232	232	780	1428	-999	-999	-999	-999
30	6	154	1	itself.	False	-3	10	276	276	436	1064	-999	-999	-999	-999
30	6	199	1	itself.	False	-3	11	204	204	204	204	-999	-999	-999	-999
30	6	151	1	itself.	False	-3	12	224	224	224	224	-999	-999	-999	-999
30	6	65	1	itself.	False	-3	13	228	536	536	536	-999	-999	-999	-999
30	6	122	1	itself.	False	-3	14	224	224	548	720	-999	-999	-999	-999
30	6	49	1	itself.	False	-3	15	0	0	0	0	-999	-999	-999	-999
30	6	163	1	itself.	False	-3	16	532	724	724	724	-999	-999	-999	-999
30	6	20	1	itself.	False	-3	17	160	160	160	796	-999	-999	-999	-999
30	6	163	1	itself.	False	-3	18	268	268	268	268	-999	-999	-999	-999
30	6	119	1	itself.	False	-3	19	0	0	0	0	-999	-999	-999	-999
30	6	12	1	itself.	False	-3	20	164	164	272	688	-999	-999	-999	-999
30	6	136	1	itself.	False	-3	21	284	284	284	284	-999	-999	-999	-999
30	6	117	1	itself.	False	-3	22	196	196	196	296	-999	-999	-999	-999
30	6	95	1	itself.	False	-3	23	180	180	508	724	-999	-999	-999	-999
30	6	32	1	itself.	False	-3	24	148	148	292	468	-999	-999	-999	-999
30	6	7	1	itself.	False	-3	25	0	0	0	0	-999	-999	-999	-999
30	6	36	1	itself.	False	-3	27	136	136	440	676	-999	-999	-999	-999
30	6	9	1	itself.	False	-3	28	192	192	352	536	-999	-999	-999	-999
30	6	155	1	itself.	False	-3	29	176	176	652	740	-999	-999	-999	-999
30	6	63	1	itself.	False	-3	30	172	172	600	2172	-999	-999	-999	-999
30	6	36	1	itself.	False	-3	31	96	96	96	96	-999	-999	-999	-999
30	6	26	1	itself.	False	-3	32	220	220	220	456	-999	-999	-999	-999
30	6	69	1	itself.	False	-3	33	232	232	600	1384	-999	-999	-999	-999
30	6	157	1	itself.	False	-3	34	0	0	0	0	-999	-999	-999	-999
30	6	153	1	itself.	False	-3	35	364	364	364	364	-999	-999	-999	-999
30	6	195	1	itself.	False	-3	36	0	0	0	0	-999	-999	-999	-999
30	6	85	1	itself.	False	-3	37	140	140	392	748	-999	-999	-999	-999
30	6	160	1	itself.	False	-3	38	216	216	216	216	-999	-999	-999	-999
30	6	84	1	itself.	False	-3	39	0	0	0	0	-999	-999	-999	-999
30	6	123	1	itself.	False	-3	40	0	0	0	0	-999	-999	-999	-999
30	6	113	1	itself.	False	-3	41	236	236	612	1244	-999	-999	-999	-999
30	6	49	1	itself.	False	-3	42	320	504	504	1300	-999	-999	-999	-999
30	6	10	1	itself.	False	-3	43	204	204	748	2288	-999	-999	-999	-999
32	5	138	0	our	True	-4	1	256	256	256	764	0	0	0	0
32	5	70	0	our	True	-4	2	176	176	700	864	0	0	0	0
32	5	87	0	our	True	-4	3	156	348	348	348	0	0	0	0
32	5	26	0	our	True	-4	4	132	132	1100	1220	0	0	0	0
32	5	115	0	our	True	-4	5	304	304	304	1544	0	0	0	0
32	5	72	0	our	True	-4	6	312	312	312	312	248	248	248	248
32	5	73	0	our	True	-4	7	140	140	304	664	0	0	0	0
32	5	31	0	our	True	-4	8	180	180	180	660	0	0	0	0
32	5	58	0	our	True	-4	10	192	192	408	940	196	196	196	1104
32	5	188	0	our	True	-4	11	280	280	280	680	0	0	0	0
32	5	23	0	our	True	-4	12	192	192	192	772	0	0	0	0
32	5	23	0	our	True	-4	13	184	184	184	184	504	504	504	504
32	5	131	0	our	True	-4	14	0	0	0	0	108	108	108	720
32	5	117	0	our	True	-4	15	640	640	640	640	0	0	0	0
32	5	43	0	our	True	-4	16	216	744	1336	1556	0	0	0	0
32	5	135	0	our	True	-4	18	276	276	276	276	292	292	292	292
32	5	82	0	our	True	-4	19	260	260	260	260	412	412	412	636
32	5	43	0	our	True	-4	20	0	0	0	0	216	216	384	1220
32	5	71	0	our	True	-4	21	124	124	124	124	232	232	232	1248
32	5	181	0	our	True	-4	22	0	0	0	0	204	204	204	204
32	5	186	0	our	True	-4	23	376	376	376	376	428	1520	1520	1520
32	5	56	0	our	True	-4	24	168	168	168	168	396	396	396	396
32	5	49	0	our	True	-4	25	200	200	200	340	180	180	180	180
32	5	144	0	our	True	-4	27	260	828	828	828	0	0	0	0
32	5	14	0	our	True	-4	28	192	192	192	192	168	168	168	292
32	5	98	0	our	True	-4	29	180	180	180	180	152	152	152	572
32	5	172	0	our	True	-4	30	248	248	248	864	0	0	0	0
32	5	169	0	our	True	-4	31	140	140	140	140	0	0	0	0
32	5	95	0	our	True	-4	32	176	176	176	176	316	316	316	316
32	5	22	0	our	True	-4	33	236	236	236	652	200	744	744	744
32	5	74	0	our	True	-4	34	996	996	996	996	0	0	0	0
32	5	28	0	our	True	-4	35	156	156	156	156	560	560	560	560
32	5	164	0	our	True	-4	36	204	204	204	616	0	0	0	0
32	5	118	0	our	True	-4	37	184	184	468	668	0	0	0	0
32	5	184	0	our	True	-4	38	212	212	212	264	320	320	320	320
32	5	188	0	our	True	-4	39	140	140	232	452	148	148	148	320
32	5	175	0	our	True	-4	40	0	0	0	0	0	0	0	0
32	5	121	0	our	True	-4	41	100	100	300	636	148	148	148	148
32	5	82	0	our	True	-4	42	0	0	0	0	288	288	288	1012
32	5	153	0	our	True	-4	43	212	212	212	212	144	144	144	472
42	5	26	0	he	False	-4	1	216	216	216	216	412	412	412	412
42	5	145	0	he	False	-4	2	212	212	212	212	268	344	344	648
42	5	173	0	he	False	-4	3	0	0	0	0	184	564	564	564
42	5	94	0	he	False	-4	4	144	144	144	144	180	228	620	1296
42	5	3	0	he	False	-4	5	0	0	0	0	224	224	452	1988
42	5	53	0	he	False	-4	6	0	0	0	0	252	252	252	252
42	5	37	0	he	False	-4	7	0	0	0	0	176	176	1136	2848
42	5	56	0	he	False	-4	8	312	312	312	312	260	260	260	260
42	5	1	0	he	False	-4	10	120	120	120	120	144	144	1040	2336
42	5	4	0	he	False	-4	11	148	148	148	148	132	736	736	736
42	5	77	0	he	False	-4	12	0	0	0	0	224	224	224	1212
42	5	3	0	he	False	-4	13	0	0	0	0	240	524	524	524
42	5	82	0	he	False	-4	14	248	248	248	248	196	196	692	1068
42	5	124	0	he	False	-4	15	224	224	804	976	0	0	0	0
42	5	194	0	he	False	-4	16	224	224	224	224	204	204	204	380
42	5	177	0	he	False	-4	18	256	256	256	256	444	444	444	444
42	5	56	0	he	False	-4	19	0	0	0	0	368	420	560	1868
42	5	205	0	he	False	-4	20	0	0	0	0	156	156	156	156
42	5	60	0	he	False	-4	21	200	200	200	520	308	308	308	308
42	5	82	0	he	False	-4	22	0	0	0	0	384	640	640	640
42	5	61	0	he	False	-4	23	0	0	0	0	160	324	324	324
42	5	39	0	he	False	-4	24	0	0	0	0	176	176	176	176
42	5	174	0	he	False	-4	25	0	0	0	0	296	296	296	296
42	5	167	0	he	False	-4	27	216	216	216	216	172	484	484	484
42	5	102	0	he	False	-4	28	164	164	164	164	164	164	164	164
42	5	113	0	he	False	-4	29	160	160	160	160	184	184	184	184
42	5	102	0	he	False	-4	30	160	476	476	476	220	220	220	220
42	5	25	0	he	False	-4	31	132	132	132	340	96	96	96	96
42	5	38	0	he	False	-4	32	148	148	148	148	356	356	356	356
42	5	144	0	he	False	-4	33	0	0	0	0	200	532	732	868
42	5	204	0	he	False	-4	34	156	156	156	392	0	0	0	0
42	5	194	0	he	False	-4	35	184	184	184	184	136	136	136	136
42	5	203	0	he	False	-4	36	168	168	168	168	152	152	152	152
42	5	120	0	he	False	-4	37	124	124	124	124	184	184	184	184
42	5	63	0	he	False	-4	38	168	168	168	168	172	172	172	172
42	5	17	0	he	False	-4	39	0	0	0	0	120	412	412	412
42	5	143	0	he	False	-4	40	0	0	0	0	112	256	256	256
42	5	9	0	he	False	-4	41	0	0	0	0	304	576	576	576
42	5	145	0	he	False	-4	42	0	0	0	0	116	116	116	116
42	5	193	0	he	False	-4	43	0	0	0	0	252	252	252	252
43	6	124	0	his	False	-5	1	204	204	204	204	456	456	456	456
43	6	41	0	his	False	-5	2	152	360	360	360	0	0	0	0
43	6	16	0	his	False	-5	3	464	464	464	464	248	248	248	600
43	6	178	0	his	False	-5	4	192	192	192	192	196	196	196	868
43	6	45	0	his	False	-5	5	0	0	0	0	236	236	236	672
43	6	189	0	his	False	-5	6	0	0	0	0	0	0	0	0
43	6	6	0	his	False	-5	7	164	164	320	668	0	0	0	0
43	6	173	0	his	False	-5	8	272	272	272	272	0	0	0	0
43	6	10	0	his	False	-5	9	68	68	68	68	344	524	1032	1672
43	6	68	0	his	False	-5	10	0	0	0	0	260	260	260	1780
43	6	60	0	his	False	-5	11	224	224	224	224	188	188	188	656
43	6	202	0	his	False	-5	12	148	148	284	800	0	0	0	0
43	6	11	0	his	False	-5	13	260	260	260	260	0	0	0	0
43	6	170	0	his	False	-5	14	0	0	0	0	440	440	440	440
43	6	28	0	his	False	-5	15	252	252	252	252	0	0	0	0
43	6	84	0	his	False	-5	16	0	0	0	0	188	188	624	880
43	6	114	0	his	False	-5	17	360	360	360	2920	0	0	0	0
43	6	25	0	his	False	-5	18	204	204	204	204	148	148	148	288
43	6	115	0	his	False	-5	19	220	220	220	220	184	184	184	184
43	6	109	0	his	False	-5	20	0	0	0	0	324	324	324	592
43	6	32	0	his	False	-5	21	120	120	240	396	104	104	528	1720
43	6	120	0	his	False	-5	22	216	216	216	216	0	0	0	0
43	6	160	0	his	False	-5	23	172	172	172	172	396	656	656	656
43	6	68	0	his	False	-5	24	264	264	264	588	0	0	0	0
43	6	9	0	his	False	-5	25	0	0	0	0	0	0	0	0
43	6	138	0	his	False	-5	27	196	196	196	196	124	668	668	668
43	6	8	0	his	False	-5	28	156	324	324	324	440	440	440	792
43	6	64	0	his	False	-5	29	136	136	136	136	160	160	160	508
43	6	98	0	his	False	-5	30	492	492	492	492	0	0	0	0
43	6	167	0	his	False	-5	31	0	0	0	0	0	0	0	0
43	6	132	0	his	False	-5	32	216	216	216	216	312	312	312	312
43	6	17	0	his	False	-5	33	172	172	344	836	260	260	260	836
43	6	5	0	his	False	-5	34	156	156	156	156	176	176	176	176
43	6	91	0	his	False	-5	35	324	324	324	736	0	0	0	0
43	6	153	0	his	False	-5	36	164	164	164	164	0	0	0	0
43	6	34	0	his	False	-5	37	300	396	396	580	0	0	0	0
43	6	192	0	his	False	-5	38	192	192	192	192	0	0	0	0
43	6	45	0	his	False	-5	39	0	0	0	0	232	232	772	1528
43	6	184	0	his	False	-5	40	208	368	368	368	0	0	0	0
43	6	17	0	his	False	-5	41	164	164	164	164	428	428	428	428
43	6	131	0	his	False	-5	42	0	0	0	0	220	220	1120	2484
43	6	161	0	his	False	-5	43	152	300	300	300	260	260	260	504
45	6	96	0	his	False	-4	1	380	380	380	380	1032	1032	1032	1032
45	6	168	0	his	False	-4	2	208	208	208	208	0	0	0	0
45	6	196	0	his	False	-4	3	148	380	380	380	100	100	100	376
45	6	152	0	his	False	-4	4	120	120	120	120	396	592	592	592
45	6	75	0	his	False	-4	5	0	0	0	0	0	0	0	0
45	6	37	0	his	False	-4	6	220	220	220	220	0	0	0	0
45	6	119	0	his	False	-4	7	160	160	160	1076	160	396	1720	2660
45	6	127	0	his	False	-4	8	208	208	208	208	0	0	0	0
45	6	35	0	his	False	-4	10	300	300	300	300	136	136	136	716
45	6	119	0	his	False	-4	11	196	196	196	196	0	0	0	0
45	6	99	0	his	False	-4	12	0	0	0	0	0	0	0	0
45	6	28	0	his	False	-4	13	72	72	72	72	0	0	0	0
45	6	6	0	his	False	-4	14	0	0	0	0	232	232	388	2160
45	6	173	0	his	False	-4	15	164	164	328	932	0	0	0	0
45	6	187	0	his	False	-4	16	264	540	540	540	448	448	448	448
45	6	47	0	his	False	-4	17	0	0	0	0	224	224	224	480
45	6	71	0	his	False	-4	18	0	0	0	0	168	168	168	1384
45	6	165	0	his	False	-4	19	172	196	196	1168	0	0	0	0
45	6	9	0	his	False	-4	20	244	244	436	740	108	108	108	808
45	6	161	0	his	False	-4	21	200	200	200	200	212	212	212	212
45	6	34	0	his	False	-4	22	0	0	0	0	232	232	232	1476
45	6	104	0	his	False	-4	23	0	0	0	0	0	0	0	0
45	6	144	0	his	False	-4	24	0	0	0	0	296	296	296	296
45	6	82	0	his	False	-4	25	212	212	212	448	0	0	0	0
45	6	57	0	his	False	-4	27	236	236	236	236	300	792	792	792
45	6	35	0	his	False	-4	28	0	0	0	0	332	332	332	332
45	6	100	0	his	False	-4	29	240	240	240	240	144	144	144	144
45	6	164	0	his	False	-4	30	268	268	268	268	204	536	536	536
45	6	125	0	his	False	-4	31	204	204	204	204	92	92	92	92
45	6	81	0	his	False	-4	32	152	368	368	368	224	224	224	224
45	6	152	0	his	False	-4	33	176	176	316	576	116	116	116	116
45	6	141	0	his	False	-4	34	200	200	200	640	0	0	0	0
45	6	99	0	his	False	-4	35	0	0	0	0	156	340	340	340
45	6	113	0	his	False	-4	36	244	244	244	452	0	0	0	0
45	6	32	0	his	False	-4	37	144	144	264	580	0	0	0	0
45	6	161	0	his	False	-4	38	104	104	104	104	0	0	0	0
45	6	74	0	his	False	-4	39	0	0	0	0	0	0	0	0
45	6	15	0	his	False	-4	40	128	128	128	488	420	760	760	760
45	6	2	0	his	False	-4	41	188	672	672	672	0	0	0	0
45	6	160	0	his	False	-4	42	0	0	0	0	164	164	164	260
45	6	172	0	his	False	-4	43	260	260	260	260	340	572	572	572
46	5	28	0	his	False	-5	1	296	296	296	296	148	148	296	1484
46	5	87	0	his	False	-5	2	252	252	252	252	24	24	136	236
46	5	157	0	his	False	-5	3	212	316	316	316	212	212	212	212
46	5	92	0	his	False	-5	4	176	176	176	176	152	152	572	900
46	5	161	0	his	False	-5	5	208	208	208	208	164	396	396	396
46	5	107	0	his	False	-5	6	0	0	0	0	192	192	192	340
46	5	145	0	his	False	-5	7	160	160	160	160	80	80	80	1164
46	5	93	0	his	False	-5	8	224	224	224	224	152	152	152	152
46	5	81	0	his	False	-5	10	244	244	244	244	180	180	180	180
46	5	41	0	his	False	-5	11	164	164	164	164	168	344	344	344
46	5	31	0	his	False	-5	12	0	0	0	0	0	0	0	0
46	5	15	0	his	False	-5	13	240	240	240	240	0	0	0	0
46	5	199	0	his	False	-5	14	272	272	272	272	176	176	176	176
46	5	135	0	his	False	-5	15	0	0	0	0	228	536	608	760
46	5	200	0	his	False	-5	16	148	352	352	352	236	452	452	452
46	5	57	0	his	False	-5	17	0	0	0	0	192	192	192	192
46	5	168	0	his	False	-5	18	0	0	0	0	328	328	328	328
46	5	184	0	his	False	-5	19	136	328	328	328	132	132	132	132
46	5	160	0	his	False	-5	20	248	248	248	248	208	208	208	208
46	5	13	0	his	False	-5	21	0	0	0	0	376	376	376	376
46	5	27	0	his	False	-5	22	0	0	0	0	184	184	496	636
46	5	153	0	his	False	-5	23	272	272	272	272	64	64	536	1696
46	5	179	0	his	False	-5	24	280	280	344	564	520	520	520	520
46	5	89	0	his	False	-5	25	120	120	120	120	228	228	228	368
46	5	107	0	his	False	-5	27	232	420	420	420	420	420	420	420
46	5	194	0	his	False	-5	28	0	0	0	0	176	176	416	1052
46	5	147	0	his	False	-5	29	132	132	132	288	148	148	148	148
46	5	22	0	his	False	-5	30	256	256	256	256	300	300	300	300
46	5	12	0	his	False	-5	31	180	180	180	180	168	168	168	168
46	5	90	0	his	False	-5	32	212	212	212	212	136	136	136	136
46	5	74	0	his	False	-5	33	116	116	256	628	200	200	200	200
46	5	115	0	his	False	-5	34	0	0	0	0	352	352	352	564
46	5	76	0	his	False	-5	35	0	0	0	0	180	332	332	332
46	5	117	0	his	False	-5	36	276	276	276	500	0	0	0	0
46	5	26	0	his	False	-5	37	0	0	0	0	188	188	188	448
46	5	193	0	his	False	-5	38	0	0	0	0	152	152	152	152
46	5	134	0	his	False	-5	39	204	204	204	204	232	232	232	232
46	5	22	0	his	False	-5	40	188	324	456	556	132	132	132	132
46	5	7	0	his	False	-5	41	0	0	0	0	0	0	0	0
46	5	171	0	his	False	-5	42	0	0	0	0	276	276	276	380
46	5	32	0	his	False	-5	43	152	152	152	152	172	172	308	856
47	6	44	0	his	False	-5	1	524	524	524	524	1040	1040	1040	1040
47	6	190	0	his	False	-5	2	168	168	168	168	268	268	268	268
47	6	166	0	his	False	-5	3	260	260	260	260	0	0	0	0
47	6	57	0	his	False	-5	4	0	0	0	0	0	0	0	0
47	6	95	0	his	False	-5	5	0	0	0	0	220	220	220	620
47	6	50	0	his	False	-5	6	732	732	732	732	0	0	0	0
47	6	38	0	his	False	-5	7	136	136	136	592	196	196	340	1040
47	6	82	0	his	False	-5	8	392	392	392	392	0	0	0	0
47	6	61	0	his	False	-5	10	296	296	296	1808	0	0	0	0
47	6	169	0	his	False	-5	11	312	312	312	312	0	0	0	0
47	6	86	0	his	False	-5	12	320	320	320	1024	0	0	0	0
47	6	26	0	his	False	-5	13	336	336	336	336	396	656	656	656
47	6	61	0	his	False	-5	14	176	176	176	176	608	608	608	780
47	6	37	0	his	False	-5	15	356	356	356	356	0	0	0	0
47	6	162	0	his	False	-5	16	280	532	532	532	332	812	812	812
47	6	8	0	his	False	-5	17	0	0	0	0	172	172	272	796
47	6	68	0	his	False	-5	18	0	0	0	0	676	676	676	676
47	6	67	0	his	False	-5	19	176	176	176	176	136	136	136	724
47	6	137	0	his	False	-5	20	152	152	152	152	140	208	348	1980
47	6	177	0	his	False	-5	21	0	0	0	0	224	224	364	1324
47	6	179	0	his	False	-5	22	324	324	324	324	308	308	308	308
47	6	9	0	his	False	-5	23	244	244	408	660	356	1060	1060	3016
47	6	43	0	his	False	-5	24	520	520	520	520	0	0	0	0
47	6	36	0	his	False	-5	25	0	0	0	0	164	304	304	304
47	6	71	0	his	False	-5	27	0	0	0	0	248	248	248	896
47	6	7	0	his	False	-5	28	184	440	440	440	196	196	196	196
47	6	172	0	his	False	-5	29	388	388	388	388	316	316	316	636
47	6	64	0	his	False	-5	30	200	200	200	708	0	0	0	0
47	6	98	0	his	False	-5	31	144	144	144	144	0	0	0	0
47	6	125	0	his	False	-5	32	164	164	164	164	356	356	356	356
47	6	19	0	his	False	-5	33	0	0	0	0	232	232	232	3000
47	6	163	0	his	False	-5	34	728	1196	1196	1196	0	0	0	0
47	6	30	0	his	False	-5	35	200	200	200	200	416	416	416	416
47	6	169	0	his	False	-5	36	0	0	0	0	0	0	0	0
47	6	108	0	his	False	-5	37	536	536	680	896	292	292	292	292
47	6	95	0	his	False	-5	38	0	0	0	0	200	200	200	200
47	6	64	0	his	False	-5	39	256	256	444	1232	0	0	0	0
47	6	75	0	his	False	-5	40	264	264	264	264	260	484	484	756
47	6	150	0	his	False	-5	41	160	160	160	160	132	428	428	428
47	6	21	0	his	False	-5	42	288	288	288	288	376	720	720	720
47	6	171	0	his	False	-5	43	292	292	292	292	200	200	200	200
48	6	56	0	his	False	-5	1	248	248	248	248	728	728	728	728
48	6	136	0	his	False	-5	2	184	600	600	600	0	0	0	0
48	6	9	0	his	False	-5	3	184	340	340	1148	0	0	0	0
48	6	131	0	his	False	-5	4	172	172	172	288	264	264	264	264
48	6	114	0	his	False	-5	5	252	252	252	1188	0	0	0	0
48	6	143	0	his	False	-5	6	0	0	0	0	244	244	244	516
48	6	46	0	his	False	-5	7	136	136	136	608	52	52	748	1232
48	6	88	0	his	False	-5	8	288	288	288	480	316	316	316	316
48	6	23	0	his	False	-5	10	268	268	268	268	184	184	184	1100
48	6	1	0	his	False	-5	11	176	320	320	320	296	296	296	704
48	6	154	0	his	False	-5	12	440	440	440	440	0	0	0	0
48	6	190	0	his	False	-5	13	0	0	0	0	284	796	796	796
48	6	110	0	his	False	-5	14	204	204	204	204	336	336	336	336
48	6	20	0	his	False	-5	15	92	92	320	544	340	340	340	340
48	6	79	0	his	False	-5	16	192	192	192	192	292	2100	2100	2100
48	6	75	0	his	False	-5	17	0	0	0	0	176	816	816	816
48	6	39	0	his	False	-5	18	0	0	0	0	248	248	248	628
48	6	204	0	his	False	-5	19	260	260	260	924	0	0	0	0
48	6	78	0	his	False	-5	20	0	0	0	0	188	280	280	496
48	6	34	0	his	False	-5	21	0	0	0	0	320	320	320	640
48	6	11	0	his	False	-5	22	284	284	284	284	660	660	660	660
48	6	83	0	his	False	-5	23	0	0	0	0	200	376	376	1680
48	6	76	0	his	False	-5	24	460	460	460	460	364	364	364	364
48	6	128	0	his	False	-5	25	0	0	0	0	0	0	0	0
48	6	60	0	his	False	-5	27	320	320	320	320	456	456	456	456
48	6	67	0	his	False	-5	28	364	364	364	364	432	432	432	432
48	6	1	0	his	False	-5	29	0	0	0	0	232	340	1100	4700
48	6	146	0	his	False	-5	30	420	420	420	1372	0	0	0	0
48	6	149	0	his	False	-5	31	0	0	0	0	76	316	316	316
48	6	191	0	his	False	-5	32	160	160	160	160	0	0	0	0
48	6	98	0	his	False	-5	33	184	184	184	184	204	204	204	204
48	6	183	0	his	False	-5	34	688	688	688	688	0	0	0	0
48	6	25	0	his	False	-5	35	0	0	0	0	180	720	720	1276
48	6	60	0	his	False	-5	36	256	256	256	520	0	0	0	0
48	6	168	0	his	False	-5	37	148	544	544	544	0	0	0	0
48	6	170	0	his	False	-5	38	400	868	868	868	0	0	0	0
48	6	89	0	his	False	-5	39	192	192	192	664	0	0	0	0
48	6	173	0	his	False	-5	40	0	0	0	0	0	0	0	0
48	6	61	0	his	False	-5	41	0	0	0	0	292	668	668	668
48	6	88	0	his	False	-5	42	160	160	160	160	228	228	228	652
48	6	167	0	his	False	-5	43	244	244	244	244	336	564	564	564
49	5	21	0	his	False	-3	1	0	0	0	0	144	144	144	144
49	5	71	0	his	False	-3	2	184	184	184	184	140	140	140	140
49	5	97	0	his	False	-3	3	152	152	152	152	204	356	356	356
49	5	192	0	his	False	-3	4	0	0	0	0	304	304	304	304
49	5	56	0	his	False	-3	5	0	0	0	0	204	388	388	388
49	5	114	0	his	False	-3	6	0	0	0	0	268	268	268	268
49	5	26	0	his	False	-3	7	84	84	84	84	0	0	0	0
49	5	55	0	his	False	-3	8	172	172	172	172	232	232	232	452
49	5	101	0	his	False	-3	10	140	140	140	140	152	152	152	152
49	5	45	0	his	False	-3	11	140	140	140	140	168	168	168	168
49	5	60	0	his	False	-3	12	0	0	0	0	284	284	284	284
49	5	90	0	his	False	-3	13	216	216	216	216	284	284	284	284
49	5	91	0	his	False	-3	14	192	520	520	520	240	240	240	240
49	5	150	0	his	False	-3	15	0	0	0	0	156	156	156	156
49	5	9	0	his	False	-3	16	160	160	160	160	208	208	208	496
49	5	175	0	his	False	-3	17	272	272	272	272	0	0	0	0
49	5	104	0	his	False	-3	18	180	180	180	180	188	188	188	320
49	5	34	0	his	False	-3	19	0	0	0	0	168	168	168	168
49	5	61	0	his	False	-3	20	0	0	0	0	148	148	148	148
49	5	16	0	his	False	-3	21	152	152	152	152	192	192	192	192
49	5	85	0	his	False	-3	22	192	192	192	192	228	228	228	228
49	5	94	0	his	False	-3	23	164	164	164	164	260	260	260	260
49	5	160	0	his	False	-3	24	472	472	472	472	252	252	252	396
49	5	13	0	his	False	-3	25	0	0	0	0	0	0	0	0
49	5	4	0	his	False	-3	27	0	0	0	0	276	276	276	276
49	5	187	0	his	False	-3	28	184	184	532	884	208	208	208	208
49	5	4	0	his	False	-3	29	132	132	132	132	184	184	184	184
49	5	6	0	his	False	-3	30	280	280	280	280	0	0	0	0
49	5	48	0	his	False	-3	31	148	148	148	148	0	0	0	0
49	5	70	0	his	False	-3	32	156	156	156	156	220	220	220	220
49	5	179	0	his	False	-3	33	0	0	0	0	0	0	0	0
49	5	91	0	his	False	-3	34	0	0	0	0	192	404	404	404
49	5	90	0	his	False	-3	35	172	172	172	172	184	184	184	184
49	5	51	0	his	False	-3	36	0	0	0	0	0	0	0	0
49	5	59	0	his	False	-3	37	236	236	236	236	152	152	152	152
49	5	158	0	his	False	-3	38	0	0	0	0	244	244	244	772
49	5	197	0	his	False	-3	39	0	0	0	0	148	148	148	148
49	5	7	0	his	False	-3	40	192	192	372	764	188	188	188	188
49	5	50	0	his	False	-3	41	0	0	0	0	0	0	0	0
49	5	42	0	his	False	-3	42	160	160	160	160	136	136	136	300
49	5	136	0	his	False	-3	43	0	0	0	0	216	496	496	496
52	6	50	0	her	True	-4	1	200	344	344	344	340	340	600	1892
52	6	167	0	her	True	-4	2	220	220	220	220	224	224	224	420
52	6	68	0	her	True	-4	3	200	200	200	408	0	0	0	0
52	6	35	0	her	True	-4	4	228	228	460	1400	396	396	396	396
52	6	85	0	her	True	-4	5	0	0	0	0	220	220	220	1600
52	6	122	0	her	True	-4	6	504	504	504	504	0	0	0	0
52	6	14	0	her	True	-4	7	176	176	176	368	180	180	944	2532
52	6	159	0	her	True	-4	8	1292	1292	1292	1292	0	0	0	0
52	6	198	0	her	True	-4	10	144	408	408	408	24	24	24	1284
52	6	48	0	her	True	-4	11	264	264	264	264	232	232	232	696
52	6	78	0	her	True	-4	12	688	688	688	688	0	0	0	0
52	6	14	0	her	True	-4	13	224	224	224	224	384	384	384	384
52	6	168	0	her	True	-4	14	208	208	536	724	0	0	0	0
52	6	200	0	her	True	-4	15	332	332	332	332	164	164	164	680
52	6	195	0	her	True	-4	16	288	288	288	288	264	484	484	484
52	6	105	0	her	True	-4	17	560	1068	1068	1068	0	0	0	0
52	6	89	0	her	True	-4	18	0	0	0	0	52	52	52	1872
52	6	142	0	her	True	-4	19	200	200	656	856	0	0	0	0
52	6	149	0	her	True	-4	20	0	0	0	0	212	212	504	1016
52	6	30	0	her	True	-4	21	0	0	0	0	140	140	228	1168
52	6	157	0	her	True	-4	22	256	256	256	408	0	0	0	0
52	6	20	0	her	True	-4	23	172	172	172	172	280	440	440	836
52	6	138	0	her	True	-4	24	0	0	0	0	136	136	628	1096
52	6	17	0	her	True	-4	25	0	0	0	0	0	0	0	0
52	6	47	0	her	True	-4	27	232	232	580	1208	0	0	0	0
52	6	72	0	her	True	-4	28	172	172	172	172	368	368	368	368
52	6	131	0	her	True	-4	29	108	108	108	108	304	304	304	304
52	6	188	0	her	True	-4	30	256	256	256	256	408	408	408	408
52	6	68	0	her	True	-4	31	0	0	0	0	116	624	624	624
52	6	13	0	her	True	-4	32	232	232	232	232	268	268	268	268
52	6	171	0	her	True	-4	33	328	328	328	328	0	0	0	0
52	6	131	0	her	True	-4	34	268	268	268	268	344	344	344	344
52	6	166	0	her	True	-4	35	0	0	0	0	524	524	524	524
52	6	120	0	her	True	-4	36	0	0	0	0	0	0	0	0
52	6	178	0	her	True	-4	37	176	176	176	176	368	368	368	604
52	6	164	0	her	True	-4	38	0	0	0	0	480	480	480	480
52	6	201	0	her	True	-4	39	148	148	148	320	0	0	0	0
52	6	17	0	her	True	-4	40	268	268	268	268	232	232	324	532
52	6	66	0	her	True	-4	41	212	212	212	452	368	368	368	368
52	6	61	0	her	True	-4	42	232	232	232	232	512	512	512	512
52	6	94	0	her	True	-4	43	232	232	428	812	0	0	0	0
57	7	119	1	that.	False	-7	1	192	192	192	600	-999	-999	-999	-999
57	7	158	1	that.	False	-7	2	312	312	312	312	-999	-999	-999	-999
57	7	99	1	that.	False	-7	3	144	144	144	144	-999	-999	-999	-999
57	7	144	1	that.	False	-7	4	480	480	480	480	-999	-999	-999	-999
57	7	67	1	that.	False	-7	5	160	376	376	3148	-999	-999	-999	-999
57	7	98	1	that.	False	-7	6	0	0	0	0	-999	-999	-999	-999
57	7	12	1	that.	False	-7	7	120	120	772	1560	-999	-999	-999	-999
57	7	117	1	that.	False	-7	8	456	456	456	456	-999	-999	-999	-999
57	7	4	1	that.	False	-7	9	224	224	224	1128	-999	-999	-999	-999
57	7	33	1	that.	False	-7	10	208	208	208	608	-999	-999	-999	-999
57	7	61	1	that.	False	-7	11	220	220	220	564	-999	-999	-999	-999
57	7	73	1	that.	False	-7	12	0	0	0	0	-999	-999	-999	-999
57	7	128	1	that.	False	-7	13	324	656	656	656	-999	-999	-999	-999
57	7	14	1	that.	False	-7	14	212	212	212	644	-999	-999	-999	-999
57	7	114	1	that.	False	-7	15	0	0	0	0	-999	-999	-999	-999
57	7	102	1	that.	False	-7	16	232	1348	1348	1348	-999	-999	-999	-999
57	7	142	1	that.	False	-7	17	80	80	80	392	-999	-999	-999	-999
57	7	171	1	that.	False	-7	18	0	0	0	0	-999	-999	-999	-999
57	7	71	1	that.	False	-7	19	148	1028	1192	5432	-999	-999	-999	-999
57	7	21	1	that.	False	-7	20	140	140	140	500	-999	-999	-999	-999
57	7	200	1	that.	False	-7	21	0	0	0	0	-999	-999	-999	-999
57	7	142	1	that.	False	-7	22	280	280	280	556	-999	-999	-999	-999
57	7	85	1	that.	False	-7	23	0	0	0	0	-999	-999	-999	-999
57	7	13	1	that.	False	-7	24	700	700	700	700	-999	-999	-999	-999
57	7	182	1	that.	False	-7	25	188	188	188	396	-999	-999	-999	-999
57	7	49	1	that.	False	-7	27	0	0	0	0	-999	-999	-999	-999
57	7	138	1	that.	False	-7	28	420	420	420	744	-999	-999	-999	-999
57	7	53	1	that.	False	-7	29	156	616	616	616	-999	-999	-999	-999
57	7	165	1	that.	False	-7	30	232	232	232	700	-999	-999	-999	-999
57	7	56	1	that.	False	-7	31	128	128	128	236	-999	-999	-999	-999
57	7	109	1	that.	False	-7	32	256	256	256	548	-999	-999	-999	-999
57	7	20	1	that.	False	-7	33	116	116	116	748	-999	-999	-999	-999
57	7	28	1	that.	False	-7	34	0	0	0	0	-999	-999	-999	-999
57	7	110	1	that.	False	-7	35	280	280	280	280	-999	-999	-999	-999
57	7	134	1	that.	False	-7	36	0	0	0	0	-999	-999	-999	-999
57	7	152	1	that.	False	-7	37	188	188	188	188	-999	-999	-999	-999
57	7	132	1	that.	False	-7	38	452	452	452	452	-999	-999	-999	-999
57	7	107	1	that.	False	-7	39	0	0	0	0	-999	-999	-999	-999
57	7	96	1	that.	False	-7	40	164	448	448	580	-999	-999	-999	-999
57	7	152	1	that.	False	-7	41	360	360	360	360	-999	-999	-999	-999
57	7	39	1	that.	False	-7	42	176	176	176	504	-999	-999	-999	-999
57	7	57	1	that.	False	-7	43	196	196	196	196	-999	-999	-999	-999
59	6	198	0	he	True	-3	1	0	0	0	0	188	188	188	296
59	6	32	0	he	True	-3	2	168	284	284	408	156	156	156	156
59	6	33	0	he	True	-3	3	172	172	172	172	168	348	348	348
59	6	156	0	he	True	-3	4	0	0	0	0	388	388	388	388
59	6	184	0	he	True	-3	5	0	0	0	0	0	0	0	0
59	6	100	0	he	True	-3	6	144	144	144	144	0	0	0	0
59	6	3	0	he	True	-3	7	0	0	0	0	0	0	0	0
59	6	167	0	he	True	-3	8	0	0	0	0	308	308	308	308
59	6	63	0	he	True	-3	10	0	0	0	0	200	200	200	200
59	6	139	0	he	True	-3	11	0	0	0	0	180	304	304	304
59	6	165	0	he	True	-3	12	0	0	0	0	244	244	244	244
59	6	120	0	he	True	-3	13	0	0	0	0	412	412	412	412
59	6	38	0	he	True	-3	14	0	0	0	0	212	212	212	212
59	6	22	0	he	True	-3	15	0	0	0	0	0	0	0	0
59	6	73	0	he	True	-3	16	0	0	0	0	148	148	148	148
59	6	108	0	he	True	-3	17	0	0	0	0	232	392	392	392
59	6	103	0	he	True	-3	18	164	164	164	164	0	0	0	0
59	6	121	0	he	True	-3	19	0	0	0	0	272	400	400	400
59	6	125	0	he	True	-3	20	124	124	124	124	0	0	0	0
59	6	187	0	he	True	-3	21	0	0	0	0	144	144	144	144
59	6	42	0	he	True	-3	22	144	144	144	1908	600	600	600	600
59	6	193	0	he	True	-3	23	0	0	0	0	332	332	332	332
59	6	79	0	he	True	-3	24	0	0	0	0	308	308	308	744
59	6	73	0	he	True	-3	25	0	0	0	0	208	208	336	528
59	6	192	0	he	True	-3	27	0	0	0	0	188	188	188	188
59	6	113	0	he	True	-3	28	0	0	0	0	208	208	372	540
59	6	164	0	he	True	-3	29	0	0	0	0	180	180	180	360
59	6	187	0	he	True	-3	30	244	244	244	244	216	216	216	216
59	6	32	0	he	True	-3	31	0	0	0	0	176	176	176	176
59	6	149	0	he	True	-3	32	0	0	0	0	0	0	0	0
59	6	156	0	he	True	-3	33	264	264	264	264	128	128	128	128
59	6	20	0	he	True	-3	34	0	0	0	0	208	208	208	208
59	6	38	0	he	True	-3	35	168	168	168	168	0	0	0	0
59	6	5	0	he	True	-3	36	0	0	0	0	0	0	0	0
59	6	94	0	he	True	-3	37	136	136	136	136	180	180	180	180
59	6	188	0	he	True	-3	38	0	0	0	0	152	152	152	152
59	6	110	0	he	True	-3	39	0	0	0	0	0	0	0	0
59	6	159	0	he	True	-3	40	0	0	0	0	0	0	0	0
59	6	29	0	he	True	-3	41	0	0	0	0	220	220	396	1164
59	6	6	0	he	True	-3	42	0	0	0	0	224	224	224	364
59	6	39	0	he	True	-3	43	92	92	92	92	396	396	396	396
66	7	100	0	his	True	-4	1	160	160	360	700	80	80	80	244
66	7	141	0	his	True	-4	2	108	108	108	108	108	108	108	688
66	7	44	0	his	True	-4	3	372	372	372	372	700	700	700	700
66	7	3	0	his	True	-4	4	172	328	328	328	156	156	156	912
66	7	158	0	his	True	-4	5	0	0	0	0	224	224	224	312
66	7	154	0	his	True	-4	6	0	0	0	0	272	272	272	272
66	7	17	0	his	True	-4	7	188	188	464	1060	320	320	476	636
66	7	105	0	his	True	-4	8	316	792	792	792	268	268	268	1076
66	7	157	0	his	True	-4	10	248	248	404	640	36	384	384	1080
66	7	148	0	his	True	-4	11	356	356	356	356	108	108	108	108
66	7	66	0	his	True	-4	12	176	320	548	1236	0	0	0	0
66	7	43	0	his	True	-4	13	384	384	384	592	216	216	216	216
66	7	17	0	his	True	-4	14	144	576	576	792	0	0	0	0
66	7	45	0	his	True	-4	15	140	280	280	384	152	152	152	152
66	7	201	0	his	True	-4	16	208	208	208	208	204	204	204	660
66	7	157	0	his	True	-4	17	184	520	520	520	0	0	0	0
66	7	205	0	his	True	-4	18	376	376	376	376	0	0	0	0
66	7	174	0	his	True	-4	19	168	168	168	168	100	100	100	284
66	7	107	0	his	True	-4	20	0	0	0	0	168	168	168	1068
66	7	160	0	his	True	-4	21	0	0	0	0	160	160	160	324
66	7	144	0	his	True	-4	22	612	612	884	1096	292	292	292	1472
66	7	27	0	his	True	-4	23	132	132	132	132	224	344	344	1348
66	7	127	0	his	True	-4	24	440	440	440	440	0	0	0	0
66	7	116	0	his	True	-4	25	168	168	168	168	268	268	660	1204
66	7	25	0	his	True	-4	27	216	504	504	504	228	228	228	228
66	7	52	0	his	True	-4	28	172	172	172	344	240	240	240	240
66	7	132	0	his	True	-4	29	324	324	324	424	284	284	284	284
66	7	101	0	his	True	-4	30	280	896	896	896	0	0	0	0
66	7	155	0	his	True	-4	31	0	0	0	0	116	116	116	116
66	7	114	0	his	True	-4	32	300	300	300	472	96	96	96	96
66	7	92	0	his	True	-4	33	112	112	112	112	140	140	296	904
66	7	155	0	his	True	-4	34	240	240	496	732	0	0	0	0
66	7	52	0	his	True	-4	35	156	156	156	156	120	120	120	656
66	7	111	0	his	True	-4	36	212	212	212	212	0	0	0	0
66	7	143	0	his	True	-4	37	172	172	172	172	248	248	248	248
66	7	131	0	his	True	-4	38	112	360	360	488	0	0	0	0
66	7	171	0	his	True	-4	39	0	0	0	0	168	168	168	168
66	7	36	0	his	True	-4	40	0	0	0	0	232	232	392	928
66	7	173	0	his	True	-4	41	208	208	208	208	268	268	268	268
66	7	151	0	his	True	-4	42	236	236	236	1140	404	404	404	404
66	7	156	0	his	True	-4	43	120	804	804	804	196	196	196	196
71	7	11	0	his	False	-5	1	280	280	280	280	680	680	680	1044
71	7	19	0	his	False	-5	2	208	208	208	428	220	220	220	844
71	7	53	0	his	False	-5	3	332	332	332	484	156	156	156	156
71	7	80	0	his	False	-5	4	0	0	0	0	0	0	0	0
71	7	204	0	his	False	-5	5	0	0	0	0	236	236	236	956
71	7	45	0	his	False	-5	6	224	224	224	488	0	0	0	0
71	7	9	0	his	False	-5	7	132	132	132	132	100	100	492	1916
71	7	120	0	his	False	-5	8	0	0	0	0	508	508	508	508
71	7	56	0	his	False	-5	10	184	184	184	184	140	140	312	880
71	7	182	0	his	False	-5	11	204	204	204	392	128	292	292	292
71	7	156	0	his	False	-5	12	0	0	0	0	208	208	208	1160
71	7	64	0	his	False	-5	13	196	196	196	196	240	240	240	724
71	7	109	0	his	False	-5	14	0	0	0	0	172	172	172	756
71	7	46	0	his	False	-5	15	0	0	0	0	272	544	544	988
71	7	164	0	his	False	-5	16	228	228	228	228	152	760	1116	1236
71	7	36	0	his	False	-5	18	216	216	216	216	156	156	360	896
71	7	97	0	his	False	-5	19	232	232	232	232	64	64	64	452
71	7	138	0	his	False	-5	20	0	0	0	0	204	204	524	1468
71	7	118	0	his	False	-5	21	0	0	0	0	196	196	196	612
71	7	17	0	his	False	-5	22	0	0	0	0	400	400	400	884
71	7	23	0	his	False	-5	23	184	184	184	184	232	436	932	2888
71	7	57	0	his	False	-5	24	0	0	0	0	160	252	252	592
71	7	130	0	his	False	-5	25	212	212	212	324	216	216	508	816
71	7	118	0	his	False	-5	27	0	0	0	0	172	476	828	1068
71	7	197	0	his	False	-5	28	0	0	0	0	196	196	672	1096
71	7	205	0	his	False	-5	29	0	0	0	0	232	456	456	456
71	7	26	0	his	False	-5	30	0	0	0	0	132	132	132	840
71	7	160	0	his	False	-5	31	140	268	268	268	60	252	252	604
71	7	73	0	his	False	-5	32	0	0	0	0	212	380	380	532
71	7	126	0	his	False	-5	33	212	212	368	700	216	216	216	216
71	7	59	0	his	False	-5	34	0	0	0	0	188	188	188	400
71	7	139	0	his	False	-5	35	224	224	224	224	164	308	308	1580
71	7	89	0	his	False	-5	36	184	184	184	184	116	116	116	596
71	7	172	0	his	False	-5	37	0	0	0	0	92	92	92	704
71	7	103	0	his	False	-5	38	264	264	264	264	140	140	140	1976
71	7	103	0	his	False	-5	39	248	248	248	248	164	164	288	460
71	7	3	0	his	False	-5	40	0	0	0	0	180	180	368	1296
71	7	170	0	his	False	-5	41	184	184	184	316	168	168	168	168
71	7	29	0	his	False	-5	42	156	156	156	156	280	280	372	1440
71	7	44	0	his	False	-5	43	0	0	0	0	172	172	568	764
72	8	117	1	himself.	False	-5	1	176	272	272	272	-999	-999	-999	-999
72	8	187	1	himself.	False	-5	2	224	224	224	224	-999	-999	-999	-999
72	8	58	1	himself.	False	-5	3	336	336	336	472	-999	-999	-999	-999
72	8	67	1	himself.	False	-5	4	240	240	240	240	-999	-999	-999	-999
72	8	96	1	himself.	False	-5	5	204	204	204	1068	-999	-999	-999	-999
72	8	113	1	himself.	False	-5	6	0	0	0	0	-999	-999	-999	-999
72	8	179	1	himself.	False	-5	7	104	104	216	1400	-999	-999	-999	-999
72	8	199	1	himself.	False	-5	8	276	672	672	672	-999	-999	-999	-999
72	8	31	1	himself.	False	-5	9	240	240	240	1328	-999	-999	-999	-999
72	8	110	1	himself.	False	-5	10	232	232	232	944	-999	-999	-999	-999
72	8	109	1	himself.	False	-5	11	236	236	236	236	-999	-999	-999	-999
72	8	200	1	himself.	False	-5	12	120	120	120	796	-999	-999	-999	-999
72	8	154	1	himself.	False	-5	13	200	200	200	712	-999	-999	-999	-999
72	8	68	1	himself.	False	-5	14	88	88	88	368	-999	-999	-999	-999
72	8	137	1	himself.	False	-5	15	84	84	84	516	-999	-999	-999	-999
72	8	131	1	himself.	False	-5	16	248	248	248	248	-999	-999	-999	-999
72	8	128	1	himself.	False	-5	17	284	284	284	504	-999	-999	-999	-999
72	8	190	1	himself.	False	-5	18	0	0	0	0	-999	-999	-999	-999
72	8	158	1	himself.	False	-5	19	76	76	76	328	-999	-999	-999	-999
72	8	110	1	himself.	False	-5	20	180	304	304	848	-999	-999	-999	-999
72	8	138	1	himself.	False	-5	21	148	148	148	148	-999	-999	-999	-999
72	8	158	1	himself.	False	-5	22	184	184	356	1380	-999	-999	-999	-999
72	8	107	1	himself.	False	-5	23	324	324	644	924	-999	-999	-999	-999
72	8	131	1	himself.	False	-5	24	160	160	160	264	-999	-999	-999	-999
72	8	81	1	himself.	False	-5	25	160	160	432	944	-999	-999	-999	-999
72	8	59	1	himself.	False	-5	27	324	456	456	720	-999	-999	-999	-999
72	8	178	1	himself.	False	-5	28	292	292	292	292	-999	-999	-999	-999
72	8	79	1	himself.	False	-5	29	244	404	404	404	-999	-999	-999	-999
72	8	141	1	himself.	False	-5	30	220	220	220	6512	-999	-999	-999	-999
72	8	201	1	himself.	False	-5	31	124	124	124	124	-999	-999	-999	-999
72	8	91	1	himself.	False	-5	32	184	184	184	184	-999	-999	-999	-999
72	8	107	1	himself.	False	-5	33	100	100	252	376	-999	-999	-999	-999
72	8	102	1	himself.	False	-5	34	204	204	204	204	-999	-999	-999	-999
72	8	115	1	himself.	False	-5	35	152	152	152	152	-999	-999	-999	-999
72	8	180	1	himself.	False	-5	36	100	100	100	100	-999	-999	-999	-999
72	8	84	1	himself.	False	-5	37	112	112	112	112	-999	-999	-999	-999
72	8	123	1	himself.	False	-5	38	124	124	124	124	-999	-999	-999	-999
72	8	94	1	himself.	False	-5	39	272	356	356	548	-999	-999	-999	-999
72	8	46	1	himself.	False	-5	40	200	200	312	916	-999	-999	-999	-999
72	8	49	1	himself.	False	-5	41	136	136	136	296	-999	-999	-999	-999
72	8	106	1	himself.	False	-5	42	80	80	80	332	-999	-999	-999	-999
72	8	205	1	himself.	False	-5	43	236	236	236	356	-999	-999	-999	-999
87	3	63	0	his	True	-3	1	216	216	216	216	288	288	288	288
87	3	49	0	his	True	-3	2	0	0	0	0	236	236	236	236
87	3	161	0	his	True	-3	3	144	144	528	808	128	128	128	128
87	3	23	0	his	True	-3	4	248	248	248	248	200	200	200	200
87	3	192	0	his	True	-3	5	0	0	0	0	304	504	504	504
87	3	183	0	his	True	-3	6	0	0	0	0	144	144	144	144
87	3	2	0	his	True	-3	7	0	0	0	0	104	208	272	376
87	3	203	0	his	True	-3	8	200	200	200	200	0	0	0	0
87	3	19	0	his	True	-3	9	200	200	200	200	136	136	136	136
87	3	115	0	his	True	-3	10	292	292	476	820	136	136	136	136
87	3	128	0	his	True	-3	11	144	144	144	144	160	160	160	160
87	3	49	0	his	True	-3	12	0	0	0	0	188	188	348	576
87	3	141	0	his	True	-3	13	216	216	216	216	160	160	160	160
87	3	54	0	his	True	-3	14	0	0	0	0	168	304	304	304
87	3	153	0	his	True	-3	15	300	300	300	300	0	0	0	0
87	3	177	0	his	True	-3	16	160	160	160	160	176	312	312	312
87	3	29	0	his	True	-3	17	0	0	0	0	312	312	716	1288
87	3	7	0	his	True	-3	18	0	0	0	0	228	228	228	228
87	3	86	0	his	True	-3	19	300	300	300	300	384	384	384	384
87	3	162	0	his	True	-3	20	0	0	0	0	160	160	160	160
87	3	21	0	his	True	-3	21	0	0	0	0	0	0	0	0
87	3	188	0	his	True	-3	22	204	204	204	204	212	356	356	356
87	3	112	0	his	True	-3	23	280	280	448	1204	284	532	532	532
87	3	10	0	his	True	-3	24	232	232	408	692	192	192	364	688
87	3	159	0	his	True	-3	25	164	164	164	164	168	380	380	676
87	3	187	0	his	True	-3	27	268	268	268	268	180	180	180	180
87	3	150	0	his	True	-3	28	312	312	312	312	200	200	200	200
87	3	40	0	his	True	-3	29	0	0	0	0	0	0	0	0
87	3	149	0	his	True	-3	30	244	244	244	244	184	184	384	976
87	3	42	0	his	True	-3	31	0	0	0	0	132	212	212	212
87	3	64	0	his	True	-3	32	268	268	268	268	168	288	288	288
87	3	4	0	his	True	-3	33	64	168	284	564	96	96	96	96
87	3	169	0	his	True	-3	34	200	200	200	200	188	188	188	188
87	3	112	0	his	True	-3	35	232	232	232	232	188	188	188	188
87	3	84	0	his	True	-3	36	0	0	0	0	304	304	388	656
87	3	65	0	his	True	-3	37	180	180	180	312	184	316	316	316
87	3	145	0	his	True	-3	38	0	0	0	0	248	248	476	628
87	3	163	0	his	True	-3	39	0	0	0	0	316	316	460	652
87	3	69	0	his	True	-3	40	184	184	388	604	148	148	148	148
87	3	39	0	his	True	-3	41	0	0	0	0	0	0	0	0
87	3	89	0	his	True	-3	42	140	140	140	140	128	128	128	128
87	3	50	0	his	True	-3	43	168	168	168	168	160	160	160	160
88	8	74	0	his	True	-6	1	0	0	0	0	140	140	368	648
88	8	52	0	his	True	-6	2	0	0	0	0	216	216	484	816
88	8	54	0	his	True	-6	3	224	224	224	224	240	240	240	240
88	8	205	0	his	True	-6	4	372	372	372	372	136	284	440	616
88	8	118	0	his	True	-6	5	236	236	408	2096	168	168	168	540
88	8	68	0	his	True	-6	6	128	128	128	128	0	0	0	0
88	8	150	0	his	True	-6	7	188	188	540	1488	196	196	196	332
88	8	107	0	his	True	-6	8	240	240	1008	2572	0	0	0	0
88	8	141	0	his	True	-6	10	152	152	152	152	152	400	400	1980
88	8	178	0	his	True	-6	11	220	220	220	220	160	492	492	808
88	8	145	0	his	True	-6	12	108	108	108	108	140	140	140	468
88	8	144	0	his	True	-6	13	0	0	0	0	404	404	404	792
88	8	137	0	his	True	-6	14	472	472	760	852	152	152	152	496
88	8	159	0	his	True	-6	15	0	0	0	0	492	1032	1248	1356
88	8	61	0	his	True	-6	16	192	192	192	192	252	356	356	1364
88	8	131	0	his	True	-6	18	240	240	240	240	204	204	204	204
88	8	6	0	his	True	-6	19	136	136	136	136	204	204	1028	2440
88	8	76	0	his	True	-6	20	320	320	320	320	164	164	352	1108
88	8	131	0	his	True	-6	21	0	0	0	0	176	176	176	176
88	8	168	0	his	True	-6	22	176	176	176	176	144	144	144	144
88	8	126	0	his	True	-6	23	304	304	304	304	228	228	904	3200
88	8	198	0	his	True	-6	24	140	140	140	140	272	272	272	472
88	8	75	0	his	True	-6	25	212	212	212	340	204	204	204	1248
88	8	10	0	his	True	-6	27	128	128	128	128	260	260	260	408
88	8	188	0	his	True	-6	28	116	116	308	816	172	172	172	172
88	8	15	0	his	True	-6	29	172	172	172	172	108	272	272	272
88	8	31	0	his	True	-6	30	216	216	216	216	392	392	392	620
88	8	122	0	his	True	-6	31	0	0	0	0	96	96	96	96
88	8	153	0	his	True	-6	32	260	260	260	260	0	0	0	0
88	8	109	0	his	True	-6	33	188	188	188	188	76	76	140	1844
88	8	128	0	his	True	-6	34	0	0	0	0	316	316	316	436
88	8	199	0	his	True	-6	35	168	168	168	168	124	124	124	124
88	8	3	0	his	True	-6	36	0	0	0	0	212	212	568	1644
88	8	205	0	his	True	-6	37	68	68	68	504	0	0	0	0
88	8	91	0	his	True	-6	38	184	184	184	416	236	236	428	768
88	8	150	0	his	True	-6	39	184	184	184	184	360	360	360	360
88	8	79	0	his	True	-6	40	140	140	308	580	0	0	0	0
88	8	176	0	his	True	-6	41	240	240	240	240	140	312	312	964
88	8	62	0	his	True	-6	42	220	220	864	2740	488	488	488	1588
88	8	17	0	his	True	-6	43	356	356	356	356	152	152	152	152
89	4	67	0	he	True	-4	1	228	228	228	228	180	180	180	180
89	4	163	0	he	True	-4	2	0	0	0	0	188	188	188	188
89	4	148	0	he	True	-4	3	288	288	288	436	152	276	276	276
89	4	137	0	he	True	-4	4	0	0	0	0	0	0	0	0
89	4	188	0	he	True	-4	5	160	160	160	160	180	180	180	180
89	4	81	0	he	True	-4	6	0	0	0	0	148	148	148	148
89	4	50	0	he	True	-4	7	0	0	0	0	0	0	0	0
89	4	164	0	he	True	-4	8	0	0	0	0	184	184	184	184
89	4	130	0	he	True	-4	10	0	0	0	0	164	164	164	164
89	4	101	0	he	True	-4	11	172	172	172	172	0	0	0	0
89	4	126	0	he	True	-4	12	212	212	212	212	0	0	0	0
89	4	193	0	he	True	-4	13	0	0	0	0	204	204	204	204
89	4	150	0	he	True	-4	14	0	0	0	0	200	200	200	200
89	4	175	0	he	True	-4	15	0	0	0	0	176	176	176	176
89	4	204	0	he	True	-4	16	208	208	208	208	152	152	152	152
89	4	72	0	he	True	-4	18	0	0	0	0	212	212	212	212
89	4	63	0	he	True	-4	19	0	0	0	0	156	156	156	156
89	4	123	0	he	True	-4	20	0	0	0	0	148	148	148	148
89	4	93	0	he	True	-4	21	0	0	0	0	224	224	224	744
89	4	9	0	he	True	-4	22	164	164	164	2644	252	252	252	252
89	4	48	0	he	True	-4	23	0	0	0	0	292	292	292	292
89	4	176	0	he	True	-4	24	196	196	196	196	188	188	188	188
89	4	30	0	he	True	-4	25	0	0	0	0	252	252	252	252
89	4	18	0	he	True	-4	27	124	124	124	124	184	184	184	184
89	4	184	0	he	True	-4	28	0	0	0	0	212	476	476	476
89	4	174	0	he	True	-4	29	0	0	0	0	224	224	224	224
89	4	99	0	he	True	-4	30	500	500	500	500	200	200	200	200
89	4	166	0	he	True	-4	31	0	0	0	0	152	152	152	152
89	4	116	0	he	True	-4	32	0	0	0	0	312	504	504	504
89	4	113	0	he	True	-4	33	220	220	220	372	176	176	176	176
89	4	18	0	he	True	-4	34	0	0	0	0	256	256	256	256
89	4	65	0	he	True	-4	35	0	0	0	0	244	244	244	244
89	4	17	0	he	True	-4	36	0	0	0	0	232	232	232	400
89	4	83	0	he	True	-4	37	172	172	172	172	88	88	88	88
89	4	169	0	he	True	-4	38	0	0	0	0	312	312	312	312
89	4	131	0	he	True	-4	39	0	0	0	0	0	0	0	0
89	4	68	0	he	True	-4	40	0	0	0	0	252	432	432	432
89	4	100	0	he	True	-4	41	0	0	0	0	220	220	368	832
89	4	33	0	he	True	-4	42	0	0	0	0	216	296	296	296
89	4	38	0	he	True	-4	43	140	140	140	140	148	148	148	148
89	8	67	0	his	True	-2	1	832	832	832	832	0	0	0	0
89	8	163	0	his	True	-2	2	228	228	420	640	0	0	0	0
89	8	148	0	his	True	-2	3	0	0	0	0	80	80	80	80
89	8	137	0	his	True	-2	4	244	244	376	1648	472	472	472	472
89	8	188	0	his	True	-2	5	228	228	228	504	160	160	160	160
89	8	81	0	his	True	-2	6	0	0	0	0	0	0	0	0
89	8	50	0	his	True	-2	7	160	160	576	1652	288	288	288	288
89	8	164	0	his	True	-2	8	212	312	312	312	0	0	0	0
89	8	130	0	his	True	-2	10	216	216	216	216	208	208	208	1784
89	8	101	0	his	True	-2	11	268	528	528	528	152	152	152	152
89	8	126	0	his	True	-2	12	120	120	500	628	0	0	0	0
89	8	193	0	his	True	-2	13	240	240	240	240	520	520	520	616
89	8	150	0	his	True	-2	14	240	240	240	240	172	424	424	424
89	8	175	0	his	True	-2	15	368	448	448	448	0	0	0	0
89	8	204	0	his	True	-2	16	232	232	232	232	212	476	476	476
89	8	72	0	his	True	-2	18	0	0	0	0	112	112	112	224
89	8	63	0	his	True	-2	19	164	164	164	164	164	164	164	732
89	8	123	0	his	True	-2	20	0	0	0	0	168	248	248	796
89	8	93	0	his	True	-2	21	0	0	0	0	144	144	144	144
89	8	9	0	his	True	-2	22	356	356	356	356	340	780	1112	10432
89	8	48	0	his	True	-2	23	180	180	180	180	188	188	188	476
89	8	176	0	his	True	-2	24	156	156	836	1220	0	0	0	0
89	8	30	0	his	True	-2	25	216	216	348	544	236	236	236	504
89	8	18	0	his	True	-2	27	300	300	300	300	244	244	244	244
89	8	184	0	his	True	-2	28	216	252	588	824	260	260	260	260
89	8	174	0	his	True	-2	29	148	148	148	148	120	332	332	332
89	8	99	0	his	True	-2	30	168	168	168	168	380	380	380	836
89	8	166	0	his	True	-2	31	144	144	144	144	0	0	0	0
89	8	116	0	his	True	-2	32	420	420	420	420	172	228	228	228
89	8	113	0	his	True	-2	33	128	128	128	128	288	372	372	372
89	8	18	0	his	True	-2	34	204	204	648	832	0	0	0	0
89	8	65	0	his	True	-2	35	112	112	112	112	236	236	236	236
89	8	17	0	his	True	-2	36	0	0	0	0	184	184	184	740
89	8	83	0	his	True	-2	37	216	216	216	216	224	356	356	356
89	8	169	0	his	True	-2	38	424	424	424	500	0	0	0	0
89	8	131	0	his	True	-2	39	0	0	0	0	168	168	168	376
89	8	68	0	his	True	-2	40	204	204	204	204	140	252	440	988
89	8	100	0	his	True	-2	41	0	0	0	0	160	160	160	480
89	8	33	0	his	True	-2	42	508	508	508	860	0	0	0	0
89	8	38	0	his	True	-2	43	236	236	236	236	120	120	120	420
90	3	13	0	his	True	-3	1	256	256	256	256	244	244	244	244
90	3	170	0	his	True	-3	2	172	172	172	172	156	156	156	156
90	3	72	0	his	True	-3	3	160	160	160	160	216	296	368	568
90	3	143	0	his	True	-3	4	0	0	0	0	204	204	204	204
90	3	169	0	his	True	-3	5	304	304	304	560	228	228	228	228
90	3	172	0	his	True	-3	6	232	232	232	232	148	276	276	276
90	3	190	0	his	True	-3	7	0	0	0	0	144	144	144	268
90	3	36	0	his	True	-3	8	448	448	448	448	0	0	0	0
90	3	71	0	his	True	-3	10	0	0	0	0	264	264	264	744
90	3	21	0	his	True	-3	11	236	236	404	564	0	0	0	0
90	3	203	0	his	True	-3	12	0	0	0	0	152	152	152	152
90	3	140	0	his	True	-3	13	232	232	232	232	164	164	164	164
90	3	132	0	his	True	-3	14	128	128	128	128	220	220	220	220
90	3	131	0	his	True	-3	15	220	220	220	320	0	0	0	0
90	3	119	0	his	True	-3	16	172	444	444	444	152	152	152	152
90	3	69	0	his	True	-3	17	132	132	132	132	180	180	180	180
90	3	102	0	his	True	-3	18	0	0	0	0	184	184	184	184
90	3	187	0	his	True	-3	19	108	108	108	108	116	304	304	304
90	3	175	0	his	True	-3	20	152	152	152	152	148	148	148	148
90	3	182	0	his	True	-3	21	0	0	0	0	0	0	0	0
90	3	165	0	his	True	-3	22	248	248	248	840	468	468	468	468
90	3	197	0	his	True	-3	23	240	240	240	908	0	0	0	0
90	3	8	0	his	True	-3	24	316	316	316	316	0	0	0	0
90	3	117	0	his	True	-3	25	0	0	0	0	216	216	488	832
90	3	123	0	his	True	-3	27	232	432	432	432	248	248	248	248
90	3	96	0	his	True	-3	28	464	464	464	464	152	152	152	152
90	3	10	0	his	True	-3	29	0	0	0	0	0	0	0	0
90	3	4	0	his	True	-3	30	100	100	428	916	224	412	412	412
90	3	154	0	his	True	-3	31	0	0	0	0	156	156	156	156
90	3	62	0	his	True	-3	32	176	176	176	176	284	284	284	284
90	3	157	0	his	True	-3	33	116	116	116	116	204	204	204	204
90	3	143	0	his	True	-3	34	404	404	404	404	0	0	0	0
90	3	101	0	his	True	-3	35	0	0	0	0	204	352	352	352
90	3	114	0	his	True	-3	36	0	0	0	0	188	188	188	188
90	3	125	0	his	True	-3	37	120	120	120	120	144	480	480	480
90	3	46	0	his	True	-3	38	0	0	0	0	320	320	320	320
90	3	116	0	his	True	-3	39	0	0	0	0	152	152	152	152
90	3	193	0	his	True	-3	40	0	0	0	0	0	0	0	0
90	3	45	0	his	True	-3	41	0	0	0	0	0	0	0	0
90	3	94	0	his	True	-3	42	244	244	244	244	0	0	0	0
90	3	203	0	his	True	-3	43	0	0	0	0	180	180	180	180
90	8	13	0	his	True	-4	1	284	284	284	284	596	752	752	1020
90	8	170	0	his	True	-4	2	104	304	304	420	0	0	0	0
90	8	72	0	his	True	-4	3	364	364	364	364	144	144	144	144
90	8	143	0	his	True	-4	4	0	0	0	0	560	560	560	560
90	8	169	0	his	True	-4	5	572	572	572	936	0	0	0	0
90	8	172	0	his	True	-4	6	0	0	0	0	0	0	0	0
90	8	190	0	his	True	-4	7	0	0	0	0	136	136	388	872
90	8	36	0	his	True	-4	8	412	412	412	696	0	0	0	0
90	8	71	0	his	True	-4	10	172	172	172	172	116	116	116	1664
90	8	21	0	his	True	-4	11	256	256	256	424	404	404	404	404
90	8	203	0	his	True	-4	12	232	232	232	736	0	0	0	0
90	8	140	0	his	True	-4	13	156	156	156	156	372	372	372	912
90	8	132	0	his	True	-4	14	356	356	356	356	136	136	136	136
90	8	131	0	his	True	-4	15	424	424	424	872	200	200	536	860
90	8	119	0	his	True	-4	16	0	0	0	0	188	996	996	996
90	8	69	0	his	True	-4	17	0	0	0	0	212	212	212	748
90	8	102	0	his	True	-4	18	0	0	0	0	308	308	308	776
90	8	187	0	his	True	-4	19	220	220	220	564	0	0	0	0
90	8	175	0	his	True	-4	20	0	0	0	0	176	176	1032	2116
90	8	182	0	his	True	-4	21	0	0	0	0	236	236	236	780
90	8	165	0	his	True	-4	22	0	0	0	0	248	660	660	660
90	8	197	0	his	True	-4	23	88	272	272	272	604	604	604	604
90	8	8	0	his	True	-4	24	0	0	0	0	180	180	180	516
90	8	117	0	his	True	-4	25	0	0	0	0	216	216	880	1668
90	8	123	0	his	True	-4	27	292	292	292	292	148	148	148	856
90	8	96	0	his	True	-4	28	364	364	364	364	512	512	512	512
90	8	10	0	his	True	-4	29	0	0	0	0	268	620	620	620
90	8	4	0	his	True	-4	30	0	0	0	0	264	388	388	988
90	8	154	0	his	True	-4	31	160	160	160	160	280	280	280	280
90	8	62	0	his	True	-4	32	196	196	196	196	236	236	236	488
90	8	157	0	his	True	-4	33	0	0	0	0	392	392	392	548
90	8	143	0	his	True	-4	34	0	0	0	0	452	452	452	452
90	8	101	0	his	True	-4	35	0	0	0	0	332	428	428	428
90	8	114	0	his	True	-4	36	0	0	0	0	180	180	180	1076
90	8	125	0	his	True	-4	37	304	304	304	304	144	144	144	384
90	8	46	0	his	True	-4	38	0	0	0	0	220	220	220	220
90	8	116	0	his	True	-4	39	284	520	520	520	0	0	0	0
90	8	193	0	his	True	-4	40	0	0	0	0	0	0	0	0
90	8	45	0	his	True	-4	41	0	0	0	0	300	300	300	676
90	8	94	0	his	True	-4	42	0	0	0	0	244	244	432	1040
90	8	203	0	his	True	-4	43	208	208	208	208	100	100	100	1128
93	5	193	0	his	True	-4	1	132	132	132	132	204	204	204	204
93	5	34	0	his	True	-4	2	224	224	224	288	0	0	0	0
93	5	28	0	his	True	-4	3	212	212	212	212	308	308	308	308
93	5	146	0	his	True	-4	4	0	0	0	0	216	216	216	216
93	5	163	0	his	True	-4	5	232	232	232	232	272	272	272	272
93	5	25	0	his	True	-4	6	0	0	0	0	256	256	256	256
93	5	124	0	his	True	-4	7	0	0	0	0	156	156	156	156
93	5	144	0	his	True	-4	8	0	0	0	0	148	308	308	308
93	5	1	0	his	True	-4	9	192	192	192	192	108	108	108	108
93	5	111	0	his	True	-4	10	0	0	0	0	0	0	0	0
93	5	25	0	his	True	-4	11	192	192	192	192	148	148	148	148
93	5	185	0	his	True	-4	12	0	0	0	0	264	264	584	1516
93	5	205	0	his	True	-4	13	152	152	152	152	120	120	120	120
93	5	167	0	his	True	-4	14	0	0	0	0	180	180	180	180
93	5	41	0	his	True	-4	15	0	0	0	0	212	212	212	212
93	5	2	0	his	True	-4	16	224	224	224	224	136	136	136	136
93	5	172	0	his	True	-4	17	0	0	0	0	164	164	164	164
93	5	92	0	his	True	-4	18	0	0	0	0	164	164	164	164
93	5	110	0	his	True	-4	19	36	36	36	36	228	300	300	300
93	5	62	0	his	True	-4	20	0	0	0	0	200	200	200	200
93	5	112	0	his	True	-4	21	0	0	0	0	124	124	124	124
93	5	10	0	his	True	-4	22	0	0	0	0	0	0	0	0
93	5	32	0	his	True	-4	23	176	176	176	176	152	512	512	512
93	5	177	0	his	True	-4	24	0	0	0	0	296	296	512	1016
93	5	135	0	his	True	-4	25	0	0	0	0	248	332	332	332
93	5	3	0	his	True	-4	27	0	0	0	0	348	348	348	348
93	5	90	0	his	True	-4	28	0	0	0	0	148	148	376	592
93	5	95	0	his	True	-4	29	0	0	0	0	236	236	236	236
93	5	1	0	his	True	-4	30	0	0	0	0	280	496	496	496
93	5	94	0	his	True	-4	31	0	0	0	0	132	188	188	188
93	5	29	0	his	True	-4	32	244	244	244	244	0	0	0	0
93	5	201	0	his	True	-4	33	152	152	152	152	224	224	224	224
93	5	12	0	his	True	-4	34	0	0	0	0	164	164	164	164
93	5	109	0	his	True	-4	35	192	192	192	192	200	200	200	200
93	5	148	0	his	True	-4	36	0	0	0	0	244	244	244	244
93	5	97	0	his	True	-4	37	188	188	188	188	0	0	0	0
93	5	62	0	his	True	-4	38	0	0	0	0	180	296	296	296
93	5	127	0	his	True	-4	39	0	0	0	0	428	428	428	584
93	5	88	0	his	True	-4	40	0	0	0	0	140	140	140	140
93	5	165	0	his	True	-4	41	140	140	140	140	244	244	244	244
93	5	124	0	his	True	-4	42	0	0	0	0	200	200	200	200
93	5	74	0	his	True	-4	43	0	0	0	0	216	216	216	216
101	8	82	0	his	False	-5	1	140	140	264	892	0	0	0	0
101	8	133	0	his	False	-5	2	0	0	0	0	220	220	220	304
101	8	192	0	his	False	-5	3	0	0	0	0	124	124	124	532
101	8	189	0	his	False	-5	4	0	0	0	0	164	164	164	164
101	8	66	0	his	False	-5	5	0	0	0	0	180	180	180	1856
101	8	184	0	his	False	-5	6	0	0	0	0	324	324	324	324
101	8	77	0	his	False	-5	7	132	132	352	2220	188	188	188	504
101	8	49	0	his	False	-5	8	236	236	552	836	0	0	0	0
101	8	178	0	his	False	-5	10	272	272	584	1480	160	160	160	1072
101	8	156	0	his	False	-5	11	276	276	276	276	164	164	164	164
101	8	155	0	his	False	-5	12	264	832	832	832	0	0	0	0
101	8	91	0	his	False	-5	13	212	212	212	212	284	284	284	284
101	8	4	0	his	False	-5	14	140	140	140	140	428	428	428	428
101	8	143	0	his	False	-5	15	0	0	0	0	236	236	236	656
101	8	148	0	his	False	-5	16	232	500	500	500	308	308	308	308
101	8	53	0	his	False	-5	17	0	0	0	0	424	424	424	620
101	8	35	0	his	False	-5	18	248	248	248	384	412	412	412	412
101	8	73	0	his	False	-5	19	280	280	280	1128	0	0	0	0
101	8	124	0	his	False	-5	20	0	0	0	0	292	292	292	716
101	8	35	0	his	False	-5	21	0	0	0	0	280	280	280	460
101	8	1	0	his	False	-5	22	0	0	0	0	156	668	1184	9172
101	8	26	0	his	False	-5	23	168	168	168	168	236	388	388	1056
101	8	66	0	his	False	-5	24	152	152	152	152	200	200	200	652
101	8	169	0	his	False	-5	25	220	220	220	220	136	136	136	316
101	8	172	0	his	False	-5	27	272	724	724	1136	0	0	0	0
101	8	182	0	his	False	-5	28	304	304	304	304	0	0	0	0
101	8	123	0	his	False	-5	29	0	0	0	0	244	368	368	368
101	8	42	0	his	False	-5	30	196	296	296	296	148	148	148	1388
101	8	53	0	his	False	-5	31	0	0	0	0	180	180	180	180
101	8	127	0	his	False	-5	32	324	324	324	496	284	596	596	596
101	8	54	0	his	False	-5	33	260	260	260	260	396	692	692	692
101	8	172	0	his	False	-5	34	0	0	0	0	160	160	160	896
101	8	22	0	his	False	-5	35	0	0	0	0	192	460	460	460
101	8	173	0	his	False	-5	36	0	0	0	0	236	236	236	608
101	8	71	0	his	False	-5	37	240	240	240	240	220	600	600	600
101	8	4	0	his	False	-5	38	140	140	140	140	324	488	488	808
101	8	53	0	his	False	-5	39	136	136	136	136	132	132	132	1108
101	8	187	0	his	False	-5	40	0	0	0	0	0	0	0	0
101	8	188	0	his	False	-5	41	228	228	228	228	0	0	0	0
101	8	140	0	his	False	-5	42	0	0	0	0	252	252	252	692
101	8	134	0	his	False	-5	43	220	220	220	296	288	288	288	920
102	5	122	0	his	False	-5	1	0	0	0	0	172	172	172	384
102	5	18	0	his	False	-5	2	0	0	0	0	208	208	208	208
102	5	167	0	his	False	-5	3	160	320	320	320	148	148	148	148
102	5	19	0	his	False	-5	4	0	0	0	0	244	244	392	1632
102	5	57	0	his	False	-5	5	368	368	368	368	0	0	0	0
102	5	179	0	his	False	-5	6	0	0	0	0	180	180	180	180
102	5	116	0	his	False	-5	7	96	96	96	96	0	0	0	0
102	5	34	0	his	False	-5	8	464	464	464	464	0	0	0	0
102	5	12	0	his	False	-5	10	0	0	0	0	144	144	144	144
102	5	179	0	his	False	-5	11	0	0	0	0	176	176	176	176
102	5	113	0	his	False	-5	12	128	128	128	128	0	0	0	0
102	5	102	0	his	False	-5	13	0	0	0	0	156	156	156	156
102	5	125	0	his	False	-5	14	196	196	196	196	184	184	184	184
102	5	194	0	his	False	-5	15	0	0	0	0	144	144	144	144
102	5	7	0	his	False	-5	16	164	164	164	164	140	140	140	140
102	5	123	0	his	False	-5	17	0	0	0	0	56	56	228	1768
102	5	138	0	his	False	-5	18	0	0	0	0	140	140	140	140
102	5	157	0	his	False	-5	19	188	188	188	188	112	112	112	112
102	5	159	0	his	False	-5	20	256	256	256	256	200	200	384	788
102	5	109	0	his	False	-5	21	0	0	0	0	144	144	144	144
102	5	26	0	his	False	-5	22	0	0	0	0	140	140	376	1968
102	5	202	0	his	False	-5	23	176	176	176	176	360	360	360	360
102	5	83	0	his	False	-5	24	168	168	168	168	140	140	140	140
102	5	138	0	his	False	-5	25	120	120	120	120	176	176	176	176
102	5	38	0	his	False	-5	27	240	240	240	240	160	292	292	292
102	5	92	0	his	False	-5	28	372	564	852	1072	292	292	292	292
102	5	90	0	his	False	-5	29	184	184	184	184	160	160	160	160
102	5	12	0	his	False	-5	30	440	440	664	1400	180	180	180	180
102	5	164	0	his	False	-5	31	144	144	144	256	196	196	196	196
102	5	179	0	his	False	-5	32	0	0	0	0	140	332	332	332
102	5	189	0	his	False	-5	33	192	192	192	192	168	168	168	168
102	5	63	0	his	False	-5	34	164	164	164	164	0	0	0	0
102	5	191	0	his	False	-5	35	0	0	0	0	188	188	188	188
102	5	47	0	his	False	-5	36	0	0	0	0	180	180	180	180
102	5	189	0	his	False	-5	37	284	284	284	284	196	284	284	284
102	5	144	0	his	False	-5	38	296	296	296	404	164	164	164	164
102	5	16	0	his	False	-5	39	0	0	0	0	40	220	380	1160
102	5	150	0	his	False	-5	40	148	148	148	148	128	128	128	388
102	5	77	0	his	False	-5	41	0	0	0	0	132	132	300	1416
102	5	128	0	his	False	-5	42	144	144	144	144	0	0	0	0
102	5	80	0	his	False	-5	43	0	0	0	0	176	176	176	176
102	8	122	0	his	False	-2	1	0	0	0	0	276	456	456	456
102	8	18	0	his	False	-2	2	148	148	148	648	0	0	0	0
102	8	167	0	his	False	-2	3	0	0	0	0	176	260	260	556
102	8	19	0	his	False	-2	4	152	152	152	152	144	472	472	756
102	8	57	0	his	False	-2	5	0	0	0	0	296	296	472	1880
102	8	179	0	his	False	-2	6	152	152	152	152	140	140	140	280
102	8	116	0	his	False	-2	7	36	36	36	36	180	180	384	2592
102	8	34	0	his	False	-2	8	0	0	0	0	192	392	392	392
102	8	12	0	his	False	-2	10	248	248	248	248	252	252	252	1164
102	8	179	0	his	False	-2	11	0	0	0	0	272	272	272	444
102	8	113	0	his	False	-2	12	0	0	0	0	168	168	168	1108
102	8	102	0	his	False	-2	13	264	264	264	264	272	508	508	708
102	8	125	0	his	False	-2	14	0	0	0	0	356	356	356	356
102	8	194	0	his	False	-2	15	220	220	220	220	172	172	172	172
102	8	7	0	his	False	-2	16	0	0	0	0	352	1036	1908	2120
102	8	123	0	his	False	-2	17	0	0	0	0	128	128	128	128
102	8	138	0	his	False	-2	18	0	0	0	0	184	184	184	184
102	8	157	0	his	False	-2	19	0	0	0	0	152	152	152	896
102	8	159	0	his	False	-2	20	164	164	164	164	192	192	192	700
102	8	109	0	his	False	-2	21	136	136	136	136	184	184	184	184
102	8	26	0	his	False	-2	22	0	0	0	0	304	476	476	1552
102	8	202	0	his	False	-2	23	144	144	144	144	368	368	524	1484
102	8	83	0	his	False	-2	24	0	0	0	0	204	204	204	204
102	8	138	0	his	False	-2	25	0	0	0	0	212	212	212	656
102	8	38	0	his	False	-2	27	0	0	0	0	332	608	608	608
102	8	92	0	his	False	-2	28	0	0	0	0	156	156	316	528
102	8	90	0	his	False	-2	29	276	276	276	276	152	152	152	288
102	8	12	0	his	False	-2	30	0	0	0	0	264	424	424	1472
102	8	164	0	his	False	-2	31	92	92	228	1044	168	168	168	168
102	8	179	0	his	False	-2	32	0	0	0	0	292	292	292	416
102	8	189	0	his	False	-2	33	180	180	180	368	144	308	308	904
102	8	63	0	his	False	-2	34	220	220	220	408	0	0	0	0
102	8	191	0	his	False	-2	35	124	124	124	124	0	0	0	0
102	8	47	0	his	False	-2	36	264	408	408	408	132	132	132	392
102	8	189	0	his	False	-2	37	128	128	128	128	116	116	116	412
102	8	144	0	his	False	-2	38	0	0	0	0	144	144	144	144
102	8	16	0	his	False	-2	39	240	240	240	240	104	104	104	104
102	8	150	0	his	False	-2	40	0	0	0	0	0	0	0	0
102	8	77	0	his	False	-2	41	188	324	324	324	156	328	328	508
102	8	128	0	his	False	-2	42	0	0	0	0	192	192	396	1324
102	8	80	0	his	False	-2	43	0	0	0	0	284	500	500	652
102	8	122	0	Paul	False	-2	1	0	0	0	0	276	456	456	456
102	8	18	0	Paul	False	-2	2	148	148	148	648	0	0	0	0
102	8	167	0	Paul	False	-2	3	0	0	0	0	176	260	260	556
102	8	19	0	Paul	False	-2	4	152	152	152	152	144	472	472	756
102	8	57	0	Paul	False	-2	5	0	0	0	0	296	296	472	1880
102	8	179	0	Paul	False	-2	6	152	152	152	152	140	140	140	280
102	8	116	0	Paul	False	-2	7	36	36	36	36	180	180	384	2592
102	8	34	0	Paul	False	-2	8	0	0	0	0	192	392	392	392
102	8	12	0	Paul	False	-2	10	248	248	248	248	252	252	252	1164
102	8	179	0	Paul	False	-2	11	0	0	0	0	272	272	272	444
102	8	113	0	Paul	False	-2	12	0	0	0	0	168	168	168	1108
102	8	102	0	Paul	False	-2	13	264	264	264	264	272	508	508	708
102	8	125	0	Paul	False	-2	14	0	0	0	0	356	356	356	356
102	8	194	0	Paul	False	-2	15	220	220	220	220	172	172	172	172
102	8	7	0	Paul	False	-2	16	0	0	0	0	352	1036	1908	2120
102	8	123	0	Paul	False	-2	17	0	0	0	0	128	128	128	128
102	8	138	0	Paul	False	-2	18	0	0	0	0	184	184	184	184
102	8	157	0	Paul	False	-2	19	0	0	0	0	152	152	152	896
102	8	159	0	Paul	False	-2	20	164	164	164	164	192	192	192	700
102	8	109	0	Paul	False	-2	21	136	136	136	136	184	184	184	184
102	8	26	0	Paul	False	-2	22	0	0	0	0	304	476	476	1552
102	8	202	0	Paul	False	-2	23	144	144	144	144	368	368	524	1484
102	8	83	0	Paul	False	-2	24	0	0	0	0	204	204	204	204
102	8	138	0	Paul	False	-2	25	0	0	0	0	212	212	212	656
102	8	38	0	Paul	False	-2	27	0	0	0	0	332	608	608	608
102	8	92	0	Paul	False	-2	28	0	0	0	0	156	156	316	528
102	8	90	0	Paul	False	-2	29	276	276	276	276	152	152	152	288
102	8	12	0	Paul	False	-2	30	0	0	0	0	264	424	424	1472
102	8	164	0	Paul	False	-2	31	92	92	228	1044	168	168	168	168
102	8	179	0	Paul	False	-2	32	0	0	0	0	292	292	292	416
102	8	189	0	Paul	False	-2	33	180	180	180	368	144	308	308	904
102	8	63	0	Paul	False	-2	34	220	220	220	408	0	0	0	0
102	8	191	0	Paul	False	-2	35	124	124	124	124	0	0	0	0
102	8	47	0	Paul	False	-2	36	264	408	408	408	132	132	132	392
102	8	189	0	Paul	False	-2	37	128	128	128	128	116	116	116	412
102	8	144	0	Paul	False	-2	38	0	0	0	0	144	144	144	144
102	8	16	0	Paul	False	-2	39	240	240	240	240	104	104	104	104
102	8	150	0	Paul	False	-2	40	0	0	0	0	0	0	0	0
102	8	77	0	Paul	False	-2	41	188	324	324	324	156	328	328	508
102	8	128	0	Paul	False	-2	42	0	0	0	0	192	192	396	1324
102	8	80	0	Paul	False	-2	43	0	0	0	0	284	500	500	652
104	3	95	0	his	False	-3	1	224	224	224	224	192	192	192	192
104	3	175	0	his	False	-3	2	0	0	0	0	152	152	152	152
104	3	184	0	his	False	-3	3	200	200	200	200	232	232	232	232
104	3	22	0	his	False	-3	4	0	0	0	0	0	0	0	0
104	3	196	0	his	False	-3	5	0	0	0	0	228	228	228	228
104	3	17	0	his	False	-3	6	0	0	0	0	136	136	136	136
104	3	147	0	his	False	-3	7	184	288	288	288	0	0	0	0
104	3	98	0	his	False	-3	8	208	208	208	208	0	0	0	0
104	3	201	0	his	False	-3	10	184	184	184	184	152	152	152	152
104	3	124	0	his	False	-3	11	180	180	180	180	128	128	128	128
104	3	5	0	his	False	-3	12	160	160	160	160	124	124	124	124
104	3	101	0	his	False	-3	13	232	232	232	232	164	164	164	164
104	3	142	0	his	False	-3	14	212	212	212	212	0	0	0	0
104	3	149	0	his	False	-3	15	132	132	132	132	0	0	0	0
104	3	49	0	his	False	-3	16	220	220	220	220	0	0	0	0
104	3	134	0	his	False	-3	17	0	0	0	0	192	192	192	192
104	3	67	0	his	False	-3	18	0	0	0	0	144	144	144	144
104	3	113	0	his	False	-3	19	156	156	156	156	112	112	112	112
104	3	15	0	his	False	-3	20	0	0	0	0	188	188	188	188
104	3	133	0	his	False	-3	21	0	0	0	0	132	132	132	132
104	3	185	0	his	False	-3	22	0	0	0	0	168	344	344	344
104	3	93	0	his	False	-3	23	204	204	204	204	156	156	156	464
104	3	78	0	his	False	-3	24	152	152	152	152	168	168	168	168
104	3	35	0	his	False	-3	25	240	240	240	240	80	80	224	600
104	3	76	0	his	False	-3	27	0	0	0	0	224	444	444	444
104	3	2	0	his	False	-3	28	0	0	0	0	84	552	752	948
104	3	27	0	his	False	-3	29	0	0	0	0	144	224	384	980
104	3	27	0	his	False	-3	30	288	288	288	288	212	212	212	212
104	3	139	0	his	False	-3	31	0	0	0	0	148	148	148	148
104	3	192	0	his	False	-3	32	188	188	188	188	204	204	204	204
104	3	76	0	his	False	-3	33	0	0	0	0	80	244	244	288
104	3	33	0	his	False	-3	34	0	0	0	0	288	392	392	392
104	3	27	0	his	False	-3	35	164	164	164	164	168	168	168	168
104	3	62	0	his	False	-3	36	0	0	0	0	0	0	0	0
104	3	9	0	his	False	-3	37	272	272	272	272	192	192	192	192
104	3	93	0	his	False	-3	38	0	0	0	0	228	228	228	228
104	3	22	0	his	False	-3	39	292	292	292	1456	432	432	644	940
104	3	82	0	his	False	-3	40	0	0	0	0	0	0	0	0
104	3	204	0	his	False	-3	41	208	208	208	208	116	116	116	116
104	3	138	0	his	False	-3	42	0	0	0	0	204	204	204	204
104	3	110	0	his	False	-3	43	0	0	0	0	160	160	160	160
106	3	108	0	his	False	-3	1	164	212	212	212	124	124	124	124
106	3	154	0	his	False	-3	2	164	164	164	164	116	116	116	116
106	3	177	0	his	False	-3	3	132	248	248	248	180	180	180	180
106	3	77	0	his	False	-3	4	0	0	0	0	32	208	208	208
106	3	108	0	his	False	-3	5	216	216	216	904	204	204	204	204
106	3	127	0	his	False	-3	6	124	124	124	124	0	0	0	0
106	3	16	0	his	False	-3	7	116	116	116	116	124	124	124	124
106	3	113	0	his	False	-3	8	224	224	224	224	0	0	0	0
106	3	76	0	his	False	-3	10	0	0	0	0	272	272	272	272
106	3	187	0	his	False	-3	11	164	164	164	164	148	148	148	148
106	3	194	0	his	False	-3	12	0	0	0	0	188	188	188	188
106	3	196	0	his	False	-3	13	184	184	184	184	128	128	128	128
106	3	160	0	his	False	-3	14	0	0	0	0	0	0	0	0
106	3	15	0	his	False	-3	15	0	0	0	0	260	260	260	260
106	3	16	0	his	False	-3	16	188	188	188	188	148	148	148	148
106	3	74	0	his	False	-3	17	0	0	0	0	192	192	192	192
106	3	97	0	his	False	-3	18	0	0	0	0	188	188	188	188
106	3	2	0	his	False	-3	19	200	200	200	200	104	104	104	104
106	3	196	0	his	False	-3	20	136	136	136	136	0	0	0	0
106	3	179	0	his	False	-3	21	128	128	128	128	128	128	128	128
106	3	23	0	his	False	-3	22	0	0	0	0	168	168	316	448
106	3	52	0	his	False	-3	23	176	176	176	176	268	268	268	268
106	3	137	0	his	False	-3	24	128	128	128	128	112	112	112	112
106	3	129	0	his	False	-3	25	264	264	264	828	192	316	316	316
106	3	146	0	his	False	-3	27	232	232	232	232	0	0	0	0
106	3	20	0	his	False	-3	28	120	228	228	228	192	704	704	704
106	3	116	0	his	False	-3	29	0	0	0	0	160	160	160	160
106	3	2	0	his	False	-3	30	248	248	248	248	0	0	0	0
106	3	143	0	his	False	-3	31	0	0	0	0	236	236	236	236
106	3	133	0	his	False	-3	32	244	244	244	244	228	228	228	228
106	3	52	0	his	False	-3	33	0	0	0	0	144	144	144	280
106	3	16	0	his	False	-3	34	0	0	0	0	180	180	180	180
106	3	159	0	his	False	-3	35	0	0	0	0	180	332	332	332
106	3	77	0	his	False	-3	36	0	0	0	0	248	248	248	248
106	3	18	0	his	False	-3	37	0	0	0	0	200	200	200	200
106	3	20	0	his	False	-3	38	0	0	0	0	224	224	224	292
106	3	112	0	his	False	-3	39	0	0	0	0	0	0	0	0
106	3	91	0	his	False	-3	40	0	0	0	0	0	0	0	0
106	3	22	0	his	False	-3	41	0	0	0	0	0	0	0	0
106	3	110	0	his	False	-3	42	0	0	0	0	140	140	140	140
106	3	85	0	his	False	-3	43	224	224	224	224	104	104	104	104
107	8	94	0	her	True	-7	1	148	148	148	148	220	508	508	508
107	8	104	0	her	True	-7	2	156	156	156	156	172	172	172	548
107	8	94	0	her	True	-7	3	232	444	444	444	116	196	196	196
107	8	6	0	her	True	-7	4	172	172	172	172	92	92	92	768
107	8	172	0	her	True	-7	5	380	380	380	660	0	0	0	0
107	8	123	0	her	True	-7	6	168	168	168	168	0	0	0	0
107	8	115	0	her	True	-7	7	180	180	352	588	312	312	448	1076
107	8	71	0	her	True	-7	8	192	192	192	192	140	140	140	400
107	8	183	0	her	True	-7	10	232	232	232	232	316	316	316	1128
107	8	154	0	her	True	-7	11	292	292	292	292	248	444	444	444
107	8	196	0	her	True	-7	12	348	348	348	832	0	0	0	0
107	8	84	0	her	True	-7	13	476	560	560	560	0	0	0	0
107	8	193	0	her	True	-7	14	220	220	392	596	348	348	348	348
107	8	199	0	her	True	-7	15	240	240	360	632	0	0	0	0
107	8	189	0	her	True	-7	16	200	484	484	484	456	456	612	1204
107	8	109	0	her	True	-7	17	404	404	516	596	0	0	0	0
107	8	109	0	her	True	-7	18	216	216	296	432	0	0	0	0
107	8	120	0	her	True	-7	19	120	120	120	120	312	312	312	1240
107	8	151	0	her	True	-7	20	0	0	0	0	304	304	416	976
107	8	124	0	her	True	-7	21	0	0	0	0	216	216	216	216
107	8	3	0	her	True	-7	22	264	264	704	1964	160	364	364	364
107	8	128	0	her	True	-7	23	172	172	172	172	468	468	468	752
107	8	17	0	her	True	-7	24	304	304	304	864	0	0	0	0
107	8	64	0	her	True	-7	25	168	168	168	168	212	212	400	508
107	8	17	0	her	True	-7	27	296	296	296	296	192	192	192	192
107	8	117	0	her	True	-7	28	232	368	368	368	100	100	100	100
107	8	151	0	her	True	-7	29	216	216	216	216	236	236	236	236
107	8	142	0	her	True	-7	30	196	196	196	676	232	232	444	636
107	8	130	0	her	True	-7	31	0	0	0	0	108	108	108	108
107	8	104	0	her	True	-7	32	164	164	164	164	212	212	212	212
107	8	96	0	her	True	-7	33	272	272	272	272	188	188	188	1144
107	8	129	0	her	True	-7	34	0	0	0	0	204	204	204	324
107	8	116	0	her	True	-7	35	148	148	148	148	164	164	164	164
107	8	194	0	her	True	-7	36	220	220	1128	1540	0	0	0	0
107	8	52	0	her	True	-7	37	140	140	556	1384	0	0	0	0
107	8	12	0	her	True	-7	38	220	220	220	220	124	124	124	124
107	8	54	0	her	True	-7	39	336	540	540	692	0	0	0	0
107	8	129	0	her	True	-7	40	0	0	0	0	140	140	140	308
107	8	13	0	her	True	-7	41	220	220	220	220	108	280	280	280
107	8	179	0	her	True	-7	42	168	168	168	312	0	0	0	0
107	8	27	0	her	True	-7	43	260	556	556	556	172	172	172	172
108	9	113	1	them.	True	-6	1	228	228	228	228	-999	-999	-999	-999
108	9	115	1	them.	True	-6	2	84	84	84	84	-999	-999	-999	-999
108	9	190	1	them.	True	-6	3	84	84	84	84	-999	-999	-999	-999
108	9	56	1	them.	True	-6	4	200	200	200	816	-999	-999	-999	-999
108	9	153	1	them.	True	-6	5	316	316	316	1216	-999	-999	-999	-999
108	9	91	1	them.	True	-6	6	0	0	0	0	-999	-999	-999	-999
108	9	94	1	them.	True	-6	7	0	0	0	0	-999	-999	-999	-999
108	9	130	1	them.	True	-6	8	0	0	0	0	-999	-999	-999	-999
108	9	12	1	them.	True	-6	9	276	276	428	1028	-999	-999	-999	-999
108	9	30	1	them.	True	-6	10	196	196	196	756	-999	-999	-999	-999
108	9	49	1	them.	True	-6	11	380	380	380	504	-999	-999	-999	-999
108	9	57	1	them.	True	-6	12	176	176	320	1604	-999	-999	-999	-999
108	9	153	1	them.	True	-6	13	160	160	160	284	-999	-999	-999	-999
108	9	118	1	them.	True	-6	14	96	96	96	536	-999	-999	-999	-999
108	9	152	1	them.	True	-6	15	212	212	212	1172	-999	-999	-999	-999
108	9	121	1	them.	True	-6	16	204	404	404	568	-999	-999	-999	-999
108	9	26	1	them.	True	-6	17	184	184	184	860	-999	-999	-999	-999
108	9	172	1	them.	True	-6	18	0	0	0	0	-999	-999	-999	-999
108	9	126	1	them.	True	-6	19	108	108	108	1480	-999	-999	-999	-999
108	9	69	1	them.	True	-6	20	260	260	564	2032	-999	-999	-999	-999
108	9	111	1	them.	True	-6	21	156	156	156	328	-999	-999	-999	-999
108	9	76	1	them.	True	-6	22	320	320	320	320	-999	-999	-999	-999
108	9	169	1	them.	True	-6	23	252	252	252	2484	-999	-999	-999	-999
108	9	96	1	them.	True	-6	24	0	0	0	0	-999	-999	-999	-999
108	9	29	1	them.	True	-6	25	120	120	120	1224	-999	-999	-999	-999
108	9	48	1	them.	True	-6	27	0	0	0	0	-999	-999	-999	-999
108	9	185	1	them.	True	-6	28	232	232	232	456	-999	-999	-999	-999
108	9	178	1	them.	True	-6	29	0	0	0	0	-999	-999	-999	-999
108	9	200	1	them.	True	-6	30	192	708	708	708	-999	-999	-999	-999
108	9	52	1	them.	True	-6	31	0	0	0	0	-999	-999	-999	-999
108	9	52	1	them.	True	-6	32	288	288	288	288	-999	-999	-999	-999
108	9	154	1	them.	True	-6	33	112	112	112	112	-999	-999	-999	-999
108	9	85	1	them.	True	-6	34	0	0	0	0	-999	-999	-999	-999
108	9	6	1	them.	True	-6	35	240	240	240	1152	-999	-999	-999	-999
108	9	71	1	them.	True	-6	36	264	264	264	536	-999	-999	-999	-999
108	9	62	1	them.	True	-6	37	88	88	88	88	-999	-999	-999	-999
108	9	92	1	them.	True	-6	38	152	152	152	152	-999	-999	-999	-999
108	9	39	1	them.	True	-6	39	348	348	348	568	-999	-999	-999	-999
108	9	153	1	them.	True	-6	40	0	0	0	0	-999	-999	-999	-999
108	9	99	1	them.	True	-6	41	0	0	0	0	-999	-999	-999	-999
108	9	28	1	them.	True	-6	42	0	0	0	0	-999	-999	-999	-999
108	9	105	1	them.	True	-6	43	168	168	168	388	-999	-999	-999	-999
111	9	2	1	it.	False	-4	1	356	556	556	964	-999	-999	-999	-999
111	9	36	1	it.	False	-4	2	0	0	0	0	-999	-999	-999	-999
111	9	112	1	it.	False	-4	3	180	180	180	180	-999	-999	-999	-999
111	9	43	1	it.	False	-4	4	84	152	152	152	-999	-999	-999	-999
111	9	151	1	it.	False	-4	5	0	0	0	0	-999	-999	-999	-999
111	9	178	1	it.	False	-4	6	0	0	0	0	-999	-999	-999	-999
111	9	41	1	it.	False	-4	7	244	244	244	244	-999	-999	-999	-999
111	9	54	1	it.	False	-4	8	212	212	212	212	-999	-999	-999	-999
111	9	70	1	it.	False	-4	10	180	180	180	260	-999	-999	-999	-999
111	9	30	1	it.	False	-4	11	148	148	620	1016	-999	-999	-999	-999
111	9	55	1	it.	False	-4	12	0	0	0	0	-999	-999	-999	-999
111	9	176	1	it.	False	-4	13	0	0	0	0	-999	-999	-999	-999
111	9	28	1	it.	False	-4	14	0	0	0	0	-999	-999	-999	-999
111	9	52	1	it.	False	-4	15	0	0	0	0	-999	-999	-999	-999
111	9	180	1	it.	False	-4	16	240	240	240	240	-999	-999	-999	-999
111	9	106	1	it.	False	-4	17	0	0	0	0	-999	-999	-999	-999
111	9	125	1	it.	False	-4	18	0	0	0	0	-999	-999	-999	-999
111	9	156	1	it.	False	-4	19	76	76	76	168	-999	-999	-999	-999
111	9	130	1	it.	False	-4	20	0	0	0	0	-999	-999	-999	-999
111	9	47	1	it.	False	-4	21	0	0	0	0	-999	-999	-999	-999
111	9	13	1	it.	False	-4	22	0	0	0	0	-999	-999	-999	-999
111	9	70	1	it.	False	-4	23	180	180	180	900	-999	-999	-999	-999
111	9	202	1	it.	False	-4	24	24	332	332	444	-999	-999	-999	-999
111	9	100	1	it.	False	-4	25	0	0	0	0	-999	-999	-999	-999
111	9	64	1	it.	False	-4	27	0	0	0	0	-999	-999	-999	-999
111	9	122	1	it.	False	-4	28	228	228	228	396	-999	-999	-999	-999
111	9	110	1	it.	False	-4	29	208	208	208	208	-999	-999	-999	-999
111	9	111	1	it.	False	-4	30	0	0	0	0	-999	-999	-999	-999
111	9	11	1	it.	False	-4	31	104	104	104	104	-999	-999	-999	-999
111	9	166	1	it.	False	-4	32	0	0	0	0	-999	-999	-999	-999
111	9	90	1	it.	False	-4	33	0	0	0	0	-999	-999	-999	-999
111	9	15	1	it.	False	-4	34	0	0	0	0	-999	-999	-999	-999
111	9	196	1	it.	False	-4	35	108	108	108	108	-999	-999	-999	-999
111	9	107	1	it.	False	-4	36	0	0	0	0	-999	-999	-999	-999
111	9	30	1	it.	False	-4	37	0	0	0	0	-999	-999	-999	-999
111	9	150	1	it.	False	-4	38	104	104	104	104	-999	-999	-999	-999
111	9	172	1	it.	False	-4	39	0	0	0	0	-999	-999	-999	-999
111	9	107	1	it.	False	-4	40	208	208	208	464	-999	-999	-999	-999
111	9	149	1	it.	False	-4	41	0	0	0	0	-999	-999	-999	-999
111	9	172	1	it.	False	-4	42	0	0	0	0	-999	-999	-999	-999
111	9	121	1	it.	False	-4	43	60	60	60	444	-999	-999	-999	-999
113	8	148	0	his	True	-7	1	0	0	0	0	156	156	156	156
113	8	146	0	his	True	-7	2	0	0	0	0	168	524	524	524
113	8	162	0	his	True	-7	3	0	0	0	0	248	248	248	248
113	8	54	0	his	True	-7	4	0	0	0	0	216	368	368	368
113	8	5	0	his	True	-7	5	0	0	0	0	280	280	280	1036
113	8	131	0	his	True	-7	6	0	0	0	0	612	612	612	612
113	8	51	0	his	True	-7	7	164	164	164	164	0	0	0	0
113	8	181	0	his	True	-7	8	200	200	200	200	200	200	404	1712
113	8	57	0	his	True	-7	10	0	0	0	0	184	184	184	184
113	8	23	0	his	True	-7	11	136	136	136	136	236	544	544	544
113	8	135	0	his	True	-7	12	0	0	0	0	180	440	440	440
113	8	77	0	his	True	-7	13	240	240	240	240	0	0	0	0
113	8	32	0	his	True	-7	14	0	0	0	0	312	312	312	312
113	8	179	0	his	True	-7	15	0	0	0	0	104	440	796	1088
113	8	68	0	his	True	-7	16	180	180	180	180	256	396	396	396
113	8	131	0	his	True	-7	17	0	0	0	0	152	344	344	344
113	8	193	0	his	True	-7	18	0	0	0	0	204	204	204	204
113	8	177	0	his	True	-7	19	0	0	0	0	120	452	452	452
113	8	201	0	his	True	-7	20	164	164	164	164	0	0	0	0
113	8	155	0	his	True	-7	21	180	180	180	180	416	416	416	416
113	8	195	0	his	True	-7	22	0	0	0	0	356	356	356	356
113	8	25	0	his	True	-7	23	0	0	0	0	152	432	432	432
113	8	173	0	his	True	-7	24	0	0	0	0	256	256	484	860
113	8	72	0	his	True	-7	25	0	0	0	0	260	260	260	260
113	8	104	0	his	True	-7	27	0	0	0	0	276	508	508	508
113	8	195	0	his	True	-7	28	0	0	0	0	348	484	484	484
113	8	173	0	his	True	-7	29	0	0	0	0	124	124	124	124
113	8	16	0	his	True	-7	30	0	0	0	0	316	376	740	1912
113	8	54	0	his	True	-7	31	132	132	132	132	0	0	0	0
113	8	205	0	his	True	-7	32	0	0	0	0	176	176	176	176
113	8	28	0	his	True	-7	33	168	168	168	168	160	160	160	160
113	8	117	0	his	True	-7	34	140	140	140	140	304	304	304	304
113	8	33	0	his	True	-7	35	0	0	0	0	128	128	128	128
113	8	121	0	his	True	-7	36	172	172	172	172	0	0	0	0
113	8	165	0	his	True	-7	37	0	0	0	0	172	436	436	436
113	8	73	0	his	True	-7	38	0	0	0	0	304	304	304	304
113	8	91	0	his	True	-7	39	0	0	0	0	152	152	152	152
113	8	140	0	his	True	-7	40	0	0	0	0	0	0	0	0
113	8	32	0	his	True	-7	41	176	176	176	176	248	248	248	248
113	8	174	0	his	True	-7	42	264	264	264	264	268	268	268	528
113	8	177	0	his	True	-7	43	0	0	0	0	184	184	184	184
114	6	79	0	him	True	-5	1	236	236	236	236	360	360	360	360
114	6	24	0	him	True	-5	2	92	92	92	92	0	0	0	0
114	6	127	0	him	True	-5	3	284	284	284	284	0	0	0	0
114	6	74	0	him	True	-5	4	140	140	140	140	0	0	0	0
114	6	121	0	him	True	-5	5	424	424	424	424	0	0	0	0
114	6	75	0	him	True	-5	6	0	0	0	0	256	256	256	256
114	6	52	0	him	True	-5	7	244	244	244	244	0	0	0	0
114	6	195	0	him	True	-5	8	0	0	0	0	296	296	296	296
114	6	48	0	him	True	-5	10	160	160	160	160	0	0	0	0
114	6	121	0	him	True	-5	11	228	228	228	228	0	0	0	0
114	6	128	0	him	True	-5	12	0	0	0	0	0	0	0	0
114	6	161	0	him	True	-5	13	160	160	160	160	0	0	0	0
114	6	76	0	him	True	-5	14	0	0	0	0	244	244	244	244
114	6	127	0	him	True	-5	15	292	292	292	584	0	0	0	0
114	6	135	0	him	True	-5	16	208	348	348	348	172	172	172	172
114	6	6	0	him	True	-5	17	0	0	0	0	316	316	316	316
114	6	158	0	him	True	-5	18	0	0	0	0	224	224	224	224
114	6	12	0	him	True	-5	19	120	120	120	120	208	208	208	208
114	6	147	0	him	True	-5	20	76	76	76	324	0	0	0	0
114	6	33	0	him	True	-5	21	0	0	0	0	184	184	184	184
114	6	132	0	him	True	-5	22	200	200	200	200	0	0	0	0
114	6	205	0	him	True	-5	23	220	220	220	220	232	232	232	232
114	6	147	0	him	True	-5	24	312	312	312	312	0	0	0	0
114	6	101	0	him	True	-5	25	0	0	0	0	208	208	208	208
114	6	67	0	him	True	-5	27	240	240	240	548	304	304	304	304
114	6	170	0	him	True	-5	28	268	268	268	268	136	136	136	136
114	6	167	0	him	True	-5	29	0	0	0	0	164	164	164	164
114	6	170	0	him	True	-5	30	320	320	320	320	256	256	256	256
114	6	150	0	him	True	-5	31	164	164	164	164	0	0	0	0
114	6	135	0	him	True	-5	32	300	300	300	300	0	0	0	0
114	6	51	0	him	True	-5	33	196	324	324	324	0	0	0	0
114	6	11	0	him	True	-5	34	0	0	0	0	204	204	204	204
114	6	23	0	him	True	-5	35	0	0	0	0	140	140	140	140
114	6	178	0	him	True	-5	36	216	216	216	216	0	0	0	0
114	6	180	0	him	True	-5	37	188	188	188	188	0	0	0	0
114	6	100	0	him	True	-5	38	0	0	0	0	272	272	272	364
114	6	3	0	him	True	-5	39	0	0	0	0	0	0	0	0
114	6	135	0	him	True	-5	40	0	0	0	0	0	0	0	0
114	6	103	0	him	True	-5	41	0	0	0	0	16	16	296	1460
114	6	52	0	him	True	-5	42	0	0	0	0	340	340	340	340
114	6	147	0	him	True	-5	43	232	232	232	232	180	180	180	180
114	8	79	0	they	True	-5	1	0	0	0	0	236	236	236	236
114	8	24	0	they	True	-5	2	176	176	176	176	0	0	0	0
114	8	127	0	they	True	-5	3	168	168	336	564	196	196	196	196
114	8	74	0	they	True	-5	4	132	132	132	132	168	168	168	168
114	8	121	0	they	True	-5	5	156	216	216	216	216	216	216	216
114	8	75	0	they	True	-5	6	0	0	0	0	412	412	620	828
114	8	52	0	they	True	-5	7	0	0	0	0	220	220	220	272
114	8	195	0	they	True	-5	8	276	276	276	276	204	204	204	328
114	8	48	0	they	True	-5	10	160	160	160	160	132	132	132	132
114	8	121	0	they	True	-5	11	168	168	168	168	288	288	288	288
114	8	128	0	they	True	-5	12	328	328	564	3652	0	0	0	0
114	8	161	0	they	True	-5	13	236	236	236	236	180	180	180	560
114	8	76	0	they	True	-5	14	304	304	304	304	0	0	0	0
114	8	127	0	they	True	-5	15	0	0	0	0	272	272	272	580
114	8	135	0	they	True	-5	16	216	216	216	216	268	268	268	268
114	8	6	0	they	True	-5	17	192	192	192	192	0	0	0	0
114	8	158	0	they	True	-5	18	212	212	212	212	196	348	348	348
114	8	12	0	they	True	-5	19	168	168	168	168	0	0	0	0
114	8	147	0	they	True	-5	20	200	200	200	200	140	140	140	140
114	8	33	0	they	True	-5	21	132	132	132	132	0	0	0	0
114	8	132	0	they	True	-5	22	252	252	252	252	212	212	212	212
114	8	205	0	they	True	-5	23	160	292	292	292	0	0	0	0
114	8	147	0	they	True	-5	24	136	136	136	136	184	184	720	948
114	8	101	0	they	True	-5	25	204	204	204	204	152	152	152	152
114	8	67	0	they	True	-5	27	208	208	208	208	212	212	212	212
114	8	170	0	they	True	-5	28	0	0	0	0	172	172	172	172
114	8	167	0	they	True	-5	29	208	208	208	208	0	0	0	0
114	8	170	0	they	True	-5	30	132	132	132	132	324	324	324	324
114	8	150	0	they	True	-5	31	0	0	0	0	124	124	124	240
114	8	135	0	they	True	-5	32	256	256	256	256	352	352	352	352
114	8	51	0	they	True	-5	33	92	288	288	288	60	200	344	1524
114	8	11	0	they	True	-5	34	316	316	316	480	224	224	224	224
114	8	23	0	they	True	-5	35	180	180	180	180	172	172	172	172
114	8	178	0	they	True	-5	36	0	0	0	0	176	176	176	176
114	8	180	0	they	True	-5	37	136	320	320	320	144	144	144	144
114	8	100	0	they	True	-5	38	200	200	200	200	0	0	0	0
114	8	3	0	they	True	-5	39	136	136	136	136	0	0	0	0
114	8	135	0	they	True	-5	40	140	140	140	140	0	0	0	0
114	8	103	0	they	True	-5	41	192	192	192	192	252	252	252	252
114	8	52	0	they	True	-5	42	0	0	0	0	428	428	428	428
114	8	147	0	they	True	-5	43	0	0	0	0	184	420	420	992
116	8	71	0	his	False	-3	1	168	168	168	168	496	496	496	496
116	8	183	0	his	False	-3	2	0	0	0	0	188	188	188	188
116	8	146	0	his	False	-3	3	0	0	0	0	224	256	256	256
116	8	136	0	his	False	-3	4	0	0	0	0	160	160	160	160
116	8	116	0	his	False	-3	5	0	0	0	0	268	268	268	268
116	8	73	0	his	False	-3	6	188	188	188	188	0	0	0	0
116	8	39	0	his	False	-3	7	0	0	0	0	192	192	192	192
116	8	184	0	his	False	-3	8	144	144	144	144	352	352	352	352
116	8	121	0	his	False	-3	10	76	76	76	76	204	204	204	204
116	8	84	0	his	False	-3	11	0	0	0	0	180	644	644	644
116	8	98	0	his	False	-3	12	0	0	0	0	176	648	648	1288
116	8	118	0	his	False	-3	13	0	0	0	0	232	232	232	324
116	8	119	0	his	False	-3	14	0	0	0	0	528	528	528	528
116	8	43	0	his	False	-3	15	184	184	184	184	320	320	320	1132
116	8	145	0	his	False	-3	16	140	140	140	140	184	184	184	184
116	8	147	0	his	False	-3	17	0	0	0	0	316	316	316	1252
116	8	56	0	his	False	-3	18	0	0	0	0	260	604	604	604
116	8	149	0	his	False	-3	19	0	0	0	0	220	748	748	2064
116	8	93	0	his	False	-3	20	0	0	0	0	460	460	460	1876
116	8	114	0	his	False	-3	21	0	0	0	0	216	216	216	216
116	8	45	0	his	False	-3	22	0	0	0	0	268	568	760	972
116	8	45	0	his	False	-3	23	0	0	0	0	188	388	388	388
116	8	53	0	his	False	-3	24	0	0	0	0	208	208	208	208
116	8	55	0	his	False	-3	25	0	0	0	0	284	436	436	436
116	8	74	0	his	False	-3	27	0	0	0	0	312	724	724	724
116	8	132	0	his	False	-3	28	0	0	0	0	200	328	328	468
116	8	170	0	his	False	-3	29	0	0	0	0	156	368	368	368
116	8	49	0	his	False	-3	30	164	164	164	164	216	216	216	216
116	8	197	0	his	False	-3	31	136	136	136	136	0	0	0	0
116	8	100	0	his	False	-3	32	0	0	0	0	140	140	140	140
116	8	87	0	his	False	-3	33	0	0	0	0	188	380	484	664
116	8	42	0	his	False	-3	34	0	0	0	0	188	188	188	188
116	8	79	0	his	False	-3	35	164	164	164	164	164	164	164	164
116	8	144	0	his	False	-3	36	0	0	0	0	0	0	0	0
116	8	19	0	his	False	-3	37	0	0	0	0	196	384	384	384
116	8	119	0	his	False	-3	38	0	0	0	0	176	176	176	176
116	8	59	0	his	False	-3	39	116	116	116	116	196	196	196	196
116	8	13	0	his	False	-3	40	0	0	0	0	132	328	328	328
116	8	89	0	his	False	-3	41	148	148	148	148	196	196	196	196
116	8	114	0	his	False	-3	42	0	0	0	0	108	108	108	108
116	8	155	0	his	False	-3	43	0	0	0	0	176	176	176	176
117	5	48	0	his	False	-3	1	0	0	0	0	184	184	184	184
117	5	46	0	his	False	-3	2	144	144	144	144	56	56	56	56
117	5	178	0	his	False	-3	3	200	200	200	200	168	280	280	280
117	5	154	0	his	False	-3	4	344	344	344	344	0	0	0	0
117	5	187	0	his	False	-3	5	228	228	228	228	184	184	184	184
117	5	110	0	his	False	-3	6	0	0	0	0	120	120	120	120
117	5	21	0	his	False	-3	7	0	0	0	0	164	164	164	164
117	5	168	0	his	False	-3	8	200	200	200	200	128	128	128	128
117	5	143	0	his	False	-3	10	128	128	128	128	152	152	152	152
117	5	117	0	his	False	-3	11	140	140	140	140	140	140	140	140
117	5	110	0	his	False	-3	12	168	168	168	168	0	0	0	0
117	5	36	0	his	False	-3	13	240	240	240	240	188	188	188	188
117	5	26	0	his	False	-3	14	0	0	0	0	0	0	0	0
117	5	168	0	his	False	-3	15	0	0	0	0	0	0	0	0
117	5	205	0	his	False	-3	16	236	236	236	236	192	192	192	192
117	5	74	0	his	False	-3	18	0	0	0	0	268	268	268	268
117	5	159	0	his	False	-3	19	236	236	236	236	144	144	144	144
117	5	100	0	his	False	-3	20	0	0	0	0	208	208	208	208
117	5	24	0	his	False	-3	21	0	0	0	0	176	176	176	176
117	5	135	0	his	False	-3	22	156	156	156	156	148	148	148	148
117	5	183	0	his	False	-3	23	144	144	144	144	224	224	224	224
117	5	5	0	his	False	-3	24	308	308	308	308	0	0	0	0
117	5	47	0	his	False	-3	25	212	212	212	212	156	156	156	156
117	5	78	0	his	False	-3	27	232	232	232	232	0	0	0	0
117	5	37	0	his	False	-3	28	164	164	288	464	0	0	0	0
117	5	85	0	his	False	-3	29	0	0	0	0	180	180	180	180
117	5	71	0	his	False	-3	30	44	384	384	416	40	40	40	484
117	5	134	0	his	False	-3	31	0	0	0	0	188	188	188	188
117	5	80	0	his	False	-3	32	268	368	368	368	0	0	0	0
117	5	26	0	his	False	-3	33	0	0	0	0	184	336	336	336
117	5	8	0	his	False	-3	34	148	148	148	148	0	0	0	0
117	5	190	0	his	False	-3	35	0	0	0	0	212	212	212	212
117	5	16	0	his	False	-3	36	172	172	172	172	0	0	0	0
117	5	107	0	his	False	-3	37	152	152	152	152	192	192	192	192
117	5	176	0	his	False	-3	38	0	0	0	0	188	188	188	188
117	5	32	0	his	False	-3	39	0	0	0	0	0	0	0	0
117	5	92	0	his	False	-3	40	0	0	0	0	0	0	0	0
117	5	108	0	his	False	-3	41	172	320	320	320	112	112	112	112
117	5	65	0	his	False	-3	42	0	0	0	0	0	0	0	0
117	5	66	0	his	False	-3	43	164	164	164	164	0	0	0	0
117	8	48	0	she	False	-2	1	164	164	164	164	180	180	180	336
117	8	46	0	she	False	-2	2	0	0	0	0	212	284	284	284
117	8	178	0	she	False	-2	3	208	208	208	208	108	108	108	108
117	8	154	0	she	False	-2	4	0	0	0	0	152	152	152	152
117	8	187	0	she	False	-2	5	0	0	0	0	0	0	0	0
117	8	110	0	she	False	-2	6	0	0	0	0	0	0	0	0
117	8	21	0	she	False	-2	7	0	0	0	0	0	0	0	0
117	8	168	0	she	False	-2	8	0	0	0	0	384	384	384	384
117	8	143	0	she	False	-2	10	56	56	56	56	180	180	180	180
117	8	117	0	she	False	-2	11	0	0	0	0	156	156	156	156
117	8	110	0	she	False	-2	12	0	0	0	0	152	152	152	152
117	8	36	0	she	False	-2	13	0	0	0	0	396	396	396	588
117	8	26	0	she	False	-2	14	148	148	148	148	0	0	0	0
117	8	168	0	she	False	-2	15	0	0	0	0	160	160	160	160
117	8	205	0	she	False	-2	16	128	128	128	128	92	92	92	92
117	8	74	0	she	False	-2	18	0	0	0	0	204	204	204	204
117	8	159	0	she	False	-2	19	188	188	188	188	0	0	0	0
117	8	100	0	she	False	-2	20	256	256	256	256	168	168	168	168
117	8	24	0	she	False	-2	21	0	0	0	0	252	252	252	252
117	8	135	0	she	False	-2	22	0	0	0	0	252	252	252	252
117	8	183	0	she	False	-2	23	0	0	0	0	180	180	180	180
117	8	5	0	she	False	-2	24	0	0	0	0	312	312	312	312
117	8	47	0	she	False	-2	25	0	0	0	0	184	184	184	184
117	8	78	0	she	False	-2	27	0	0	0	0	168	364	364	364
117	8	37	0	she	False	-2	28	0	0	0	0	188	188	188	332
117	8	85	0	she	False	-2	29	0	0	0	0	184	184	184	184
117	8	71	0	she	False	-2	30	0	0	0	0	0	0	0	0
117	8	134	0	she	False	-2	31	0	0	0	0	152	152	152	152
117	8	80	0	she	False	-2	32	0	0	0	0	200	200	200	200
117	8	26	0	she	False	-2	33	76	76	76	76	212	212	212	212
117	8	8	0	she	False	-2	34	0	0	0	0	276	276	276	276
117	8	190	0	she	False	-2	35	0	0	0	0	148	148	148	148
117	8	16	0	she	False	-2	36	0	0	0	0	0	0	0	0
117	8	107	0	she	False	-2	37	204	204	204	204	168	168	168	168
117	8	176	0	she	False	-2	38	0	0	0	0	0	0	0	0
117	8	32	0	she	False	-2	39	112	112	112	112	0	0	0	0
117	8	92	0	she	False	-2	40	0	0	0	0	208	208	208	208
117	8	108	0	she	False	-2	41	0	0	0	0	0	0	0	0
117	8	65	0	she	False	-2	42	0	0	0	0	204	204	204	204
117	8	66	0	she	False	-2	43	0	0	0	0	160	160	160	160
118	8	88	0	him	True	-7	1	264	264	264	604	0	0	0	0
118	8	121	0	him	True	-7	2	0	0	0	0	460	460	460	460
118	8	144	0	him	True	-7	3	0	0	0	0	428	428	428	428
118	8	65	0	him	True	-7	4	196	196	196	196	132	132	280	856
118	8	191	0	him	True	-7	5	0	0	0	0	224	224	224	572
118	8	125	0	him	True	-7	6	176	176	176	176	164	164	164	164
118	8	180	0	him	True	-7	7	176	244	244	1016	196	356	356	356
118	8	198	0	him	True	-7	8	0	0	0	0	244	244	244	244
118	8	165	0	him	True	-7	10	116	116	116	116	316	316	316	1268
118	8	151	0	him	True	-7	11	0	0	0	0	284	568	568	568
118	8	22	0	him	True	-7	12	0	0	0	0	344	344	344	656
118	8	7	0	him	True	-7	13	0	0	0	0	240	596	596	596
118	8	43	0	him	True	-7	14	0	0	0	0	164	164	308	500
118	8	164	0	him	True	-7	15	144	144	144	380	108	108	108	488
118	8	142	0	him	True	-7	16	0	0	0	0	304	996	996	996
118	8	75	0	him	True	-7	18	248	248	248	248	124	124	124	124
118	8	194	0	him	True	-7	19	212	212	212	344	176	176	260	1424
118	8	11	0	him	True	-7	20	264	264	264	264	60	60	500	1100
118	8	4	0	him	True	-7	21	0	0	0	0	180	180	180	408
118	8	77	0	him	True	-7	22	0	0	0	0	284	284	284	284
118	8	179	0	him	True	-7	23	60	60	60	60	236	420	972	3016
118	8	161	0	him	True	-7	24	0	0	0	0	204	204	204	536
118	8	59	0	him	True	-7	25	0	0	0	0	152	292	292	884
118	8	200	0	him	True	-7	27	184	184	184	184	100	100	100	360
118	8	100	0	him	True	-7	28	0	0	0	0	324	324	324	324
118	8	134	0	him	True	-7	29	0	0	0	0	252	472	472	472
118	8	162	0	him	True	-7	30	252	252	252	252	304	568	568	568
118	8	123	0	him	True	-7	31	0	0	0	0	136	136	136	136
118	8	155	0	him	True	-7	32	0	0	0	0	88	88	88	88
118	8	84	0	him	True	-7	33	0	0	0	0	240	240	336	1084
118	8	194	0	him	True	-7	34	148	148	148	148	192	192	192	636
118	8	135	0	him	True	-7	35	148	148	148	148	0	0	0	0
118	8	21	0	him	True	-7	36	0	0	0	0	252	252	252	1244
118	8	7	0	him	True	-7	37	216	216	216	216	88	88	88	488
118	8	195	0	him	True	-7	38	0	0	0	0	172	172	172	172
118	8	99	0	him	True	-7	39	176	176	176	176	0	0	0	0
118	8	152	0	him	True	-7	40	0	0	0	0	0	0	0	0
118	8	33	0	him	True	-7	41	0	0	0	0	232	232	232	756
118	8	180	0	him	True	-7	42	232	232	232	232	104	104	196	400
118	8	182	0	him	True	-7	43	0	0	0	0	196	344	344	344
119	5	139	0	his	False	-5	1	196	196	196	196	196	196	196	196
119	5	203	0	his	False	-5	2	0	0	0	0	156	276	276	276
119	5	139	0	his	False	-5	3	156	156	156	156	308	308	308	308
119	5	196	0	his	False	-5	4	180	180	180	180	272	272	272	272
119	5	44	0	his	False	-5	5	344	344	344	344	232	232	232	232
119	5	128	0	his	False	-5	6	212	212	212	212	0	0	0	0
119	5	79	0	his	False	-5	7	32	32	32	32	248	248	248	248
119	5	122	0	his	False	-5	8	152	152	152	152	140	140	140	140
119	5	62	0	his	False	-5	10	0	0	0	0	176	308	308	308
119	5	89	0	his	False	-5	11	140	140	140	140	200	200	200	200
119	5	140	0	his	False	-5	12	136	136	136	136	188	188	188	188
119	5	137	0	his	False	-5	13	164	164	164	164	240	240	240	240
119	5	175	0	his	False	-5	14	148	148	148	148	444	444	444	444
119	5	64	0	his	False	-5	15	168	168	168	168	220	220	220	220
119	5	3	0	his	False	-5	16	208	208	208	208	156	156	156	156
119	5	91	0	his	False	-5	17	0	0	0	0	256	256	256	256
119	5	16	0	his	False	-5	18	0	0	0	0	176	176	176	176
119	5	201	0	his	False	-5	19	172	172	172	172	96	96	96	96
119	5	41	0	his	False	-5	20	0	0	0	0	216	216	216	216
119	5	126	0	his	False	-5	21	0	0	0	0	208	208	208	208
119	5	170	0	his	False	-5	22	0	0	0	0	288	496	496	496
119	5	140	0	his	False	-5	23	160	160	160	160	180	292	796	984
119	5	47	0	his	False	-5	24	172	172	172	172	288	288	288	288
119	5	156	0	his	False	-5	25	0	0	0	0	172	476	476	476
119	5	111	0	his	False	-5	27	240	240	240	240	168	168	168	168
119	5	58	0	his	False	-5	28	296	296	296	296	152	152	556	692
119	5	181	0	his	False	-5	29	0	0	0	0	152	256	256	256
119	5	178	0	his	False	-5	30	280	280	280	280	164	472	472	472
119	5	8	0	his	False	-5	31	0	0	0	0	188	188	188	276
119	5	98	0	his	False	-5	32	0	0	0	0	164	512	512	512
119	5	73	0	his	False	-5	33	0	0	0	0	192	192	192	192
119	5	70	0	his	False	-5	34	0	0	0	0	244	412	412	412
119	5	19	0	his	False	-5	35	184	184	184	184	268	268	268	268
119	5	7	0	his	False	-5	36	0	0	0	0	268	268	268	268
119	5	53	0	his	False	-5	37	180	180	180	180	220	220	220	220
119	5	18	0	his	False	-5	38	184	184	184	184	188	188	188	188
119	5	18	0	his	False	-5	39	0	0	0	0	0	0	0	0
119	5	180	0	his	False	-5	40	0	0	0	0	220	364	364	948
119	5	143	0	his	False	-5	41	220	220	220	1084	188	188	416	604
119	5	95	0	his	False	-5	42	0	0	0	0	232	232	232	344
119	5	96	0	his	False	-5	43	172	172	172	172	156	156	156	156
119	9	139	0	his	False	-3	1	132	132	132	132	260	260	260	632
119	9	203	0	his	False	-3	2	0	0	0	0	88	88	88	88
119	9	139	0	his	False	-3	3	0	0	0	0	164	344	344	416
119	9	196	0	his	False	-3	4	0	0	0	0	132	132	132	376
119	9	44	0	his	False	-3	5	0	0	0	0	184	344	344	504
119	9	128	0	his	False	-3	6	0	0	0	0	132	132	132	132
119	9	79	0	his	False	-3	7	300	300	448	1312	0	0	0	0
119	9	122	0	his	False	-3	8	0	0	0	0	328	328	328	328
119	9	62	0	his	False	-3	10	116	116	116	116	132	132	484	1588
119	9	89	0	his	False	-3	11	0	0	0	0	580	580	580	672
119	9	140	0	his	False	-3	12	0	0	0	0	136	136	136	1068
119	9	137	0	his	False	-3	13	0	0	0	0	228	764	764	1332
119	9	175	0	his	False	-3	14	0	0	0	0	188	188	188	188
119	9	64	0	his	False	-3	15	0	0	0	0	124	124	124	552
119	9	3	0	his	False	-3	16	0	0	0	0	260	260	260	1832
119	9	91	0	his	False	-3	17	0	0	0	0	220	476	476	916
119	9	16	0	his	False	-3	18	104	104	104	300	0	0	0	0
119	9	201	0	his	False	-3	19	0	0	0	0	184	184	184	528
119	9	41	0	his	False	-3	20	144	144	144	144	228	228	444	1764
119	9	126	0	his	False	-3	21	216	216	216	216	136	136	136	136
119	9	170	0	his	False	-3	22	0	0	0	0	176	176	176	176
119	9	140	0	his	False	-3	23	0	0	0	0	204	364	552	4480
119	9	47	0	his	False	-3	24	0	0	0	0	132	132	132	308
119	9	156	0	his	False	-3	25	0	0	0	0	260	504	504	1256
119	9	111	0	his	False	-3	27	0	0	0	0	184	496	496	1548
119	9	58	0	his	False	-3	28	0	0	0	0	228	228	228	284
119	9	181	0	his	False	-3	29	0	0	0	0	164	164	164	164
119	9	178	0	his	False	-3	30	244	244	244	244	276	504	504	504
119	9	8	0	his	False	-3	31	184	184	184	184	156	156	312	808
119	9	98	0	his	False	-3	32	184	184	184	184	172	172	172	172
119	9	73	0	his	False	-3	33	180	180	180	180	212	212	212	896
119	9	70	0	his	False	-3	34	0	0	0	0	212	212	212	296
119	9	19	0	his	False	-3	35	0	0	0	0	168	168	168	168
119	9	7	0	his	False	-3	36	148	148	148	148	292	292	292	292
119	9	53	0	his	False	-3	37	0	0	0	0	140	140	140	216
119	9	18	0	his	False	-3	38	164	164	164	164	232	232	232	232
119	9	18	0	his	False	-3	39	0	0	0	0	148	148	148	604
119	9	180	0	his	False	-3	40	0	0	0	0	0	0	0	0
119	9	143	0	his	False	-3	41	0	0	0	0	228	364	364	364
119	9	95	0	his	False	-3	42	0	0	0	0	224	380	380	1056
119	9	96	0	his	False	-3	43	0	0	0	0	244	244	244	544
119	9	139	0	Charlie	False	-2	1	132	132	132	132	260	260	260	632
119	9	203	0	Charlie	False	-2	2	0	0	0	0	88	88	88	88
119	9	139	0	Charlie	False	-2	3	0	0	0	0	164	344	344	416
119	9	196	0	Charlie	False	-2	4	0	0	0	0	132	132	132	376
119	9	44	0	Charlie	False	-2	5	0	0	0	0	184	344	344	504
119	9	128	0	Charlie	False	-2	6	0	0	0	0	132	132	132	132
119	9	79	0	Charlie	False	-2	7	300	300	448	1312	0	0	0	0
119	9	122	0	Charlie	False	-2	8	0	0	0	0	328	328	328	328
119	9	62	0	Charlie	False	-2	10	116	116	116	116	132	132	484	1588
119	9	89	0	Charlie	False	-2	11	0	0	0	0	580	580	580	672
119	9	140	0	Charlie	False	-2	12	0	0	0	0	136	136	136	1068
119	9	137	0	Charlie	False	-2	13	0	0	0	0	228	764	764	1332
119	9	175	0	Charlie	False	-2	14	0	0	0	0	188	188	188	188
119	9	64	0	Charlie	False	-2	15	0	0	0	0	124	124	124	552
119	9	3	0	Charlie	False	-2	16	0	0	0	0	260	260	260	1832
119	9	91	0	Charlie	False	-2	17	0	0	0	0	220	476	476	916
119	9	16	0	Charlie	False	-2	18	104	104	104	300	0	0	0	0
119	9	201	0	Charlie	False	-2	19	0	0	0	0	184	184	184	528
119	9	41	0	Charlie	False	-2	20	144	144	144	144	228	228	444	1764
119	9	126	0	Charlie	False	-2	21	216	216	216	216	136	136	136	136
119	9	170	0	Charlie	False	-2	22	0	0	0	0	176	176	176	176
119	9	140	0	Charlie	False	-2	23	0	0	0	0	204	364	552	4480
119	9	47	0	Charlie	False	-2	24	0	0	0	0	132	132	132	308
119	9	156	0	Charlie	False	-2	25	0	0	0	0	260	504	504	1256
119	9	111	0	Charlie	False	-2	27	0	0	0	0	184	496	496	1548
119	9	58	0	Charlie	False	-2	28	0	0	0	0	228	228	228	284
119	9	181	0	Charlie	False	-2	29	0	0	0	0	164	164	164	164
119	9	178	0	Charlie	False	-2	30	244	244	244	244	276	504	504	504
119	9	8	0	Charlie	False	-2	31	184	184	184	184	156	156	312	808
119	9	98	0	Charlie	False	-2	32	184	184	184	184	172	172	172	172
119	9	73	0	Charlie	False	-2	33	180	180	180	180	212	212	212	896
119	9	70	0	Charlie	False	-2	34	0	0	0	0	212	212	212	296
119	9	19	0	Charlie	False	-2	35	0	0	0	0	168	168	168	168
119	9	7	0	Charlie	False	-2	36	148	148	148	148	292	292	292	292
119	9	53	0	Charlie	False	-2	37	0	0	0	0	140	140	140	216
119	9	18	0	Charlie	False	-2	38	164	164	164	164	232	232	232	232
119	9	18	0	Charlie	False	-2	39	0	0	0	0	148	148	148	604
119	9	180	0	Charlie	False	-2	40	0	0	0	0	0	0	0	0
119	9	143	0	Charlie	False	-2	41	0	0	0	0	228	364	364	364
119	9	95	0	Charlie	False	-2	42	0	0	0	0	224	380	380	1056
119	9	96	0	Charlie	False	-2	43	0	0	0	0	244	244	244	544
123	6	90	0	he	False	-5	1	0	0	0	0	172	172	172	172
123	6	108	0	he	False	-5	2	164	164	164	164	148	148	148	148
123	6	199	0	he	False	-5	3	0	0	0	0	128	300	300	300
123	6	103	0	he	False	-5	4	0	0	0	0	236	236	384	1608
123	6	182	0	he	False	-5	5	0	0	0	0	252	252	252	428
123	6	58	0	he	False	-5	6	0	0	0	0	148	148	148	148
123	6	162	0	he	False	-5	7	0	0	0	0	80	80	80	80
123	6	91	0	he	False	-5	8	200	200	200	200	0	0	0	0
123	6	24	0	he	False	-5	9	112	112	112	252	160	208	208	208
123	6	128	0	he	False	-5	10	0	0	0	0	0	0	0	0
123	6	131	0	he	False	-5	11	220	220	220	304	224	224	224	224
123	6	170	0	he	False	-5	12	0	0	0	0	196	196	196	196
123	6	119	0	he	False	-5	13	0	0	0	0	188	188	188	188
123	6	99	0	he	False	-5	14	236	236	236	360	160	160	160	160
123	6	25	0	he	False	-5	15	0	0	0	0	0	0	0	0
123	6	25	0	he	False	-5	16	152	152	152	152	200	200	200	200
123	6	51	0	he	False	-5	17	0	0	0	0	64	280	280	556
123	6	106	0	he	False	-5	18	184	184	184	184	0	0	0	0
123	6	164	0	he	False	-5	19	172	172	172	172	160	160	160	160
123	6	170	0	he	False	-5	20	128	128	128	128	0	0	0	0
123	6	94	0	he	False	-5	21	256	256	256	256	0	0	0	0
123	6	72	0	he	False	-5	22	288	288	288	540	128	284	284	284
123	6	198	0	he	False	-5	23	0	0	0	0	200	200	200	200
123	6	189	0	he	False	-5	24	0	0	0	0	140	140	140	140
123	6	107	0	he	False	-5	25	0	0	0	0	140	140	284	412
123	6	15	0	he	False	-5	27	0	0	0	0	228	228	228	228
123	6	159	0	he	False	-5	28	208	208	208	408	140	140	140	140
123	6	117	0	he	False	-5	29	264	264	264	264	0	0	0	0
123	6	44	0	he	False	-5	30	92	92	92	92	192	192	192	192
123	6	113	0	he	False	-5	31	0	0	0	0	192	192	192	192
123	6	24	0	he	False	-5	32	0	0	0	0	176	176	176	176
123	6	24	0	he	False	-5	33	140	140	312	408	136	136	136	136
123	6	201	0	he	False	-5	34	0	0	0	0	56	56	56	56
123	6	48	0	he	False	-5	35	172	172	172	172	224	224	224	224
123	6	55	0	he	False	-5	36	0	0	0	0	96	96	96	1048
123	6	123	0	he	False	-5	37	0	0	0	0	208	208	208	208
123	6	23	0	he	False	-5	38	280	280	280	280	192	192	192	192
123	6	162	0	he	False	-5	39	0	0	0	0	172	172	172	172
123	6	202	0	he	False	-5	40	28	164	164	692	0	0	0	0
123	6	138	0	he	False	-5	41	0	0	0	0	212	212	584	1552
123	6	74	0	he	False	-5	42	0	0	0	0	296	296	296	296
123	6	12	0	he	False	-5	43	80	80	80	80	160	160	160	160
123	9	90	0	his	False	-4	1	108	108	108	488	288	288	288	288
123	9	108	0	his	False	-4	2	204	204	204	384	0	0	0	0
123	9	199	0	his	False	-4	3	0	0	0	0	176	176	176	476
123	9	103	0	his	False	-4	4	0	0	0	0	404	404	404	404
123	9	182	0	his	False	-4	5	0	0	0	0	352	352	352	672
123	9	58	0	his	False	-4	6	0	0	0	0	0	0	0	0
123	9	162	0	his	False	-4	7	164	164	164	296	228	228	228	1812
123	9	91	0	his	False	-4	8	132	132	132	132	308	308	308	308
123	9	24	0	his	False	-4	9	0	0	0	0	228	468	468	1184
123	9	128	0	his	False	-4	10	0	0	0	0	280	280	280	1496
123	9	131	0	his	False	-4	11	0	0	0	0	252	428	428	428
123	9	170	0	his	False	-4	12	92	92	92	208	120	228	228	648
123	9	119	0	his	False	-4	13	0	0	0	0	316	316	316	1072
123	9	99	0	his	False	-4	14	0	0	0	0	204	204	708	916
123	9	25	0	his	False	-4	15	152	152	152	152	116	116	116	892
123	9	25	0	his	False	-4	16	172	468	468	960	0	0	0	0
123	9	51	0	his	False	-4	17	0	0	0	0	236	236	372	1660
123	9	106	0	his	False	-4	18	304	304	304	304	0	0	0	0
123	9	164	0	his	False	-4	19	80	80	184	784	0	0	0	0
123	9	170	0	his	False	-4	20	188	188	188	188	164	164	164	1668
123	9	94	0	his	False	-4	21	0	0	0	0	252	252	252	408
123	9	72	0	his	False	-4	22	312	312	312	312	204	204	204	508
123	9	198	0	his	False	-4	23	0	0	0	0	160	336	956	2344
123	9	189	0	his	False	-4	24	0	0	0	0	160	160	160	260
123	9	107	0	his	False	-4	25	0	0	0	0	184	252	252	768
123	9	15	0	his	False	-4	27	0	0	0	0	288	288	288	856
123	9	159	0	his	False	-4	28	0	0	0	0	148	148	148	924
123	9	117	0	his	False	-4	29	0	0	0	0	168	504	504	504
123	9	44	0	his	False	-4	30	0	0	0	0	256	524	524	2312
123	9	113	0	his	False	-4	31	140	140	140	140	208	208	208	208
123	9	24	0	his	False	-4	32	324	324	324	324	0	0	0	0
123	9	24	0	his	False	-4	33	364	364	1008	2844	224	224	224	532
123	9	201	0	his	False	-4	34	228	228	228	1652	0	0	0	0
123	9	48	0	his	False	-4	35	0	0	0	0	212	348	348	676
123	9	55	0	his	False	-4	36	292	292	292	480	224	224	224	452
123	9	123	0	his	False	-4	37	68	68	68	580	188	188	512	716
123	9	23	0	his	False	-4	38	240	240	240	240	188	188	188	944
123	9	162	0	his	False	-4	39	0	0	0	0	184	472	472	472
123	9	202	0	his	False	-4	40	0	0	0	0	0	0	0	0
123	9	138	0	his	False	-4	41	0	0	0	0	180	180	180	180
123	9	74	0	his	False	-4	42	92	92	376	1552	180	180	180	180
123	9	12	0	his	False	-4	43	340	340	340	340	240	240	240	240
125	8	141	0	him	False	-7	1	304	304	304	304	0	0	0	0
125	8	42	0	him	False	-7	2	172	172	172	292	144	144	144	144
125	8	42	0	him	False	-7	3	176	176	176	176	0	0	0	0
125	8	11	0	him	False	-7	4	0	0	0	0	164	164	164	164
125	8	11	0	him	False	-7	5	0	0	0	0	0	0	0	0
125	8	124	0	him	False	-7	6	0	0	0	0	460	460	460	460
125	8	87	0	him	False	-7	7	168	168	168	168	0	0	0	0
125	8	20	0	him	False	-7	8	0	0	0	0	192	192	192	192
125	8	21	0	him	False	-7	10	140	140	140	140	148	148	148	148
125	8	183	0	him	False	-7	11	0	0	0	0	212	212	212	212
125	8	87	0	him	False	-7	12	176	176	176	364	0	0	0	0
125	8	147	0	him	False	-7	13	232	232	232	232	0	0	0	0
125	8	130	0	him	False	-7	14	0	0	0	0	600	600	600	600
125	8	95	0	him	False	-7	15	164	164	164	164	0	0	0	0
125	8	60	0	him	False	-7	16	204	340	340	340	0	0	0	0
125	8	136	0	him	False	-7	17	0	0	0	0	236	236	236	236
125	8	191	0	him	False	-7	18	0	0	0	0	0	0	0	0
125	8	102	0	him	False	-7	19	180	436	436	756	0	0	0	0
125	8	53	0	him	False	-7	20	128	128	128	128	0	0	0	0
125	8	76	0	him	False	-7	21	128	128	128	128	0	0	0	0
125	8	141	0	him	False	-7	22	224	224	224	224	168	168	168	168
125	8	125	0	him	False	-7	23	192	192	192	192	0	0	0	0
125	8	157	0	him	False	-7	24	0	0	0	0	0	0	0	0
125	8	171	0	him	False	-7	25	216	216	216	216	0	0	0	0
125	8	51	0	him	False	-7	27	160	160	160	160	0	0	0	0
125	8	142	0	him	False	-7	28	0	0	0	0	180	180	180	372
125	8	194	0	him	False	-7	29	152	152	152	152	0	0	0	0
125	8	185	0	him	False	-7	30	180	180	180	180	0	0	0	0
125	8	29	0	him	False	-7	31	172	172	172	172	0	0	0	0
125	8	43	0	him	False	-7	32	0	0	0	0	192	192	192	192
125	8	77	0	him	False	-7	33	212	212	212	212	0	0	0	0
125	8	191	0	him	False	-7	34	164	164	164	164	0	0	0	0
125	8	66	0	him	False	-7	35	0	0	0	0	152	152	152	152
125	8	37	0	him	False	-7	36	0	0	0	0	0	0	0	0
125	8	5	0	him	False	-7	37	0	0	0	0	140	140	140	140
125	8	181	0	him	False	-7	38	164	164	164	164	0	0	0	0
125	8	169	0	him	False	-7	39	108	108	108	108	0	0	0	0
125	8	18	0	him	False	-7	40	0	0	0	0	124	124	124	1160
125	8	71	0	him	False	-7	41	0	0	0	0	152	152	152	152
125	8	97	0	him	False	-7	42	160	160	160	160	0	0	0	0
125	8	154	0	him	False	-7	43	0	0	0	0	268	268	268	268
126	8	105	0	his	False	-6	1	0	0	0	0	192	192	192	496
126	8	184	0	his	False	-6	2	0	0	0	0	96	304	304	304
126	8	189	0	his	False	-6	3	0	0	0	0	312	540	540	540
126	8	155	0	his	False	-6	4	0	0	0	0	180	180	180	180
126	8	97	0	his	False	-6	5	0	0	0	0	260	260	260	484
126	8	203	0	his	False	-6	6	0	0	0	0	0	0	0	0
126	8	110	0	his	False	-6	7	0	0	0	0	96	96	96	96
126	8	21	0	his	False	-6	8	0	0	0	0	172	764	764	764
126	8	186	0	his	False	-6	10	0	0	0	0	208	208	208	208
126	8	180	0	his	False	-6	11	0	0	0	0	180	324	324	324
126	8	142	0	his	False	-6	12	0	0	0	0	196	828	828	828
126	8	87	0	his	False	-6	13	248	248	248	248	88	88	88	256
126	8	50	0	his	False	-6	14	156	156	156	156	312	312	312	312
126	8	61	0	his	False	-6	15	0	0	0	0	292	292	292	292
126	8	185	0	his	False	-6	16	256	256	256	256	208	792	792	792
126	8	124	0	his	False	-6	17	1244	1244	1244	1244	0	0	0	0
126	8	95	0	his	False	-6	18	0	0	0	0	236	236	236	236
126	8	11	0	his	False	-6	19	0	0	0	0	220	340	340	340
126	8	60	0	his	False	-6	20	228	228	228	228	0	0	0	0
126	8	192	0	his	False	-6	21	0	0	0	0	244	244	244	580
126	8	113	0	his	False	-6	22	0	0	0	0	212	428	428	428
126	8	40	0	his	False	-6	23	0	0	0	0	244	528	528	528
126	8	180	0	his	False	-6	24	0	0	0	0	192	192	192	192
126	8	197	0	his	False	-6	25	0	0	0	0	184	264	264	264
126	8	106	0	his	False	-6	27	0	0	0	0	264	496	496	496
126	8	17	0	his	False	-6	28	148	148	148	148	284	284	284	284
126	8	128	0	his	False	-6	29	0	0	0	0	180	260	260	260
126	8	51	0	his	False	-6	30	0	0	0	0	204	204	516	960
126	8	102	0	his	False	-6	31	0	0	0	0	0	0	0	0
126	8	2	0	his	False	-6	32	220	220	220	220	424	424	424	424
126	8	114	0	his	False	-6	33	184	184	184	184	244	436	436	436
126	8	182	0	his	False	-6	34	0	0	0	0	256	256	256	256
126	8	120	0	his	False	-6	35	0	0	0	0	148	148	148	148
126	8	181	0	his	False	-6	36	0	0	0	0	0	0	0	0
126	8	56	0	his	False	-6	37	0	0	0	0	196	640	640	640
126	8	152	0	his	False	-6	38	0	0	0	0	208	208	208	328
126	8	137	0	his	False	-6	39	0	0	0	0	0	0	0	0
126	8	56	0	his	False	-6	40	0	0	0	0	296	296	296	296
126	8	5	0	his	False	-6	41	0	0	0	0	268	536	536	708
126	8	175	0	his	False	-6	42	148	148	148	148	304	304	304	1292
126	8	70	0	his	False	-6	43	0	0	0	0	156	156	156	156
127	7	204	0	she	True	-4	1	196	196	488	960	180	180	180	180
127	7	21	0	she	True	-4	2	0	0	0	0	152	152	408	660
127	7	116	0	she	True	-4	3	156	304	304	304	168	252	252	252
127	7	117	0	she	True	-4	4	188	188	188	188	280	280	280	280
127	7	83	0	she	True	-4	5	196	196	196	196	176	176	176	176
127	7	97	0	she	True	-4	6	0	0	0	0	172	172	172	172
127	7	1	0	she	True	-4	7	112	112	112	112	0	0	0	0
127	7	192	0	she	True	-4	8	264	456	456	456	200	200	200	200
127	7	16	0	she	True	-4	10	0	0	0	0	132	132	132	132
127	7	72	0	she	True	-4	11	180	244	244	396	168	168	168	168
127	7	129	0	she	True	-4	12	144	144	144	144	140	140	140	140
127	7	150	0	she	True	-4	13	196	196	196	196	260	260	260	260
127	7	24	0	she	True	-4	14	212	212	212	212	232	416	416	416
127	7	96	0	she	True	-4	15	0	0	0	0	132	132	132	132
127	7	12	0	she	True	-4	16	160	160	160	160	148	148	148	148
127	7	151	0	she	True	-4	17	268	268	268	268	244	244	244	244
127	7	113	0	she	True	-4	18	252	252	252	252	0	0	0	0
127	7	138	0	she	True	-4	19	308	308	308	412	116	248	248	248
127	7	153	0	she	True	-4	20	0	0	0	0	224	224	224	224
127	7	14	0	she	True	-4	21	0	0	0	0	268	268	268	268
127	7	80	0	she	True	-4	22	0	0	0	0	200	496	496	496
127	7	191	0	she	True	-4	23	172	172	172	172	84	84	300	1060
127	7	201	0	she	True	-4	24	236	236	236	236	136	136	136	136
127	7	6	0	she	True	-4	25	0	0	0	0	128	128	128	128
127	7	84	0	she	True	-4	27	240	508	508	508	140	140	140	140
127	7	15	0	she	True	-4	28	188	632	632	632	156	156	156	156
127	7	109	0	she	True	-4	29	0	0	0	0	156	404	404	404
127	7	179	0	she	True	-4	30	252	428	536	788	176	316	316	316
127	7	21	0	she	True	-4	31	0	0	0	0	156	156	156	248
127	7	33	0	she	True	-4	32	116	116	116	328	248	248	248	248
127	7	39	0	she	True	-4	33	236	236	236	236	184	184	184	444
127	7	180	0	she	True	-4	34	0	0	0	0	312	312	312	312
127	7	171	0	she	True	-4	35	168	168	168	168	196	196	196	196
127	7	105	0	she	True	-4	36	204	204	204	204	0	0	0	0
127	7	164	0	she	True	-4	37	152	152	152	264	160	160	160	160
127	7	191	0	she	True	-4	38	0	0	0	0	176	348	348	348
127	7	1	0	she	True	-4	39	0	0	0	0	96	96	96	96
127	7	125	0	she	True	-4	40	0	0	0	0	156	156	156	156
127	7	175	0	she	True	-4	41	312	312	504	684	164	164	164	164
127	7	169	0	she	True	-4	42	288	288	288	288	184	184	184	184
127	7	99	0	she	True	-4	43	208	208	208	208	188	188	188	188
129	6	168	0	he	False	-4	1	0	0	0	0	140	140	140	312
129	6	182	0	he	False	-4	2	120	120	120	120	0	0	0	0
129	6	131	0	he	False	-4	3	148	272	272	452	0	0	0	0
129	6	168	0	he	False	-4	4	0	0	0	0	176	176	176	176
129	6	156	0	he	False	-4	5	0	0	0	0	0	0	0	0
129	6	26	0	he	False	-4	6	0	0	0	0	144	144	144	144
129	6	130	0	he	False	-4	7	0	0	0	0	0	0	0	0
129	6	85	0	he	False	-4	8	228	228	228	228	200	200	200	200
129	6	134	0	he	False	-4	10	0	0	0	0	160	160	160	160
129	6	142	0	he	False	-4	11	204	204	204	204	72	72	72	72
129	6	144	0	he	False	-4	12	0	0	0	0	0	0	0	0
129	6	109	0	he	False	-4	13	0	0	0	0	212	212	212	212
129	6	36	0	he	False	-4	14	144	144	144	144	0	0	0	0
129	6	62	0	he	False	-4	15	148	148	148	148	0	0	0	0
129	6	67	0	he	False	-4	16	80	80	80	80	0	0	0	0
129	6	118	0	he	False	-4	17	0	0	0	0	116	116	116	116
129	6	38	0	he	False	-4	18	0	0	0	0	0	0	0	0
129	6	54	0	he	False	-4	19	172	172	172	172	0	0	0	0
129	6	127	0	he	False	-4	20	0	0	0	0	0	0	0	0
129	6	25	0	he	False	-4	21	0	0	0	0	216	216	216	216
129	6	94	0	he	False	-4	22	0	0	0	0	180	180	180	180
129	6	172	0	he	False	-4	23	148	148	148	148	160	160	160	160
129	6	120	0	he	False	-4	24	208	208	208	208	0	0	0	0
129	6	105	0	he	False	-4	25	0	0	0	0	216	216	216	216
129	6	89	0	he	False	-4	27	284	284	284	284	0	0	0	0
129	6	120	0	he	False	-4	28	0	0	0	0	176	176	176	176
129	6	150	0	he	False	-4	29	188	188	188	188	124	124	124	124
129	6	34	0	he	False	-4	30	440	440	440	440	0	0	0	0
129	6	153	0	he	False	-4	31	0	0	0	0	128	128	128	128
129	6	11	0	he	False	-4	32	264	264	264	264	116	300	300	300
129	6	93	0	he	False	-4	33	0	0	0	0	196	196	196	196
129	6	10	0	he	False	-4	34	0	0	0	0	160	160	160	160
129	6	155	0	he	False	-4	35	204	204	204	204	0	0	0	0
129	6	119	0	he	False	-4	36	0	0	0	0	0	0	0	0
129	6	46	0	he	False	-4	37	136	136	136	136	188	188	188	188
129	6	202	0	he	False	-4	38	220	220	220	220	0	0	0	0
129	6	143	0	he	False	-4	39	0	0	0	0	0	0	0	0
129	6	149	0	he	False	-4	40	0	0	0	0	0	0	0	0
129	6	38	0	he	False	-4	41	388	388	388	388	0	0	0	0
129	6	41	0	he	False	-4	42	0	0	0	0	244	244	476	1360
129	6	185	0	he	False	-4	43	0	0	0	0	136	136	136	136
132	3	130	0	his	True	-3	1	152	152	152	152	192	192	192	192
132	3	129	0	his	True	-3	2	96	96	96	96	168	168	168	168
132	3	140	0	his	True	-3	3	144	316	316	316	0	0	0	0
132	3	158	0	his	True	-3	4	0	0	0	0	0	0	0	0
132	3	145	0	his	True	-3	5	0	0	0	0	268	268	300	680
132	3	63	0	his	True	-3	6	0	0	0	0	120	120	120	120
132	3	182	0	his	True	-3	7	0	0	0	0	132	132	156	224
132	3	161	0	his	True	-3	8	200	200	200	200	144	144	144	144
132	3	132	0	his	True	-3	10	0	0	0	0	212	212	212	212
132	3	8	0	his	True	-3	11	156	156	156	156	232	232	232	232
132	3	29	0	his	True	-3	12	332	332	332	332	248	248	248	248
132	3	48	0	his	True	-3	13	176	176	176	176	0	0	0	0
132	3	18	0	his	True	-3	14	0	0	0	0	212	328	328	328
132	3	79	0	his	True	-3	15	140	140	140	140	0	0	0	0
132	3	69	0	his	True	-3	16	204	204	204	204	188	188	188	188
132	3	200	0	his	True	-3	18	0	0	0	0	212	212	212	212
132	3	134	0	his	True	-3	19	184	184	184	380	156	156	156	156
132	3	190	0	his	True	-3	20	172	172	172	172	168	168	168	168
132	3	105	0	his	True	-3	21	0	0	0	0	0	0	0	0
132	3	143	0	his	True	-3	22	308	308	308	308	140	140	140	140
132	3	6	0	his	True	-3	23	140	308	308	308	200	364	364	364
132	3	84	0	his	True	-3	24	180	180	180	180	180	180	180	180
132	3	48	0	his	True	-3	25	152	152	152	152	260	260	260	260
132	3	75	0	his	True	-3	27	0	0	0	0	324	436	436	436
132	3	85	0	his	True	-3	28	424	424	424	424	336	336	336	336
132	3	28	0	his	True	-3	29	0	0	0	0	0	0	0	0
132	3	136	0	his	True	-3	30	296	296	296	296	68	68	68	68
132	3	59	0	his	True	-3	31	0	0	0	0	192	192	192	192
132	3	190	0	his	True	-3	32	208	208	208	208	160	160	160	160
132	3	48	0	his	True	-3	33	0	0	0	0	172	172	172	312
132	3	24	0	his	True	-3	34	196	196	196	196	192	192	192	192
132	3	134	0	his	True	-3	35	172	172	172	172	208	208	208	208
132	3	24	0	his	True	-3	36	136	136	136	136	0	0	0	0
132	3	47	0	his	True	-3	37	144	144	144	144	164	164	164	164
132	3	94	0	his	True	-3	38	0	0	0	0	216	216	216	216
132	3	147	0	his	True	-3	39	0	0	0	0	192	192	192	192
132	3	134	0	his	True	-3	40	0	0	0	0	0	0	0	0
132	3	130	0	his	True	-3	41	244	276	276	276	0	0	0	0
132	3	17	0	his	True	-3	42	0	0	0	0	216	216	216	216
132	3	192	0	his	True	-3	43	252	252	252	252	0	0	0	0
133	3	175	0	his	True	-3	1	172	172	172	172	160	160	160	160
133	3	156	0	his	True	-3	2	0	0	0	0	120	120	436	788
133	3	69	0	his	True	-3	3	180	180	356	460	244	244	244	244
133	3	202	0	his	True	-3	4	160	160	160	160	156	156	156	156
133	3	149	0	his	True	-3	5	264	264	264	264	76	272	272	272
133	3	167	0	his	True	-3	6	240	240	240	240	120	120	120	120
133	3	171	0	his	True	-3	7	164	164	164	164	188	188	188	188
133	3	29	0	his	True	-3	8	204	204	204	204	128	128	128	448
133	3	192	0	his	True	-3	10	124	124	124	124	136	136	136	136
133	3	107	0	his	True	-3	11	144	144	144	144	288	288	288	288
133	3	187	0	his	True	-3	12	296	296	296	296	0	0	0	0
133	3	194	0	his	True	-3	13	0	0	0	0	208	208	208	208
133	3	89	0	his	True	-3	14	248	248	248	504	192	192	192	220
133	3	165	0	his	True	-3	15	0	0	0	0	172	172	172	172
133	3	108	0	his	True	-3	16	192	192	192	192	168	168	168	168
133	3	51	0	his	True	-3	18	0	0	0	0	164	164	164	164
133	3	203	0	his	True	-3	19	212	280	280	280	152	152	152	152
133	3	40	0	his	True	-3	20	96	96	228	568	148	148	148	148
133	3	97	0	his	True	-3	21	216	216	216	348	144	264	264	264
133	3	130	0	his	True	-3	22	0	0	0	0	212	368	368	368
133	3	166	0	his	True	-3	23	184	184	184	184	284	284	284	284
133	3	37	0	his	True	-3	24	184	184	184	184	180	180	180	180
133	3	203	0	his	True	-3	25	156	156	156	156	168	244	244	244
133	3	130	0	his	True	-3	27	0	0	0	0	200	200	200	200
133	3	80	0	his	True	-3	28	0	0	0	0	0	0	0	0
133	3	66	0	his	True	-3	29	0	0	0	0	268	268	268	628
133	3	137	0	his	True	-3	30	188	480	480	480	72	72	72	72
133	3	44	0	his	True	-3	31	0	0	0	0	160	160	160	160
133	3	130	0	his	True	-3	32	220	220	220	220	208	208	208	208
133	3	112	0	his	True	-3	33	184	184	184	184	148	148	148	148
133	3	110	0	his	True	-3	34	276	564	564	564	0	0	0	0
133	3	32	0	his	True	-3	35	188	188	188	188	208	208	208	208
133	3	201	0	his	True	-3	36	216	216	216	216	0	0	0	0
133	3	29	0	his	True	-3	37	220	220	220	220	112	256	256	256
133	3	204	0	his	True	-3	38	0	0	0	0	260	260	260	260
133	3	37	0	his	True	-3	39	0	0	0	0	144	144	144	1004
133	3	59	0	his	True	-3	40	44	44	184	372	56	56	56	56
133	3	178	0	his	True	-3	41	0	0	0	0	0	0	0	0
133	3	20	0	his	True	-3	42	0	0	0	0	196	196	196	196
133	3	88	0	his	True	-3	43	160	160	160	160	152	152	152	152
133	10	175	0	his	True	-7	1	284	284	284	284	200	364	364	1072
133	10	156	0	his	True	-7	2	156	256	256	256	0	0	0	0
133	10	69	0	his	True	-7	3	176	176	176	176	144	360	360	360
133	10	202	0	his	True	-7	4	188	188	188	188	544	544	544	544
133	10	149	0	his	True	-7	5	328	328	328	328	212	376	376	376
133	10	167	0	his	True	-7	6	0	0	0	0	280	280	280	280
133	10	171	0	his	True	-7	7	188	188	188	516	64	64	64	1436
133	10	29	0	his	True	-7	8	388	388	388	2752	192	192	192	192
133	10	192	0	his	True	-7	10	168	168	168	168	208	208	444	1528
133	10	107	0	his	True	-7	11	200	200	200	428	324	324	324	456
133	10	187	0	his	True	-7	12	0	0	0	0	192	192	192	1524
133	10	194	0	his	True	-7	13	248	248	248	248	428	428	428	820
133	10	89	0	his	True	-7	14	336	336	336	336	204	204	204	204
133	10	165	0	his	True	-7	15	0	0	0	0	184	184	304	1032
133	10	108	0	his	True	-7	16	284	284	284	284	268	604	604	1212
133	10	51	0	his	True	-7	18	220	416	416	416	0	0	0	0
133	10	203	0	his	True	-7	19	228	228	228	1040	0	0	0	0
133	10	40	0	his	True	-7	20	0	0	0	0	232	232	428	1568
133	10	97	0	his	True	-7	21	0	0	0	0	144	144	144	320
133	10	130	0	his	True	-7	22	284	284	284	284	0	0	0	0
133	10	166	0	his	True	-7	23	160	160	160	160	132	444	444	444
133	10	37	0	his	True	-7	24	0	0	0	0	208	208	388	1436
133	10	203	0	his	True	-7	25	140	140	140	420	212	212	212	448
133	10	130	0	his	True	-7	27	0	0	0	0	240	552	552	1136
133	10	80	0	his	True	-7	28	192	192	192	376	432	644	644	644
133	10	66	0	his	True	-7	29	0	0	0	0	140	292	292	504
133	10	137	0	his	True	-7	30	0	0	0	0	240	240	784	1808
133	10	44	0	his	True	-7	31	132	132	132	132	0	0	0	0
133	10	130	0	his	True	-7	32	256	256	256	256	152	152	152	152
133	10	112	0	his	True	-7	33	0	0	0	0	212	212	212	212
133	10	110	0	his	True	-7	34	0	0	0	0	0	0	0	0
133	10	32	0	his	True	-7	35	0	0	0	0	364	364	364	676
133	10	201	0	his	True	-7	36	0	0	0	0	220	220	220	220
133	10	29	0	his	True	-7	37	176	176	176	176	132	368	368	1688
133	10	204	0	his	True	-7	38	204	204	204	204	376	376	376	376
133	10	37	0	his	True	-7	39	0	0	0	0	0	0	0	0
133	10	59	0	his	True	-7	40	156	156	156	156	68	100	100	812
133	10	178	0	his	True	-7	41	168	256	256	256	184	184	184	184
133	10	20	0	his	True	-7	42	48	48	48	48	232	232	332	1220
133	10	88	0	his	True	-7	43	0	0	0	0	156	156	156	580
133	7	175	0	she	True	-3	1	220	220	220	220	404	404	404	404
133	7	156	0	she	True	-3	2	208	208	208	208	152	152	152	152
133	7	69	0	she	True	-3	3	200	200	200	200	192	332	332	332
133	7	202	0	she	True	-3	4	180	180	180	180	208	208	208	208
133	7	149	0	she	True	-3	5	280	280	280	280	324	324	324	480
133	7	167	0	she	True	-3	6	0	0	0	0	0	0	0	0
133	7	171	0	she	True	-3	7	0	0	0	0	196	196	196	196
133	7	29	0	she	True	-3	8	248	248	248	248	160	160	160	160
133	7	192	0	she	True	-3	10	0	0	0	0	280	280	280	280
133	7	107	0	she	True	-3	11	124	124	124	124	76	76	76	76
133	7	187	0	she	True	-3	12	148	148	148	148	140	140	140	140
133	7	194	0	she	True	-3	13	0	0	0	0	312	312	312	312
133	7	89	0	she	True	-3	14	132	132	132	132	212	212	212	212
133	7	165	0	she	True	-3	15	100	100	100	100	0	0	0	0
133	7	108	0	she	True	-3	16	160	360	360	360	228	228	228	228
133	7	51	0	she	True	-3	18	0	0	0	0	224	224	224	224
133	7	203	0	she	True	-3	19	172	172	172	172	132	132	132	132
133	7	40	0	she	True	-3	20	140	140	140	140	0	0	0	0
133	7	97	0	she	True	-3	21	160	160	160	160	156	156	156	156
133	7	130	0	she	True	-3	22	184	184	184	184	208	208	208	208
133	7	166	0	she	True	-3	23	196	348	348	348	396	464	604	776
133	7	37	0	she	True	-3	24	172	172	172	172	232	232	324	476
133	7	203	0	she	True	-3	25	200	200	200	200	204	204	204	204
133	7	130	0	she	True	-3	27	168	304	304	304	280	364	364	364
133	7	80	0	she	True	-3	28	316	316	316	316	236	236	236	236
133	7	66	0	she	True	-3	29	184	184	184	184	204	204	204	204
133	7	137	0	she	True	-3	30	0	0	0	0	436	600	600	600
133	7	44	0	she	True	-3	31	0	0	0	0	164	164	164	164
133	7	130	0	she	True	-3	32	184	332	332	332	184	184	184	184
133	7	112	0	she	True	-3	33	180	180	180	180	200	200	200	200
133	7	110	0	she	True	-3	34	148	148	148	148	0	0	0	0
133	7	32	0	she	True	-3	35	280	280	280	280	228	228	228	228
133	7	201	0	she	True	-3	36	156	156	156	156	0	0	0	0
133	7	29	0	she	True	-3	37	160	288	288	288	104	104	104	104
133	7	204	0	she	True	-3	38	0	0	0	0	216	216	216	216
133	7	37	0	she	True	-3	39	0	0	0	0	0	0	0	0
133	7	59	0	she	True	-3	40	0	0	0	0	156	156	156	156
133	7	178	0	she	True	-3	41	232	232	372	1220	200	200	200	200
133	7	20	0	she	True	-3	42	88	88	88	400	156	156	156	188
133	7	88	0	she	True	-3	43	132	132	132	132	196	196	196	196
135	6	107	0	he	True	-5	1	0	0	0	0	152	152	152	256
135	6	176	0	he	True	-5	2	224	224	224	224	156	156	156	156
135	6	176	0	he	True	-5	3	160	160	160	160	76	76	76	76
135	6	186	0	he	True	-5	4	0	0	0	0	156	156	156	156
135	6	61	0	he	True	-5	5	120	120	120	120	0	0	0	0
135	6	24	0	he	True	-5	6	160	160	160	160	0	0	0	0
135	6	139	0	he	True	-5	7	204	204	332	516	104	104	104	104
135	6	178	0	he	True	-5	8	0	0	0	0	204	592	592	592
135	6	4	0	he	True	-5	10	0	0	0	0	108	108	108	108
135	6	29	0	he	True	-5	11	132	132	132	132	144	144	144	144
135	6	193	0	he	True	-5	12	236	236	236	236	272	272	272	272
135	6	107	0	he	True	-5	13	0	0	0	0	192	192	192	192
135	6	164	0	he	True	-5	14	168	168	272	428	320	320	320	320
135	6	4	0	he	True	-5	15	0	0	0	0	124	124	124	124
135	6	72	0	he	True	-5	16	0	0	0	0	132	132	132	132
135	6	125	0	he	True	-5	17	168	168	168	168	112	112	112	112
135	6	31	0	he	True	-5	18	0	0	0	0	124	124	280	1044
135	6	195	0	he	True	-5	19	0	0	0	0	132	132	132	132
135	6	99	0	he	True	-5	20	164	164	164	164	0	0	0	0
135	6	11	0	he	True	-5	21	120	120	120	120	136	136	136	136
135	6	60	0	he	True	-5	22	0	0	0	0	252	252	252	252
135	6	17	0	he	True	-5	23	224	224	224	224	120	280	280	280
135	6	77	0	he	True	-5	24	0	0	0	0	268	268	268	268
135	6	164	0	he	True	-5	25	176	176	176	176	184	184	184	184
135	6	205	0	he	True	-5	27	0	0	0	0	212	212	212	212
135	6	84	0	he	True	-5	28	0	0	0	0	224	224	392	1840
135	6	127	0	he	True	-5	29	0	0	0	0	224	224	224	224
135	6	130	0	he	True	-5	30	312	312	312	312	264	264	264	264
135	6	162	0	he	True	-5	31	0	0	0	0	152	152	152	152
135	6	93	0	he	True	-5	32	0	0	0	0	228	228	228	228
135	6	40	0	he	True	-5	33	0	0	0	0	192	192	192	192
135	6	154	0	he	True	-5	34	0	0	0	0	204	204	204	204
135	6	172	0	he	True	-5	35	296	296	532	1536	184	184	184	184
135	6	158	0	he	True	-5	36	160	160	160	160	136	136	136	136
135	6	145	0	he	True	-5	37	124	124	124	124	116	116	116	116
135	6	104	0	he	True	-5	38	152	152	152	152	0	0	0	0
135	6	86	0	he	True	-5	39	0	0	0	0	152	152	152	152
135	6	50	0	he	True	-5	40	144	208	340	600	260	260	260	260
135	6	137	0	he	True	-5	41	0	0	0	0	0	0	0	0
135	6	178	0	he	True	-5	42	164	164	164	164	184	184	184	184
135	6	128	0	he	True	-5	43	0	0	0	0	104	252	252	252
136	4	25	0	he	False	-4	1	172	172	172	172	200	200	472	632
136	4	140	0	he	False	-4	2	0	0	0	0	144	144	144	144
136	4	73	0	he	False	-4	3	288	556	556	556	148	332	644	892
136	4	27	0	he	False	-4	4	148	148	148	148	0	0	0	0
136	4	124	0	he	False	-4	5	0	0	0	0	184	184	184	184
136	4	87	0	he	False	-4	6	0	0	0	0	136	136	136	136
136	4	114	0	he	False	-4	7	0	0	0	0	268	268	268	268
136	4	64	0	he	False	-4	8	0	0	0	0	224	224	224	224
136	4	168	0	he	False	-4	10	0	0	0	0	176	292	292	292
136	4	62	0	he	False	-4	11	148	148	148	148	124	124	124	124
136	4	82	0	he	False	-4	12	0	0	0	0	184	184	184	184
136	4	130	0	he	False	-4	13	196	196	196	196	216	216	216	216
136	4	35	0	he	False	-4	14	0	0	0	0	260	336	336	336
136	4	50	0	he	False	-4	15	0	0	0	0	260	260	400	612
136	4	171	0	he	False	-4	16	232	232	232	232	192	192	192	192
136	4	15	0	he	False	-4	17	0	0	0	0	288	288	288	288
136	4	42	0	he	False	-4	18	0	0	0	0	200	200	200	200
136	4	141	0	he	False	-4	19	92	92	92	92	168	168	168	168
136	4	48	0	he	False	-4	20	0	0	0	0	124	252	252	252
136	4	58	0	he	False	-4	21	144	144	144	144	136	136	136	136
136	4	123	0	he	False	-4	22	0	0	0	0	256	504	504	504
136	4	21	0	he	False	-4	23	160	304	444	624	24	24	24	24
136	4	124	0	he	False	-4	24	268	268	268	268	124	124	124	124
136	4	185	0	he	False	-4	25	192	192	192	192	168	168	168	168
136	4	44	0	he	False	-4	27	244	244	244	244	0	0	0	0
136	4	144	0	he	False	-4	28	0	0	0	0	188	188	188	332
136	4	186	0	he	False	-4	29	0	0	0	0	296	296	296	296
136	4	25	0	he	False	-4	30	252	252	252	252	164	164	164	164
136	4	199	0	he	False	-4	31	0	0	0	0	172	172	172	172
136	4	112	0	he	False	-4	32	0	0	0	0	184	384	384	384
136	4	190	0	he	False	-4	33	176	176	368	836	180	180	180	180
136	4	199	0	he	False	-4	34	232	232	232	232	156	156	156	156
136	4	24	0	he	False	-4	35	0	0	0	0	216	216	216	216
136	4	154	0	he	False	-4	36	0	0	0	0	192	192	192	192
136	4	117	0	he	False	-4	37	0	0	0	0	184	248	248	248
136	4	34	0	he	False	-4	38	0	0	0	0	192	340	340	340
136	4	60	0	he	False	-4	39	184	184	184	184	412	412	536	1104
136	4	132	0	he	False	-4	40	0	0	0	0	36	104	104	104
136	4	169	0	he	False	-4	41	0	0	0	0	224	224	360	1192
136	4	16	0	he	False	-4	42	0	0	0	0	176	176	176	176
136	4	72	0	he	False	-4	43	92	92	92	92	208	208	208	208
136	7	25	0	his	False	-3	1	252	252	252	252	420	420	420	420
136	7	140	0	his	False	-3	2	0	0	0	0	204	204	204	204
136	7	73	0	his	False	-3	3	204	204	204	204	220	220	220	220
136	7	27	0	his	False	-3	4	200	200	200	200	180	180	180	180
136	7	124	0	his	False	-3	5	96	96	96	412	204	204	204	204
136	7	87	0	his	False	-3	6	0	0	0	0	184	184	184	184
136	7	114	0	his	False	-3	7	0	0	0	0	144	144	144	144
136	7	64	0	his	False	-3	8	184	184	364	564	140	140	140	140
136	7	168	0	his	False	-3	10	0	0	0	0	236	236	236	236
136	7	62	0	his	False	-3	11	0	0	0	0	160	160	160	160
136	7	82	0	his	False	-3	12	0	0	0	0	168	356	356	356
136	7	130	0	his	False	-3	13	0	0	0	0	264	264	264	264
136	7	35	0	his	False	-3	14	0	0	0	0	268	268	268	380
136	7	50	0	his	False	-3	15	0	0	0	0	160	160	160	160
136	7	171	0	his	False	-3	16	0	0	0	0	156	444	444	444
136	7	15	0	his	False	-3	17	0	0	0	0	332	332	332	332
136	7	42	0	his	False	-3	18	0	0	0	0	368	368	368	508
136	7	141	0	his	False	-3	19	180	180	180	180	112	196	196	196
136	7	48	0	his	False	-3	20	148	148	148	148	168	168	168	168
136	7	58	0	his	False	-3	21	0	0	0	0	304	476	476	476
136	7	123	0	his	False	-3	22	0	0	0	0	356	356	356	356
136	7	21	0	his	False	-3	23	180	180	180	180	444	444	624	1312
136	7	124	0	his	False	-3	24	0	0	0	0	248	248	248	540
136	7	185	0	his	False	-3	25	0	0	0	0	184	260	260	260
136	7	44	0	his	False	-3	27	152	152	152	152	160	160	160	160
136	7	144	0	his	False	-3	28	0	0	0	0	208	208	208	576
136	7	186	0	his	False	-3	29	0	0	0	0	192	192	192	456
136	7	25	0	his	False	-3	30	316	316	316	316	376	376	520	736
136	7	199	0	his	False	-3	31	152	152	152	152	288	288	288	288
136	7	112	0	his	False	-3	32	0	0	0	0	208	208	428	664
136	7	190	0	his	False	-3	33	156	284	284	284	92	92	92	92
136	7	199	0	his	False	-3	34	0	0	0	0	112	324	324	324
136	7	24	0	his	False	-3	35	160	160	160	160	248	248	248	248
136	7	154	0	his	False	-3	36	0	0	0	0	0	0	0	0
136	7	117	0	his	False	-3	37	136	136	312	776	136	136	136	136
136	7	34	0	his	False	-3	38	0	0	0	0	248	416	416	416
136	7	60	0	his	False	-3	39	152	152	152	152	72	72	72	72
136	7	132	0	his	False	-3	40	0	0	0	0	176	268	268	268
136	7	169	0	his	False	-3	41	0	0	0	0	344	344	344	344
136	7	16	0	his	False	-3	42	0	0	0	0	220	220	220	220
136	7	72	0	his	False	-3	43	0	0	0	0	184	184	184	184
137	6	192	0	his	False	-4	1	132	132	132	132	240	240	240	240
137	6	17	0	his	False	-4	2	132	132	132	240	0	0	0	0
137	6	6	0	his	False	-4	3	200	200	200	200	440	440	440	440
137	6	171	0	his	False	-4	4	0	0	0	0	212	212	212	212
137	6	198	0	his	False	-4	5	260	260	260	260	296	296	296	296
137	6	2	0	his	False	-4	6	164	164	164	164	0	0	0	0
137	6	109	0	his	False	-4	7	0	0	0	0	196	196	196	196
137	6	194	0	his	False	-4	8	264	264	264	264	0	0	0	0
137	6	120	0	his	False	-4	10	172	172	172	172	132	132	132	132
137	6	22	0	his	False	-4	11	188	188	188	188	112	112	112	112
137	6	96	0	his	False	-4	12	176	176	176	176	0	0	0	0
137	6	25	0	his	False	-4	13	136	136	136	136	0	0	0	0
137	6	103	0	his	False	-4	14	256	256	256	256	132	132	132	132
137	6	140	0	his	False	-4	15	176	176	176	176	84	84	84	84
137	6	129	0	his	False	-4	16	216	216	216	216	192	192	192	192
137	6	32	0	his	False	-4	17	260	260	260	260	124	124	124	124
137	6	149	0	his	False	-4	18	208	208	208	208	0	0	0	0
137	6	107	0	his	False	-4	19	132	132	132	132	164	164	164	164
137	6	199	0	his	False	-4	20	0	0	0	0	172	172	172	172
137	6	87	0	his	False	-4	21	132	132	132	132	0	0	0	0
137	6	149	0	his	False	-4	22	184	184	184	184	172	172	172	172
137	6	136	0	his	False	-4	23	468	468	468	468	208	208	208	208
137	6	163	0	his	False	-4	24	264	396	396	396	140	140	140	140
137	6	66	0	his	False	-4	25	200	200	200	200	268	268	268	268
137	6	88	0	his	False	-4	27	192	264	264	612	64	64	64	64
137	6	38	0	his	False	-4	28	240	396	396	396	168	168	168	168
137	6	197	0	his	False	-4	29	0	0	0	0	176	176	176	176
137	6	73	0	his	False	-4	30	192	192	192	192	300	608	608	608
137	6	47	0	his	False	-4	31	0	0	0	0	196	196	196	196
137	6	65	0	his	False	-4	32	212	212	212	212	200	200	200	200
137	6	197	0	his	False	-4	33	120	120	276	444	0	0	0	0
137	6	130	0	his	False	-4	34	164	164	164	164	172	172	172	172
137	6	43	0	his	False	-4	35	184	184	184	184	156	156	156	156
137	6	140	0	his	False	-4	36	0	0	0	0	176	176	176	176
137	6	149	0	his	False	-4	37	192	320	320	320	172	172	172	172
137	6	72	0	his	False	-4	38	0	0	0	0	160	160	160	160
137	6	81	0	his	False	-4	39	220	364	364	364	0	0	0	0
137	6	66	0	his	False	-4	40	0	0	0	0	192	192	192	436
137	6	184	0	his	False	-4	41	224	224	224	224	0	0	0	0
137	6	13	0	his	False	-4	42	140	140	140	140	0	0	0	0
137	6	41	0	his	False	-4	43	172	172	172	172	0	0	0	0
137	10	192	0	his	False	-4	1	680	680	680	1692	312	444	444	444
137	10	17	0	his	False	-4	2	160	160	160	356	128	128	128	708
137	10	6	0	his	False	-4	3	236	444	444	444	232	232	408	2072
137	10	171	0	his	False	-4	4	172	172	172	172	144	284	284	532
137	10	198	0	his	False	-4	5	0	0	0	0	232	232	232	896
137	10	2	0	his	False	-4	6	156	156	156	456	0	0	0	0
137	10	109	0	his	False	-4	7	96	96	256	800	164	164	164	476
137	10	194	0	his	False	-4	8	288	288	288	288	0	0	0	0
137	10	120	0	his	False	-4	10	92	92	92	92	200	232	232	1252
137	10	22	0	his	False	-4	11	0	0	0	0	332	664	664	752
137	10	96	0	his	False	-4	12	292	292	292	292	252	536	536	2212
137	10	25	0	his	False	-4	13	0	0	0	0	416	416	416	416
137	10	103	0	his	False	-4	14	240	744	744	744	0	0	0	0
137	10	140	0	his	False	-4	15	240	836	836	836	0	0	0	0
137	10	129	0	his	False	-4	16	180	424	424	424	428	428	428	540
137	10	32	0	his	False	-4	17	0	0	0	0	264	264	264	968
137	10	149	0	his	False	-4	18	0	0	0	0	76	76	76	76
137	10	107	0	his	False	-4	19	188	188	188	188	52	52	52	1212
137	10	199	0	his	False	-4	20	236	236	236	236	132	132	132	1068
137	10	87	0	his	False	-4	21	0	0	0	0	212	424	424	424
137	10	149	0	his	False	-4	22	0	0	0	0	328	564	564	564
137	10	136	0	his	False	-4	23	0	0	0	0	236	556	556	556
137	10	163	0	his	False	-4	24	0	0	0	0	244	244	244	1192
137	10	66	0	his	False	-4	25	0	0	0	0	228	532	532	1056
137	10	88	0	his	False	-4	27	316	316	316	316	212	212	212	212
137	10	38	0	his	False	-4	28	152	152	560	748	232	232	232	232
137	10	197	0	his	False	-4	29	220	220	220	220	132	256	256	256
137	10	73	0	his	False	-4	30	0	0	0	0	276	276	276	276
137	10	47	0	his	False	-4	31	156	156	156	156	160	160	160	160
137	10	65	0	his	False	-4	32	252	252	252	252	224	224	224	320
137	10	197	0	his	False	-4	33	224	324	324	324	0	0	0	0
137	10	130	0	his	False	-4	34	260	260	260	260	464	464	464	464
137	10	43	0	his	False	-4	35	0	0	0	0	172	252	252	252
137	10	140	0	his	False	-4	36	0	0	0	0	300	300	520	4256
137	10	149	0	his	False	-4	37	516	516	516	640	104	104	104	104
137	10	72	0	his	False	-4	38	248	248	248	248	204	204	204	204
137	10	81	0	his	False	-4	39	232	232	232	232	160	160	316	3160
137	10	66	0	his	False	-4	40	132	132	132	132	172	820	820	1652
137	10	184	0	his	False	-4	41	148	148	148	148	204	204	204	388
137	10	13	0	his	False	-4	42	240	240	240	1796	0	0	0	0
137	10	41	0	his	False	-4	43	0	0	0	0	380	380	380	380
138	7	120	0	her	False	-3	1	224	224	224	224	292	548	548	548
138	7	157	0	her	False	-3	2	0	0	0	0	160	160	160	280
138	7	107	0	her	False	-3	3	196	196	196	196	168	168	168	168
138	7	165	0	her	False	-3	4	224	224	224	224	256	256	256	256
138	7	53	0	her	False	-3	5	0	0	0	0	204	204	204	204
138	7	74	0	her	False	-3	6	216	216	216	456	136	136	136	136
138	7	166	0	her	False	-3	7	0	0	0	0	108	108	108	108
138	7	77	0	her	False	-3	8	0	0	0	0	296	296	296	296
138	7	46	0	her	False	-3	10	0	0	0	0	180	180	180	180
138	7	59	0	her	False	-3	11	160	160	160	160	124	124	124	124
138	7	118	0	her	False	-3	12	448	448	448	448	336	540	540	540
138	7	73	0	her	False	-3	13	0	0	0	0	148	148	148	148
138	7	77	0	her	False	-3	14	0	0	0	0	228	228	228	228
138	7	201	0	her	False	-3	15	228	228	228	228	0	0	0	0
138	7	80	0	her	False	-3	16	208	208	208	208	344	460	460	460
138	7	37	0	her	False	-3	17	132	132	132	132	0	0	0	0
138	7	157	0	her	False	-3	18	204	204	204	204	244	244	244	244
138	7	24	0	her	False	-3	19	224	224	224	1428	228	312	312	312
138	7	39	0	her	False	-3	20	96	96	244	1208	0	0	0	0
138	7	159	0	her	False	-3	21	168	168	168	268	124	124	124	124
138	7	25	0	her	False	-3	22	248	248	248	2024	280	280	280	280
138	7	89	0	her	False	-3	23	252	252	252	252	208	384	384	384
138	7	36	0	her	False	-3	24	0	0	0	0	168	168	168	168
138	7	21	0	her	False	-3	25	0	0	0	0	168	168	396	604
138	7	16	0	her	False	-3	27	180	180	180	180	152	152	152	152
138	7	19	0	her	False	-3	28	268	268	268	268	156	156	156	156
138	7	54	0	her	False	-3	29	0	0	0	0	412	412	412	412
138	7	33	0	her	False	-3	30	212	212	212	212	308	308	308	308
138	7	99	0	her	False	-3	31	172	172	172	172	0	0	0	0
138	7	164	0	her	False	-3	32	168	168	168	168	220	220	220	220
138	7	173	0	her	False	-3	33	156	336	336	336	172	172	172	172
138	7	106	0	her	False	-3	34	192	192	192	192	0	0	0	0
138	7	138	0	her	False	-3	35	180	180	180	180	0	0	0	0
138	7	82	0	her	False	-3	36	0	0	0	0	292	324	324	324
138	7	14	0	her	False	-3	37	216	216	216	216	140	140	140	220
138	7	27	0	her	False	-3	38	0	0	0	0	220	388	388	388
138	7	100	0	her	False	-3	39	76	76	76	76	232	232	232	232
138	7	128	0	her	False	-3	40	0	0	0	0	68	68	264	508
138	7	86	0	her	False	-3	41	0	0	0	0	24	24	440	2452
138	7	187	0	her	False	-3	42	136	136	136	300	164	164	164	164
138	7	124	0	her	False	-3	43	0	0	0	0	184	184	184	184
138	10	120	0	his	False	-8	1	264	264	264	264	396	396	396	1696
138	10	157	0	his	False	-8	2	0	0	0	0	192	192	192	484
138	10	107	0	his	False	-8	3	156	156	712	828	0	0	0	0
138	10	165	0	his	False	-8	4	196	196	196	760	0	0	0	0
138	10	53	0	his	False	-8	5	168	168	168	168	76	76	76	2072
138	10	74	0	his	False	-8	6	216	216	216	216	192	192	192	192
138	10	166	0	his	False	-8	7	132	132	400	2252	0	0	0	0
138	10	77	0	his	False	-8	8	252	536	536	536	0	0	0	0
138	10	46	0	his	False	-8	10	192	192	680	2124	0	0	0	0
138	10	59	0	his	False	-8	11	272	596	596	596	292	292	292	292
138	10	118	0	his	False	-8	12	116	116	116	116	272	272	272	2912
138	10	73	0	his	False	-8	13	196	196	196	416	200	400	400	524
138	10	77	0	his	False	-8	14	316	316	316	316	216	216	520	1084
138	10	201	0	his	False	-8	15	188	188	188	576	124	124	124	464
138	10	80	0	his	False	-8	16	344	344	344	1896	0	0	0	0
138	10	37	0	his	False	-8	17	0	0	0	0	324	324	324	1032
138	10	157	0	his	False	-8	18	392	392	392	392	288	288	288	288
138	10	24	0	his	False	-8	19	188	188	188	188	256	256	256	1880
138	10	39	0	his	False	-8	20	0	0	0	0	248	248	576	2892
138	10	159	0	his	False	-8	21	136	136	136	136	304	304	304	304
138	10	25	0	his	False	-8	22	0	0	0	0	300	632	632	632
138	10	89	0	his	False	-8	23	328	328	328	328	192	508	1496	7004
138	10	36	0	his	False	-8	24	0	0	0	0	200	200	320	3760
138	10	21	0	his	False	-8	25	168	168	168	168	156	280	708	1308
138	10	16	0	his	False	-8	27	348	348	348	348	164	444	444	704
138	10	19	0	his	False	-8	28	196	196	352	496	372	372	372	372
138	10	54	0	his	False	-8	29	0	0	0	0	168	352	352	352
138	10	33	0	his	False	-8	30	0	0	0	0	296	296	296	1068
138	10	99	0	his	False	-8	31	0	0	0	0	216	216	216	216
138	10	164	0	his	False	-8	32	140	140	140	140	196	196	196	196
138	10	173	0	his	False	-8	33	164	164	164	164	232	232	232	232
138	10	106	0	his	False	-8	34	0	0	0	0	176	176	176	364
138	10	138	0	his	False	-8	35	0	0	0	0	172	280	280	636
138	10	82	0	his	False	-8	36	0	0	0	0	224	224	424	660
138	10	14	0	his	False	-8	37	196	196	196	196	120	316	316	992
138	10	27	0	his	False	-8	38	452	648	648	860	0	0	0	0
138	10	100	0	his	False	-8	39	0	0	0	0	316	360	360	1488
138	10	128	0	his	False	-8	40	276	276	276	812	0	0	0	0
138	10	86	0	his	False	-8	41	236	236	236	236	156	156	156	952
138	10	187	0	his	False	-8	42	108	108	344	928	0	0	0	0
138	10	124	0	his	False	-8	43	372	372	372	372	252	252	252	252
139	7	197	0	his	False	-4	1	172	172	172	328	240	240	240	240
139	7	195	0	his	False	-4	2	184	184	184	184	164	164	164	164
139	7	15	0	his	False	-4	3	0	0	0	0	224	488	488	488
139	7	29	0	his	False	-4	4	136	284	284	284	180	180	180	180
139	7	142	0	his	False	-4	5	0	0	0	0	220	220	220	220
139	7	16	0	his	False	-4	6	0	0	0	0	232	232	232	232
139	7	174	0	his	False	-4	7	180	180	180	180	0	0	0	0
139	7	78	0	his	False	-4	8	220	360	360	360	0	0	0	0
139	7	17	0	his	False	-4	9	120	120	120	120	108	108	108	108
139	7	95	0	his	False	-4	10	0	0	0	0	140	140	140	140
139	7	82	0	his	False	-4	11	0	0	0	0	140	140	140	140
139	7	20	0	his	False	-4	12	0	0	0	0	180	344	344	344
139	7	129	0	his	False	-4	13	0	0	0	0	200	200	200	200
139	7	176	0	his	False	-4	14	192	192	192	192	156	156	156	156
139	7	123	0	his	False	-4	15	0	0	0	0	184	184	184	184
139	7	196	0	his	False	-4	16	196	196	196	196	184	460	460	460
139	7	83	0	his	False	-4	17	148	148	148	148	0	0	0	0
139	7	48	0	his	False	-4	18	0	0	0	0	180	180	180	180
139	7	175	0	his	False	-4	19	128	128	128	128	100	100	100	100
139	7	128	0	his	False	-4	20	0	0	0	0	132	132	132	132
139	7	36	0	his	False	-4	21	0	0	0	0	132	132	132	132
139	7	196	0	his	False	-4	22	0	0	0	0	208	208	208	208
139	7	185	0	his	False	-4	23	124	124	124	124	280	280	280	280
139	7	166	0	his	False	-4	24	320	320	320	320	128	128	128	128
139	7	118	0	his	False	-4	25	240	240	240	240	144	144	144	144
139	7	102	0	his	False	-4	27	152	152	152	152	196	196	196	196
139	7	123	0	his	False	-4	28	260	260	260	260	228	228	228	228
139	7	51	0	his	False	-4	29	0	0	0	0	216	372	372	372
139	7	41	0	his	False	-4	30	0	0	0	0	184	804	804	804
139	7	86	0	his	False	-4	31	0	0	0	0	140	140	140	140
139	7	5	0	his	False	-4	32	0	0	0	0	160	372	372	372
139	7	47	0	his	False	-4	33	136	300	300	300	116	116	116	116
139	7	43	0	his	False	-4	34	0	0	0	0	152	152	152	152
139	7	21	0	his	False	-4	35	0	0	0	0	172	172	172	172
139	7	129	0	his	False	-4	36	132	132	132	132	0	0	0	0
139	7	37	0	his	False	-4	37	156	156	156	156	176	176	176	176
139	7	77	0	his	False	-4	38	148	148	148	148	252	252	252	252
139	7	178	0	his	False	-4	39	0	0	0	0	180	180	180	180
139	7	42	0	his	False	-4	40	272	272	272	272	132	132	132	132
139	7	105	0	his	False	-4	41	0	0	0	0	172	172	256	400
139	7	158	0	his	False	-4	42	156	296	296	296	0	0	0	0
139	7	204	0	his	False	-4	43	0	0	0	0	172	172	172	172
139	10	197	0	his	False	-3	1	0	0	0	0	348	820	820	2336
139	10	195	0	his	False	-3	2	0	0	0	0	212	212	212	1344
139	10	15	0	his	False	-3	3	0	0	0	0	268	268	856	1088
139	10	29	0	his	False	-3	4	0	0	0	0	136	136	136	1676
139	10	142	0	his	False	-3	5	0	0	0	0	276	276	276	276
139	10	16	0	his	False	-3	6	0	0	0	0	0	0	0	0
139	10	174	0	his	False	-3	7	180	180	180	180	124	124	448	2232
139	10	78	0	his	False	-3	8	0	0	0	0	392	392	392	392
139	10	17	0	his	False	-3	9	180	180	180	180	200	500	500	968
139	10	95	0	his	False	-3	10	0	0	0	0	288	288	288	1060
139	10	82	0	his	False	-3	11	244	244	244	244	184	296	296	296
139	10	20	0	his	False	-3	12	244	244	244	244	132	308	308	1492
139	10	129	0	his	False	-3	13	0	0	0	0	240	776	776	776
139	10	176	0	his	False	-3	14	0	0	0	0	204	204	204	612
139	10	123	0	his	False	-3	15	824	824	1128	1916	0	0	0	0
139	10	196	0	his	False	-3	16	324	816	816	1228	0	0	0	0
139	10	83	0	his	False	-3	17	0	0	0	0	288	288	288	1152
139	10	48	0	his	False	-3	18	0	0	0	0	212	212	212	564
139	10	175	0	his	False	-3	19	0	0	0	0	304	456	456	900
139	10	128	0	his	False	-3	20	0	0	0	0	156	156	324	2224
139	10	36	0	his	False	-3	21	0	0	0	0	228	228	228	228
139	10	196	0	his	False	-3	22	0	0	0	0	296	456	456	872
139	10	185	0	his	False	-3	23	0	0	0	0	228	780	780	1556
139	10	166	0	his	False	-3	24	424	424	424	784	0	0	0	0
139	10	118	0	his	False	-3	25	164	164	164	348	260	372	372	716
139	10	102	0	his	False	-3	27	0	0	0	0	332	332	332	604
139	10	123	0	his	False	-3	28	0	0	0	0	216	216	216	436
139	10	51	0	his	False	-3	29	0	0	0	0	252	252	252	1004
139	10	41	0	his	False	-3	30	0	0	0	0	188	440	440	816
139	10	86	0	his	False	-3	31	0	0	0	0	216	216	216	216
139	10	5	0	his	False	-3	32	0	0	0	0	244	244	520	736
139	10	47	0	his	False	-3	33	0	0	0	0	256	436	620	1524
139	10	43	0	his	False	-3	34	420	420	420	420	0	0	0	0
139	10	21	0	his	False	-3	35	168	168	168	168	232	232	232	232
139	10	129	0	his	False	-3	36	0	0	0	0	160	352	352	1384
139	10	37	0	his	False	-3	37	164	164	164	164	80	80	80	300
139	10	77	0	his	False	-3	38	0	0	0	0	180	180	180	392
139	10	178	0	his	False	-3	39	248	248	248	248	308	308	308	308
139	10	42	0	his	False	-3	40	132	132	132	132	152	364	364	1468
139	10	105	0	his	False	-3	41	0	0	0	0	164	164	164	164
139	10	158	0	his	False	-3	42	268	268	268	268	184	184	184	1272
139	10	204	0	his	False	-3	43	0	0	0	0	216	920	920	920
141	5	85	0	herself	True	-5	1	244	244	244	244	216	216	216	216
141	5	59	0	herself	True	-5	2	112	112	112	112	0	0	0	0
141	5	83	0	herself	True	-5	3	244	244	244	244	188	188	188	188
141	5	141	0	herself	True	-5	4	208	208	208	208	0	0	0	0
141	5	186	0	herself	True	-5	5	220	220	220	220	0	0	0	0
141	5	78	0	herself	True	-5	6	180	180	180	180	0	0	0	0
141	5	141	0	herself	True	-5	7	188	188	216	588	116	116	116	116
141	5	9	0	herself	True	-5	8	188	188	188	188	0	0	0	0
141	5	26	0	herself	True	-5	9	164	164	164	164	0	0	0	0
141	5	139	0	herself	True	-5	10	156	156	156	156	148	148	148	148
141	5	65	0	herself	True	-5	11	256	256	256	256	0	0	0	0
141	5	70	0	herself	True	-5	12	104	104	104	104	0	0	0	0
141	5	121	0	herself	True	-5	13	128	128	128	128	0	0	0	0
141	5	69	0	herself	True	-5	14	244	244	244	244	0	0	0	0
141	5	82	0	herself	True	-5	15	0	0	0	0	132	132	132	132
141	5	65	0	herself	True	-5	16	132	280	280	280	0	0	0	0
141	5	140	0	herself	True	-5	17	0	0	0	0	156	156	156	156
141	5	202	0	herself	True	-5	18	156	156	156	156	0	0	0	0
141	5	68	0	herself	True	-5	19	140	140	140	140	184	184	184	184
141	5	140	0	herself	True	-5	20	140	140	140	140	0	0	0	0
141	5	156	0	herself	True	-5	21	140	140	140	140	136	136	136	136
141	5	64	0	herself	True	-5	22	292	292	292	292	0	0	0	0
141	5	73	0	herself	True	-5	23	264	264	264	264	240	240	240	240
141	5	42	0	herself	True	-5	24	180	180	180	180	0	0	0	0
141	5	94	0	herself	True	-5	25	280	280	280	280	0	0	0	0
141	5	168	0	herself	True	-5	27	184	184	184	184	344	344	344	344
141	5	69	0	herself	True	-5	28	236	236	236	236	196	448	448	448
141	5	48	0	herself	True	-5	29	208	208	208	208	0	0	0	0
141	5	106	0	herself	True	-5	30	84	84	84	84	316	424	424	424
141	5	100	0	herself	True	-5	31	148	148	148	148	0	0	0	0
141	5	197	0	herself	True	-5	32	308	308	308	308	0	0	0	0
141	5	12	0	herself	True	-5	33	0	0	0	0	0	0	0	0
141	5	60	0	herself	True	-5	34	168	168	168	168	0	0	0	0
141	5	136	0	herself	True	-5	35	160	160	160	160	0	0	0	0
141	5	202	0	herself	True	-5	36	196	196	196	196	0	0	0	0
141	5	186	0	herself	True	-5	37	132	132	132	132	172	172	172	172
141	5	199	0	herself	True	-5	38	188	188	188	188	0	0	0	0
141	5	173	0	herself	True	-5	39	132	132	132	132	0	0	0	0
141	5	94	0	herself	True	-5	40	24	24	24	24	0	0	0	0
141	5	10	0	herself	True	-5	41	156	156	156	156	176	176	176	176
141	5	200	0	herself	True	-5	42	152	152	152	152	132	132	132	132
141	5	31	0	herself	True	-5	43	200	200	200	200	0	0	0	0
142	8	191	0	her	True	-5	1	0	0	0	0	264	264	264	264
142	8	27	0	her	True	-5	2	0	0	0	0	140	140	140	140
142	8	32	0	her	True	-5	3	244	244	244	244	244	244	244	244
142	8	167	0	her	True	-5	4	212	212	212	212	144	144	144	144
142	8	101	0	her	True	-5	5	200	200	200	200	0	0	0	0
142	8	196	0	her	True	-5	6	0	0	0	0	0	0	0	0
142	8	192	0	her	True	-5	7	0	0	0	0	128	128	128	128
142	8	92	0	her	True	-5	8	0	0	0	0	296	496	496	496
142	8	167	0	her	True	-5	10	0	0	0	0	140	140	140	140
142	8	129	0	her	True	-5	11	136	136	136	136	140	140	140	140
142	8	141	0	her	True	-5	12	172	172	172	172	256	256	256	256
142	8	178	0	her	True	-5	13	0	0	0	0	152	152	152	152
142	8	70	0	her	True	-5	14	0	0	0	0	256	256	256	256
142	8	156	0	her	True	-5	15	0	0	0	0	140	140	140	140
142	8	109	0	her	True	-5	16	192	192	192	192	176	316	316	316
142	8	145	0	her	True	-5	17	0	0	0	0	200	200	200	200
142	8	134	0	her	True	-5	18	0	0	0	0	172	172	172	172
142	8	155	0	her	True	-5	19	0	0	0	0	180	180	180	180
142	8	90	0	her	True	-5	20	160	160	160	160	0	0	0	0
142	8	198	0	her	True	-5	21	0	0	0	0	264	572	572	572
142	8	177	0	her	True	-5	22	0	0	0	0	256	392	392	392
142	8	131	0	her	True	-5	23	296	296	296	296	136	316	316	316
142	8	59	0	her	True	-5	24	0	0	0	0	320	320	320	320
142	8	168	0	her	True	-5	25	0	0	0	0	132	132	132	392
142	8	113	0	her	True	-5	27	212	212	212	212	256	256	256	256
142	8	124	0	her	True	-5	28	204	204	204	204	0	0	0	0
142	8	38	0	her	True	-5	29	188	188	188	188	280	280	280	520
142	8	157	0	her	True	-5	30	220	220	220	220	312	312	312	312
142	8	38	0	her	True	-5	31	156	156	156	288	148	148	148	148
142	8	139	0	her	True	-5	32	192	192	192	192	0	0	0	0
142	8	65	0	her	True	-5	33	0	0	0	0	180	180	180	180
142	8	30	0	her	True	-5	34	0	0	0	0	188	188	188	188
142	8	137	0	her	True	-5	35	192	192	192	192	224	224	224	224
142	8	189	0	her	True	-5	36	0	0	0	0	0	0	0	0
142	8	16	0	her	True	-5	37	144	144	144	144	188	188	188	188
142	8	52	0	her	True	-5	38	264	264	264	428	240	240	240	240
142	8	125	0	her	True	-5	39	0	0	0	0	216	216	216	216
142	8	8	0	her	True	-5	40	168	232	232	232	0	0	0	0
142	8	64	0	her	True	-5	41	160	160	160	160	96	96	96	96
142	8	189	0	her	True	-5	42	136	136	136	136	0	0	0	0
142	8	86	0	her	True	-5	43	0	0	0	0	232	232	232	232
146	9	131	0	them	True	-5	1	252	252	252	252	236	236	236	236
146	9	100	0	them	True	-5	2	312	312	312	312	168	168	168	168
146	9	19	0	them	True	-5	3	452	700	700	700	0	0	0	0
146	9	176	0	them	True	-5	4	172	172	172	172	184	184	368	692
146	9	190	0	them	True	-5	5	208	208	208	208	0	0	0	0
146	9	108	0	them	True	-5	6	0	0	0	0	0	0	0	0
146	9	82	0	them	True	-5	7	0	0	0	0	0	0	0	0
146	9	110	0	them	True	-5	8	0	0	0	0	276	276	276	276
146	9	75	0	them	True	-5	10	212	400	400	400	0	0	0	0
146	9	163	0	them	True	-5	11	204	652	836	1048	0	0	0	0
146	9	18	0	them	True	-5	12	204	204	204	204	0	0	0	0
146	9	123	0	them	True	-5	13	0	0	0	0	436	436	436	436
146	9	64	0	them	True	-5	14	0	0	0	0	256	256	256	1196
146	9	14	0	them	True	-5	15	148	148	148	148	0	0	0	0
146	9	13	0	them	True	-5	16	228	228	228	228	0	0	0	0
146	9	48	0	them	True	-5	17	140	232	232	232	0	0	0	0
146	9	10	0	them	True	-5	18	204	204	204	488	0	0	0	0
146	9	70	0	them	True	-5	19	176	176	176	176	0	0	0	0
146	9	36	0	them	True	-5	20	160	160	160	160	0	0	0	0
146	9	90	0	them	True	-5	21	216	216	216	216	0	0	0	0
146	9	133	0	them	True	-5	22	164	672	672	672	0	0	0	0
146	9	30	0	them	True	-5	23	300	616	616	616	164	164	308	464
146	9	149	0	them	True	-5	24	152	152	152	152	0	0	0	0
146	9	145	0	them	True	-5	25	208	208	208	208	0	0	0	0
146	9	11	0	them	True	-5	27	224	224	224	224	0	0	0	0
146	9	146	0	them	True	-5	28	216	216	488	644	256	256	256	256
146	9	12	0	them	True	-5	29	132	236	236	236	0	0	0	0
146	9	59	0	them	True	-5	30	148	272	272	272	520	520	520	520
146	9	70	0	them	True	-5	31	92	92	92	92	0	0	0	0
146	9	39	0	them	True	-5	32	216	216	216	216	0	0	0	0
146	9	204	0	them	True	-5	33	160	776	776	776	0	0	0	0
146	9	32	0	them	True	-5	34	160	160	160	160	0	0	0	0
146	9	188	0	them	True	-5	35	0	0	0	0	232	232	232	232
146	9	185	0	them	True	-5	36	0	0	0	0	276	276	276	276
146	9	129	0	them	True	-5	37	160	160	836	1032	176	176	176	176
146	9	57	0	them	True	-5	38	236	236	236	236	0	0	0	0
146	9	133	0	them	True	-5	39	140	140	140	380	0	0	0	0
146	9	105	0	them	True	-5	40	168	168	168	168	108	252	252	252
146	9	114	0	them	True	-5	41	148	244	536	904	0	0	0	0
146	9	14	0	them	True	-5	42	0	0	0	0	0	0	0	0
146	9	133	0	them	True	-5	43	152	152	152	152	208	208	208	208
150	8	200	0	he	True	-2	1	336	336	336	336	0	0	0	0
150	8	28	0	he	True	-2	2	0	0	0	0	180	180	180	384
150	8	181	0	he	True	-2	3	96	96	96	96	176	176	176	412
150	8	39	0	he	True	-2	4	84	136	136	136	164	164	164	164
150	8	38	0	he	True	-2	5	176	176	176	176	140	140	140	140
150	8	146	0	he	True	-2	6	168	168	168	168	0	0	0	0
150	8	58	0	he	True	-2	7	0	0	0	0	156	156	156	156
150	8	197	0	he	True	-2	8	0	0	0	0	188	340	340	340
150	8	32	0	he	True	-2	9	168	304	304	304	120	120	120	120
150	8	15	0	he	True	-2	10	72	72	176	212	32	172	328	1104
150	8	67	0	he	True	-2	11	180	180	180	180	0	0	0	0
150	8	137	0	he	True	-2	12	288	288	288	288	144	144	144	144
150	8	167	0	he	True	-2	13	0	0	0	0	304	428	428	428
150	8	121	0	he	True	-2	14	196	196	196	196	220	220	220	220
150	8	38	0	he	True	-2	15	52	52	52	52	144	144	144	144
150	8	11	0	he	True	-2	16	316	316	316	316	172	172	172	172
150	8	101	0	he	True	-2	17	148	148	148	148	152	152	152	152
150	8	4	0	he	True	-2	18	240	240	240	240	228	228	228	228
150	8	131	0	he	True	-2	19	224	224	224	224	88	88	88	188
150	8	83	0	he	True	-2	20	0	0	0	0	164	164	164	164
150	8	168	0	he	True	-2	21	0	0	0	0	188	188	188	188
150	8	103	0	he	True	-2	22	0	0	0	0	184	404	404	404
150	8	72	0	he	True	-2	23	328	328	328	328	124	336	336	336
150	8	110	0	he	True	-2	24	0	0	0	0	272	444	444	444
150	8	92	0	he	True	-2	25	0	0	0	0	152	152	152	308
150	8	204	0	he	True	-2	27	0	0	0	0	260	260	260	260
150	8	204	0	he	True	-2	28	0	0	0	0	0	0	0	0
150	8	184	0	he	True	-2	29	0	0	0	0	136	136	244	480
150	8	193	0	he	True	-2	30	304	304	304	860	200	388	388	388
150	8	51	0	he	True	-2	31	0	0	0	0	168	168	168	168
150	8	48	0	he	True	-2	32	184	184	184	336	160	160	160	160
150	8	133	0	he	True	-2	33	196	196	196	196	144	144	144	144
150	8	72	0	he	True	-2	34	0	0	0	0	152	152	152	152
150	8	68	0	he	True	-2	35	188	188	188	188	212	212	212	212
150	8	167	0	he	True	-2	36	0	0	0	0	224	224	224	224
150	8	75	0	he	True	-2	37	156	316	316	316	92	92	92	92
150	8	30	0	he	True	-2	38	224	224	224	224	32	160	160	160
150	8	121	0	he	True	-2	39	0	0	0	0	168	168	168	168
150	8	28	0	he	True	-2	40	152	152	152	1348	172	172	172	172
150	8	155	0	he	True	-2	41	0	0	0	0	184	184	184	244
150	8	104	0	he	True	-2	42	0	0	0	0	172	172	172	172
150	8	14	0	he	True	-2	43	120	120	120	120	188	188	188	188
154	11	68	0	his	True	-7	1	208	208	208	208	164	164	420	728
154	11	174	0	his	True	-7	2	0	0	0	0	192	192	192	492
154	11	106	0	his	True	-7	3	128	280	280	280	232	232	232	232
154	11	132	0	his	True	-7	4	0	0	0	0	508	508	508	508
154	11	43	0	his	True	-7	5	0	0	0	0	136	136	944	1236
154	11	138	0	his	True	-7	6	0	0	0	0	188	188	188	1424
154	11	70	0	his	True	-7	7	124	124	124	124	108	108	108	1296
154	11	40	0	his	True	-7	8	316	460	460	1024	0	0	0	0
154	11	197	0	his	True	-7	10	344	344	720	1676	0	0	0	0
154	11	38	0	his	True	-7	11	188	748	748	828	168	168	168	168
154	11	124	0	his	True	-7	12	100	100	172	900	0	0	0	0
154	11	173	0	his	True	-7	13	260	260	260	260	472	472	472	708
154	11	145	0	his	True	-7	14	0	0	0	0	204	204	204	496
154	11	65	0	his	True	-7	15	444	696	696	1116	0	0	0	0
154	11	161	0	his	True	-7	16	240	536	536	536	140	708	708	708
154	11	40	0	his	True	-7	17	0	0	0	0	280	280	280	724
154	11	195	0	his	True	-7	18	164	164	164	260	252	252	252	252
154	11	182	0	his	True	-7	19	228	228	228	860	0	0	0	0
154	11	183	0	his	True	-7	20	0	0	0	0	324	372	1012	1836
154	11	61	0	his	True	-7	21	0	0	0	0	416	416	416	416
154	11	12	0	his	True	-7	22	432	1084	1084	1084	0	0	0	0
154	11	154	0	his	True	-7	23	164	164	164	164	188	188	620	4196
154	11	88	0	his	True	-7	24	0	0	0	0	200	200	200	368
154	11	179	0	his	True	-7	25	0	0	0	0	212	212	212	620
154	11	95	0	his	True	-7	27	220	220	220	668	0	0	0	0
154	11	32	0	his	True	-7	28	324	324	324	324	296	296	296	296
154	11	175	0	his	True	-7	29	164	164	164	164	152	252	252	532
154	11	129	0	his	True	-7	30	0	0	0	0	252	252	440	996
154	11	185	0	his	True	-7	31	0	0	0	0	376	376	376	376
154	11	37	0	his	True	-7	32	192	192	192	192	216	216	432	612
154	11	42	0	his	True	-7	33	288	448	580	2684	0	0	0	0
154	11	4	0	his	True	-7	34	192	192	192	192	168	280	280	280
154	11	60	0	his	True	-7	35	164	164	164	164	176	176	176	620
154	11	28	0	his	True	-7	36	232	232	232	232	164	164	164	832
154	11	193	0	his	True	-7	37	144	144	144	144	184	184	184	544
154	11	74	0	his	True	-7	38	276	276	276	276	72	72	72	440
154	11	194	0	his	True	-7	39	0	0	0	0	172	172	172	376
154	11	40	0	his	True	-7	40	216	216	216	216	236	328	328	2696
154	11	8	0	his	True	-7	41	212	476	476	816	0	0	0	0
154	11	26	0	his	True	-7	42	412	412	412	412	292	424	424	2152
154	11	30	0	his	True	-7	43	160	564	564	564	0	0	0	0
156	3	116	0	his	True	-3	1	220	220	220	220	228	228	228	228
156	3	39	0	his	True	-3	2	176	176	332	500	0	0	0	0
156	3	149	0	his	True	-3	3	204	204	204	204	148	148	148	148
156	3	61	0	his	True	-3	4	224	224	224	224	0	0	0	0
156	3	125	0	his	True	-3	5	0	0	0	0	196	196	196	676
156	3	188	0	his	True	-3	6	128	128	128	128	0	0	0	0
156	3	81	0	his	True	-3	7	0	0	0	0	160	160	160	160
156	3	76	0	his	True	-3	8	148	276	276	276	128	128	128	128
156	3	158	0	his	True	-3	10	80	80	80	80	144	144	144	144
156	3	152	0	his	True	-3	11	224	224	356	500	140	140	140	140
156	3	191	0	his	True	-3	12	124	124	124	124	0	0	0	0
156	3	40	0	his	True	-3	13	220	220	220	220	0	0	0	0
156	3	98	0	his	True	-3	14	152	152	152	152	272	272	272	272
156	3	107	0	his	True	-3	15	0	0	0	0	136	264	264	264
156	3	154	0	his	True	-3	16	184	184	184	184	156	156	156	156
156	3	18	0	his	True	-3	17	156	156	156	156	0	0	0	0
156	3	17	0	his	True	-3	18	0	0	0	0	244	244	244	244
156	3	127	0	his	True	-3	19	220	220	220	220	0	0	0	0
156	3	161	0	his	True	-3	20	120	120	120	120	0	0	0	0
156	3	1	0	his	True	-3	21	0	0	0	0	192	192	192	192
156	3	201	0	his	True	-3	22	0	0	0	0	180	324	324	324
156	3	152	0	his	True	-3	23	212	212	212	212	284	284	284	284
156	3	109	0	his	True	-3	24	148	148	148	148	0	0	0	0
156	3	39	0	his	True	-3	25	148	148	148	228	268	328	328	328
156	3	122	0	his	True	-3	27	280	280	280	280	0	0	0	0
156	3	12	0	his	True	-3	28	0	0	0	0	104	104	348	656
156	3	92	0	his	True	-3	29	0	0	0	0	204	360	360	360
156	3	105	0	his	True	-3	30	264	264	264	264	176	176	176	176
156	3	133	0	his	True	-3	31	128	128	128	128	0	0	0	0
156	3	6	0	his	True	-3	32	0	0	0	0	0	0	0	0
156	3	31	0	his	True	-3	33	204	204	204	204	120	120	120	120
156	3	133	0	his	True	-3	34	160	160	160	160	0	0	0	0
156	3	133	0	his	True	-3	35	176	176	176	176	164	164	164	164
156	3	149	0	his	True	-3	36	0	0	0	0	120	120	120	120
156	3	80	0	his	True	-3	37	120	120	120	120	0	0	0	0
156	3	153	0	his	True	-3	38	0	0	0	0	188	344	344	344
156	3	179	0	his	True	-3	39	236	236	236	236	232	232	232	232
156	3	194	0	his	True	-3	40	0	0	0	0	0	0	0	0
156	3	182	0	his	True	-3	41	0	0	0	0	232	232	388	732
156	3	77	0	his	True	-3	42	116	116	116	116	124	124	124	124
156	3	22	0	his	True	-3	43	192	192	192	192	0	0	0	0
156	6	116	0	his	True	-2	1	268	268	268	268	156	156	156	312
156	6	39	0	his	True	-2	2	0	0	0	0	148	284	284	284
156	6	149	0	his	True	-2	3	128	128	128	128	268	268	268	268
156	6	61	0	his	True	-2	4	0	0	0	0	280	280	280	280
156	6	125	0	his	True	-2	5	220	220	220	220	192	192	192	192
156	6	188	0	his	True	-2	6	0	0	0	0	0	0	0	0
156	6	81	0	his	True	-2	7	0	0	0	0	208	208	208	276
156	6	76	0	his	True	-2	8	0	0	0	0	148	148	148	148
156	6	158	0	his	True	-2	10	0	0	0	0	184	276	276	276
156	6	152	0	his	True	-2	11	140	140	140	140	0	0	0	0
156	6	191	0	his	True	-2	12	0	0	0	0	108	108	108	108
156	6	40	0	his	True	-2	13	0	0	0	0	276	276	276	276
156	6	98	0	his	True	-2	14	0	0	0	0	256	256	256	324
156	6	107	0	his	True	-2	15	0	0	0	0	140	140	140	140
156	6	154	0	his	True	-2	16	232	232	232	232	188	336	336	336
156	6	18	0	his	True	-2	17	0	0	0	0	276	276	276	276
156	6	17	0	his	True	-2	18	0	0	0	0	184	184	184	184
156	6	127	0	his	True	-2	19	156	156	156	156	132	132	132	132
156	6	161	0	his	True	-2	20	0	0	0	0	140	140	140	140
156	6	1	0	his	True	-2	21	192	192	192	192	164	164	164	164
156	6	201	0	his	True	-2	22	0	0	0	0	184	184	184	184
156	6	152	0	his	True	-2	23	108	108	108	108	204	504	504	504
156	6	109	0	his	True	-2	24	232	232	232	232	128	128	128	128
156	6	39	0	his	True	-2	25	0	0	0	0	216	340	340	340
156	6	122	0	his	True	-2	27	172	172	172	172	228	228	228	228
156	6	12	0	his	True	-2	28	0	0	0	0	152	152	152	332
156	6	92	0	his	True	-2	29	0	0	0	0	196	196	196	196
156	6	105	0	his	True	-2	30	448	448	448	868	120	120	372	884
156	6	133	0	his	True	-2	31	0	0	0	0	256	256	256	256
156	6	6	0	his	True	-2	32	0	0	0	0	236	236	476	2152
156	6	31	0	his	True	-2	33	0	0	0	0	220	392	392	392
156	6	133	0	his	True	-2	34	208	208	208	208	172	172	172	172
156	6	133	0	his	True	-2	35	144	144	144	144	0	0	0	0
156	6	149	0	his	True	-2	36	0	0	0	0	188	188	188	188
156	6	80	0	his	True	-2	37	156	156	156	156	188	188	188	188
156	6	153	0	his	True	-2	38	0	0	0	0	244	244	244	244
156	6	179	0	his	True	-2	39	0	0	0	0	136	136	136	136
156	6	194	0	his	True	-2	40	0	0	0	0	140	140	140	524
156	6	182	0	his	True	-2	41	152	152	152	152	168	168	168	168
156	6	77	0	his	True	-2	42	0	0	0	0	196	196	196	196
156	6	22	0	his	True	-2	43	200	200	200	200	68	68	68	68
156	11	116	0	his	True	-4	1	252	252	492	624	240	388	564	1936
156	11	39	0	his	True	-4	2	0	0	0	0	204	204	660	824
156	11	149	0	his	True	-4	3	188	344	344	344	148	148	148	148
156	11	61	0	his	True	-4	4	300	300	300	300	388	388	388	584
156	11	125	0	his	True	-4	5	0	0	0	0	212	212	212	720
156	11	188	0	his	True	-4	6	148	148	148	148	0	0	0	0
156	11	81	0	his	True	-4	7	0	0	0	0	96	96	324	1200
156	11	76	0	his	True	-4	8	336	336	336	336	276	276	276	276
156	11	158	0	his	True	-4	10	272	272	508	548	192	192	528	2196
156	11	152	0	his	True	-4	11	208	208	208	208	216	216	216	388
156	11	191	0	his	True	-4	12	0	0	0	0	168	168	688	2068
156	11	40	0	his	True	-4	13	204	204	204	204	312	312	312	692
156	11	98	0	his	True	-4	14	324	324	660	1072	132	132	132	268
156	11	107	0	his	True	-4	15	672	672	672	860	0	0	0	0
156	11	154	0	his	True	-4	16	124	124	124	124	336	712	712	912
156	11	18	0	his	True	-4	17	0	0	0	0	224	224	360	868
156	11	17	0	his	True	-4	18	200	200	464	1172	0	0	0	0
156	11	127	0	his	True	-4	19	512	640	640	640	192	192	192	1320
156	11	161	0	his	True	-4	20	164	164	164	164	180	180	444	1264
156	11	1	0	his	True	-4	21	144	144	144	144	180	180	520	968
156	11	201	0	his	True	-4	22	0	0	0	0	164	164	164	164
156	11	152	0	his	True	-4	23	200	200	200	200	204	204	204	392
156	11	109	0	his	True	-4	24	312	312	312	764	104	104	104	280
156	11	39	0	his	True	-4	25	284	284	284	284	312	312	696	960
156	11	122	0	his	True	-4	27	332	332	332	548	180	248	248	884
156	11	12	0	his	True	-4	28	164	328	328	328	240	240	240	240
156	11	92	0	his	True	-4	29	180	180	180	180	152	268	268	468
156	11	105	0	his	True	-4	30	284	284	284	284	368	368	368	1080
156	11	133	0	his	True	-4	31	0	0	0	0	0	0	0	0
156	11	6	0	his	True	-4	32	196	356	748	1436	264	264	748	1880
156	11	31	0	his	True	-4	33	180	180	924	2556	72	72	72	344
156	11	133	0	his	True	-4	34	336	336	336	336	188	188	280	460
156	11	133	0	his	True	-4	35	164	164	164	164	128	128	128	128
156	11	149	0	his	True	-4	36	0	0	0	0	392	392	392	392
156	11	80	0	his	True	-4	37	180	292	292	292	148	148	284	1516
156	11	153	0	his	True	-4	38	188	188	188	188	224	224	224	464
156	11	179	0	his	True	-4	39	200	200	572	2124	0	0	0	0
156	11	194	0	his	True	-4	40	0	0	0	0	0	0	0	0
156	11	182	0	his	True	-4	41	168	488	596	844	0	0	0	0
156	11	77	0	his	True	-4	42	144	144	144	144	168	168	168	1400
156	11	22	0	his	True	-4	43	268	612	612	708	0	0	0	0
157	8	91	0	him	True	-8	1	168	168	168	168	0	0	0	0
157	8	22	0	him	True	-8	2	152	152	152	260	0	0	0	0
157	8	169	0	him	True	-8	3	132	280	280	280	0	0	0	0
157	8	71	0	him	True	-8	4	0	0	0	0	164	164	164	164
157	8	107	0	him	True	-8	5	176	176	176	176	0	0	0	0
157	8	48	0	him	True	-8	6	0	0	0	0	0	0	0	0
157	8	112	0	him	True	-8	7	128	128	128	128	0	0	0	0
157	8	108	0	him	True	-8	8	0	0	0	0	148	148	148	148
157	8	129	0	him	True	-8	10	0	0	0	0	172	172	172	172
157	8	53	0	him	True	-8	11	0	0	0	0	148	148	148	148
157	8	116	0	him	True	-8	12	100	100	100	100	0	0	0	0
157	8	174	0	him	True	-8	13	0	0	0	0	240	240	240	240
157	8	23	0	him	True	-8	14	0	0	0	0	188	188	188	188
157	8	47	0	him	True	-8	15	0	0	0	0	0	0	0	0
157	8	149	0	him	True	-8	16	180	180	180	180	0	0	0	0
157	8	82	0	him	True	-8	17	84	84	84	84	0	0	0	0
157	8	164	0	him	True	-8	18	156	156	156	156	0	0	0	0
157	8	3	0	him	True	-8	19	0	0	0	0	216	216	216	216
157	8	121	0	him	True	-8	20	0	0	0	0	0	0	0	0
157	8	141	0	him	True	-8	21	148	148	148	148	0	0	0	0
157	8	57	0	him	True	-8	22	160	160	160	160	0	0	0	0
157	8	8	0	him	True	-8	23	248	248	248	248	0	0	0	0
157	8	28	0	him	True	-8	24	164	164	164	164	0	0	0	0
157	8	180	0	him	True	-8	25	0	0	0	0	0	0	0	0
157	8	7	0	him	True	-8	27	0	0	0	0	0	0	0	0
157	8	18	0	him	True	-8	28	184	184	184	184	180	180	180	180
157	8	73	0	him	True	-8	29	196	196	196	196	0	0	0	0
157	8	176	0	him	True	-8	30	0	0	0	0	116	116	116	116
157	8	103	0	him	True	-8	31	180	180	180	180	0	0	0	0
157	8	58	0	him	True	-8	32	224	224	224	224	0	0	0	0
157	8	5	0	him	True	-8	33	164	164	164	164	0	0	0	0
157	8	171	0	him	True	-8	34	0	0	0	0	108	108	108	108
157	8	56	0	him	True	-8	35	172	172	172	172	0	0	0	0
157	8	125	0	him	True	-8	36	180	180	180	180	0	0	0	0
157	8	40	0	him	True	-8	37	152	152	152	152	176	176	176	176
157	8	64	0	him	True	-8	38	0	0	0	0	228	228	228	228
157	8	24	0	him	True	-8	39	148	148	148	148	0	0	0	0
157	8	45	0	him	True	-8	40	0	0	0	0	136	136	136	136
157	8	73	0	him	True	-8	41	144	144	144	144	204	204	204	204
157	8	117	0	him	True	-8	42	0	0	0	0	168	168	168	168
157	8	189	0	him	True	-8	43	144	144	144	144	0	0	0	0
157	9	91	0	he	True	-1	1	0	0	0	0	300	300	300	476
157	9	22	0	he	True	-1	2	0	0	0	0	128	128	128	128
157	9	169	0	he	True	-1	3	0	0	0	0	216	216	216	216
157	9	71	0	he	True	-1	4	164	164	164	164	252	252	252	252
157	9	107	0	he	True	-1	5	0	0	0	0	0	0	0	0
157	9	48	0	he	True	-1	6	0	0	0	0	0	0	0	0
157	9	112	0	he	True	-1	7	0	0	0	0	0	0	0	0
157	9	108	0	he	True	-1	8	148	148	148	148	240	240	240	240
157	9	129	0	he	True	-1	10	172	172	172	172	0	0	0	0
157	9	53	0	he	True	-1	11	148	148	148	148	148	148	148	148
157	9	116	0	he	True	-1	12	0	0	0	0	256	256	256	256
157	9	174	0	he	True	-1	13	240	240	240	240	0	0	0	0
157	9	23	0	he	True	-1	14	188	188	188	188	0	0	0	0
157	9	47	0	he	True	-1	15	0	0	0	0	148	148	148	148
157	9	149	0	he	True	-1	16	0	0	0	0	212	212	212	212
157	9	82	0	he	True	-1	17	0	0	0	0	256	256	256	256
157	9	164	0	he	True	-1	18	0	0	0	0	236	236	236	236
157	9	3	0	he	True	-1	19	216	216	216	216	0	0	0	0
157	9	121	0	he	True	-1	20	0	0	0	0	140	140	140	140
157	9	141	0	he	True	-1	21	0	0	0	0	0	0	0	0
157	9	57	0	he	True	-1	22	0	0	0	0	164	164	164	164
157	9	8	0	he	True	-1	23	0	0	0	0	176	348	348	348
157	9	28	0	he	True	-1	24	0	0	0	0	0	0	0	0
157	9	180	0	he	True	-1	25	0	0	0	0	200	200	200	200
157	9	7	0	he	True	-1	27	0	0	0	0	268	268	268	268
157	9	18	0	he	True	-1	28	180	180	180	180	0	0	0	0
157	9	73	0	he	True	-1	29	0	0	0	0	216	216	216	216
157	9	176	0	he	True	-1	30	116	116	116	116	236	236	236	236
157	9	103	0	he	True	-1	31	0	0	0	0	0	0	0	0
157	9	58	0	he	True	-1	32	0	0	0	0	200	392	392	392
157	9	5	0	he	True	-1	33	0	0	0	0	184	184	184	184
157	9	171	0	he	True	-1	34	108	108	108	108	0	0	0	0
157	9	56	0	he	True	-1	35	0	0	0	0	172	172	172	172
157	9	125	0	he	True	-1	36	0	0	0	0	0	0	0	0
157	9	40	0	he	True	-1	37	176	176	176	176	108	108	108	108
157	9	64	0	he	True	-1	38	228	228	228	228	0	0	0	0
157	9	24	0	he	True	-1	39	0	0	0	0	0	0	0	0
157	9	45	0	he	True	-1	40	136	136	136	136	0	0	0	0
157	9	73	0	he	True	-1	41	204	204	204	204	108	108	108	108
157	9	117	0	he	True	-1	42	168	168	168	168	0	0	0	0
157	9	189	0	he	True	-1	43	0	0	0	0	100	100	100	100
158	3	12	0	his	True	-3	1	128	252	252	252	0	0	0	0
158	3	138	0	his	True	-3	2	316	316	316	316	0	0	0	0
158	3	198	0	his	True	-3	3	200	200	200	200	112	112	112	112
158	3	40	0	his	True	-3	4	168	168	168	168	0	0	0	0
158	3	20	0	his	True	-3	5	0	0	0	0	0	0	0	0
158	3	69	0	his	True	-3	6	124	124	124	124	120	120	120	120
158	3	31	0	his	True	-3	7	128	128	128	128	104	104	104	104
158	3	123	0	his	True	-3	8	140	140	140	140	0	0	0	0
158	3	83	0	his	True	-3	10	184	184	184	184	108	108	108	108
158	3	110	0	his	True	-3	11	160	160	160	160	132	132	132	132
158	3	175	0	his	True	-3	12	184	184	184	184	140	140	140	140
158	3	94	0	his	True	-3	13	220	220	220	220	176	176	176	176
158	3	74	0	his	True	-3	14	312	312	312	312	0	0	0	0
158	3	16	0	his	True	-3	15	0	0	0	0	188	188	188	188
158	3	137	0	his	True	-3	16	324	324	324	324	188	188	188	188
158	3	175	0	his	True	-3	18	0	0	0	0	184	184	184	184
158	3	152	0	his	True	-3	19	192	192	192	192	104	104	104	104
158	3	17	0	his	True	-3	20	0	0	0	0	176	176	176	332
158	3	158	0	his	True	-3	21	124	124	124	124	140	140	140	140
158	3	184	0	his	True	-3	22	156	156	156	156	224	224	224	224
158	3	60	0	his	True	-3	23	172	172	172	172	228	228	228	228
158	3	82	0	his	True	-3	24	240	240	240	240	176	176	176	176
158	3	189	0	his	True	-3	25	128	128	128	128	148	148	148	148
158	3	27	0	his	True	-3	27	0	0	0	0	148	148	148	148
158	3	125	0	his	True	-3	28	348	348	348	348	424	424	424	424
158	3	33	0	his	True	-3	29	0	0	0	0	0	0	0	0
158	3	125	0	his	True	-3	30	340	340	340	340	264	264	264	264
158	3	72	0	his	True	-3	31	196	196	196	196	0	0	0	0
158	3	17	0	his	True	-3	32	200	200	200	200	124	124	124	124
158	3	182	0	his	True	-3	33	144	144	144	144	168	168	168	168
158	3	156	0	his	True	-3	34	0	0	0	0	216	216	216	216
158	3	167	0	his	True	-3	35	164	164	164	164	200	200	200	200
158	3	69	0	his	True	-3	36	0	0	0	0	0	0	0	0
158	3	141	0	his	True	-3	37	140	140	140	140	148	148	148	148
158	3	55	0	his	True	-3	38	0	0	0	0	260	260	472	780
158	3	25	0	his	True	-3	39	0	0	0	0	292	292	292	480
158	3	49	0	his	True	-3	40	0	0	0	0	184	184	184	184
158	3	60	0	his	True	-3	41	0	0	0	0	0	0	0	0
158	3	7	0	his	True	-3	42	0	0	0	0	0	0	0	0
158	3	151	0	his	True	-3	43	0	0	0	0	256	256	256	256
158	6	12	0	his	True	-2	1	0	0	0	0	28	28	28	260
158	6	138	0	his	True	-2	2	0	0	0	0	208	208	208	208
158	6	198	0	his	True	-2	3	0	0	0	0	136	136	136	136
158	6	40	0	his	True	-2	4	156	156	156	156	212	212	212	212
158	6	20	0	his	True	-2	5	0	0	0	0	200	200	372	792
158	6	69	0	his	True	-2	6	0	0	0	0	128	128	128	128
158	6	31	0	his	True	-2	7	0	0	0	0	168	168	168	208
158	6	123	0	his	True	-2	8	208	208	208	208	0	0	0	0
158	6	83	0	his	True	-2	10	212	324	324	324	60	60	60	60
158	6	110	0	his	True	-2	11	0	0	0	0	180	180	180	180
158	6	175	0	his	True	-2	12	288	288	288	288	124	124	124	124
158	6	94	0	his	True	-2	13	168	168	168	168	340	340	340	340
158	6	74	0	his	True	-2	14	236	236	236	236	112	112	112	112
158	6	16	0	his	True	-2	15	0	0	0	0	132	132	132	132
158	6	137	0	his	True	-2	16	200	200	200	200	208	368	368	368
158	6	175	0	his	True	-2	18	228	228	228	228	0	0	0	0
158	6	152	0	his	True	-2	19	140	140	140	140	88	196	196	196
158	6	17	0	his	True	-2	20	0	0	0	0	152	152	152	152
158	6	158	0	his	True	-2	21	132	132	132	132	136	136	136	136
158	6	184	0	his	True	-2	22	204	204	204	204	200	200	200	256
158	6	60	0	his	True	-2	23	228	228	228	228	264	408	408	408
158	6	82	0	his	True	-2	24	304	304	304	304	144	144	144	372
158	6	189	0	his	True	-2	25	164	284	284	284	0	0	0	0
158	6	27	0	his	True	-2	27	328	328	328	328	0	0	0	0
158	6	125	0	his	True	-2	28	180	180	396	524	396	396	396	396
158	6	33	0	his	True	-2	29	160	160	160	160	136	136	136	136
158	6	125	0	his	True	-2	30	160	160	160	160	352	352	352	516
158	6	72	0	his	True	-2	31	148	148	148	148	140	140	140	140
158	6	17	0	his	True	-2	32	280	280	280	280	156	156	156	156
158	6	182	0	his	True	-2	33	172	172	172	172	32	32	32	32
158	6	156	0	his	True	-2	34	212	212	212	212	180	180	180	180
158	6	167	0	his	True	-2	35	160	160	160	160	160	160	160	160
158	6	69	0	his	True	-2	36	180	180	180	180	0	0	0	0
158	6	141	0	his	True	-2	37	172	172	172	172	144	144	144	144
158	6	55	0	his	True	-2	38	204	204	204	204	264	264	264	264
158	6	25	0	his	True	-2	39	0	0	0	0	216	216	216	216
158	6	49	0	his	True	-2	40	0	0	0	0	176	176	176	176
158	6	60	0	his	True	-2	41	0	0	0	0	252	252	252	984
158	6	7	0	his	True	-2	42	0	0	0	0	0	0	0	0
158	6	151	0	his	True	-2	43	120	120	120	120	156	156	156	156
159	10	5	0	his	True	-7	1	136	136	136	136	236	236	236	236
159	10	117	0	his	True	-7	2	96	96	96	96	164	164	164	164
159	10	78	0	his	True	-7	3	160	160	160	160	172	172	172	172
159	10	174	0	his	True	-7	4	96	96	96	96	148	316	316	316
159	10	111	0	his	True	-7	5	188	188	188	188	436	436	436	2108
159	10	64	0	his	True	-7	6	372	372	372	372	0	0	0	0
159	10	203	0	his	True	-7	7	160	160	160	160	160	160	160	160
159	10	30	0	his	True	-7	8	0	0	0	0	228	228	228	228
159	10	30	0	his	True	-7	9	0	0	0	0	188	188	188	188
159	10	175	0	his	True	-7	10	168	168	168	168	148	148	148	148
159	10	190	0	his	True	-7	11	156	156	156	156	136	272	272	272
159	10	148	0	his	True	-7	12	0	0	0	0	176	176	176	176
159	10	93	0	his	True	-7	13	0	0	0	0	264	264	264	264
159	10	105	0	his	True	-7	14	0	0	0	0	328	328	328	328
159	10	172	0	his	True	-7	15	168	168	168	168	0	0	0	0
159	10	97	0	his	True	-7	16	0	0	0	0	240	436	436	436
159	10	36	0	his	True	-7	17	192	192	192	192	224	320	320	320
159	10	58	0	his	True	-7	18	0	0	0	0	172	172	172	172
159	10	150	0	his	True	-7	19	0	0	0	0	156	300	300	300
159	10	108	0	his	True	-7	20	128	128	128	128	0	0	0	0
159	10	194	0	his	True	-7	21	228	228	228	228	232	232	232	592
159	10	151	0	his	True	-7	22	0	0	0	0	288	464	464	464
159	10	121	0	his	True	-7	23	0	0	0	0	168	544	544	544
159	10	182	0	his	True	-7	24	0	0	0	0	312	312	312	456
159	10	96	0	his	True	-7	25	124	124	124	340	188	316	316	316
159	10	72	0	his	True	-7	27	148	148	148	148	172	432	432	684
159	10	110	0	his	True	-7	28	0	0	0	0	296	440	440	440
159	10	5	0	his	True	-7	29	0	0	0	0	128	244	244	244
159	10	201	0	his	True	-7	30	0	0	0	0	404	404	404	404
159	10	168	0	his	True	-7	31	172	172	172	172	120	120	120	120
159	10	68	0	his	True	-7	32	0	0	0	0	208	364	364	364
159	10	123	0	his	True	-7	33	0	0	0	0	140	264	264	264
159	10	168	0	his	True	-7	34	176	176	176	176	240	240	240	1264
159	10	97	0	his	True	-7	35	208	208	208	208	160	160	160	160
159	10	152	0	his	True	-7	36	200	200	200	200	0	0	0	0
159	10	142	0	his	True	-7	37	164	164	164	164	152	152	152	152
159	10	84	0	his	True	-7	38	0	0	0	0	204	372	372	372
159	10	20	0	his	True	-7	39	140	140	140	140	0	0	0	0
159	10	108	0	his	True	-7	40	0	0	0	0	152	332	332	332
159	10	159	0	his	True	-7	41	244	244	244	244	236	236	236	236
159	10	79	0	his	True	-7	42	212	212	212	528	240	240	240	240
159	10	140	0	his	True	-7	43	176	176	176	176	120	120	120	120
159	10	5	0	I	True	-5	1	136	136	136	136	236	236	236	236
159	10	117	0	I	True	-5	2	96	96	96	96	164	164	164	164
159	10	78	0	I	True	-5	3	160	160	160	160	172	172	172	172
159	10	174	0	I	True	-5	4	96	96	96	96	148	316	316	316
159	10	111	0	I	True	-5	5	188	188	188	188	436	436	436	2108
159	10	64	0	I	True	-5	6	372	372	372	372	0	0	0	0
159	10	203	0	I	True	-5	7	160	160	160	160	160	160	160	160
159	10	30	0	I	True	-5	8	0	0	0	0	228	228	228	228
159	10	30	0	I	True	-5	9	0	0	0	0	188	188	188	188
159	10	175	0	I	True	-5	10	168	168	168	168	148	148	148	148
159	10	190	0	I	True	-5	11	156	156	156	156	136	272	272	272
159	10	148	0	I	True	-5	12	0	0	0	0	176	176	176	176
159	10	93	0	I	True	-5	13	0	0	0	0	264	264	264	264
159	10	105	0	I	True	-5	14	0	0	0	0	328	328	328	328
159	10	172	0	I	True	-5	15	168	168	168	168	0	0	0	0
159	10	97	0	I	True	-5	16	0	0	0	0	240	436	436	436
159	10	36	0	I	True	-5	17	192	192	192	192	224	320	320	320
159	10	58	0	I	True	-5	18	0	0	0	0	172	172	172	172
159	10	150	0	I	True	-5	19	0	0	0	0	156	300	300	300
159	10	108	0	I	True	-5	20	128	128	128	128	0	0	0	0
159	10	194	0	I	True	-5	21	228	228	228	228	232	232	232	592
159	10	151	0	I	True	-5	22	0	0	0	0	288	464	464	464
159	10	121	0	I	True	-5	23	0	0	0	0	168	544	544	544
159	10	182	0	I	True	-5	24	0	0	0	0	312	312	312	456
159	10	96	0	I	True	-5	25	124	124	124	340	188	316	316	316
159	10	72	0	I	True	-5	27	148	148	148	148	172	432	432	684
159	10	110	0	I	True	-5	28	0	0	0	0	296	440	440	440
159	10	5	0	I	True	-5	29	0	0	0	0	128	244	244	244
159	10	201	0	I	True	-5	30	0	0	0	0	404	404	404	404
159	10	168	0	I	True	-5	31	172	172	172	172	120	120	120	120
159	10	68	0	I	True	-5	32	0	0	0	0	208	364	364	364
159	10	123	0	I	True	-5	33	0	0	0	0	140	264	264	264
159	10	168	0	I	True	-5	34	176	176	176	176	240	240	240	1264
159	10	97	0	I	True	-5	35	208	208	208	208	160	160	160	160
159	10	152	0	I	True	-5	36	200	200	200	200	0	0	0	0
159	10	142	0	I	True	-5	37	164	164	164	164	152	152	152	152
159	10	84	0	I	True	-5	38	0	0	0	0	204	372	372	372
159	10	20	0	I	True	-5	39	140	140	140	140	0	0	0	0
159	10	108	0	I	True	-5	40	0	0	0	0	152	332	332	332
159	10	159	0	I	True	-5	41	244	244	244	244	236	236	236	236
159	10	79	0	I	True	-5	42	212	212	212	528	240	240	240	240
159	10	140	0	I	True	-5	43	176	176	176	176	120	120	120	120
161	9	29	0	it	False	-4	1	0	0	0	0	216	216	216	216
161	9	13	0	it	False	-4	2	0	0	0	0	0	0	0	0
161	9	191	0	it	False	-4	3	380	380	380	380	0	0	0	0
161	9	51	0	it	False	-4	4	0	0	0	0	288	288	288	288
161	9	133	0	it	False	-4	5	0	0	0	0	0	0	0	0
161	9	152	0	it	False	-4	6	0	0	0	0	0	0	0	0
161	9	28	0	it	False	-4	7	0	0	0	0	0	0	0	0
161	9	66	0	it	False	-4	8	0	0	0	0	188	188	188	188
161	9	35	0	it	False	-4	9	0	0	0	0	0	0	0	0
161	9	18	0	it	False	-4	10	124	124	124	124	0	0	0	0
161	9	95	0	it	False	-4	11	256	256	256	256	76	76	76	236
161	9	4	0	it	False	-4	12	0	0	0	0	0	0	0	0
161	9	89	0	it	False	-4	13	0	0	0	0	216	216	216	216
161	9	73	0	it	False	-4	14	0	0	0	0	160	160	160	160
161	9	10	0	it	False	-4	15	124	124	124	124	0	0	0	0
161	9	178	0	it	False	-4	16	116	116	116	116	0	0	0	0
161	9	15	0	it	False	-4	18	0	0	0	0	288	288	288	288
161	9	169	0	it	False	-4	19	0	0	0	0	256	256	256	256
161	9	141	0	it	False	-4	20	0	0	0	0	0	0	0	0
161	9	31	0	it	False	-4	21	0	0	0	0	0	0	0	0
161	9	173	0	it	False	-4	22	0	0	0	0	0	0	0	0
161	9	127	0	it	False	-4	23	168	168	168	168	360	360	360	360
161	9	186	0	it	False	-4	24	0	0	0	0	0	0	0	0
161	9	24	0	it	False	-4	25	0	0	0	0	0	0	0	0
161	9	147	0	it	False	-4	27	0	0	0	0	256	256	256	256
161	9	165	0	it	False	-4	28	128	128	128	128	0	0	0	0
161	9	102	0	it	False	-4	29	0	0	0	0	164	164	164	164
161	9	65	0	it	False	-4	30	204	204	204	204	0	0	0	0
161	9	90	0	it	False	-4	31	0	0	0	0	0	0	0	0
161	9	145	0	it	False	-4	32	0	0	0	0	200	200	200	200
161	9	166	0	it	False	-4	33	0	0	0	0	168	168	168	168
161	9	6	0	it	False	-4	34	176	176	176	176	0	0	0	0
161	9	92	0	it	False	-4	35	0	0	0	0	0	0	0	0
161	9	72	0	it	False	-4	36	0	0	0	0	0	0	0	0
161	9	176	0	it	False	-4	37	0	0	0	0	156	156	156	156
161	9	40	0	it	False	-4	38	0	0	0	0	0	0	0	0
161	9	46	0	it	False	-4	39	0	0	0	0	0	0	0	0
161	9	199	0	it	False	-4	40	148	148	148	944	0	0	0	0
161	9	194	0	it	False	-4	41	220	220	220	220	284	284	284	284
161	9	45	0	it	False	-4	42	0	0	0	0	132	132	132	132
161	9	84	0	it	False	-4	43	0	0	0	0	0	0	0	0
162	8	52	0	his	False	-4	1	248	248	248	408	216	216	216	216
162	8	171	0	his	False	-4	2	0	0	0	0	140	140	140	140
162	8	90	0	his	False	-4	3	224	224	224	224	164	164	164	164
162	8	175	0	his	False	-4	4	260	260	260	260	132	132	132	132
162	8	99	0	his	False	-4	5	300	300	300	300	168	168	168	168
162	8	19	0	his	False	-4	6	144	144	144	144	0	0	0	0
162	8	4	0	his	False	-4	7	164	164	164	164	0	0	0	0
162	8	183	0	his	False	-4	8	192	192	192	192	156	156	156	156
162	8	91	0	his	False	-4	10	0	0	0	0	144	144	144	144
162	8	158	0	his	False	-4	11	196	196	196	196	148	148	148	148
162	8	42	0	his	False	-4	12	0	0	0	0	184	292	292	292
162	8	51	0	his	False	-4	13	200	200	200	200	208	208	208	208
162	8	188	0	his	False	-4	14	140	140	140	140	156	156	156	156
162	8	187	0	his	False	-4	15	0	0	0	0	156	156	156	156
162	8	183	0	his	False	-4	16	148	148	148	148	160	160	160	160
162	8	162	0	his	False	-4	17	204	204	204	204	248	248	248	248
162	8	110	0	his	False	-4	18	220	220	220	220	0	0	0	0
162	8	197	0	his	False	-4	19	220	220	220	220	152	152	152	152
162	8	172	0	his	False	-4	20	0	0	0	0	236	236	236	236
162	8	128	0	his	False	-4	21	164	164	164	164	320	320	320	1040
162	8	22	0	his	False	-4	22	316	316	316	316	208	208	208	208
162	8	115	0	his	False	-4	23	272	272	272	272	220	220	220	220
162	8	38	0	his	False	-4	24	0	0	0	0	192	192	192	192
162	8	196	0	his	False	-4	25	184	184	184	184	168	168	168	168
162	8	150	0	his	False	-4	27	296	296	296	648	296	424	424	540
162	8	162	0	his	False	-4	28	0	0	0	0	240	240	240	240
162	8	11	0	his	False	-4	29	180	180	180	180	0	0	0	0
162	8	205	0	his	False	-4	30	696	696	696	696	268	268	268	268
162	8	180	0	his	False	-4	31	160	160	160	160	0	0	0	0
162	8	124	0	his	False	-4	32	200	200	200	200	248	248	248	248
162	8	155	0	his	False	-4	33	56	56	56	660	132	280	280	280
162	8	88	0	his	False	-4	34	200	200	200	200	144	144	144	144
162	8	75	0	his	False	-4	35	0	0	0	0	160	160	160	160
162	8	23	0	his	False	-4	36	184	184	184	184	0	0	0	0
162	8	3	0	his	False	-4	37	148	148	148	148	276	276	276	276
162	8	85	0	his	False	-4	38	216	216	216	332	0	0	0	0
162	8	31	0	his	False	-4	39	0	0	0	0	236	236	236	236
162	8	130	0	his	False	-4	40	0	0	0	0	144	144	144	280
162	8	126	0	his	False	-4	41	168	284	284	284	176	176	176	176
162	8	126	0	his	False	-4	42	188	188	188	188	176	176	176	176
162	8	188	0	his	False	-4	43	0	0	0	0	136	136	136	136
162	11	52	0	his	False	-3	1	396	396	396	396	628	628	628	1968
162	11	171	0	his	False	-3	2	0	0	0	0	464	464	464	464
162	11	90	0	his	False	-3	3	220	220	220	220	0	0	0	0
162	11	175	0	his	False	-3	4	192	192	384	652	136	136	264	3060
162	11	99	0	his	False	-3	5	0	0	0	0	168	168	168	820
162	11	19	0	his	False	-3	6	0	0	0	0	0	0	0	0
162	11	4	0	his	False	-3	7	212	212	212	1224	172	172	460	620
162	11	183	0	his	False	-3	8	0	0	0	0	188	188	188	188
162	11	91	0	his	False	-3	10	0	0	0	0	264	264	264	1536
162	11	158	0	his	False	-3	11	188	188	188	364	168	168	168	168
162	11	42	0	his	False	-3	12	124	124	512	1484	0	0	0	0
162	11	51	0	his	False	-3	13	0	0	0	0	288	600	600	904
162	11	188	0	his	False	-3	14	0	0	0	0	156	156	156	832
162	11	187	0	his	False	-3	15	256	256	560	880	172	172	172	536
162	11	183	0	his	False	-3	16	224	224	320	1352	0	0	0	0
162	11	162	0	his	False	-3	17	0	0	0	0	232	232	232	852
162	11	110	0	his	False	-3	18	212	212	212	212	316	316	316	316
162	11	197	0	his	False	-3	19	0	0	0	0	220	220	220	1464
162	11	172	0	his	False	-3	20	0	0	0	0	200	200	432	2568
162	11	128	0	his	False	-3	21	196	196	196	196	184	184	304	596
162	11	22	0	his	False	-3	22	0	0	0	0	232	232	824	1204
162	11	115	0	his	False	-3	23	0	0	0	0	244	244	1064	1804
162	11	38	0	his	False	-3	24	0	0	0	0	100	100	296	1868
162	11	196	0	his	False	-3	25	196	196	384	724	292	292	472	804
162	11	150	0	his	False	-3	27	264	264	264	264	0	0	0	0
162	11	162	0	his	False	-3	28	0	0	0	0	160	160	160	328
162	11	11	0	his	False	-3	29	156	156	156	156	100	100	100	792
162	11	205	0	his	False	-3	30	0	0	0	0	292	720	720	720
162	11	180	0	his	False	-3	31	148	148	148	148	268	268	268	268
162	11	124	0	his	False	-3	32	248	248	248	248	244	244	244	244
162	11	155	0	his	False	-3	33	120	120	120	120	0	0	0	0
162	11	88	0	his	False	-3	34	0	0	0	0	196	400	400	400
162	11	75	0	his	False	-3	35	188	188	188	188	172	172	172	172
162	11	23	0	his	False	-3	36	0	0	0	0	0	0	0	0
162	11	3	0	his	False	-3	37	0	0	0	0	316	316	412	2440
162	11	85	0	his	False	-3	38	180	180	180	180	292	292	532	2784
162	11	31	0	his	False	-3	39	212	212	212	856	0	0	0	0
162	11	130	0	his	False	-3	40	0	0	0	0	200	200	200	676
162	11	126	0	his	False	-3	41	0	0	0	0	112	112	112	436
162	11	126	0	his	False	-3	42	0	0	0	0	252	252	252	1352
162	11	188	0	his	False	-3	43	240	240	240	896	0	0	0	0
163	11	38	0	he	False	-4	1	0	0	0	0	180	180	180	632
163	11	177	0	he	False	-4	2	0	0	0	0	172	616	616	940
163	11	201	0	he	False	-4	3	0	0	0	0	428	428	428	428
163	11	197	0	he	False	-4	4	0	0	0	0	208	208	208	804
163	11	10	0	he	False	-4	5	0	0	0	0	184	184	660	1876
163	11	8	0	he	False	-4	6	0	0	0	0	332	332	332	904
163	11	45	0	he	False	-4	7	0	0	0	0	168	168	844	2276
163	11	138	0	he	False	-4	8	0	0	0	0	316	316	316	316
163	11	173	0	he	False	-4	10	0	0	0	0	276	376	632	1696
163	11	157	0	he	False	-4	11	0	0	0	0	228	312	312	476
163	11	24	0	he	False	-4	12	204	204	204	204	312	312	312	756
163	11	201	0	he	False	-4	13	0	0	0	0	208	556	556	556
163	11	7	0	he	False	-4	14	0	0	0	0	376	460	460	460
163	11	99	0	he	False	-4	15	204	204	204	204	236	236	236	236
163	11	31	0	he	False	-4	16	0	0	0	0	268	268	268	1704
163	11	38	0	he	False	-4	17	0	0	0	0	164	164	212	760
163	11	62	0	he	False	-4	18	0	0	0	0	284	332	332	484
163	11	76	0	he	False	-4	19	0	0	0	0	352	352	352	748
163	11	25	0	he	False	-4	20	196	196	196	196	188	188	388	2012
163	11	115	0	he	False	-4	21	440	564	564	564	200	200	200	200
163	11	197	0	he	False	-4	22	0	0	0	0	212	212	456	1000
163	11	111	0	he	False	-4	23	160	160	160	160	212	520	520	2520
163	11	45	0	he	False	-4	24	0	0	0	0	152	152	504	744
163	11	50	0	he	False	-4	25	0	0	0	0	224	224	224	328
163	11	62	0	he	False	-4	27	0	0	0	0	328	328	328	1012
163	11	205	0	he	False	-4	28	0	0	0	0	260	656	656	656
163	11	162	0	he	False	-4	29	124	124	124	124	272	272	272	604
163	11	169	0	he	False	-4	30	0	0	0	0	316	752	752	752
163	11	161	0	he	False	-4	31	0	0	0	0	288	288	288	288
163	11	151	0	he	False	-4	32	0	0	0	0	244	244	244	244
163	11	59	0	he	False	-4	33	0	0	0	0	204	300	392	1124
163	11	35	0	he	False	-4	34	0	0	0	0	0	0	0	0
163	11	9	0	he	False	-4	35	200	200	200	200	344	576	576	752
163	11	35	0	he	False	-4	36	0	0	0	0	0	0	0	0
163	11	181	0	he	False	-4	37	0	0	0	0	80	80	288	676
163	11	90	0	he	False	-4	38	0	0	0	0	280	280	280	660
163	11	142	0	he	False	-4	39	0	0	0	0	216	216	216	500
163	11	176	0	he	False	-4	40	0	0	0	0	0	0	0	0
163	11	186	0	he	False	-4	41	272	272	272	272	116	268	268	584
163	11	57	0	he	False	-4	42	0	0	0	0	268	484	484	484
163	11	141	0	he	False	-4	43	0	0	0	0	220	376	376	708
172	6	185	0	him	True	-6	1	368	368	368	368	0	0	0	0
172	6	178	0	him	True	-6	2	176	176	176	176	0	0	0	0
172	6	111	0	him	True	-6	3	168	168	168	168	180	180	180	180
172	6	99	0	him	True	-6	4	0	0	0	0	0	0	0	0
172	6	179	0	him	True	-6	5	0	0	0	0	212	212	212	212
172	6	169	0	him	True	-6	6	0	0	0	0	116	116	116	116
172	6	128	0	him	True	-6	7	0	0	0	0	144	144	144	144
172	6	186	0	him	True	-6	8	192	192	192	192	0	0	0	0
172	6	172	0	him	True	-6	10	216	280	280	280	0	0	0	0
172	6	47	0	him	True	-6	11	220	220	444	1772	0	0	0	0
172	6	103	0	him	True	-6	12	124	124	124	268	0	0	0	0
172	6	168	0	him	True	-6	13	0	0	0	0	248	248	248	248
172	6	5	0	him	True	-6	14	0	0	0	0	112	112	288	508
172	6	81	0	him	True	-6	15	256	256	384	1044	0	0	0	0
172	6	153	0	him	True	-6	16	152	308	308	308	0	0	0	0
172	6	96	0	him	True	-6	17	264	264	264	264	0	0	0	0
172	6	1	0	him	True	-6	18	0	0	0	0	176	176	176	176
172	6	14	0	him	True	-6	19	200	200	200	200	0	0	0	0
172	6	182	0	him	True	-6	20	140	140	140	140	172	172	172	172
172	6	197	0	him	True	-6	21	140	140	140	140	148	148	148	148
172	6	161	0	him	True	-6	22	412	412	412	412	0	0	0	0
172	6	163	0	him	True	-6	23	380	380	380	380	372	372	372	372
172	6	130	0	him	True	-6	24	224	224	224	224	152	152	152	152
172	6	143	0	him	True	-6	25	84	84	84	84	0	0	0	0
172	6	109	0	him	True	-6	27	144	144	144	144	0	0	0	0
172	6	198	0	him	True	-6	28	364	364	364	364	0	0	0	0
172	6	61	0	him	True	-6	29	128	252	252	252	0	0	0	0
172	6	121	0	him	True	-6	30	0	0	0	0	228	436	436	436
172	6	77	0	him	True	-6	31	236	236	236	236	0	0	0	0
172	6	46	0	him	True	-6	32	268	268	268	268	0	0	0	0
172	6	58	0	him	True	-6	33	0	0	0	0	328	328	328	328
172	6	64	0	him	True	-6	34	164	164	164	164	0	0	0	0
172	6	47	0	him	True	-6	35	212	212	212	212	208	208	208	208
172	6	64	0	him	True	-6	36	244	244	244	244	0	0	0	0
172	6	6	0	him	True	-6	37	252	252	252	252	0	0	0	0
172	6	7	0	him	True	-6	38	188	188	188	188	208	208	376	1116
172	6	199	0	him	True	-6	39	0	0	0	0	0	0	0	0
172	6	93	0	him	True	-6	40	216	216	216	256	0	0	0	0
172	6	93	0	him	True	-6	41	136	136	356	668	148	148	148	148
172	6	27	0	him	True	-6	42	0	0	0	0	232	232	232	1500
172	6	152	0	him	True	-6	43	148	148	148	148	188	188	188	188
173	4	202	0	he	False	-4	1	0	0	0	0	232	588	588	588
173	4	9	0	he	False	-4	2	0	0	0	0	152	152	152	152
173	4	164	0	he	False	-4	3	304	304	304	304	188	188	188	188
173	4	185	0	he	False	-4	4	0	0	0	0	312	312	312	312
173	4	199	0	he	False	-4	5	0	0	0	0	212	212	212	212
173	4	20	0	he	False	-4	6	0	0	0	0	188	188	188	188
173	4	140	0	he	False	-4	7	136	136	136	136	132	132	132	132
173	4	154	0	he	False	-4	8	164	164	164	164	140	140	140	140
173	4	199	0	he	False	-4	10	0	0	0	0	92	244	244	244
173	4	78	0	he	False	-4	11	144	144	144	144	136	136	136	136
173	4	101	0	he	False	-4	12	0	0	0	0	444	444	444	444
173	4	6	0	he	False	-4	13	204	204	204	204	0	0	0	0
173	4	189	0	he	False	-4	14	0	0	0	0	248	248	248	248
173	4	98	0	he	False	-4	15	232	232	232	232	56	56	56	56
173	4	51	0	he	False	-4	16	216	216	216	216	304	812	812	812
173	4	149	0	he	False	-4	17	0	0	0	0	212	212	212	212
173	4	159	0	he	False	-4	18	0	0	0	0	200	200	200	200
173	4	108	0	he	False	-4	19	0	0	0	0	124	124	124	124
173	4	177	0	he	False	-4	20	136	136	136	136	144	144	144	144
173	4	148	0	he	False	-4	21	152	152	152	152	272	400	400	400
173	4	83	0	he	False	-4	22	0	0	0	0	252	252	252	252
173	4	157	0	he	False	-4	23	220	220	220	220	260	600	600	748
173	4	121	0	he	False	-4	24	160	412	412	412	292	452	452	452
173	4	52	0	he	False	-4	25	84	84	84	84	0	0	0	0
173	4	143	0	he	False	-4	27	0	0	0	0	316	316	316	316
173	4	6	0	he	False	-4	28	28	28	28	280	92	128	128	128
173	4	196	0	he	False	-4	29	0	0	0	0	232	232	232	232
173	4	76	0	he	False	-4	30	264	264	264	264	308	308	308	308
173	4	202	0	he	False	-4	31	0	0	0	0	172	172	172	172
173	4	101	0	he	False	-4	32	184	184	184	184	224	224	224	224
173	4	203	0	he	False	-4	33	0	0	0	0	212	212	212	212
173	4	203	0	he	False	-4	34	0	0	0	0	208	208	208	208
173	4	53	0	he	False	-4	35	0	0	0	0	204	204	204	204
173	4	42	0	he	False	-4	36	0	0	0	0	228	228	228	428
173	4	192	0	he	False	-4	37	232	232	232	232	328	732	732	732
173	4	13	0	he	False	-4	38	0	0	0	0	224	224	224	224
173	4	159	0	he	False	-4	39	0	0	0	0	152	152	152	152
173	4	14	0	he	False	-4	40	216	216	216	216	168	484	484	484
173	4	62	0	he	False	-4	41	0	0	0	0	0	0	0	0
173	4	164	0	he	False	-4	42	0	0	0	0	240	240	240	240
173	4	3	0	he	False	-4	43	124	124	124	124	224	224	224	224
173	11	202	0	his	False	-6	1	0	0	0	0	368	368	368	1008
173	11	9	0	his	False	-6	2	0	0	0	0	144	144	488	712
173	11	164	0	his	False	-6	3	212	212	416	580	0	0	0	0
173	11	185	0	his	False	-6	4	0	0	0	0	248	248	248	468
173	11	199	0	his	False	-6	5	0	0	0	0	204	204	204	808
173	11	20	0	his	False	-6	6	0	0	0	0	0	0	0	0
173	11	140	0	his	False	-6	7	224	224	424	3204	0	0	0	0
173	11	154	0	his	False	-6	8	0	0	0	0	124	124	124	124
173	11	199	0	his	False	-6	10	200	200	200	200	224	224	500	1320
173	11	78	0	his	False	-6	11	0	0	0	0	316	316	316	752
173	11	101	0	his	False	-6	12	256	256	256	256	84	84	84	1116
173	11	6	0	his	False	-6	13	0	0	0	0	496	772	772	772
173	11	189	0	his	False	-6	14	0	0	0	0	380	380	380	504
173	11	98	0	his	False	-6	15	472	472	472	712	0	0	0	0
173	11	51	0	his	False	-6	16	184	476	476	476	416	416	416	416
173	11	149	0	his	False	-6	17	336	336	336	428	232	232	232	828
173	11	159	0	his	False	-6	18	0	0	0	0	344	344	344	344
173	11	108	0	his	False	-6	19	92	92	92	156	76	164	164	988
173	11	177	0	his	False	-6	20	0	0	0	0	256	256	256	2240
173	11	148	0	his	False	-6	21	304	304	304	476	172	172	172	172
173	11	83	0	his	False	-6	22	284	284	284	284	232	232	232	708
173	11	157	0	his	False	-6	23	0	0	0	0	204	568	840	5064
173	11	121	0	his	False	-6	24	0	0	0	0	172	172	172	1184
173	11	52	0	his	False	-6	25	0	0	0	0	184	184	376	956
173	11	143	0	his	False	-6	27	244	244	244	244	172	172	172	972
173	11	6	0	his	False	-6	28	88	88	88	244	196	620	888	1504
173	11	196	0	his	False	-6	29	256	256	256	256	196	196	196	348
173	11	76	0	his	False	-6	30	0	0	0	0	264	664	664	664
173	11	202	0	his	False	-6	31	0	0	0	0	112	112	112	112
173	11	101	0	his	False	-6	32	160	160	160	160	104	104	104	104
173	11	203	0	his	False	-6	33	0	0	0	0	208	344	344	1236
173	11	203	0	his	False	-6	34	500	500	500	632	120	120	120	120
173	11	53	0	his	False	-6	35	0	0	0	0	312	312	312	424
173	11	42	0	his	False	-6	36	232	448	604	860	80	80	80	80
173	11	192	0	his	False	-6	37	0	0	0	0	200	200	200	200
173	11	13	0	his	False	-6	38	0	0	0	0	212	212	212	440
173	11	159	0	his	False	-6	39	0	0	0	0	152	152	152	968
173	11	14	0	his	False	-6	40	132	132	240	468	172	360	360	788
173	11	62	0	his	False	-6	41	272	272	272	272	180	180	180	556
173	11	164	0	his	False	-6	42	0	0	0	0	204	204	204	1064
173	11	3	0	his	False	-6	43	288	288	288	288	108	108	108	272
175	9	177	0	she	True	-5	1	136	136	136	136	260	260	260	260
175	9	135	0	she	True	-5	2	120	120	120	120	0	0	0	0
175	9	110	0	she	True	-5	3	232	232	232	232	108	108	108	108
175	9	115	0	she	True	-5	4	0	0	0	0	252	252	252	252
175	9	119	0	she	True	-5	5	0	0	0	0	236	372	372	372
175	9	76	0	she	True	-5	6	0	0	0	0	0	0	0	0
175	9	191	0	she	True	-5	7	64	64	64	64	0	0	0	0
175	9	171	0	she	True	-5	8	92	92	92	92	264	264	264	264
175	9	162	0	she	True	-5	10	136	136	136	136	0	0	0	0
175	9	83	0	she	True	-5	11	0	0	0	0	140	140	140	140
175	9	7	0	she	True	-5	12	228	228	228	228	152	152	152	152
175	9	22	0	she	True	-5	13	0	0	0	0	232	232	232	232
175	9	162	0	she	True	-5	14	152	384	384	384	0	0	0	0
175	9	141	0	she	True	-5	15	244	244	244	492	0	0	0	0
175	9	53	0	she	True	-5	16	192	192	192	192	0	0	0	0
175	9	56	0	she	True	-5	17	160	160	160	160	0	0	0	0
175	9	128	0	she	True	-5	18	208	208	208	208	172	172	172	172
175	9	163	0	she	True	-5	19	88	88	88	88	184	184	184	184
175	9	10	0	she	True	-5	20	0	0	0	0	136	136	136	136
175	9	54	0	she	True	-5	21	216	216	216	216	148	148	148	148
175	9	163	0	she	True	-5	22	0	0	0	0	404	568	568	568
175	9	19	0	she	True	-5	23	0	0	0	0	128	128	340	508
175	9	192	0	she	True	-5	24	192	192	192	192	136	136	136	136
175	9	153	0	she	True	-5	25	0	0	0	0	160	160	160	280
175	9	124	0	she	True	-5	27	0	0	0	0	376	376	376	376
175	9	71	0	she	True	-5	28	280	280	280	280	160	160	160	300
175	9	88	0	she	True	-5	29	0	0	0	0	112	112	112	112
175	9	52	0	she	True	-5	30	264	264	368	2280	540	540	540	540
175	9	106	0	she	True	-5	31	148	148	148	148	0	0	0	0
175	9	137	0	she	True	-5	32	0	0	0	0	172	172	172	172
175	9	124	0	she	True	-5	33	0	0	0	0	156	312	312	312
175	9	84	0	she	True	-5	34	0	0	0	0	360	360	360	572
175	9	84	0	she	True	-5	35	188	188	188	188	208	208	208	208
175	9	30	0	she	True	-5	36	196	196	196	196	0	0	0	0
175	9	136	0	she	True	-5	37	172	364	364	364	144	144	144	144
175	9	71	0	she	True	-5	38	212	212	212	212	240	240	240	240
175	9	118	0	she	True	-5	39	0	0	0	0	164	164	164	164
175	9	24	0	she	True	-5	40	132	132	132	132	136	136	136	136
175	9	42	0	she	True	-5	41	204	204	204	204	148	148	148	148
175	9	142	0	she	True	-5	42	240	240	240	240	148	148	148	148
175	9	58	0	she	True	-5	43	0	0	0	0	148	148	148	148
176	9	7	0	she	True	-2	1	288	288	288	288	348	348	348	348
176	9	151	0	she	True	-2	2	228	228	228	228	172	172	172	172
176	9	51	0	she	True	-2	3	148	356	356	356	156	156	156	156
176	9	15	0	she	True	-2	4	172	172	172	172	200	200	200	200
176	9	63	0	she	True	-2	5	216	216	216	216	208	208	208	208
176	9	28	0	she	True	-2	6	0	0	0	0	284	284	284	284
176	9	117	0	she	True	-2	7	0	0	0	0	136	136	136	136
176	9	87	0	she	True	-2	8	224	224	224	224	196	196	196	196
176	9	13	0	she	True	-2	9	0	0	0	0	184	276	276	276
176	9	85	0	she	True	-2	10	128	128	128	128	132	132	132	132
176	9	127	0	she	True	-2	11	0	0	0	0	152	152	152	152
176	9	173	0	she	True	-2	12	172	172	172	172	0	0	0	0
176	9	203	0	she	True	-2	13	164	164	164	164	168	168	168	168
176	9	148	0	she	True	-2	14	236	236	236	236	0	0	0	0
176	9	69	0	she	True	-2	15	0	0	0	0	176	176	176	176
176	9	92	0	she	True	-2	16	212	360	360	360	300	300	300	300
176	9	156	0	she	True	-2	17	176	176	176	176	0	0	0	0
176	9	199	0	she	True	-2	18	0	0	0	0	376	376	376	376
176	9	84	0	she	True	-2	19	176	176	176	176	156	156	156	156
176	9	126	0	she	True	-2	20	0	0	0	0	172	172	172	172
176	9	22	0	she	True	-2	21	152	152	152	268	208	352	560	1684
176	9	7	0	she	True	-2	22	196	196	196	196	340	608	608	608
176	9	35	0	she	True	-2	23	176	1276	1276	1276	192	192	192	192
176	9	11	0	she	True	-2	24	0	0	0	0	176	176	176	176
176	9	137	0	she	True	-2	25	172	172	172	172	224	224	224	224
176	9	46	0	she	True	-2	27	0	0	0	0	248	504	504	504
176	9	74	0	she	True	-2	28	268	408	408	408	152	152	152	152
176	9	68	0	she	True	-2	29	0	0	0	0	372	372	648	1568
176	9	48	0	she	True	-2	30	0	0	0	0	0	0	0	0
176	9	115	0	she	True	-2	31	184	184	184	184	176	176	176	176
176	9	108	0	she	True	-2	32	172	172	172	172	116	508	508	508
176	9	141	0	she	True	-2	33	80	80	284	2208	116	116	116	116
176	9	45	0	she	True	-2	34	0	0	0	0	192	192	192	192
176	9	96	0	she	True	-2	35	168	168	168	168	128	128	128	128
176	9	6	0	she	True	-2	36	0	0	0	0	196	196	196	196
176	9	182	0	she	True	-2	37	172	172	172	172	148	324	324	324
176	9	203	0	she	True	-2	38	0	0	0	0	272	272	272	272
176	9	200	0	she	True	-2	39	0	0	0	0	216	216	216	216
176	9	31	0	she	True	-2	40	140	272	272	272	184	184	184	184
176	9	102	0	she	True	-2	41	304	304	304	304	0	0	0	0
176	9	153	0	she	True	-2	42	180	180	180	180	0	0	0	0
176	9	75	0	she	True	-2	43	88	88	88	88	156	156	156	156
176	11	7	0	it	True	-8	1	0	0	0	0	188	188	432	3240
176	11	151	0	it	True	-8	2	0	0	0	0	200	588	588	856
176	11	51	0	it	True	-8	3	212	212	212	212	204	204	628	1100
176	11	15	0	it	True	-8	4	0	0	0	0	152	268	268	1780
176	11	63	0	it	True	-8	5	0	0	0	0	204	204	616	1972
176	11	28	0	it	True	-8	6	200	200	200	200	216	216	216	1324
176	11	117	0	it	True	-8	7	0	0	0	0	112	112	112	1596
176	11	87	0	it	True	-8	8	184	184	184	184	476	476	476	476
176	11	13	0	it	True	-8	9	0	0	0	0	284	284	880	1964
176	11	85	0	it	True	-8	10	0	0	0	0	212	212	212	1352
176	11	127	0	it	True	-8	11	0	0	0	0	184	576	576	576
176	11	173	0	it	True	-8	12	148	148	148	148	192	192	476	1700
176	11	203	0	it	True	-8	13	0	0	0	0	152	1036	1036	1036
176	11	148	0	it	True	-8	14	324	324	608	844	124	124	392	1244
176	11	69	0	it	True	-8	15	0	0	0	0	280	280	280	1528
176	11	92	0	it	True	-8	16	140	140	140	140	276	276	276	1212
176	11	156	0	it	True	-8	17	188	188	188	188	148	148	368	2340
176	11	199	0	it	True	-8	18	0	0	0	0	420	420	540	1176
176	11	84	0	it	True	-8	19	0	0	0	0	240	240	240	1108
176	11	126	0	it	True	-8	20	0	0	0	0	232	232	416	1472
176	11	22	0	it	True	-8	21	0	0	0	0	0	0	0	0
176	11	7	0	it	True	-8	22	0	0	0	0	204	204	972	1552
176	11	35	0	it	True	-8	23	0	0	0	0	208	432	1044	2900
176	11	11	0	it	True	-8	24	0	0	0	0	208	208	208	432
176	11	137	0	it	True	-8	25	0	0	0	0	212	212	880	1692
176	11	46	0	it	True	-8	27	0	0	0	0	240	240	240	920
176	11	74	0	it	True	-8	28	172	172	172	172	232	232	1384	1868
176	11	68	0	it	True	-8	29	0	0	0	0	0	0	0	0
176	11	48	0	it	True	-8	30	0	0	0	0	0	0	0	0
176	11	115	0	it	True	-8	31	0	0	0	0	284	284	284	284
176	11	108	0	it	True	-8	32	236	236	236	236	184	384	712	1028
176	11	141	0	it	True	-8	33	0	0	0	0	204	388	388	712
176	11	45	0	it	True	-8	34	320	320	1120	1556	180	180	180	484
176	11	96	0	it	True	-8	35	168	168	168	168	192	192	192	192
176	11	6	0	it	True	-8	36	0	0	0	0	236	236	424	1936
176	11	182	0	it	True	-8	37	148	148	148	148	256	256	256	2232
176	11	203	0	it	True	-8	38	0	0	0	0	216	216	216	416
176	11	200	0	it	True	-8	39	0	0	0	0	80	80	280	1128
176	11	31	0	it	True	-8	40	0	0	0	0	176	176	652	1660
176	11	102	0	it	True	-8	41	132	132	132	132	172	172	372	2176
176	11	153	0	it	True	-8	42	160	160	160	160	200	200	644	1508
176	11	75	0	it	True	-8	43	0	0	0	0	400	400	400	400
183	3	43	0	her	False	-3	1	132	300	300	300	148	148	148	148
183	3	125	0	her	False	-3	2	108	108	108	108	0	0	0	0
183	3	194	0	her	False	-3	3	136	136	136	136	156	300	300	300
183	3	89	0	her	False	-3	4	160	160	160	160	188	188	188	188
183	3	205	0	her	False	-3	5	0	0	0	0	0	0	0	0
183	3	106	0	her	False	-3	6	0	0	0	0	120	120	120	120
183	3	204	0	her	False	-3	7	0	0	0	0	164	164	164	276
183	3	83	0	her	False	-3	8	164	164	336	536	140	140	140	140
183	3	184	0	her	False	-3	10	0	0	0	0	0	0	0	0
183	3	56	0	her	False	-3	11	156	156	156	156	156	156	156	156
183	3	115	0	her	False	-3	12	0	0	0	0	0	0	0	0
183	3	62	0	her	False	-3	13	152	152	152	152	0	0	0	0
183	3	57	0	her	False	-3	14	132	132	132	132	280	280	280	280
183	3	26	0	her	False	-3	15	0	0	0	0	0	0	0	0
183	3	138	0	her	False	-3	16	200	352	352	352	172	172	172	172
183	3	95	0	her	False	-3	17	208	208	208	208	0	0	0	0
183	3	47	0	her	False	-3	18	200	200	200	200	136	136	136	136
183	3	87	0	her	False	-3	19	196	196	196	196	104	104	104	104
183	3	167	0	her	False	-3	20	0	0	0	0	140	140	140	140
183	3	108	0	her	False	-3	21	72	72	212	408	0	0	0	0
183	3	172	0	her	False	-3	22	568	568	568	568	148	148	148	148
183	3	71	0	her	False	-3	23	160	160	160	160	340	340	340	340
183	3	154	0	her	False	-3	24	236	236	236	236	152	152	152	152
183	3	152	0	her	False	-3	25	152	152	152	152	252	252	252	252
183	3	63	0	her	False	-3	27	248	248	248	248	0	0	0	0
183	3	109	0	her	False	-3	28	364	364	364	364	292	292	292	524
183	3	168	0	her	False	-3	29	144	144	144	280	0	0	0	0
183	3	202	0	her	False	-3	30	312	312	312	312	156	156	340	588
183	3	159	0	her	False	-3	31	184	184	184	184	0	0	0	0
183	3	204	0	her	False	-3	32	180	180	180	180	180	180	180	180
183	3	78	0	her	False	-3	33	168	168	168	168	0	0	0	0
183	3	173	0	her	False	-3	34	176	176	176	176	208	208	208	208
183	3	145	0	her	False	-3	35	0	0	0	0	192	192	192	192
183	3	123	0	her	False	-3	36	0	0	0	0	180	180	180	180
183	3	42	0	her	False	-3	37	132	132	132	132	148	148	148	148
183	3	111	0	her	False	-3	38	176	176	176	176	244	244	244	244
183	3	57	0	her	False	-3	39	0	0	0	0	0	0	0	0
183	3	61	0	her	False	-3	40	152	152	152	152	136	136	344	532
183	3	92	0	her	False	-3	41	0	0	0	0	0	0	0	0
183	3	85	0	her	False	-3	42	236	236	236	236	268	268	268	268
183	3	179	0	her	False	-3	43	144	144	144	144	168	168	168	168
185	12	36	0	his	False	-7	1	148	420	752	2752	284	616	616	616
185	12	4	0	his	False	-7	2	168	168	168	272	0	0	0	0
185	12	29	0	his	False	-7	3	0	0	0	0	0	0	0	0
185	12	10	0	his	False	-7	4	204	204	204	372	228	228	228	564
185	12	202	0	his	False	-7	5	256	256	520	892	0	0	0	0
185	12	158	0	his	False	-7	6	708	708	708	708	0	0	0	0
185	12	66	0	his	False	-7	7	220	220	220	740	276	276	276	1080
185	12	147	0	his	False	-7	8	236	476	476	664	0	0	0	0
185	12	200	0	his	False	-7	10	220	220	220	220	212	212	476	1860
185	12	34	0	his	False	-7	11	256	256	256	256	196	196	196	196
185	12	28	0	his	False	-7	12	0	0	0	0	140	140	140	452
185	12	188	0	his	False	-7	13	184	184	184	184	456	456	456	776
185	12	92	0	his	False	-7	14	232	232	232	232	244	244	244	244
185	12	86	0	his	False	-7	15	760	760	760	760	0	0	0	0
185	12	184	0	his	False	-7	16	168	400	400	824	0	0	0	0
185	12	80	0	his	False	-7	17	0	0	0	0	192	372	372	464
185	12	52	0	his	False	-7	18	224	224	224	224	168	168	168	524
185	12	198	0	his	False	-7	19	208	208	208	208	152	228	228	1264
185	12	71	0	his	False	-7	20	0	0	0	0	160	160	160	2760
185	12	81	0	his	False	-7	21	0	0	0	0	444	444	444	444
185	12	98	0	his	False	-7	22	0	0	0	0	360	360	360	1048
185	12	181	0	his	False	-7	23	144	144	144	144	164	472	472	648
185	12	52	0	his	False	-7	24	0	0	0	0	156	156	156	776
185	12	16	0	his	False	-7	25	168	168	168	168	244	244	244	356
185	12	160	0	his	False	-7	27	224	224	224	224	192	192	192	192
185	12	176	0	his	False	-7	28	0	0	0	0	200	200	200	352
185	12	180	0	his	False	-7	29	216	216	216	216	208	208	208	344
185	12	103	0	his	False	-7	30	496	496	496	496	584	584	584	584
185	12	13	0	his	False	-7	31	204	204	204	204	204	560	560	560
185	12	126	0	his	False	-7	32	208	208	208	208	136	136	136	136
185	12	1	0	his	False	-7	33	188	188	188	188	232	232	232	436
185	12	184	0	his	False	-7	34	0	0	0	0	160	160	372	1116
185	12	184	0	his	False	-7	35	0	0	0	0	244	244	244	244
185	12	32	0	his	False	-7	36	180	180	180	596	0	0	0	0
185	12	137	0	his	False	-7	37	208	208	208	208	156	156	156	156
185	12	190	0	his	False	-7	38	0	0	0	0	172	172	172	172
185	12	138	0	his	False	-7	39	172	172	172	172	148	148	148	880
185	12	192	0	his	False	-7	40	0	0	0	0	0	0	0	0
185	12	181	0	his	False	-7	41	192	192	192	192	256	372	372	372
185	12	55	0	his	False	-7	42	0	0	0	0	316	696	696	1148
185	12	69	0	his	False	-7	43	268	552	552	912	0	0	0	0
187	9	20	0	he	True	-5	1	0	0	0	0	176	176	176	292
187	9	143	0	he	True	-5	2	0	0	0	0	168	288	288	288
187	9	117	0	he	True	-5	3	0	0	0	0	352	352	352	352
187	9	133	0	he	True	-5	4	32	132	132	132	56	288	288	288
187	9	103	0	he	True	-5	5	0	0	0	0	248	248	248	248
187	9	12	0	he	True	-5	6	0	0	0	0	276	276	276	564
187	9	205	0	he	True	-5	7	148	148	148	148	116	116	116	116
187	9	115	0	he	True	-5	8	176	176	176	176	152	152	152	152
187	9	190	0	he	True	-5	10	0	0	0	0	108	224	224	224
187	9	181	0	he	True	-5	11	0	0	0	0	188	188	188	188
187	9	181	0	he	True	-5	12	0	0	0	0	244	244	244	244
187	9	182	0	he	True	-5	13	196	196	196	196	176	176	176	176
187	9	63	0	he	True	-5	14	176	176	176	176	208	208	208	208
187	9	90	0	he	True	-5	15	0	0	0	0	176	176	176	176
187	9	112	0	he	True	-5	16	252	252	252	252	160	160	160	160
187	9	10	0	he	True	-5	17	0	0	0	0	132	132	132	132
187	9	37	0	he	True	-5	18	0	0	0	0	216	216	216	216
187	9	60	0	he	True	-5	19	0	0	0	0	116	116	116	116
187	9	8	0	he	True	-5	20	0	0	0	0	0	0	0	0
187	9	154	0	he	True	-5	21	0	0	0	0	188	188	188	188
187	9	190	0	he	True	-5	22	0	0	0	0	200	200	200	200
187	9	189	0	he	True	-5	23	216	216	216	216	72	312	312	312
187	9	91	0	he	True	-5	24	0	0	0	0	192	192	192	192
187	9	132	0	he	True	-5	25	0	0	0	0	288	288	444	584
187	9	70	0	he	True	-5	27	0	0	0	0	264	264	264	264
187	9	108	0	he	True	-5	28	0	0	0	0	160	160	160	804
187	9	108	0	he	True	-5	29	0	0	0	0	212	212	212	212
187	9	58	0	he	True	-5	30	0	0	0	0	252	420	420	420
187	9	83	0	he	True	-5	31	0	0	0	0	156	156	156	156
187	9	49	0	he	True	-5	32	240	240	240	240	176	420	420	420
187	9	117	0	he	True	-5	33	0	0	0	0	204	204	284	416
187	9	205	0	he	True	-5	34	0	0	0	0	128	128	128	128
187	9	177	0	he	True	-5	35	0	0	0	0	204	204	204	204
187	9	182	0	he	True	-5	36	0	0	0	0	208	208	208	208
187	9	202	0	he	True	-5	37	148	148	148	148	140	140	140	140
187	9	88	0	he	True	-5	38	0	0	0	0	168	324	324	324
187	9	73	0	he	True	-5	39	0	0	0	0	168	168	168	168
187	9	85	0	he	True	-5	40	0	0	0	0	0	0	0	0
187	9	94	0	he	True	-5	41	180	180	180	180	252	252	252	252
187	9	36	0	he	True	-5	42	152	152	152	152	0	0	0	0
187	9	103	0	he	True	-5	43	0	0	0	0	196	284	284	284
187	12	20	0	it	True	-6	1	0	0	0	0	384	384	384	384
187	12	143	0	it	True	-6	2	0	0	0	0	192	684	684	684
187	12	117	0	it	True	-6	3	0	0	0	0	416	416	416	416
187	12	133	0	it	True	-6	4	0	0	0	0	196	196	196	196
187	12	103	0	it	True	-6	5	0	0	0	0	188	188	188	1088
187	12	12	0	it	True	-6	6	0	0	0	0	0	0	0	0
187	12	205	0	it	True	-6	7	0	0	0	0	168	168	308	756
187	12	115	0	it	True	-6	8	0	0	0	0	256	256	256	256
187	12	190	0	it	True	-6	10	192	192	192	192	360	580	580	1232
187	12	181	0	it	True	-6	11	0	0	0	0	224	224	224	224
187	12	181	0	it	True	-6	12	0	0	0	0	128	128	128	476
187	12	182	0	it	True	-6	13	0	0	0	0	164	752	752	752
187	12	63	0	it	True	-6	14	0	0	0	0	316	316	316	316
187	12	90	0	it	True	-6	15	260	952	952	1492	0	0	0	0
187	12	112	0	it	True	-6	16	172	172	172	172	320	544	544	544
187	12	10	0	it	True	-6	17	0	0	0	0	196	196	196	524
187	12	37	0	it	True	-6	18	0	0	0	0	192	192	192	572
187	12	60	0	it	True	-6	19	0	0	0	0	160	160	160	304
187	12	8	0	it	True	-6	20	152	152	152	152	252	252	380	1388
187	12	154	0	it	True	-6	21	0	0	0	0	168	168	168	540
187	12	190	0	it	True	-6	22	0	0	0	0	284	284	284	284
187	12	189	0	it	True	-6	23	344	344	344	344	408	408	408	876
187	12	91	0	it	True	-6	24	0	0	0	0	176	176	176	1292
187	12	132	0	it	True	-6	25	252	252	252	368	72	72	72	664
187	12	70	0	it	True	-6	27	0	0	0	0	148	240	240	592
187	12	108	0	it	True	-6	28	184	184	184	184	0	0	0	0
187	12	108	0	it	True	-6	29	0	0	0	0	232	412	412	688
187	12	58	0	it	True	-6	30	0	0	0	0	268	268	928	1996
187	12	83	0	it	True	-6	31	0	0	0	0	180	180	180	180
187	12	49	0	it	True	-6	32	0	0	0	0	196	196	196	196
187	12	117	0	it	True	-6	33	0	0	0	0	404	404	404	404
187	12	205	0	it	True	-6	34	0	0	0	0	240	240	240	480
187	12	177	0	it	True	-6	35	0	0	0	0	148	148	148	148
187	12	182	0	it	True	-6	36	0	0	0	0	296	296	296	296
187	12	202	0	it	True	-6	37	0	0	0	0	332	332	332	332
187	12	88	0	it	True	-6	38	0	0	0	0	204	204	204	204
187	12	73	0	it	True	-6	39	528	528	528	528	0	0	0	0
187	12	85	0	it	True	-6	40	0	0	0	0	0	0	0	0
187	12	94	0	it	True	-6	41	0	0	0	0	200	200	200	992
187	12	36	0	it	True	-6	42	264	264	264	956	0	0	0	0
187	12	103	0	it	True	-6	43	0	0	0	0	328	328	328	328
188	6	84	0	he	True	-5	1	276	276	276	276	196	304	304	304
188	6	153	0	he	True	-5	2	140	140	140	140	152	152	152	152
188	6	205	0	he	True	-5	3	172	172	172	172	280	280	280	280
188	6	122	0	he	True	-5	4	0	0	0	0	260	260	260	260
188	6	147	0	he	True	-5	5	320	320	320	612	0	0	0	0
188	6	3	0	he	True	-5	6	0	0	0	0	220	220	220	396
188	6	59	0	he	True	-5	7	0	0	0	0	172	172	172	172
188	6	163	0	he	True	-5	8	348	348	348	348	0	0	0	0
188	6	89	0	he	True	-5	10	0	0	0	0	168	168	300	460
188	6	92	0	he	True	-5	11	0	0	0	0	160	160	160	160
188	6	100	0	he	True	-5	12	172	172	172	172	172	172	172	172
188	6	18	0	he	True	-5	13	0	0	0	0	232	232	232	232
188	6	3	0	he	True	-5	14	172	172	172	172	228	228	228	228
188	6	161	0	he	True	-5	15	208	208	208	208	0	0	0	0
188	6	143	0	he	True	-5	16	0	0	0	0	0	0	0	0
188	6	152	0	he	True	-5	17	264	264	264	264	160	160	160	160
188	6	188	0	he	True	-5	18	0	0	0	0	232	232	232	232
188	6	38	0	he	True	-5	19	0	0	0	0	156	156	156	156
188	6	56	0	he	True	-5	20	0	0	0	0	248	248	248	248
188	6	80	0	he	True	-5	21	0	0	0	0	156	156	156	156
188	6	147	0	he	True	-5	22	216	216	216	216	148	148	148	148
188	6	192	0	he	True	-5	23	0	0	0	0	612	612	612	612
188	6	2	0	he	True	-5	24	0	0	0	0	0	0	0	0
188	6	90	0	he	True	-5	25	0	0	0	0	152	152	304	1260
188	6	202	0	he	True	-5	27	232	232	232	232	184	184	184	184
188	6	25	0	he	True	-5	28	0	0	0	0	196	196	196	196
188	6	87	0	he	True	-5	29	172	172	172	172	0	0	0	0
188	6	8	0	he	True	-5	30	0	0	0	0	0	0	0	0
188	6	14	0	he	True	-5	31	112	112	112	112	0	0	0	0
188	6	111	0	he	True	-5	32	184	184	184	184	188	188	188	188
188	6	161	0	he	True	-5	33	172	172	172	172	96	96	96	96
188	6	95	0	he	True	-5	34	0	0	0	0	172	172	172	172
188	6	127	0	he	True	-5	35	0	0	0	0	192	192	192	192
188	6	197	0	he	True	-5	36	212	212	212	212	0	0	0	0
188	6	199	0	he	True	-5	37	152	268	268	268	200	200	200	200
188	6	51	0	he	True	-5	38	0	0	0	0	224	224	224	224
188	6	195	0	he	True	-5	39	0	0	0	0	368	688	688	688
188	6	57	0	he	True	-5	40	140	140	140	140	228	228	228	228
188	6	84	0	he	True	-5	41	0	0	0	0	0	0	0	0
188	6	67	0	he	True	-5	42	164	164	164	164	148	148	148	148
188	6	9	0	he	True	-5	43	168	168	168	168	132	132	132	132
190	8	184	0	he	True	-5	1	180	180	180	264	192	412	412	412
190	8	152	0	he	True	-5	2	0	0	0	0	160	160	160	160
190	8	60	0	he	True	-5	3	164	164	164	164	272	504	504	504
190	8	109	0	he	True	-5	4	144	144	144	144	164	164	164	164
190	8	71	0	he	True	-5	5	0	0	0	0	280	280	280	280
190	8	161	0	he	True	-5	6	0	0	0	0	0	0	0	0
190	8	152	0	he	True	-5	7	0	0	0	0	232	232	232	232
190	8	73	0	he	True	-5	8	0	0	0	0	172	396	396	396
190	8	26	0	he	True	-5	10	184	184	184	184	64	64	64	64
190	8	33	0	he	True	-5	11	196	196	196	196	172	172	172	172
190	8	19	0	he	True	-5	12	148	148	148	148	0	0	0	0
190	8	71	0	he	True	-5	13	0	0	0	0	172	172	172	172
190	8	15	0	he	True	-5	14	144	144	144	144	160	628	628	628
190	8	176	0	he	True	-5	15	0	0	0	0	176	176	176	176
190	8	190	0	he	True	-5	16	212	212	212	212	196	196	196	196
190	8	89	0	he	True	-5	17	128	128	128	128	0	0	0	0
190	8	26	0	he	True	-5	18	212	212	212	212	0	0	0	0
190	8	146	0	he	True	-5	19	116	116	116	116	152	152	152	152
190	8	96	0	he	True	-5	20	0	0	0	0	0	0	0	0
190	8	137	0	he	True	-5	21	156	156	156	156	0	0	0	0
190	8	176	0	he	True	-5	22	0	0	0	0	220	220	220	220
190	8	55	0	he	True	-5	23	424	424	424	424	116	116	116	260
190	8	172	0	he	True	-5	24	0	0	0	0	292	452	452	452
190	8	165	0	he	True	-5	25	0	0	0	0	204	204	204	204
190	8	115	0	he	True	-5	27	152	220	220	220	204	204	204	204
190	8	54	0	he	True	-5	28	0	0	0	0	208	208	208	208
190	8	156	0	he	True	-5	29	176	176	176	176	164	164	164	164
190	8	119	0	he	True	-5	30	504	504	504	504	212	212	212	212
190	8	157	0	he	True	-5	31	0	0	0	0	140	140	140	140
190	8	53	0	he	True	-5	32	0	0	0	0	172	464	464	464
190	8	205	0	he	True	-5	33	0	0	0	0	144	144	144	144
190	8	62	0	he	True	-5	34	116	116	116	116	0	0	0	0
190	8	181	0	he	True	-5	35	0	0	0	0	200	200	200	200
190	8	172	0	he	True	-5	36	0	0	0	0	232	232	232	232
190	8	131	0	he	True	-5	37	0	0	0	0	192	356	356	356
190	8	147	0	he	True	-5	38	196	196	196	196	172	172	172	172
190	8	204	0	he	True	-5	39	0	0	0	0	252	252	252	252
190	8	181	0	he	True	-5	40	0	0	0	0	152	152	152	500
190	8	125	0	he	True	-5	41	0	0	0	0	168	168	276	536
190	8	155	0	he	True	-5	42	204	204	204	204	244	244	244	244
190	8	52	0	he	True	-5	43	0	0	0	0	156	156	156	156
190	8	184	0	my	True	-3	1	180	180	180	264	192	412	412	412
190	8	152	0	my	True	-3	2	0	0	0	0	160	160	160	160
190	8	60	0	my	True	-3	3	164	164	164	164	272	504	504	504
190	8	109	0	my	True	-3	4	144	144	144	144	164	164	164	164
190	8	71	0	my	True	-3	5	0	0	0	0	280	280	280	280
190	8	161	0	my	True	-3	6	0	0	0	0	0	0	0	0
190	8	152	0	my	True	-3	7	0	0	0	0	232	232	232	232
190	8	73	0	my	True	-3	8	0	0	0	0	172	396	396	396
190	8	26	0	my	True	-3	10	184	184	184	184	64	64	64	64
190	8	33	0	my	True	-3	11	196	196	196	196	172	172	172	172
190	8	19	0	my	True	-3	12	148	148	148	148	0	0	0	0
190	8	71	0	my	True	-3	13	0	0	0	0	172	172	172	172
190	8	15	0	my	True	-3	14	144	144	144	144	160	628	628	628
190	8	176	0	my	True	-3	15	0	0	0	0	176	176	176	176
190	8	190	0	my	True	-3	16	212	212	212	212	196	196	196	196
190	8	89	0	my	True	-3	17	128	128	128	128	0	0	0	0
190	8	26	0	my	True	-3	18	212	212	212	212	0	0	0	0
190	8	146	0	my	True	-3	19	116	116	116	116	152	152	152	152
190	8	96	0	my	True	-3	20	0	0	0	0	0	0	0	0
190	8	137	0	my	True	-3	21	156	156	156	156	0	0	0	0
190	8	176	0	my	True	-3	22	0	0	0	0	220	220	220	220
190	8	55	0	my	True	-3	23	424	424	424	424	116	116	116	260
190	8	172	0	my	True	-3	24	0	0	0	0	292	452	452	452
190	8	165	0	my	True	-3	25	0	0	0	0	204	204	204	204
190	8	115	0	my	True	-3	27	152	220	220	220	204	204	204	204
190	8	54	0	my	True	-3	28	0	0	0	0	208	208	208	208
190	8	156	0	my	True	-3	29	176	176	176	176	164	164	164	164
190	8	119	0	my	True	-3	30	504	504	504	504	212	212	212	212
190	8	157	0	my	True	-3	31	0	0	0	0	140	140	140	140
190	8	53	0	my	True	-3	32	0	0	0	0	172	464	464	464
190	8	205	0	my	True	-3	33	0	0	0	0	144	144	144	144
190	8	62	0	my	True	-3	34	116	116	116	116	0	0	0	0
190	8	181	0	my	True	-3	35	0	0	0	0	200	200	200	200
190	8	172	0	my	True	-3	36	0	0	0	0	232	232	232	232
190	8	131	0	my	True	-3	37	0	0	0	0	192	356	356	356
190	8	147	0	my	True	-3	38	196	196	196	196	172	172	172	172
190	8	204	0	my	True	-3	39	0	0	0	0	252	252	252	252
190	8	181	0	my	True	-3	40	0	0	0	0	152	152	152	500
190	8	125	0	my	True	-3	41	0	0	0	0	168	168	276	536
190	8	155	0	my	True	-3	42	204	204	204	204	244	244	244	244
190	8	52	0	my	True	-3	43	0	0	0	0	156	156	156	156
190	8	184	0	my	True	-3	1	180	180	180	264	192	412	412	412
190	8	152	0	my	True	-3	2	0	0	0	0	160	160	160	160
190	8	60	0	my	True	-3	3	164	164	164	164	272	504	504	504
190	8	109	0	my	True	-3	4	144	144	144	144	164	164	164	164
190	8	71	0	my	True	-3	5	0	0	0	0	280	280	280	280
190	8	161	0	my	True	-3	6	0	0	0	0	0	0	0	0
190	8	152	0	my	True	-3	7	0	0	0	0	232	232	232	232
190	8	73	0	my	True	-3	8	0	0	0	0	172	396	396	396
190	8	26	0	my	True	-3	10	184	184	184	184	64	64	64	64
190	8	33	0	my	True	-3	11	196	196	196	196	172	172	172	172
190	8	19	0	my	True	-3	12	148	148	148	148	0	0	0	0
190	8	71	0	my	True	-3	13	0	0	0	0	172	172	172	172
190	8	15	0	my	True	-3	14	144	144	144	144	160	628	628	628
190	8	176	0	my	True	-3	15	0	0	0	0	176	176	176	176
190	8	190	0	my	True	-3	16	212	212	212	212	196	196	196	196
190	8	89	0	my	True	-3	17	128	128	128	128	0	0	0	0
190	8	26	0	my	True	-3	18	212	212	212	212	0	0	0	0
190	8	146	0	my	True	-3	19	116	116	116	116	152	152	152	152
190	8	96	0	my	True	-3	20	0	0	0	0	0	0	0	0
190	8	137	0	my	True	-3	21	156	156	156	156	0	0	0	0
190	8	176	0	my	True	-3	22	0	0	0	0	220	220	220	220
190	8	55	0	my	True	-3	23	424	424	424	424	116	116	116	260
190	8	172	0	my	True	-3	24	0	0	0	0	292	452	452	452
190	8	165	0	my	True	-3	25	0	0	0	0	204	204	204	204
190	8	115	0	my	True	-3	27	152	220	220	220	204	204	204	204
190	8	54	0	my	True	-3	28	0	0	0	0	208	208	208	208
190	8	156	0	my	True	-3	29	176	176	176	176	164	164	164	164
190	8	119	0	my	True	-3	30	504	504	504	504	212	212	212	212
190	8	157	0	my	True	-3	31	0	0	0	0	140	140	140	140
190	8	53	0	my	True	-3	32	0	0	0	0	172	464	464	464
190	8	205	0	my	True	-3	33	0	0	0	0	144	144	144	144
190	8	62	0	my	True	-3	34	116	116	116	116	0	0	0	0
190	8	181	0	my	True	-3	35	0	0	0	0	200	200	200	200
190	8	172	0	my	True	-3	36	0	0	0	0	232	232	232	232
190	8	131	0	my	True	-3	37	0	0	0	0	192	356	356	356
190	8	147	0	my	True	-3	38	196	196	196	196	172	172	172	172
190	8	204	0	my	True	-3	39	0	0	0	0	252	252	252	252
190	8	181	0	my	True	-3	40	0	0	0	0	152	152	152	500
190	8	125	0	my	True	-3	41	0	0	0	0	168	168	276	536
190	8	155	0	my	True	-3	42	204	204	204	204	244	244	244	244
190	8	52	0	my	True	-3	43	0	0	0	0	156	156	156	156
194	10	157	0	it	False	-3	1	0	0	0	0	128	128	128	128
194	10	78	0	it	False	-3	2	0	0	0	0	156	156	156	860
194	10	172	0	it	False	-3	3	324	324	324	324	224	224	224	224
194	10	125	0	it	False	-3	4	0	0	0	0	0	0	0	0
194	10	183	0	it	False	-3	5	0	0	0	0	0	0	0	0
194	10	156	0	it	False	-3	6	0	0	0	0	0	0	0	0
194	10	95	0	it	False	-3	7	40	40	40	1684	0	0	0	0
194	10	111	0	it	False	-3	8	0	0	0	0	232	232	232	232
194	10	9	0	it	False	-3	9	0	0	0	0	116	116	116	116
194	10	189	0	it	False	-3	10	0	0	0	0	164	164	164	164
194	10	116	0	it	False	-3	11	0	0	0	0	204	204	204	204
194	10	88	0	it	False	-3	12	0	0	0	0	0	0	0	0
194	10	204	0	it	False	-3	13	0	0	0	0	428	428	428	428
194	10	27	0	it	False	-3	14	0	0	0	0	312	312	312	312
194	10	35	0	it	False	-3	15	0	0	0	0	0	0	0	0
194	10	6	0	it	False	-3	16	196	196	196	196	0	0	0	0
194	10	185	0	it	False	-3	18	0	0	0	0	0	0	0	0
194	10	83	0	it	False	-3	19	204	204	372	1236	0	0	0	0
194	10	51	0	it	False	-3	20	292	292	292	292	0	0	0	0
194	10	7	0	it	False	-3	21	0	0	0	0	0	0	0	0
194	10	126	0	it	False	-3	22	0	0	0	0	0	0	0	0
194	10	69	0	it	False	-3	23	100	100	100	100	508	508	860	2400
194	10	21	0	it	False	-3	24	0	0	0	0	0	0	0	0
194	10	142	0	it	False	-3	25	0	0	0	0	0	0	0	0
194	10	165	0	it	False	-3	27	176	176	176	432	0	0	0	0
194	10	149	0	it	False	-3	28	168	168	168	168	0	0	0	0
194	10	6	0	it	False	-3	29	224	496	496	496	0	0	0	0
194	10	116	0	it	False	-3	30	0	0	0	0	0	0	0	0
194	10	18	0	it	False	-3	31	132	132	132	516	0	0	0	0
194	10	161	0	it	False	-3	32	0	0	0	0	156	156	156	156
194	10	122	0	it	False	-3	33	0	0	0	0	0	0	0	0
194	10	49	0	it	False	-3	34	0	0	0	0	0	0	0	0
194	10	143	0	it	False	-3	35	0	0	0	0	0	0	0	0
194	10	45	0	it	False	-3	36	0	0	0	0	0	0	0	0
194	10	64	0	it	False	-3	37	124	124	124	1100	176	176	176	176
194	10	201	0	it	False	-3	38	144	144	144	144	0	0	0	0
194	10	153	0	it	False	-3	39	0	0	0	0	0	0	0	0
194	10	21	0	it	False	-3	40	200	200	200	612	136	136	136	136
194	10	168	0	it	False	-3	41	268	268	268	268	0	0	0	0
194	10	161	0	it	False	-3	42	208	208	208	860	0	0	0	0
194	10	123	0	it	False	-3	43	0	0	0	0	180	180	180	180
195	5	97	0	he	False	-4	1	0	0	0	0	228	228	228	228
195	5	192	0	he	False	-4	2	140	140	140	140	0	0	0	0
195	5	159	0	he	False	-4	3	0	0	0	0	156	156	156	156
195	5	164	0	he	False	-4	4	160	160	160	160	160	160	160	160
195	5	138	0	he	False	-4	5	0	0	0	0	252	252	252	252
195	5	43	0	he	False	-4	6	156	156	156	156	128	128	128	128
195	5	56	0	he	False	-4	7	88	88	88	88	0	0	0	0
195	5	41	0	he	False	-4	8	196	196	196	196	132	132	132	132
195	5	149	0	he	False	-4	10	116	116	116	116	0	0	0	0
195	5	24	0	he	False	-4	11	0	0	0	0	140	140	140	140
195	5	182	0	he	False	-4	12	0	0	0	0	224	224	224	224
195	5	98	0	he	False	-4	13	192	192	192	192	224	224	224	224
195	5	169	0	he	False	-4	14	172	172	172	172	208	208	208	208
195	5	177	0	he	False	-4	15	0	0	0	0	0	0	0	0
195	5	74	0	he	False	-4	16	0	0	0	0	176	176	176	176
195	5	63	0	he	False	-4	17	0	0	0	0	0	0	0	0
195	5	186	0	he	False	-4	18	0	0	0	0	236	236	236	236
195	5	145	0	he	False	-4	19	0	0	0	0	108	108	108	108
195	5	150	0	he	False	-4	20	0	0	0	0	148	148	148	148
195	5	193	0	he	False	-4	21	0	0	0	0	208	208	372	1096
195	5	41	0	he	False	-4	22	0	0	0	0	0	0	0	0
195	5	101	0	he	False	-4	23	0	0	0	0	652	652	652	652
195	5	93	0	he	False	-4	24	168	168	168	168	0	0	0	0
195	5	28	0	he	False	-4	25	144	144	144	144	172	172	172	172
195	5	41	0	he	False	-4	27	0	0	0	0	144	144	144	744
195	5	152	0	he	False	-4	28	160	392	392	520	164	164	164	164
195	5	119	0	he	False	-4	29	204	204	204	204	0	0	0	0
195	5	117	0	he	False	-4	30	0	0	0	0	272	272	272	272
195	5	116	0	he	False	-4	31	168	168	168	168	0	0	0	0
195	5	74	0	he	False	-4	32	164	164	164	164	208	208	208	208
195	5	41	0	he	False	-4	33	148	148	148	148	168	168	168	168
195	5	137	0	he	False	-4	34	184	184	184	184	0	0	0	0
195	5	85	0	he	False	-4	35	196	196	196	196	144	144	144	144
195	5	61	0	he	False	-4	36	176	176	176	176	0	0	0	0
195	5	160	0	he	False	-4	37	0	0	0	0	136	248	248	248
195	5	198	0	he	False	-4	38	0	0	0	0	136	136	136	136
195	5	123	0	he	False	-4	39	144	144	144	144	0	0	0	0
195	5	74	0	he	False	-4	40	0	0	0	0	60	156	156	156
195	5	132	0	he	False	-4	41	168	168	168	168	0	0	0	0
195	5	139	0	he	False	-4	42	196	196	196	196	0	0	0	0
195	5	129	0	he	False	-4	43	0	0	0	0	228	228	228	228
197	9	104	0	he	False	-8	1	0	0	0	0	252	252	252	252
197	9	37	0	he	False	-8	2	108	108	108	108	116	116	116	116
197	9	195	0	he	False	-8	3	168	168	168	168	196	196	196	196
197	9	25	0	he	False	-8	4	0	0	0	0	0	0	0	0
197	9	93	0	he	False	-8	5	96	96	96	96	300	300	300	572
197	9	70	0	he	False	-8	6	0	0	0	0	0	0	0	0
197	9	22	0	he	False	-8	7	0	0	0	0	236	236	236	236
197	9	24	0	he	False	-8	8	176	176	176	176	140	140	140	140
197	9	8	0	he	False	-8	10	168	168	168	168	88	88	88	88
197	9	31	0	he	False	-8	11	168	168	168	168	168	168	168	168
197	9	61	0	he	False	-8	12	272	272	272	272	244	244	244	244
197	9	78	0	he	False	-8	13	216	216	216	216	0	0	0	0
197	9	40	0	he	False	-8	14	0	0	0	0	0	0	0	0
197	9	203	0	he	False	-8	15	0	0	0	0	0	0	0	0
197	9	152	0	he	False	-8	16	0	0	0	0	252	252	252	252
197	9	156	0	he	False	-8	18	0	0	0	0	0	0	0	0
197	9	75	0	he	False	-8	19	0	0	0	0	172	172	172	172
197	9	132	0	he	False	-8	20	0	0	0	0	160	160	160	160
197	9	104	0	he	False	-8	21	0	0	0	0	0	0	0	0
197	9	32	0	he	False	-8	22	0	0	0	0	248	248	248	248
197	9	110	0	he	False	-8	23	0	0	0	0	204	408	408	408
197	9	104	0	he	False	-8	24	0	0	0	0	236	236	432	560
197	9	181	0	he	False	-8	25	228	228	228	228	0	0	0	0
197	9	83	0	he	False	-8	27	0	0	0	0	252	252	252	252
197	9	101	0	he	False	-8	28	144	144	144	144	244	420	420	420
197	9	201	0	he	False	-8	29	160	160	160	160	0	0	0	0
197	9	118	0	he	False	-8	30	0	0	0	0	340	340	340	340
197	9	64	0	he	False	-8	31	0	0	0	0	0	0	0	0
197	9	118	0	he	False	-8	32	0	0	0	0	208	208	208	208
197	9	62	0	he	False	-8	33	0	0	0	0	216	216	216	216
197	9	149	0	he	False	-8	34	0	0	0	0	0	0	0	0
197	9	193	0	he	False	-8	35	0	0	0	0	208	208	208	208
197	9	136	0	he	False	-8	36	0	0	0	0	0	0	0	0
197	9	50	0	he	False	-8	37	124	124	124	124	0	0	0	0
197	9	45	0	he	False	-8	38	0	0	0	0	0	0	0	0
197	9	55	0	he	False	-8	39	0	0	0	0	0	0	0	0
197	9	183	0	he	False	-8	40	0	0	0	0	0	0	0	0
197	9	65	0	he	False	-8	41	0	0	0	0	140	140	140	140
197	9	198	0	he	False	-8	42	0	0	0	0	340	340	492	1020
197	9	25	0	he	False	-8	43	204	204	204	204	0	0	0	0
199	12	153	0	his	False	-8	1	0	0	0	0	176	540	540	1244
199	12	58	0	his	False	-8	2	80	80	80	80	228	400	400	580
199	12	82	0	his	False	-8	3	204	204	204	204	264	264	264	788
199	12	42	0	his	False	-8	4	0	0	0	0	312	312	312	908
199	12	34	0	his	False	-8	5	164	164	164	164	128	128	128	2200
199	12	101	0	his	False	-8	6	0	0	0	0	0	0	0	0
199	12	173	0	his	False	-8	7	140	140	140	140	88	88	460	1708
199	12	121	0	his	False	-8	8	164	164	164	164	452	452	452	452
199	12	8	0	his	False	-8	9	160	160	160	160	216	528	664	1568
199	12	9	0	his	False	-8	10	0	0	0	0	252	252	392	1392
199	12	6	0	his	False	-8	11	264	264	264	264	164	164	564	888
199	12	71	0	his	False	-8	12	0	0	0	0	172	332	332	1172
199	12	34	0	his	False	-8	13	0	0	0	0	256	940	940	940
199	12	198	0	his	False	-8	14	0	0	0	0	388	488	488	896
199	12	2	0	his	False	-8	15	0	0	0	0	200	200	280	1340
199	12	141	0	his	False	-8	16	204	204	204	204	180	468	468	700
199	12	98	0	his	False	-8	17	0	0	0	0	164	428	428	428
199	12	117	0	his	False	-8	18	204	204	204	204	196	196	196	196
199	12	46	0	his	False	-8	19	164	164	164	164	148	148	148	532
199	12	49	0	his	False	-8	20	252	252	252	252	156	156	512	2456
199	12	67	0	his	False	-8	21	0	0	0	0	160	160	264	392
199	12	107	0	his	False	-8	22	248	448	448	448	336	336	336	336
199	12	177	0	his	False	-8	23	496	496	496	496	196	716	1564	17508
199	12	194	0	his	False	-8	24	164	164	164	164	160	160	160	436
199	12	53	0	his	False	-8	25	228	228	228	228	160	160	160	1852
199	12	186	0	his	False	-8	27	0	0	0	0	200	200	200	772
199	12	201	0	his	False	-8	28	180	180	180	180	180	180	180	180
199	12	136	0	his	False	-8	29	0	0	0	0	168	788	788	788
199	12	21	0	his	False	-8	30	92	92	92	92	224	440	440	1700
199	12	16	0	his	False	-8	31	152	152	152	152	152	152	152	152
199	12	42	0	his	False	-8	32	84	84	84	84	236	292	292	292
199	12	100	0	his	False	-8	33	232	232	232	232	220	220	220	220
199	12	26	0	his	False	-8	34	0	0	0	0	228	228	228	1088
199	12	45	0	his	False	-8	35	0	0	0	0	152	260	260	260
199	12	46	0	his	False	-8	36	148	148	148	148	216	216	216	632
199	12	82	0	his	False	-8	37	148	148	148	148	140	140	140	660
199	12	143	0	his	False	-8	38	220	220	220	220	220	220	220	220
199	12	161	0	his	False	-8	39	0	0	0	0	204	204	204	204
199	12	4	0	his	False	-8	40	136	136	136	232	40	260	260	1232
199	12	96	0	his	False	-8	41	228	228	228	228	152	512	512	1032
199	12	71	0	his	False	-8	42	148	148	148	148	248	248	248	968
199	12	157	0	his	False	-8	43	128	128	128	128	236	236	236	1024
201	6	69	0	her	True	-3	1	220	220	220	220	148	148	148	148
201	6	77	0	her	True	-3	2	160	160	160	160	140	140	140	140
201	6	203	0	her	True	-3	3	164	300	300	300	144	144	144	144
201	6	113	0	her	True	-3	4	0	0	0	0	176	176	176	176
201	6	150	0	her	True	-3	5	216	216	216	216	152	152	152	152
201	6	7	0	her	True	-3	6	0	0	0	0	164	164	164	164
201	6	193	0	her	True	-3	7	0	0	0	0	132	132	132	132
201	6	72	0	her	True	-3	8	156	156	156	156	132	132	132	132
201	6	13	0	her	True	-3	10	68	244	428	1196	116	116	116	116
201	6	204	0	her	True	-3	11	140	140	140	140	128	128	128	128
201	6	167	0	her	True	-3	12	128	128	128	128	228	228	228	228
201	6	38	0	her	True	-3	13	184	184	184	184	0	0	0	0
201	6	108	0	her	True	-3	14	0	0	0	0	208	208	332	452
201	6	66	0	her	True	-3	15	148	148	336	540	0	0	0	0
201	6	85	0	her	True	-3	16	228	368	368	368	224	224	224	224
201	6	11	0	her	True	-3	17	0	0	0	0	136	136	136	136
201	6	13	0	her	True	-3	18	0	0	0	0	172	172	172	172
201	6	179	0	her	True	-3	19	192	192	192	192	84	84	84	84
201	6	148	0	her	True	-3	20	0	0	0	0	364	364	364	364
201	6	135	0	her	True	-3	21	0	0	0	0	140	140	140	300
201	6	8	0	her	True	-3	22	288	288	288	288	256	256	256	256
201	6	203	0	her	True	-3	23	164	164	164	164	324	324	324	324
201	6	48	0	her	True	-3	24	0	0	0	0	128	360	360	360
201	6	139	0	her	True	-3	25	168	168	168	168	152	152	152	152
201	6	58	0	her	True	-3	27	0	0	0	0	188	188	188	288
201	6	199	0	her	True	-3	28	0	0	0	0	188	188	188	348
201	6	107	0	her	True	-3	29	0	0	0	0	156	300	300	504
201	6	96	0	her	True	-3	30	264	264	264	264	208	208	208	208
201	6	31	0	her	True	-3	31	0	0	0	0	156	156	156	156
201	6	32	0	her	True	-3	32	208	208	208	208	164	164	164	164
201	6	32	0	her	True	-3	33	280	280	280	280	100	100	100	100
201	6	61	0	her	True	-3	34	0	0	0	0	404	404	404	404
201	6	73	0	her	True	-3	35	168	168	168	168	0	0	0	0
201	6	58	0	her	True	-3	36	0	0	0	0	156	156	156	156
201	6	68	0	her	True	-3	37	96	96	96	96	132	316	316	316
201	6	43	0	her	True	-3	38	0	0	0	0	204	344	344	344
201	6	102	0	her	True	-3	39	148	148	148	148	128	128	128	128
201	6	110	0	her	True	-3	40	0	0	0	0	0	0	0	0
201	6	190	0	her	True	-3	41	0	0	0	0	96	240	420	1164
201	6	102	0	her	True	-3	42	0	0	0	0	208	208	208	300
201	6	82	0	her	True	-3	43	0	0	0	0	128	128	128	128
201	13	69	1	them.	True	-4	1	208	208	364	2752	-999	-999	-999	-999
201	13	77	1	them.	True	-4	2	448	448	448	448	-999	-999	-999	-999
201	13	203	1	them.	True	-4	3	452	452	452	772	-999	-999	-999	-999
201	13	113	1	them.	True	-4	4	136	136	136	992	-999	-999	-999	-999
201	13	150	1	them.	True	-4	5	248	248	248	1004	-999	-999	-999	-999
201	13	7	1	them.	True	-4	6	236	236	236	900	-999	-999	-999	-999
201	13	193	1	them.	True	-4	7	104	104	104	1648	-999	-999	-999	-999
201	13	72	1	them.	True	-4	8	248	248	248	508	-999	-999	-999	-999
201	13	13	1	them.	True	-4	10	164	164	428	1320	-999	-999	-999	-999
201	13	204	1	them.	True	-4	11	136	256	256	256	-999	-999	-999	-999
201	13	167	1	them.	True	-4	12	188	188	688	2300	-999	-999	-999	-999
201	13	38	1	them.	True	-4	13	348	348	348	876	-999	-999	-999	-999
201	13	108	1	them.	True	-4	14	192	288	288	632	-999	-999	-999	-999
201	13	66	1	them.	True	-4	15	0	0	0	0	-999	-999	-999	-999
201	13	85	1	them.	True	-4	16	0	0	0	0	-999	-999	-999	-999
201	13	11	1	them.	True	-4	17	204	204	276	2620	-999	-999	-999	-999
201	13	13	1	them.	True	-4	18	272	272	272	696	-999	-999	-999	-999
201	13	179	1	them.	True	-4	19	160	160	160	456	-999	-999	-999	-999
201	13	148	1	them.	True	-4	20	152	152	292	2816	-999	-999	-999	-999
201	13	135	1	them.	True	-4	21	160	160	160	160	-999	-999	-999	-999
201	13	8	1	them.	True	-4	22	196	868	868	868	-999	-999	-999	-999
201	13	203	1	them.	True	-4	23	0	0	0	0	-999	-999	-999	-999
201	13	48	1	them.	True	-4	24	144	144	144	1064	-999	-999	-999	-999
201	13	139	1	them.	True	-4	25	176	176	176	2492	-999	-999	-999	-999
201	13	58	1	them.	True	-4	27	124	124	124	964	-999	-999	-999	-999
201	13	199	1	them.	True	-4	28	252	252	252	252	-999	-999	-999	-999
201	13	107	1	them.	True	-4	29	124	124	124	568	-999	-999	-999	-999
201	13	96	1	them.	True	-4	30	860	860	860	1228	-999	-999	-999	-999
201	13	31	1	them.	True	-4	31	296	296	296	296	-999	-999	-999	-999
201	13	32	1	them.	True	-4	32	456	456	456	728	-999	-999	-999	-999
201	13	32	1	them.	True	-4	33	80	80	80	1604	-999	-999	-999	-999
201	13	61	1	them.	True	-4	34	0	0	0	0	-999	-999	-999	-999
201	13	73	1	them.	True	-4	35	132	132	132	132	-999	-999	-999	-999
201	13	58	1	them.	True	-4	36	0	0	0	0	-999	-999	-999	-999
201	13	68	1	them.	True	-4	37	0	0	0	0	-999	-999	-999	-999
201	13	43	1	them.	True	-4	38	232	232	232	756	-999	-999	-999	-999
201	13	102	1	them.	True	-4	39	292	292	292	1268	-999	-999	-999	-999
201	13	110	1	them.	True	-4	40	128	128	128	268	-999	-999	-999	-999
201	13	190	1	them.	True	-4	41	56	56	56	1716	-999	-999	-999	-999
201	13	102	1	them.	True	-4	42	252	672	672	2112	-999	-999	-999	-999
201	13	82	1	them.	True	-4	43	176	176	176	480	-999	-999	-999	-999
202	8	19	0	he	True	-2	1	196	196	196	196	288	288	288	568
202	8	93	0	he	True	-2	2	164	164	164	164	196	196	196	196
202	8	74	0	he	True	-2	3	0	0	0	0	240	372	372	372
202	8	76	0	he	True	-2	4	0	0	0	0	144	144	144	144
202	8	129	0	he	True	-2	5	0	0	0	0	308	308	308	308
202	8	193	0	he	True	-2	6	0	0	0	0	0	0	0	0
202	8	201	0	he	True	-2	7	144	144	144	144	0	0	0	0
202	8	201	0	he	True	-2	8	0	0	0	0	180	180	180	180
202	8	51	0	he	True	-2	10	0	0	0	0	156	156	156	156
202	8	69	0	he	True	-2	11	0	0	0	0	136	136	136	136
202	8	172	0	he	True	-2	12	168	168	168	168	0	0	0	0
202	8	191	0	he	True	-2	13	0	0	0	0	236	236	236	236
202	8	16	0	he	True	-2	14	160	160	160	160	300	300	300	300
202	8	76	0	he	True	-2	15	0	0	0	0	120	120	120	120
202	8	130	0	he	True	-2	16	0	0	0	0	144	144	144	144
202	8	146	0	he	True	-2	17	0	0	0	0	152	152	152	152
202	8	9	0	he	True	-2	18	212	212	212	212	0	0	0	0
202	8	49	0	he	True	-2	19	164	164	164	164	116	116	116	116
202	8	77	0	he	True	-2	20	0	0	0	0	236	236	236	236
202	8	99	0	he	True	-2	21	148	148	148	148	0	0	0	0
202	8	138	0	he	True	-2	22	188	188	188	188	248	248	248	248
202	8	151	0	he	True	-2	23	80	80	520	1096	212	212	212	212
202	8	122	0	he	True	-2	24	0	0	0	0	152	152	152	152
202	8	5	0	he	True	-2	25	0	0	0	0	252	252	252	252
202	8	61	0	he	True	-2	27	176	300	300	300	0	0	0	0
202	8	39	0	he	True	-2	28	184	184	184	184	376	492	492	492
202	8	77	0	he	True	-2	29	0	0	0	0	220	220	220	220
202	8	11	0	he	True	-2	30	196	196	408	1940	124	124	124	124
202	8	55	0	he	True	-2	31	0	0	0	0	172	172	172	172
202	8	188	0	he	True	-2	32	188	188	188	188	168	168	168	168
202	8	55	0	he	True	-2	33	148	148	148	148	180	180	180	180
202	8	147	0	he	True	-2	34	0	0	0	0	156	156	156	156
202	8	89	0	he	True	-2	35	0	0	0	0	256	256	256	256
202	8	48	0	he	True	-2	36	0	0	0	0	212	212	212	1088
202	8	140	0	he	True	-2	37	168	288	288	288	192	192	192	192
202	8	76	0	he	True	-2	38	196	196	196	196	176	176	176	176
202	8	7	0	he	True	-2	39	0	0	0	0	204	204	204	204
202	8	101	0	he	True	-2	40	136	136	136	136	148	148	148	148
202	8	82	0	he	True	-2	41	0	0	0	0	240	240	240	240
202	8	185	0	he	True	-2	42	0	0	0	0	152	152	152	244
202	8	100	0	he	True	-2	43	196	196	196	196	0	0	0	0
209	4	70	0	his	True	-3	1	148	296	296	296	0	0	0	0
209	4	56	0	his	True	-3	2	132	132	132	132	136	136	136	136
209	4	183	0	his	True	-3	3	156	156	156	156	160	160	160	160
209	4	160	0	his	True	-3	4	160	160	160	160	160	160	160	160
209	4	78	0	his	True	-3	5	0	0	0	0	176	176	176	176
209	4	94	0	his	True	-3	6	0	0	0	0	100	100	100	100
209	4	172	0	his	True	-3	7	184	184	184	304	140	140	140	140
209	4	136	0	his	True	-3	8	140	140	140	140	0	0	0	0
209	4	43	0	his	True	-3	10	132	132	132	132	100	100	100	100
209	4	147	0	his	True	-3	11	224	224	224	224	132	132	132	132
209	4	204	0	his	True	-3	12	0	0	0	0	128	128	128	128
209	4	171	0	his	True	-3	13	264	264	264	264	0	0	0	0
209	4	19	0	his	True	-3	14	0	0	0	0	332	332	332	332
209	4	77	0	his	True	-3	15	0	0	0	0	272	272	272	508
209	4	21	0	his	True	-3	16	184	316	316	316	0	0	0	0
209	4	1	0	his	True	-3	17	164	164	164	164	180	180	180	180
209	4	34	0	his	True	-3	18	0	0	0	0	236	236	236	236
209	4	47	0	his	True	-3	19	172	172	172	172	504	504	504	504
209	4	143	0	his	True	-3	20	0	0	0	0	144	144	144	144
209	4	45	0	his	True	-3	21	84	84	384	584	152	152	152	152
209	4	96	0	his	True	-3	22	220	428	428	428	0	0	0	0
209	4	113	0	his	True	-3	23	172	172	172	172	288	356	356	356
209	4	55	0	his	True	-3	24	0	0	0	0	168	168	168	168
209	4	122	0	his	True	-3	25	148	148	276	656	192	192	192	192
209	4	170	0	his	True	-3	27	208	372	372	372	0	0	0	0
209	4	156	0	his	True	-3	28	164	300	300	300	0	0	0	0
209	4	202	0	his	True	-3	29	176	176	176	176	140	140	140	140
209	4	194	0	his	True	-3	30	156	156	156	156	0	0	0	0
209	4	107	0	his	True	-3	31	144	144	144	144	0	0	0	0
209	4	94	0	his	True	-3	32	152	152	152	152	168	168	168	168
209	4	104	0	his	True	-3	33	184	184	184	184	200	200	200	200
209	4	151	0	his	True	-3	34	0	0	0	0	200	200	200	200
209	4	64	0	his	True	-3	35	0	0	0	0	236	236	236	236
209	4	33	0	his	True	-3	36	0	0	0	0	132	132	172	432
209	4	45	0	his	True	-3	37	128	128	128	128	192	192	192	192
209	4	110	0	his	True	-3	38	0	0	0	0	216	216	216	216
209	4	128	0	his	True	-3	39	0	0	0	0	224	224	224	368
209	4	34	0	his	True	-3	40	188	188	188	188	116	116	116	116
209	4	202	0	his	True	-3	41	0	0	0	0	124	124	276	884
209	4	177	0	his	True	-3	42	0	0	0	0	144	144	144	144
209	4	13	0	his	True	-3	43	144	144	144	144	100	100	100	100
209	14	70	1	him.	True	-9	1	892	892	1000	2968	-999	-999	-999	-999
209	14	56	1	him.	True	-9	2	0	0	0	0	-999	-999	-999	-999
209	14	183	1	him.	True	-9	3	224	316	316	316	-999	-999	-999	-999
209	14	160	1	him.	True	-9	4	200	200	200	1752	-999	-999	-999	-999
209	14	78	1	him.	True	-9	5	156	156	156	392	-999	-999	-999	-999
209	14	94	1	him.	True	-9	6	0	0	0	0	-999	-999	-999	-999
209	14	172	1	him.	True	-9	7	264	264	264	1836	-999	-999	-999	-999
209	14	136	1	him.	True	-9	8	116	116	116	116	-999	-999	-999	-999
209	14	43	1	him.	True	-9	10	308	308	308	1692	-999	-999	-999	-999
209	14	147	1	him.	True	-9	11	544	660	660	660	-999	-999	-999	-999
209	14	204	1	him.	True	-9	12	0	0	0	0	-999	-999	-999	-999
209	14	171	1	him.	True	-9	13	236	408	408	408	-999	-999	-999	-999
209	14	19	1	him.	True	-9	14	156	156	156	156	-999	-999	-999	-999
209	14	77	1	him.	True	-9	15	0	0	0	0	-999	-999	-999	-999
209	14	21	1	him.	True	-9	16	376	636	636	1872	-999	-999	-999	-999
209	14	1	1	him.	True	-9	17	220	220	220	924	-999	-999	-999	-999
209	14	34	1	him.	True	-9	18	0	0	0	0	-999	-999	-999	-999
209	14	47	1	him.	True	-9	19	144	144	144	1064	-999	-999	-999	-999
209	14	143	1	him.	True	-9	20	164	164	164	1680	-999	-999	-999	-999
209	14	45	1	him.	True	-9	21	256	256	256	256	-999	-999	-999	-999
209	14	96	1	him.	True	-9	22	0	0	0	0	-999	-999	-999	-999
209	14	113	1	him.	True	-9	23	204	204	616	4644	-999	-999	-999	-999
209	14	55	1	him.	True	-9	24	0	0	0	0	-999	-999	-999	-999
209	14	122	1	him.	True	-9	25	212	212	212	636	-999	-999	-999	-999
209	14	170	1	him.	True	-9	27	184	184	184	1160	-999	-999	-999	-999
209	14	156	1	him.	True	-9	28	196	196	196	768	-999	-999	-999	-999
209	14	202	1	him.	True	-9	29	132	276	276	276	-999	-999	-999	-999
209	14	194	1	him.	True	-9	30	224	224	224	828	-999	-999	-999	-999
209	14	107	1	him.	True	-9	31	140	140	140	140	-999	-999	-999	-999
209	14	94	1	him.	True	-9	32	320	320	320	320	-999	-999	-999	-999
209	14	104	1	him.	True	-9	33	0	0	0	0	-999	-999	-999	-999
209	14	151	1	him.	True	-9	34	112	112	112	112	-999	-999	-999	-999
209	14	64	1	him.	True	-9	35	0	0	0	0	-999	-999	-999	-999
209	14	33	1	him.	True	-9	36	0	0	0	0	-999	-999	-999	-999
209	14	45	1	him.	True	-9	37	0	0	0	0	-999	-999	-999	-999
209	14	110	1	him.	True	-9	38	168	168	168	168	-999	-999	-999	-999
209	14	128	1	him.	True	-9	39	192	192	192	336	-999	-999	-999	-999
209	14	34	1	him.	True	-9	40	80	160	160	1132	-999	-999	-999	-999
209	14	202	1	him.	True	-9	41	160	160	160	280	-999	-999	-999	-999
209	14	177	1	him.	True	-9	42	0	0	0	0	-999	-999	-999	-999
209	14	13	1	him.	True	-9	43	0	0	0	0	-999	-999	-999	-999
210	3	99	0	his	True	-3	1	120	120	120	120	140	252	396	640
210	3	86	0	his	True	-3	2	48	220	220	220	52	52	192	676
210	3	138	0	his	True	-3	3	140	140	140	140	160	160	160	160
210	3	46	0	his	True	-3	4	124	124	124	124	156	156	156	156
210	3	18	0	his	True	-3	5	0	0	0	0	276	276	276	624
210	3	31	0	his	True	-3	6	0	0	0	0	140	140	140	140
210	3	149	0	his	True	-3	7	216	216	216	216	156	156	156	156
210	3	69	0	his	True	-3	8	276	276	276	276	212	212	212	556
210	3	59	0	his	True	-3	10	124	124	124	124	176	176	176	176
210	3	144	0	his	True	-3	11	144	144	144	144	172	172	172	172
210	3	95	0	his	True	-3	12	224	224	224	224	88	88	88	144
210	3	59	0	his	True	-3	13	208	208	208	208	132	132	132	384
210	3	88	0	his	True	-3	14	152	152	152	152	216	316	316	516
210	3	108	0	his	True	-3	15	0	0	0	0	0	0	0	0
210	3	133	0	his	True	-3	16	216	428	428	428	132	132	132	132
210	3	163	0	his	True	-3	17	316	316	316	316	0	0	0	0
210	3	116	0	his	True	-3	18	0	0	0	0	288	288	288	288
210	3	123	0	his	True	-3	19	184	184	184	184	208	208	208	408
210	3	174	0	his	True	-3	20	220	220	220	220	188	188	188	364
210	3	180	0	his	True	-3	21	0	0	0	0	0	0	0	0
210	3	192	0	his	True	-3	22	168	168	168	168	196	196	196	196
210	3	37	0	his	True	-3	23	240	240	240	240	268	268	268	268
210	3	41	0	his	True	-3	24	248	248	480	648	124	124	124	392
210	3	61	0	his	True	-3	25	252	328	328	328	0	0	0	0
210	3	176	0	his	True	-3	27	300	300	300	300	260	260	260	260
210	3	111	0	his	True	-3	28	248	248	248	248	204	204	204	204
210	3	37	0	his	True	-3	29	0	0	0	0	0	0	0	0
210	3	182	0	his	True	-3	30	332	332	332	332	156	156	380	744
210	3	49	0	his	True	-3	31	204	204	204	204	0	0	0	0
210	3	173	0	his	True	-3	32	164	164	164	164	180	180	180	180
210	3	125	0	his	True	-3	33	172	172	172	172	152	152	152	152
210	3	54	0	his	True	-3	34	212	212	212	212	260	260	516	744
210	3	130	0	his	True	-3	35	0	0	0	0	180	180	180	180
210	3	161	0	his	True	-3	36	0	0	0	0	208	208	208	208
210	3	76	0	his	True	-3	37	184	184	184	184	172	172	172	312
210	3	120	0	his	True	-3	38	0	0	0	0	172	172	172	172
210	3	50	0	his	True	-3	39	164	164	164	164	248	384	384	384
210	3	10	0	his	True	-3	40	0	0	0	0	0	0	0	0
210	3	205	0	his	True	-3	41	0	0	0	0	0	0	0	0
210	3	115	0	his	True	-3	42	320	320	320	320	360	360	360	360
210	3	168	0	his	True	-3	43	132	132	132	132	0	0	0	0
210	11	99	0	his	True	-7	1	156	156	156	156	224	352	352	352
210	11	86	0	his	True	-7	2	156	156	156	156	112	112	112	112
210	11	138	0	his	True	-7	3	0	0	0	0	352	352	352	352
210	11	46	0	his	True	-7	4	0	0	0	0	160	348	348	348
210	11	18	0	his	True	-7	5	0	0	0	0	0	0	0	0
210	11	31	0	his	True	-7	6	0	0	0	0	0	0	0	0
210	11	149	0	his	True	-7	7	0	0	0	0	152	152	152	152
210	11	69	0	his	True	-7	8	236	236	236	236	116	116	256	512
210	11	59	0	his	True	-7	10	148	148	148	148	128	128	128	128
210	11	144	0	his	True	-7	11	0	0	0	0	148	280	280	280
210	11	95	0	his	True	-7	12	292	292	292	292	140	140	140	140
210	11	59	0	his	True	-7	13	0	0	0	0	220	220	220	220
210	11	88	0	his	True	-7	14	0	0	0	0	296	296	296	296
210	11	108	0	his	True	-7	15	0	0	0	0	0	0	0	0
210	11	133	0	his	True	-7	16	204	204	204	204	180	320	320	320
210	11	163	0	his	True	-7	17	0	0	0	0	136	280	424	720
210	11	116	0	his	True	-7	18	0	0	0	0	236	236	236	236
210	11	123	0	his	True	-7	19	176	176	176	176	264	264	264	264
210	11	174	0	his	True	-7	20	188	188	188	188	0	0	0	0
210	11	180	0	his	True	-7	21	200	260	260	260	0	0	0	0
210	11	192	0	his	True	-7	22	0	0	0	0	160	160	160	160
210	11	37	0	his	True	-7	23	316	316	316	316	360	360	360	360
210	11	41	0	his	True	-7	24	0	0	0	0	200	200	200	200
210	11	61	0	his	True	-7	25	0	0	0	0	248	444	444	488
210	11	176	0	his	True	-7	27	0	0	0	0	208	208	208	208
210	11	111	0	his	True	-7	28	384	384	384	384	236	236	236	236
210	11	37	0	his	True	-7	29	0	0	0	0	196	196	196	196
210	11	182	0	his	True	-7	30	248	248	248	248	176	176	176	176
210	11	49	0	his	True	-7	31	172	172	172	256	0	0	0	0
210	11	173	0	his	True	-7	32	0	0	0	0	180	180	180	180
210	11	125	0	his	True	-7	33	252	252	252	252	180	180	180	180
210	11	54	0	his	True	-7	34	176	176	176	176	0	0	0	0
210	11	130	0	his	True	-7	35	152	152	152	152	0	0	0	0
210	11	161	0	his	True	-7	36	100	100	100	100	0	0	0	0
210	11	76	0	his	True	-7	37	148	148	148	148	264	264	264	264
210	11	120	0	his	True	-7	38	0	0	0	0	308	308	308	308
210	11	50	0	his	True	-7	39	0	0	0	0	0	0	0	0
210	11	10	0	his	True	-7	40	0	0	0	0	132	132	372	588
210	11	205	0	his	True	-7	41	0	0	0	0	284	284	284	284
210	11	115	0	his	True	-7	42	184	184	184	280	220	220	220	220
210	11	168	0	his	True	-7	43	132	132	132	132	0	0	0	0
210	14	99	1	him.	True	-9	1	416	416	416	848	-999	-999	-999	-999
210	14	86	1	him.	True	-9	2	172	172	172	472	-999	-999	-999	-999
210	14	138	1	him.	True	-9	3	164	164	164	164	-999	-999	-999	-999
210	14	46	1	him.	True	-9	4	156	156	156	912	-999	-999	-999	-999
210	14	18	1	him.	True	-9	5	324	324	528	4976	-999	-999	-999	-999
210	14	31	1	him.	True	-9	6	0	0	0	0	-999	-999	-999	-999
210	14	149	1	him.	True	-9	7	148	296	296	2520	-999	-999	-999	-999
210	14	69	1	him.	True	-9	8	144	144	144	228	-999	-999	-999	-999
210	14	59	1	him.	True	-9	10	172	172	172	2404	-999	-999	-999	-999
210	14	144	1	him.	True	-9	11	212	212	212	212	-999	-999	-999	-999
210	14	95	1	him.	True	-9	12	200	200	200	1060	-999	-999	-999	-999
210	14	59	1	him.	True	-9	13	0	0	0	0	-999	-999	-999	-999
210	14	88	1	him.	True	-9	14	0	0	0	0	-999	-999	-999	-999
210	14	108	1	him.	True	-9	15	0	0	0	0	-999	-999	-999	-999
210	14	133	1	him.	True	-9	16	500	500	500	744	-999	-999	-999	-999
210	14	163	1	him.	True	-9	17	128	128	128	600	-999	-999	-999	-999
210	14	116	1	him.	True	-9	18	180	180	180	344	-999	-999	-999	-999
210	14	123	1	him.	True	-9	19	0	0	0	0	-999	-999	-999	-999
210	14	174	1	him.	True	-9	20	328	328	328	1908	-999	-999	-999	-999
210	14	180	1	him.	True	-9	21	0	0	0	0	-999	-999	-999	-999
210	14	192	1	him.	True	-9	22	0	0	0	0	-999	-999	-999	-999
210	14	37	1	him.	True	-9	23	376	376	1296	3176	-999	-999	-999	-999
210	14	41	1	him.	True	-9	24	0	0	0	0	-999	-999	-999	-999
210	14	61	1	him.	True	-9	25	108	108	108	464	-999	-999	-999	-999
210	14	176	1	him.	True	-9	27	0	0	0	0	-999	-999	-999	-999
210	14	111	1	him.	True	-9	28	184	808	808	1328	-999	-999	-999	-999
210	14	37	1	him.	True	-9	29	160	160	160	160	-999	-999	-999	-999
210	14	182	1	him.	True	-9	30	0	0	0	0	-999	-999	-999	-999
210	14	49	1	him.	True	-9	31	264	264	264	264	-999	-999	-999	-999
210	14	173	1	him.	True	-9	32	0	0	0	0	-999	-999	-999	-999
210	14	125	1	him.	True	-9	33	172	172	172	172	-999	-999	-999	-999
210	14	54	1	him.	True	-9	34	0	0	0	0	-999	-999	-999	-999
210	14	130	1	him.	True	-9	35	0	0	0	0	-999	-999	-999	-999
210	14	161	1	him.	True	-9	36	80	80	80	80	-999	-999	-999	-999
210	14	76	1	him.	True	-9	37	340	340	340	340	-999	-999	-999	-999
210	14	120	1	him.	True	-9	38	164	164	164	164	-999	-999	-999	-999
210	14	50	1	him.	True	-9	39	172	172	172	868	-999	-999	-999	-999
210	14	10	1	him.	True	-9	40	168	168	168	1456	-999	-999	-999	-999
210	14	205	1	him.	True	-9	41	432	432	468	1272	-999	-999	-999	-999
210	14	115	1	him.	True	-9	42	336	336	336	1052	-999	-999	-999	-999
210	14	168	1	him.	True	-9	43	296	296	296	596	-999	-999	-999	-999
221	3	16	0	his	False	-3	1	0	0	0	0	296	296	296	296
221	3	164	0	his	False	-3	2	0	0	0	0	176	176	176	176
221	3	152	0	his	False	-3	3	328	328	328	328	0	0	0	0
221	3	93	0	his	False	-3	4	180	180	180	180	0	0	0	0
221	3	47	0	his	False	-3	5	248	248	248	248	0	0	0	0
221	3	176	0	his	False	-3	6	124	124	124	124	116	116	116	116
221	3	113	0	his	False	-3	7	0	0	0	0	160	160	160	160
221	3	37	0	his	False	-3	8	168	168	168	168	0	0	0	0
221	3	65	0	his	False	-3	10	176	176	176	176	80	80	80	80
221	3	113	0	his	False	-3	11	0	0	0	0	136	136	136	136
221	3	197	0	his	False	-3	12	0	0	0	0	132	132	132	132
221	3	76	0	his	False	-3	13	100	100	100	100	0	0	0	0
221	3	146	0	his	False	-3	14	164	496	496	692	104	104	104	104
221	3	18	0	his	False	-3	15	0	0	0	0	240	240	240	240
221	3	30	0	his	False	-3	16	216	216	216	216	164	164	164	164
221	3	25	0	his	False	-3	17	0	0	0	0	188	188	188	188
221	3	65	0	his	False	-3	18	0	0	0	0	104	104	104	104
221	3	33	0	his	False	-3	19	0	0	0	0	212	212	212	212
221	3	79	0	his	False	-3	20	0	0	0	0	172	172	424	976
221	3	85	0	his	False	-3	21	132	132	132	132	136	136	136	136
221	3	18	0	his	False	-3	22	116	116	116	696	208	208	208	376
221	3	49	0	his	False	-3	23	96	220	220	220	320	320	320	320
221	3	169	0	his	False	-3	24	172	172	172	172	168	168	168	168
221	3	177	0	his	False	-3	25	132	132	132	132	204	204	204	204
221	3	50	0	his	False	-3	27	0	0	0	0	216	356	356	356
221	3	175	0	his	False	-3	28	260	260	260	260	152	152	152	152
221	3	72	0	his	False	-3	29	0	0	0	0	192	192	192	192
221	3	36	0	his	False	-3	30	228	228	228	228	60	60	60	60
221	3	101	0	his	False	-3	31	0	0	0	0	224	224	224	224
221	3	117	0	his	False	-3	32	212	328	328	328	0	0	0	0
221	3	49	0	his	False	-3	33	164	340	340	340	152	152	152	152
221	3	175	0	his	False	-3	34	0	0	0	0	3352	3352	3352	3352
221	3	46	0	his	False	-3	35	180	180	180	180	188	188	188	188
221	3	162	0	his	False	-3	36	0	0	0	0	144	144	144	144
221	3	105	0	his	False	-3	37	128	128	128	128	144	144	144	144
221	3	138	0	his	False	-3	38	0	0	0	0	248	248	248	248
221	3	170	0	his	False	-3	39	228	228	228	344	0	0	0	0
221	3	127	0	his	False	-3	40	0	0	0	0	0	0	0	0
221	3	151	0	his	False	-3	41	0	0	0	0	140	140	140	140
221	3	122	0	his	False	-3	42	0	0	0	0	132	132	132	132
221	3	45	0	his	False	-3	43	88	88	88	88	128	128	128	128
227	13	170	0	his	True	-8	1	456	456	456	456	508	508	508	508
227	13	88	0	his	True	-8	2	236	236	236	236	136	136	136	256
227	13	56	0	his	True	-8	3	208	364	364	364	256	256	256	340
227	13	169	0	his	True	-8	4	0	0	0	0	172	280	280	280
227	13	6	0	his	True	-8	5	0	0	0	0	228	228	228	3000
227	13	180	0	his	True	-8	6	204	204	204	560	0	0	0	0
227	13	36	0	his	True	-8	7	148	148	500	1420	0	0	0	0
227	13	172	0	his	True	-8	8	184	184	184	184	0	0	0	0
227	13	152	0	his	True	-8	10	324	324	324	324	232	232	232	1540
227	13	164	0	his	True	-8	11	172	304	304	304	376	720	720	720
227	13	102	0	his	True	-8	12	268	268	268	1188	176	176	176	276
227	13	82	0	his	True	-8	13	256	256	256	256	776	776	776	776
227	13	182	0	his	True	-8	14	0	0	0	0	0	0	0	0
227	13	54	0	his	True	-8	15	236	236	596	1256	0	0	0	0
227	13	29	0	his	True	-8	16	220	220	220	220	268	336	336	672
227	13	64	0	his	True	-8	17	0	0	0	0	152	264	264	1252
227	13	27	0	his	True	-8	18	320	320	320	320	0	0	0	0
227	13	29	0	his	True	-8	19	0	0	0	0	436	536	536	1260
227	13	188	0	his	True	-8	20	284	284	284	284	136	136	384	1160
227	13	130	0	his	True	-8	21	0	0	0	0	164	164	164	164
227	13	93	0	his	True	-8	22	288	288	288	288	0	0	0	0
227	13	18	0	his	True	-8	23	0	0	0	0	276	276	1200	7868
227	13	171	0	his	True	-8	24	0	0	0	0	248	248	248	768
227	13	141	0	his	True	-8	25	0	0	0	0	252	424	920	1448
227	13	65	0	his	True	-8	27	416	416	416	416	0	0	0	0
227	13	70	0	his	True	-8	28	476	824	824	824	328	328	328	540
227	13	16	0	his	True	-8	29	0	0	0	0	216	216	512	768
227	13	138	0	his	True	-8	30	124	124	124	124	368	368	928	1684
227	13	19	0	his	True	-8	31	120	120	120	120	0	0	0	0
227	13	87	0	his	True	-8	32	236	236	236	236	0	0	0	0
227	13	33	0	his	True	-8	33	96	96	360	612	164	164	480	3376
227	13	188	0	his	True	-8	34	0	0	0	0	284	632	632	632
227	13	157	0	his	True	-8	35	0	0	0	0	216	216	216	216
227	13	12	0	his	True	-8	36	216	216	216	216	164	164	164	436
227	13	57	0	his	True	-8	37	124	124	124	124	284	284	284	676
227	13	200	0	his	True	-8	38	0	0	0	0	192	192	192	192
227	13	13	0	his	True	-8	39	152	152	152	152	152	152	152	428
227	13	64	0	his	True	-8	40	148	268	268	268	96	96	96	1392
227	13	140	0	his	True	-8	41	216	216	216	216	164	164	164	256
227	13	136	0	his	True	-8	42	0	0	0	0	160	160	292	1128
227	13	40	0	his	True	-8	43	192	404	404	404	148	148	148	148
230	5	101	0	his	True	-3	1	248	248	248	248	224	224	448	608
230	5	102	0	his	True	-3	2	0	0	0	0	256	256	256	548
230	5	47	0	his	True	-3	3	164	164	164	324	208	208	208	208
230	5	7	0	his	True	-3	4	276	276	276	276	200	200	200	200
230	5	174	0	his	True	-3	5	312	312	312	312	200	200	200	200
230	5	105	0	his	True	-3	6	0	0	0	0	112	112	112	112
230	5	54	0	his	True	-3	7	0	0	0	0	184	184	184	356
230	5	141	0	his	True	-3	8	196	196	196	196	252	252	252	252
230	5	118	0	his	True	-3	10	0	0	0	0	0	0	0	0
230	5	50	0	his	True	-3	11	128	128	128	128	276	276	276	276
230	5	150	0	his	True	-3	12	0	0	0	0	264	264	264	264
230	5	88	0	his	True	-3	13	0	0	0	0	200	200	200	200
230	5	200	0	his	True	-3	14	340	612	612	612	200	464	464	464
230	5	195	0	his	True	-3	15	164	164	164	164	120	120	120	120
230	5	157	0	his	True	-3	16	152	152	152	152	196	196	196	196
230	5	21	0	his	True	-3	17	144	144	144	144	132	132	132	132
230	5	24	0	his	True	-3	18	300	300	300	300	0	0	0	0
230	5	188	0	his	True	-3	19	152	152	152	152	204	204	204	204
230	5	33	0	his	True	-3	20	100	100	100	100	144	144	144	728
230	5	125	0	his	True	-3	21	140	140	140	140	232	232	232	232
230	5	95	0	his	True	-3	22	184	184	184	184	336	336	336	336
230	5	156	0	his	True	-3	23	176	176	176	176	340	512	512	512
230	5	107	0	his	True	-3	24	156	156	156	156	148	148	148	348
230	5	170	0	his	True	-3	25	216	216	216	216	212	212	212	212
230	5	52	0	his	True	-3	27	260	260	260	260	172	372	372	372
230	5	160	0	his	True	-3	28	328	328	328	328	232	232	232	232
230	5	17	0	his	True	-3	29	100	100	100	100	124	124	344	932
230	5	177	0	his	True	-3	30	188	188	188	188	164	280	280	280
230	5	124	0	his	True	-3	31	0	0	0	0	164	164	164	164
230	5	83	0	his	True	-3	32	132	132	132	132	228	228	228	228
230	5	181	0	his	True	-3	33	168	168	168	168	88	88	88	88
230	5	75	0	his	True	-3	34	164	164	164	164	216	216	216	216
230	5	128	0	his	True	-3	35	200	200	200	200	192	192	192	192
230	5	188	0	his	True	-3	36	0	0	0	0	180	180	180	180
230	5	77	0	his	True	-3	37	0	0	0	0	192	280	280	280
230	5	186	0	his	True	-3	38	0	0	0	0	268	268	268	268
230	5	2	0	his	True	-3	39	108	108	108	108	36	36	36	36
230	5	191	0	his	True	-3	40	0	0	0	0	0	0	0	0
230	5	112	0	his	True	-3	41	0	0	0	0	0	0	0	0
230	5	9	0	his	True	-3	42	220	220	220	220	132	132	196	348
230	5	158	0	his	True	-3	43	232	232	232	232	232	232	232	232
230	8	101	0	he	True	-2	1	0	0	0	0	276	276	276	276
230	8	102	0	he	True	-2	2	156	156	156	156	188	188	188	188
230	8	47	0	he	True	-2	3	0	0	0	0	156	320	320	320
230	8	7	0	he	True	-2	4	244	244	244	244	288	288	288	288
230	8	174	0	he	True	-2	5	364	364	672	1320	220	220	220	220
230	8	105	0	he	True	-2	6	0	0	0	0	0	0	0	0
230	8	54	0	he	True	-2	7	148	148	148	148	96	96	96	96
230	8	141	0	he	True	-2	8	0	0	0	0	196	196	196	196
230	8	118	0	he	True	-2	10	0	0	0	0	280	280	280	280
230	8	50	0	he	True	-2	11	0	0	0	0	136	136	136	136
230	8	150	0	he	True	-2	12	0	0	0	0	392	392	392	392
230	8	88	0	he	True	-2	13	0	0	0	0	116	116	116	116
230	8	200	0	he	True	-2	14	0	0	0	0	160	364	364	364
230	8	195	0	he	True	-2	15	0	0	0	0	144	144	144	144
230	8	157	0	he	True	-2	16	0	0	0	0	188	188	188	188
230	8	21	0	he	True	-2	17	168	168	168	168	176	176	176	176
230	8	24	0	he	True	-2	18	200	200	200	200	156	156	156	156
230	8	188	0	he	True	-2	19	84	84	84	84	184	184	184	184
230	8	33	0	he	True	-2	20	0	0	0	0	128	128	128	128
230	8	125	0	he	True	-2	21	0	0	0	0	300	300	300	300
230	8	95	0	he	True	-2	22	0	0	0	0	368	368	368	368
230	8	156	0	he	True	-2	23	180	180	180	180	168	440	440	440
230	8	107	0	he	True	-2	24	0	0	0	0	188	188	188	188
230	8	170	0	he	True	-2	25	140	140	140	404	164	404	404	404
230	8	52	0	he	True	-2	27	0	0	0	0	156	156	156	156
230	8	160	0	he	True	-2	28	140	140	140	432	180	180	180	180
230	8	17	0	he	True	-2	29	192	192	192	192	200	200	200	200
230	8	177	0	he	True	-2	30	248	248	248	248	120	120	120	120
230	8	124	0	he	True	-2	31	0	0	0	0	156	156	156	156
230	8	83	0	he	True	-2	32	0	0	0	0	176	444	444	444
230	8	181	0	he	True	-2	33	0	0	0	0	204	204	204	204
230	8	75	0	he	True	-2	34	0	0	0	0	132	132	132	132
230	8	128	0	he	True	-2	35	192	192	192	192	168	168	168	168
230	8	188	0	he	True	-2	36	0	0	0	0	232	232	232	232
230	8	77	0	he	True	-2	37	0	0	0	0	240	240	240	240
230	8	186	0	he	True	-2	38	176	176	176	176	252	252	252	252
230	8	2	0	he	True	-2	39	0	0	0	0	144	144	144	144
230	8	191	0	he	True	-2	40	152	152	152	152	148	148	148	368
230	8	112	0	he	True	-2	41	172	172	172	172	0	0	0	0
230	8	9	0	he	True	-2	42	220	220	220	220	164	164	164	164
230	8	158	0	he	True	-2	43	0	0	0	0	248	248	248	248
230	10	101	0	his	True	-3	1	0	0	0	0	236	336	336	336
230	10	102	0	his	True	-3	2	0	0	0	0	188	188	188	188
230	10	47	0	his	True	-3	3	0	0	0	0	208	208	208	208
230	10	7	0	his	True	-3	4	0	0	0	0	164	164	164	164
230	10	174	0	his	True	-3	5	228	228	228	228	432	432	432	432
230	10	105	0	his	True	-3	6	204	204	204	292	0	0	0	0
230	10	54	0	his	True	-3	7	0	0	0	0	108	108	108	108
230	10	141	0	his	True	-3	8	244	244	244	388	252	252	252	252
230	10	118	0	his	True	-3	10	260	260	260	260	128	128	128	128
230	10	50	0	his	True	-3	11	204	204	204	204	0	0	0	0
230	10	150	0	his	True	-3	12	0	0	0	0	220	220	220	220
230	10	88	0	his	True	-3	13	248	248	248	248	0	0	0	0
230	10	200	0	his	True	-3	14	0	0	0	0	204	204	696	2680
230	10	195	0	his	True	-3	15	0	0	0	0	0	0	0	0
230	10	157	0	his	True	-3	16	164	164	164	164	152	152	152	152
230	10	21	0	his	True	-3	17	0	0	0	0	240	240	240	240
230	10	24	0	his	True	-3	18	0	0	0	0	228	228	228	228
230	10	188	0	his	True	-3	19	0	0	0	0	132	224	224	224
230	10	33	0	his	True	-3	20	160	160	160	160	0	0	0	0
230	10	125	0	his	True	-3	21	0	0	0	0	0	0	0	0
230	10	95	0	his	True	-3	22	0	0	0	0	200	200	200	200
230	10	156	0	his	True	-3	23	0	0	0	0	184	380	380	380
230	10	107	0	his	True	-3	24	0	0	0	0	196	196	196	196
230	10	170	0	his	True	-3	25	0	0	0	0	156	156	156	156
230	10	52	0	his	True	-3	27	216	364	364	364	148	148	148	148
230	10	160	0	his	True	-3	28	156	156	156	156	192	344	344	344
230	10	17	0	his	True	-3	29	0	0	0	0	168	168	168	168
230	10	177	0	his	True	-3	30	0	0	0	0	356	356	356	356
230	10	124	0	his	True	-3	31	164	164	164	164	0	0	0	0
230	10	83	0	his	True	-3	32	0	0	0	0	232	344	344	536
230	10	181	0	his	True	-3	33	0	0	0	0	160	160	360	408
230	10	75	0	his	True	-3	34	152	152	152	152	0	0	0	0
230	10	128	0	his	True	-3	35	0	0	0	0	168	168	168	168
230	10	188	0	his	True	-3	36	0	0	0	0	0	0	0	0
230	10	77	0	his	True	-3	37	216	216	216	288	176	176	176	176
230	10	186	0	his	True	-3	38	0	0	0	0	0	0	0	0
230	10	2	0	his	True	-3	39	0	0	0	0	0	0	0	0
230	10	191	0	his	True	-3	40	0	0	0	0	0	0	0	0
230	10	112	0	his	True	-3	41	160	160	160	160	240	240	240	240
230	10	9	0	his	True	-3	42	0	0	0	0	176	176	176	176
230	10	158	0	his	True	-3	43	128	128	128	128	168	168	168	168
230	15	101	1	him.	True	-4	1	276	276	276	404	-999	-999	-999	-999
230	15	102	1	him.	True	-4	2	200	200	288	916	-999	-999	-999	-999
230	15	47	1	him.	True	-4	3	196	196	412	1316	-999	-999	-999	-999
230	15	7	1	him.	True	-4	4	72	72	72	1000	-999	-999	-999	-999
230	15	174	1	him.	True	-4	5	0	0	0	0	-999	-999	-999	-999
230	15	105	1	him.	True	-4	6	0	0	0	0	-999	-999	-999	-999
230	15	54	1	him.	True	-4	7	176	176	176	1100	-999	-999	-999	-999
230	15	141	1	him.	True	-4	8	0	0	0	0	-999	-999	-999	-999
230	15	118	1	him.	True	-4	10	232	392	660	2588	-999	-999	-999	-999
230	15	50	1	him.	True	-4	11	124	124	124	124	-999	-999	-999	-999
230	15	150	1	him.	True	-4	12	0	0	0	0	-999	-999	-999	-999
230	15	88	1	him.	True	-4	13	552	552	552	552	-999	-999	-999	-999
230	15	200	1	him.	True	-4	14	0	0	0	0	-999	-999	-999	-999
230	15	195	1	him.	True	-4	15	248	248	248	704	-999	-999	-999	-999
230	15	157	1	him.	True	-4	16	164	164	424	1148	-999	-999	-999	-999
230	15	21	1	him.	True	-4	17	148	148	148	560	-999	-999	-999	-999
230	15	24	1	him.	True	-4	18	0	0	0	0	-999	-999	-999	-999
230	15	188	1	him.	True	-4	19	0	0	0	0	-999	-999	-999	-999
230	15	33	1	him.	True	-4	20	88	88	88	88	-999	-999	-999	-999
230	15	125	1	him.	True	-4	21	256	256	256	256	-999	-999	-999	-999
230	15	95	1	him.	True	-4	22	216	396	396	2124	-999	-999	-999	-999
230	15	156	1	him.	True	-4	23	252	252	744	4996	-999	-999	-999	-999
230	15	107	1	him.	True	-4	24	168	168	420	672	-999	-999	-999	-999
230	15	170	1	him.	True	-4	25	200	200	200	592	-999	-999	-999	-999
230	15	52	1	him.	True	-4	27	228	228	228	1376	-999	-999	-999	-999
230	15	160	1	him.	True	-4	28	156	156	344	484	-999	-999	-999	-999
230	15	17	1	him.	True	-4	29	200	200	376	624	-999	-999	-999	-999
230	15	177	1	him.	True	-4	30	264	636	636	636	-999	-999	-999	-999
230	15	124	1	him.	True	-4	31	0	0	0	0	-999	-999	-999	-999
230	15	83	1	him.	True	-4	32	124	124	124	124	-999	-999	-999	-999
230	15	181	1	him.	True	-4	33	76	76	76	76	-999	-999	-999	-999
230	15	75	1	him.	True	-4	34	0	0	0	0	-999	-999	-999	-999
230	15	128	1	him.	True	-4	35	188	188	188	320	-999	-999	-999	-999
230	15	188	1	him.	True	-4	36	0	0	0	0	-999	-999	-999	-999
230	15	77	1	him.	True	-4	37	256	256	256	532	-999	-999	-999	-999
230	15	186	1	him.	True	-4	38	0	0	0	0	-999	-999	-999	-999
230	15	2	1	him.	True	-4	39	188	188	188	3480	-999	-999	-999	-999
230	15	191	1	him.	True	-4	40	0	0	0	0	-999	-999	-999	-999
230	15	112	1	him.	True	-4	41	164	164	164	1112	-999	-999	-999	-999
230	15	9	1	him.	True	-4	42	100	100	100	1244	-999	-999	-999	-999
230	15	158	1	him.	True	-4	43	180	180	180	520	-999	-999	-999	-999
